start spin
[INFO] [1773649307.139356243]: pose baselink2odom:
x: 0.000000, y: 0.000000, z: 0.000000, qx: 0.000000,                             qy: 0.000000, qz: 0.000000, qw: 1.000000
0 0 0 0 0 0 
Multi thread started 
p_pre->lidar_type 1
~~~~/root/ws_nav/src/go2_real/navigation_3d/fast_lio_nav/FAST_LIO_NAV/ file opened
[WARN] [1773649307.881112159]: No point, skip this scan!

Authorization required, but no authorization protocol specified
qt.qpa.xcb: could not connect to display :0
qt.qpa.plugin: Could not load the Qt platform plugin "xcb" in "" even though it was found.
This application failed to start because no Qt platform plugin could be initialized. Reinstalling the application may fix this problem.

Available platform plugins are: eglfs, linuxfb, minimal, minimalegl, offscreen, vnc, xcb.

[ERROR] [1773649308.541506781]: Client [/costmap_2d_node_my] wants topic /scan to have datatype/md5sum [sensor_msgs/LaserScan/90c7ef2dc6895d81024acba2ac42f369], but our version has [sensor_msgs/PointCloud2/1158d486dd51d683ce2f1be655c3c181]. Dropping connection.
mat_odom2map_
1 0 0 0
0 1 0 0
0 0 1 0
0 0 0 1
confidence_loc_th_: 0.7 current confidence: 0
initpose:x y z, x y z w
8.89196 0.36481 2.63692 -0.000130195 0.0066333 -0.675802 0.737053


*** update mat_odom2map_
mat_odom2map_
  0.0864952    0.996202  0.00995416     8.89196
  -0.996206   0.0865831 -0.00877367     0.36481
-0.00960222 -0.00915751    0.999912     2.63692
          0           0           0           1
mat_imulink2baselink_:
    1     0     0 0.119
    0     1     0     0
    0     0     1     0
    0     0     0     1
[WARN] [1773649349.804493192]: initialize finished
[INFO] [1773649349.804863742]: wait for Odometry_loc
[INFO] [1773649349.810896454]: wait for cloud_registered_1
[Open3D INFO] before sample, target size: 922503, has normal: true
[Open3D INFO] after sample, target size: 400000, has normal: true
[Open3D INFO] source size: 25620, has normal: false
[Open3D INFO] source size: 25620, has normal: false
scale i: 0 voxel_size: 0.1
scale i: 2 voxel_size: 0.6
scale i: 1 voxel_size: 0.4
[Open3D INFO] eva fitness: 0.978845
[INFO] [1773649355.216186767]: localization cost: 5292.689000 ms
[Open3D INFO] before sample, target size: 926499, has normal: true
[Open3D INFO] after sample, target size: 400000, has normal: true
[Open3D INFO] source size: 25054, has normal: false
[Open3D INFO] source size: 25054, has normal: false
scale i: 0 voxel_size: scale i: 1 voxel_size: 0.10.4

scale i: 2 voxel_size: 0.6
[Open3D INFO] eva fitness: 0.977369
[INFO] [1773649360.029586347]: localization cost: 4813.299000 ms
[Open3D INFO] 


localization initialize success!!!!



[INFO] [1773649360.031454351]: time_last: 1773649356.970654
[INFO] [1773649360.031491422]: time_current: 1773649359.970654
[Open3D INFO] 

time_diff:1.77365e+09 s, localization right now
[Open3D INFO] 
***
****
***


last map update loc: x: 0.0, y: 0.0, z-5000.0,
                now loc: x: 8.7746, y: 0.498727, z2.02009, 3d distance: 5002.03, now needpdate submap
[INFO] [1773649360.101102781]: submap_cost: 69.324000 ms
[Open3D INFO] before sample, target size: 906191, has normal: true
[Open3D INFO] after sample, target size: 400000, has normal: true
[Open3D INFO] source size: 25967, maxpoints_source_: 80000
[Open3D INFO] source size after voxel downsample: 19276
[Open3D INFO] after prerpocess: 19276
[Open3D INFO] reg_result.fitness: 0.983866, eva fitness: 0.99144
[INFO] [1773649362.638453025]: localization cost: 2606.872000 ms
[Open3D INFO] 

time_diff:2.60699 s, localization right now
[Open3D INFO] before sample, target size: 906191, has normal: true
[Open3D INFO] after sample, target size: 400000, has normal: true
[Open3D INFO] source size: 25280, maxpoints_source_: 80000
[Open3D INFO] source size after voxel downsample: 18971
[Open3D INFO] after prerpocess: 18971
[Open3D INFO] reg_result.fitness: 0.985715, eva fitness: 0.992884
[INFO] [1773649363.912522737]: localization cost: 1273.954000 ms
[Open3D INFO] 

time_diff:1.27405 s, localization right now
[Open3D INFO] before sample, target size: 906191, has normal: true
[Open3D INFO] after sample, target size: 400000, has normal: true
[Open3D INFO] source size: 25259, maxpoints_source_: 80000
[Open3D INFO] source size after voxel downsample: 18935
[Open3D INFO] after prerpocess: 18935
[Open3D INFO] reg_result.fitness: 0.984737, eva fitness: 0.993504
[INFO] [1773649365.029979077]: localization cost: 1117.348000 ms
[Open3D INFO] 

time_diff:1.11745 s, localization right now
[Open3D INFO] before sample, target size: 906191, has normal: true
[Open3D INFO] after sample, target size: 400000, has normal: true
[Open3D INFO] source size: 25208, maxpoints_source_: 80000
[Open3D INFO] source size after voxel downsample: 18760
[Open3D INFO] after prerpocess: 18760
[Open3D INFO] reg_result.fitness: 0.984062, eva fitness: 0.99323
[INFO] [1773649366.175157989]: localization cost: 1145.047000 ms
[Open3D INFO] 

time_diff:1.14518 s, localization right now
[Open3D INFO] before sample, target size: 906191, has normal: true
[Open3D INFO] after sample, target size: 400000, has normal: true
[Open3D INFO] source size: 25398, maxpoints_source_: 80000
[Open3D INFO] source size after voxel downsample: 18971
[Open3D INFO] after prerpocess: 18971
[Open3D INFO] reg_result.fitness: 0.983765, eva fitness: 0.992515
[INFO] [1773649367.649628122]: localization cost: 1474.328000 ms
[Open3D INFO] 

time_diff:1.47447 s, localization right now
[Open3D INFO] before sample, target size: 906191, has normal: true
[Open3D INFO] after sample, target size: 400000, has normal: true
[Open3D INFO] source size: 25753, maxpoints_source_: 80000
[Open3D INFO] source size after voxel downsample: 19139
[Open3D INFO] after prerpocess: 19139
[Open3D INFO] reg_result.fitness: 0.98793, eva fitness: 0.993678
[INFO] [1773649368.919407392]: localization cost: 1269.476000 ms
[Open3D INFO] 

time_diff:1.26956 s, localization right now
[Open3D INFO] before sample, target size: 906191, has normal: true
[Open3D INFO] after sample, target size: 400000, has normal: true
[Open3D INFO] source size: 25833, maxpoints_source_: 80000
[Open3D INFO] source size after voxel downsample: 19259
[Open3D INFO] after prerpocess: 19259
[Open3D INFO] reg_result.fitness: 0.986759, eva fitness: 0.993665
[INFO] [1773649370.125930587]: localization cost: 1206.397000 ms
[Open3D INFO] 

time_diff:1.20655 s, localization right now
[Open3D INFO] before sample, target size: 906191, has normal: true
[Open3D INFO] after sample, target size: 400000, has normal: true
[Open3D INFO] source size: 25218, maxpoints_source_: 80000
[Open3D INFO] source size after voxel downsample: 20168
[Open3D INFO] after prerpocess: 20168
[Open3D INFO] reg_result.fitness: 0.98458, eva fitness: 0.993505
[INFO] [1773649371.288234930]: localization cost: 1162.161000 ms
[Open3D INFO] 

time_diff:1.16227 s, localization right now
[Open3D INFO] before sample, target size: 906191, has normal: true
[Open3D INFO] after sample, target size: 400000, has normal: true
[Open3D INFO] source size: 24508, maxpoints_source_: 80000
[Open3D INFO] source size after voxel downsample: 19705
[Open3D INFO] after prerpocess: 19705
[Open3D INFO] reg_result.fitness: 0.984978, eva fitness: 0.995534
[INFO] [1773649372.256512622]: localization cost: 968.170000 ms
[Open3D INFO] 

time_diff:0.96827 s, localization right now
[Open3D INFO] before sample, target size: 906191, has normal: true
[Open3D INFO] after sample, target size: 400000, has normal: true
[Open3D INFO] source size: 23985, maxpoints_source_: 80000
[Open3D INFO] source size after voxel downsample: 19565
[Open3D INFO] after prerpocess: 19565
[Open3D INFO] reg_result.fitness: 0.988704, eva fitness: 0.996013
[INFO] [1773649373.239524014]: localization cost: 982.897000 ms
[Open3D INFO] 

time_diff:0.983003 s, localization right now
[Open3D INFO] before sample, target size: 906191, has normal: true
[Open3D INFO] after sample, target size: 400000, has normal: true
[Open3D INFO] source size: 23547, maxpoints_source_: 80000
[Open3D INFO] source size after voxel downsample: 19424
[Open3D INFO] after prerpocess: 19424
[Open3D INFO] reg_result.fitness: 0.985791, eva fitness: 0.997889
[INFO] [1773649374.141904510]: localization cost: 902.276000 ms
[Open3D INFO] 

time_diff:0.902362 s, localization right now
[Open3D INFO] before sample, target size: 906191, has normal: true
[Open3D INFO] after sample, target size: 400000, has normal: true
[Open3D INFO] source size: 23169, maxpoints_source_: 80000
[Open3D INFO] source size after voxel downsample: 19315
[Open3D INFO] after prerpocess: 19315
[Open3D INFO] reg_result.fitness: 0.988299, eva fitness: 0.996376
[INFO] [1773649375.167312264]: localization cost: 1025.305000 ms
[Open3D INFO] 

time_diff:1.02541 s, localization right now
[Open3D INFO] before sample, target size: 906191, has normal: true
[Open3D INFO] after sample, target size: 400000, has normal: true
[Open3D INFO] source size: 23312, maxpoints_source_: 80000
[Open3D INFO] source size after voxel downsample: 19159
[Open3D INFO] after prerpocess: 19159
[Open3D INFO] reg_result.fitness: 0.986899, eva fitness: 0.995616
[INFO] [1773649376.355444434]: localization cost: 1187.998000 ms
[Open3D INFO] 

time_diff:1.18816 s, localization right now
[Open3D INFO] 
***
****
***


last map update loc: x: 8.7746, y: 0.498727, z2.02009,
                now loc: x: 9.06365, y: -3.35341, z2.05953, 3d distance: 3.86316, now needpdate submap
[INFO] [1773649376.461931751]: submap_cost: 106.022000 ms
[Open3D INFO] before sample, target size: 922270, has normal: true
[Open3D INFO] after sample, target size: 400000, has normal: true
[Open3D INFO] source size: 22711, maxpoints_source_: 80000
[Open3D INFO] source size after voxel downsample: 18965
[Open3D INFO] after prerpocess: 18965
[Open3D INFO] reg_result.fitness: 0.986818, eva fitness: 0.995834
[INFO] [1773649377.914830435]: localization cost: 1559.239000 ms
[Open3D INFO] 

time_diff:1.55935 s, localization right now
[Open3D INFO] before sample, target size: 922270, has normal: true
[Open3D INFO] after sample, target size: 400000, has normal: true
[Open3D INFO] source size: 22378, maxpoints_source_: 80000
[Open3D INFO] source size after voxel downsample: 18790
[Open3D INFO] after prerpocess: 18790
[Open3D INFO] reg_result.fitness: 0.981746, eva fitness: 0.993294
[INFO] [1773649379.191735067]: localization cost: 1276.777000 ms
[Open3D INFO] 

time_diff:1.27688 s, localization right now
[Open3D INFO] before sample, target size: 922270, has normal: true
[Open3D INFO] after sample, target size: 400000, has normal: true
[Open3D INFO] source size: 21996, maxpoints_source_: 80000
[Open3D INFO] source size after voxel downsample: 18244
[Open3D INFO] after prerpocess: 18244
[Open3D INFO] reg_result.fitness: 0.982021, eva fitness: 0.994299
[INFO] [1773649380.126235534]: localization cost: 934.401000 ms
[Open3D INFO] 

time_diff:0.934483 s, localization right now
[Open3D INFO] before sample, target size: 922270, has normal: true
[Open3D INFO] after sample, target size: 400000, has normal: true
[Open3D INFO] source size: 21857, maxpoints_source_: 80000
[Open3D INFO] source size after voxel downsample: 17730
[Open3D INFO] after prerpocess: 17730
[Open3D INFO] reg_result.fitness: 0.982346, eva fitness: 0.994698
[INFO] [1773649381.052280916]: localization cost: 925.945000 ms
[Open3D INFO] 

time_diff:0.926047 s, localization right now
[Open3D INFO] before sample, target size: 922270, has normal: true
[Open3D INFO] after sample, target size: 400000, has normal: true
[Open3D INFO] source size: 22001, maxpoints_source_: 80000
[Open3D INFO] source size after voxel downsample: 17689
[Open3D INFO] after prerpocess: 17689
[Open3D INFO] reg_result.fitness: 0.984793, eva fitness: 0.995082
[INFO] [1773649382.017293742]: localization cost: 964.782000 ms
[Open3D INFO] 

time_diff:0.964878 s, localization right now
[Open3D INFO] before sample, target size: 922270, has normal: true
[Open3D INFO] after sample, target size: 400000, has normal: true
[Open3D INFO] source size: 23223, maxpoints_source_: 80000
[Open3D INFO] source size after voxel downsample: 18703
[Open3D INFO] after prerpocess: 18703
[Open3D INFO] reg_result.fitness: 0.977009, eva fitness: 0.988184
[INFO] [1773649382.928129291]: localization cost: 910.729000 ms
[Open3D INFO] 

time_diff:0.910827 s, localization right now
[Open3D INFO] before sample, target size: 922270, has normal: true
[Open3D INFO] after sample, target size: 400000, has normal: true
[Open3D INFO] source size: 23885, maxpoints_source_: 80000
[Open3D INFO] source size after voxel downsample: 18545
[Open3D INFO] after prerpocess: 18545
[Open3D INFO] reg_result.fitness: 0.9787, eva fitness: 0.988568
[INFO] [1773649383.904041486]: localization cost: 975.798000 ms
[Open3D INFO] 

time_diff:0.975954 s, localization right now
[Open3D INFO] before sample, target size: 922270, has normal: true
[Open3D INFO] after sample, target size: 400000, has normal: true
[Open3D INFO] source size: 23355, maxpoints_source_: 80000
[Open3D INFO] source size after voxel downsample: 18320
[Open3D INFO] after prerpocess: 18320
[Open3D INFO] reg_result.fitness: 0.986517, eva fitness: 0.995742
[INFO] [1773649385.093607524]: localization cost: 1189.249000 ms
[Open3D INFO] 

time_diff:1.18941 s, localization right now
[Open3D INFO] before sample, target size: 922270, has normal: true
[Open3D INFO] after sample, target size: 400000, has normal: true
[Open3D INFO] source size: 23201, maxpoints_source_: 80000
[Open3D INFO] source size after voxel downsample: 18545
[Open3D INFO] after prerpocess: 18545
[Open3D INFO] reg_result.fitness: 0.986951, eva fitness: 0.995093
[INFO] [1773649386.669488508]: localization cost: 1575.713000 ms
[Open3D INFO] 

time_diff:1.57587 s, localization right now
[Open3D INFO] before sample, target size: 922270, has normal: true
[Open3D INFO] after sample, target size: 400000, has normal: true
[Open3D INFO] source size: 23958, maxpoints_source_: 80000
[Open3D INFO] source size after voxel downsample: 18704
[Open3D INFO] after prerpocess: 18704
[Open3D INFO] reg_result.fitness: 0.978454, eva fitness: 0.988826
[INFO] [1773649388.115533865]: localization cost: 1445.717000 ms
[Open3D INFO] 

time_diff:1.44584 s, localization right now
[Open3D INFO] 
***
****
***


last map update loc: x: 9.06365, y: -3.35341, z2.05953,
                now loc: x: 11.5079, y: -6.17601, z2.10947, 3d distance: 3.73413, now needpdate submap
[INFO] [1773649388.187443171]: submap_cost: 71.627000 ms
[Open3D INFO] before sample, target size: 954048, has normal: true
[Open3D INFO] after sample, target size: 400000, has normal: true
[Open3D INFO] source size: 23480, maxpoints_source_: 80000
[Open3D INFO] source size after voxel downsample: 19482
[Open3D INFO] after prerpocess: 19482
[Open3D INFO] reg_result.fitness: 0.976234, eva fitness: 0.993225
[INFO] [1773649389.477360758]: localization cost: 1361.703000 ms
[Open3D INFO] 

time_diff:1.36182 s, localization right now
[Open3D INFO] before sample, target size: 954048, has normal: true
[Open3D INFO] after sample, target size: 400000, has normal: true
[Open3D INFO] source size: 24266, maxpoints_source_: 80000
[Open3D INFO] source size after voxel downsample: 20042
[Open3D INFO] after prerpocess: 20042
[Open3D INFO] reg_result.fitness: 0.975951, eva fitness: 0.994561
[INFO] [1773649390.538628471]: localization cost: 1061.148000 ms
[Open3D INFO] 

time_diff:1.06127 s, localization right now
[Open3D INFO] before sample, target size: 954048, has normal: true
[Open3D INFO] after sample, target size: 400000, has normal: true
[Open3D INFO] source size: 24976, maxpoints_source_: 80000
[Open3D INFO] source size after voxel downsample: 19975
[Open3D INFO] after prerpocess: 19975
[Open3D INFO] reg_result.fitness: 0.97567, eva fitness: 0.996045
[INFO] [1773649391.537018709]: localization cost: 998.278000 ms
[Open3D INFO] 

time_diff:0.998367 s, localization right now
[Open3D INFO] before sample, target size: 954048, has normal: true
[Open3D INFO] after sample, target size: 400000, has normal: true
[Open3D INFO] source size: 26001, maxpoints_source_: 80000
[Open3D INFO] source size after voxel downsample: 21007
[Open3D INFO] after prerpocess: 21007
[Open3D INFO] reg_result.fitness: 0.979293, eva fitness: 0.994621
[INFO] [1773649392.516572118]: localization cost: 979.450000 ms
[Open3D INFO] 

time_diff:0.979548 s, localization right now
[Open3D INFO] before sample, target size: 954048, has normal: true
[Open3D INFO] after sample, target size: 400000, has normal: true
[Open3D INFO] source size: 25898, maxpoints_source_: 80000
[Open3D INFO] source size after voxel downsample: 20221
[Open3D INFO] after prerpocess: 20221
[Open3D INFO] reg_result.fitness: 0.984472, eva fitness: 0.993967
[INFO] [1773649393.775907871]: localization cost: 1259.221000 ms
[Open3D INFO] 

time_diff:1.25939 s, localization right now
[Open3D INFO] 
***
****
***


last map update loc: x: 11.5079, y: -6.17601, z2.10947,
                now loc: x: 15.7102, y: -5.16749, z2.09418, 3d distance: 4.32164, now needpdate submap
[INFO] [1773649393.925846947]: submap_cost: 149.383000 ms
[Open3D INFO] before sample, target size: 1072993, has normal: true
[Open3D INFO] after sample, target size: 400000, has normal: true
[Open3D INFO] source size: 26514, maxpoints_source_: 80000
[Open3D INFO] source size after voxel downsample: 21023
[Open3D INFO] after prerpocess: 21023
[Open3D INFO] reg_result.fitness: 0.984208, eva fitness: 0.997384
[INFO] [1773649395.102674843]: localization cost: 1326.573000 ms
[Open3D INFO] 

time_diff:1.3267 s, localization right now
[Open3D INFO] before sample, target size: 1072993, has normal: true
[Open3D INFO] after sample, target size: 400000, has normal: true
[Open3D INFO] source size: 27137, maxpoints_source_: 80000
[Open3D INFO] source size after voxel downsample: 21390
[Open3D INFO] after prerpocess: 21390
[Open3D INFO] reg_result.fitness: 0.986442, eva fitness: 0.997055
[INFO] [1773649396.532614752]: localization cost: 1429.639000 ms
[Open3D INFO] 

time_diff:1.42974 s, localization right now
[Open3D INFO] before sample, target size: 1072993, has normal: true
[Open3D INFO] after sample, target size: 400000, has normal: true
[Open3D INFO] source size: 27321, maxpoints_source_: 80000
[Open3D INFO] source size after voxel downsample: 21891
[Open3D INFO] after prerpocess: 21891
[Open3D INFO] reg_result.fitness: 0.981317, eva fitness: 0.993696
[INFO] [1773649397.522273061]: localization cost: 989.553000 ms
[Open3D INFO] 

time_diff:0.989647 s, localization right now
[Open3D INFO] before sample, target size: 1072993, has normal: true
[Open3D INFO] after sample, target size: 400000, has normal: true
[Open3D INFO] source size: 27956, maxpoints_source_: 80000
[Open3D INFO] source size after voxel downsample: 22370
[Open3D INFO] after prerpocess: 22370
[Open3D INFO] reg_result.fitness: 0.979347, eva fitness: 0.990165
[INFO] [1773649398.632965006]: localization cost: 1110.569000 ms
[Open3D INFO] 

time_diff:1.11069 s, localization right now
[Open3D INFO] before sample, target size: 1072993, has normal: true
[Open3D INFO] after sample, target size: 400000, has normal: true
[Open3D INFO] source size: 27866, maxpoints_source_: 80000
[Open3D INFO] source size after voxel downsample: 22271
[Open3D INFO] after prerpocess: 22271
[Open3D INFO] reg_result.fitness: 0.981635, eva fitness: 0.994791
[INFO] [1773649399.975996162]: localization cost: 1342.907000 ms
[Open3D INFO] 

time_diff:1.34302 s, localization right now
[Open3D INFO] before sample, target size: 1072993, has normal: true
[Open3D INFO] after sample, target size: 400000, has normal: true
[Open3D INFO] source size: 27672, maxpoints_source_: 80000
[Open3D INFO] source size after voxel downsample: 21248
[Open3D INFO] after prerpocess: 21248
[Open3D INFO] reg_result.fitness: 0.97741, eva fitness: 0.996564
[INFO] [1773649401.334050608]: localization cost: 1357.933000 ms
[Open3D INFO] 

time_diff:1.35803 s, localization right now
[Open3D INFO] 
***
****
***


last map update loc: x: 15.7102, y: -5.16749, z2.09418,
                now loc: x: 17.9603, y: -1.32927, z2.02993, 3d distance: 4.44963, now needpdate submap
[INFO] [1773649401.407887758]: submap_cost: 73.523000 ms
[Open3D INFO] before sample, target size: 1033140, has normal: true
[Open3D INFO] after sample, target size: 400000, has normal: true
[Open3D INFO] source size: 27802, maxpoints_source_: 80000
[Open3D INFO] source size after voxel downsample: 20107
[Open3D INFO] after prerpocess: 20107
[Open3D INFO] reg_result.fitness: 0.973094, eva fitness: 0.981549
[INFO] [1773649402.476532798]: localization cost: 1142.374000 ms
[Open3D INFO] 

time_diff:1.14247 s, localization right now
[Open3D INFO] before sample, target size: 1033140, has normal: true
[Open3D INFO] after sample, target size: 400000, has normal: true
[Open3D INFO] source size: 27808, maxpoints_source_: 80000
[Open3D INFO] source size after voxel downsample: 18930
[Open3D INFO] after prerpocess: 18930
[Open3D INFO] reg_result.fitness: 0.967248, eva fitness: 0.974802
[INFO] [1773649403.627883252]: localization cost: 1151.240000 ms
[Open3D INFO] 

time_diff:1.15135 s, localization right now
[Open3D INFO] before sample, target size: 1033140, has normal: true
[Open3D INFO] after sample, target size: 400000, has normal: true
[Open3D INFO] source size: 27807, maxpoints_source_: 80000
[Open3D INFO] source size after voxel downsample: 18929
[Open3D INFO] after prerpocess: 18929
[Open3D INFO] reg_result.fitness: 0.967986, eva fitness: 0.98394
[INFO] [1773649404.916489474]: localization cost: 1288.497000 ms
[Open3D INFO] 

time_diff:1.28859 s, localization right now
[Open3D INFO] before sample, target size: 1033140, has normal: true
[Open3D INFO] after sample, target size: 400000, has normal: true
[Open3D INFO] source size: 28652, maxpoints_source_: 80000
[Open3D INFO] source size after voxel downsample: 18927
[Open3D INFO] after prerpocess: 18927
[Open3D INFO] reg_result.fitness: 0.981244, eva fitness: 0.991494
[INFO] [1773649406.303539800]: localization cost: 1386.946000 ms
[Open3D INFO] 

time_diff:1.38705 s, localization right now
[Open3D INFO] before sample, target size: 1033140, has normal: true
[Open3D INFO] after sample, target size: 400000, has normal: true
[Open3D INFO] source size: 27994, maxpoints_source_: 80000
[Open3D INFO] source size after voxel downsample: 17727
[Open3D INFO] after prerpocess: 17727
[Open3D INFO] reg_result.fitness: 0.977097, eva fitness: 0.990354
[INFO] [1773649407.561697289]: localization cost: 1258.037000 ms
[Open3D INFO] 

time_diff:1.25816 s, localization right now
[Open3D INFO] before sample, target size: 1033140, has normal: true
[Open3D INFO] after sample, target size: 400000, has normal: true
[Open3D INFO] source size: 29990, maxpoints_source_: 80000
[Open3D INFO] source size after voxel downsample: 18743
[Open3D INFO] after prerpocess: 18743
[Open3D INFO] reg_result.fitness: 0.98218, eva fitness: 0.990556
[INFO] [1773649408.757075618]: localization cost: 1195.234000 ms
[Open3D INFO] 

time_diff:1.19534 s, localization right now
[Open3D INFO] 
***
****
***


last map update loc: x: 17.9603, y: -1.32927, z2.02993,
                now loc: x: 18.8017, y: 2.45153, z1.97097, 3d distance: 3.87375, now needpdate submap
[INFO] [1773649408.841618050]: submap_cost: 84.159000 ms
[Open3D INFO] before sample, target size: 992155, has normal: true
[Open3D INFO] after sample, target size: 400000, has normal: true
[Open3D INFO] source size: 31141, maxpoints_source_: 80000
[Open3D INFO] source size after voxel downsample: 18433
[Open3D INFO] after prerpocess: 18433
[Open3D INFO] reg_result.fitness: 0.971627, eva fitness: 0.980687
[INFO] [1773649409.948997819]: localization cost: 1191.799000 ms
[Open3D INFO] 

time_diff:1.19191 s, localization right now
[Open3D INFO] before sample, target size: 992155, has normal: true
[Open3D INFO] after sample, target size: 400000, has normal: true
[Open3D INFO] source size: 31523, maxpoints_source_: 80000
[Open3D INFO] source size after voxel downsample: 18673
[Open3D INFO] after prerpocess: 18673
[Open3D INFO] reg_result.fitness: 0.969635, eva fitness: 0.976437
[INFO] [1773649411.115608770]: localization cost: 1166.501000 ms
[Open3D INFO] 

time_diff:1.16659 s, localization right now
[Open3D INFO] before sample, target size: 992155, has normal: true
[Open3D INFO] after sample, target size: 400000, has normal: true
[Open3D INFO] source size: 33201, maxpoints_source_: 80000
[Open3D INFO] source size after voxel downsample: 19098
[Open3D INFO] after prerpocess: 19098
[Open3D INFO] reg_result.fitness: 0.978322, eva fitness: 0.986229
[INFO] [1773649412.389720556]: localization cost: 1273.989000 ms
[Open3D INFO] 

time_diff:1.27413 s, localization right now
[Open3D INFO] before sample, target size: 992155, has normal: true
[Open3D INFO] after sample, target size: 400000, has normal: true
[Open3D INFO] source size: 34855, maxpoints_source_: 80000
[Open3D INFO] source size after voxel downsample: 19039
[Open3D INFO] after prerpocess: 19039
[Open3D INFO] reg_result.fitness: 0.979883, eva fitness: 0.993697
[INFO] [1773649413.966037066]: localization cost: 1576.194000 ms
[Open3D INFO] 

time_diff:1.57628 s, localization right now
[Open3D INFO] 
***
****
***


last map update loc: x: 18.8017, y: 2.45153, z1.97097,
                now loc: x: 19.8741, y: 6.11878, z1.90521, 3d distance: 3.8214, now needpdate submap
[INFO] [1773649414.036970305]: submap_cost: 70.569000 ms
[Open3D INFO] before sample, target size: 930060, has normal: true
[Open3D INFO] after sample, target size: 400000, has normal: true
[Open3D INFO] source size: 36029, maxpoints_source_: 80000
[Open3D INFO] source size after voxel downsample: 18785
[Open3D INFO] after prerpocess: 18785
[Open3D INFO] reg_result.fitness: 0.975566, eva fitness: 0.995635
[INFO] [1773649415.016328173]: localization cost: 1050.191000 ms
[Open3D INFO] 

time_diff:1.05029 s, localization right now
[Open3D INFO] before sample, target size: 930060, has normal: true
[Open3D INFO] after sample, target size: 400000, has normal: true
[Open3D INFO] source size: 36213, maxpoints_source_: 80000
[Open3D INFO] source size after voxel downsample: 18708
[Open3D INFO] after prerpocess: 18708
[Open3D INFO] reg_result.fitness: 0.984926, eva fitness: 0.994922
[INFO] [1773649416.287181804]: localization cost: 1270.644000 ms
[Open3D INFO] 

time_diff:1.27089 s, localization right now
[Open3D INFO] before sample, target size: 930060, has normal: true
[Open3D INFO] after sample, target size: 400000, has normal: true
[Open3D INFO] source size: 36707, maxpoints_source_: 80000
[Open3D INFO] source size after voxel downsample: 19063
[Open3D INFO] after prerpocess: 19063
[Open3D INFO] reg_result.fitness: 0.978492, eva fitness: 0.98762
[INFO] [1773649417.657637608]: localization cost: 1370.128000 ms
[Open3D INFO] 

time_diff:1.37023 s, localization right now
[Open3D INFO] before sample, target size: 930060, has normal: true
[Open3D INFO] after sample, target size: 400000, has normal: true
[Open3D INFO] source size: 37571, maxpoints_source_: 80000
[Open3D INFO] source size after voxel downsample: 19196
[Open3D INFO] after prerpocess: 19196
[Open3D INFO] reg_result.fitness: 0.947437, eva fitness: 0.972234
[INFO] [1773649418.654739139]: localization cost: 996.991000 ms
[Open3D INFO] 

time_diff:0.997090 s, localization right now
[Open3D INFO] 
***
****
***


last map update loc: x: 19.8741, y: 6.11878, z1.90521,
                now loc: x: 20.3899, y: 9.7656, z1.86989, 3d distance: 3.68328, now needpdate submap
[INFO] [1773649418.724738267]: submap_cost: 69.619000 ms
[Open3D INFO] before sample, target size: 884510, has normal: true
[Open3D INFO] after sample, target size: 400000, has normal: true
[Open3D INFO] source size: 37456, maxpoints_source_: 80000
[Open3D INFO] source size after voxel downsample: 19924
[Open3D INFO] after prerpocess: 19924
[Open3D INFO] reg_result.fitness: 0.943686, eva fitness: 0.960098
[INFO] [1773649419.657103702]: localization cost: 1002.252000 ms
[Open3D INFO] 

time_diff:1.00236 s, localization right now
[Open3D INFO] before sample, target size: 884510, has normal: true
[Open3D INFO] after sample, target size: 400000, has normal: true
[Open3D INFO] source size: 37670, maxpoints_source_: 80000
[Open3D INFO] source size after voxel downsample: 20769
[Open3D INFO] after prerpocess: 20769
[Open3D INFO] reg_result.fitness: 0.945929, eva fitness: 0.962877
[INFO] [1773649420.671155471]: localization cost: 1013.947000 ms
[Open3D INFO] 

time_diff:1.01404 s, localization right now
[Open3D INFO] before sample, target size: 884510, has normal: true
[Open3D INFO] after sample, target size: 400000, has normal: true
[Open3D INFO] source size: 37232, maxpoints_source_: 80000
[Open3D INFO] source size after voxel downsample: 20870
[Open3D INFO] after prerpocess: 20870
[Open3D INFO] reg_result.fitness: 0.953378, eva fitness: 0.977815
[INFO] [1773649421.734983380]: localization cost: 1063.720000 ms
[Open3D INFO] 

time_diff:1.06382 s, localization right now
[Open3D INFO] before sample, target size: 884510, has normal: true
[Open3D INFO] after sample, target size: 400000, has normal: true
[Open3D INFO] source size: 37098, maxpoints_source_: 80000
[Open3D INFO] source size after voxel downsample: 21031
[Open3D INFO] after prerpocess: 21031
[Open3D INFO] reg_result.fitness: 0.952974, eva fitness: 0.969474
[INFO] [1773649422.711693587]: localization cost: 976.601000 ms
[Open3D INFO] 

time_diff:0.976695 s, localization right now
[Open3D INFO] before sample, target size: 884510, has normal: true
[Open3D INFO] after sample, target size: 400000, has normal: true
[Open3D INFO] source size: 36410, maxpoints_source_: 80000
[Open3D INFO] source size after voxel downsample: 21173
[Open3D INFO] after prerpocess: 21173
[Open3D INFO] reg_result.fitness: 0.960705, eva fitness: 0.982336
[INFO] [1773649423.867378274]: localization cost: 1155.580000 ms
[Open3D INFO] 

time_diff:1.15568 s, localization right now
[Open3D INFO] before sample, target size: 884510, has normal: true
[Open3D INFO] after sample, target size: 400000, has normal: true
[Open3D INFO] source size: 34839, maxpoints_source_: 80000
[Open3D INFO] source size after voxel downsample: 21984
[Open3D INFO] after prerpocess: 21984
[Open3D INFO] reg_result.fitness: 0.957469, eva fitness: 0.978393
[INFO] [1773649425.194362356]: localization cost: 1326.872000 ms
[Open3D INFO] 

time_diff:1.32697 s, localization right now
[Open3D INFO] 
***
****
***


last map update loc: x: 20.3899, y: 9.7656, z1.86989,
                now loc: x: 19.2376, y: 13.3756, z1.81381, 3d distance: 3.78992, now needpdate submap
[INFO] [1773649425.262056705]: submap_cost: 67.330000 ms
[Open3D INFO] before sample, target size: 805340, has normal: true
[Open3D INFO] after sample, target size: 400000, has normal: true
[Open3D INFO] source size: 33319, maxpoints_source_: 80000
[Open3D INFO] source size after voxel downsample: 21637
[Open3D INFO] after prerpocess: 21637
[Open3D INFO] reg_result.fitness: 0.954337, eva fitness: 0.97398
[INFO] [1773649426.431877327]: localization cost: 1237.405000 ms
[Open3D INFO] 

time_diff:1.23751 s, localization right now
[Open3D INFO] before sample, target size: 805340, has normal: true
[Open3D INFO] after sample, target size: 400000, has normal: true
[Open3D INFO] source size: 32747, maxpoints_source_: 80000
[Open3D INFO] source size after voxel downsample: 21936
[Open3D INFO] after prerpocess: 21936
[Open3D INFO] reg_result.fitness: 0.949216, eva fitness: 0.971235
[INFO] [1773649427.897420542]: localization cost: 1465.372000 ms
[Open3D INFO] 

time_diff:1.46557 s, localization right now
[Open3D INFO] before sample, target size: 805340, has normal: true
[Open3D INFO] after sample, target size: 400000, has normal: true
[Open3D INFO] source size: 31295, maxpoints_source_: 80000
[Open3D INFO] source size after voxel downsample: 20806
[Open3D INFO] after prerpocess: 20806
[Open3D INFO] reg_result.fitness: 0.958522, eva fitness: 0.988032
[INFO] [1773649429.297287501]: localization cost: 1399.712000 ms
[Open3D INFO] 

time_diff:1.39982 s, localization right now
[Open3D INFO] before sample, target size: 805340, has normal: true
[Open3D INFO] after sample, target size: 400000, has normal: true
[Open3D INFO] source size: 31789, maxpoints_source_: 80000
[Open3D INFO] source size after voxel downsample: 21962
[Open3D INFO] after prerpocess: 21962
[Open3D INFO] reg_result.fitness: 0.956379, eva fitness: 0.988252
[INFO] [1773649430.552888538]: localization cost: 1255.487000 ms
[Open3D INFO] 

time_diff:1.25558 s, localization right now
[Open3D INFO] before sample, target size: 805340, has normal: true
[Open3D INFO] after sample, target size: 400000, has normal: true
[Open3D INFO] source size: 31060, maxpoints_source_: 80000
[Open3D INFO] source size after voxel downsample: 20649
[Open3D INFO] after prerpocess: 20649
[Open3D INFO] reg_result.fitness: 0.949344, eva fitness: 0.986149
[INFO] [1773649431.522671895]: localization cost: 969.673000 ms
[Open3D INFO] 

time_diff:0.969783 s, localization right now
[Open3D INFO] 
***
****
***


last map update loc: x: 19.2376, y: 13.3756, z1.81381,
                now loc: x: 15.6733, y: 14.8477, z1.80519, 3d distance: 3.85627, now needpdate submap
[INFO] [1773649431.592032270]: submap_cost: 69.012000 ms
[Open3D INFO] before sample, target size: 800100, has normal: true
[Open3D INFO] after sample, target size: 400000, has normal: true
[Open3D INFO] source size: 30424, maxpoints_source_: 80000
[Open3D INFO] source size after voxel downsample: 20461
[Open3D INFO] after prerpocess: 20461
[Open3D INFO] reg_result.fitness: 0.958506, eva fitness: 0.992718
[INFO] [1773649432.638151656]: localization cost: 1115.379000 ms
[Open3D INFO] 

time_diff:1.11546 s, localization right now
[Open3D INFO] before sample, target size: 800100, has normal: true
[Open3D INFO] after sample, target size: 400000, has normal: true
[Open3D INFO] source size: 30026, maxpoints_source_: 80000
[Open3D INFO] source size after voxel downsample: 21373
[Open3D INFO] after prerpocess: 21373
[Open3D INFO] reg_result.fitness: 0.943246, eva fitness: 0.986057
[INFO] [1773649433.725892913]: localization cost: 1087.528000 ms
[Open3D INFO] 

time_diff:1.08767 s, localization right now
[Open3D INFO] before sample, target size: 800100, has normal: true
[Open3D INFO] after sample, target size: 400000, has normal: true
[Open3D INFO] source size: 30576, maxpoints_source_: 80000
[Open3D INFO] source size after voxel downsample: 21272
[Open3D INFO] after prerpocess: 21272
[Open3D INFO] reg_result.fitness: 0.942036, eva fitness: 0.988153
[INFO] [1773649434.676646972]: localization cost: 950.478000 ms
[Open3D INFO] 

time_diff:0.950587 s, localization right now
[Open3D INFO] before sample, target size: 800100, has normal: true
[Open3D INFO] after sample, target size: 400000, has normal: true
[Open3D INFO] source size: 30588, maxpoints_source_: 80000
[Open3D INFO] source size after voxel downsample: 20877
[Open3D INFO] after prerpocess: 20877
[Open3D INFO] reg_result.fitness: 0.953873, eva fitness: 0.988648
[INFO] [1773649435.813263094]: localization cost: 1136.513000 ms
[Open3D INFO] 

time_diff:1.1366 s, localization right now
[Open3D INFO] before sample, target size: 800100, has normal: true
[Open3D INFO] after sample, target size: 400000, has normal: true
[Open3D INFO] source size: 30548, maxpoints_source_: 80000
[Open3D INFO] source size after voxel downsample: 21255
[Open3D INFO] after prerpocess: 21255
[Open3D INFO] reg_result.fitness: 0.944060, eva fitness: 0.985886
[INFO] [1773649436.908259713]: localization cost: 1094.875000 ms
[Open3D INFO] 

time_diff:1.09505 s, localization right now
[Open3D INFO] before sample, target size: 800100, has normal: true
[Open3D INFO] after sample, target size: 400000, has normal: true
[Open3D INFO] source size: 30036, maxpoints_source_: 80000
[Open3D INFO] source size after voxel downsample: 20740
[Open3D INFO] after prerpocess: 20740
[Open3D INFO] reg_result.fitness: 0.95487, eva fitness: 0.992334
[INFO] [1773649437.852118830]: localization cost: 943.572000 ms
[Open3D INFO] 

time_diff:0.943676 s, localization right now
[Open3D INFO] before sample, target size: 800100, has normal: true
[Open3D INFO] after sample, target size: 400000, has normal: true
[Open3D INFO] source size: 28662, maxpoints_source_: 80000
[Open3D INFO] source size after voxel downsample: 19220
[Open3D INFO] after prerpocess: 19220
[Open3D INFO] reg_result.fitness: 0.942768, eva fitness: 0.981009
[INFO] [1773649438.811201226]: localization cost: 958.859000 ms
[Open3D INFO] 

time_diff:0.958998 s, localization right now
[Open3D INFO] before sample, target size: 800100, has normal: true
[Open3D INFO] after sample, target size: 400000, has normal: true
[Open3D INFO] source size: 29245, maxpoints_source_: 80000
[Open3D INFO] source size after voxel downsample: 19657
[Open3D INFO] after prerpocess: 19657
[Open3D INFO] reg_result.fitness: 0.955537, eva fitness: 0.983416
[INFO] [1773649439.971667776]: localization cost: 1160.210000 ms
[Open3D INFO] 

time_diff:1.16031 s, localization right now
[Open3D INFO] 
***
****
***


last map update loc: x: 15.6733, y: 14.8477, z1.80519,
                now loc: x: 13.334, y: 11.5117, z1.85829, 3d distance: 4.07487, now needpdate submap
[INFO] [1773649440.049719116]: submap_cost: 77.718000 ms
[Open3D INFO] before sample, target size: 794637, has normal: true
[Open3D INFO] after sample, target size: 400000, has normal: true
[Open3D INFO] source size: 28757, maxpoints_source_: 80000
[Open3D INFO] source size after voxel downsample: 19003
[Open3D INFO] after prerpocess: 19003
[Open3D INFO] reg_result.fitness: 0.977635, eva fitness: 0.997685
[INFO] [1773649441.453650489]: localization cost: 1481.852000 ms
[Open3D INFO] 

time_diff:1.48203 s, localization right now
[Open3D INFO] before sample, target size: 794637, has normal: true
[Open3D INFO] after sample, target size: 400000, has normal: true
[Open3D INFO] source size: 27989, maxpoints_source_: 80000
[Open3D INFO] source size after voxel downsample: 18521
[Open3D INFO] after prerpocess: 18521
[Open3D INFO] reg_result.fitness: 0.982506, eva fitness: 0.996005
[INFO] [1773649442.613427208]: localization cost: 1159.333000 ms
[Open3D INFO] 

time_diff:1.15944 s, localization right now
[Open3D INFO] before sample, target size: 794637, has normal: true
[Open3D INFO] after sample, target size: 400000, has normal: true
[Open3D INFO] source size: 28209, maxpoints_source_: 80000
[Open3D INFO] source size after voxel downsample: 18571
[Open3D INFO] after prerpocess: 18571
[Open3D INFO] reg_result.fitness: 0.975715, eva fitness: 0.990415
[INFO] [1773649443.568264180]: localization cost: 954.728000 ms
[Open3D INFO] 

time_diff:0.95487 s, localization right now
[Open3D INFO] before sample, target size: 794637, has normal: true
[Open3D INFO] after sample, target size: 400000, has normal: true
[Open3D INFO] source size: 27893, maxpoints_source_: 80000
[Open3D INFO] source size after voxel downsample: 18444
[Open3D INFO] after prerpocess: 18444
[Open3D INFO] reg_result.fitness: 0.975602, eva fitness: 0.987801
[INFO] [1773649444.545908785]: localization cost: 977.497000 ms
[Open3D INFO] 

time_diff:0.977584 s, localization right now
[Open3D INFO] before sample, target size: 794637, has normal: true
[Open3D INFO] after sample, target size: 400000, has normal: true
[Open3D INFO] source size: 27753, maxpoints_source_: 80000
[Open3D INFO] source size after voxel downsample: 18153
[Open3D INFO] after prerpocess: 18153
[Open3D INFO] reg_result.fitness: 0.973338, eva fitness: 0.989313
[INFO] [1773649445.518083554]: localization cost: 972.082000 ms
[Open3D INFO] 

time_diff:0.972171 s, localization right now
[Open3D INFO] 
***
****
***


last map update loc: x: 13.334, y: 11.5117, z1.85829,
                now loc: x: 13.0387, y: 7.8934, z1.91555, 3d distance: 3.63074, now needpdate submap
[INFO] [1773649445.587363473]: submap_cost: 68.974000 ms
[Open3D INFO] before sample, target size: 849396, has normal: true
[Open3D INFO] after sample, target size: 400000, has normal: true
[Open3D INFO] source size: 27655, maxpoints_source_: 80000
[Open3D INFO] source size after voxel downsample: 17829
[Open3D INFO] after prerpocess: 17829
[Open3D INFO] reg_result.fitness: 0.983061, eva fitness: 0.997756
[INFO] [1773649446.837120683]: localization cost: 1318.896000 ms
[Open3D INFO] 

time_diff:1.31906 s, localization right now
[Open3D INFO] before sample, target size: 849396, has normal: true
[Open3D INFO] after sample, target size: 400000, has normal: true
[Open3D INFO] source size: 27109, maxpoints_source_: 80000
[Open3D INFO] source size after voxel downsample: 17505
[Open3D INFO] after prerpocess: 17505
[Open3D INFO] reg_result.fitness: 0.971951, eva fitness: 0.992973
[INFO] [1773649448.329834088]: localization cost: 1492.532000 ms
[Open3D INFO] 

time_diff:1.49267 s, localization right now
[Open3D INFO] before sample, target size: 849396, has normal: true
[Open3D INFO] after sample, target size: 400000, has normal: true
[Open3D INFO] source size: 25992, maxpoints_source_: 80000
[Open3D INFO] source size after voxel downsample: 16485
[Open3D INFO] after prerpocess: 16485
[Open3D INFO] reg_result.fitness: 0.975675, eva fitness: 0.991386
[INFO] [1773649449.525497118]: localization cost: 1195.548000 ms
[Open3D INFO] 

time_diff:1.19564 s, localization right now
[Open3D INFO] before sample, target size: 849396, has normal: true
[Open3D INFO] after sample, target size: 400000, has normal: true
[Open3D INFO] source size: 24819, maxpoints_source_: 80000
[Open3D INFO] source size after voxel downsample: 16029
[Open3D INFO] after prerpocess: 16029
[Open3D INFO] reg_result.fitness: 0.97124, eva fitness: 0.989457
[INFO] [1773649450.424671557]: localization cost: 899.064000 ms
[Open3D INFO] 

time_diff:0.89918 s, localization right now
[Open3D INFO] 
***
****
***


last map update loc: x: 13.0387, y: 7.8934, z1.91555,
                now loc: x: 12.2494, y: 4.05565, z1.94014, 3d distance: 3.91816, now needpdate submap
[INFO] [1773649450.495107817]: submap_cost: 70.132000 ms
[Open3D INFO] before sample, target size: 898759, has normal: true
[Open3D INFO] after sample, target size: 400000, has normal: true
[Open3D INFO] source size: 24797, maxpoints_source_: 80000
[Open3D INFO] source size after voxel downsample: 16667
[Open3D INFO] after prerpocess: 16667
[Open3D INFO] reg_result.fitness: 0.97726, eva fitness: 0.99514
[INFO] [1773649451.476194826]: localization cost: 1051.388000 ms
[Open3D INFO] 

time_diff:1.05151 s, localization right now
[Open3D INFO] before sample, target size: 898759, has normal: true
[Open3D INFO] after sample, target size: 400000, has normal: true
[Open3D INFO] source size: 23990, maxpoints_source_: 80000
[Open3D INFO] source size after voxel downsample: 17018
[Open3D INFO] after prerpocess: 17018
[Open3D INFO] reg_result.fitness: 0.989188, eva fitness: 0.996474
[INFO] [1773649452.470460790]: localization cost: 994.145000 ms
[Open3D INFO] 

time_diff:0.994256 s, localization right now
[Open3D INFO] before sample, target size: 898759, has normal: true
[Open3D INFO] after sample, target size: 400000, has normal: true
[Open3D INFO] source size: 23774, maxpoints_source_: 80000
[Open3D INFO] source size after voxel downsample: 17598
[Open3D INFO] after prerpocess: 17598
[Open3D INFO] reg_result.fitness: 0.979827, eva fitness: 0.991476
[INFO] [1773649453.495893393]: localization cost: 1025.326000 ms
[Open3D INFO] 

time_diff:1.02541 s, localization right now
[Open3D INFO] before sample, target size: 898759, has normal: true
[Open3D INFO] after sample, target size: 400000, has normal: true
[Open3D INFO] source size: 24738, maxpoints_source_: 80000
[Open3D INFO] source size after voxel downsample: 18651
[Open3D INFO] after prerpocess: 18651
[Open3D INFO] reg_result.fitness: 0.97287, eva fitness: 0.983433
[INFO] [1773649454.509525065]: localization cost: 1013.544000 ms
[Open3D INFO] 

time_diff:1.01368 s, localization right now
[Open3D INFO] before sample, target size: 898759, has normal: true
[Open3D INFO] after sample, target size: 400000, has normal: true
[Open3D INFO] source size: 24927, maxpoints_source_: 80000
[Open3D INFO] source size after voxel downsample: 19138
[Open3D INFO] after prerpocess: 19138
[Open3D INFO] reg_result.fitness: 0.971418, eva fitness: 0.978054
[INFO] [1773649455.488589990]: localization cost: 978.809000 ms
[Open3D INFO] 

time_diff:0.978898 s, localization right now
[Open3D INFO] 
***
****
***


last map update loc: x: 12.2494, y: 4.05565, z1.94014,
                now loc: x: 9.80033, y: 0.914149, z1.99637, 3d distance: 3.98374, now needpdate submap
[INFO] [1773649455.558237201]: submap_cost: 69.240000 ms
[Open3D INFO] before sample, target size: 932989, has normal: true
[Open3D INFO] after sample, target size: 400000, has normal: true
[Open3D INFO] source size: 25395, maxpoints_source_: 80000
[Open3D INFO] source size after voxel downsample: 19549
[Open3D INFO] after prerpocess: 19549
[Open3D INFO] reg_result.fitness: 0.975549, eva fitness: 0.980971
[INFO] [1773649456.847660410]: localization cost: 1358.842000 ms
[Open3D INFO] 

time_diff:1.35895 s, localization right now
[Open3D INFO] before sample, target size: 932989, has normal: true
[Open3D INFO] after sample, target size: 400000, has normal: true
[Open3D INFO] source size: 26641, maxpoints_source_: 80000
[Open3D INFO] source size after voxel downsample: 20646
[Open3D INFO] after prerpocess: 20646
[Open3D INFO] reg_result.fitness: 0.973021, eva fitness: 0.982854
[INFO] [1773649457.881169489]: localization cost: 1033.393000 ms
[Open3D INFO] 

time_diff:1.0335 s, localization right now
[Open3D INFO] before sample, target size: 932989, has normal: true
[Open3D INFO] after sample, target size: 400000, has normal: true
[Open3D INFO] source size: 27599, maxpoints_source_: 80000
[Open3D INFO] source size after voxel downsample: 20421
[Open3D INFO] after prerpocess: 20421
[Open3D INFO] reg_result.fitness: 0.971304, eva fitness: 0.984232
[INFO] [1773649459.143131442]: localization cost: 1261.705000 ms
[Open3D INFO] 

time_diff:1.26185 s, localization right now
[Open3D INFO] before sample, target size: 932989, has normal: true
[Open3D INFO] after sample, target size: 400000, has normal: true
[Open3D INFO] source size: 28269, maxpoints_source_: 80000
[Open3D INFO] source size after voxel downsample: 20760
[Open3D INFO] after prerpocess: 20760
[Open3D INFO] reg_result.fitness: 0.982274, eva fitness: 0.992534
[INFO] [1773649460.387996593]: localization cost: 1244.558000 ms
[Open3D INFO] 

time_diff:1.24465 s, localization right now
[Open3D INFO] before sample, target size: 932989, has normal: true
[Open3D INFO] after sample, target size: 400000, has normal: true
[Open3D INFO] source size: 28614, maxpoints_source_: 80000
[Open3D INFO] source size after voxel downsample: 20309
[Open3D INFO] after prerpocess: 20309
[Open3D INFO] reg_result.fitness: 0.981978, eva fitness: 0.991531
[INFO] [1773649461.516810631]: localization cost: 1128.704000 ms
[Open3D INFO] 

time_diff:1.1288 s, localization right now
[Open3D INFO] before sample, target size: 932989, has normal: true
[Open3D INFO] after sample, target size: 400000, has normal: true
[Open3D INFO] source size: 28944, maxpoints_source_: 80000
[Open3D INFO] source size after voxel downsample: 19805
[Open3D INFO] after prerpocess: 19805
[Open3D INFO] reg_result.fitness: 0.978743, eva fitness: 0.989094
[INFO] [1773649462.571554908]: localization cost: 1054.520000 ms
[Open3D INFO] 

time_diff:1.05463 s, localization right now
[Open3D INFO] before sample, target size: 932989, has normal: true
[Open3D INFO] after sample, target size: 400000, has normal: true
[Open3D INFO] source size: 28059, maxpoints_source_: 80000
[Open3D INFO] source size after voxel downsample: 18782
[Open3D INFO] after prerpocess: 18782
[Open3D INFO] reg_result.fitness: 0.952348, eva fitness: 0.967948
[INFO] [1773649463.555370374]: localization cost: 983.580000 ms
[Open3D INFO] 

time_diff:0.983678 s, localization right now
[Open3D INFO] 
***
****
***


last map update loc: x: 9.80033, y: 0.914149, z1.99637,
                now loc: x: 6.16255, y: 0.335285, z1.33048, 3d distance: 3.74325, now needpdate submap
[INFO] [1773649463.623215837]: submap_cost: 67.515000 ms
[Open3D INFO] before sample, target size: 876806, has normal: true
[Open3D INFO] after sample, target size: 400000, has normal: true
[Open3D INFO] source size: 30206, maxpoints_source_: 80000
[Open3D INFO] source size after voxel downsample: 19300
[Open3D INFO] after prerpocess: 19300
[Open3D INFO] reg_result.fitness: 0.952487, eva fitness: 0.97171
[INFO] [1773649464.618105146]: localization cost: 1062.629000 ms
[Open3D INFO] 

time_diff:1.06275 s, localization right now
[Open3D INFO] before sample, target size: 876806, has normal: true
[Open3D INFO] after sample, target size: 400000, has normal: true
[Open3D INFO] source size: 29054, maxpoints_source_: 80000
[Open3D INFO] source size after voxel downsample: 17234
[Open3D INFO] after prerpocess: 17234
[Open3D INFO] reg_result.fitness: 0.946675, eva fitness: 0.966113
[INFO] [1773649465.587138409]: localization cost: 968.897000 ms
[Open3D INFO] 

time_diff:0.968993 s, localization right now
[Open3D INFO] before sample, target size: 876806, has normal: true
[Open3D INFO] after sample, target size: 400000, has normal: true
[Open3D INFO] source size: 28593, maxpoints_source_: 80000
[Open3D INFO] source size after voxel downsample: 16890
[Open3D INFO] after prerpocess: 16890
[Open3D INFO] reg_result.fitness: 0.945471, eva fitness: 0.971285
[INFO] [1773649466.513537344]: localization cost: 926.294000 ms
[Open3D INFO] 

time_diff:0.926386 s, localization right now
[Open3D INFO] before sample, target size: 876806, has normal: true
[Open3D INFO] after sample, target size: 400000, has normal: true
[Open3D INFO] source size: 31549, maxpoints_source_: 80000
[Open3D INFO] source size after voxel downsample: 18574
[Open3D INFO] after prerpocess: 18574
[Open3D INFO] reg_result.fitness: 0.9446, eva fitness: 0.973942
[INFO] [1773649467.711132086]: localization cost: 1197.427000 ms
[Open3D INFO] 

time_diff:1.19763 s, localization right now
[Open3D INFO] before sample, target size: 876806, has normal: true
[Open3D INFO] after sample, target size: 400000, has normal: true
[Open3D INFO] source size: 32515, maxpoints_source_: 80000
[Open3D INFO] source size after voxel downsample: 17997
[Open3D INFO] after prerpocess: 17997
[Open3D INFO] reg_result.fitness: 0.93799, eva fitness: 0.964827
[INFO] [1773649469.068512211]: localization cost: 1357.230000 ms
[Open3D INFO] 

time_diff:1.35732 s, localization right now
[Open3D INFO] before sample, target size: 876806, has normal: true
[Open3D INFO] after sample, target size: 400000, has normal: true
[Open3D INFO] source size: 33125, maxpoints_source_: 80000
[Open3D INFO] source size after voxel downsample: 18002
[Open3D INFO] after prerpocess: 18002
[Open3D INFO] reg_result.fitness: 0.926008, eva fitness: 0.959671
[INFO] [1773649470.105425496]: localization cost: 1036.797000 ms
[Open3D INFO] 

time_diff:1.03696 s, localization right now
[Open3D INFO] 
***
****
***


last map update loc: x: 6.16255, y: 0.335285, z1.33048,
                now loc: x: 2.50877, y: 0.966366, z-0.0287201, 3d distance: 3.94916, now needpdate submap
[INFO] [1773649470.182670347]: submap_cost: 76.751000 ms
[Open3D INFO] before sample, target size: 808903, has normal: true
[Open3D INFO] after sample, target size: 400000, has normal: true
[Open3D INFO] source size: 32867, maxpoints_source_: 80000
[Open3D INFO] source size after voxel downsample: 18185
[Open3D INFO] after prerpocess: 18185
[Open3D INFO] reg_result.fitness: 0.911356, eva fitness: 0.955898
[INFO] [1773649471.301183098]: localization cost: 1195.527000 ms
[Open3D INFO] 

time_diff:1.19571 s, localization right now
[Open3D INFO] before sample, target size: 808903, has normal: true
[Open3D INFO] after sample, target size: 400000, has normal: true
[Open3D INFO] source size: 32465, maxpoints_source_: 80000
[Open3D INFO] source size after voxel downsample: 16999
[Open3D INFO] after prerpocess: 16999
[Open3D INFO] reg_result.fitness: 0.900229, eva fitness: 0.935702
[INFO] [1773649472.484974302]: localization cost: 1183.649000 ms
[Open3D INFO] 

time_diff:1.18378 s, localization right now
[Open3D INFO] before sample, target size: 808903, has normal: true
[Open3D INFO] after sample, target size: 400000, has normal: true
[Open3D INFO] source size: 32941, maxpoints_source_: 80000
[Open3D INFO] source size after voxel downsample: 17480
[Open3D INFO] after prerpocess: 17480
[Open3D INFO] reg_result.fitness: 0.895481, eva fitness: 0.935011
[INFO] [1773649473.550149400]: localization cost: 1065.057000 ms
[Open3D INFO] 

time_diff:1.06515 s, localization right now
[Open3D INFO] before sample, target size: 808903, has normal: true
[Open3D INFO] after sample, target size: 400000, has normal: true
[Open3D INFO] source size: 32753, maxpoints_source_: 80000
[Open3D INFO] source size after voxel downsample: 16758
[Open3D INFO] after prerpocess: 16758
[Open3D INFO] reg_result.fitness: 0.898556, eva fitness: 0.937224
[INFO] [1773649474.480099736]: localization cost: 929.845000 ms
[Open3D INFO] 

time_diff:0.929946 s, localization right now
[Open3D INFO] before sample, target size: 808903, has normal: true
[Open3D INFO] after sample, target size: 400000, has normal: true
[Open3D INFO] source size: 32556, maxpoints_source_: 80000
[Open3D INFO] source size after voxel downsample: 17862
[Open3D INFO] after prerpocess: 17862
[Open3D INFO] reg_result.fitness: 0.906170, eva fitness: 0.943735
[INFO] [1773649475.439379635]: localization cost: 959.171000 ms
[Open3D INFO] 

time_diff:0.959266 s, localization right now
[Open3D INFO] before sample, target size: 808903, has normal: true
[Open3D INFO] after sample, target size: 400000, has normal: true
[Open3D INFO] source size: 32929, maxpoints_source_: 80000
[Open3D INFO] source size after voxel downsample: 19476
[Open3D INFO] after prerpocess: 19476
[Open3D INFO] reg_result.fitness: 0.884679, eva fitness: 0.930941
[INFO] [1773649476.357419380]: localization cost: 917.937000 ms
[Open3D INFO] 

time_diff:0.918029 s, localization right now
[Open3D INFO] before sample, target size: 808903, has normal: true
[Open3D INFO] after sample, target size: 400000, has normal: true
[Open3D INFO] source size: 34552, maxpoints_source_: 80000
[Open3D INFO] source size after voxel downsample: 19633
[Open3D INFO] after prerpocess: 19633
[Open3D INFO] reg_result.fitness: 0.912087, eva fitness: 0.942699
[INFO] [1773649477.355934682]: localization cost: 998.294000 ms
[Open3D INFO] 

time_diff:0.998385 s, localization right now
[Open3D INFO] before sample, target size: 808903, has normal: true
[Open3D INFO] after sample, target size: 400000, has normal: true
[Open3D INFO] source size: 34828, maxpoints_source_: 80000
[Open3D INFO] source size after voxel downsample: 19500
[Open3D INFO] after prerpocess: 19500
[Open3D INFO] reg_result.fitness: 0.913538, eva fitness: 0.943641
[INFO] [1773649478.302511688]: localization cost: 946.481000 ms
[Open3D INFO] 

time_diff:0.946564 s, localization right now
[Open3D INFO] before sample, target size: 808903, has normal: true
[Open3D INFO] after sample, target size: 400000, has normal: true
[Open3D INFO] source size: 34272, maxpoints_source_: 80000
[Open3D INFO] source size after voxel downsample: 19151
[Open3D INFO] after prerpocess: 19151
[Open3D INFO] reg_result.fitness: 0.910814, eva fitness: 0.944285
[INFO] [1773649479.262366389]: localization cost: 959.751000 ms
[Open3D INFO] 

time_diff:0.959846 s, localization right now
[Open3D INFO] before sample, target size: 808903, has normal: true
[Open3D INFO] after sample, target size: 400000, has normal: true
[Open3D INFO] source size: 34273, maxpoints_source_: 80000
[Open3D INFO] source size after voxel downsample: 18663
[Open3D INFO] after prerpocess: 18663
[Open3D INFO] reg_result.fitness: 0.919627, eva fitness: 0.953491
[INFO] [1773649480.174758526]: localization cost: 912.276000 ms
[Open3D INFO] 

time_diff:0.912391 s, localization right now
[Open3D INFO] before sample, target size: 808903, has normal: true
[Open3D INFO] after sample, target size: 400000, has normal: true
[Open3D INFO] source size: 34156, maxpoints_source_: 80000
[Open3D INFO] source size after voxel downsample: 18577
[Open3D INFO] after prerpocess: 18577
[Open3D INFO] reg_result.fitness: 0.918448, eva fitness: 0.95236
[INFO] [1773649481.074916655]: localization cost: 900.049000 ms
[Open3D INFO] 

time_diff:0.900150 s, localization right now
[Open3D INFO] before sample, target size: 808903, has normal: true
[Open3D INFO] after sample, target size: 400000, has normal: true
[Open3D INFO] source size: 33414, maxpoints_source_: 80000
[Open3D INFO] source size after voxel downsample: 17829
[Open3D INFO] after prerpocess: 17829
[Open3D INFO] reg_result.fitness: 0.923888, eva fitness: 0.949801
[INFO] [1773649482.009100969]: localization cost: 934.078000 ms
[Open3D INFO] 

time_diff:0.934161 s, localization right now
[Open3D INFO] before sample, target size: 808903, has normal: true
[Open3D INFO] after sample, target size: 400000, has normal: true
[Open3D INFO] source size: 32687, maxpoints_source_: 80000
[Open3D INFO] source size after voxel downsample: 16379
[Open3D INFO] after prerpocess: 16379
[Open3D INFO] reg_result.fitness: 0.928201, eva fitness: 0.954698
[INFO] [1773649482.959546362]: localization cost: 950.341000 ms
[Open3D INFO] 

time_diff:0.950443 s, localization right now
[Open3D INFO] before sample, target size: 808903, has normal: true
[Open3D INFO] after sample, target size: 400000, has normal: true
[Open3D INFO] source size: 31767, maxpoints_source_: 80000
[Open3D INFO] source size after voxel downsample: 15956
[Open3D INFO] after prerpocess: 15956
[Open3D INFO] reg_result.fitness: 0.962021, eva fitness: 0.976185
[INFO] [1773649484.478157691]: localization cost: 1518.426000 ms
[Open3D INFO] 

time_diff:1.51865 s, localization right now
[Open3D INFO] before sample, target size: 808903, has normal: true
[Open3D INFO] after sample, target size: 400000, has normal: true
[Open3D INFO] source size: 32168, maxpoints_source_: 80000
[Open3D INFO] source size after voxel downsample: 18545
[Open3D INFO] after prerpocess: 18545
[Open3D INFO] reg_result.fitness: 0.936748, eva fitness: 0.95945
[INFO] [1773649485.917433915]: localization cost: 1438.924000 ms
[Open3D INFO] 

time_diff:1.43903 s, localization right now
[Open3D INFO] before sample, target size: 808903, has normal: true
[Open3D INFO] after sample, target size: 400000, has normal: true
[Open3D INFO] source size: 28179, maxpoints_source_: 80000
[Open3D INFO] source size after voxel downsample: 17189
[Open3D INFO] after prerpocess: 17189
[Open3D INFO] reg_result.fitness: 0.956018, eva fitness: 0.978591
[INFO] [1773649487.056238495]: localization cost: 1138.653000 ms
[Open3D INFO] 

time_diff:1.13883 s, localization right now
[Open3D INFO] before sample, target size: 808903, has normal: true
[Open3D INFO] after sample, target size: 400000, has normal: true
[Open3D INFO] source size: 26583, maxpoints_source_: 80000
[Open3D INFO] source size after voxel downsample: 17089
[Open3D INFO] after prerpocess: 17089
[Open3D INFO] reg_result.fitness: 0.966587, eva fitness: 0.98186
[INFO] [1773649488.176839036]: localization cost: 1120.455000 ms
[Open3D INFO] 

time_diff:1.12055 s, localization right now
[Open3D INFO] 
***
****
***


last map update loc: x: 2.50877, y: 0.966366, z-0.0287201,
                now loc: x: 5.74233, y: -1.24607, z1.29286, 3d distance: 4.13489, now needpdate submap
[INFO] [1773649488.244414905]: submap_cost: 67.159000 ms
[Open3D INFO] before sample, target size: 902528, has normal: true
[Open3D INFO] after sample, target size: 400000, has normal: true
[Open3D INFO] source size: 25545, maxpoints_source_: 80000
[Open3D INFO] source size after voxel downsample: 17239
[Open3D INFO] after prerpocess: 17239
[Open3D INFO] reg_result.fitness: 0.974709, eva fitness: 0.989791
[INFO] [1773649489.203234719]: localization cost: 1026.170000 ms
[Open3D INFO] 

time_diff:1.02627 s, localization right now
[Open3D INFO] before sample, target size: 902528, has normal: true
[Open3D INFO] after sample, target size: 400000, has normal: true
[Open3D INFO] source size: 24302, maxpoints_source_: 80000
[Open3D INFO] source size after voxel downsample: 16879
[Open3D INFO] after prerpocess: 16879
[Open3D INFO] reg_result.fitness: 0.98276, eva fitness: 0.991172
[INFO] [1773649490.197699975]: localization cost: 994.359000 ms
[Open3D INFO] 

time_diff:0.994468 s, localization right now
[Open3D INFO] before sample, target size: 902528, has normal: true
[Open3D INFO] after sample, target size: 400000, has normal: true
[Open3D INFO] source size: 23663, maxpoints_source_: 80000
[Open3D INFO] source size after voxel downsample: 16622
[Open3D INFO] after prerpocess: 16622
[Open3D INFO] reg_result.fitness: 0.978161, eva fitness: 0.986584
[INFO] [1773649491.201338865]: localization cost: 1002.936000 ms
[Open3D INFO] 

time_diff:1.00303 s, localization right now
[Open3D INFO] before sample, target size: 902528, has normal: true
[Open3D INFO] after sample, target size: 400000, has normal: true
[Open3D INFO] source size: 24083, maxpoints_source_: 80000
[Open3D INFO] source size after voxel downsample: 18514
[Open3D INFO] after prerpocess: 18514
[Open3D INFO] reg_result.fitness: 0.979961, eva fitness: 0.989683
[INFO] [1773649492.262116469]: localization cost: 1060.561000 ms
[Open3D INFO] 

time_diff:1.06065 s, localization right now
[Open3D INFO] before sample, target size: 902528, has normal: true
[Open3D INFO] after sample, target size: 400000, has normal: true
[Open3D INFO] source size: 27535, maxpoints_source_: 80000
[Open3D INFO] source size after voxel downsample: 22058
[Open3D INFO] after prerpocess: 22058
[Open3D INFO] reg_result.fitness: 0.985991, eva fitness: 0.9932
[INFO] [1773649493.565374863]: localization cost: 1303.116000 ms
[Open3D INFO] 

time_diff:1.30328 s, localization right now
[Open3D INFO] before sample, target size: 902528, has normal: true
[Open3D INFO] after sample, target size: 400000, has normal: true
[Open3D INFO] source size: 27464, maxpoints_source_: 80000
[Open3D INFO] source size after voxel downsample: 21990
[Open3D INFO] after prerpocess: 21990
[Open3D INFO] reg_result.fitness: 0.986176, eva fitness: 0.993497
[INFO] [1773649495.137496321]: localization cost: 1571.802000 ms
[Open3D INFO] 

time_diff:1.57191 s, localization right now
[Open3D INFO] before sample, target size: 902528, has normal: true
[Open3D INFO] after sample, target size: 400000, has normal: true
[Open3D INFO] source size: 27400, maxpoints_source_: 80000
[Open3D INFO] source size after voxel downsample: 21705
[Open3D INFO] after prerpocess: 21705
[Open3D INFO] reg_result.fitness: 0.986639, eva fitness: 0.993504
[INFO] [1773649496.137003887]: localization cost: 999.283000 ms
[Open3D INFO] 

time_diff:0.99937 s, localization right now
[Open3D INFO] before sample, target size: 902528, has normal: true
[Open3D INFO] after sample, target size: 400000, has normal: true
[Open3D INFO] source size: 27518, maxpoints_source_: 80000
[Open3D INFO] source size after voxel downsample: 21785
[Open3D INFO] after prerpocess: 21785
[Open3D INFO] reg_result.fitness: 0.990085, eva fitness: 0.994583
[INFO] [1773649497.168755953]: localization cost: 1031.651000 ms
[Open3D INFO] 

time_diff:1.03175 s, localization right now
[Open3D INFO] before sample, target size: 902528, has normal: true
[Open3D INFO] after sample, target size: 400000, has normal: true
[Open3D INFO] source size: 27512, maxpoints_source_: 80000
[Open3D INFO] source size after voxel downsample: 22014
[Open3D INFO] after prerpocess: 22014
[Open3D INFO] reg_result.fitness: 0.989189, eva fitness: 0.994004
[INFO] [1773649498.323734318]: localization cost: 1154.743000 ms
[Open3D INFO] 

time_diff:1.15485 s, localization right now
[Open3D INFO] before sample, target size: 902528, has normal: true
[Open3D INFO] after sample, target size: 400000, has normal: true
[Open3D INFO] source size: 27634, maxpoints_source_: 80000
[Open3D INFO] source size after voxel downsample: 21811
[Open3D INFO] after prerpocess: 21811
[Open3D INFO] reg_result.fitness: 0.984595, eva fitness: 0.994865
[INFO] [1773649499.573959499]: localization cost: 1250.102000 ms
[Open3D INFO] 

time_diff:1.25022 s, localization right now
[Open3D INFO] before sample, target size: 902528, has normal: true
[Open3D INFO] after sample, target size: 400000, has normal: true
[Open3D INFO] source size: 28043, maxpoints_source_: 80000
[Open3D INFO] source size after voxel downsample: 21380
[Open3D INFO] after prerpocess: 21380
[Open3D INFO] reg_result.fitness: 0.992516, eva fitness: 0.996726
[INFO] [1773649500.940058197]: localization cost: 1365.945000 ms
[Open3D INFO] 

time_diff:1.3661 s, localization right now
[Open3D INFO] before sample, target size: 902528, has normal: true
[Open3D INFO] after sample, target size: 400000, has normal: true
[Open3D INFO] source size: 27506, maxpoints_source_: 80000
[Open3D INFO] source size after voxel downsample: 20952
[Open3D INFO] after prerpocess: 20952
[Open3D INFO] reg_result.fitness: 0.989357, eva fitness: 0.996468
[INFO] [1773649501.945448980]: localization cost: 1005.153000 ms
[Open3D INFO] 

time_diff:1.00525 s, localization right now
[Open3D INFO] before sample, target size: 902528, has normal: true
[Open3D INFO] after sample, target size: 400000, has normal: true
[Open3D INFO] source size: 27575, maxpoints_source_: 80000
[Open3D INFO] source size after voxel downsample: 20710
[Open3D INFO] after prerpocess: 20710
[Open3D INFO] reg_result.fitness: 0.989812, eva fitness: 0.996137
[INFO] [1773649502.953405526]: localization cost: 1007.855000 ms
[Open3D INFO] 

time_diff:1.00794 s, localization right now
[Open3D INFO] before sample, target size: 902528, has normal: true
[Open3D INFO] after sample, target size: 400000, has normal: true
[Open3D INFO] source size: 27448, maxpoints_source_: 80000
[Open3D INFO] source size after voxel downsample: 21118
[Open3D INFO] after prerpocess: 21118
[Open3D INFO] reg_result.fitness: 0.990719, eva fitness: 0.995596
[INFO] [1773649504.021903007]: localization cost: 1068.390000 ms
[Open3D INFO] 

time_diff:1.0685 s, localization right now
[Open3D INFO] before sample, target size: 902528, has normal: true
[Open3D INFO] after sample, target size: 400000, has normal: true
[Open3D INFO] source size: 27372, maxpoints_source_: 80000
[Open3D INFO] source size after voxel downsample: 21280
[Open3D INFO] after prerpocess: 21280
[Open3D INFO] reg_result.fitness: 0.989051, eva fitness: 0.997321
[INFO] [1773649505.035506616]: localization cost: 1013.501000 ms
[Open3D INFO] 

time_diff:1.01359 s, localization right now
[Open3D INFO] before sample, target size: 902528, has normal: true
[Open3D INFO] after sample, target size: 400000, has normal: true
[Open3D INFO] source size: 27391, maxpoints_source_: 80000
[Open3D INFO] source size after voxel downsample: 21085
[Open3D INFO] after prerpocess: 21085
[Open3D INFO] reg_result.fitness: 0.989898, eva fitness: 0.997344
[INFO] [1773649506.025046391]: localization cost: 989.329000 ms
[Open3D INFO] 

time_diff:0.989481 s, localization right now
[Open3D INFO] before sample, target size: 902528, has normal: true
[Open3D INFO] after sample, target size: 400000, has normal: true
[Open3D INFO] source size: 27515, maxpoints_source_: 80000
[Open3D INFO] source size after voxel downsample: 21214
[Open3D INFO] after prerpocess: 21214
[Open3D INFO] reg_result.fitness: 0.989205, eva fitness: 0.997030
[INFO] [1773649507.010700852]: localization cost: 985.503000 ms
[Open3D INFO] 

time_diff:0.985586 s, localization right now
[Open3D INFO] before sample, target size: 902528, has normal: true
[Open3D INFO] after sample, target size: 400000, has normal: true
[Open3D INFO] source size: 27659, maxpoints_source_: 80000
[Open3D INFO] source size after voxel downsample: 20995
[Open3D INFO] after prerpocess: 20995
[Open3D INFO] reg_result.fitness: 0.989474, eva fitness: 0.99738
[INFO] [1773649507.969731573]: localization cost: 958.922000 ms
[Open3D INFO] 

time_diff:0.959062 s, localization right now
[Open3D INFO] before sample, target size: 902528, has normal: true
[Open3D INFO] after sample, target size: 400000, has normal: true
[Open3D INFO] source size: 27816, maxpoints_source_: 80000
[Open3D INFO] source size after voxel downsample: 21281
[Open3D INFO] after prerpocess: 21281
[Open3D INFO] reg_result.fitness: 0.988252, eva fitness: 0.993985
[INFO] [1773649508.941986262]: localization cost: 971.990000 ms
[Open3D INFO] 

time_diff:0.972107 s, localization right now
[Open3D INFO] before sample, target size: 902528, has normal: true
[Open3D INFO] after sample, target size: 400000, has normal: true
[Open3D INFO] source size: 27541, maxpoints_source_: 80000
[Open3D INFO] source size after voxel downsample: 20810
[Open3D INFO] after prerpocess: 20810
[Open3D INFO] reg_result.fitness: 0.988515, eva fitness: 0.994906
[INFO] [1773649510.072743517]: localization cost: 1130.444000 ms
[Open3D INFO] 

time_diff:1.13055 s, localization right now
[Open3D INFO] before sample, target size: 902528, has normal: true
[Open3D INFO] after sample, target size: 400000, has normal: true
[Open3D INFO] source size: 27450, maxpoints_source_: 80000
[Open3D INFO] source size after voxel downsample: 21032
[Open3D INFO] after prerpocess: 21032
[Open3D INFO] reg_result.fitness: 0.987876, eva fitness: 0.995388
[INFO] [1773649511.113251371]: localization cost: 1040.127000 ms
[Open3D INFO] 

time_diff:1.04023 s, localization right now
[Open3D INFO] before sample, target size: 902528, has normal: true
[Open3D INFO] after sample, target size: 400000, has normal: true
[Open3D INFO] source size: 27580, maxpoints_source_: 80000
[Open3D INFO] source size after voxel downsample: 21054
[Open3D INFO] after prerpocess: 21054
[Open3D INFO] reg_result.fitness: 0.989076, eva fitness: 0.995488
[INFO] [1773649512.105539751]: localization cost: 992.054000 ms
[Open3D INFO] 

time_diff:0.99219 s, localization right now
[Open3D INFO] before sample, target size: 902528, has normal: true
[Open3D INFO] after sample, target size: 400000, has normal: true
[Open3D INFO] source size: 27585, maxpoints_source_: 80000
[Open3D INFO] source size after voxel downsample: 20939
[Open3D INFO] after prerpocess: 20939
[Open3D INFO] reg_result.fitness: 0.98978, eva fitness: 0.996752
[INFO] [1773649513.501034730]: localization cost: 1395.216000 ms
[Open3D INFO] 

time_diff:1.39542 s, localization right now
[Open3D INFO] before sample, target size: 902528, has normal: true
[Open3D INFO] after sample, target size: 400000, has normal: true
[Open3D INFO] source size: 27140, maxpoints_source_: 80000
[Open3D INFO] source size after voxel downsample: 20929
[Open3D INFO] after prerpocess: 20929
[Open3D INFO] reg_result.fitness: 0.989058, eva fitness: 0.99527
[INFO] [1773649515.015253621]: localization cost: 1514.037000 ms
[Open3D INFO] 

time_diff:1.51413 s, localization right now
[Open3D INFO] before sample, target size: 902528, has normal: true
[Open3D INFO] after sample, target size: 400000, has normal: true
[Open3D INFO] source size: 27348, maxpoints_source_: 80000
[Open3D INFO] source size after voxel downsample: 21021
[Open3D INFO] after prerpocess: 21021
[Open3D INFO] reg_result.fitness: 0.988060, eva fitness: 0.994101
[INFO] [1773649515.983852687]: localization cost: 968.487000 ms
[Open3D INFO] 

time_diff:0.968606 s, localization right now
[Open3D INFO] before sample, target size: 902528, has normal: true
[Open3D INFO] after sample, target size: 400000, has normal: true
[Open3D INFO] source size: 27364, maxpoints_source_: 80000
[Open3D INFO] source size after voxel downsample: 20737
[Open3D INFO] after prerpocess: 20737
[Open3D INFO] reg_result.fitness: 0.986449, eva fitness: 0.991609
[INFO] [1773649516.978975809]: localization cost: 994.994000 ms
[Open3D INFO] 

time_diff:0.995114 s, localization right now
[Open3D INFO] before sample, target size: 902528, has normal: true
[Open3D INFO] after sample, target size: 400000, has normal: true
[Open3D INFO] source size: 27724, maxpoints_source_: 80000
[Open3D INFO] source size after voxel downsample: 21050
[Open3D INFO] after prerpocess: 21050
[Open3D INFO] reg_result.fitness: 0.986366, eva fitness: 0.995487
[INFO] [1773649517.934009172]: localization cost: 954.924000 ms
[Open3D INFO] 

time_diff:0.955008 s, localization right now
[Open3D INFO] before sample, target size: 902528, has normal: true
[Open3D INFO] after sample, target size: 400000, has normal: true
[Open3D INFO] source size: 27991, maxpoints_source_: 80000
[Open3D INFO] source size after voxel downsample: 20703
[Open3D INFO] after prerpocess: 20703
[Open3D INFO] reg_result.fitness: 0.987007, eva fitness: 0.994638
[INFO] [1773649518.937117450]: localization cost: 1003.002000 ms
[Open3D INFO] 

time_diff:1.00310 s, localization right now
[Open3D INFO] before sample, target size: 902528, has normal: true
[Open3D INFO] after sample, target size: 400000, has normal: true
[Open3D INFO] source size: 28080, maxpoints_source_: 80000
[Open3D INFO] source size after voxel downsample: 20074
[Open3D INFO] after prerpocess: 20074
[Open3D INFO] reg_result.fitness: 0.985255, eva fitness: 0.991731
[INFO] [1773649520.151460718]: localization cost: 1214.204000 ms
[Open3D INFO] 

time_diff:1.21436 s, localization right now
[Open3D INFO] before sample, target size: 902528, has normal: true
[Open3D INFO] after sample, target size: 400000, has normal: true
[Open3D INFO] source size: 27903, maxpoints_source_: 80000
[Open3D INFO] source size after voxel downsample: 20013
[Open3D INFO] after prerpocess: 20013
[Open3D INFO] reg_result.fitness: 0.986059, eva fitness: 0.994853
[INFO] [1773649521.384896852]: localization cost: 1233.300000 ms
[Open3D INFO] 

time_diff:1.2334 s, localization right now
[Open3D INFO] before sample, target size: 902528, has normal: true
[Open3D INFO] after sample, target size: 400000, has normal: true
[Open3D INFO] source size: 27889, maxpoints_source_: 80000
[Open3D INFO] source size after voxel downsample: 19984
[Open3D INFO] after prerpocess: 19984
[Open3D INFO] reg_result.fitness: 0.986339, eva fitness: 0.994996
[INFO] [1773649522.669574835]: localization cost: 1284.561000 ms
[Open3D INFO] 

time_diff:1.28466 s, localization right now
[Open3D INFO] before sample, target size: 902528, has normal: true
[Open3D INFO] after sample, target size: 400000, has normal: true
[Open3D INFO] source size: 27948, maxpoints_source_: 80000
[Open3D INFO] source size after voxel downsample: 20040
[Open3D INFO] after prerpocess: 20040
[Open3D INFO] reg_result.fitness: 0.989621, eva fitness: 0.997156
[INFO] [1773649523.969618079]: localization cost: 1299.932000 ms
[Open3D INFO] 

time_diff:1.30004 s, localization right now
[Open3D INFO] before sample, target size: 902528, has normal: true
[Open3D INFO] after sample, target size: 400000, has normal: true
[Open3D INFO] source size: 27796, maxpoints_source_: 80000
[Open3D INFO] source size after voxel downsample: 19802
[Open3D INFO] after prerpocess: 19802
[Open3D INFO] reg_result.fitness: 0.992324, eva fitness: 0.99692
[INFO] [1773649524.964029169]: localization cost: 994.296000 ms
[Open3D INFO] 

time_diff:0.994407 s, localization right now
[Open3D INFO] before sample, target size: 902528, has normal: true
[Open3D INFO] after sample, target size: 400000, has normal: true
[Open3D INFO] source size: 27791, maxpoints_source_: 80000
[Open3D INFO] source size after voxel downsample: 20187
[Open3D INFO] after prerpocess: 20187
[Open3D INFO] reg_result.fitness: 0.992371, eva fitness: 0.998118
[INFO] [1773649525.955322478]: localization cost: 991.182000 ms
[Open3D INFO] 

time_diff:0.991276 s, localization right now
[Open3D INFO] before sample, target size: 902528, has normal: true
[Open3D INFO] after sample, target size: 400000, has normal: true
[Open3D INFO] source size: 28140, maxpoints_source_: 80000
[Open3D INFO] source size after voxel downsample: 20169
[Open3D INFO] after prerpocess: 20169
[Open3D INFO] reg_result.fitness: 0.989687, eva fitness: 0.996034
[INFO] [1773649527.168160823]: localization cost: 1212.698000 ms
[Open3D INFO] 

time_diff:1.21285 s, localization right now
[Open3D INFO] before sample, target size: 902528, has normal: true
[Open3D INFO] after sample, target size: 400000, has normal: true
[Open3D INFO] source size: 28287, maxpoints_source_: 80000
[Open3D INFO] source size after voxel downsample: 19785
[Open3D INFO] after prerpocess: 19785
[Open3D INFO] reg_result.fitness: 0.990043, eva fitness: 0.997119
[INFO] [1773649528.478352642]: localization cost: 1310.045000 ms
[Open3D INFO] 

time_diff:1.31016 s, localization right now
[Open3D INFO] before sample, target size: 902528, has normal: true
[Open3D INFO] after sample, target size: 400000, has normal: true
[Open3D INFO] source size: 27979, maxpoints_source_: 80000
[Open3D INFO] source size after voxel downsample: 20215
[Open3D INFO] after prerpocess: 20215
[Open3D INFO] reg_result.fitness: 0.991491, eva fitness: 0.997477
[INFO] [1773649529.744402270]: localization cost: 1265.925000 ms
[Open3D INFO] 

time_diff:1.26604 s, localization right now
[Open3D INFO] before sample, target size: 902528, has normal: true
[Open3D INFO] after sample, target size: 400000, has normal: true
[Open3D INFO] source size: 27957, maxpoints_source_: 80000
[Open3D INFO] source size after voxel downsample: 20330
[Open3D INFO] after prerpocess: 20330
[Open3D INFO] reg_result.fitness: 0.98849, eva fitness: 0.995327
[INFO] [1773649531.135866336]: localization cost: 1391.345000 ms
[Open3D INFO] 

time_diff:1.39145 s, localization right now
[Open3D INFO] before sample, target size: 902528, has normal: true
[Open3D INFO] after sample, target size: 400000, has normal: true
[Open3D INFO] source size: 28301, maxpoints_source_: 80000
[Open3D INFO] source size after voxel downsample: 19912
[Open3D INFO] after prerpocess: 19912
[Open3D INFO] reg_result.fitness: 0.983377, eva fitness: 0.994928
[INFO] [1773649532.133648071]: localization cost: 997.680000 ms
[Open3D INFO] 

time_diff:0.997768 s, localization right now
[Open3D INFO] before sample, target size: 902528, has normal: true
[Open3D INFO] after sample, target size: 400000, has normal: true
[Open3D INFO] source size: 28200, maxpoints_source_: 80000
[Open3D INFO] source size after voxel downsample: 19692
[Open3D INFO] after prerpocess: 19692
[Open3D INFO] reg_result.fitness: 0.989437, eva fitness: 0.997613
[INFO] [1773649533.391094271]: localization cost: 1257.337000 ms
[Open3D INFO] 

time_diff:1.25745 s, localization right now
[Open3D INFO] before sample, target size: 902528, has normal: true
[Open3D INFO] after sample, target size: 400000, has normal: true
[Open3D INFO] source size: 28158, maxpoints_source_: 80000
[Open3D INFO] source size after voxel downsample: 20122
[Open3D INFO] after prerpocess: 20122
[Open3D INFO] reg_result.fitness: 0.983749, eva fitness: 0.995577
[INFO] [1773649534.737236981]: localization cost: 1345.862000 ms
[Open3D INFO] 

time_diff:1.34596 s, localization right now
[Open3D INFO] before sample, target size: 902528, has normal: true
[Open3D INFO] after sample, target size: 400000, has normal: true
[Open3D INFO] source size: 27638, maxpoints_source_: 80000
[Open3D INFO] source size after voxel downsample: 20586
[Open3D INFO] after prerpocess: 20586
[Open3D INFO] reg_result.fitness: 0.990333, eva fitness: 0.997085
[INFO] [1773649535.987424612]: localization cost: 1250.048000 ms
[Open3D INFO] 

time_diff:1.25022 s, localization right now
[Open3D INFO] before sample, target size: 902528, has normal: true
[Open3D INFO] after sample, target size: 400000, has normal: true
[Open3D INFO] source size: 27595, maxpoints_source_: 80000
[Open3D INFO] source size after voxel downsample: 20610
[Open3D INFO] after prerpocess: 20610
[Open3D INFO] reg_result.fitness: 0.989326, eva fitness: 0.997331
[INFO] [1773649537.456235434]: localization cost: 1468.656000 ms
[Open3D INFO] 

time_diff:1.46883 s, localization right now
[Open3D INFO] before sample, target size: 902528, has normal: true
[Open3D INFO] after sample, target size: 400000, has normal: true
[Open3D INFO] source size: 27772, maxpoints_source_: 80000
[Open3D INFO] source size after voxel downsample: 20454
[Open3D INFO] after prerpocess: 20454
[Open3D INFO] reg_result.fitness: 0.990271, eva fitness: 0.996822
[INFO] [1773649538.871441630]: localization cost: 1415.019000 ms
[Open3D INFO] 

time_diff:1.41512 s, localization right now
[Open3D INFO] before sample, target size: 902528, has normal: true
[Open3D INFO] after sample, target size: 400000, has normal: true
[Open3D INFO] source size: 28064, maxpoints_source_: 80000
[Open3D INFO] source size after voxel downsample: 20437
[Open3D INFO] after prerpocess: 20437
[Open3D INFO] reg_result.fitness: 0.99178, eva fitness: 0.996722
[INFO] [1773649539.870198210]: localization cost: 998.653000 ms
[Open3D INFO] 

time_diff:0.998738 s, localization right now
[Open3D INFO] before sample, target size: 902528, has normal: true
[Open3D INFO] after sample, target size: 400000, has normal: true
[Open3D INFO] source size: 27925, maxpoints_source_: 80000
[Open3D INFO] source size after voxel downsample: 20441
[Open3D INFO] after prerpocess: 20441
[Open3D INFO] reg_result.fitness: 0.988748, eva fitness: 0.997065
[INFO] [1773649541.120309810]: localization cost: 1249.986000 ms
[Open3D INFO] 

time_diff:1.25012 s, localization right now
[Open3D INFO] before sample, target size: 902528, has normal: true
[Open3D INFO] after sample, target size: 400000, has normal: true
[Open3D INFO] source size: 27981, maxpoints_source_: 80000
[Open3D INFO] source size after voxel downsample: 20666
[Open3D INFO] after prerpocess: 20666
[Open3D INFO] reg_result.fitness: 0.987419, eva fitness: 0.995016
[INFO] [1773649542.221735495]: localization cost: 1101.135000 ms
[Open3D INFO] 

time_diff:1.10143 s, localization right now
[Open3D INFO] before sample, target size: 902528, has normal: true
[Open3D INFO] after sample, target size: 400000, has normal: true
[Open3D INFO] source size: 28102, maxpoints_source_: 80000
[Open3D INFO] source size after voxel downsample: 20574
[Open3D INFO] after prerpocess: 20574
[Open3D INFO] reg_result.fitness: 0.986488, eva fitness: 0.991834
[INFO] [1773649543.304879255]: localization cost: 1082.884000 ms
[Open3D INFO] 

time_diff:1.08298 s, localization right now
[Open3D INFO] before sample, target size: 902528, has normal: true
[Open3D INFO] after sample, target size: 400000, has normal: true
[Open3D INFO] source size: 27718, maxpoints_source_: 80000
[Open3D INFO] source size after voxel downsample: 20023
[Open3D INFO] after prerpocess: 20023
[Open3D INFO] reg_result.fitness: 0.988164, eva fitness: 0.993208
[INFO] [1773649544.524558922]: localization cost: 1219.570000 ms
[Open3D INFO] 

time_diff:1.21968 s, localization right now
[Open3D INFO] before sample, target size: 902528, has normal: true
[Open3D INFO] after sample, target size: 400000, has normal: true
[Open3D INFO] source size: 27709, maxpoints_source_: 80000
[Open3D INFO] source size after voxel downsample: 20591
[Open3D INFO] after prerpocess: 20591
[Open3D INFO] reg_result.fitness: 0.986548, eva fitness: 0.99291
[INFO] [1773649545.784946808]: localization cost: 1260.125000 ms
[Open3D INFO] 

time_diff:1.26023 s, localization right now
[Open3D INFO] before sample, target size: 902528, has normal: true
[Open3D INFO] after sample, target size: 400000, has normal: true
[Open3D INFO] source size: 27711, maxpoints_source_: 80000
[Open3D INFO] source size after voxel downsample: 20291
[Open3D INFO] after prerpocess: 20291
[Open3D INFO] reg_result.fitness: 0.987975, eva fitness: 0.993692
[INFO] [1773649546.821292801]: localization cost: 1036.225000 ms
[Open3D INFO] 

time_diff:1.03634 s, localization right now
[Open3D INFO] before sample, target size: 902528, has normal: true
[Open3D INFO] after sample, target size: 400000, has normal: true
[Open3D INFO] source size: 27957, maxpoints_source_: 80000
[Open3D INFO] source size after voxel downsample: 20341
[Open3D INFO] after prerpocess: 20341
[Open3D INFO] reg_result.fitness: 0.982449, eva fitness: 0.989234
[INFO] [1773649547.868021225]: localization cost: 1046.602000 ms
[Open3D INFO] 

time_diff:1.04673 s, localization right now
[Open3D INFO] before sample, target size: 902528, has normal: true
[Open3D INFO] after sample, target size: 400000, has normal: true
[Open3D INFO] source size: 27995, maxpoints_source_: 80000
[Open3D INFO] source size after voxel downsample: 20644
[Open3D INFO] after prerpocess: 20644
[Open3D INFO] reg_result.fitness: 0.984693, eva fitness: 0.993557
[INFO] [1773649549.127937112]: localization cost: 1259.765000 ms
[Open3D INFO] 

time_diff:1.25992 s, localization right now
[Open3D INFO] before sample, target size: 902528, has normal: true
[Open3D INFO] after sample, target size: 400000, has normal: true
[Open3D INFO] source size: 28111, maxpoints_source_: 80000
[Open3D INFO] source size after voxel downsample: 20553
[Open3D INFO] after prerpocess: 20553
[Open3D INFO] reg_result.fitness: 0.988274, eva fitness: 0.995135
[INFO] [1773649550.588729816]: localization cost: 1460.636000 ms
[Open3D INFO] 

time_diff:1.46077 s, localization right now
[Open3D INFO] before sample, target size: 902528, has normal: true
[Open3D INFO] after sample, target size: 400000, has normal: true
[Open3D INFO] source size: 28163, maxpoints_source_: 80000
[Open3D INFO] source size after voxel downsample: 20547
[Open3D INFO] after prerpocess: 20547
[Open3D INFO] reg_result.fitness: 0.988514, eva fitness: 0.995474
[INFO] [1773649551.959515326]: localization cost: 1370.663000 ms
[Open3D INFO] 

time_diff:1.37077 s, localization right now
[Open3D INFO] before sample, target size: 902528, has normal: true
[Open3D INFO] after sample, target size: 400000, has normal: true
[Open3D INFO] source size: 27947, maxpoints_source_: 80000
[Open3D INFO] source size after voxel downsample: 20615
[Open3D INFO] after prerpocess: 20615
[Open3D INFO] reg_result.fitness: 0.985545, eva fitness: 0.994761
[INFO] [1773649553.470980728]: localization cost: 1511.348000 ms
[Open3D INFO] 

time_diff:1.51146 s, localization right now
[Open3D INFO] before sample, target size: 902528, has normal: true
[Open3D INFO] after sample, target size: 400000, has normal: true
[Open3D INFO] source size: 27520, maxpoints_source_: 80000
[Open3D INFO] source size after voxel downsample: 20510
[Open3D INFO] after prerpocess: 20510
[Open3D INFO] reg_result.fitness: 0.987079, eva fitness: 0.996441
[INFO] [1773649554.962005077]: localization cost: 1490.905000 ms
[Open3D INFO] 

time_diff:1.49101 s, localization right now
[Open3D INFO] before sample, target size: 902528, has normal: true
[Open3D INFO] after sample, target size: 400000, has normal: true
[Open3D INFO] source size: 27705, maxpoints_source_: 80000
[Open3D INFO] source size after voxel downsample: 20516
[Open3D INFO] after prerpocess: 20516
[Open3D INFO] reg_result.fitness: 0.984402, eva fitness: 0.992006
[INFO] [1773649556.382178554]: localization cost: 1419.986000 ms
[Open3D INFO] 

time_diff:1.42019 s, localization right now
[Open3D INFO] before sample, target size: 902528, has normal: true
[Open3D INFO] after sample, target size: 400000, has normal: true
[Open3D INFO] source size: 27854, maxpoints_source_: 80000
[Open3D INFO] source size after voxel downsample: 20586
[Open3D INFO] after prerpocess: 20586
[Open3D INFO] reg_result.fitness: 0.982755, eva fitness: 0.989702
[INFO] [1773649557.755145816]: localization cost: 1372.829000 ms
[Open3D INFO] 

time_diff:1.37297 s, localization right now
[Open3D INFO] before sample, target size: 902528, has normal: true
[Open3D INFO] after sample, target size: 400000, has normal: true
[Open3D INFO] source size: 27763, maxpoints_source_: 80000
[Open3D INFO] source size after voxel downsample: 20438
[Open3D INFO] after prerpocess: 20438
[Open3D INFO] reg_result.fitness: 0.982826, eva fitness: 0.990361
[INFO] [1773649559.496091973]: localization cost: 1740.787000 ms
[Open3D INFO] 

time_diff:1.74090 s, localization right now
[Open3D INFO] before sample, target size: 902528, has normal: true
[Open3D INFO] after sample, target size: 400000, has normal: true
[Open3D INFO] source size: 27807, maxpoints_source_: 80000
[Open3D INFO] source size after voxel downsample: 20510
[Open3D INFO] after prerpocess: 20510
[Open3D INFO] reg_result.fitness: 0.984544, eva fitness: 0.992345
[INFO] [1773649561.041012467]: localization cost: 1544.587000 ms
[Open3D INFO] 

time_diff:1.54475 s, localization right now
[Open3D INFO] before sample, target size: 902528, has normal: true
[Open3D INFO] after sample, target size: 400000, has normal: true
[Open3D INFO] source size: 27832, maxpoints_source_: 80000
[Open3D INFO] source size after voxel downsample: 20394
[Open3D INFO] after prerpocess: 20394
[Open3D INFO] reg_result.fitness: 0.974895, eva fitness: 0.984407
[INFO] [1773649562.820456546]: localization cost: 1779.306000 ms
[Open3D INFO] 

time_diff:1.77943 s, localization right now
[Open3D INFO] before sample, target size: 902528, has normal: true
[Open3D INFO] after sample, target size: 400000, has normal: true
[Open3D INFO] source size: 28511, maxpoints_source_: 80000
[Open3D INFO] source size after voxel downsample: 20605
[Open3D INFO] after prerpocess: 20605
[Open3D INFO] reg_result.fitness: 0.965494, eva fitness: 0.980539
[INFO] [1773649564.493228558]: localization cost: 1672.665000 ms
[Open3D INFO] 

time_diff:1.67276 s, localization right now
[Open3D INFO] before sample, target size: 902528, has normal: true
[Open3D INFO] after sample, target size: 400000, has normal: true
[Open3D INFO] source size: 27704, maxpoints_source_: 80000
[Open3D INFO] source size after voxel downsample: 19096
[Open3D INFO] after prerpocess: 19096
mat_odom2map_
  -0.152908     0.98819 -0.00995636     8.66987
  -0.986594   -0.152064   0.0592289     1.25296
  0.0570154   0.0188795    0.998195     1.95561
          0           0           0           1
confidence_loc_th_: 0.7 current confidence: 0.980539
initpose:x y z, x y z w
8.32182 -0.671647 2.2382 -0.00498326 -0.0062586 -0.0890203 0.995998
[Open3D INFO] reg_result.fitness: 0.986961, eva fitness: 0.995182


*** update mat_odom2map_
mat_odom2map_
[INFO] [1773649566.109391603]: localization cost: 1616.042000 ms
   0.984072     0.17739  -0.0115799     8.32182
  -0.177266    0.984101   0.0110409   -0.671647
  0.0133543 -0.00881235    0.999872      2.2382
          0           0           0           1
[Open3D INFO] 

time_diff:1.61617 s, localization right now
[Open3D INFO] before sample, target size: 902528, has normal: true
[Open3D INFO] after sample, target size: 400000, has normal: true
[Open3D INFO] source size: 28120, maxpoints_source_: 80000
[Open3D INFO] source size after voxel downsample: 19782
[Open3D INFO] after prerpocess: 19782
[Open3D INFO] reg_result.fitness: 0.171065, eva fitness: 0.278384
[INFO] [1773649568.322871834]: localization cost: 2213.350000 ms
[Open3D INFO] 

time_diff:2.21346 s, localization right now
[Open3D INFO] 
***
****
***


last map update loc: x: 5.74233, y: -1.24607, z1.29286,
                now loc: x: 11.0325, y: -0.917411, z2.19804, 3d distance: 5.37714, now needpdate submap
[INFO] [1773649568.397724870]: submap_cost: 74.535000 ms
[Open3D INFO] before sample, target size: 933071, has normal: true
[Open3D INFO] after sample, target size: 400000, has normal: true
[Open3D INFO] source size: 27960, maxpoints_source_: 80000
[Open3D INFO] source size after voxel downsample: 19695
[Open3D INFO] after prerpocess: 19695
[Open3D INFO] reg_result.fitness: 0.157096, eva fitness: 0.266108
[INFO] [1773649570.546524448]: localization cost: 2223.533000 ms
[Open3D INFO] 

time_diff:2.22378 s, localization right now
[Open3D INFO] before sample, target size: 933071, has normal: true
[Open3D INFO] after sample, target size: 400000, has normal: true
[Open3D INFO] source size: 28070, maxpoints_source_: 80000
[Open3D INFO] source size after voxel downsample: 20774
[Open3D INFO] after prerpocess: 20774
[Open3D INFO] reg_result.fitness: 0.165688, eva fitness: 0.265909
[INFO] [1773649572.566691678]: localization cost: 2019.907000 ms
[Open3D INFO] 

time_diff:2.02002 s, localization right now
[Open3D INFO] before sample, target size: 933071, has normal: true
[Open3D INFO] after sample, target size: 400000, has normal: true
[Open3D INFO] source size: 27818, maxpoints_source_: 80000
[Open3D INFO] source size after voxel downsample: 20517
[Open3D INFO] after prerpocess: 20517
[Open3D INFO] reg_result.fitness: 0.15938, eva fitness: 0.267534
[INFO] [1773649575.456985732]: localization cost: 2890.175000 ms
[Open3D INFO] 

time_diff:2.89027 s, localization right now
[Open3D INFO] before sample, target size: 933071, has normal: true
[Open3D INFO] after sample, target size: 400000, has normal: true
[Open3D INFO] source size: 28148, maxpoints_source_: 80000
[Open3D INFO] source size after voxel downsample: 20791
[Open3D INFO] after prerpocess: 20791
[Open3D INFO] reg_result.fitness: 0.160550, eva fitness: 0.272426
[INFO] [1773649577.372702007]: localization cost: 1915.583000 ms
[Open3D INFO] 

time_diff:1.91583 s, localization right now
[Open3D INFO] before sample, target size: 933071, has normal: true
[Open3D INFO] after sample, target size: 400000, has normal: true
[Open3D INFO] source size: 27942, maxpoints_source_: 80000
[Open3D INFO] source size after voxel downsample: 20676
[Open3D INFO] after prerpocess: 20676
[Open3D INFO] reg_result.fitness: 0.152496, eva fitness: 0.260592
[INFO] [1773649579.664718717]: localization cost: 2291.785000 ms
[Open3D INFO] 

time_diff:2.29189 s, localization right now
[Open3D INFO] before sample, target size: 933071, has normal: true
[Open3D INFO] after sample, target size: 400000, has normal: true
[Open3D INFO] source size: 27954, maxpoints_source_: 80000
[Open3D INFO] source size after voxel downsample: 20392
[Open3D INFO] after prerpocess: 20392
[Open3D INFO] reg_result.fitness: 0.156385, eva fitness: 0.263878
[INFO] [1773649581.866744828]: localization cost: 2201.914000 ms
[Open3D INFO] 

time_diff:2.20202 s, localization right now
[Open3D INFO] before sample, target size: 933071, has normal: true
[Open3D INFO] after sample, target size: 400000, has normal: true
[Open3D INFO] source size: 27799, maxpoints_source_: 80000
[Open3D INFO] source size after voxel downsample: 20374
[Open3D INFO] after prerpocess: 20374
[Open3D INFO] reg_result.fitness: 0.164131, eva fitness: 0.266663
[INFO] [1773649584.285863060]: localization cost: 2418.902000 ms
[Open3D INFO] 

time_diff:2.41911 s, localization right now
[Open3D INFO] before sample, target size: 933071, has normal: true
[Open3D INFO] after sample, target size: 400000, has normal: true
[Open3D INFO] source size: 28029, maxpoints_source_: 80000
[Open3D INFO] source size after voxel downsample: 21022
[Open3D INFO] after prerpocess: 21022
[Open3D INFO] reg_result.fitness: 0.147893, eva fitness: 0.256874
[INFO] [1773649586.778983808]: localization cost: 2492.988000 ms
[Open3D INFO] 

time_diff:2.49317 s, localization right now
[Open3D INFO] before sample, target size: 933071, has normal: true
[Open3D INFO] after sample, target size: 400000, has normal: true
[Open3D INFO] source size: 27783, maxpoints_source_: 80000
[Open3D INFO] source size after voxel downsample: 20698
[Open3D INFO] after prerpocess: 20698
[Open3D INFO] reg_result.fitness: 0.153396, eva fitness: 0.256885
[INFO] [1773649589.116752568]: localization cost: 2337.543000 ms
[Open3D INFO] 

time_diff:2.33772 s, localization right now
[Open3D INFO] before sample, target size: 933071, has normal: true
[Open3D INFO] after sample, target size: 400000, has normal: true
[Open3D INFO] source size: 27889, maxpoints_source_: 80000
[Open3D INFO] source size after voxel downsample: 20681
[Open3D INFO] after prerpocess: 20681
[Open3D INFO] reg_result.fitness: 0.156907, eva fitness: 0.259755
[INFO] [1773649591.223330526]: localization cost: 2106.382000 ms
[Open3D INFO] 

time_diff:2.10648 s, localization right now
[Open3D INFO] before sample, target size: 933071, has normal: true
[Open3D INFO] after sample, target size: 400000, has normal: true
[Open3D INFO] source size: 27812, maxpoints_source_: 80000
[Open3D INFO] source size after voxel downsample: 20681
[Open3D INFO] after prerpocess: 20681
[Open3D INFO] reg_result.fitness: 0.160679, eva fitness: 0.26725
[INFO] [1773649593.130123594]: localization cost: 1906.692000 ms
[Open3D INFO] 

time_diff:1.90678 s, localization right now
[Open3D INFO] before sample, target size: 933071, has normal: true
[Open3D INFO] after sample, target size: 400000, has normal: true
[Open3D INFO] source size: 27675, maxpoints_source_: 80000
[Open3D INFO] source size after voxel downsample: 21127
[Open3D INFO] after prerpocess: 21127
[Open3D INFO] reg_result.fitness: 0.158802, eva fitness: 0.267383
[INFO] [1773649595.368300009]: localization cost: 2238.042000 ms
[Open3D INFO] 

time_diff:2.2382 s, localization right now
[Open3D INFO] before sample, target size: 933071, has normal: true
[Open3D INFO] after sample, target size: 400000, has normal: true
[Open3D INFO] source size: 27733, maxpoints_source_: 80000
[Open3D INFO] source size after voxel downsample: 20691
[Open3D INFO] after prerpocess: 20691
[Open3D INFO] reg_result.fitness: 0.145909, eva fitness: 0.255377
[INFO] [1773649597.639419671]: localization cost: 2270.822000 ms
[Open3D INFO] 

time_diff:2.27093 s, localization right now
[Open3D INFO] before sample, target size: 933071, has normal: true
[Open3D INFO] after sample, target size: 400000, has normal: true
[Open3D INFO] source size: 28458, maxpoints_source_: 80000
[Open3D INFO] source size after voxel downsample: 20502
[Open3D INFO] after prerpocess: 20502
[Open3D INFO] reg_result.fitness: 0.193835, eva fitness: 0.302458
[INFO] [1773649599.492468852]: localization cost: 1852.806000 ms
[Open3D INFO] 

time_diff:1.85291 s, localization right now
[Open3D INFO] before sample, target size: 933071, has normal: true
[Open3D INFO] after sample, target size: 400000, has normal: true
[Open3D INFO] source size: 28546, maxpoints_source_: 80000
[Open3D INFO] source size after voxel downsample: 19407
[Open3D INFO] after prerpocess: 19407
[Open3D INFO] reg_result.fitness: 0.185345, eva fitness: 0.28768
[INFO] [1773649601.308636363]: localization cost: 1815.934000 ms
[Open3D INFO] 

time_diff:1.81604 s, localization right now
[Open3D INFO] before sample, target size: 933071, has normal: true
[Open3D INFO] after sample, target size: 400000, has normal: true
[Open3D INFO] source size: 27892, maxpoints_source_: 80000
[Open3D INFO] source size after voxel downsample: 17890
[Open3D INFO] after prerpocess: 17890
[Open3D INFO] reg_result.fitness: 0.178312, eva fitness: 0.275908
[INFO] [1773649603.047099204]: localization cost: 1738.238000 ms
[Open3D INFO] 

time_diff:1.73833 s, localization right now
[Open3D INFO] before sample, target size: 933071, has normal: true
[Open3D INFO] after sample, target size: 400000, has normal: true
[Open3D INFO] source size: 26641, maxpoints_source_: 80000
[Open3D INFO] source size after voxel downsample: 15928
[Open3D INFO] after prerpocess: 15928
[Open3D INFO] reg_result.fitness: 0.167378, eva fitness: 0.260924
[INFO] [1773649604.925330104]: localization cost: 1878.075000 ms
[Open3D INFO] 

time_diff:1.87823 s, localization right now
[Open3D INFO] before sample, target size: 933071, has normal: true
[Open3D INFO] after sample, target size: 400000, has normal: true
[Open3D INFO] source size: 26153, maxpoints_source_: 80000
[Open3D INFO] source size after voxel downsample: 15627
[Open3D INFO] after prerpocess: 15627
[Open3D INFO] reg_result.fitness: 0.170218, eva fitness: 0.259487
[INFO] [1773649606.920088534]: localization cost: 1994.623000 ms
[Open3D INFO] 

time_diff:1.99476 s, localization right now
[Open3D INFO] before sample, target size: 933071, has normal: true
[Open3D INFO] after sample, target size: 400000, has normal: true
[Open3D INFO] source size: 26376, maxpoints_source_: 80000
[Open3D INFO] source size after voxel downsample: 15757
[Open3D INFO] after prerpocess: 15757
[Open3D INFO] reg_result.fitness: 0.176366, eva fitness: 0.265279
[INFO] [1773649608.937572577]: localization cost: 2017.351000 ms
[Open3D INFO] 

time_diff:2.01745 s, localization right now
[Open3D INFO] before sample, target size: 933071, has normal: true
[Open3D INFO] after sample, target size: 400000, has normal: true
[Open3D INFO] source size: 26351, maxpoints_source_: 80000
[Open3D INFO] source size after voxel downsample: 15695
[Open3D INFO] after prerpocess: 15695
[Open3D INFO] reg_result.fitness: 0.173877, eva fitness: 0.258681
[INFO] [1773649610.594608885]: localization cost: 1656.930000 ms
[Open3D INFO] 

time_diff:1.65703 s, localization right now
[Open3D INFO] before sample, target size: 933071, has normal: true
[Open3D INFO] after sample, target size: 400000, has normal: true
[Open3D INFO] source size: 26635, maxpoints_source_: 80000
[Open3D INFO] source size after voxel downsample: 15709
[Open3D INFO] after prerpocess: 15709
[Open3D INFO] reg_result.fitness: 0.16882, eva fitness: 0.252721
[INFO] [1773649612.495304052]: localization cost: 1900.575000 ms
[Open3D INFO] 

time_diff:1.90069 s, localization right now
[Open3D INFO] before sample, target size: 933071, has normal: true
[Open3D INFO] after sample, target size: 400000, has normal: true
[Open3D INFO] source size: 26424, maxpoints_source_: 80000
[Open3D INFO] source size after voxel downsample: 16220
[Open3D INFO] after prerpocess: 16220
[Open3D INFO] reg_result.fitness: 0.166461, eva fitness: 0.25111
[INFO] [1773649614.475075269]: localization cost: 1979.663000 ms
[Open3D INFO] 

time_diff:1.97975 s, localization right now
[Open3D INFO] before sample, target size: 933071, has normal: true
[Open3D INFO] after sample, target size: 400000, has normal: true
[Open3D INFO] source size: 26188, maxpoints_source_: 80000
[Open3D INFO] source size after voxel downsample: 16151
[Open3D INFO] after prerpocess: 16151
[Open3D INFO] reg_result.fitness: 0.172621, eva fitness: 0.256517
[INFO] [1773649616.127672343]: localization cost: 1652.500000 ms
[Open3D INFO] 

time_diff:1.65258 s, localization right now
[Open3D INFO] before sample, target size: 933071, has normal: true
[Open3D INFO] after sample, target size: 400000, has normal: true
[Open3D INFO] source size: 26112, maxpoints_source_: 80000
[Open3D INFO] source size after voxel downsample: 15908
[Open3D INFO] after prerpocess: 15908
[Open3D INFO] reg_result.fitness: 0.165326, eva fitness: 0.257481
[INFO] [1773649617.921670011]: localization cost: 1793.898000 ms
[Open3D INFO] 

time_diff:1.794 s, localization right now
[Open3D INFO] before sample, target size: 933071, has normal: true
[Open3D INFO] after sample, target size: 400000, has normal: true
[Open3D INFO] source size: 26346, maxpoints_source_: 80000
[Open3D INFO] source size after voxel downsample: 15857
[Open3D INFO] after prerpocess: 15857
[Open3D INFO] reg_result.fitness: 0.167182, eva fitness: 0.259255
[INFO] [1773649619.814146120]: localization cost: 1892.376000 ms
[Open3D INFO] 

time_diff:1.89246 s, localization right now
[Open3D INFO] before sample, target size: 933071, has normal: true
[Open3D INFO] after sample, target size: 400000, has normal: true
[Open3D INFO] source size: 26268, maxpoints_source_: 80000
[Open3D INFO] source size after voxel downsample: 15880
[Open3D INFO] after prerpocess: 15880
[Open3D INFO] reg_result.fitness: 0.178652, eva fitness: 0.270088
[INFO] [1773649621.479703490]: localization cost: 1665.441000 ms
[Open3D INFO] 

time_diff:1.66555 s, localization right now
[Open3D INFO] before sample, target size: 933071, has normal: true
[Open3D INFO] after sample, target size: 400000, has normal: true
[Open3D INFO] source size: 26336, maxpoints_source_: 80000
[Open3D INFO] source size after voxel downsample: 16053
[Open3D INFO] after prerpocess: 16053
[Open3D INFO] reg_result.fitness: 0.174173, eva fitness: 0.262194
[INFO] [1773649623.319735243]: localization cost: 1839.917000 ms
[Open3D INFO] 

time_diff:1.84002 s, localization right now
[Open3D INFO] before sample, target size: 933071, has normal: true
[Open3D INFO] after sample, target size: 400000, has normal: true
[Open3D INFO] source size: 26403, maxpoints_source_: 80000
[Open3D INFO] source size after voxel downsample: 15981
[Open3D INFO] after prerpocess: 15981
[Open3D INFO] reg_result.fitness: 0.171454, eva fitness: 0.25862
[INFO] [1773649625.246999887]: localization cost: 1927.130000 ms
[Open3D INFO] 

time_diff:1.92728 s, localization right now
[Open3D INFO] before sample, target size: 933071, has normal: true
[Open3D INFO] after sample, target size: 400000, has normal: true
[Open3D INFO] source size: 25997, maxpoints_source_: 80000
[Open3D INFO] source size after voxel downsample: 15838
[Open3D INFO] after prerpocess: 15838
[Open3D INFO] reg_result.fitness: 0.168898, eva fitness: 0.256093
[INFO] [1773649627.359400262]: localization cost: 2112.263000 ms
[Open3D INFO] 

time_diff:2.11237 s, localization right now
[Open3D INFO] before sample, target size: 933071, has normal: true
[Open3D INFO] after sample, target size: 400000, has normal: true
[Open3D INFO] source size: 26179, maxpoints_source_: 80000
[Open3D INFO] source size after voxel downsample: 15916
[Open3D INFO] after prerpocess: 15916
[Open3D INFO] reg_result.fitness: 0.169264, eva fitness: 0.254901
[INFO] [1773649628.912806798]: localization cost: 1553.295000 ms
[Open3D INFO] 

time_diff:1.55339 s, localization right now
[Open3D INFO] before sample, target size: 933071, has normal: true
[Open3D INFO] after sample, target size: 400000, has normal: true
[Open3D INFO] source size: 26340, maxpoints_source_: 80000
[Open3D INFO] source size after voxel downsample: 15895
[Open3D INFO] after prerpocess: 15895
[Open3D INFO] reg_result.fitness: 0.164517, eva fitness: 0.251589
[INFO] [1773649630.600390000]: localization cost: 1687.478000 ms
[Open3D INFO] 

time_diff:1.68758 s, localization right now
[Open3D INFO] before sample, target size: 933071, has normal: true
[Open3D INFO] after sample, target size: 400000, has normal: true
[Open3D INFO] source size: 26337, maxpoints_source_: 80000
[Open3D INFO] source size after voxel downsample: 16028
[Open3D INFO] after prerpocess: 16028
[Open3D INFO] reg_result.fitness: 0.167894, eva fitness: 0.25262
[INFO] [1773649632.528727026]: localization cost: 1928.232000 ms
[Open3D INFO] 

time_diff:1.92837 s, localization right now
[Open3D INFO] before sample, target size: 933071, has normal: true
[Open3D INFO] after sample, target size: 400000, has normal: true
[Open3D INFO] source size: 26338, maxpoints_source_: 80000
[Open3D INFO] source size after voxel downsample: 15825
[Open3D INFO] after prerpocess: 15825
[Open3D INFO] reg_result.fitness: 0.171627, eva fitness: 0.269763
[INFO] [1773649634.552026415]: localization cost: 2023.145000 ms
[Open3D INFO] 

time_diff:2.02324 s, localization right now
[Open3D INFO] before sample, target size: 933071, has normal: true
[Open3D INFO] after sample, target size: 400000, has normal: true
[Open3D INFO] source size: 26583, maxpoints_source_: 80000
[Open3D INFO] source size after voxel downsample: 16055
[Open3D INFO] after prerpocess: 16055
[Open3D INFO] reg_result.fitness: 0.182186, eva fitness: 0.268452
[INFO] [1773649636.678051422]: localization cost: 2125.858000 ms
[Open3D INFO] 

time_diff:2.12606 s, localization right now
[Open3D INFO] before sample, target size: 933071, has normal: true
[Open3D INFO] after sample, target size: 400000, has normal: true
[Open3D INFO] source size: 26246, maxpoints_source_: 80000
[Open3D INFO] source size after voxel downsample: 15821
[Open3D INFO] after prerpocess: 15821
[Open3D INFO] reg_result.fitness: 0.185323, eva fitness: 0.272043
[INFO] [1773649638.668704162]: localization cost: 1990.255000 ms
[Open3D INFO] 

time_diff:1.99037 s, localization right now
[Open3D INFO] before sample, target size: 933071, has normal: true
[Open3D INFO] after sample, target size: 400000, has normal: true
[Open3D INFO] source size: 26018, maxpoints_source_: 80000
[Open3D INFO] source size after voxel downsample: 15846
[Open3D INFO] after prerpocess: 15846
[Open3D INFO] reg_result.fitness: 0.16471, eva fitness: 0.256784
[INFO] [1773649640.611552252]: localization cost: 1942.733000 ms
[Open3D INFO] 

time_diff:1.94283 s, localization right now
[Open3D INFO] before sample, target size: 933071, has normal: true
[Open3D INFO] after sample, target size: 400000, has normal: true
[Open3D INFO] source size: 26223, maxpoints_source_: 80000
[Open3D INFO] source size after voxel downsample: 15854
[Open3D INFO] after prerpocess: 15854
[Open3D INFO] reg_result.fitness: 0.172764, eva fitness: 0.264665
[INFO] [1773649642.495073856]: localization cost: 1883.415000 ms
[Open3D INFO] 

time_diff:1.88351 s, localization right now
[Open3D INFO] before sample, target size: 933071, has normal: true
[Open3D INFO] after sample, target size: 400000, has normal: true
[Open3D INFO] source size: 26280, maxpoints_source_: 80000
[Open3D INFO] source size after voxel downsample: 15919
[Open3D INFO] after prerpocess: 15919
[Open3D INFO] reg_result.fitness: 0.165086, eva fitness: 0.251209
[INFO] [1773649644.489829056]: localization cost: 1994.582000 ms
[Open3D INFO] 

time_diff:1.99477 s, localization right now
[Open3D INFO] before sample, target size: 933071, has normal: true
[Open3D INFO] after sample, target size: 400000, has normal: true
[Open3D INFO] source size: 26052, maxpoints_source_: 80000
[Open3D INFO] source size after voxel downsample: 15660
[Open3D INFO] after prerpocess: 15660
[Open3D INFO] reg_result.fitness: 0.171073, eva fitness: 0.257663
[INFO] [1773649646.478121941]: localization cost: 1988.139000 ms
[Open3D INFO] 

time_diff:1.98825 s, localization right now
[Open3D INFO] before sample, target size: 933071, has normal: true
[Open3D INFO] after sample, target size: 400000, has normal: true
[Open3D INFO] source size: 26027, maxpoints_source_: 80000
[Open3D INFO] source size after voxel downsample: 15973
[Open3D INFO] after prerpocess: 15973
[Open3D INFO] reg_result.fitness: 0.17611, eva fitness: 0.268891
[INFO] [1773649648.116383948]: localization cost: 1638.142000 ms
[Open3D INFO] 

time_diff:1.63826 s, localization right now
[Open3D INFO] before sample, target size: 933071, has normal: true
[Open3D INFO] after sample, target size: 400000, has normal: true
[Open3D INFO] source size: 26128, maxpoints_source_: 80000
[Open3D INFO] source size after voxel downsample: 15935
[Open3D INFO] after prerpocess: 15935
[Open3D INFO] reg_result.fitness: 0.171195, eva fitness: 0.253467
[INFO] [1773649649.771157782]: localization cost: 1654.664000 ms
[Open3D INFO] 

time_diff:1.65475 s, localization right now
[Open3D INFO] before sample, target size: 933071, has normal: true
[Open3D INFO] after sample, target size: 400000, has normal: true
[Open3D INFO] source size: 26426, maxpoints_source_: 80000
[Open3D INFO] source size after voxel downsample: 16287
[Open3D INFO] after prerpocess: 16287
[Open3D INFO] reg_result.fitness: 0.162277, eva fitness: 0.250261
[INFO] [1773649651.660136517]: localization cost: 1888.869000 ms
[Open3D INFO] 

time_diff:1.88898 s, localization right now
[Open3D INFO] before sample, target size: 933071, has normal: true
[Open3D INFO] after sample, target size: 400000, has normal: true
[Open3D INFO] source size: 26354, maxpoints_source_: 80000
[Open3D INFO] source size after voxel downsample: 15994
[Open3D INFO] after prerpocess: 15994
[Open3D INFO] reg_result.fitness: 0.159372, eva fitness: 0.248906
[INFO] [1773649653.936237201]: localization cost: 2275.961000 ms
[Open3D INFO] 

time_diff:2.27611 s, localization right now
[Open3D INFO] before sample, target size: 933071, has normal: true
[Open3D INFO] after sample, target size: 400000, has normal: true
[Open3D INFO] source size: 26607, maxpoints_source_: 80000
[Open3D INFO] source size after voxel downsample: 16251
[Open3D INFO] after prerpocess: 16251
[Open3D INFO] reg_result.fitness: 0.164544, eva fitness: 0.248046
[INFO] [1773649656.127603219]: localization cost: 2191.116000 ms
[Open3D INFO] 

time_diff:2.19137 s, localization right now
[Open3D INFO] before sample, target size: 933071, has normal: true
[Open3D INFO] after sample, target size: 400000, has normal: true
[Open3D INFO] source size: 27221, maxpoints_source_: 80000
[Open3D INFO] source size after voxel downsample: 17287
[Open3D INFO] after prerpocess: 17287
[Open3D INFO] reg_result.fitness: 0.149534, eva fitness: 0.22676
[INFO] [1773649658.185800880]: localization cost: 2057.981000 ms
[Open3D INFO] 

time_diff:2.0581 s, localization right now
[Open3D INFO] before sample, target size: 933071, has normal: true
[Open3D INFO] after sample, target size: 400000, has normal: true
[Open3D INFO] source size: 26630, maxpoints_source_: 80000
[Open3D INFO] source size after voxel downsample: 16890
[Open3D INFO] after prerpocess: 16890
[Open3D INFO] reg_result.fitness: 0.150681, eva fitness: 0.234577
[INFO] [1773649660.238266891]: localization cost: 2052.133000 ms
[Open3D INFO] 

time_diff:2.05261 s, localization right now
[Open3D INFO] before sample, target size: 933071, has normal: true
[Open3D INFO] after sample, target size: 400000, has normal: true
[Open3D INFO] source size: 26729, maxpoints_source_: 80000
[Open3D INFO] source size after voxel downsample: 16803
[Open3D INFO] after prerpocess: 16803
[Open3D INFO] reg_result.fitness: 0.149378, eva fitness: 0.229899
[INFO] [1773649662.359018389]: localization cost: 2120.434000 ms
[Open3D INFO] 

time_diff:2.12059 s, localization right now
[Open3D INFO] before sample, target size: 933071, has normal: true
[Open3D INFO] after sample, target size: 400000, has normal: true
[Open3D INFO] source size: 26305, maxpoints_source_: 80000
[Open3D INFO] source size after voxel downsample: 16726
[Open3D INFO] after prerpocess: 16726
[Open3D INFO] reg_result.fitness: 0.151441, eva fitness: 0.237953
[INFO] [1773649664.665991280]: localization cost: 2306.830000 ms
[Open3D INFO] 

time_diff:2.30695 s, localization right now
[Open3D INFO] before sample, target size: 933071, has normal: true
[Open3D INFO] after sample, target size: 400000, has normal: true
[Open3D INFO] source size: 26774, maxpoints_source_: 80000
[Open3D INFO] source size after voxel downsample: 16604
[Open3D INFO] after prerpocess: 16604
[Open3D INFO] reg_result.fitness: 0.166044, eva fitness: 0.251987
[INFO] [1773649667.053503309]: localization cost: 2387.394000 ms
[Open3D INFO] 

time_diff:2.38748 s, localization right now
[Open3D INFO] before sample, target size: 933071, has normal: true
[Open3D INFO] after sample, target size: 400000, has normal: true
[Open3D INFO] source size: 26988, maxpoints_source_: 80000
[Open3D INFO] source size after voxel downsample: 17180
[Open3D INFO] after prerpocess: 17180
[Open3D INFO] reg_result.fitness: 0.151455, eva fitness: 0.237078
[INFO] [1773649669.079346944]: localization cost: 2025.714000 ms
[Open3D INFO] 

time_diff:2.02587 s, localization right now
[Open3D INFO] before sample, target size: 933071, has normal: true
[Open3D INFO] after sample, target size: 400000, has normal: true
[Open3D INFO] source size: 26620, maxpoints_source_: 80000
[Open3D INFO] source size after voxel downsample: 17485
[Open3D INFO] after prerpocess: 17485
[Open3D INFO] reg_result.fitness: 0.158593, eva fitness: 0.237518
[INFO] [1773649671.012564036]: localization cost: 1933.073000 ms
[Open3D INFO] 

time_diff:1.93328 s, localization right now
[Open3D INFO] before sample, target size: 933071, has normal: true
[Open3D INFO] after sample, target size: 400000, has normal: true
[Open3D INFO] source size: 26684, maxpoints_source_: 80000
[Open3D INFO] source size after voxel downsample: 17705
[Open3D INFO] after prerpocess: 17705
[Open3D INFO] reg_result.fitness: 0.13917, eva fitness: 0.216605
[INFO] [1773649672.518605150]: localization cost: 1505.817000 ms
[Open3D INFO] 

time_diff:1.50591 s, localization right now
[Open3D INFO] before sample, target size: 933071, has normal: true
[Open3D INFO] after sample, target size: 400000, has normal: true
[Open3D INFO] source size: 27191, maxpoints_source_: 80000
[Open3D INFO] source size after voxel downsample: 18003
[Open3D INFO] after prerpocess: 18003
[Open3D INFO] reg_result.fitness: 0.145587, eva fitness: 0.228517
[INFO] [1773649674.240960076]: localization cost: 1722.254000 ms
[Open3D INFO] 

time_diff:1.72235 s, localization right now
[Open3D INFO] before sample, target size: 933071, has normal: true
[Open3D INFO] after sample, target size: 400000, has normal: true
[Open3D INFO] source size: 27064, maxpoints_source_: 80000
[Open3D INFO] source size after voxel downsample: 17717
[Open3D INFO] after prerpocess: 17717
[Open3D INFO] reg_result.fitness: 0.137608, eva fitness: 0.218604
[INFO] [1773649676.033910033]: localization cost: 1792.845000 ms
[Open3D INFO] 

time_diff:1.79295 s, localization right now
[Open3D INFO] before sample, target size: 933071, has normal: true
[Open3D INFO] after sample, target size: 400000, has normal: true
[Open3D INFO] source size: 26950, maxpoints_source_: 80000
[Open3D INFO] source size after voxel downsample: 19913
[Open3D INFO] after prerpocess: 19913
[Open3D INFO] reg_result.fitness: 0.208758, eva fitness: 0.298549
[INFO] [1773649678.220291966]: localization cost: 2186.270000 ms
[Open3D INFO] 

time_diff:2.18636 s, localization right now
[Open3D INFO] before sample, target size: 933071, has normal: true
[Open3D INFO] after sample, target size: 400000, has normal: true
[Open3D INFO] source size: 27874, maxpoints_source_: 80000
[Open3D INFO] source size after voxel downsample: 20016
[Open3D INFO] after prerpocess: 20016
[Open3D INFO] reg_result.fitness: 0.152978, eva fitness: 0.257544
[INFO] [1773649680.038077259]: localization cost: 1817.675000 ms
[Open3D INFO] 

time_diff:1.81778 s, localization right now
[Open3D INFO] before sample, target size: 933071, has normal: true
[Open3D INFO] after sample, target size: 400000, has normal: true
[Open3D INFO] source size: 27543, maxpoints_source_: 80000
[Open3D INFO] source size after voxel downsample: 20643
[Open3D INFO] after prerpocess: 20643
[Open3D INFO] reg_result.fitness: 0.137625, eva fitness: 0.247348
[INFO] [1773649681.946314628]: localization cost: 1908.138000 ms
[Open3D INFO] 

time_diff:1.90822 s, localization right now
[Open3D INFO] before sample, target size: 933071, has normal: true
[Open3D INFO] after sample, target size: 400000, has normal: true
[Open3D INFO] source size: 27288, maxpoints_source_: 80000
[Open3D INFO] source size after voxel downsample: 20275
[Open3D INFO] after prerpocess: 20275
[Open3D INFO] reg_result.fitness: 0.117090, eva fitness: 0.21746
[INFO] [1773649684.000525020]: localization cost: 2054.092000 ms
[Open3D INFO] 

time_diff:2.05422 s, localization right now
[Open3D INFO] before sample, target size: 933071, has normal: true
[Open3D INFO] after sample, target size: 400000, has normal: true
[Open3D INFO] source size: 27383, maxpoints_source_: 80000
[Open3D INFO] source size after voxel downsample: 20456
[Open3D INFO] after prerpocess: 20456
[Open3D INFO] reg_result.fitness: 0.113561, eva fitness: 0.220229
[INFO] [1773649686.465140127]: localization cost: 2464.308000 ms
[Open3D INFO] 

time_diff:2.46443 s, localization right now
[Open3D INFO] before sample, target size: 933071, has normal: true
[Open3D INFO] after sample, target size: 400000, has normal: true
[Open3D INFO] source size: 27108, maxpoints_source_: 80000
[Open3D INFO] source size after voxel downsample: 20515
[Open3D INFO] after prerpocess: 20515
[Open3D INFO] reg_result.fitness: 0.130197, eva fitness: 0.227833
[INFO] [1773649688.811418299]: localization cost: 2346.149000 ms
[Open3D INFO] 

time_diff:2.34626 s, localization right now
[Open3D INFO] before sample, target size: 933071, has normal: true
[Open3D INFO] after sample, target size: 400000, has normal: true
[Open3D INFO] source size: 27280, maxpoints_source_: 80000
[Open3D INFO] source size after voxel downsample: 20397
[Open3D INFO] after prerpocess: 20397
[Open3D INFO] reg_result.fitness: 0.136442, eva fitness: 0.233172
[INFO] [1773649690.913651656]: localization cost: 2101.955000 ms
[Open3D INFO] 

time_diff:2.10205 s, localization right now
[Open3D INFO] before sample, target size: 933071, has normal: true
[Open3D INFO] after sample, target size: 400000, has normal: true
[Open3D INFO] source size: 27371, maxpoints_source_: 80000
[Open3D INFO] source size after voxel downsample: 20331
[Open3D INFO] after prerpocess: 20331
[Open3D INFO] reg_result.fitness: 0.136835, eva fitness: 0.236339
[INFO] [1773649692.789301172]: localization cost: 1875.540000 ms
[Open3D INFO] 

time_diff:1.87564 s, localization right now
[Open3D INFO] before sample, target size: 933071, has normal: true
[Open3D INFO] after sample, target size: 400000, has normal: true
[Open3D INFO] source size: 27267, maxpoints_source_: 80000
[Open3D INFO] source size after voxel downsample: 20221
[Open3D INFO] after prerpocess: 20221
[Open3D INFO] reg_result.fitness: 0.135354, eva fitness: 0.234113
[INFO] [1773649694.941104273]: localization cost: 2151.696000 ms
[Open3D INFO] 

time_diff:2.15179 s, localization right now
[Open3D INFO] before sample, target size: 933071, has normal: true
[Open3D INFO] after sample, target size: 400000, has normal: true
[Open3D INFO] source size: 27375, maxpoints_source_: 80000
[Open3D INFO] source size after voxel downsample: 20350
[Open3D INFO] after prerpocess: 20350
[Open3D INFO] reg_result.fitness: 0.130958, eva fitness: 0.228796
[INFO] [1773649697.127611232]: localization cost: 2186.387000 ms
[Open3D INFO] 

time_diff:2.1865 s, localization right now
[Open3D INFO] before sample, target size: 933071, has normal: true
[Open3D INFO] after sample, target size: 400000, has normal: true
[Open3D INFO] source size: 27101, maxpoints_source_: 80000
[Open3D INFO] source size after voxel downsample: 20004
[Open3D INFO] after prerpocess: 20004
[Open3D INFO] reg_result.fitness: 0.120126, eva fitness: 0.222256
[INFO] [1773649699.263500814]: localization cost: 2135.775000 ms
[Open3D INFO] 

time_diff:2.13587 s, localization right now
[Open3D INFO] before sample, target size: 933071, has normal: true
[Open3D INFO] after sample, target size: 400000, has normal: true
[Open3D INFO] source size: 27341, maxpoints_source_: 80000
[Open3D INFO] source size after voxel downsample: 19897
[Open3D INFO] after prerpocess: 19897
[Open3D INFO] reg_result.fitness: 0.125848, eva fitness: 0.223803
[INFO] [1773649701.073977278]: localization cost: 1810.366000 ms
[Open3D INFO] 

time_diff:1.81048 s, localization right now
[Open3D INFO] before sample, target size: 933071, has normal: true
[Open3D INFO] after sample, target size: 400000, has normal: true
[Open3D INFO] source size: 27137, maxpoints_source_: 80000
[Open3D INFO] source size after voxel downsample: 19959
[Open3D INFO] after prerpocess: 19959
[Open3D INFO] reg_result.fitness: 0.118593, eva fitness: 0.220853
[INFO] [1773649702.914330030]: localization cost: 1840.242000 ms
[Open3D INFO] 

time_diff:1.84034 s, localization right now
[Open3D INFO] before sample, target size: 933071, has normal: true
[Open3D INFO] after sample, target size: 400000, has normal: true
[Open3D INFO] source size: 27593, maxpoints_source_: 80000
[Open3D INFO] source size after voxel downsample: 19421
[Open3D INFO] after prerpocess: 19421
[Open3D INFO] reg_result.fitness: 0.123372, eva fitness: 0.229803
[INFO] [1773649704.826976338]: localization cost: 1912.551000 ms
[Open3D INFO] 

time_diff:1.91263 s, localization right now
[Open3D INFO] before sample, target size: 933071, has normal: true
[Open3D INFO] after sample, target size: 400000, has normal: true
[Open3D INFO] source size: 28070, maxpoints_source_: 80000
[Open3D INFO] source size after voxel downsample: 19928
[Open3D INFO] after prerpocess: 19928
[Open3D INFO] reg_result.fitness: 0.152098, eva fitness: 0.255269
[INFO] [1773649706.641884494]: localization cost: 1814.814000 ms
[Open3D INFO] 

time_diff:1.8149 s, localization right now
[Open3D INFO] before sample, target size: 933071, has normal: true
[Open3D INFO] after sample, target size: 400000, has normal: true
[Open3D INFO] source size: 26937, maxpoints_source_: 80000
[Open3D INFO] source size after voxel downsample: 19549
[Open3D INFO] after prerpocess: 19549
[Open3D INFO] reg_result.fitness: 0.132027, eva fitness: 0.231521
[INFO] [1773649708.853388169]: localization cost: 2211.397000 ms
[Open3D INFO] 

time_diff:2.2115 s, localization right now
[Open3D INFO] before sample, target size: 933071, has normal: true
[Open3D INFO] after sample, target size: 400000, has normal: true
[Open3D INFO] source size: 27217, maxpoints_source_: 80000
[Open3D INFO] source size after voxel downsample: 20078
[Open3D INFO] after prerpocess: 20078
[Open3D INFO] reg_result.fitness: 0.136468, eva fitness: 0.232792
[INFO] [1773649710.835408335]: localization cost: 1981.919000 ms
[Open3D INFO] 

time_diff:1.98201 s, localization right now
[Open3D INFO] before sample, target size: 933071, has normal: true
[Open3D INFO] after sample, target size: 400000, has normal: true
[Open3D INFO] source size: 27079, maxpoints_source_: 80000
[Open3D INFO] source size after voxel downsample: 20396
[Open3D INFO] after prerpocess: 20396
[Open3D INFO] reg_result.fitness: 0.136252, eva fitness: 0.232546
[INFO] [1773649712.960953149]: localization cost: 2125.266000 ms
[Open3D INFO] 

time_diff:2.12536 s, localization right now
[Open3D INFO] before sample, target size: 933071, has normal: true
[Open3D INFO] after sample, target size: 400000, has normal: true
[Open3D INFO] source size: 27334, maxpoints_source_: 80000
[Open3D INFO] source size after voxel downsample: 20417
[Open3D INFO] after prerpocess: 20417
[Open3D INFO] reg_result.fitness: 0.112455, eva fitness: 0.219915
[INFO] [1773649715.229444313]: localization cost: 2268.349000 ms
[Open3D INFO] 

time_diff:2.26851 s, localization right now
[Open3D INFO] before sample, target size: 933071, has normal: true
[Open3D INFO] after sample, target size: 400000, has normal: true
[Open3D INFO] source size: 27096, maxpoints_source_: 80000
[Open3D INFO] source size after voxel downsample: 20305
[Open3D INFO] after prerpocess: 20305
[Open3D INFO] reg_result.fitness: 0.13248, eva fitness: 0.227333
[INFO] [1773649717.401299677]: localization cost: 2171.715000 ms
[Open3D INFO] 

time_diff:2.17181 s, localization right now
[Open3D INFO] before sample, target size: 933071, has normal: true
[Open3D INFO] after sample, target size: 400000, has normal: true
[Open3D INFO] source size: 26936, maxpoints_source_: 80000
[Open3D INFO] source size after voxel downsample: 20066
[Open3D INFO] after prerpocess: 20066
[Open3D INFO] reg_result.fitness: 0.129772, eva fitness: 0.23348
[INFO] [1773649719.535417830]: localization cost: 2134.006000 ms
[Open3D INFO] 

time_diff:2.1341 s, localization right now
[Open3D INFO] before sample, target size: 933071, has normal: true
[Open3D INFO] after sample, target size: 400000, has normal: true
[Open3D INFO] source size: 27352, maxpoints_source_: 80000
[Open3D INFO] source size after voxel downsample: 20700
[Open3D INFO] after prerpocess: 20700
[Open3D INFO] reg_result.fitness: 0.133237, eva fitness: 0.230145
[INFO] [1773649722.100570911]: localization cost: 2564.967000 ms
[Open3D INFO] 

time_diff:2.56523 s, localization right now
[Open3D INFO] before sample, target size: 933071, has normal: true
[Open3D INFO] after sample, target size: 400000, has normal: true
[Open3D INFO] source size: 27351, maxpoints_source_: 80000
[Open3D INFO] source size after voxel downsample: 20179
[Open3D INFO] after prerpocess: 20179
[Open3D INFO] reg_result.fitness: 0.125527, eva fitness: 0.228009
[INFO] [1773649724.256296723]: localization cost: 2155.351000 ms
[Open3D INFO] 

time_diff:2.15544 s, localization right now
[Open3D INFO] before sample, target size: 933071, has normal: true
[Open3D INFO] after sample, target size: 400000, has normal: true
[Open3D INFO] source size: 27472, maxpoints_source_: 80000
[Open3D INFO] source size after voxel downsample: 20482
[Open3D INFO] after prerpocess: 20482
[Open3D INFO] reg_result.fitness: 0.13236, eva fitness: 0.231374
[INFO] [1773649726.361935038]: localization cost: 2105.538000 ms
[Open3D INFO] 

time_diff:2.10564 s, localization right now
[Open3D INFO] before sample, target size: 933071, has normal: true
[Open3D INFO] after sample, target size: 400000, has normal: true
[Open3D INFO] source size: 27182, maxpoints_source_: 80000
[Open3D INFO] source size after voxel downsample: 20621
[Open3D INFO] after prerpocess: 20621
[Open3D INFO] reg_result.fitness: 0.137433, eva fitness: 0.237331
[INFO] [1773649728.903785038]: localization cost: 2541.735000 ms
[Open3D INFO] 

time_diff:2.54184 s, localization right now
[Open3D INFO] before sample, target size: 933071, has normal: true
[Open3D INFO] after sample, target size: 400000, has normal: true
[Open3D INFO] source size: 27429, maxpoints_source_: 80000
[Open3D INFO] source size after voxel downsample: 20551
[Open3D INFO] after prerpocess: 20551
[Open3D INFO] reg_result.fitness: 0.140869, eva fitness: 0.241253
[INFO] [1773649731.242197603]: localization cost: 2338.296000 ms
[Open3D INFO] 

time_diff:2.3384 s, localization right now
[Open3D INFO] before sample, target size: 933071, has normal: true
[Open3D INFO] after sample, target size: 400000, has normal: true
[Open3D INFO] source size: 27162, maxpoints_source_: 80000
[Open3D INFO] source size after voxel downsample: 20297
[Open3D INFO] after prerpocess: 20297
[Open3D INFO] reg_result.fitness: 0.140415, eva fitness: 0.235503
[INFO] [1773649733.440718183]: localization cost: 2198.257000 ms
[Open3D INFO] 

time_diff:2.19835 s, localization right now
[Open3D INFO] before sample, target size: 933071, has normal: true
[Open3D INFO] after sample, target size: 400000, has normal: true
[Open3D INFO] source size: 27248, maxpoints_source_: 80000
[Open3D INFO] source size after voxel downsample: 20676
[Open3D INFO] after prerpocess: 20676
[Open3D INFO] reg_result.fitness: 0.140017, eva fitness: 0.242358
[INFO] [1773649735.660928408]: localization cost: 2220.081000 ms
[Open3D INFO] 

time_diff:2.22024 s, localization right now
[Open3D INFO] before sample, target size: 933071, has normal: true
[Open3D INFO] after sample, target size: 400000, has normal: true
[Open3D INFO] source size: 27234, maxpoints_source_: 80000
[Open3D INFO] source size after voxel downsample: 20460
[Open3D INFO] after prerpocess: 20460
[Open3D INFO] reg_result.fitness: 0.130205, eva fitness: 0.229912
[INFO] [1773649737.974951442]: localization cost: 2313.884000 ms
[Open3D INFO] 

time_diff:2.31398 s, localization right now
[Open3D INFO] before sample, target size: 933071, has normal: true
[Open3D INFO] after sample, target size: 400000, has normal: true
[Open3D INFO] source size: 27145, maxpoints_source_: 80000
[Open3D INFO] source size after voxel downsample: 20285
[Open3D INFO] after prerpocess: 20285
[Open3D INFO] reg_result.fitness: 0.121716, eva fitness: 0.222677
[INFO] [1773649740.122082006]: localization cost: 2147.016000 ms
[Open3D INFO] 

time_diff:2.14713 s, localization right now
[Open3D INFO] before sample, target size: 933071, has normal: true
[Open3D INFO] after sample, target size: 400000, has normal: true
[Open3D INFO] source size: 27402, maxpoints_source_: 80000
[Open3D INFO] source size after voxel downsample: 20528
[Open3D INFO] after prerpocess: 20528
[Open3D INFO] reg_result.fitness: 0.138835, eva fitness: 0.23826
[INFO] [1773649741.987838271]: localization cost: 1865.474000 ms
[Open3D INFO] 

time_diff:1.8656 s, localization right now
[Open3D INFO] before sample, target size: 933071, has normal: true
[Open3D INFO] after sample, target size: 400000, has normal: true
[Open3D INFO] source size: 27352, maxpoints_source_: 80000
[Open3D INFO] source size after voxel downsample: 20462
[Open3D INFO] after prerpocess: 20462
[Open3D INFO] reg_result.fitness: 0.137377, eva fitness: 0.230916
[INFO] [1773649743.866567491]: localization cost: 1878.613000 ms
[Open3D INFO] 

time_diff:1.87871 s, localization right now
[Open3D INFO] before sample, target size: 933071, has normal: true
[Open3D INFO] after sample, target size: 400000, has normal: true
[Open3D INFO] source size: 27390, maxpoints_source_: 80000
[Open3D INFO] source size after voxel downsample: 20496
[Open3D INFO] after prerpocess: 20496
[Open3D INFO] reg_result.fitness: 0.137734, eva fitness: 0.237998
[INFO] [1773649745.878683817]: localization cost: 2011.978000 ms
[Open3D INFO] 

time_diff:2.01212 s, localization right now
[Open3D INFO] before sample, target size: 933071, has normal: true
[Open3D INFO] after sample, target size: 400000, has normal: true
[Open3D INFO] source size: 27261, maxpoints_source_: 80000
[Open3D INFO] source size after voxel downsample: 20434
[Open3D INFO] after prerpocess: 20434
[Open3D INFO] reg_result.fitness: 0.139571, eva fitness: 0.240237
[INFO] [1773649747.990618813]: localization cost: 2111.684000 ms
[Open3D INFO] 

time_diff:2.11178 s, localization right now
[Open3D INFO] before sample, target size: 933071, has normal: true
[Open3D INFO] after sample, target size: 400000, has normal: true
[Open3D INFO] source size: 27110, maxpoints_source_: 80000
[Open3D INFO] source size after voxel downsample: 20641
[Open3D INFO] after prerpocess: 20641
[Open3D INFO] reg_result.fitness: 0.133182, eva fitness: 0.237731
[INFO] [1773649750.396585281]: localization cost: 2405.707000 ms
[Open3D INFO] 

time_diff:2.40580 s, localization right now
[Open3D INFO] before sample, target size: 933071, has normal: true
[Open3D INFO] after sample, target size: 400000, has normal: true
[Open3D INFO] source size: 27511, maxpoints_source_: 80000
[Open3D INFO] source size after voxel downsample: 20887
[Open3D INFO] after prerpocess: 20887
[Open3D INFO] reg_result.fitness: 0.134677, eva fitness: 0.235457
[INFO] [1773649752.576947220]: localization cost: 2180.263000 ms
[Open3D INFO] 

time_diff:2.18035 s, localization right now
[Open3D INFO] before sample, target size: 933071, has normal: true
[Open3D INFO] after sample, target size: 400000, has normal: true
[Open3D INFO] source size: 27223, maxpoints_source_: 80000
[Open3D INFO] source size after voxel downsample: 20331
[Open3D INFO] after prerpocess: 20331
[Open3D INFO] reg_result.fitness: 0.132015, eva fitness: 0.228764
[INFO] [1773649754.463743871]: localization cost: 1886.579000 ms
[Open3D INFO] 

time_diff:1.88667 s, localization right now
[Open3D INFO] before sample, target size: 933071, has normal: true
[Open3D INFO] after sample, target size: 400000, has normal: true
[Open3D INFO] source size: 28138, maxpoints_source_: 80000
[Open3D INFO] source size after voxel downsample: 21138
[Open3D INFO] after prerpocess: 21138
[Open3D INFO] reg_result.fitness: 0.135916, eva fitness: 0.236162
[INFO] [1773649756.467252820]: localization cost: 2003.402000 ms
[Open3D INFO] 

time_diff:2.00350 s, localization right now
[Open3D INFO] before sample, target size: 933071, has normal: true
[Open3D INFO] after sample, target size: 400000, has normal: true
[Open3D INFO] source size: 27373, maxpoints_source_: 80000
[Open3D INFO] source size after voxel downsample: 21095
[Open3D INFO] after prerpocess: 21095
[Open3D INFO] reg_result.fitness: 0.130268, eva fitness: 0.227305
[INFO] [1773649758.711794974]: localization cost: 2244.431000 ms
[Open3D INFO] 

time_diff:2.24469 s, localization right now
[Open3D INFO] before sample, target size: 933071, has normal: true
[Open3D INFO] after sample, target size: 400000, has normal: true
[Open3D INFO] source size: 27449, maxpoints_source_: 80000
[Open3D INFO] source size after voxel downsample: 21179
[Open3D INFO] after prerpocess: 21179
[Open3D INFO] reg_result.fitness: 0.128665, eva fitness: 0.226356
[INFO] [1773649761.367164132]: localization cost: 2654.902000 ms
[Open3D INFO] 

time_diff:2.65505 s, localization right now
[Open3D INFO] before sample, target size: 933071, has normal: true
[Open3D INFO] after sample, target size: 400000, has normal: true
[Open3D INFO] source size: 27534, maxpoints_source_: 80000
[Open3D INFO] source size after voxel downsample: 21198
[Open3D INFO] after prerpocess: 21198
[Open3D INFO] reg_result.fitness: 0.141853, eva fitness: 0.242476
[INFO] [1773649763.658326237]: localization cost: 2291.045000 ms
[Open3D INFO] 

time_diff:2.29115 s, localization right now
[Open3D INFO] before sample, target size: 933071, has normal: true
[Open3D INFO] after sample, target size: 400000, has normal: true
[Open3D INFO] source size: 27463, maxpoints_source_: 80000
[Open3D INFO] source size after voxel downsample: 21416
[Open3D INFO] after prerpocess: 21416
[Open3D INFO] reg_result.fitness: 0.149935, eva fitness: 0.249533
[INFO] [1773649766.161295872]: localization cost: 2502.859000 ms
[Open3D INFO] 

time_diff:2.50296 s, localization right now
[Open3D INFO] before sample, target size: 933071, has normal: true
[Open3D INFO] after sample, target size: 400000, has normal: true
[Open3D INFO] source size: 27692, maxpoints_source_: 80000
[Open3D INFO] source size after voxel downsample: 21208
[Open3D INFO] after prerpocess: 21208
[Open3D INFO] reg_result.fitness: 0.149048, eva fitness: 0.249246
[INFO] [1773649768.488698363]: localization cost: 2327.294000 ms
[Open3D INFO] 

time_diff:2.32738 s, localization right now
[Open3D INFO] before sample, target size: 933071, has normal: true
[Open3D INFO] after sample, target size: 400000, has normal: true
[Open3D INFO] source size: 27436, maxpoints_source_: 80000
[Open3D INFO] source size after voxel downsample: 21284
[Open3D INFO] after prerpocess: 21284
[Open3D INFO] reg_result.fitness: 0.140998, eva fitness: 0.236375
[INFO] [1773649770.715285943]: localization cost: 2226.494000 ms
[Open3D INFO] 

time_diff:2.22663 s, localization right now
[Open3D INFO] before sample, target size: 933071, has normal: true
[Open3D INFO] after sample, target size: 400000, has normal: true
[Open3D INFO] source size: 27493, maxpoints_source_: 80000
[Open3D INFO] source size after voxel downsample: 21073
[Open3D INFO] after prerpocess: 21073
[Open3D INFO] reg_result.fitness: 0.149338, eva fitness: 0.251839
[INFO] [1773649772.681010065]: localization cost: 1965.556000 ms
[Open3D INFO] 

time_diff:1.96567 s, localization right now
[Open3D INFO] before sample, target size: 933071, has normal: true
[Open3D INFO] after sample, target size: 400000, has normal: true
[Open3D INFO] source size: 27625, maxpoints_source_: 80000
[Open3D INFO] source size after voxel downsample: 21379
[Open3D INFO] after prerpocess: 21379
[Open3D INFO] reg_result.fitness: 0.148089, eva fitness: 0.247907
[INFO] [1773649774.769202839]: localization cost: 2088.050000 ms
[Open3D INFO] 

time_diff:2.08821 s, localization right now
[Open3D INFO] before sample, target size: 933071, has normal: true
[Open3D INFO] after sample, target size: 400000, has normal: true
[Open3D INFO] source size: 27926, maxpoints_source_: 80000
[Open3D INFO] source size after voxel downsample: 20973
[Open3D INFO] after prerpocess: 20973
[Open3D INFO] reg_result.fitness: 0.147046, eva fitness: 0.251037
[INFO] [1773649777.187911217]: localization cost: 2418.560000 ms
[Open3D INFO] 

time_diff:2.41867 s, localization right now
[Open3D INFO] before sample, target size: 933071, has normal: true
[Open3D INFO] after sample, target size: 400000, has normal: true
[Open3D INFO] source size: 27288, maxpoints_source_: 80000
[Open3D INFO] source size after voxel downsample: 20911
[Open3D INFO] after prerpocess: 20911
[Open3D INFO] reg_result.fitness: 0.120080, eva fitness: 0.220506
[INFO] [1773649779.389196113]: localization cost: 2201.141000 ms
[Open3D INFO] 

time_diff:2.20129 s, localization right now
[Open3D INFO] before sample, target size: 933071, has normal: true
[Open3D INFO] after sample, target size: 400000, has normal: true
[Open3D INFO] source size: 27711, maxpoints_source_: 80000
[Open3D INFO] source size after voxel downsample: 21505
[Open3D INFO] after prerpocess: 21505
[Open3D INFO] reg_result.fitness: 0.143595, eva fitness: 0.242362
[INFO] [1773649781.685082224]: localization cost: 2295.721000 ms
[Open3D INFO] 

time_diff:2.29609 s, localization right now
[Open3D INFO] before sample, target size: 933071, has normal: true
[Open3D INFO] after sample, target size: 400000, has normal: true
[Open3D INFO] source size: 27585, maxpoints_source_: 80000
[Open3D INFO] source size after voxel downsample: 21227
[Open3D INFO] after prerpocess: 21227
[Open3D INFO] reg_result.fitness: 0.144674, eva fitness: 0.245772
[INFO] [1773649783.989505107]: localization cost: 2303.837000 ms
[Open3D INFO] 

time_diff:2.30396 s, localization right now
[Open3D INFO] before sample, target size: 933071, has normal: true
[Open3D INFO] after sample, target size: 400000, has normal: true
[Open3D INFO] source size: 27443, maxpoints_source_: 80000
[Open3D INFO] source size after voxel downsample: 20946
[Open3D INFO] after prerpocess: 20946
[Open3D INFO] reg_result.fitness: 0.140600, eva fitness: 0.239616
[INFO] [1773649786.025989360]: localization cost: 2036.372000 ms
[Open3D INFO] 

time_diff:2.03647 s, localization right now
[Open3D INFO] before sample, target size: 933071, has normal: true
[Open3D INFO] after sample, target size: 400000, has normal: true
[Open3D INFO] source size: 27313, maxpoints_source_: 80000
[Open3D INFO] source size after voxel downsample: 20717
[Open3D INFO] after prerpocess: 20717
[Open3D INFO] reg_result.fitness: 0.148863, eva fitness: 0.244389
[INFO] [1773649788.343357533]: localization cost: 2317.260000 ms
[Open3D INFO] 

time_diff:2.31736 s, localization right now
[Open3D INFO] before sample, target size: 933071, has normal: true
[Open3D INFO] after sample, target size: 400000, has normal: true
[Open3D INFO] source size: 27338, maxpoints_source_: 80000
[Open3D INFO] source size after voxel downsample: 21118
[Open3D INFO] after prerpocess: 21118
[Open3D INFO] reg_result.fitness: 0.142343, eva fitness: 0.240553
[INFO] [1773649790.583584960]: localization cost: 2240.122000 ms
[Open3D INFO] 

time_diff:2.24021 s, localization right now
[Open3D INFO] before sample, target size: 933071, has normal: true
[Open3D INFO] after sample, target size: 400000, has normal: true
[Open3D INFO] source size: 27592, maxpoints_source_: 80000
[Open3D INFO] source size after voxel downsample: 21230
[Open3D INFO] after prerpocess: 21230
[Open3D INFO] reg_result.fitness: 0.142675, eva fitness: 0.240556
[INFO] [1773649792.945422498]: localization cost: 2361.631000 ms
[Open3D INFO] 

time_diff:2.36173 s, localization right now
[Open3D INFO] before sample, target size: 933071, has normal: true
[Open3D INFO] after sample, target size: 400000, has normal: true
[Open3D INFO] source size: 27439, maxpoints_source_: 80000
[Open3D INFO] source size after voxel downsample: 20830
[Open3D INFO] after prerpocess: 20830
[Open3D INFO] reg_result.fitness: 0.147144, eva fitness: 0.2494
[INFO] [1773649795.279932952]: localization cost: 2334.370000 ms
[Open3D INFO] 

time_diff:2.3345 s, localization right now
[Open3D INFO] before sample, target size: 933071, has normal: true
[Open3D INFO] after sample, target size: 400000, has normal: true
[Open3D INFO] source size: 27535, maxpoints_source_: 80000
[Open3D INFO] source size after voxel downsample: 21296
[Open3D INFO] after prerpocess: 21296
[Open3D INFO] reg_result.fitness: 0.148197, eva fitness: 0.250282
[INFO] [1773649797.345855920]: localization cost: 2065.809000 ms
[Open3D INFO] 

time_diff:2.0659 s, localization right now
[Open3D INFO] before sample, target size: 933071, has normal: true
[Open3D INFO] after sample, target size: 400000, has normal: true
[Open3D INFO] source size: 27464, maxpoints_source_: 80000
[Open3D INFO] source size after voxel downsample: 21133
[Open3D INFO] after prerpocess: 21133
[Open3D INFO] reg_result.fitness: 0.130459, eva fitness: 0.228836
[INFO] [1773649799.574827081]: localization cost: 2228.811000 ms
[Open3D INFO] 

time_diff:2.229 s, localization right now
[Open3D INFO] before sample, target size: 933071, has normal: true
[Open3D INFO] after sample, target size: 400000, has normal: true
[Open3D INFO] source size: 27653, maxpoints_source_: 80000
[Open3D INFO] source size after voxel downsample: 20944
[Open3D INFO] after prerpocess: 20944
[Open3D INFO] reg_result.fitness: 0.118077, eva fitness: 0.219872
[INFO] [1773649801.871534567]: localization cost: 2296.561000 ms
[Open3D INFO] 

time_diff:2.29666 s, localization right now
[Open3D INFO] before sample, target size: 933071, has normal: true
[Open3D INFO] after sample, target size: 400000, has normal: true
[Open3D INFO] source size: 27791, maxpoints_source_: 80000
[Open3D INFO] source size after voxel downsample: 20839
[Open3D INFO] after prerpocess: 20839
[Open3D INFO] reg_result.fitness: 0.132636, eva fitness: 0.233504
[INFO] [1773649804.082928550]: localization cost: 2211.266000 ms
[Open3D INFO] 

time_diff:2.21141 s, localization right now
[Open3D INFO] before sample, target size: 933071, has normal: true
[Open3D INFO] after sample, target size: 400000, has normal: true
[Open3D INFO] source size: 28426, maxpoints_source_: 80000
[Open3D INFO] source size after voxel downsample: 21342
[Open3D INFO] after prerpocess: 21342
[Open3D INFO] reg_result.fitness: 0.182129, eva fitness: 0.28957
[INFO] [1773649806.537643910]: localization cost: 2454.575000 ms
[Open3D INFO] 

time_diff:2.45468 s, localization right now
[Open3D INFO] before sample, target size: 933071, has normal: true
[Open3D INFO] after sample, target size: 400000, has normal: true
[Open3D INFO] source size: 27800, maxpoints_source_: 80000
[Open3D INFO] source size after voxel downsample: 20943
[Open3D INFO] after prerpocess: 20943
[Open3D INFO] reg_result.fitness: 0.144822, eva fitness: 0.247195
[INFO] [1773649808.856629041]: localization cost: 2318.875000 ms
[Open3D INFO] 

time_diff:2.31897 s, localization right now
[Open3D INFO] before sample, target size: 933071, has normal: true
[Open3D INFO] after sample, target size: 400000, has normal: true
[Open3D INFO] source size: 27910, maxpoints_source_: 80000
[Open3D INFO] source size after voxel downsample: 20828
[Open3D INFO] after prerpocess: 20828
[Open3D INFO] reg_result.fitness: 0.161177, eva fitness: 0.269013
[INFO] [1773649811.136195910]: localization cost: 2279.457000 ms
[Open3D INFO] 

time_diff:2.27956 s, localization right now
[Open3D INFO] before sample, target size: 933071, has normal: true
[Open3D INFO] after sample, target size: 400000, has normal: true
[Open3D INFO] source size: 28328, maxpoints_source_: 80000
[Open3D INFO] source size after voxel downsample: 21223
[Open3D INFO] after prerpocess: 21223
[Open3D INFO] reg_result.fitness: 0.141733, eva fitness: 0.258022
[INFO] [1773649813.523082941]: localization cost: 2386.768000 ms
[Open3D INFO] 

time_diff:2.38687 s, localization right now
[Open3D INFO] before sample, target size: 933071, has normal: true
[Open3D INFO] after sample, target size: 400000, has normal: true
[Open3D INFO] source size: 28176, maxpoints_source_: 80000
[Open3D INFO] source size after voxel downsample: 21066
[Open3D INFO] after prerpocess: 21066
[Open3D INFO] reg_result.fitness: 0.163201, eva fitness: 0.269914
[INFO] [1773649815.843149296]: localization cost: 2319.955000 ms
[Open3D INFO] 

time_diff:2.32005 s, localization right now
[Open3D INFO] before sample, target size: 933071, has normal: true
[Open3D INFO] after sample, target size: 400000, has normal: true
[Open3D INFO] source size: 28111, maxpoints_source_: 80000
[Open3D INFO] source size after voxel downsample: 20869
[Open3D INFO] after prerpocess: 20869
[Open3D INFO] reg_result.fitness: 0.155877, eva fitness: 0.26858
[INFO] [1773649817.813428801]: localization cost: 1970.180000 ms
[Open3D INFO] 

time_diff:1.97027 s, localization right now
[Open3D INFO] before sample, target size: 933071, has normal: true
[Open3D INFO] after sample, target size: 400000, has normal: true
[Open3D INFO] source size: 28162, maxpoints_source_: 80000
[Open3D INFO] source size after voxel downsample: 21127
[Open3D INFO] after prerpocess: 21127
[Open3D INFO] reg_result.fitness: 0.138022, eva fitness: 0.245279
[INFO] [1773649820.129157136]: localization cost: 2315.593000 ms
[Open3D INFO] 

time_diff:2.31576 s, localization right now
[Open3D INFO] before sample, target size: 933071, has normal: true
[Open3D INFO] after sample, target size: 400000, has normal: true
[Open3D INFO] source size: 28082, maxpoints_source_: 80000
[Open3D INFO] source size after voxel downsample: 21281
[Open3D INFO] after prerpocess: 21281
[Open3D INFO] reg_result.fitness: 0.162398, eva fitness: 0.260326
[INFO] [1773649822.788267311]: localization cost: 2658.954000 ms
[Open3D INFO] 

time_diff:2.65927 s, localization right now
[Open3D INFO] before sample, target size: 933071, has normal: true
[Open3D INFO] after sample, target size: 400000, has normal: true
[Open3D INFO] source size: 28171, maxpoints_source_: 80000
[Open3D INFO] source size after voxel downsample: 21023
[Open3D INFO] after prerpocess: 21023
[Open3D INFO] reg_result.fitness: 0.13999, eva fitness: 0.248157
[INFO] [1773649825.185827835]: localization cost: 2397.071000 ms
[Open3D INFO] 

time_diff:2.39718 s, localization right now
[Open3D INFO] before sample, target size: 933071, has normal: true
[Open3D INFO] after sample, target size: 400000, has normal: true
[Open3D INFO] source size: 27983, maxpoints_source_: 80000
[Open3D INFO] source size after voxel downsample: 20962
[Open3D INFO] after prerpocess: 20962
[Open3D INFO] reg_result.fitness: 0.162818, eva fitness: 0.261235
[INFO] [1773649827.844154684]: localization cost: 2658.232000 ms
[Open3D INFO] 

time_diff:2.65831 s, localization right now
[Open3D INFO] before sample, target size: 933071, has normal: true
[Open3D INFO] after sample, target size: 400000, has normal: true
[Open3D INFO] source size: 27888, maxpoints_source_: 80000
[Open3D INFO] source size after voxel downsample: 21202
[Open3D INFO] after prerpocess: 21202
[Open3D INFO] reg_result.fitness: 0.151589, eva fitness: 0.255636
[INFO] [1773649830.114665499]: localization cost: 2270.369000 ms
[Open3D INFO] 

time_diff:2.27055 s, localization right now
[Open3D INFO] before sample, target size: 933071, has normal: true
[Open3D INFO] after sample, target size: 400000, has normal: true
[Open3D INFO] source size: 28160, maxpoints_source_: 80000
[Open3D INFO] source size after voxel downsample: 21023
[Open3D INFO] after prerpocess: 21023
[Open3D INFO] reg_result.fitness: 0.152119, eva fitness: 0.262522
[INFO] [1773649832.597167064]: localization cost: 2482.189000 ms
[Open3D INFO] 

time_diff:2.48258 s, localization right now
[Open3D INFO] before sample, target size: 933071, has normal: true
[Open3D INFO] after sample, target size: 400000, has normal: true
[Open3D INFO] source size: 27963, maxpoints_source_: 80000
[Open3D INFO] source size after voxel downsample: 21082
[Open3D INFO] after prerpocess: 21082
[Open3D INFO] reg_result.fitness: 0.15914, eva fitness: 0.256143
[INFO] [1773649835.035800567]: localization cost: 2438.223000 ms
[Open3D INFO] 

time_diff:2.43833 s, localization right now
[Open3D INFO] before sample, target size: 933071, has normal: true
[Open3D INFO] after sample, target size: 400000, has normal: true
[Open3D INFO] source size: 28419, maxpoints_source_: 80000
[Open3D INFO] source size after voxel downsample: 21299
[Open3D INFO] after prerpocess: 21299
[Open3D INFO] reg_result.fitness: 0.140194, eva fitness: 0.24649
[INFO] [1773649837.254146013]: localization cost: 2218.242000 ms
[Open3D INFO] 

time_diff:2.21833 s, localization right now
[Open3D INFO] before sample, target size: 933071, has normal: true
[Open3D INFO] after sample, target size: 400000, has normal: true
[Open3D INFO] source size: 27276, maxpoints_source_: 80000
[Open3D INFO] source size after voxel downsample: 21265
[Open3D INFO] after prerpocess: 21265
[Open3D INFO] reg_result.fitness: 0.173619, eva fitness: 0.270868
[INFO] [1773649839.183490815]: localization cost: 1929.240000 ms
[Open3D INFO] 

time_diff:1.92936 s, localization right now
[Open3D INFO] before sample, target size: 933071, has normal: true
[Open3D INFO] after sample, target size: 400000, has normal: true
[Open3D INFO] source size: 27630, maxpoints_source_: 80000
[Open3D INFO] source size after voxel downsample: 21428
[Open3D INFO] after prerpocess: 21428
[Open3D INFO] reg_result.fitness: 0.168845, eva fitness: 0.271187
[INFO] [1773649841.140145739]: localization cost: 1956.525000 ms
[Open3D INFO] 

time_diff:1.95663 s, localization right now
[Open3D INFO] before sample, target size: 933071, has normal: true
[Open3D INFO] after sample, target size: 400000, has normal: true
[Open3D INFO] source size: 28021, maxpoints_source_: 80000
[Open3D INFO] source size after voxel downsample: 21315
[Open3D INFO] after prerpocess: 21315
[Open3D INFO] reg_result.fitness: 0.143842, eva fitness: 0.256674
[INFO] [1773649842.641255601]: localization cost: 1500.999000 ms
[Open3D INFO] 

time_diff:1.50110 s, localization right now
[Open3D INFO] before sample, target size: 933071, has normal: true
[Open3D INFO] after sample, target size: 400000, has normal: true
[Open3D INFO] source size: 27952, maxpoints_source_: 80000
[Open3D INFO] source size after voxel downsample: 21498
[Open3D INFO] after prerpocess: 21498
[Open3D INFO] reg_result.fitness: 0.148246, eva fitness: 0.255884
[INFO] [1773649844.582889350]: localization cost: 1941.525000 ms
[Open3D INFO] 

time_diff:1.94163 s, localization right now
[Open3D INFO] before sample, target size: 933071, has normal: true
[Open3D INFO] after sample, target size: 400000, has normal: true
[Open3D INFO] source size: 27833, maxpoints_source_: 80000
[Open3D INFO] source size after voxel downsample: 21313
[Open3D INFO] after prerpocess: 21313
[Open3D INFO] reg_result.fitness: 0.199221, eva fitness: 0.296392
[INFO] [1773649846.820428910]: localization cost: 2237.234000 ms
[Open3D INFO] 

time_diff:2.2376 s, localization right now
[Open3D INFO] before sample, target size: 933071, has normal: true
[Open3D INFO] after sample, target size: 400000, has normal: true
[Open3D INFO] source size: 28701, maxpoints_source_: 80000
[Open3D INFO] source size after voxel downsample: 21827
[Open3D INFO] after prerpocess: 21827
[Open3D INFO] reg_result.fitness: 0.186558, eva fitness: 0.287717
[INFO] [1773649849.355449159]: localization cost: 2534.605000 ms
[Open3D INFO] 

time_diff:2.53472 s, localization right now
[Open3D INFO] before sample, target size: 933071, has normal: true
[Open3D INFO] after sample, target size: 400000, has normal: true
[Open3D INFO] source size: 28819, maxpoints_source_: 80000
[Open3D INFO] source size after voxel downsample: 20827
[Open3D INFO] after prerpocess: 20827
[Open3D INFO] reg_result.fitness: 0.1584, eva fitness: 0.26192
[INFO] [1773649851.369868003]: localization cost: 2014.299000 ms
[Open3D INFO] 

time_diff:2.0144 s, localization right now
[Open3D INFO] before sample, target size: 933071, has normal: true
[Open3D INFO] after sample, target size: 400000, has normal: true
[Open3D INFO] source size: 28951, maxpoints_source_: 80000
[Open3D INFO] source size after voxel downsample: 20900
[Open3D INFO] after prerpocess: 20900
[Open3D INFO] reg_result.fitness: 0.158373, eva fitness: 0.264019
[INFO] [1773649853.361207797]: localization cost: 1991.230000 ms
[Open3D INFO] 

time_diff:1.99132 s, localization right now
[Open3D INFO] before sample, target size: 933071, has normal: true
[Open3D INFO] after sample, target size: 400000, has normal: true
[Open3D INFO] source size: 29015, maxpoints_source_: 80000
[Open3D INFO] source size after voxel downsample: 20910
[Open3D INFO] after prerpocess: 20910
[Open3D INFO] reg_result.fitness: 0.160832, eva fitness: 0.262076
[INFO] [1773649855.375650419]: localization cost: 2014.299000 ms
[Open3D INFO] 

time_diff:2.01444 s, localization right now
[Open3D INFO] before sample, target size: 933071, has normal: true
[Open3D INFO] after sample, target size: 400000, has normal: true
[Open3D INFO] source size: 28734, maxpoints_source_: 80000
[Open3D INFO] source size after voxel downsample: 20110
[Open3D INFO] after prerpocess: 20110
[Open3D INFO] reg_result.fitness: 0.168076, eva fitness: 0.272452
[INFO] [1773649857.723987621]: localization cost: 2348.236000 ms
[Open3D INFO] 

time_diff:2.34831 s, localization right now
[Open3D INFO] before sample, target size: 933071, has normal: true
[Open3D INFO] after sample, target size: 400000, has normal: true
[Open3D INFO] source size: 28671, maxpoints_source_: 80000
[Open3D INFO] source size after voxel downsample: 20662
[Open3D INFO] after prerpocess: 20662
[Open3D INFO] reg_result.fitness: 0.154293, eva fitness: 0.25588
[INFO] [1773649859.585081516]: localization cost: 1860.996000 ms
[Open3D INFO] 

time_diff:1.8611 s, localization right now
[Open3D INFO] before sample, target size: 933071, has normal: true
[Open3D INFO] after sample, target size: 400000, has normal: true
[Open3D INFO] source size: 28951, maxpoints_source_: 80000
[Open3D INFO] source size after voxel downsample: 21000
[Open3D INFO] after prerpocess: 21000
[Open3D INFO] reg_result.fitness: 0.161238, eva fitness: 0.264857
[INFO] [1773649861.464071513]: localization cost: 1878.889000 ms
[Open3D INFO] 

time_diff:1.87897 s, localization right now
[Open3D INFO] before sample, target size: 933071, has normal: true
[Open3D INFO] after sample, target size: 400000, has normal: true
[Open3D INFO] source size: 29312, maxpoints_source_: 80000
[Open3D INFO] source size after voxel downsample: 21215
[Open3D INFO] after prerpocess: 21215
[Open3D INFO] reg_result.fitness: 0.165449, eva fitness: 0.269055
[INFO] [1773649863.405146777]: localization cost: 1940.988000 ms
[Open3D INFO] 

time_diff:1.94107 s, localization right now
[Open3D INFO] before sample, target size: 933071, has normal: true
[Open3D INFO] after sample, target size: 400000, has normal: true
[Open3D INFO] source size: 29337, maxpoints_source_: 80000
[Open3D INFO] source size after voxel downsample: 21422
[Open3D INFO] after prerpocess: 21422
[Open3D INFO] reg_result.fitness: 0.162823, eva fitness: 0.264728
[INFO] [1773649865.384821168]: localization cost: 1979.565000 ms
[Open3D INFO] 

time_diff:1.97967 s, localization right now
[Open3D INFO] before sample, target size: 933071, has normal: true
[Open3D INFO] after sample, target size: 400000, has normal: true
[Open3D INFO] source size: 29327, maxpoints_source_: 80000
[Open3D INFO] source size after voxel downsample: 21932
[Open3D INFO] after prerpocess: 21932
[Open3D INFO] reg_result.fitness: 0.167335, eva fitness: 0.272159
[INFO] [1773649867.395294871]: localization cost: 2010.359000 ms
[Open3D INFO] 

time_diff:2.01049 s, localization right now
[Open3D INFO] before sample, target size: 933071, has normal: true
[Open3D INFO] after sample, target size: 400000, has normal: true
[Open3D INFO] source size: 29127, maxpoints_source_: 80000
[Open3D INFO] source size after voxel downsample: 20988
[Open3D INFO] after prerpocess: 20988
[Open3D INFO] reg_result.fitness: 0.166953, eva fitness: 0.272394
[INFO] [1773649869.530295504]: localization cost: 2134.715000 ms
[Open3D INFO] 

time_diff:2.13488 s, localization right now
[Open3D INFO] before sample, target size: 933071, has normal: true
[Open3D INFO] after sample, target size: 400000, has normal: true
[Open3D INFO] source size: 27880, maxpoints_source_: 80000
[Open3D INFO] source size after voxel downsample: 20953
[Open3D INFO] after prerpocess: 20953
[Open3D INFO] reg_result.fitness: 0.212141, eva fitness: 0.315134
[INFO] [1773649871.568346349]: localization cost: 2037.912000 ms
[Open3D INFO] 

time_diff:2.038 s, localization right now
[Open3D INFO] before sample, target size: 933071, has normal: true
[Open3D INFO] after sample, target size: 400000, has normal: true
[Open3D INFO] source size: 27714, maxpoints_source_: 80000
[Open3D INFO] source size after voxel downsample: 17832
[Open3D INFO] after prerpocess: 17832
[Open3D INFO] reg_result.fitness: 0.234578, eva fitness: 0.328959
[INFO] [1773649873.574533841]: localization cost: 2006.084000 ms
[Open3D INFO] 

time_diff:2.00618 s, localization right now
[Open3D INFO] before sample, target size: 933071, has normal: true
[Open3D INFO] after sample, target size: 400000, has normal: true
[Open3D INFO] source size: 27787, maxpoints_source_: 80000
[Open3D INFO] source size after voxel downsample: 17613
[Open3D INFO] after prerpocess: 17613
[Open3D INFO] reg_result.fitness: 0.231363, eva fitness: 0.332538
[INFO] [1773649875.294800189]: localization cost: 1720.156000 ms
[Open3D INFO] 

time_diff:1.72027 s, localization right now
[Open3D INFO] before sample, target size: 933071, has normal: true
[Open3D INFO] after sample, target size: 400000, has normal: true
[Open3D INFO] source size: 27517, maxpoints_source_: 80000
[Open3D INFO] source size after voxel downsample: 17416
[Open3D INFO] after prerpocess: 17416
[Open3D INFO] reg_result.fitness: 0.23421, eva fitness: 0.331075
[INFO] [1773649876.977477111]: localization cost: 1682.561000 ms
[Open3D INFO] 

time_diff:1.68266 s, localization right now
[Open3D INFO] before sample, target size: 933071, has normal: true
[Open3D INFO] after sample, target size: 400000, has normal: true
[Open3D INFO] source size: 27628, maxpoints_source_: 80000
[Open3D INFO] source size after voxel downsample: 17788
[Open3D INFO] after prerpocess: 17788
[Open3D INFO] reg_result.fitness: 0.237351, eva fitness: 0.336013
[INFO] [1773649878.960162112]: localization cost: 1982.588000 ms
[Open3D INFO] 

time_diff:1.98267 s, localization right now
[Open3D INFO] before sample, target size: 933071, has normal: true
[Open3D INFO] after sample, target size: 400000, has normal: true
[Open3D INFO] source size: 29208, maxpoints_source_: 80000
[Open3D INFO] source size after voxel downsample: 18848
[Open3D INFO] after prerpocess: 18848
[Open3D INFO] reg_result.fitness: 0.235303, eva fitness: 0.332608
[INFO] [1773649880.681415729]: localization cost: 1721.146000 ms
[Open3D INFO] 

time_diff:1.72125 s, localization right now
[Open3D INFO] before sample, target size: 933071, has normal: true
[Open3D INFO] after sample, target size: 400000, has normal: true
[Open3D INFO] source size: 30010, maxpoints_source_: 80000
[Open3D INFO] source size after voxel downsample: 18363
[Open3D INFO] after prerpocess: 18363
[Open3D INFO] reg_result.fitness: 0.213963, eva fitness: 0.311224
[INFO] [1773649882.421171327]: localization cost: 1739.655000 ms
[Open3D INFO] 

time_diff:1.73987 s, localization right now
[Open3D INFO] before sample, target size: 933071, has normal: true
[Open3D INFO] after sample, target size: 400000, has normal: true
[Open3D INFO] source size: 30186, maxpoints_source_: 80000
[Open3D INFO] source size after voxel downsample: 19299
[Open3D INFO] after prerpocess: 19299
[Open3D INFO] reg_result.fitness: 0.223587, eva fitness: 0.324628
[INFO] [1773649884.488075426]: localization cost: 2066.553000 ms
[Open3D INFO] 

time_diff:2.06666 s, localization right now
[Open3D INFO] before sample, target size: 933071, has normal: true
[Open3D INFO] after sample, target size: 400000, has normal: true
[Open3D INFO] source size: 29601, maxpoints_source_: 80000
[Open3D INFO] source size after voxel downsample: 19862
[Open3D INFO] after prerpocess: 19862
[Open3D INFO] reg_result.fitness: 0.221579, eva fitness: 0.31744
[INFO] [1773649886.342392264]: localization cost: 1854.215000 ms
[Open3D INFO] 

time_diff:1.8543 s, localization right now
[Open3D INFO] before sample, target size: 933071, has normal: true
[Open3D INFO] after sample, target size: 400000, has normal: true
[Open3D INFO] source size: 29904, maxpoints_source_: 80000
[Open3D INFO] source size after voxel downsample: 19099
[Open3D INFO] after prerpocess: 19099
[Open3D INFO] reg_result.fitness: 0.224619, eva fitness: 0.324258
[INFO] [1773649888.153021494]: localization cost: 1810.537000 ms
[Open3D INFO] 

time_diff:1.81062 s, localization right now
[Open3D INFO] before sample, target size: 933071, has normal: true
[Open3D INFO] after sample, target size: 400000, has normal: true
[Open3D INFO] source size: 29615, maxpoints_source_: 80000
[Open3D INFO] source size after voxel downsample: 20147
[Open3D INFO] after prerpocess: 20147
[Open3D INFO] reg_result.fitness: 0.217601, eva fitness: 0.313595
[INFO] [1773649890.334212774]: localization cost: 2181.088000 ms
[Open3D INFO] 

time_diff:2.18119 s, localization right now
[Open3D INFO] before sample, target size: 933071, has normal: true
[Open3D INFO] after sample, target size: 400000, has normal: true
[Open3D INFO] source size: 29272, maxpoints_source_: 80000
[Open3D INFO] source size after voxel downsample: 19070
[Open3D INFO] after prerpocess: 19070
[Open3D INFO] reg_result.fitness: 0.222024, eva fitness: 0.317305
[INFO] [1773649892.495434817]: localization cost: 2160.985000 ms
[Open3D INFO] 

time_diff:2.16125 s, localization right now
[Open3D INFO] before sample, target size: 933071, has normal: true
[Open3D INFO] after sample, target size: 400000, has normal: true
[Open3D INFO] source size: 29531, maxpoints_source_: 80000
[Open3D INFO] source size after voxel downsample: 19230
[Open3D INFO] after prerpocess: 19230
[Open3D INFO] reg_result.fitness: 0.224025, eva fitness: 0.326781
[INFO] [1773649894.501868015]: localization cost: 2005.844000 ms
[Open3D INFO] 

time_diff:2.00594 s, localization right now
[Open3D INFO] before sample, target size: 933071, has normal: true
[Open3D INFO] after sample, target size: 400000, has normal: true
[Open3D INFO] source size: 29190, maxpoints_source_: 80000
[Open3D INFO] source size after voxel downsample: 18903
[Open3D INFO] after prerpocess: 18903
[Open3D INFO] reg_result.fitness: 0.229223, eva fitness: 0.329736
[INFO] [1773649896.595515816]: localization cost: 2093.534000 ms
[Open3D INFO] 

time_diff:2.09365 s, localization right now
[Open3D INFO] before sample, target size: 933071, has normal: true
[Open3D INFO] after sample, target size: 400000, has normal: true
[Open3D INFO] source size: 29285, maxpoints_source_: 80000
[Open3D INFO] source size after voxel downsample: 19180
[Open3D INFO] after prerpocess: 19180
[Open3D INFO] reg_result.fitness: 0.222263, eva fitness: 0.323201
[INFO] [1773649898.880934024]: localization cost: 2285.275000 ms
[Open3D INFO] 

time_diff:2.28541 s, localization right now
[Open3D INFO] before sample, target size: 933071, has normal: true
[Open3D INFO] after sample, target size: 400000, has normal: true
[Open3D INFO] source size: 29325, maxpoints_source_: 80000
[Open3D INFO] source size after voxel downsample: 18999
[Open3D INFO] after prerpocess: 18999
[Open3D INFO] reg_result.fitness: 0.226959, eva fitness: 0.320754
[INFO] [1773649900.940638266]: localization cost: 2059.584000 ms
[Open3D INFO] 

time_diff:2.05969 s, localization right now
[Open3D INFO] before sample, target size: 933071, has normal: true
[Open3D INFO] after sample, target size: 400000, has normal: true
[Open3D INFO] source size: 29252, maxpoints_source_: 80000
[Open3D INFO] source size after voxel downsample: 18940
[Open3D INFO] after prerpocess: 18940
[Open3D INFO] reg_result.fitness: 0.229831, eva fitness: 0.332893
[INFO] [1773649902.608558660]: localization cost: 1667.803000 ms
[Open3D INFO] 

time_diff:1.66791 s, localization right now
[Open3D INFO] before sample, target size: 933071, has normal: true
[Open3D INFO] after sample, target size: 400000, has normal: true
[Open3D INFO] source size: 29372, maxpoints_source_: 80000
[Open3D INFO] source size after voxel downsample: 19171
[Open3D INFO] after prerpocess: 19171
[Open3D INFO] reg_result.fitness: 0.225653, eva fitness: 0.325126
[INFO] [1773649904.279774956]: localization cost: 1671.097000 ms
[Open3D INFO] 

time_diff:1.67121 s, localization right now
[Open3D INFO] before sample, target size: 933071, has normal: true
[Open3D INFO] after sample, target size: 400000, has normal: true
[Open3D INFO] source size: 29339, maxpoints_source_: 80000
[Open3D INFO] source size after voxel downsample: 18917
[Open3D INFO] after prerpocess: 18917
[Open3D INFO] reg_result.fitness: 0.229, eva fitness: 0.327325
[INFO] [1773649906.078592245]: localization cost: 1798.533000 ms
[Open3D INFO] 

time_diff:1.7987 s, localization right now
[Open3D INFO] before sample, target size: 933071, has normal: true
[Open3D INFO] after sample, target size: 400000, has normal: true
[Open3D INFO] source size: 29041, maxpoints_source_: 80000
[Open3D INFO] source size after voxel downsample: 19098
[Open3D INFO] after prerpocess: 19098
[Open3D INFO] reg_result.fitness: 0.227406, eva fitness: 0.326788
[INFO] [1773649908.029990261]: localization cost: 1951.279000 ms
[Open3D INFO] 

time_diff:1.95137 s, localization right now
[Open3D INFO] before sample, target size: 933071, has normal: true
[Open3D INFO] after sample, target size: 400000, has normal: true
[Open3D INFO] source size: 29053, maxpoints_source_: 80000
[Open3D INFO] source size after voxel downsample: 18924
[Open3D INFO] after prerpocess: 18924
[Open3D INFO] reg_result.fitness: 0.224583, eva fitness: 0.322976
[INFO] [1773649909.914989553]: localization cost: 1884.876000 ms
[Open3D INFO] 

time_diff:1.88501 s, localization right now
[Open3D INFO] before sample, target size: 933071, has normal: true
[Open3D INFO] after sample, target size: 400000, has normal: true
[Open3D INFO] source size: 29330, maxpoints_source_: 80000
[Open3D INFO] source size after voxel downsample: 18717
[Open3D INFO] after prerpocess: 18717
[Open3D INFO] reg_result.fitness: 0.222098, eva fitness: 0.321686
[INFO] [1773649912.021219041]: localization cost: 2105.944000 ms
[Open3D INFO] 

time_diff:2.10607 s, localization right now
[Open3D INFO] before sample, target size: 933071, has normal: true
[Open3D INFO] after sample, target size: 400000, has normal: true
[Open3D INFO] source size: 29394, maxpoints_source_: 80000
[Open3D INFO] source size after voxel downsample: 18961
[Open3D INFO] after prerpocess: 18961
[Open3D INFO] reg_result.fitness: 0.230684, eva fitness: 0.323664
[INFO] [1773649913.789957932]: localization cost: 1768.486000 ms
[Open3D INFO] 

time_diff:1.7686 s, localization right now
[Open3D INFO] before sample, target size: 933071, has normal: true
[Open3D INFO] after sample, target size: 400000, has normal: true
[Open3D INFO] source size: 29649, maxpoints_source_: 80000
[Open3D INFO] source size after voxel downsample: 20631
[Open3D INFO] after prerpocess: 20631
[Open3D INFO] reg_result.fitness: 0.225292, eva fitness: 0.323785
[INFO] [1773649915.610692887]: localization cost: 1820.502000 ms
[Open3D INFO] 

time_diff:1.82064 s, localization right now
[Open3D INFO] before sample, target size: 933071, has normal: true
[Open3D INFO] after sample, target size: 400000, has normal: true
[Open3D INFO] source size: 28928, maxpoints_source_: 80000
[Open3D INFO] source size after voxel downsample: 21020
[Open3D INFO] after prerpocess: 21020
[Open3D INFO] reg_result.fitness: 0.221456, eva fitness: 0.31941
[INFO] [1773649917.465017730]: localization cost: 1854.080000 ms
[Open3D INFO] 

time_diff:1.85417 s, localization right now
[Open3D INFO] before sample, target size: 933071, has normal: true
[Open3D INFO] after sample, target size: 400000, has normal: true
[Open3D INFO] source size: 28816, maxpoints_source_: 80000
[Open3D INFO] source size after voxel downsample: 21380
[Open3D INFO] after prerpocess: 21380
[Open3D INFO] reg_result.fitness: 0.21754, eva fitness: 0.31782
[INFO] [1773649919.426979892]: localization cost: 1961.748000 ms
[Open3D INFO] 

time_diff:1.96185 s, localization right now
[Open3D INFO] before sample, target size: 933071, has normal: true
[Open3D INFO] after sample, target size: 400000, has normal: true
[Open3D INFO] source size: 28964, maxpoints_source_: 80000
[Open3D INFO] source size after voxel downsample: 21034
[Open3D INFO] after prerpocess: 21034
[Open3D INFO] reg_result.fitness: 0.226633, eva fitness: 0.317391
[INFO] [1773649921.526877650]: localization cost: 2099.673000 ms
[Open3D INFO] 

time_diff:2.09978 s, localization right now
[Open3D INFO] before sample, target size: 933071, has normal: true
[Open3D INFO] after sample, target size: 400000, has normal: true
[Open3D INFO] source size: 28919, maxpoints_source_: 80000
[Open3D INFO] source size after voxel downsample: 21477
[Open3D INFO] after prerpocess: 21477
[Open3D INFO] reg_result.fitness: 0.224426, eva fitness: 0.321879
[INFO] [1773649923.719187635]: localization cost: 2192.198000 ms
[Open3D INFO] 

time_diff:2.19229 s, localization right now
[Open3D INFO] before sample, target size: 933071, has normal: true
[Open3D INFO] after sample, target size: 400000, has normal: true
[Open3D INFO] source size: 28891, maxpoints_source_: 80000
[Open3D INFO] source size after voxel downsample: 21249
[Open3D INFO] after prerpocess: 21249
[Open3D INFO] reg_result.fitness: 0.224199, eva fitness: 0.322415
[INFO] [1773649925.664949405]: localization cost: 1945.658000 ms
[Open3D INFO] 

time_diff:1.94574 s, localization right now
[Open3D INFO] before sample, target size: 933071, has normal: true
[Open3D INFO] after sample, target size: 400000, has normal: true
[Open3D INFO] source size: 28774, maxpoints_source_: 80000
[Open3D INFO] source size after voxel downsample: 20342
[Open3D INFO] after prerpocess: 20342
[Open3D INFO] reg_result.fitness: 0.216006, eva fitness: 0.308377
[INFO] [1773649927.745614237]: localization cost: 2080.491000 ms
[Open3D INFO] 

time_diff:2.08067 s, localization right now
[Open3D INFO] before sample, target size: 933071, has normal: true
[Open3D INFO] after sample, target size: 400000, has normal: true
[Open3D INFO] source size: 28804, maxpoints_source_: 80000
[Open3D INFO] source size after voxel downsample: 21121
[Open3D INFO] after prerpocess: 21121
[Open3D INFO] reg_result.fitness: 0.221012, eva fitness: 0.320439
[INFO] [1773649929.900280547]: localization cost: 2154.498000 ms
[Open3D INFO] 

time_diff:2.1547 s, localization right now
[Open3D INFO] before sample, target size: 933071, has normal: true
[Open3D INFO] after sample, target size: 400000, has normal: true
[Open3D INFO] source size: 29092, maxpoints_source_: 80000
[Open3D INFO] source size after voxel downsample: 21048
[Open3D INFO] after prerpocess: 21048
[Open3D INFO] reg_result.fitness: 0.218833, eva fitness: 0.316467
[INFO] [1773649932.191027053]: localization cost: 2290.588000 ms
[Open3D INFO] 

time_diff:2.29072 s, localization right now
[Open3D INFO] before sample, target size: 933071, has normal: true
[Open3D INFO] after sample, target size: 400000, has normal: true
[Open3D INFO] source size: 29038, maxpoints_source_: 80000
[Open3D INFO] source size after voxel downsample: 21002
[Open3D INFO] after prerpocess: 21002
[Open3D INFO] reg_result.fitness: 0.222741, eva fitness: 0.318589
[INFO] [1773649934.285844393]: localization cost: 2094.482000 ms
[Open3D INFO] 

time_diff:2.09465 s, localization right now
[Open3D INFO] before sample, target size: 933071, has normal: true
[Open3D INFO] after sample, target size: 400000, has normal: true
[Open3D INFO] source size: 28956, maxpoints_source_: 80000
[Open3D INFO] source size after voxel downsample: 20898
[Open3D INFO] after prerpocess: 20898
[Open3D INFO] reg_result.fitness: 0.223084, eva fitness: 0.319552
[INFO] [1773649936.690518699]: localization cost: 2404.539000 ms
[Open3D INFO] 

time_diff:2.40464 s, localization right now
[Open3D INFO] before sample, target size: 933071, has normal: true
[Open3D INFO] after sample, target size: 400000, has normal: true
[Open3D INFO] source size: 28849, maxpoints_source_: 80000
[Open3D INFO] source size after voxel downsample: 21028
[Open3D INFO] after prerpocess: 21028
[Open3D INFO] reg_result.fitness: 0.214238, eva fitness: 0.311489
[INFO] [1773649938.795312708]: localization cost: 2104.681000 ms
[Open3D INFO] 

time_diff:2.10479 s, localization right now
[Open3D INFO] before sample, target size: 933071, has normal: true
[Open3D INFO] after sample, target size: 400000, has normal: true
[Open3D INFO] source size: 29007, maxpoints_source_: 80000
[Open3D INFO] source size after voxel downsample: 21046
[Open3D INFO] after prerpocess: 21046
[Open3D INFO] reg_result.fitness: 0.219424, eva fitness: 0.314169
[INFO] [1773649941.239622541]: localization cost: 2444.186000 ms
[Open3D INFO] 

time_diff:2.4443 s, localization right now
[Open3D INFO] before sample, target size: 933071, has normal: true
[Open3D INFO] after sample, target size: 400000, has normal: true
[Open3D INFO] source size: 28833, maxpoints_source_: 80000
[Open3D INFO] source size after voxel downsample: 21081
[Open3D INFO] after prerpocess: 21081
[Open3D INFO] reg_result.fitness: 0.223092, eva fitness: 0.323988
[INFO] [1773649943.826419054]: localization cost: 2586.620000 ms
[Open3D INFO] 

time_diff:2.58704 s, localization right now
[Open3D INFO] before sample, target size: 933071, has normal: true
[Open3D INFO] after sample, target size: 400000, has normal: true
[Open3D INFO] source size: 28875, maxpoints_source_: 80000
[Open3D INFO] source size after voxel downsample: 21225
[Open3D INFO] after prerpocess: 21225
[Open3D INFO] reg_result.fitness: 0.230059, eva fitness: 0.328057
[INFO] [1773649946.031906886]: localization cost: 2205.099000 ms
[Open3D INFO] 

time_diff:2.20527 s, localization right now
[Open3D INFO] before sample, target size: 933071, has normal: true
[Open3D INFO] after sample, target size: 400000, has normal: true
[Open3D INFO] source size: 28756, maxpoints_source_: 80000
[Open3D INFO] source size after voxel downsample: 20765
[Open3D INFO] after prerpocess: 20765
[Open3D INFO] reg_result.fitness: 0.230051, eva fitness: 0.323044
[INFO] [1773649948.142822664]: localization cost: 2110.704000 ms
[Open3D INFO] 

time_diff:2.11084 s, localization right now
[Open3D INFO] before sample, target size: 933071, has normal: true
[Open3D INFO] after sample, target size: 400000, has normal: true
[Open3D INFO] source size: 29062, maxpoints_source_: 80000
[Open3D INFO] source size after voxel downsample: 21120
[Open3D INFO] after prerpocess: 21120
[Open3D INFO] reg_result.fitness: 0.224574, eva fitness: 0.317472
[INFO] [1773649950.248845711]: localization cost: 2105.889000 ms
[Open3D INFO] 

time_diff:2.10601 s, localization right now
[Open3D INFO] before sample, target size: 933071, has normal: true
[Open3D INFO] after sample, target size: 400000, has normal: true
[Open3D INFO] source size: 29208, maxpoints_source_: 80000
[Open3D INFO] source size after voxel downsample: 21173
[Open3D INFO] after prerpocess: 21173
[Open3D INFO] reg_result.fitness: 0.236905, eva fitness: 0.330043
[INFO] [1773649952.358333274]: localization cost: 2109.375000 ms
[Open3D INFO] 

time_diff:2.10947 s, localization right now
[Open3D INFO] before sample, target size: 933071, has normal: true
[Open3D INFO] after sample, target size: 400000, has normal: true
[Open3D INFO] source size: 29264, maxpoints_source_: 80000
[Open3D INFO] source size after voxel downsample: 21145
[Open3D INFO] after prerpocess: 21145
[Open3D INFO] reg_result.fitness: 0.222984, eva fitness: 0.317049
[INFO] [1773649954.329149535]: localization cost: 1970.717000 ms
[Open3D INFO] 

time_diff:1.97081 s, localization right now
[Open3D INFO] before sample, target size: 933071, has normal: true
[Open3D INFO] after sample, target size: 400000, has normal: true
[Open3D INFO] source size: 29096, maxpoints_source_: 80000
[Open3D INFO] source size after voxel downsample: 21312
[Open3D INFO] after prerpocess: 21312
[Open3D INFO] reg_result.fitness: 0.222926, eva fitness: 0.320383
[INFO] [1773649956.257058463]: localization cost: 1927.807000 ms
[Open3D INFO] 

time_diff:1.9279 s, localization right now
[Open3D INFO] before sample, target size: 933071, has normal: true
[Open3D INFO] after sample, target size: 400000, has normal: true
[Open3D INFO] source size: 28814, maxpoints_source_: 80000
[Open3D INFO] source size after voxel downsample: 20925
[Open3D INFO] after prerpocess: 20925
[Open3D INFO] reg_result.fitness: 0.216679, eva fitness: 0.311589
[INFO] [1773649958.422384188]: localization cost: 2165.204000 ms
[Open3D INFO] 

time_diff:2.16533 s, localization right now
[Open3D INFO] before sample, target size: 933071, has normal: true
[Open3D INFO] after sample, target size: 400000, has normal: true
[Open3D INFO] source size: 29017, maxpoints_source_: 80000
[Open3D INFO] source size after voxel downsample: 20984
[Open3D INFO] after prerpocess: 20984
[Open3D INFO] reg_result.fitness: 0.221216, eva fitness: 0.318481
[INFO] [1773649960.740930090]: localization cost: 2318.224000 ms
[Open3D INFO] 

time_diff:2.3184 s, localization right now
[Open3D INFO] before sample, target size: 933071, has normal: true
[Open3D INFO] after sample, target size: 400000, has normal: true
[Open3D INFO] source size: 29029, maxpoints_source_: 80000
[Open3D INFO] source size after voxel downsample: 21206
[Open3D INFO] after prerpocess: 21206
[Open3D INFO] reg_result.fitness: 0.221022, eva fitness: 0.315618
[INFO] [1773649962.956779948]: localization cost: 2215.519000 ms
[Open3D INFO] 

time_diff:2.21562 s, localization right now
[Open3D INFO] before sample, target size: 933071, has normal: true
[Open3D INFO] after sample, target size: 400000, has normal: true
[Open3D INFO] source size: 29042, maxpoints_source_: 80000
[Open3D INFO] source size after voxel downsample: 20954
[Open3D INFO] after prerpocess: 20954
[Open3D INFO] reg_result.fitness: 0.222058, eva fitness: 0.319080
[INFO] [1773649964.959381293]: localization cost: 2002.495000 ms
[Open3D INFO] 

time_diff:2.00259 s, localization right now
[Open3D INFO] before sample, target size: 933071, has normal: true
[Open3D INFO] after sample, target size: 400000, has normal: true
[Open3D INFO] source size: 29073, maxpoints_source_: 80000
[Open3D INFO] source size after voxel downsample: 20117
[Open3D INFO] after prerpocess: 20117
[Open3D INFO] reg_result.fitness: 0.225382, eva fitness: 0.326291
[INFO] [1773649966.927239424]: localization cost: 1967.752000 ms
[Open3D INFO] 

time_diff:1.96786 s, localization right now
[Open3D INFO] before sample, target size: 933071, has normal: true
[Open3D INFO] after sample, target size: 400000, has normal: true
[Open3D INFO] source size: 28926, maxpoints_source_: 80000
[Open3D INFO] source size after voxel downsample: 21415
[Open3D INFO] after prerpocess: 21415
[Open3D INFO] reg_result.fitness: 0.220733, eva fitness: 0.317441
[INFO] [1773649969.073821650]: localization cost: 2146.449000 ms
[Open3D INFO] 

time_diff:2.14657 s, localization right now
[Open3D INFO] before sample, target size: 933071, has normal: true
[Open3D INFO] after sample, target size: 400000, has normal: true
[Open3D INFO] source size: 28715, maxpoints_source_: 80000
[Open3D INFO] source size after voxel downsample: 21436
[Open3D INFO] after prerpocess: 21436
[Open3D INFO] reg_result.fitness: 0.226255, eva fitness: 0.326507
[INFO] [1773649971.009519387]: localization cost: 1935.583000 ms
[Open3D INFO] 

time_diff:1.93568 s, localization right now
[Open3D INFO] before sample, target size: 933071, has normal: true
[Open3D INFO] after sample, target size: 400000, has normal: true
[Open3D INFO] source size: 28883, maxpoints_source_: 80000
[Open3D INFO] source size after voxel downsample: 20615
[Open3D INFO] after prerpocess: 20615
[Open3D INFO] reg_result.fitness: 0.235799, eva fitness: 0.338249
[INFO] [1773649973.047516726]: localization cost: 2037.884000 ms
[Open3D INFO] 

time_diff:2.03799 s, localization right now
[Open3D INFO] before sample, target size: 933071, has normal: true
[Open3D INFO] after sample, target size: 400000, has normal: true
[Open3D INFO] source size: 28799, maxpoints_source_: 80000
[Open3D INFO] source size after voxel downsample: 21796
[Open3D INFO] after prerpocess: 21796
[Open3D INFO] reg_result.fitness: 0.230042, eva fitness: 0.331024
[INFO] [1773649975.640061980]: localization cost: 2592.409000 ms
[Open3D INFO] 

time_diff:2.59256 s, localization right now
[Open3D INFO] before sample, target size: 933071, has normal: true
[Open3D INFO] after sample, target size: 400000, has normal: true
[Open3D INFO] source size: 28812, maxpoints_source_: 80000
[Open3D INFO] source size after voxel downsample: 21218
[Open3D INFO] after prerpocess: 21218
[Open3D INFO] reg_result.fitness: 0.225705, eva fitness: 0.318456
[INFO] [1773649978.125167167]: localization cost: 2484.778000 ms
[Open3D INFO] 

time_diff:2.48495 s, localization right now
[Open3D INFO] before sample, target size: 933071, has normal: true
[Open3D INFO] after sample, target size: 400000, has normal: true
[Open3D INFO] source size: 28462, maxpoints_source_: 80000
[Open3D INFO] source size after voxel downsample: 21854
[Open3D INFO] after prerpocess: 21854
[Open3D INFO] reg_result.fitness: 0.222065, eva fitness: 0.320811
[INFO] [1773649980.221126774]: localization cost: 2095.791000 ms
[Open3D INFO] 

time_diff:2.0959 s, localization right now
[Open3D INFO] before sample, target size: 933071, has normal: true
[Open3D INFO] after sample, target size: 400000, has normal: true
[Open3D INFO] source size: 28663, maxpoints_source_: 80000
[Open3D INFO] source size after voxel downsample: 21890
[Open3D INFO] after prerpocess: 21890
[Open3D INFO] reg_result.fitness: 0.224897, eva fitness: 0.322522
[INFO] [1773649982.246345814]: localization cost: 2025.113000 ms
[Open3D INFO] 

time_diff:2.02521 s, localization right now
[Open3D INFO] before sample, target size: 933071, has normal: true
[Open3D INFO] after sample, target size: 400000, has normal: true
[Open3D INFO] source size: 28713, maxpoints_source_: 80000
[Open3D INFO] source size after voxel downsample: 21831
[Open3D INFO] after prerpocess: 21831
[Open3D INFO] reg_result.fitness: 0.227246, eva fitness: 0.321836
[INFO] [1773649984.420836969]: localization cost: 2174.371000 ms
[Open3D INFO] 

time_diff:2.17448 s, localization right now
[Open3D INFO] before sample, target size: 933071, has normal: true
[Open3D INFO] after sample, target size: 400000, has normal: true
[Open3D INFO] source size: 28689, maxpoints_source_: 80000
[Open3D INFO] source size after voxel downsample: 21493
[Open3D INFO] after prerpocess: 21493
[Open3D INFO] reg_result.fitness: 0.220304, eva fitness: 0.313265
[INFO] [1773649986.669219434]: localization cost: 2248.272000 ms
[Open3D INFO] 

time_diff:2.24838 s, localization right now
[Open3D INFO] before sample, target size: 933071, has normal: true
[Open3D INFO] after sample, target size: 400000, has normal: true
[Open3D INFO] source size: 28461, maxpoints_source_: 80000
[Open3D INFO] source size after voxel downsample: 21711
[Open3D INFO] after prerpocess: 21711
[Open3D INFO] reg_result.fitness: 0.222007, eva fitness: 0.313758
[INFO] [1773649988.689818812]: localization cost: 2020.466000 ms
[Open3D INFO] 

time_diff:2.02059 s, localization right now
[Open3D INFO] before sample, target size: 933071, has normal: true
[Open3D INFO] after sample, target size: 400000, has normal: true
[Open3D INFO] source size: 28581, maxpoints_source_: 80000
[Open3D INFO] source size after voxel downsample: 21928
[Open3D INFO] after prerpocess: 21928
[Open3D INFO] reg_result.fitness: 0.222775, eva fitness: 0.317357
[INFO] [1773649990.976078454]: localization cost: 2286.151000 ms
[Open3D INFO] 

time_diff:2.28625 s, localization right now
[Open3D INFO] before sample, target size: 933071, has normal: true
[Open3D INFO] after sample, target size: 400000, has normal: true
[Open3D INFO] source size: 28594, maxpoints_source_: 80000
[Open3D INFO] source size after voxel downsample: 21804
[Open3D INFO] after prerpocess: 21804
[Open3D INFO] reg_result.fitness: 0.225050, eva fitness: 0.317786
[INFO] [1773649993.189433673]: localization cost: 2213.244000 ms
[Open3D INFO] 

time_diff:2.21335 s, localization right now
[Open3D INFO] before sample, target size: 933071, has normal: true
[Open3D INFO] after sample, target size: 400000, has normal: true
[Open3D INFO] source size: 28679, maxpoints_source_: 80000
[Open3D INFO] source size after voxel downsample: 21865
[Open3D INFO] after prerpocess: 21865
[Open3D INFO] reg_result.fitness: 0.221038, eva fitness: 0.313149
[INFO] [1773649995.196431000]: localization cost: 2006.888000 ms
[Open3D INFO] 

time_diff:2.00698 s, localization right now
[Open3D INFO] before sample, target size: 933071, has normal: true
[Open3D INFO] after sample, target size: 400000, has normal: true
[Open3D INFO] source size: 28533, maxpoints_source_: 80000
[Open3D INFO] source size after voxel downsample: 21410
[Open3D INFO] after prerpocess: 21410
[Open3D INFO] reg_result.fitness: 0.224194, eva fitness: 0.318496
[INFO] [1773649997.178065094]: localization cost: 1981.525000 ms
[Open3D INFO] 

time_diff:1.98163 s, localization right now
[Open3D INFO] before sample, target size: 933071, has normal: true
[Open3D INFO] after sample, target size: 400000, has normal: true
[Open3D INFO] source size: 28372, maxpoints_source_: 80000
[Open3D INFO] source size after voxel downsample: 22016
[Open3D INFO] after prerpocess: 22016
[Open3D INFO] reg_result.fitness: 0.214617, eva fitness: 0.315543
[INFO] [1773649999.386796009]: localization cost: 2208.620000 ms
[Open3D INFO] 

time_diff:2.20872 s, localization right now
[Open3D INFO] before sample, target size: 933071, has normal: true
[Open3D INFO] after sample, target size: 400000, has normal: true
[Open3D INFO] source size: 28549, maxpoints_source_: 80000
[Open3D INFO] source size after voxel downsample: 21203
[Open3D INFO] after prerpocess: 21203
[Open3D INFO] reg_result.fitness: 0.22643, eva fitness: 0.323633
[INFO] [1773650001.667713978]: localization cost: 2280.808000 ms
[Open3D INFO] 

time_diff:2.28090 s, localization right now
[Open3D INFO] before sample, target size: 933071, has normal: true
[Open3D INFO] after sample, target size: 400000, has normal: true
[Open3D INFO] source size: 28441, maxpoints_source_: 80000
[Open3D INFO] source size after voxel downsample: 21449
[Open3D INFO] after prerpocess: 21449
[Open3D INFO] reg_result.fitness: 0.236608, eva fitness: 0.331111
[INFO] [1773650003.461932529]: localization cost: 1794.085000 ms
[Open3D INFO] 

time_diff:1.79422 s, localization right now
[Open3D INFO] before sample, target size: 933071, has normal: true
[Open3D INFO] after sample, target size: 400000, has normal: true
[Open3D INFO] source size: 28870, maxpoints_source_: 80000
[Open3D INFO] source size after voxel downsample: 21093
[Open3D INFO] after prerpocess: 21093
[Open3D INFO] reg_result.fitness: 0.228464, eva fitness: 0.335988
[INFO] [1773650006.047149794]: localization cost: 2585.000000 ms
[Open3D INFO] 

time_diff:2.58515 s, localization right now
[Open3D INFO] before sample, target size: 933071, has normal: true
[Open3D INFO] after sample, target size: 400000, has normal: true
[Open3D INFO] source size: 28674, maxpoints_source_: 80000
[Open3D INFO] source size after voxel downsample: 21604
[Open3D INFO] after prerpocess: 21604
[Open3D INFO] reg_result.fitness: 0.219404, eva fitness: 0.313507
[INFO] [1773650008.056976123]: localization cost: 2009.716000 ms
[Open3D INFO] 

time_diff:2.00982 s, localization right now
[Open3D INFO] before sample, target size: 933071, has normal: true
[Open3D INFO] after sample, target size: 400000, has normal: true
[Open3D INFO] source size: 28579, maxpoints_source_: 80000
[Open3D INFO] source size after voxel downsample: 21530
[Open3D INFO] after prerpocess: 21530
[Open3D INFO] reg_result.fitness: 0.216163, eva fitness: 0.313748
[INFO] [1773650009.996640853]: localization cost: 1939.547000 ms
[Open3D INFO] 

time_diff:1.93966 s, localization right now
[Open3D INFO] before sample, target size: 933071, has normal: true
[Open3D INFO] after sample, target size: 400000, has normal: true
[Open3D INFO] source size: 28753, maxpoints_source_: 80000
[Open3D INFO] source size after voxel downsample: 21473
[Open3D INFO] after prerpocess: 21473
[Open3D INFO] reg_result.fitness: 0.221813, eva fitness: 0.317888
[INFO] [1773650012.105739804]: localization cost: 2108.943000 ms
[Open3D INFO] 

time_diff:2.10916 s, localization right now
[Open3D INFO] before sample, target size: 933071, has normal: true
[Open3D INFO] after sample, target size: 400000, has normal: true
[Open3D INFO] source size: 28713, maxpoints_source_: 80000
[Open3D INFO] source size after voxel downsample: 21594
[Open3D INFO] after prerpocess: 21594
[Open3D INFO] reg_result.fitness: 0.217514, eva fitness: 0.315967
[INFO] [1773650014.052406879]: localization cost: 1946.476000 ms
[Open3D INFO] 

time_diff:1.94657 s, localization right now
[Open3D INFO] before sample, target size: 933071, has normal: true
[Open3D INFO] after sample, target size: 400000, has normal: true
[Open3D INFO] source size: 28759, maxpoints_source_: 80000
[Open3D INFO] source size after voxel downsample: 21658
[Open3D INFO] after prerpocess: 21658
[Open3D INFO] reg_result.fitness: 0.219318, eva fitness: 0.316465
[INFO] [1773650016.146227268]: localization cost: 2093.715000 ms
[Open3D INFO] 

time_diff:2.09381 s, localization right now
[Open3D INFO] before sample, target size: 933071, has normal: true
[Open3D INFO] after sample, target size: 400000, has normal: true
[Open3D INFO] source size: 28835, maxpoints_source_: 80000
[Open3D INFO] source size after voxel downsample: 21717
[Open3D INFO] after prerpocess: 21717
[Open3D INFO] reg_result.fitness: 0.221992, eva fitness: 0.32371
[INFO] [1773650018.546344213]: localization cost: 2399.846000 ms
[Open3D INFO] 

time_diff:2.39996 s, localization right now
[Open3D INFO] before sample, target size: 933071, has normal: true
[Open3D INFO] after sample, target size: 400000, has normal: true
[Open3D INFO] source size: 28784, maxpoints_source_: 80000
[Open3D INFO] source size after voxel downsample: 21642
[Open3D INFO] after prerpocess: 21642
[Open3D INFO] reg_result.fitness: 0.227521, eva fitness: 0.324693
[INFO] [1773650021.086343990]: localization cost: 2539.816000 ms
[Open3D INFO] 

time_diff:2.53995 s, localization right now
[Open3D INFO] before sample, target size: 933071, has normal: true
[Open3D INFO] after sample, target size: 400000, has normal: true
[Open3D INFO] source size: 28753, maxpoints_source_: 80000
[Open3D INFO] source size after voxel downsample: 21586
[Open3D INFO] after prerpocess: 21586
[Open3D INFO] reg_result.fitness: 0.220745, eva fitness: 0.316362
[INFO] [1773650023.336887369]: localization cost: 2250.176000 ms
[Open3D INFO] 

time_diff:2.25027 s, localization right now
[Open3D INFO] before sample, target size: 933071, has normal: true
[Open3D INFO] after sample, target size: 400000, has normal: true
[Open3D INFO] source size: 28933, maxpoints_source_: 80000
[Open3D INFO] source size after voxel downsample: 21868
[Open3D INFO] after prerpocess: 21868
[Open3D INFO] reg_result.fitness: 0.224529, eva fitness: 0.322115
[INFO] [1773650025.667586166]: localization cost: 2330.591000 ms
[Open3D INFO] 

time_diff:2.33069 s, localization right now
[Open3D INFO] before sample, target size: 933071, has normal: true
[Open3D INFO] after sample, target size: 400000, has normal: true
[Open3D INFO] source size: 28535, maxpoints_source_: 80000
[Open3D INFO] source size after voxel downsample: 21382
[Open3D INFO] after prerpocess: 21382
[Open3D INFO] reg_result.fitness: 0.224488, eva fitness: 0.323871
[INFO] [1773650028.177161336]: localization cost: 2509.392000 ms
[Open3D INFO] 

time_diff:2.50957 s, localization right now
[Open3D INFO] before sample, target size: 933071, has normal: true
[Open3D INFO] after sample, target size: 400000, has normal: true
[Open3D INFO] source size: 28599, maxpoints_source_: 80000
[Open3D INFO] source size after voxel downsample: 21623
[Open3D INFO] after prerpocess: 21623
[Open3D INFO] reg_result.fitness: 0.220645, eva fitness: 0.316376
[INFO] [1773650030.365485783]: localization cost: 2188.053000 ms
[Open3D INFO] 

time_diff:2.1882 s, localization right now
[Open3D INFO] before sample, target size: 933071, has normal: true
[Open3D INFO] after sample, target size: 400000, has normal: true
[Open3D INFO] source size: 28818, maxpoints_source_: 80000
[Open3D INFO] source size after voxel downsample: 21578
[Open3D INFO] after prerpocess: 21578
[Open3D INFO] reg_result.fitness: 0.213644, eva fitness: 0.313745
[INFO] [1773650032.625160355]: localization cost: 2259.475000 ms
[Open3D INFO] 

time_diff:2.25963 s, localization right now
[Open3D INFO] before sample, target size: 933071, has normal: true
[Open3D INFO] after sample, target size: 400000, has normal: true
[Open3D INFO] source size: 28696, maxpoints_source_: 80000
[Open3D INFO] source size after voxel downsample: 21628
[Open3D INFO] after prerpocess: 21628
[Open3D INFO] reg_result.fitness: 0.225125, eva fitness: 0.323331
[INFO] [1773650035.067895362]: localization cost: 2442.604000 ms
[Open3D INFO] 

time_diff:2.4427 s, localization right now
[Open3D INFO] before sample, target size: 933071, has normal: true
[Open3D INFO] after sample, target size: 400000, has normal: true
[Open3D INFO] source size: 28742, maxpoints_source_: 80000
[Open3D INFO] source size after voxel downsample: 21557
[Open3D INFO] after prerpocess: 21557
[Open3D INFO] reg_result.fitness: 0.214826, eva fitness: 0.310758
[INFO] [1773650037.438691903]: localization cost: 2370.669000 ms
[Open3D INFO] 

time_diff:2.37081 s, localization right now
[Open3D INFO] before sample, target size: 933071, has normal: true
[Open3D INFO] after sample, target size: 400000, has normal: true
[Open3D INFO] source size: 28517, maxpoints_source_: 80000
[Open3D INFO] source size after voxel downsample: 21559
[Open3D INFO] after prerpocess: 21559
[Open3D INFO] reg_result.fitness: 0.217125, eva fitness: 0.308131
[INFO] [1773650039.952024138]: localization cost: 2513.200000 ms
[Open3D INFO] 

time_diff:2.51329 s, localization right now
[Open3D INFO] before sample, target size: 933071, has normal: true
[Open3D INFO] after sample, target size: 400000, has normal: true
[Open3D INFO] source size: 28582, maxpoints_source_: 80000
[Open3D INFO] source size after voxel downsample: 21668
[Open3D INFO] after prerpocess: 21668
[Open3D INFO] reg_result.fitness: 0.218433, eva fitness: 0.317104
[INFO] [1773650041.988420909]: localization cost: 2036.297000 ms
[Open3D INFO] 

time_diff:2.0364 s, localization right now
[Open3D INFO] before sample, target size: 933071, has normal: true
[Open3D INFO] after sample, target size: 400000, has normal: true
[Open3D INFO] source size: 28786, maxpoints_source_: 80000
[Open3D INFO] source size after voxel downsample: 21397
[Open3D INFO] after prerpocess: 21397
[Open3D INFO] reg_result.fitness: 0.21517, eva fitness: 0.314951
[INFO] [1773650043.965533567]: localization cost: 1977.003000 ms
[Open3D INFO] 

time_diff:1.97709 s, localization right now
[Open3D INFO] before sample, target size: 933071, has normal: true
[Open3D INFO] after sample, target size: 400000, has normal: true
[Open3D INFO] source size: 28804, maxpoints_source_: 80000
[Open3D INFO] source size after voxel downsample: 21302
[Open3D INFO] after prerpocess: 21302
[Open3D INFO] reg_result.fitness: 0.216083, eva fitness: 0.310206
[INFO] [1773650045.924213300]: localization cost: 1958.575000 ms
[Open3D INFO] 

time_diff:1.95867 s, localization right now
[Open3D INFO] before sample, target size: 933071, has normal: true
[Open3D INFO] after sample, target size: 400000, has normal: true
[Open3D INFO] source size: 28591, maxpoints_source_: 80000
[Open3D INFO] source size after voxel downsample: 21810
[Open3D INFO] after prerpocess: 21810
[Open3D INFO] reg_result.fitness: 0.217056, eva fitness: 0.31426
[INFO] [1773650047.994755882]: localization cost: 2070.416000 ms
[Open3D INFO] 

time_diff:2.07054 s, localization right now
[Open3D INFO] before sample, target size: 933071, has normal: true
[Open3D INFO] after sample, target size: 400000, has normal: true
[Open3D INFO] source size: 28625, maxpoints_source_: 80000
[Open3D INFO] source size after voxel downsample: 21755
[Open3D INFO] after prerpocess: 21755
[Open3D INFO] reg_result.fitness: 0.217651, eva fitness: 0.313859
[INFO] [1773650050.113859577]: localization cost: 2118.986000 ms
[Open3D INFO] 

time_diff:2.11909 s, localization right now
[Open3D INFO] before sample, target size: 933071, has normal: true
[Open3D INFO] after sample, target size: 400000, has normal: true
[Open3D INFO] source size: 28374, maxpoints_source_: 80000
[Open3D INFO] source size after voxel downsample: 20940
[Open3D INFO] after prerpocess: 20940
[Open3D INFO] reg_result.fitness: 0.210554, eva fitness: 0.307736
[INFO] [1773650052.242030145]: localization cost: 2128.059000 ms
[Open3D INFO] 

time_diff:2.12816 s, localization right now
[Open3D INFO] before sample, target size: 933071, has normal: true
[Open3D INFO] after sample, target size: 400000, has normal: true
[Open3D INFO] source size: 28356, maxpoints_source_: 80000
[Open3D INFO] source size after voxel downsample: 20941
[Open3D INFO] after prerpocess: 20941
[Open3D INFO] reg_result.fitness: 0.209589, eva fitness: 0.304665
[INFO] [1773650054.166694343]: localization cost: 1924.558000 ms
[Open3D INFO] 

time_diff:1.92466 s, localization right now
[Open3D INFO] before sample, target size: 933071, has normal: true
[Open3D INFO] after sample, target size: 400000, has normal: true
[Open3D INFO] source size: 28128, maxpoints_source_: 80000
[Open3D INFO] source size after voxel downsample: 20952
[Open3D INFO] after prerpocess: 20952
[Open3D INFO] reg_result.fitness: 0.213011, eva fitness: 0.308181
[INFO] [1773650055.957435940]: localization cost: 1790.570000 ms
[Open3D INFO] 

time_diff:1.79074 s, localization right now
[Open3D INFO] before sample, target size: 933071, has normal: true
[Open3D INFO] after sample, target size: 400000, has normal: true
[Open3D INFO] source size: 28189, maxpoints_source_: 80000
[Open3D INFO] source size after voxel downsample: 20973
[Open3D INFO] after prerpocess: 20973
[Open3D INFO] reg_result.fitness: 0.210938, eva fitness: 0.308778
[INFO] [1773650058.184327033]: localization cost: 2226.766000 ms
[Open3D INFO] 

time_diff:2.22687 s, localization right now
[Open3D INFO] before sample, target size: 933071, has normal: true
[Open3D INFO] after sample, target size: 400000, has normal: true
[Open3D INFO] source size: 28271, maxpoints_source_: 80000
[Open3D INFO] source size after voxel downsample: 20837
[Open3D INFO] after prerpocess: 20837
[Open3D INFO] reg_result.fitness: 0.210971, eva fitness: 0.300811
[INFO] [1773650060.184571931]: localization cost: 2000.093000 ms
[Open3D INFO] 

time_diff:2.00026 s, localization right now
[Open3D INFO] before sample, target size: 933071, has normal: true
[Open3D INFO] after sample, target size: 400000, has normal: true
[Open3D INFO] source size: 28603, maxpoints_source_: 80000
[Open3D INFO] source size after voxel downsample: 21142
[Open3D INFO] after prerpocess: 21142
[Open3D INFO] reg_result.fitness: 0.217813, eva fitness: 0.313499
[INFO] [1773650062.767623492]: localization cost: 2582.702000 ms
[Open3D INFO] 

time_diff:2.58286 s, localization right now
[Open3D INFO] before sample, target size: 933071, has normal: true
[Open3D INFO] after sample, target size: 400000, has normal: true
[Open3D INFO] source size: 28571, maxpoints_source_: 80000
[Open3D INFO] source size after voxel downsample: 20785
[Open3D INFO] after prerpocess: 20785
[Open3D INFO] reg_result.fitness: 0.211787, eva fitness: 0.310224
[INFO] [1773650065.390599645]: localization cost: 2622.822000 ms
[Open3D INFO] 

time_diff:2.62294 s, localization right now
[Open3D INFO] before sample, target size: 933071, has normal: true
[Open3D INFO] after sample, target size: 400000, has normal: true
[Open3D INFO] source size: 28520, maxpoints_source_: 80000
[Open3D INFO] source size after voxel downsample: 20956
[Open3D INFO] after prerpocess: 20956
[Open3D INFO] reg_result.fitness: 0.220748, eva fitness: 0.317952
[INFO] [1773650067.595439018]: localization cost: 2204.728000 ms
[Open3D INFO] 

time_diff:2.20482 s, localization right now
[Open3D INFO] before sample, target size: 933071, has normal: true
[Open3D INFO] after sample, target size: 400000, has normal: true
[Open3D INFO] source size: 28369, maxpoints_source_: 80000
[Open3D INFO] source size after voxel downsample: 21121
[Open3D INFO] after prerpocess: 21121
[Open3D INFO] reg_result.fitness: 0.215899, eva fitness: 0.314853
[INFO] [1773650069.601477802]: localization cost: 2005.935000 ms
[Open3D INFO] 

time_diff:2.00603 s, localization right now
[Open3D INFO] before sample, target size: 933071, has normal: true
[Open3D INFO] after sample, target size: 400000, has normal: true
[Open3D INFO] source size: 28703, maxpoints_source_: 80000
[Open3D INFO] source size after voxel downsample: 20292
[Open3D INFO] after prerpocess: 20292
[Open3D INFO] reg_result.fitness: 0.230091, eva fitness: 0.333136
[INFO] [1773650071.553705161]: localization cost: 1952.127000 ms
[Open3D INFO] 

time_diff:1.95222 s, localization right now
[Open3D INFO] before sample, target size: 933071, has normal: true
[Open3D INFO] after sample, target size: 400000, has normal: true
[Open3D INFO] source size: 28972, maxpoints_source_: 80000
[Open3D INFO] source size after voxel downsample: 20906
[Open3D INFO] after prerpocess: 20906
[Open3D INFO] reg_result.fitness: 0.220989, eva fitness: 0.318473
[INFO] [1773650073.709493292]: localization cost: 2155.645000 ms
[Open3D INFO] 

time_diff:2.15582 s, localization right now
[Open3D INFO] before sample, target size: 933071, has normal: true
[Open3D INFO] after sample, target size: 400000, has normal: true
[Open3D INFO] source size: 28668, maxpoints_source_: 80000
[Open3D INFO] source size after voxel downsample: 21003
[Open3D INFO] after prerpocess: 21003
[Open3D INFO] reg_result.fitness: 0.235157, eva fitness: 0.334048
[INFO] [1773650075.816407370]: localization cost: 2106.758000 ms
[Open3D INFO] 

time_diff:2.10686 s, localization right now
[Open3D INFO] before sample, target size: 933071, has normal: true
[Open3D INFO] after sample, target size: 400000, has normal: true
[Open3D INFO] source size: 28630, maxpoints_source_: 80000
[Open3D INFO] source size after voxel downsample: 20194
[Open3D INFO] after prerpocess: 20194
[Open3D INFO] reg_result.fitness: 0.235912, eva fitness: 0.336486
[INFO] [1773650077.993795971]: localization cost: 2177.260000 ms
[Open3D INFO] 

time_diff:2.17739 s, localization right now
[Open3D INFO] before sample, target size: 933071, has normal: true
[Open3D INFO] after sample, target size: 400000, has normal: true
[Open3D INFO] source size: 29060, maxpoints_source_: 80000
[Open3D INFO] source size after voxel downsample: 20343
[Open3D INFO] after prerpocess: 20343
[Open3D INFO] reg_result.fitness: 0.226122, eva fitness: 0.321388
[INFO] [1773650080.492625735]: localization cost: 2498.718000 ms
[Open3D INFO] 

time_diff:2.49881 s, localization right now
[Open3D INFO] before sample, target size: 933071, has normal: true
[Open3D INFO] after sample, target size: 400000, has normal: true
[Open3D INFO] source size: 29396, maxpoints_source_: 80000
[Open3D INFO] source size after voxel downsample: 20700
[Open3D INFO] after prerpocess: 20700
[Open3D INFO] reg_result.fitness: 0.226618, eva fitness: 0.325266
[INFO] [1773650082.598724550]: localization cost: 2105.996000 ms
[Open3D INFO] 

time_diff:2.10610 s, localization right now
[Open3D INFO] before sample, target size: 933071, has normal: true
[Open3D INFO] after sample, target size: 400000, has normal: true
[Open3D INFO] source size: 29482, maxpoints_source_: 80000
[Open3D INFO] source size after voxel downsample: 20678
[Open3D INFO] after prerpocess: 20678
[Open3D INFO] reg_result.fitness: 0.227827, eva fitness: 0.327498
[INFO] [1773650084.801367584]: localization cost: 2202.525000 ms
[Open3D INFO] 

time_diff:2.20264 s, localization right now
[Open3D INFO] before sample, target size: 933071, has normal: true
[Open3D INFO] after sample, target size: 400000, has normal: true
[Open3D INFO] source size: 29473, maxpoints_source_: 80000
[Open3D INFO] source size after voxel downsample: 20333
[Open3D INFO] after prerpocess: 20333
[Open3D INFO] reg_result.fitness: 0.228397, eva fitness: 0.325874
[INFO] [1773650086.909597905]: localization cost: 2108.108000 ms
[Open3D INFO] 

time_diff:2.10821 s, localization right now
[Open3D INFO] before sample, target size: 933071, has normal: true
[Open3D INFO] after sample, target size: 400000, has normal: true
[Open3D INFO] source size: 29144, maxpoints_source_: 80000
[Open3D INFO] source size after voxel downsample: 20643
[Open3D INFO] after prerpocess: 20643
[Open3D INFO] reg_result.fitness: 0.220656, eva fitness: 0.321416
[INFO] [1773650088.840726573]: localization cost: 1931.027000 ms
[Open3D INFO] 

time_diff:1.93111 s, localization right now
[Open3D INFO] before sample, target size: 933071, has normal: true
[Open3D INFO] after sample, target size: 400000, has normal: true
[Open3D INFO] source size: 29361, maxpoints_source_: 80000
[Open3D INFO] source size after voxel downsample: 20649
[Open3D INFO] after prerpocess: 20649
[Open3D INFO] reg_result.fitness: 0.232796, eva fitness: 0.331541
[INFO] [1773650091.020818317]: localization cost: 2179.990000 ms
[Open3D INFO] 

time_diff:2.18009 s, localization right now
[Open3D INFO] before sample, target size: 933071, has normal: true
[Open3D INFO] after sample, target size: 400000, has normal: true
[Open3D INFO] source size: 29269, maxpoints_source_: 80000
[Open3D INFO] source size after voxel downsample: 20581
[Open3D INFO] after prerpocess: 20581
[Open3D INFO] reg_result.fitness: 0.228366, eva fitness: 0.321462
[INFO] [1773650093.549949618]: localization cost: 2529.014000 ms
[Open3D INFO] 

time_diff:2.52912 s, localization right now
[Open3D INFO] before sample, target size: 933071, has normal: true
[Open3D INFO] after sample, target size: 400000, has normal: true
[Open3D INFO] source size: 29289, maxpoints_source_: 80000
[Open3D INFO] source size after voxel downsample: 20739
[Open3D INFO] after prerpocess: 20739
[Open3D INFO] reg_result.fitness: 0.227108, eva fitness: 0.325329
[INFO] [1773650096.048282402]: localization cost: 2498.215000 ms
[Open3D INFO] 

time_diff:2.49832 s, localization right now
[Open3D INFO] before sample, target size: 933071, has normal: true
[Open3D INFO] after sample, target size: 400000, has normal: true
[Open3D INFO] source size: 29033, maxpoints_source_: 80000
[Open3D INFO] source size after voxel downsample: 20407
[Open3D INFO] after prerpocess: 20407
[Open3D INFO] reg_result.fitness: 0.221297, eva fitness: 0.321213
[INFO] [1773650098.526949862]: localization cost: 2478.398000 ms
[Open3D INFO] 

time_diff:2.47849 s, localization right now
[Open3D INFO] before sample, target size: 933071, has normal: true
[Open3D INFO] after sample, target size: 400000, has normal: true
[Open3D INFO] source size: 29082, maxpoints_source_: 80000
[Open3D INFO] source size after voxel downsample: 20190
[Open3D INFO] after prerpocess: 20190
[Open3D INFO] reg_result.fitness: 0.224418, eva fitness: 0.320010
[INFO] [1773650100.670598907]: localization cost: 2143.543000 ms
[Open3D INFO] 

time_diff:2.14365 s, localization right now
[Open3D INFO] before sample, target size: 933071, has normal: true
[Open3D INFO] after sample, target size: 400000, has normal: true
[Open3D INFO] source size: 29250, maxpoints_source_: 80000
[Open3D INFO] source size after voxel downsample: 20767
[Open3D INFO] after prerpocess: 20767
[Open3D INFO] reg_result.fitness: 0.224972, eva fitness: 0.326576
[INFO] [1773650103.100895309]: localization cost: 2430.173000 ms
[Open3D INFO] 

time_diff:2.43028 s, localization right now
[Open3D INFO] before sample, target size: 933071, has normal: true
[Open3D INFO] after sample, target size: 400000, has normal: true
[Open3D INFO] source size: 29268, maxpoints_source_: 80000
[Open3D INFO] source size after voxel downsample: 20474
[Open3D INFO] after prerpocess: 20474
[Open3D INFO] reg_result.fitness: 0.225896, eva fitness: 0.32363
[INFO] [1773650105.649569837]: localization cost: 2548.553000 ms
[Open3D INFO] 

time_diff:2.54868 s, localization right now
[Open3D INFO] before sample, target size: 933071, has normal: true
[Open3D INFO] after sample, target size: 400000, has normal: true
[Open3D INFO] source size: 29304, maxpoints_source_: 80000
[Open3D INFO] source size after voxel downsample: 20759
[Open3D INFO] after prerpocess: 20759
[Open3D INFO] reg_result.fitness: 0.223469, eva fitness: 0.323811
[INFO] [1773650108.124722541]: localization cost: 2474.847000 ms
[Open3D INFO] 

time_diff:2.47494 s, localization right now
[Open3D INFO] before sample, target size: 933071, has normal: true
[Open3D INFO] after sample, target size: 400000, has normal: true
[Open3D INFO] source size: 29147, maxpoints_source_: 80000
[Open3D INFO] source size after voxel downsample: 20442
[Open3D INFO] after prerpocess: 20442
[Open3D INFO] reg_result.fitness: 0.221798, eva fitness: 0.317679
[INFO] [1773650110.329886819]: localization cost: 2204.950000 ms
[Open3D INFO] 

time_diff:2.20522 s, localization right now
[Open3D INFO] before sample, target size: 933071, has normal: true
[Open3D INFO] after sample, target size: 400000, has normal: true
[Open3D INFO] source size: 28910, maxpoints_source_: 80000
[Open3D INFO] source size after voxel downsample: 21705
[Open3D INFO] after prerpocess: 21705
[Open3D INFO] reg_result.fitness: 0.219212, eva fitness: 0.31859
[INFO] [1773650112.403201545]: localization cost: 2072.934000 ms
[Open3D INFO] 

time_diff:2.07303 s, localization right now
[Open3D INFO] before sample, target size: 933071, has normal: true
[Open3D INFO] after sample, target size: 400000, has normal: true
[Open3D INFO] source size: 28520, maxpoints_source_: 80000
[Open3D INFO] source size after voxel downsample: 21948
[Open3D INFO] after prerpocess: 21948
[Open3D INFO] reg_result.fitness: 0.226308, eva fitness: 0.320120
[INFO] [1773650114.560116165]: localization cost: 2156.815000 ms
[Open3D INFO] 

time_diff:2.1569 s, localization right now
[Open3D INFO] before sample, target size: 933071, has normal: true
[Open3D INFO] after sample, target size: 400000, has normal: true
[Open3D INFO] source size: 28499, maxpoints_source_: 80000
[Open3D INFO] source size after voxel downsample: 22225
[Open3D INFO] after prerpocess: 22225
[Open3D INFO] reg_result.fitness: 0.233926, eva fitness: 0.327199
[INFO] [1773650116.830684272]: localization cost: 2270.470000 ms
[Open3D INFO] 

time_diff:2.27057 s, localization right now
[Open3D INFO] before sample, target size: 933071, has normal: true
[Open3D INFO] after sample, target size: 400000, has normal: true
[Open3D INFO] source size: 28254, maxpoints_source_: 80000
[Open3D INFO] source size after voxel downsample: 22107
[Open3D INFO] after prerpocess: 22107
[Open3D INFO] reg_result.fitness: 0.215316, eva fitness: 0.314109
[INFO] [1773650119.139010577]: localization cost: 2308.228000 ms
[Open3D INFO] 

time_diff:2.30831 s, localization right now
[Open3D INFO] before sample, target size: 933071, has normal: true
[Open3D INFO] after sample, target size: 400000, has normal: true
[Open3D INFO] source size: 28442, maxpoints_source_: 80000
[Open3D INFO] source size after voxel downsample: 21909
[Open3D INFO] after prerpocess: 21909
[Open3D INFO] reg_result.fitness: 0.217947, eva fitness: 0.313615
[INFO] [1773650121.328824559]: localization cost: 2189.691000 ms
[Open3D INFO] 

time_diff:2.18984 s, localization right now
[Open3D INFO] before sample, target size: 933071, has normal: true
[Open3D INFO] after sample, target size: 400000, has normal: true
[Open3D INFO] source size: 28481, maxpoints_source_: 80000
[Open3D INFO] source size after voxel downsample: 21658
[Open3D INFO] after prerpocess: 21658
[Open3D INFO] reg_result.fitness: 0.21267, eva fitness: 0.307046
[INFO] [1773650123.497866700]: localization cost: 2168.902000 ms
[Open3D INFO] 

time_diff:2.16901 s, localization right now
[Open3D INFO] before sample, target size: 933071, has normal: true
[Open3D INFO] after sample, target size: 400000, has normal: true
[Open3D INFO] source size: 28598, maxpoints_source_: 80000
[Open3D INFO] source size after voxel downsample: 22129
[Open3D INFO] after prerpocess: 22129
[Open3D INFO] reg_result.fitness: 0.216684, eva fitness: 0.309413
[INFO] [1773650125.664834908]: localization cost: 2166.847000 ms
[Open3D INFO] 

time_diff:2.16696 s, localization right now
[Open3D INFO] before sample, target size: 933071, has normal: true
[Open3D INFO] after sample, target size: 400000, has normal: true
[Open3D INFO] source size: 28469, maxpoints_source_: 80000
[Open3D INFO] source size after voxel downsample: 21814
[Open3D INFO] after prerpocess: 21814
[Open3D INFO] reg_result.fitness: 0.220638, eva fitness: 0.317869
[INFO] [1773650128.047178865]: localization cost: 2382.241000 ms
[Open3D INFO] 

time_diff:2.38233 s, localization right now
[Open3D INFO] before sample, target size: 933071, has normal: true
[Open3D INFO] after sample, target size: 400000, has normal: true
[Open3D INFO] source size: 28276, maxpoints_source_: 80000
[Open3D INFO] source size after voxel downsample: 21853
[Open3D INFO] after prerpocess: 21853
[Open3D INFO] reg_result.fitness: 0.221388, eva fitness: 0.313824
[INFO] [1773650130.189037375]: localization cost: 2141.749000 ms
[Open3D INFO] 

time_diff:2.1419 s, localization right now
[Open3D INFO] before sample, target size: 933071, has normal: true
[Open3D INFO] after sample, target size: 400000, has normal: true
[Open3D INFO] source size: 28482, maxpoints_source_: 80000
[Open3D INFO] source size after voxel downsample: 22080
[Open3D INFO] after prerpocess: 22080
[Open3D INFO] reg_result.fitness: 0.217663, eva fitness: 0.315534
[INFO] [1773650132.833688513]: localization cost: 2644.425000 ms
[Open3D INFO] 

time_diff:2.64466 s, localization right now
[Open3D INFO] before sample, target size: 933071, has normal: true
[Open3D INFO] after sample, target size: 400000, has normal: true
[Open3D INFO] source size: 28422, maxpoints_source_: 80000
[Open3D INFO] source size after voxel downsample: 21791
[Open3D INFO] after prerpocess: 21791
[Open3D INFO] reg_result.fitness: 0.222385, eva fitness: 0.318893
[INFO] [1773650135.419692167]: localization cost: 2585.791000 ms
[Open3D INFO] 

time_diff:2.58588 s, localization right now
[Open3D INFO] before sample, target size: 933071, has normal: true
[Open3D INFO] after sample, target size: 400000, has normal: true
[Open3D INFO] source size: 28507, maxpoints_source_: 80000
[Open3D INFO] source size after voxel downsample: 21901
[Open3D INFO] after prerpocess: 21901
[Open3D INFO] reg_result.fitness: 0.221177, eva fitness: 0.322588
[INFO] [1773650137.722317109]: localization cost: 2302.504000 ms
[Open3D INFO] 

time_diff:2.30273 s, localization right now
[Open3D INFO] before sample, target size: 933071, has normal: true
[Open3D INFO] after sample, target size: 400000, has normal: true
[Open3D INFO] source size: 28595, maxpoints_source_: 80000
[Open3D INFO] source size after voxel downsample: 21689
[Open3D INFO] after prerpocess: 21689
[Open3D INFO] reg_result.fitness: 0.21942, eva fitness: 0.324358
[INFO] [1773650139.942154346]: localization cost: 2219.591000 ms
[Open3D INFO] 

time_diff:2.21971 s, localization right now
[Open3D INFO] before sample, target size: 933071, has normal: true
[Open3D INFO] after sample, target size: 400000, has normal: true
[Open3D INFO] source size: 28793, maxpoints_source_: 80000
[Open3D INFO] source size after voxel downsample: 21862
[Open3D INFO] after prerpocess: 21862
[Open3D INFO] reg_result.fitness: 0.219468, eva fitness: 0.316805
[INFO] [1773650141.929533315]: localization cost: 1987.138000 ms
[Open3D INFO] 

time_diff:1.98724 s, localization right now
[Open3D INFO] before sample, target size: 933071, has normal: true
[Open3D INFO] after sample, target size: 400000, has normal: true
[Open3D INFO] source size: 28851, maxpoints_source_: 80000
[Open3D INFO] source size after voxel downsample: 21039
[Open3D INFO] after prerpocess: 21039
[Open3D INFO] reg_result.fitness: 0.222159, eva fitness: 0.329198
[INFO] [1773650144.065999915]: localization cost: 2136.351000 ms
[Open3D INFO] 

time_diff:2.13647 s, localization right now
[Open3D INFO] before sample, target size: 933071, has normal: true
[Open3D INFO] after sample, target size: 400000, has normal: true
[Open3D INFO] source size: 30220, maxpoints_source_: 80000
[Open3D INFO] source size after voxel downsample: 20165
[Open3D INFO] after prerpocess: 20165
[Open3D INFO] reg_result.fitness: 0.228664, eva fitness: 0.319415
[INFO] [1773650146.342545587]: localization cost: 2276.402000 ms
[Open3D INFO] 

time_diff:2.27654 s, localization right now
[Open3D INFO] before sample, target size: 933071, has normal: true
[Open3D INFO] after sample, target size: 400000, has normal: true
[Open3D INFO] source size: 28988, maxpoints_source_: 80000
[Open3D INFO] source size after voxel downsample: 21715
[Open3D INFO] after prerpocess: 21715
[Open3D INFO] reg_result.fitness: 0.225927, eva fitness: 0.322772
[INFO] [1773650148.832701854]: localization cost: 2490.026000 ms
[Open3D INFO] 

time_diff:2.49018 s, localization right now
[Open3D INFO] before sample, target size: 933071, has normal: true
[Open3D INFO] after sample, target size: 400000, has normal: true
[Open3D INFO] source size: 29082, maxpoints_source_: 80000
[Open3D INFO] source size after voxel downsample: 22056
[Open3D INFO] after prerpocess: 22056
[Open3D INFO] reg_result.fitness: 0.216721, eva fitness: 0.324129
[INFO] [1773650151.258155566]: localization cost: 2425.287000 ms
[Open3D INFO] 

time_diff:2.42538 s, localization right now
[Open3D INFO] before sample, target size: 933071, has normal: true
[Open3D INFO] after sample, target size: 400000, has normal: true
[Open3D INFO] source size: 28959, maxpoints_source_: 80000
[Open3D INFO] source size after voxel downsample: 21894
[Open3D INFO] after prerpocess: 21894
[Open3D INFO] reg_result.fitness: 0.222618, eva fitness: 0.328492
[INFO] [1773650153.332988332]: localization cost: 2074.739000 ms
[Open3D INFO] 

time_diff:2.07482 s, localization right now
[Open3D INFO] before sample, target size: 933071, has normal: true
[Open3D INFO] after sample, target size: 400000, has normal: true
[Open3D INFO] source size: 29046, maxpoints_source_: 80000
[Open3D INFO] source size after voxel downsample: 22239
[Open3D INFO] after prerpocess: 22239
[Open3D INFO] reg_result.fitness: 0.21849, eva fitness: 0.312334
[INFO] [1773650155.345865813]: localization cost: 2012.668000 ms
[Open3D INFO] 

time_diff:2.01281 s, localization right now
[Open3D INFO] before sample, target size: 933071, has normal: true
[Open3D INFO] after sample, target size: 400000, has normal: true
[Open3D INFO] source size: 28617, maxpoints_source_: 80000
[Open3D INFO] source size after voxel downsample: 21830
[Open3D INFO] after prerpocess: 21830
[Open3D INFO] reg_result.fitness: 0.221164, eva fitness: 0.315208
[INFO] [1773650157.534358082]: localization cost: 2188.338000 ms
[Open3D INFO] 

time_diff:2.18843 s, localization right now
[Open3D INFO] before sample, target size: 933071, has normal: true
[Open3D INFO] after sample, target size: 400000, has normal: true
[Open3D INFO] source size: 28340, maxpoints_source_: 80000
[Open3D INFO] source size after voxel downsample: 21958
[Open3D INFO] after prerpocess: 21958
[Open3D INFO] reg_result.fitness: 0.212679, eva fitness: 0.309045
[INFO] [1773650159.808913088]: localization cost: 2274.454000 ms
[Open3D INFO] 

time_diff:2.27455 s, localization right now
[Open3D INFO] before sample, target size: 933071, has normal: true
[Open3D INFO] after sample, target size: 400000, has normal: true
[Open3D INFO] source size: 28616, maxpoints_source_: 80000
[Open3D INFO] source size after voxel downsample: 22120
[Open3D INFO] after prerpocess: 22120
[Open3D INFO] reg_result.fitness: 0.220931, eva fitness: 0.317586
[INFO] [1773650162.045412350]: localization cost: 2236.386000 ms
[Open3D INFO] 

time_diff:2.2365 s, localization right now
[Open3D INFO] before sample, target size: 933071, has normal: true
[Open3D INFO] after sample, target size: 400000, has normal: true
[Open3D INFO] source size: 28505, maxpoints_source_: 80000
[Open3D INFO] source size after voxel downsample: 21745
[Open3D INFO] after prerpocess: 21745
[Open3D INFO] reg_result.fitness: 0.2235, eva fitness: 0.322465
[INFO] [1773650164.596403125]: localization cost: 2550.840000 ms
[Open3D INFO] 

time_diff:2.55101 s, localization right now
[Open3D INFO] before sample, target size: 933071, has normal: true
[Open3D INFO] after sample, target size: 400000, has normal: true
[Open3D INFO] source size: 28599, maxpoints_source_: 80000
[Open3D INFO] source size after voxel downsample: 22208
[Open3D INFO] after prerpocess: 22208
[Open3D INFO] reg_result.fitness: 0.218885, eva fitness: 0.313761
[INFO] [1773650166.596456729]: localization cost: 1999.889000 ms
[Open3D INFO] 

time_diff:2.00001 s, localization right now
[Open3D INFO] before sample, target size: 933071, has normal: true
[Open3D INFO] after sample, target size: 400000, has normal: true
[Open3D INFO] source size: 28160, maxpoints_source_: 80000
[Open3D INFO] source size after voxel downsample: 21876
[Open3D INFO] after prerpocess: 21876
[Open3D INFO] reg_result.fitness: 0.211647, eva fitness: 0.305129
[INFO] [1773650168.706143494]: localization cost: 2109.436000 ms
[Open3D INFO] 

time_diff:2.10954 s, localization right now
[Open3D INFO] before sample, target size: 933071, has normal: true
[Open3D INFO] after sample, target size: 400000, has normal: true
[Open3D INFO] source size: 28367, maxpoints_source_: 80000
[Open3D INFO] source size after voxel downsample: 22001
[Open3D INFO] after prerpocess: 22001
[Open3D INFO] reg_result.fitness: 0.225626, eva fitness: 0.319122
[INFO] [1773650170.642525894]: localization cost: 1936.271000 ms
[Open3D INFO] 

time_diff:1.93636 s, localization right now
[Open3D INFO] before sample, target size: 933071, has normal: true
[Open3D INFO] after sample, target size: 400000, has normal: true
[Open3D INFO] source size: 28592, maxpoints_source_: 80000
[Open3D INFO] source size after voxel downsample: 21511
[Open3D INFO] after prerpocess: 21511
[Open3D INFO] reg_result.fitness: 0.215006, eva fitness: 0.309051
[INFO] [1773650172.853632429]: localization cost: 2211.003000 ms
[Open3D INFO] 

time_diff:2.2111 s, localization right now
[Open3D INFO] before sample, target size: 933071, has normal: true
[Open3D INFO] after sample, target size: 400000, has normal: true
[Open3D INFO] source size: 28619, maxpoints_source_: 80000
[Open3D INFO] source size after voxel downsample: 21615
[Open3D INFO] after prerpocess: 21615
[Open3D INFO] reg_result.fitness: 0.214111, eva fitness: 0.305066
[INFO] [1773650175.135551147]: localization cost: 2281.803000 ms
[Open3D INFO] 

time_diff:2.28191 s, localization right now
[Open3D INFO] before sample, target size: 933071, has normal: true
[Open3D INFO] after sample, target size: 400000, has normal: true
[Open3D INFO] source size: 28161, maxpoints_source_: 80000
[Open3D INFO] source size after voxel downsample: 21923
[Open3D INFO] after prerpocess: 21923
[Open3D INFO] reg_result.fitness: 0.217625, eva fitness: 0.310952
[INFO] [1773650177.487349289]: localization cost: 2351.589000 ms
[Open3D INFO] 

time_diff:2.35179 s, localization right now
[Open3D INFO] before sample, target size: 933071, has normal: true
[Open3D INFO] after sample, target size: 400000, has normal: true
[Open3D INFO] source size: 28234, maxpoints_source_: 80000
[Open3D INFO] source size after voxel downsample: 22184
[Open3D INFO] after prerpocess: 22184
[Open3D INFO] reg_result.fitness: 0.214704, eva fitness: 0.308420
[INFO] [1773650179.935387391]: localization cost: 2447.907000 ms
[Open3D INFO] 

time_diff:2.44801 s, localization right now
[Open3D INFO] before sample, target size: 933071, has normal: true
[Open3D INFO] after sample, target size: 400000, has normal: true
[Open3D INFO] source size: 28353, maxpoints_source_: 80000
[Open3D INFO] source size after voxel downsample: 21556
[Open3D INFO] after prerpocess: 21556
[Open3D INFO] reg_result.fitness: 0.214325, eva fitness: 0.307525
[INFO] [1773650182.470857263]: localization cost: 2535.357000 ms
[Open3D INFO] 

time_diff:2.53548 s, localization right now
[Open3D INFO] before sample, target size: 933071, has normal: true
[Open3D INFO] after sample, target size: 400000, has normal: true
[Open3D INFO] source size: 28461, maxpoints_source_: 80000
[Open3D INFO] source size after voxel downsample: 21946
[Open3D INFO] after prerpocess: 21946
[Open3D INFO] reg_result.fitness: 0.218536, eva fitness: 0.314408
[INFO] [1773650184.764914655]: localization cost: 2293.933000 ms
[Open3D INFO] 

time_diff:2.29402 s, localization right now
[Open3D INFO] before sample, target size: 933071, has normal: true
[Open3D INFO] after sample, target size: 400000, has normal: true
[Open3D INFO] source size: 28493, maxpoints_source_: 80000
[Open3D INFO] source size after voxel downsample: 22146
[Open3D INFO] after prerpocess: 22146
[Open3D INFO] reg_result.fitness: 0.219814, eva fitness: 0.314007
[INFO] [1773650187.057700015]: localization cost: 2292.684000 ms
[Open3D INFO] 

time_diff:2.29279 s, localization right now
[Open3D INFO] before sample, target size: 933071, has normal: true
[Open3D INFO] after sample, target size: 400000, has normal: true
[Open3D INFO] source size: 28178, maxpoints_source_: 80000
[Open3D INFO] source size after voxel downsample: 22018
[Open3D INFO] after prerpocess: 22018
[Open3D INFO] reg_result.fitness: 0.222591, eva fitness: 0.315060
[INFO] [1773650189.556941711]: localization cost: 2499.119000 ms
[Open3D INFO] 

time_diff:2.49923 s, localization right now
[Open3D INFO] before sample, target size: 933071, has normal: true
[Open3D INFO] after sample, target size: 400000, has normal: true
[Open3D INFO] source size: 28403, maxpoints_source_: 80000
[Open3D INFO] source size after voxel downsample: 21691
[Open3D INFO] after prerpocess: 21691
[Open3D INFO] reg_result.fitness: 0.215158, eva fitness: 0.308930
[INFO] [1773650191.597818998]: localization cost: 2040.621000 ms
[Open3D INFO] 

time_diff:2.04075 s, localization right now
[Open3D INFO] before sample, target size: 933071, has normal: true
[Open3D INFO] after sample, target size: 400000, has normal: true
[Open3D INFO] source size: 28240, maxpoints_source_: 80000
[Open3D INFO] source size after voxel downsample: 21913
[Open3D INFO] after prerpocess: 21913
[Open3D INFO] reg_result.fitness: 0.222562, eva fitness: 0.316616
[INFO] [1773650193.627662792]: localization cost: 2029.716000 ms
[Open3D INFO] 

time_diff:2.02982 s, localization right now
[Open3D INFO] before sample, target size: 933071, has normal: true
[Open3D INFO] after sample, target size: 400000, has normal: true
[Open3D INFO] source size: 28452, maxpoints_source_: 80000
[Open3D INFO] source size after voxel downsample: 21516
[Open3D INFO] after prerpocess: 21516
[Open3D INFO] reg_result.fitness: 0.211703, eva fitness: 0.305540
[INFO] [1773650195.580330306]: localization cost: 1952.449000 ms
[Open3D INFO] 

time_diff:1.95256 s, localization right now
[Open3D INFO] before sample, target size: 933071, has normal: true
[Open3D INFO] after sample, target size: 400000, has normal: true
[Open3D INFO] source size: 28421, maxpoints_source_: 80000
[Open3D INFO] source size after voxel downsample: 22012
[Open3D INFO] after prerpocess: 22012
[Open3D INFO] reg_result.fitness: 0.22465, eva fitness: 0.316645
[INFO] [1773650197.601164465]: localization cost: 2020.711000 ms
[Open3D INFO] 

time_diff:2.02082 s, localization right now
[Open3D INFO] before sample, target size: 933071, has normal: true
[Open3D INFO] after sample, target size: 400000, has normal: true
[Open3D INFO] source size: 28164, maxpoints_source_: 80000
[Open3D INFO] source size after voxel downsample: 22022
[Open3D INFO] after prerpocess: 22022
[Open3D INFO] reg_result.fitness: 0.212424, eva fitness: 0.306875
[INFO] [1773650199.741152377]: localization cost: 2139.747000 ms
[Open3D INFO] 

time_diff:2.13986 s, localization right now
[Open3D INFO] before sample, target size: 933071, has normal: true
[Open3D INFO] after sample, target size: 400000, has normal: true
[Open3D INFO] source size: 28449, maxpoints_source_: 80000
[Open3D INFO] source size after voxel downsample: 21967
[Open3D INFO] after prerpocess: 21967
[Open3D INFO] reg_result.fitness: 0.219010, eva fitness: 0.312969
[INFO] [1773650201.799844865]: localization cost: 2058.539000 ms
[Open3D INFO] 

time_diff:2.05881 s, localization right now
[Open3D INFO] before sample, target size: 933071, has normal: true
[Open3D INFO] after sample, target size: 400000, has normal: true
[Open3D INFO] source size: 28393, maxpoints_source_: 80000
[Open3D INFO] source size after voxel downsample: 21467
[Open3D INFO] after prerpocess: 21467
[Open3D INFO] reg_result.fitness: 0.217916, eva fitness: 0.308473
[INFO] [1773650203.983443059]: localization cost: 2183.140000 ms
[Open3D INFO] 

time_diff:2.18334 s, localization right now
[Open3D INFO] before sample, target size: 933071, has normal: true
[Open3D INFO] after sample, target size: 400000, has normal: true
[Open3D INFO] source size: 28427, maxpoints_source_: 80000
[Open3D INFO] source size after voxel downsample: 21607
[Open3D INFO] after prerpocess: 21607
[Open3D INFO] reg_result.fitness: 0.212894, eva fitness: 0.305318
[INFO] [1773650205.925159865]: localization cost: 1941.371000 ms
[Open3D INFO] 

time_diff:1.94147 s, localization right now
[Open3D INFO] before sample, target size: 933071, has normal: true
[Open3D INFO] after sample, target size: 400000, has normal: true
[Open3D INFO] source size: 28315, maxpoints_source_: 80000
[Open3D INFO] source size after voxel downsample: 21744
[Open3D INFO] after prerpocess: 21744
[Open3D INFO] reg_result.fitness: 0.226131, eva fitness: 0.320962
[INFO] [1773650208.062373467]: localization cost: 2136.547000 ms
[Open3D INFO] 

time_diff:2.13671 s, localization right now
[Open3D INFO] before sample, target size: 933071, has normal: true
[Open3D INFO] after sample, target size: 400000, has normal: true
[Open3D INFO] source size: 28186, maxpoints_source_: 80000
[Open3D INFO] source size after voxel downsample: 21854
[Open3D INFO] after prerpocess: 21854
[Open3D INFO] reg_result.fitness: 0.217901, eva fitness: 0.309783
[INFO] [1773650210.544633423]: localization cost: 2482.122000 ms
[Open3D INFO] 

time_diff:2.48221 s, localization right now
[Open3D INFO] before sample, target size: 933071, has normal: true
[Open3D INFO] after sample, target size: 400000, has normal: true
[Open3D INFO] source size: 28538, maxpoints_source_: 80000
[Open3D INFO] source size after voxel downsample: 22280
[Open3D INFO] after prerpocess: 22280
[Open3D INFO] reg_result.fitness: 0.220826, eva fitness: 0.316203
[INFO] [1773650212.348919280]: localization cost: 1804.189000 ms
[Open3D INFO] 

time_diff:1.80428 s, localization right now
[Open3D INFO] before sample, target size: 933071, has normal: true
[Open3D INFO] after sample, target size: 400000, has normal: true
[Open3D INFO] source size: 28484, maxpoints_source_: 80000
[Open3D INFO] source size after voxel downsample: 22095
[Open3D INFO] after prerpocess: 22095
[Open3D INFO] reg_result.fitness: 0.221543, eva fitness: 0.314189
[INFO] [1773650214.371093857]: localization cost: 2021.957000 ms
[Open3D INFO] 

time_diff:2.02206 s, localization right now
[Open3D INFO] before sample, target size: 933071, has normal: true
[Open3D INFO] after sample, target size: 400000, has normal: true
[Open3D INFO] source size: 28369, maxpoints_source_: 80000
[Open3D INFO] source size after voxel downsample: 21974
[Open3D INFO] after prerpocess: 21974
[Open3D INFO] reg_result.fitness: 0.2153, eva fitness: 0.312597
[INFO] [1773650216.665880131]: localization cost: 2294.664000 ms
[Open3D INFO] 

time_diff:2.29477 s, localization right now
[Open3D INFO] before sample, target size: 933071, has normal: true
[Open3D INFO] after sample, target size: 400000, has normal: true
[Open3D INFO] source size: 28361, maxpoints_source_: 80000
[Open3D INFO] source size after voxel downsample: 22233
[Open3D INFO] after prerpocess: 22233
[Open3D INFO] reg_result.fitness: 0.220843, eva fitness: 0.318491
[INFO] [1773650218.839714463]: localization cost: 2173.715000 ms
[Open3D INFO] 

time_diff:2.17382 s, localization right now
[Open3D INFO] before sample, target size: 933071, has normal: true
[Open3D INFO] after sample, target size: 400000, has normal: true
[Open3D INFO] source size: 28407, maxpoints_source_: 80000
[Open3D INFO] source size after voxel downsample: 21128
[Open3D INFO] after prerpocess: 21128
[Open3D INFO] reg_result.fitness: 0.226855, eva fitness: 0.323315
[INFO] [1773650220.865813523]: localization cost: 2025.971000 ms
[Open3D INFO] 

time_diff:2.02608 s, localization right now
[Open3D INFO] before sample, target size: 933071, has normal: true
[Open3D INFO] after sample, target size: 400000, has normal: true
[Open3D INFO] source size: 28758, maxpoints_source_: 80000
[Open3D INFO] source size after voxel downsample: 22552
[Open3D INFO] after prerpocess: 22552
[Open3D INFO] reg_result.fitness: 0.222286, eva fitness: 0.321258
[INFO] [1773650223.125820937]: localization cost: 2259.716000 ms
[Open3D INFO] 

time_diff:2.25992 s, localization right now
[Open3D INFO] before sample, target size: 933071, has normal: true
[Open3D INFO] after sample, target size: 400000, has normal: true
[Open3D INFO] source size: 29049, maxpoints_source_: 80000
[Open3D INFO] source size after voxel downsample: 21039
[Open3D INFO] after prerpocess: 21039
[Open3D INFO] reg_result.fitness: 0.230001, eva fitness: 0.333191
[INFO] [1773650225.518687250]: localization cost: 2392.722000 ms
[Open3D INFO] 

time_diff:2.39289 s, localization right now
[Open3D INFO] before sample, target size: 933071, has normal: true
[Open3D INFO] after sample, target size: 400000, has normal: true
[Open3D INFO] source size: 28489, maxpoints_source_: 80000
[Open3D INFO] source size after voxel downsample: 21759
[Open3D INFO] after prerpocess: 21759
[Open3D INFO] reg_result.fitness: 0.226849, eva fitness: 0.330300
[INFO] [1773650227.552696844]: localization cost: 2033.689000 ms
[Open3D INFO] 

time_diff:2.03378 s, localization right now
[Open3D INFO] before sample, target size: 933071, has normal: true
[Open3D INFO] after sample, target size: 400000, has normal: true
[Open3D INFO] source size: 28676, maxpoints_source_: 80000
[Open3D INFO] source size after voxel downsample: 21442
[Open3D INFO] after prerpocess: 21442
[Open3D INFO] reg_result.fitness: 0.236545, eva fitness: 0.334251
[INFO] [1773650229.595503909]: localization cost: 2042.688000 ms
[Open3D INFO] 

time_diff:2.04281 s, localization right now
[Open3D INFO] before sample, target size: 933071, has normal: true
[Open3D INFO] after sample, target size: 400000, has normal: true
[Open3D INFO] source size: 28512, maxpoints_source_: 80000
[Open3D INFO] source size after voxel downsample: 22120
[Open3D INFO] after prerpocess: 22120
[Open3D INFO] reg_result.fitness: 0.221564, eva fitness: 0.316591
[INFO] [1773650231.326449455]: localization cost: 1730.714000 ms
[Open3D INFO] 

time_diff:1.73082 s, localization right now
[Open3D INFO] before sample, target size: 933071, has normal: true
[Open3D INFO] after sample, target size: 400000, has normal: true
[Open3D INFO] source size: 28583, maxpoints_source_: 80000
[Open3D INFO] source size after voxel downsample: 22103
[Open3D INFO] after prerpocess: 22103
[Open3D INFO] reg_result.fitness: 0.220785, eva fitness: 0.321269
[INFO] [1773650233.924505014]: localization cost: 2597.866000 ms
[Open3D INFO] 

time_diff:2.59811 s, localization right now
[Open3D INFO] before sample, target size: 933071, has normal: true
[Open3D INFO] after sample, target size: 400000, has normal: true
[Open3D INFO] source size: 28450, maxpoints_source_: 80000
[Open3D INFO] source size after voxel downsample: 21991
[Open3D INFO] after prerpocess: 21991
[Open3D INFO] reg_result.fitness: 0.216498, eva fitness: 0.310718
[INFO] [1773650235.788252071]: localization cost: 1863.555000 ms
[Open3D INFO] 

time_diff:1.86365 s, localization right now
[Open3D INFO] before sample, target size: 933071, has normal: true
[Open3D INFO] after sample, target size: 400000, has normal: true
[Open3D INFO] source size: 28198, maxpoints_source_: 80000
[Open3D INFO] source size after voxel downsample: 21751
[Open3D INFO] after prerpocess: 21751
[Open3D INFO] reg_result.fitness: 0.218381, eva fitness: 0.314652
[INFO] [1773650238.047297222]: localization cost: 2258.895000 ms
[Open3D INFO] 

time_diff:2.25905 s, localization right now
[Open3D INFO] before sample, target size: 933071, has normal: true
[Open3D INFO] after sample, target size: 400000, has normal: true
[Open3D INFO] source size: 28189, maxpoints_source_: 80000
[Open3D INFO] source size after voxel downsample: 21792
[Open3D INFO] after prerpocess: 21792
[Open3D INFO] reg_result.fitness: 0.213152, eva fitness: 0.306993
[INFO] [1773650240.726133981]: localization cost: 2678.646000 ms
[Open3D INFO] 

time_diff:2.67875 s, localization right now
[Open3D INFO] before sample, target size: 933071, has normal: true
[Open3D INFO] after sample, target size: 400000, has normal: true
[Open3D INFO] source size: 28335, maxpoints_source_: 80000
[Open3D INFO] source size after voxel downsample: 21553
[Open3D INFO] after prerpocess: 21553
[Open3D INFO] reg_result.fitness: 0.218809, eva fitness: 0.313413
[INFO] [1773650243.065662897]: localization cost: 2339.408000 ms
[Open3D INFO] 

time_diff:2.33952 s, localization right now
[Open3D INFO] before sample, target size: 933071, has normal: true
[Open3D INFO] after sample, target size: 400000, has normal: true
[Open3D INFO] source size: 28485, maxpoints_source_: 80000
[Open3D INFO] source size after voxel downsample: 22075
[Open3D INFO] after prerpocess: 22075
[Open3D INFO] reg_result.fitness: 0.222469, eva fitness: 0.318777
[INFO] [1773650245.051097432]: localization cost: 1985.182000 ms
[Open3D INFO] 

time_diff:1.9853 s, localization right now
[Open3D INFO] before sample, target size: 933071, has normal: true
[Open3D INFO] after sample, target size: 400000, has normal: true
[Open3D INFO] source size: 28366, maxpoints_source_: 80000
[Open3D INFO] source size after voxel downsample: 21674
[Open3D INFO] after prerpocess: 21674
[Open3D INFO] reg_result.fitness: 0.221417, eva fitness: 0.3178
[INFO] [1773650247.299291241]: localization cost: 2247.990000 ms
[Open3D INFO] 

time_diff:2.2481 s, localization right now
[Open3D INFO] before sample, target size: 933071, has normal: true
[Open3D INFO] after sample, target size: 400000, has normal: true
[Open3D INFO] source size: 28223, maxpoints_source_: 80000
[Open3D INFO] source size after voxel downsample: 22146
[Open3D INFO] after prerpocess: 22146
[Open3D INFO] reg_result.fitness: 0.220988, eva fitness: 0.316807
[INFO] [1773650249.668469971]: localization cost: 2369.045000 ms
[Open3D INFO] 

time_diff:2.36919 s, localization right now
[Open3D INFO] before sample, target size: 933071, has normal: true
[Open3D INFO] after sample, target size: 400000, has normal: true
[Open3D INFO] source size: 28493, maxpoints_source_: 80000
[Open3D INFO] source size after voxel downsample: 21840
[Open3D INFO] after prerpocess: 21840
[Open3D INFO] reg_result.fitness: 0.222482, eva fitness: 0.320513
[INFO] [1773650252.069968830]: localization cost: 2401.370000 ms
[Open3D INFO] 

time_diff:2.40146 s, localization right now
[Open3D INFO] before sample, target size: 933071, has normal: true
[Open3D INFO] after sample, target size: 400000, has normal: true
[Open3D INFO] source size: 28469, maxpoints_source_: 80000
[Open3D INFO] source size after voxel downsample: 22058
[Open3D INFO] after prerpocess: 22058
[Open3D INFO] reg_result.fitness: 0.218333, eva fitness: 0.312585
[INFO] [1773650254.230780073]: localization cost: 2160.700000 ms
[Open3D INFO] 

time_diff:2.16081 s, localization right now
[Open3D INFO] before sample, target size: 933071, has normal: true
[Open3D INFO] after sample, target size: 400000, has normal: true
[Open3D INFO] source size: 28636, maxpoints_source_: 80000
[Open3D INFO] source size after voxel downsample: 21569
[Open3D INFO] after prerpocess: 21569
[Open3D INFO] reg_result.fitness: 0.218508, eva fitness: 0.309750
[INFO] [1773650256.190936262]: localization cost: 1959.919000 ms
[Open3D INFO] 

time_diff:1.96002 s, localization right now
[Open3D INFO] before sample, target size: 933071, has normal: true
[Open3D INFO] after sample, target size: 400000, has normal: true
[Open3D INFO] source size: 28230, maxpoints_source_: 80000
[Open3D INFO] source size after voxel downsample: 22028
[Open3D INFO] after prerpocess: 22028
[Open3D INFO] reg_result.fitness: 0.220901, eva fitness: 0.318095
[INFO] [1773650258.487828033]: localization cost: 2296.661000 ms
[Open3D INFO] 

time_diff:2.29675 s, localization right now
[Open3D INFO] before sample, target size: 933071, has normal: true
[Open3D INFO] after sample, target size: 400000, has normal: true
[Open3D INFO] source size: 28994, maxpoints_source_: 80000
[Open3D INFO] source size after voxel downsample: 22203
[Open3D INFO] after prerpocess: 22203
[Open3D INFO] reg_result.fitness: 0.239022, eva fitness: 0.333829
[INFO] [1773650260.612001472]: localization cost: 2124.055000 ms
[Open3D INFO] 

time_diff:2.12417 s, localization right now
[Open3D INFO] before sample, target size: 933071, has normal: true
[Open3D INFO] after sample, target size: 400000, has normal: true
[Open3D INFO] source size: 28631, maxpoints_source_: 80000
[Open3D INFO] source size after voxel downsample: 22027
[Open3D INFO] after prerpocess: 22027
[Open3D INFO] reg_result.fitness: 0.230036, eva fitness: 0.330549
[INFO] [1773650262.813458293]: localization cost: 2201.343000 ms
[Open3D INFO] 

time_diff:2.20143 s, localization right now
[Open3D INFO] before sample, target size: 933071, has normal: true
[Open3D INFO] after sample, target size: 400000, has normal: true
[Open3D INFO] source size: 28579, maxpoints_source_: 80000
[Open3D INFO] source size after voxel downsample: 21979
[Open3D INFO] after prerpocess: 21979
[Open3D INFO] reg_result.fitness: 0.236589, eva fitness: 0.333455
[INFO] [1773650264.836999394]: localization cost: 2023.443000 ms
[Open3D INFO] 

time_diff:2.02354 s, localization right now
[Open3D INFO] before sample, target size: 933071, has normal: true
[Open3D INFO] after sample, target size: 400000, has normal: true
[Open3D INFO] source size: 28358, maxpoints_source_: 80000
[Open3D INFO] source size after voxel downsample: 21978
[Open3D INFO] after prerpocess: 21978
[Open3D INFO] reg_result.fitness: 0.220857, eva fitness: 0.318364
[INFO] [1773650266.820648994]: localization cost: 1983.545000 ms
[Open3D INFO] 

time_diff:1.98364 s, localization right now
[Open3D INFO] before sample, target size: 933071, has normal: true
[Open3D INFO] after sample, target size: 400000, has normal: true
[Open3D INFO] source size: 28124, maxpoints_source_: 80000
[Open3D INFO] source size after voxel downsample: 22127
[Open3D INFO] after prerpocess: 22127
[Open3D INFO] reg_result.fitness: 0.223121, eva fitness: 0.316898
[INFO] [1773650268.927951525]: localization cost: 2107.200000 ms
[Open3D INFO] 

time_diff:2.10729 s, localization right now
[Open3D INFO] before sample, target size: 933071, has normal: true
[Open3D INFO] after sample, target size: 400000, has normal: true
[Open3D INFO] source size: 28242, maxpoints_source_: 80000
[Open3D INFO] source size after voxel downsample: 21717
[Open3D INFO] after prerpocess: 21717
[Open3D INFO] reg_result.fitness: 0.226781, eva fitness: 0.330847
[INFO] [1773650271.218962902]: localization cost: 2290.383000 ms
[Open3D INFO] 

time_diff:2.29051 s, localization right now
[Open3D INFO] before sample, target size: 933071, has normal: true
[Open3D INFO] after sample, target size: 400000, has normal: true
[Open3D INFO] source size: 28502, maxpoints_source_: 80000
[Open3D INFO] source size after voxel downsample: 21841
[Open3D INFO] after prerpocess: 21841
[Open3D INFO] reg_result.fitness: 0.230301, eva fitness: 0.327778
[INFO] [1773650273.596234497]: localization cost: 2376.891000 ms
[Open3D INFO] 

time_diff:2.37699 s, localization right now
[Open3D INFO] before sample, target size: 933071, has normal: true
[Open3D INFO] after sample, target size: 400000, has normal: true
[Open3D INFO] source size: 28379, maxpoints_source_: 80000
[Open3D INFO] source size after voxel downsample: 21845
[Open3D INFO] after prerpocess: 21845
[Open3D INFO] reg_result.fitness: 0.224811, eva fitness: 0.320897
[INFO] [1773650275.623186293]: localization cost: 2026.546000 ms
[Open3D INFO] 

time_diff:2.02667 s, localization right now
[Open3D INFO] before sample, target size: 933071, has normal: true
[Open3D INFO] after sample, target size: 400000, has normal: true
[Open3D INFO] source size: 28190, maxpoints_source_: 80000
[Open3D INFO] source size after voxel downsample: 22062
[Open3D INFO] after prerpocess: 22062
[Open3D INFO] reg_result.fitness: 0.218974, eva fitness: 0.312846
[INFO] [1773650277.645914529]: localization cost: 2022.488000 ms
[Open3D INFO] 

time_diff:2.02259 s, localization right now
[Open3D INFO] before sample, target size: 933071, has normal: true
[Open3D INFO] after sample, target size: 400000, has normal: true
[Open3D INFO] source size: 28249, maxpoints_source_: 80000
[Open3D INFO] source size after voxel downsample: 21833
[Open3D INFO] after prerpocess: 21833
[Open3D INFO] reg_result.fitness: 0.217973, eva fitness: 0.31315
[INFO] [1773650279.906935406]: localization cost: 2260.795000 ms
[Open3D INFO] 

time_diff:2.26091 s, localization right now
[Open3D INFO] before sample, target size: 933071, has normal: true
[Open3D INFO] after sample, target size: 400000, has normal: true
[Open3D INFO] source size: 28318, maxpoints_source_: 80000
[Open3D INFO] source size after voxel downsample: 21872
[Open3D INFO] after prerpocess: 21872
[Open3D INFO] reg_result.fitness: 0.218819, eva fitness: 0.314329
[INFO] [1773650282.399791613]: localization cost: 2492.739000 ms
[Open3D INFO] 

time_diff:2.49285 s, localization right now
[Open3D INFO] before sample, target size: 933071, has normal: true
[Open3D INFO] after sample, target size: 400000, has normal: true
[Open3D INFO] source size: 28379, maxpoints_source_: 80000
[Open3D INFO] source size after voxel downsample: 22017
[Open3D INFO] after prerpocess: 22017
[Open3D INFO] reg_result.fitness: 0.220739, eva fitness: 0.316029
[INFO] [1773650284.588341459]: localization cost: 2188.436000 ms
[Open3D INFO] 

time_diff:2.18858 s, localization right now
[Open3D INFO] before sample, target size: 933071, has normal: true
[Open3D INFO] after sample, target size: 400000, has normal: true
[Open3D INFO] source size: 28430, maxpoints_source_: 80000
[Open3D INFO] source size after voxel downsample: 21823
[Open3D INFO] after prerpocess: 21823
[Open3D INFO] reg_result.fitness: 0.22293, eva fitness: 0.314531
[INFO] [1773650286.610771859]: localization cost: 2022.162000 ms
[Open3D INFO] 

time_diff:2.02227 s, localization right now
[Open3D INFO] before sample, target size: 933071, has normal: true
[Open3D INFO] after sample, target size: 400000, has normal: true
[Open3D INFO] source size: 28108, maxpoints_source_: 80000
[Open3D INFO] source size after voxel downsample: 22063
[Open3D INFO] after prerpocess: 22063
[Open3D INFO] reg_result.fitness: 0.216108, eva fitness: 0.304900
[INFO] [1773650288.827305054]: localization cost: 2216.421000 ms
[Open3D INFO] 

time_diff:2.21655 s, localization right now
[Open3D INFO] before sample, target size: 933071, has normal: true
[Open3D INFO] after sample, target size: 400000, has normal: true
[Open3D INFO] source size: 28310, maxpoints_source_: 80000
[Open3D INFO] source size after voxel downsample: 21788
[Open3D INFO] after prerpocess: 21788
[Open3D INFO] reg_result.fitness: 0.223931, eva fitness: 0.318203
[INFO] [1773650291.150330179]: localization cost: 2322.650000 ms
[Open3D INFO] 

time_diff:2.32274 s, localization right now
[Open3D INFO] before sample, target size: 933071, has normal: true
[Open3D INFO] after sample, target size: 400000, has normal: true
[Open3D INFO] source size: 28322, maxpoints_source_: 80000
[Open3D INFO] source size after voxel downsample: 21937
[Open3D INFO] after prerpocess: 21937
[Open3D INFO] reg_result.fitness: 0.223048, eva fitness: 0.311209
[INFO] [1773650293.480088916]: localization cost: 2329.642000 ms
[Open3D INFO] 

time_diff:2.32976 s, localization right now
[Open3D INFO] before sample, target size: 933071, has normal: true
[Open3D INFO] after sample, target size: 400000, has normal: true
[Open3D INFO] source size: 28326, maxpoints_source_: 80000
[Open3D INFO] source size after voxel downsample: 21861
[Open3D INFO] after prerpocess: 21861
[Open3D INFO] reg_result.fitness: 0.218929, eva fitness: 0.314075
[INFO] [1773650296.276637411]: localization cost: 2796.255000 ms
[Open3D INFO] 

time_diff:2.79636 s, localization right now
[Open3D INFO] before sample, target size: 933071, has normal: true
[Open3D INFO] after sample, target size: 400000, has normal: true
[Open3D INFO] source size: 28072, maxpoints_source_: 80000
[Open3D INFO] source size after voxel downsample: 21753
[Open3D INFO] after prerpocess: 21753
[Open3D INFO] reg_result.fitness: 0.215648, eva fitness: 0.308831
[INFO] [1773650299.218360841]: localization cost: 2941.611000 ms
[Open3D INFO] 

time_diff:2.94171 s, localization right now
[Open3D INFO] before sample, target size: 933071, has normal: true
[Open3D INFO] after sample, target size: 400000, has normal: true
[Open3D INFO] source size: 28270, maxpoints_source_: 80000
[Open3D INFO] source size after voxel downsample: 21961
[Open3D INFO] after prerpocess: 21961
[Open3D INFO] reg_result.fitness: 0.221028, eva fitness: 0.316288
[INFO] [1773650302.049947236]: localization cost: 2831.485000 ms
[Open3D INFO] 

time_diff:2.83158 s, localization right now
[Open3D INFO] before sample, target size: 933071, has normal: true
[Open3D INFO] after sample, target size: 400000, has normal: true
[Open3D INFO] source size: 28439, maxpoints_source_: 80000
[Open3D INFO] source size after voxel downsample: 21861
[Open3D INFO] after prerpocess: 21861
[Open3D INFO] reg_result.fitness: 0.217465, eva fitness: 0.310187
[INFO] [1773650304.645388371]: localization cost: 2595.335000 ms
[Open3D INFO] 

time_diff:2.59544 s, localization right now
[Open3D INFO] before sample, target size: 933071, has normal: true
[Open3D INFO] after sample, target size: 400000, has normal: true
[Open3D INFO] source size: 28282, maxpoints_source_: 80000
[Open3D INFO] source size after voxel downsample: 21727
[Open3D INFO] after prerpocess: 21727
[Open3D INFO] reg_result.fitness: 0.217517, eva fitness: 0.312192
[INFO] [1773650307.491728343]: localization cost: 2846.221000 ms
[Open3D INFO] 

time_diff:2.84634 s, localization right now
[Open3D INFO] before sample, target size: 933071, has normal: true
[Open3D INFO] after sample, target size: 400000, has normal: true
[Open3D INFO] source size: 28267, maxpoints_source_: 80000
[Open3D INFO] source size after voxel downsample: 22118
[Open3D INFO] after prerpocess: 22118
[Open3D INFO] reg_result.fitness: 0.21218, eva fitness: 0.303418
[INFO] [1773650309.893860891]: localization cost: 2401.998000 ms
[Open3D INFO] 

time_diff:2.40211 s, localization right now
[Open3D INFO] before sample, target size: 933071, has normal: true
[Open3D INFO] after sample, target size: 400000, has normal: true
[Open3D INFO] source size: 28310, maxpoints_source_: 80000
[Open3D INFO] source size after voxel downsample: 21553
[Open3D INFO] after prerpocess: 21553
[Open3D INFO] reg_result.fitness: 0.220433, eva fitness: 0.314852
[INFO] [1773650312.196438519]: localization cost: 2302.478000 ms
[Open3D INFO] 

time_diff:2.30256 s, localization right now
[Open3D INFO] before sample, target size: 933071, has normal: true
[Open3D INFO] after sample, target size: 400000, has normal: true
[Open3D INFO] source size: 28512, maxpoints_source_: 80000
[Open3D INFO] source size after voxel downsample: 21684
[Open3D INFO] after prerpocess: 21684
[Open3D INFO] reg_result.fitness: 0.216842, eva fitness: 0.31484
[INFO] [1773650314.536350778]: localization cost: 2339.810000 ms
[Open3D INFO] 

time_diff:2.33991 s, localization right now
[Open3D INFO] before sample, target size: 933071, has normal: true
[Open3D INFO] after sample, target size: 400000, has normal: true
[Open3D INFO] source size: 28337, maxpoints_source_: 80000
[Open3D INFO] source size after voxel downsample: 21815
[Open3D INFO] after prerpocess: 21815
[Open3D INFO] reg_result.fitness: 0.231034, eva fitness: 0.325693
[INFO] [1773650317.054088642]: localization cost: 2517.520000 ms
[Open3D INFO] 

time_diff:2.51762 s, localization right now
[Open3D INFO] before sample, target size: 933071, has normal: true
[Open3D INFO] after sample, target size: 400000, has normal: true
[Open3D INFO] source size: 28151, maxpoints_source_: 80000
[Open3D INFO] source size after voxel downsample: 21732
[Open3D INFO] after prerpocess: 21732
[Open3D INFO] reg_result.fitness: 0.228511, eva fitness: 0.323992
[INFO] [1773650319.251192619]: localization cost: 2196.996000 ms
[Open3D INFO] 

time_diff:2.1971 s, localization right now
[Open3D INFO] before sample, target size: 933071, has normal: true
[Open3D INFO] after sample, target size: 400000, has normal: true
[Open3D INFO] source size: 28390, maxpoints_source_: 80000
[Open3D INFO] source size after voxel downsample: 22233
[Open3D INFO] after prerpocess: 22233
[Open3D INFO] reg_result.fitness: 0.218594, eva fitness: 0.320425
[INFO] [1773650321.521984891]: localization cost: 2270.464000 ms
[Open3D INFO] 

time_diff:2.27092 s, localization right now
[Open3D INFO] before sample, target size: 933071, has normal: true
[Open3D INFO] after sample, target size: 400000, has normal: true
[Open3D INFO] source size: 28460, maxpoints_source_: 80000
[Open3D INFO] source size after voxel downsample: 21597
[Open3D INFO] after prerpocess: 21597
[Open3D INFO] reg_result.fitness: 0.213456, eva fitness: 0.306802
[INFO] [1773650323.805957814]: localization cost: 2283.715000 ms
[Open3D INFO] 

time_diff:2.28382 s, localization right now
[Open3D INFO] before sample, target size: 933071, has normal: true
[Open3D INFO] after sample, target size: 400000, has normal: true
[Open3D INFO] source size: 28443, maxpoints_source_: 80000
[Open3D INFO] source size after voxel downsample: 22122
[Open3D INFO] after prerpocess: 22122
[Open3D INFO] reg_result.fitness: 0.221137, eva fitness: 0.318642
[INFO] [1773650326.142949541]: localization cost: 2336.882000 ms
[Open3D INFO] 

time_diff:2.33703 s, localization right now
[Open3D INFO] before sample, target size: 933071, has normal: true
[Open3D INFO] after sample, target size: 400000, has normal: true
[Open3D INFO] source size: 28332, maxpoints_source_: 80000
[Open3D INFO] source size after voxel downsample: 22166
[Open3D INFO] after prerpocess: 22166
[Open3D INFO] reg_result.fitness: 0.220292, eva fitness: 0.311784
[INFO] [1773650328.611413805]: localization cost: 2468.244000 ms
[Open3D INFO] 

time_diff:2.46839 s, localization right now
[Open3D INFO] before sample, target size: 933071, has normal: true
[Open3D INFO] after sample, target size: 400000, has normal: true
[Open3D INFO] source size: 28349, maxpoints_source_: 80000
[Open3D INFO] source size after voxel downsample: 22208
[Open3D INFO] after prerpocess: 22208
[Open3D INFO] reg_result.fitness: 0.219335, eva fitness: 0.317498
[INFO] [1773650330.730671114]: localization cost: 2119.140000 ms
[Open3D INFO] 

time_diff:2.11925 s, localization right now
[Open3D INFO] before sample, target size: 933071, has normal: true
[Open3D INFO] after sample, target size: 400000, has normal: true
[Open3D INFO] source size: 28220, maxpoints_source_: 80000
[Open3D INFO] source size after voxel downsample: 22303
[Open3D INFO] after prerpocess: 22303
[Open3D INFO] reg_result.fitness: 0.217908, eva fitness: 0.313276
[INFO] [1773650333.046657465]: localization cost: 2315.864000 ms
[Open3D INFO] 

time_diff:2.31597 s, localization right now
[Open3D INFO] before sample, target size: 933071, has normal: true
[Open3D INFO] after sample, target size: 400000, has normal: true
[Open3D INFO] source size: 28386, maxpoints_source_: 80000
[Open3D INFO] source size after voxel downsample: 22258
[Open3D INFO] after prerpocess: 22258
[Open3D INFO] reg_result.fitness: 0.220056, eva fitness: 0.315257
[INFO] [1773650335.341943156]: localization cost: 2295.166000 ms
[Open3D INFO] 

time_diff:2.29528 s, localization right now
[Open3D INFO] before sample, target size: 933071, has normal: true
[Open3D INFO] after sample, target size: 400000, has normal: true
[Open3D INFO] source size: 28407, maxpoints_source_: 80000
[Open3D INFO] source size after voxel downsample: 22029
[Open3D INFO] after prerpocess: 22029
[Open3D INFO] reg_result.fitness: 0.220981, eva fitness: 0.318035
[INFO] [1773650337.954379876]: localization cost: 2612.325000 ms
[Open3D INFO] 

time_diff:2.61242 s, localization right now
[Open3D INFO] before sample, target size: 933071, has normal: true
[Open3D INFO] after sample, target size: 400000, has normal: true
[Open3D INFO] source size: 28565, maxpoints_source_: 80000
[Open3D INFO] source size after voxel downsample: 22031
[Open3D INFO] after prerpocess: 22031
[Open3D INFO] reg_result.fitness: 0.215288, eva fitness: 0.306704
[INFO] [1773650340.376610020]: localization cost: 2421.988000 ms
[Open3D INFO] 

time_diff:2.42229 s, localization right now
[Open3D INFO] before sample, target size: 933071, has normal: true
[Open3D INFO] after sample, target size: 400000, has normal: true
[Open3D INFO] source size: 28389, maxpoints_source_: 80000
[Open3D INFO] source size after voxel downsample: 21946
[Open3D INFO] after prerpocess: 21946
[Open3D INFO] reg_result.fitness: 0.21963, eva fitness: 0.316732
[INFO] [1773650342.644387357]: localization cost: 2267.397000 ms
[Open3D INFO] 

time_diff:2.26751 s, localization right now
[Open3D INFO] before sample, target size: 933071, has normal: true
[Open3D INFO] after sample, target size: 400000, has normal: true
[Open3D INFO] source size: 28317, maxpoints_source_: 80000
[Open3D INFO] source size after voxel downsample: 21865
[Open3D INFO] after prerpocess: 21865
[Open3D INFO] reg_result.fitness: 0.21651, eva fitness: 0.311228
[INFO] [1773650344.836056175]: localization cost: 2191.548000 ms
[Open3D INFO] 

time_diff:2.19168 s, localization right now
[Open3D INFO] before sample, target size: 933071, has normal: true
[Open3D INFO] after sample, target size: 400000, has normal: true
[Open3D INFO] source size: 28175, maxpoints_source_: 80000
[Open3D INFO] source size after voxel downsample: 22161
[Open3D INFO] after prerpocess: 22161
[Open3D INFO] reg_result.fitness: 0.218763, eva fitness: 0.311313
[INFO] [1773650347.036756486]: localization cost: 2200.410000 ms
[Open3D INFO] 

time_diff:2.20050 s, localization right now
[Open3D INFO] before sample, target size: 933071, has normal: true
[Open3D INFO] after sample, target size: 400000, has normal: true
[Open3D INFO] source size: 27942, maxpoints_source_: 80000
[Open3D INFO] source size after voxel downsample: 21823
[Open3D INFO] after prerpocess: 21823
[Open3D INFO] reg_result.fitness: 0.218393, eva fitness: 0.314026
[INFO] [1773650349.267474211]: localization cost: 2230.598000 ms
[Open3D INFO] 

time_diff:2.23073 s, localization right now
[Open3D INFO] before sample, target size: 933071, has normal: true
[Open3D INFO] after sample, target size: 400000, has normal: true
[Open3D INFO] source size: 28309, maxpoints_source_: 80000
[Open3D INFO] source size after voxel downsample: 21935
[Open3D INFO] after prerpocess: 21935
[Open3D INFO] reg_result.fitness: 0.211808, eva fitness: 0.310098
[INFO] [1773650351.587738491]: localization cost: 2320.145000 ms
[Open3D INFO] 

time_diff:2.32023 s, localization right now
[Open3D INFO] before sample, target size: 933071, has normal: true
[Open3D INFO] after sample, target size: 400000, has normal: true
[Open3D INFO] source size: 28541, maxpoints_source_: 80000
[Open3D INFO] source size after voxel downsample: 21842
[Open3D INFO] after prerpocess: 21842
[Open3D INFO] reg_result.fitness: 0.223056, eva fitness: 0.321582
[INFO] [1773650353.663069099]: localization cost: 2075.231000 ms
[Open3D INFO] 

time_diff:2.07533 s, localization right now
[Open3D INFO] before sample, target size: 933071, has normal: true
[Open3D INFO] after sample, target size: 400000, has normal: true
[Open3D INFO] source size: 28927, maxpoints_source_: 80000
[Open3D INFO] source size after voxel downsample: 21874
[Open3D INFO] after prerpocess: 21874
[Open3D INFO] reg_result.fitness: 0.227759, eva fitness: 0.326049
[INFO] [1773650355.730149141]: localization cost: 2066.974000 ms
[Open3D INFO] 

time_diff:2.06707 s, localization right now
[Open3D INFO] before sample, target size: 933071, has normal: true
[Open3D INFO] after sample, target size: 400000, has normal: true
[Open3D INFO] source size: 28523, maxpoints_source_: 80000
[Open3D INFO] source size after voxel downsample: 21171
[Open3D INFO] after prerpocess: 21171
[Open3D INFO] reg_result.fitness: 0.217515, eva fitness: 0.323461
[INFO] [1773650357.769679163]: localization cost: 2039.424000 ms
[Open3D INFO] 

time_diff:2.03953 s, localization right now
[Open3D INFO] before sample, target size: 933071, has normal: true
[Open3D INFO] after sample, target size: 400000, has normal: true
[Open3D INFO] source size: 28794, maxpoints_source_: 80000
[Open3D INFO] source size after voxel downsample: 22052
[Open3D INFO] after prerpocess: 22052
[Open3D INFO] reg_result.fitness: 0.235806, eva fitness: 0.329811
[INFO] [1773650359.969961377]: localization cost: 2200.150000 ms
[Open3D INFO] 

time_diff:2.20029 s, localization right now
[Open3D INFO] before sample, target size: 933071, has normal: true
[Open3D INFO] after sample, target size: 400000, has normal: true
[Open3D INFO] source size: 28484, maxpoints_source_: 80000
[Open3D INFO] source size after voxel downsample: 22120
[Open3D INFO] after prerpocess: 22120
[Open3D INFO] reg_result.fitness: 0.232776, eva fitness: 0.33359
[INFO] [1773650362.126995635]: localization cost: 2156.898000 ms
[Open3D INFO] 

time_diff:2.15699 s, localization right now
[Open3D INFO] before sample, target size: 933071, has normal: true
[Open3D INFO] after sample, target size: 400000, has normal: true
[Open3D INFO] source size: 28318, maxpoints_source_: 80000
[Open3D INFO] source size after voxel downsample: 22257
[Open3D INFO] after prerpocess: 22257
[Open3D INFO] reg_result.fitness: 0.217010, eva fitness: 0.314418
[INFO] [1773650364.456059746]: localization cost: 2328.956000 ms
[Open3D INFO] 

time_diff:2.32906 s, localization right now
[Open3D INFO] before sample, target size: 933071, has normal: true
[Open3D INFO] after sample, target size: 400000, has normal: true
[Open3D INFO] source size: 28567, maxpoints_source_: 80000
[Open3D INFO] source size after voxel downsample: 22158
[Open3D INFO] after prerpocess: 22158
[Open3D INFO] reg_result.fitness: 0.227818, eva fitness: 0.31844
[INFO] [1773650366.507169925]: localization cost: 2050.927000 ms
[Open3D INFO] 

time_diff:2.05114 s, localization right now
[Open3D INFO] before sample, target size: 933071, has normal: true
[Open3D INFO] after sample, target size: 400000, has normal: true
[Open3D INFO] source size: 28612, maxpoints_source_: 80000
[Open3D INFO] source size after voxel downsample: 21903
[Open3D INFO] after prerpocess: 21903
[Open3D INFO] reg_result.fitness: 0.233164, eva fitness: 0.332557
[INFO] [1773650368.779237095]: localization cost: 2271.916000 ms
[Open3D INFO] 

time_diff:2.272 s, localization right now
[Open3D INFO] before sample, target size: 933071, has normal: true
[Open3D INFO] after sample, target size: 400000, has normal: true
[Open3D INFO] source size: 29769, maxpoints_source_: 80000
[Open3D INFO] source size after voxel downsample: 21110
[Open3D INFO] after prerpocess: 21110
[Open3D INFO] reg_result.fitness: 0.229938, eva fitness: 0.330128
[INFO] [1773650370.990161559]: localization cost: 2210.620000 ms
[Open3D INFO] 

time_diff:2.21074 s, localization right now
[Open3D INFO] before sample, target size: 933071, has normal: true
[Open3D INFO] after sample, target size: 400000, has normal: true
[Open3D INFO] source size: 29240, maxpoints_source_: 80000
[Open3D INFO] source size after voxel downsample: 20784
[Open3D INFO] after prerpocess: 20784
                                                                                                                                                                                                                                                                                                                                                                                                                                                                                                                                                                                                                                                                                                                                                                                                                                                                                                                                                                                        