start spin
[INFO] [1773652418.468808864]: pose baselink2odom:
x: 0.000000, y: 0.000000, z: 0.000000, qx: 0.000000,                             qy: 0.000000, qz: 0.000000, qw: 1.000000
0 0 0 0 0 0 
Multi thread started 
p_pre->lidar_type 1
~~~~/root/ws_nav/src/go2_real/navigation_3d/fast_lio_nav/FAST_LIO_NAV/ file opened
[WARN] [1773652419.108736303]: No point, skip this scan!

[ERROR] [1773652419.643491209]: Client [/costmap_2d_node_my] wants topic /scan to have datatype/md5sum [sensor_msgs/LaserScan/90c7ef2dc6895d81024acba2ac42f369], but our version has [sensor_msgs/PointCloud2/1158d486dd51d683ce2f1be655c3c181]. Dropping connection.
Authorization required, but no authorization protocol specified
qt.qpa.xcb: could not connect to display :0
qt.qpa.plugin: Could not load the Qt platform plugin "xcb" in "" even though it was found.
This application failed to start because no Qt platform plugin could be initialized. Reinstalling the application may fix this problem.

Available platform plugins are: eglfs, linuxfb, minimal, minimalegl, offscreen, vnc, xcb.

mat_odom2map_
1 0 0 0
0 1 0 0
0 0 1 0
0 0 0 1
confidence_loc_th_: 0.7 current confidence: 0
initpose:x y z, x y z w
12.6953 1.27306 2.18885 0.0516476 -0.0652063 -0.619431 0.780632


*** update mat_odom2map_
mat_odom2map_
   0.224106     0.96036   -0.165788     12.6953
  -0.973831    0.227275 0.000146131     1.27306
  0.0378199    0.161417    0.986161     2.18885
          0           0           0           1
mat_imulink2baselink_:
    1     0     0 0.119
    0     1     0     0
    0     0     1     0
    0     0     0     1
[WARN] [1773652465.403526258]: initialize finished
[INFO] [1773652465.403829933]: wait for Odometry_loc
[INFO] [1773652465.436685866]: wait for cloud_registered_1
[Open3D INFO] before sample, target size: 949909, has normal: true
[Open3D INFO] after sample, target size: 400000, has normal: true
[Open3D INFO] source size: 23081, has normal: false
[Open3D INFO] source size: 23081, has normal: false
scale i: 0 voxel_size: scale i: 1 voxel_size: 0.1
0.4
scale i: 2 voxel_size: 0.6
[Open3D INFO] eva fitness: 0.996231
[INFO] [1773652470.587291719]: localization cost: 5051.672000 ms
[Open3D INFO] before sample, target size: 949918, has normal: true
[Open3D INFO] after sample, target size: 400000, has normal: true
[Open3D INFO] source size: 23020, has normal: false
[Open3D INFO] source size: 23020, has normal: false
scale i: 0 voxel_size: scale i: 1 voxel_size: 0.1
0.4
scale i: 2 voxel_size: 0.6
[Open3D INFO] eva fitness: 0.995873
[INFO] [1773652475.823790800]: localization cost: 5236.357000 ms
[Open3D INFO] 


localization initialize success!!!!



[INFO] [1773652475.829591592]: time_last: 1773652472.688832
[INFO] [1773652475.829640034]: time_current: 1773652475.688832
[Open3D INFO] 

time_diff:1.77365e+09 s, localization right now
[Open3D INFO] 
***
****
***


last map update loc: x: 0.0, y: 0.0, z-5000.0,
                now loc: x: 12.7059, y: 2.81735, z1.94552, 3d distance: 5001.96, now needpdate submap
[INFO] [1773652475.924342004]: submap_cost: 93.622000 ms
[Open3D INFO] before sample, target size: 916095, has normal: true
[Open3D INFO] after sample, target size: 400000, has normal: true
[Open3D INFO] source size: 22851, maxpoints_source_: 80000
[Open3D INFO] source size after voxel downsample: 14262
[Open3D INFO] after prerpocess: 14262
[Open3D INFO] reg_result.fitness: 0.988781, eva fitness: 0.998107
[INFO] [1773652478.359718994]: localization cost: 2529.206000 ms
[Open3D INFO] 

time_diff:2.52931 s, localization right now
[Open3D INFO] before sample, target size: 916095, has normal: true
[Open3D INFO] after sample, target size: 400000, has normal: true
[Open3D INFO] source size: 22876, maxpoints_source_: 80000
[Open3D INFO] source size after voxel downsample: 14378
[Open3D INFO] after prerpocess: 14378
[Open3D INFO] reg_result.fitness: 0.988941, eva fitness: 0.997983
[INFO] [1773652479.433610316]: localization cost: 1073.782000 ms
[Open3D INFO] 

time_diff:1.07389 s, localization right now
[Open3D INFO] before sample, target size: 916095, has normal: true
[Open3D INFO] after sample, target size: 400000, has normal: true
[Open3D INFO] source size: 23003, maxpoints_source_: 80000
[Open3D INFO] source size after voxel downsample: 14490
[Open3D INFO] after prerpocess: 14490
[Open3D INFO] reg_result.fitness: 0.987095, eva fitness: 0.998137
[INFO] [1773652480.709025818]: localization cost: 1275.189000 ms
[Open3D INFO] 

time_diff:1.2753 s, localization right now
[Open3D INFO] before sample, target size: 916095, has normal: true
[Open3D INFO] after sample, target size: 400000, has normal: true
[Open3D INFO] source size: 23228, maxpoints_source_: 80000
[Open3D INFO] source size after voxel downsample: 14647
[Open3D INFO] after prerpocess: 14647
[Open3D INFO] reg_result.fitness: 0.989554, eva fitness: 0.998498
[INFO] [1773652481.664643920]: localization cost: 955.395000 ms
[Open3D INFO] 

time_diff:0.955494 s, localization right now
[Open3D INFO] before sample, target size: 916095, has normal: true
[Open3D INFO] after sample, target size: 400000, has normal: true
[Open3D INFO] source size: 23129, maxpoints_source_: 80000
[Open3D INFO] source size after voxel downsample: 16569
[Open3D INFO] after prerpocess: 16569
[Open3D INFO] reg_result.fitness: 0.987748, eva fitness: 0.996379
[INFO] [1773652482.930870758]: localization cost: 1265.991000 ms
[Open3D INFO] 

time_diff:1.26611 s, localization right now
[Open3D INFO] before sample, target size: 916095, has normal: true
[Open3D INFO] after sample, target size: 400000, has normal: true
[Open3D INFO] source size: 23650, maxpoints_source_: 80000
[Open3D INFO] source size after voxel downsample: 17415
[Open3D INFO] after prerpocess: 17415
[Open3D INFO] reg_result.fitness: 0.984668, eva fitness: 0.996899
[INFO] [1773652484.223715928]: localization cost: 1292.723000 ms
[Open3D INFO] 

time_diff:1.29281 s, localization right now
[Open3D INFO] before sample, target size: 916095, has normal: true
[Open3D INFO] after sample, target size: 400000, has normal: true
[Open3D INFO] source size: 23708, maxpoints_source_: 80000
[Open3D INFO] source size after voxel downsample: 17743
[Open3D INFO] after prerpocess: 17743
[Open3D INFO] reg_result.fitness: 0.986981, eva fitness: 0.996844
[INFO] [1773652485.181266465]: localization cost: 957.448000 ms
[Open3D INFO] 

time_diff:0.95756 s, localization right now
[Open3D INFO] before sample, target size: 916095, has normal: true
[Open3D INFO] after sample, target size: 400000, has normal: true
[Open3D INFO] source size: 24754, maxpoints_source_: 80000
[Open3D INFO] source size after voxel downsample: 19284
[Open3D INFO] after prerpocess: 19284
[Open3D INFO] reg_result.fitness: 0.985013, eva fitness: 0.996111
[INFO] [1773652486.156833509]: localization cost: 975.454000 ms
[Open3D INFO] 

time_diff:0.975539 s, localization right now
[Open3D INFO] 
***
****
***


last map update loc: x: 12.7059, y: 2.81735, z1.94552,
                now loc: x: 10.5659, y: -0.122108, z2.00905, 3d distance: 3.63651, now needpdate submap
[INFO] [1773652486.235413587]: submap_cost: 78.297000 ms
[Open3D INFO] before sample, target size: 936832, has normal: true
[Open3D INFO] after sample, target size: 400000, has normal: true
[Open3D INFO] source size: 24916, maxpoints_source_: 80000
[Open3D INFO] source size after voxel downsample: 19383
[Open3D INFO] after prerpocess: 19383
[Open3D INFO] reg_result.fitness: 0.967446, eva fitness: 0.994273
[INFO] [1773652487.271094146]: localization cost: 1114.163000 ms
[Open3D INFO] 

time_diff:1.11426 s, localization right now
[Open3D INFO] before sample, target size: 936832, has normal: true
[Open3D INFO] after sample, target size: 400000, has normal: true
[Open3D INFO] source size: 25747, maxpoints_source_: 80000
[Open3D INFO] source size after voxel downsample: 20490
[Open3D INFO] after prerpocess: 20490
[Open3D INFO] reg_result.fitness: 0.970815, eva fitness: 0.992826
[INFO] [1773652488.479949917]: localization cost: 1208.744000 ms
[Open3D INFO] 

time_diff:1.20886 s, localization right now
[Open3D INFO] before sample, target size: 936832, has normal: true
[Open3D INFO] after sample, target size: 400000, has normal: true
[Open3D INFO] source size: 24665, maxpoints_source_: 80000
[Open3D INFO] source size after voxel downsample: 19482
[Open3D INFO] after prerpocess: 19482
[Open3D INFO] reg_result.fitness: 0.960528, eva fitness: 0.973617
[INFO] [1773652490.166655647]: localization cost: 1686.570000 ms
[Open3D INFO] 

time_diff:1.6867 s, localization right now
[Open3D INFO] before sample, target size: 936832, has normal: true
[Open3D INFO] after sample, target size: 400000, has normal: true
[Open3D INFO] source size: 24003, maxpoints_source_: 80000
[Open3D INFO] source size after voxel downsample: 19115
[Open3D INFO] after prerpocess: 19115
[Open3D INFO] reg_result.fitness: 0.97311, eva fitness: 0.983521
[INFO] [1773652491.665243199]: localization cost: 1498.468000 ms
[Open3D INFO] 

time_diff:1.49857 s, localization right now
[Open3D INFO] before sample, target size: 936832, has normal: true
[Open3D INFO] after sample, target size: 400000, has normal: true
[Open3D INFO] source size: 26215, maxpoints_source_: 80000
[Open3D INFO] source size after voxel downsample: 20771
[Open3D INFO] after prerpocess: 20771
[Open3D INFO] reg_result.fitness: 0.980213, eva fitness: 0.988734
[INFO] [1773652493.269478960]: localization cost: 1604.122000 ms
[Open3D INFO] 

time_diff:1.60423 s, localization right now
[Open3D INFO] before sample, target size: 936832, has normal: true
[Open3D INFO] after sample, target size: 400000, has normal: true
[Open3D INFO] source size: 28103, maxpoints_source_: 80000
[Open3D INFO] source size after voxel downsample: 20302
[Open3D INFO] after prerpocess: 20302
[Open3D INFO] reg_result.fitness: 0.972811, eva fitness: 0.980347
[INFO] [1773652494.961361270]: localization cost: 1691.761000 ms
[Open3D INFO] 

time_diff:1.69187 s, localization right now
[Open3D INFO] before sample, target size: 936832, has normal: true
[Open3D INFO] after sample, target size: 400000, has normal: true
[Open3D INFO] source size: 26088, maxpoints_source_: 80000
[Open3D INFO] source size after voxel downsample: 18802
[Open3D INFO] after prerpocess: 18802
[Open3D INFO] reg_result.fitness: 0.969844, eva fitness: 0.984417
[INFO] [1773652496.484180278]: localization cost: 1522.546000 ms
[Open3D INFO] 

time_diff:1.52265 s, localization right now
[Open3D INFO] 
***
****
***


last map update loc: x: 10.5659, y: -0.122108, z2.00905,
                now loc: x: 6.92822, y: -0.823962, z1.78633, 3d distance: 3.71146, now needpdate submap
[INFO] [1773652496.559177244]: submap_cost: 74.678000 ms
[Open3D INFO] before sample, target size: 891381, has normal: true
[Open3D INFO] after sample, target size: 400000, has normal: true
[Open3D INFO] source size: 25436, maxpoints_source_: 80000
[Open3D INFO] source size after voxel downsample: 17033
[Open3D INFO] after prerpocess: 17033
[Open3D INFO] reg_result.fitness: 0.962719, eva fitness: 0.985146
[INFO] [1773652497.551263082]: localization cost: 1066.976000 ms
[Open3D INFO] 

time_diff:1.06708 s, localization right now
[Open3D INFO] before sample, target size: 891381, has normal: true
[Open3D INFO] after sample, target size: 400000, has normal: true
[Open3D INFO] source size: 24320, maxpoints_source_: 80000
[Open3D INFO] source size after voxel downsample: 16439
[Open3D INFO] after prerpocess: 16439
[Open3D INFO] reg_result.fitness: 0.958452, eva fitness: 0.979987
[INFO] [1773652498.594219983]: localization cost: 1042.830000 ms
[Open3D INFO] 

time_diff:1.04296 s, localization right now
[Open3D INFO] before sample, target size: 891381, has normal: true
[Open3D INFO] after sample, target size: 400000, has normal: true
[Open3D INFO] source size: 26876, maxpoints_source_: 80000
[Open3D INFO] source size after voxel downsample: 18209
[Open3D INFO] after prerpocess: 18209
[Open3D INFO] reg_result.fitness: 0.963205, eva fitness: 0.981932
[INFO] [1773652499.942770733]: localization cost: 1348.430000 ms
[Open3D INFO] 

time_diff:1.34853 s, localization right now
[Open3D INFO] before sample, target size: 891381, has normal: true
[Open3D INFO] after sample, target size: 400000, has normal: true
[Open3D INFO] source size: 27486, maxpoints_source_: 80000
[Open3D INFO] source size after voxel downsample: 18448
[Open3D INFO] after prerpocess: 18448
[Open3D INFO] reg_result.fitness: 0.954358, eva fitness: 0.979889
[INFO] [1773652501.183074145]: localization cost: 1240.200000 ms
[Open3D INFO] 

time_diff:1.24029 s, localization right now
[Open3D INFO] before sample, target size: 891381, has normal: true
[Open3D INFO] after sample, target size: 400000, has normal: true
[Open3D INFO] source size: 25985, maxpoints_source_: 80000
[Open3D INFO] source size after voxel downsample: 15789
[Open3D INFO] after prerpocess: 15789
[Open3D INFO] reg_result.fitness: 0.945975, eva fitness: 0.969599
[INFO] [1773652502.466060647]: localization cost: 1282.873000 ms
[Open3D INFO] 

time_diff:1.28299 s, localization right now
[Open3D INFO] before sample, target size: 891381, has normal: true
[Open3D INFO] after sample, target size: 400000, has normal: true
[Open3D INFO] source size: 27621, maxpoints_source_: 80000
[Open3D INFO] source size after voxel downsample: 14752
[Open3D INFO] after prerpocess: 14752
[Open3D INFO] reg_result.fitness: 0.947465, eva fitness: 0.971665
[INFO] [1773652503.932207567]: localization cost: 1466.020000 ms
[Open3D INFO] 

time_diff:1.46614 s, localization right now
[Open3D INFO] before sample, target size: 891381, has normal: true
[Open3D INFO] after sample, target size: 400000, has normal: true
[Open3D INFO] source size: 27949, maxpoints_source_: 80000
[Open3D INFO] source size after voxel downsample: 14503
[Open3D INFO] after prerpocess: 14503
[Open3D INFO] reg_result.fitness: 0.923395, eva fitness: 0.954768
[INFO] [1773652505.088259083]: localization cost: 1155.924000 ms
[Open3D INFO] 

time_diff:1.15603 s, localization right now
[Open3D INFO] before sample, target size: 891381, has normal: true
[Open3D INFO] after sample, target size: 400000, has normal: true
[Open3D INFO] source size: 27915, maxpoints_source_: 80000
[Open3D INFO] source size after voxel downsample: 15045
[Open3D INFO] after prerpocess: 15045
[Open3D INFO] reg_result.fitness: 0.930076, eva fitness: 0.966301
[INFO] [1773652506.251793079]: localization cost: 1163.413000 ms
[Open3D INFO] 

time_diff:1.16352 s, localization right now
[Open3D INFO] before sample, target size: 891381, has normal: true
[Open3D INFO] after sample, target size: 400000, has normal: true
[Open3D INFO] source size: 27508, maxpoints_source_: 80000
[Open3D INFO] source size after voxel downsample: 14894
[Open3D INFO] after prerpocess: 14894
[Open3D INFO] reg_result.fitness: 0.930912, eva fitness: 0.966228
[INFO] [1773652507.529800896]: localization cost: 1277.899000 ms
[Open3D INFO] 

time_diff:1.27799 s, localization right now
[Open3D INFO] before sample, target size: 891381, has normal: true
[Open3D INFO] after sample, target size: 400000, has normal: true
[Open3D INFO] source size: 27471, maxpoints_source_: 80000
[Open3D INFO] source size after voxel downsample: 14773
[Open3D INFO] after prerpocess: 14773
[Open3D INFO] reg_result.fitness: 0.924863, eva fitness: 0.959521
[INFO] [1773652508.797334298]: localization cost: 1267.423000 ms
[Open3D INFO] 

time_diff:1.26759 s, localization right now
[Open3D INFO] before sample, target size: 891381, has normal: true
[Open3D INFO] after sample, target size: 400000, has normal: true
[Open3D INFO] source size: 27738, maxpoints_source_: 80000
[Open3D INFO] source size after voxel downsample: 18176
[Open3D INFO] after prerpocess: 18176
[Open3D INFO] reg_result.fitness: 0.930623, eva fitness: 0.973867
[INFO] [1773652510.044286712]: localization cost: 1246.630000 ms
[Open3D INFO] 

time_diff:1.24672 s, localization right now
[Open3D INFO] before sample, target size: 891381, has normal: true
[Open3D INFO] after sample, target size: 400000, has normal: true
[Open3D INFO] source size: 29217, maxpoints_source_: 80000
[Open3D INFO] source size after voxel downsample: 18191
[Open3D INFO] after prerpocess: 18191
[Open3D INFO] reg_result.fitness: 0.921555, eva fitness: 0.954703
[INFO] [1773652510.982608879]: localization cost: 938.214000 ms
[Open3D INFO] 

time_diff:0.938317 s, localization right now
[Open3D INFO] before sample, target size: 891381, has normal: true
[Open3D INFO] after sample, target size: 400000, has normal: true
[Open3D INFO] source size: 29958, maxpoints_source_: 80000
[Open3D INFO] source size after voxel downsample: 17939
[Open3D INFO] after prerpocess: 17939
[Open3D INFO] reg_result.fitness: 0.927811, eva fitness: 0.965661
[INFO] [1773652511.988260109]: localization cost: 1005.541000 ms
[Open3D INFO] 

time_diff:1.00569 s, localization right now
[Open3D INFO] before sample, target size: 891381, has normal: true
[Open3D INFO] after sample, target size: 400000, has normal: true
[Open3D INFO] source size: 29194, maxpoints_source_: 80000
[Open3D INFO] source size after voxel downsample: 17281
[Open3D INFO] after prerpocess: 17281
[Open3D INFO] reg_result.fitness: 0.930502, eva fitness: 0.96337
[INFO] [1773652513.011803826]: localization cost: 1023.365000 ms
[Open3D INFO] 

time_diff:1.02349 s, localization right now
[Open3D INFO] before sample, target size: 891381, has normal: true
[Open3D INFO] after sample, target size: 400000, has normal: true
[Open3D INFO] source size: 27350, maxpoints_source_: 80000
[Open3D INFO] source size after voxel downsample: 15188
[Open3D INFO] after prerpocess: 15188
[Open3D INFO] reg_result.fitness: 0.939162, eva fitness: 0.962734
[INFO] [1773652513.924176103]: localization cost: 912.054000 ms
[Open3D INFO] 

time_diff:0.912151 s, localization right now
[Open3D INFO] before sample, target size: 891381, has normal: true
[Open3D INFO] after sample, target size: 400000, has normal: true
[Open3D INFO] source size: 28420, maxpoints_source_: 80000
[Open3D INFO] source size after voxel downsample: 15562
[Open3D INFO] after prerpocess: 15562
[Open3D INFO] reg_result.fitness: 0.929701, eva fitness: 0.963951
[INFO] [1773652514.915753696]: localization cost: 991.368000 ms
[Open3D INFO] 

time_diff:0.991463 s, localization right now
[Open3D INFO] before sample, target size: 891381, has normal: true
[Open3D INFO] after sample, target size: 400000, has normal: true
[Open3D INFO] source size: 28234, maxpoints_source_: 80000
[Open3D INFO] source size after voxel downsample: 13752
[Open3D INFO] after prerpocess: 13752
[Open3D INFO] reg_result.fitness: 0.926992, eva fitness: 0.959206
[INFO] [1773652516.167682426]: localization cost: 1251.821000 ms
[Open3D INFO] 

time_diff:1.25192 s, localization right now
[Open3D INFO] before sample, target size: 891381, has normal: true
[Open3D INFO] after sample, target size: 400000, has normal: true
[Open3D INFO] source size: 30156, maxpoints_source_: 80000
[Open3D INFO] source size after voxel downsample: 14382
[Open3D INFO] after prerpocess: 14382
[Open3D INFO] reg_result.fitness: 0.911069, eva fitness: 0.944792
[INFO] [1773652517.745164749]: localization cost: 1577.372000 ms
[Open3D INFO] 

time_diff:1.57747 s, localization right now
[Open3D INFO] 
***
****
***


last map update loc: x: 6.92822, y: -0.823962, z1.78633,
                now loc: x: 3.58427, y: 0.359676, z0.418182, 3d distance: 3.80196, now needpdate submap
[INFO] [1773652517.811373896]: submap_cost: 65.879000 ms
[Open3D INFO] before sample, target size: 826428, has normal: true
[Open3D INFO] after sample, target size: 400000, has normal: true
[Open3D INFO] source size: 31545, maxpoints_source_: 80000
[Open3D INFO] source size after voxel downsample: 16866
[Open3D INFO] after prerpocess: 16866
[Open3D INFO] reg_result.fitness: 0.908277, eva fitness: 0.938278
[INFO] [1773652518.981017343]: localization cost: 1235.721000 ms
[Open3D INFO] 

time_diff:1.23587 s, localization right now
[Open3D INFO] before sample, target size: 826428, has normal: true
[Open3D INFO] after sample, target size: 400000, has normal: true
[Open3D INFO] source size: 26203, maxpoints_source_: 80000
[Open3D INFO] source size after voxel downsample: 13902
[Open3D INFO] after prerpocess: 13902
[Open3D INFO] reg_result.fitness: 0.969717, eva fitness: 0.985182
[INFO] [1773652519.907988690]: localization cost: 926.830000 ms
[Open3D INFO] 

time_diff:0.926935 s, localization right now
[Open3D INFO] before sample, target size: 826428, has normal: true
[Open3D INFO] after sample, target size: 400000, has normal: true
[Open3D INFO] source size: 25771, maxpoints_source_: 80000
[Open3D INFO] source size after voxel downsample: 13221
[Open3D INFO] after prerpocess: 13221
[Open3D INFO] reg_result.fitness: 0.973224, eva fitness: 0.989486
[INFO] [1773652521.148290662]: localization cost: 1240.158000 ms
[Open3D INFO] 

time_diff:1.24035 s, localization right now
[Open3D INFO] before sample, target size: 826428, has normal: true
[Open3D INFO] after sample, target size: 400000, has normal: true
[Open3D INFO] source size: 30761, maxpoints_source_: 80000
[Open3D INFO] source size after voxel downsample: 15443
[Open3D INFO] after prerpocess: 15443
[Open3D INFO] reg_result.fitness: 0.922748, eva fitness: 0.956874
[INFO] [1773652522.400254284]: localization cost: 1251.551000 ms
[Open3D INFO] 

time_diff:1.25169 s, localization right now
[Open3D INFO] before sample, target size: 826428, has normal: true
[Open3D INFO] after sample, target size: 400000, has normal: true
[Open3D INFO] source size: 33760, maxpoints_source_: 80000
[Open3D INFO] source size after voxel downsample: 16938
[Open3D INFO] after prerpocess: 16938
[Open3D INFO] reg_result.fitness: 0.907014, eva fitness: 0.945625
[INFO] [1773652523.774526235]: localization cost: 1374.153000 ms
[Open3D INFO] 

time_diff:1.37424 s, localization right now
[Open3D INFO] before sample, target size: 826428, has normal: true
[Open3D INFO] after sample, target size: 400000, has normal: true
[Open3D INFO] source size: 32568, maxpoints_source_: 80000
[Open3D INFO] source size after voxel downsample: 16391
[Open3D INFO] after prerpocess: 16391
[Open3D INFO] reg_result.fitness: 0.909035, eva fitness: 0.942224
[INFO] [1773652524.778428944]: localization cost: 1003.788000 ms
[Open3D INFO] 

time_diff:1.00390 s, localization right now
[Open3D INFO] before sample, target size: 826428, has normal: true
[Open3D INFO] after sample, target size: 400000, has normal: true
[Open3D INFO] source size: 32150, maxpoints_source_: 80000
[Open3D INFO] source size after voxel downsample: 17454
[Open3D INFO] after prerpocess: 17454
[Open3D INFO] reg_result.fitness: 0.913086, eva fitness: 0.943165
[INFO] [1773652525.858584887]: localization cost: 1080.026000 ms
[Open3D INFO] 

time_diff:1.08015 s, localization right now
[Open3D INFO] before sample, target size: 826428, has normal: true
[Open3D INFO] after sample, target size: 400000, has normal: true
[Open3D INFO] source size: 33059, maxpoints_source_: 80000
[Open3D INFO] source size after voxel downsample: 18506
[Open3D INFO] after prerpocess: 18506
[Open3D INFO] reg_result.fitness: 0.923322, eva fitness: 0.951259
[INFO] [1773652527.045500571]: localization cost: 1186.806000 ms
[Open3D INFO] 

time_diff:1.18689 s, localization right now
[Open3D INFO] before sample, target size: 826428, has normal: true
[Open3D INFO] after sample, target size: 400000, has normal: true
[Open3D INFO] source size: 33931, maxpoints_source_: 80000
[Open3D INFO] source size after voxel downsample: 18173
[Open3D INFO] after prerpocess: 18173
[Open3D INFO] reg_result.fitness: 0.916745, eva fitness: 0.951411
[INFO] [1773652528.015051098]: localization cost: 969.456000 ms
[Open3D INFO] 

time_diff:0.969542 s, localization right now
[Open3D INFO] before sample, target size: 826428, has normal: true
[Open3D INFO] after sample, target size: 400000, has normal: true
[Open3D INFO] source size: 33739, maxpoints_source_: 80000
[Open3D INFO] source size after voxel downsample: 17965
[Open3D INFO] after prerpocess: 17965
[Open3D INFO] reg_result.fitness: 0.918063, eva fitness: 0.953187
[INFO] [1773652528.958432938]: localization cost: 943.281000 ms
[Open3D INFO] 

time_diff:0.943375 s, localization right now
[Open3D INFO] before sample, target size: 826428, has normal: true
[Open3D INFO] after sample, target size: 400000, has normal: true
[Open3D INFO] source size: 33598, maxpoints_source_: 80000
[Open3D INFO] source size after voxel downsample: 17884
[Open3D INFO] after prerpocess: 17884
[Open3D INFO] reg_result.fitness: 0.928204, eva fitness: 0.957113
[INFO] [1773652530.060327174]: localization cost: 1101.787000 ms
[Open3D INFO] 

time_diff:1.10189 s, localization right now
[Open3D INFO] before sample, target size: 826428, has normal: true
[Open3D INFO] after sample, target size: 400000, has normal: true
[Open3D INFO] source size: 32963, maxpoints_source_: 80000
[Open3D INFO] source size after voxel downsample: 17536
[Open3D INFO] after prerpocess: 17536
[Open3D INFO] reg_result.fitness: 0.938812, eva fitness: 0.962762
[INFO] [1773652531.107834737]: localization cost: 1047.386000 ms
[Open3D INFO] 

time_diff:1.0477 s, localization right now
[Open3D INFO] before sample, target size: 826428, has normal: true
[Open3D INFO] after sample, target size: 400000, has normal: true
[Open3D INFO] source size: 31745, maxpoints_source_: 80000
[Open3D INFO] source size after voxel downsample: 16736
[Open3D INFO] after prerpocess: 16736
[Open3D INFO] reg_result.fitness: 0.955007, eva fitness: 0.977055
[INFO] [1773652532.120790303]: localization cost: 1012.630000 ms
[Open3D INFO] 

time_diff:1.01272 s, localization right now
[Open3D INFO] before sample, target size: 826428, has normal: true
[Open3D INFO] after sample, target size: 400000, has normal: true
[Open3D INFO] source size: 33010, maxpoints_source_: 80000
[Open3D INFO] source size after voxel downsample: 16125
[Open3D INFO] after prerpocess: 16125
[Open3D INFO] reg_result.fitness: 0.949147, eva fitness: 0.971349
[INFO] [1773652533.069895890]: localization cost: 949.001000 ms
[Open3D INFO] 

time_diff:0.949105 s, localization right now
[Open3D INFO] before sample, target size: 826428, has normal: true
[Open3D INFO] after sample, target size: 400000, has normal: true
[Open3D INFO] source size: 32778, maxpoints_source_: 80000
[Open3D INFO] source size after voxel downsample: 17848
[Open3D INFO] after prerpocess: 17848
[Open3D INFO] reg_result.fitness: 0.917862, eva fitness: 0.945764
[INFO] [1773652534.230517722]: localization cost: 1160.498000 ms
[Open3D INFO] 

time_diff:1.16061 s, localization right now
[Open3D INFO] before sample, target size: 826428, has normal: true
[Open3D INFO] after sample, target size: 400000, has normal: true
[Open3D INFO] source size: 33141, maxpoints_source_: 80000
[Open3D INFO] source size after voxel downsample: 17861
[Open3D INFO] after prerpocess: 17861
[Open3D INFO] reg_result.fitness: 0.914618, eva fitness: 0.945524
[INFO] [1773652535.338954714]: localization cost: 1108.128000 ms
[Open3D INFO] 

time_diff:1.10825 s, localization right now
[Open3D INFO] before sample, target size: 826428, has normal: true
[Open3D INFO] after sample, target size: 400000, has normal: true
[Open3D INFO] source size: 30189, maxpoints_source_: 80000
[Open3D INFO] source size after voxel downsample: 14676
[Open3D INFO] after prerpocess: 14676
[Open3D INFO] reg_result.fitness: 0.966885, eva fitness: 0.983306
[INFO] [1773652536.434977951]: localization cost: 1095.878000 ms
[Open3D INFO] 

time_diff:1.09601 s, localization right now
[Open3D INFO] before sample, target size: 826428, has normal: true
[Open3D INFO] after sample, target size: 400000, has normal: true
[Open3D INFO] source size: 30418, maxpoints_source_: 80000
[Open3D INFO] source size after voxel downsample: 13499
[Open3D INFO] after prerpocess: 13499
[Open3D INFO] reg_result.fitness: 0.973405, eva fitness: 0.989333
[INFO] [1773652537.561420815]: localization cost: 1126.326000 ms
[Open3D INFO] 

time_diff:1.12643 s, localization right now
[Open3D INFO] before sample, target size: 826428, has normal: true
[Open3D INFO] after sample, target size: 400000, has normal: true
[Open3D INFO] source size: 30342, maxpoints_source_: 80000
[Open3D INFO] source size after voxel downsample: 13410
[Open3D INFO] after prerpocess: 13410
[Open3D INFO] reg_result.fitness: 0.971887, eva fitness: 0.989933
[INFO] [1773652538.645532138]: localization cost: 1083.886000 ms
[Open3D INFO] 

time_diff:1.08397 s, localization right now
[Open3D INFO] before sample, target size: 826428, has normal: true
[Open3D INFO] after sample, target size: 400000, has normal: true
[Open3D INFO] source size: 30347, maxpoints_source_: 80000
[Open3D INFO] source size after voxel downsample: 13392
[Open3D INFO] after prerpocess: 13392
[Open3D INFO] reg_result.fitness: 0.975732, eva fitness: 0.991637
[INFO] [1773652539.679111395]: localization cost: 1033.440000 ms
[Open3D INFO] 

time_diff:1.03358 s, localization right now
[Open3D INFO] before sample, target size: 826428, has normal: true
[Open3D INFO] after sample, target size: 400000, has normal: true
[Open3D INFO] source size: 30936, maxpoints_source_: 80000
[Open3D INFO] source size after voxel downsample: 14163
[Open3D INFO] after prerpocess: 14163
[Open3D INFO] reg_result.fitness: 0.959966, eva fitness: 0.976559
[INFO] [1773652540.924217206]: localization cost: 1244.991000 ms
[Open3D INFO] 

time_diff:1.24509 s, localization right now
[Open3D INFO] before sample, target size: 826428, has normal: true
[Open3D INFO] after sample, target size: 400000, has normal: true
[Open3D INFO] source size: 31413, maxpoints_source_: 80000
[Open3D INFO] source size after voxel downsample: 16618
[Open3D INFO] after prerpocess: 16618
[Open3D INFO] reg_result.fitness: 0.960826, eva fitness: 0.978096
[INFO] [1773652542.169107773]: localization cost: 1244.782000 ms
[Open3D INFO] 

time_diff:1.24489 s, localization right now
[Open3D INFO] before sample, target size: 826428, has normal: true
[Open3D INFO] after sample, target size: 400000, has normal: true
[Open3D INFO] source size: 29868, maxpoints_source_: 80000
[Open3D INFO] source size after voxel downsample: 15670
[Open3D INFO] after prerpocess: 15670
[Open3D INFO] reg_result.fitness: 0.963752, eva fitness: 0.978558
[INFO] [1773652543.362835555]: localization cost: 1193.614000 ms
[Open3D INFO] 

time_diff:1.19371 s, localization right now
[Open3D INFO] before sample, target size: 826428, has normal: true
[Open3D INFO] after sample, target size: 400000, has normal: true
[Open3D INFO] source size: 28807, maxpoints_source_: 80000
[Open3D INFO] source size after voxel downsample: 15495
[Open3D INFO] after prerpocess: 15495
[Open3D INFO] reg_result.fitness: 0.966118, eva fitness: 0.97696
[INFO] [1773652544.476218548]: localization cost: 1113.273000 ms
[Open3D INFO] 

time_diff:1.11344 s, localization right now
[Open3D INFO] before sample, target size: 826428, has normal: true
[Open3D INFO] after sample, target size: 400000, has normal: true
[Open3D INFO] source size: 28688, maxpoints_source_: 80000
[Open3D INFO] source size after voxel downsample: 15311
[Open3D INFO] after prerpocess: 15311
[Open3D INFO] reg_result.fitness: 0.976879, eva fitness: 0.981974
[INFO] [1773652545.557846339]: localization cost: 1081.331000 ms
[Open3D INFO] 

time_diff:1.08143 s, localization right now
[Open3D INFO] before sample, target size: 826428, has normal: true
[Open3D INFO] after sample, target size: 400000, has normal: true
[Open3D INFO] source size: 30110, maxpoints_source_: 80000
[Open3D INFO] source size after voxel downsample: 14882
[Open3D INFO] after prerpocess: 14882
[Open3D INFO] reg_result.fitness: 0.973458, eva fitness: 0.978699
[INFO] [1773652546.697334957]: localization cost: 1139.265000 ms
[Open3D INFO] 

time_diff:1.13937 s, localization right now
[Open3D INFO] before sample, target size: 826428, has normal: true
[Open3D INFO] after sample, target size: 400000, has normal: true
[Open3D INFO] source size: 30477, maxpoints_source_: 80000
[Open3D INFO] source size after voxel downsample: 16459
[Open3D INFO] after prerpocess: 16459
[Open3D INFO] reg_result.fitness: 0.973145, eva fitness: 0.981287
[INFO] [1773652547.864721255]: localization cost: 1167.273000 ms
[Open3D INFO] 

time_diff:1.16737 s, localization right now
[Open3D INFO] before sample, target size: 826428, has normal: true
[Open3D INFO] after sample, target size: 400000, has normal: true
[Open3D INFO] source size: 28336, maxpoints_source_: 80000
[Open3D INFO] source size after voxel downsample: 17261
[Open3D INFO] after prerpocess: 17261
[Open3D INFO] reg_result.fitness: 0.950177, eva fitness: 0.968716
[INFO] [1773652549.084644711]: localization cost: 1219.815000 ms
[Open3D INFO] 

time_diff:1.21992 s, localization right now
[Open3D INFO] before sample, target size: 826428, has normal: true
[Open3D INFO] after sample, target size: 400000, has normal: true
[Open3D INFO] source size: 28643, maxpoints_source_: 80000
[Open3D INFO] source size after voxel downsample: 17605
[Open3D INFO] after prerpocess: 17605
[Open3D INFO] reg_result.fitness: 0.967736, eva fitness: 0.976143
[INFO] [1773652550.328124220]: localization cost: 1243.334000 ms
[Open3D INFO] 

time_diff:1.24349 s, localization right now
[Open3D INFO] before sample, target size: 826428, has normal: true
[Open3D INFO] after sample, target size: 400000, has normal: true
[Open3D INFO] source size: 25866, maxpoints_source_: 80000
[Open3D INFO] source size after voxel downsample: 16082
[Open3D INFO] after prerpocess: 16082
[Open3D INFO] reg_result.fitness: 0.963064, eva fitness: 0.971894
[INFO] [1773652551.872840616]: localization cost: 1544.582000 ms
[Open3D INFO] 

time_diff:1.54468 s, localization right now
[Open3D INFO] 
***
****
***


last map update loc: x: 3.58427, y: 0.359676, z0.418182,
                now loc: x: 7.71131, y: 0.479764, z1.93686, 3d distance: 4.39923, now needpdate submap
[INFO] [1773652551.952777902]: submap_cost: 79.629000 ms
[Open3D INFO] before sample, target size: 884866, has normal: true
[Open3D INFO] after sample, target size: 400000, has normal: true
[Open3D INFO] source size: 24657, maxpoints_source_: 80000
[Open3D INFO] source size after voxel downsample: 16679
[Open3D INFO] after prerpocess: 16679
[Open3D INFO] reg_result.fitness: 0.977217, eva fitness: 0.987709
[INFO] [1773652553.370107666]: localization cost: 1497.154000 ms
[Open3D INFO] 

time_diff:1.49727 s, localization right now
[Open3D INFO] before sample, target size: 884866, has normal: true
[Open3D INFO] after sample, target size: 400000, has normal: true
[Open3D INFO] source size: 27438, maxpoints_source_: 80000
[Open3D INFO] source size after voxel downsample: 21333
[Open3D INFO] after prerpocess: 21333
[Open3D INFO] reg_result.fitness: 0.983453, eva fitness: 0.992453
[INFO] [1773652554.954304966]: localization cost: 1584.066000 ms
[Open3D INFO] 

time_diff:1.58418 s, localization right now
[Open3D INFO] before sample, target size: 884866, has normal: true
[Open3D INFO] after sample, target size: 400000, has normal: true
[Open3D INFO] source size: 27946, maxpoints_source_: 80000
[Open3D INFO] source size after voxel downsample: 21630
[Open3D INFO] after prerpocess: 21630
[Open3D INFO] reg_result.fitness: 0.980906, eva fitness: 0.989459
[INFO] [1773652556.675486555]: localization cost: 1721.023000 ms
[Open3D INFO] 

time_diff:1.72121 s, localization right now
[Open3D INFO] before sample, target size: 884866, has normal: true
[Open3D INFO] after sample, target size: 400000, has normal: true
[Open3D INFO] source size: 28294, maxpoints_source_: 80000
[Open3D INFO] source size after voxel downsample: 21267
[Open3D INFO] after prerpocess: 21267
[Open3D INFO] reg_result.fitness: 0.972305, eva fitness: 0.981286
[INFO] [1773652557.970152216]: localization cost: 1294.506000 ms
[Open3D INFO] 

time_diff:1.29459 s, localization right now
[Open3D INFO] before sample, target size: 884866, has normal: true
[Open3D INFO] after sample, target size: 400000, has normal: true
[Open3D INFO] source size: 28500, maxpoints_source_: 80000
[Open3D INFO] source size after voxel downsample: 21865
[Open3D INFO] after prerpocess: 21865
[Open3D INFO] reg_result.fitness: 0.968534, eva fitness: 0.979419
[INFO] [1773652558.940358110]: localization cost: 970.101000 ms
[Open3D INFO] 

time_diff:0.970200 s, localization right now
[Open3D INFO] before sample, target size: 884866, has normal: true
[Open3D INFO] after sample, target size: 400000, has normal: true
[Open3D INFO] source size: 28630, maxpoints_source_: 80000
[Open3D INFO] source size after voxel downsample: 21562
[Open3D INFO] after prerpocess: 21562
[Open3D INFO] reg_result.fitness: 0.966237, eva fitness: 0.980614
[INFO] [1773652560.116515471]: localization cost: 1176.054000 ms
[Open3D INFO] 

time_diff:1.17616 s, localization right now
[Open3D INFO] before sample, target size: 884866, has normal: true
[Open3D INFO] after sample, target size: 400000, has normal: true
[Open3D INFO] source size: 29052, maxpoints_source_: 80000
[Open3D INFO] source size after voxel downsample: 21692
[Open3D INFO] after prerpocess: 21692
[Open3D INFO] reg_result.fitness: 0.971141, eva fitness: 0.987876
[INFO] [1773652561.366206099]: localization cost: 1249.571000 ms
[Open3D INFO] 

time_diff:1.24967 s, localization right now
[Open3D INFO] before sample, target size: 884866, has normal: true
[Open3D INFO] after sample, target size: 400000, has normal: true
[Open3D INFO] source size: 29682, maxpoints_source_: 80000
[Open3D INFO] source size after voxel downsample: 21044
[Open3D INFO] after prerpocess: 21044
[Open3D INFO] reg_result.fitness: 0.967021, eva fitness: 0.985697
[INFO] [1773652562.591504631]: localization cost: 1225.186000 ms
[Open3D INFO] 

time_diff:1.22529 s, localization right now
[Open3D INFO] before sample, target size: 884866, has normal: true
[Open3D INFO] after sample, target size: 400000, has normal: true
[Open3D INFO] source size: 29268, maxpoints_source_: 80000
[Open3D INFO] source size after voxel downsample: 21800
[Open3D INFO] after prerpocess: 21800
[Open3D INFO] reg_result.fitness: 0.971193, eva fitness: 0.992661
[INFO] [1773652564.092718681]: localization cost: 1501.070000 ms
[Open3D INFO] 

time_diff:1.50123 s, localization right now
[Open3D INFO] before sample, target size: 884866, has normal: true
[Open3D INFO] after sample, target size: 400000, has normal: true
[Open3D INFO] source size: 28500, maxpoints_source_: 80000
[Open3D INFO] source size after voxel downsample: 21223
[Open3D INFO] after prerpocess: 21223
[Open3D INFO] reg_result.fitness: 0.969891, eva fitness: 0.992791
[INFO] [1773652565.412556838]: localization cost: 1319.704000 ms
[Open3D INFO] 

time_diff:1.31979 s, localization right now
[Open3D INFO] before sample, target size: 884866, has normal: true
[Open3D INFO] after sample, target size: 400000, has normal: true
[Open3D INFO] source size: 28207, maxpoints_source_: 80000
[Open3D INFO] source size after voxel downsample: 21603
[Open3D INFO] after prerpocess: 21603
[Open3D INFO] reg_result.fitness: 0.969078, eva fitness: 0.991251
[INFO] [1773652566.424196879]: localization cost: 1011.470000 ms
[Open3D INFO] 

time_diff:1.01168 s, localization right now
[Open3D INFO] before sample, target size: 884866, has normal: true
[Open3D INFO] after sample, target size: 400000, has normal: true
[Open3D INFO] source size: 27813, maxpoints_source_: 80000
[Open3D INFO] source size after voxel downsample: 21120
[Open3D INFO] after prerpocess: 21120
[Open3D INFO] reg_result.fitness: 0.973485, eva fitness: 0.98982
[INFO] [1773652568.127620118]: localization cost: 1703.273000 ms
[Open3D INFO] 

time_diff:1.70337 s, localization right now
[Open3D INFO] before sample, target size: 884866, has normal: true
[Open3D INFO] after sample, target size: 400000, has normal: true
[Open3D INFO] source size: 28123, maxpoints_source_: 80000
[Open3D INFO] source size after voxel downsample: 21656
[Open3D INFO] after prerpocess: 21656
[Open3D INFO] reg_result.fitness: 0.982453, eva fitness: 0.992473
[INFO] [1773652569.117858272]: localization cost: 990.132000 ms
[Open3D INFO] 

time_diff:0.990233 s, localization right now
[Open3D INFO] before sample, target size: 884866, has normal: true
[Open3D INFO] after sample, target size: 400000, has normal: true
[Open3D INFO] source size: 28017, maxpoints_source_: 80000
[Open3D INFO] source size after voxel downsample: 21507
[Open3D INFO] after prerpocess: 21507
[Open3D INFO] reg_result.fitness: 0.987678, eva fitness: 0.993909
[INFO] [1773652570.293991171]: localization cost: 1175.999000 ms
[Open3D INFO] 

time_diff:1.17623 s, localization right now
[Open3D INFO] before sample, target size: 884866, has normal: true
[Open3D INFO] after sample, target size: 400000, has normal: true
[Open3D INFO] source size: 26728, maxpoints_source_: 80000
[Open3D INFO] source size after voxel downsample: 21717
[Open3D INFO] after prerpocess: 21717
[Open3D INFO] reg_result.fitness: 0.967675, eva fitness: 0.975641
[INFO] [1773652571.813348058]: localization cost: 1519.064000 ms
[Open3D INFO] 

time_diff:1.51928 s, localization right now
[Open3D INFO] before sample, target size: 884866, has normal: true
[Open3D INFO] after sample, target size: 400000, has normal: true
[Open3D INFO] source size: 24293, maxpoints_source_: 80000
[Open3D INFO] source size after voxel downsample: 19318
[Open3D INFO] after prerpocess: 19318
[Open3D INFO] reg_result.fitness: 0.977327, eva fitness: 0.9868
[INFO] [1773652573.275138539]: localization cost: 1461.620000 ms
[Open3D INFO] 

time_diff:1.46177 s, localization right now
[Open3D INFO] before sample, target size: 884866, has normal: true
[Open3D INFO] after sample, target size: 400000, has normal: true
[Open3D INFO] source size: 23556, maxpoints_source_: 80000
[Open3D INFO] source size after voxel downsample: 19104
[Open3D INFO] after prerpocess: 19104
[Open3D INFO] reg_result.fitness: 0.971158, eva fitness: 0.980109
[INFO] [1773652574.654328039]: localization cost: 1378.857000 ms
[Open3D INFO] 

time_diff:1.37902 s, localization right now
[Open3D INFO] before sample, target size: 884866, has normal: true
[Open3D INFO] after sample, target size: 400000, has normal: true
[Open3D INFO] source size: 22847, maxpoints_source_: 80000
[Open3D INFO] source size after voxel downsample: 19242
[Open3D INFO] after prerpocess: 19242
[Open3D INFO] reg_result.fitness: 0.977497, eva fitness: 0.991009
[INFO] [1773652576.140134704]: localization cost: 1485.638000 ms
[Open3D INFO] 

time_diff:1.4858 s, localization right now
[Open3D INFO] before sample, target size: 884866, has normal: true
[Open3D INFO] after sample, target size: 400000, has normal: true
[Open3D INFO] source size: 25436, maxpoints_source_: 80000
[Open3D INFO] source size after voxel downsample: 21146
[Open3D INFO] after prerpocess: 21146
[Open3D INFO] reg_result.fitness: 0.982030, eva fitness: 0.991913
[INFO] [1773652577.680716193]: localization cost: 1540.443000 ms
[Open3D INFO] 

time_diff:1.54083 s, localization right now
[Open3D INFO] before sample, target size: 884866, has normal: true
[Open3D INFO] after sample, target size: 400000, has normal: true
[Open3D INFO] source size: 27034, maxpoints_source_: 80000
[Open3D INFO] source size after voxel downsample: 20989
[Open3D INFO] after prerpocess: 20989
[Open3D INFO] reg_result.fitness: 0.983134, eva fitness: 0.990376
[INFO] [1773652579.127677255]: localization cost: 1446.540000 ms
[Open3D INFO] 

time_diff:1.44665 s, localization right now
[Open3D INFO] before sample, target size: 884866, has normal: true
[Open3D INFO] after sample, target size: 400000, has normal: true
[Open3D INFO] source size: 27115, maxpoints_source_: 80000
[Open3D INFO] source size after voxel downsample: 20085
[Open3D INFO] after prerpocess: 20085
[Open3D INFO] reg_result.fitness: 0.975902, eva fitness: 0.986955
[INFO] [1773652580.376514658]: localization cost: 1248.718000 ms
[Open3D INFO] 

time_diff:1.24883 s, localization right now
[Open3D INFO] before sample, target size: 884866, has normal: true
[Open3D INFO] after sample, target size: 400000, has normal: true
[Open3D INFO] source size: 25644, maxpoints_source_: 80000
[Open3D INFO] source size after voxel downsample: 18125
[Open3D INFO] after prerpocess: 18125
[Open3D INFO] reg_result.fitness: 0.945103, eva fitness: 0.963366
[INFO] [1773652581.672659391]: localization cost: 1295.780000 ms
[Open3D INFO] 

time_diff:1.29594 s, localization right now
[Open3D INFO] before sample, target size: 884866, has normal: true
[Open3D INFO] after sample, target size: 400000, has normal: true
[Open3D INFO] source size: 27620, maxpoints_source_: 80000
[Open3D INFO] source size after voxel downsample: 18123
[Open3D INFO] after prerpocess: 18123
[Open3D INFO] reg_result.fitness: 0.935772, eva fitness: 0.961044
[INFO] [1773652582.915322736]: localization cost: 1242.339000 ms
[Open3D INFO] 

time_diff:1.24247 s, localization right now
[Open3D INFO] before sample, target size: 884866, has normal: true
[Open3D INFO] after sample, target size: 400000, has normal: true
[Open3D INFO] source size: 29101, maxpoints_source_: 80000
[Open3D INFO] source size after voxel downsample: 17842
[Open3D INFO] after prerpocess: 17842
[Open3D INFO] reg_result.fitness: 0.926354, eva fitness: 0.951687
[INFO] [1773652584.091379730]: localization cost: 1175.918000 ms
[Open3D INFO] 

time_diff:1.17605 s, localization right now
[Open3D INFO] before sample, target size: 884866, has normal: true
[Open3D INFO] after sample, target size: 400000, has normal: true
[Open3D INFO] source size: 27763, maxpoints_source_: 80000
[Open3D INFO] source size after voxel downsample: 17313
[Open3D INFO] after prerpocess: 17313
[Open3D INFO] reg_result.fitness: 0.927915, eva fitness: 0.9572
[INFO] [1773652585.389137202]: localization cost: 1297.629000 ms
[Open3D INFO] 

time_diff:1.29773 s, localization right now
[Open3D INFO] 
***
****
***


last map update loc: x: 7.71131, y: 0.479764, z1.93686,
                now loc: x: 4.38783, y: 0.442491, z0.727708, 3d distance: 3.53679, now needpdate submap
[INFO] [1773652585.477938290]: submap_cost: 88.458000 ms
[Open3D INFO] before sample, target size: 856316, has normal: true
[Open3D INFO] after sample, target size: 400000, has normal: true
[Open3D INFO] source size: 24604, maxpoints_source_: 80000
[Open3D INFO] source size after voxel downsample: 13724
[Open3D INFO] after prerpocess: 13724
[Open3D INFO] reg_result.fitness: 0.935077, eva fitness: 0.964952
[INFO] [1773652586.662448144]: localization cost: 1273.191000 ms
[Open3D INFO] 

time_diff:1.2733 s, localization right now
[Open3D INFO] before sample, target size: 856316, has normal: true
[Open3D INFO] after sample, target size: 400000, has normal: true
[Open3D INFO] source size: 27267, maxpoints_source_: 80000
[Open3D INFO] source size after voxel downsample: 15028
[Open3D INFO] after prerpocess: 15028
[Open3D INFO] reg_result.fitness: 0.966263, eva fitness: 0.984762
[INFO] [1773652587.725307281]: localization cost: 1062.742000 ms
[Open3D INFO] 

time_diff:1.06284 s, localization right now
[Open3D INFO] before sample, target size: 856316, has normal: true
[Open3D INFO] after sample, target size: 400000, has normal: true
[Open3D INFO] source size: 30824, maxpoints_source_: 80000
[Open3D INFO] source size after voxel downsample: 16312
[Open3D INFO] after prerpocess: 16312
[Open3D INFO] reg_result.fitness: 0.938389, eva fitness: 0.969532
[INFO] [1773652588.694125021]: localization cost: 968.723000 ms
[Open3D INFO] 

time_diff:0.968806 s, localization right now
[Open3D INFO] before sample, target size: 856316, has normal: true
[Open3D INFO] after sample, target size: 400000, has normal: true
[Open3D INFO] source size: 33039, maxpoints_source_: 80000
[Open3D INFO] source size after voxel downsample: 16862
[Open3D INFO] after prerpocess: 16862
[Open3D INFO] reg_result.fitness: 0.922785, eva fitness: 0.956589
[INFO] [1773652589.711442436]: localization cost: 1017.217000 ms
[Open3D INFO] 

time_diff:1.01731 s, localization right now
[Open3D INFO] before sample, target size: 856316, has normal: true
[Open3D INFO] after sample, target size: 400000, has normal: true
[Open3D INFO] source size: 33500, maxpoints_source_: 80000
[Open3D INFO] source size after voxel downsample: 16596
[Open3D INFO] after prerpocess: 16596
[Open3D INFO] reg_result.fitness: 0.907086, eva fitness: 0.947096
[INFO] [1773652590.668649868]: localization cost: 957.111000 ms
[Open3D INFO] 

time_diff:0.957196 s, localization right now
[Open3D INFO] before sample, target size: 856316, has normal: true
[Open3D INFO] after sample, target size: 400000, has normal: true
[Open3D INFO] source size: 34426, maxpoints_source_: 80000
[Open3D INFO] source size after voxel downsample: 17613
[Open3D INFO] after prerpocess: 17613
[Open3D INFO] reg_result.fitness: 0.904275, eva fitness: 0.939988
[INFO] [1773652591.572844788]: localization cost: 904.093000 ms
[Open3D INFO] 

time_diff:0.904193 s, localization right now
[Open3D INFO] before sample, target size: 856316, has normal: true
[Open3D INFO] after sample, target size: 400000, has normal: true
[Open3D INFO] source size: 33586, maxpoints_source_: 80000
[Open3D INFO] source size after voxel downsample: 16637
[Open3D INFO] after prerpocess: 16637
[Open3D INFO] reg_result.fitness: 0.906113, eva fitness: 0.942117
[INFO] [1773652592.508322455]: localization cost: 935.378000 ms
[Open3D INFO] 

time_diff:0.935467 s, localization right now
[Open3D INFO] before sample, target size: 856316, has normal: true
[Open3D INFO] after sample, target size: 400000, has normal: true
[Open3D INFO] source size: 32366, maxpoints_source_: 80000
[Open3D INFO] source size after voxel downsample: 17387
[Open3D INFO] after prerpocess: 17387
[Open3D INFO] reg_result.fitness: 0.915224, eva fitness: 0.948582
[INFO] [1773652593.484517480]: localization cost: 976.085000 ms
[Open3D INFO] 

time_diff:0.976204 s, localization right now
[Open3D INFO] before sample, target size: 856316, has normal: true
[Open3D INFO] after sample, target size: 400000, has normal: true
[Open3D INFO] source size: 32294, maxpoints_source_: 80000
[Open3D INFO] source size after voxel downsample: 17693
[Open3D INFO] after prerpocess: 17693
[Open3D INFO] reg_result.fitness: 0.921438, eva fitness: 0.951506
[INFO] [1773652594.446900484]: localization cost: 962.261000 ms
[Open3D INFO] 

time_diff:0.962379 s, localization right now
[Open3D INFO] before sample, target size: 856316, has normal: true
[Open3D INFO] after sample, target size: 400000, has normal: true
[Open3D INFO] source size: 33600, maxpoints_source_: 80000
[Open3D INFO] source size after voxel downsample: 18847
[Open3D INFO] after prerpocess: 18847
[Open3D INFO] reg_result.fitness: 0.926514, eva fitness: 0.95612
[INFO] [1773652595.416548962]: localization cost: 969.519000 ms
[Open3D INFO] 

time_diff:0.969614 s, localization right now
[Open3D INFO] before sample, target size: 856316, has normal: true
[Open3D INFO] after sample, target size: 400000, has normal: true
[Open3D INFO] source size: 33854, maxpoints_source_: 80000
[Open3D INFO] source size after voxel downsample: 18201
[Open3D INFO] after prerpocess: 18201
[Open3D INFO] reg_result.fitness: 0.919345, eva fitness: 0.952145
[INFO] [1773652596.973241691]: localization cost: 1556.588000 ms
[Open3D INFO] 

time_diff:1.55668 s, localization right now
[Open3D INFO] before sample, target size: 856316, has normal: true
[Open3D INFO] after sample, target size: 400000, has normal: true
[Open3D INFO] source size: 33255, maxpoints_source_: 80000
[Open3D INFO] source size after voxel downsample: 17775
[Open3D INFO] after prerpocess: 17775
[Open3D INFO] reg_result.fitness: 0.929001, eva fitness: 0.960338
[INFO] [1773652597.927192027]: localization cost: 953.694000 ms
[Open3D INFO] 

time_diff:0.953794 s, localization right now
[Open3D INFO] before sample, target size: 856316, has normal: true
[Open3D INFO] after sample, target size: 400000, has normal: true
[Open3D INFO] source size: 32836, maxpoints_source_: 80000
[Open3D INFO] source size after voxel downsample: 17789
[Open3D INFO] after prerpocess: 17789
[Open3D INFO] reg_result.fitness: 0.94193, eva fitness: 0.968407
[INFO] [1773652599.008192273]: localization cost: 1080.890000 ms
[Open3D INFO] 

time_diff:1.08099 s, localization right now
[Open3D INFO] before sample, target size: 856316, has normal: true
[Open3D INFO] after sample, target size: 400000, has normal: true
[Open3D INFO] source size: 31603, maxpoints_source_: 80000
[Open3D INFO] source size after voxel downsample: 17327
[Open3D INFO] after prerpocess: 17327
[Open3D INFO] reg_result.fitness: 0.952848, eva fitness: 0.976742
[INFO] [1773652600.140091160]: localization cost: 1131.784000 ms
[Open3D INFO] 

time_diff:1.13189 s, localization right now
[Open3D INFO] before sample, target size: 856316, has normal: true
[Open3D INFO] after sample, target size: 400000, has normal: true
[Open3D INFO] source size: 33072, maxpoints_source_: 80000
[Open3D INFO] source size after voxel downsample: 16546
[Open3D INFO] after prerpocess: 16546
[Open3D INFO] reg_result.fitness: 0.950985, eva fitness: 0.972561
[INFO] [1773652601.395129790]: localization cost: 1254.924000 ms
[Open3D INFO] 

time_diff:1.25503 s, localization right now
[Open3D INFO] before sample, target size: 856316, has normal: true
[Open3D INFO] after sample, target size: 400000, has normal: true
[Open3D INFO] source size: 31691, maxpoints_source_: 80000
[Open3D INFO] source size after voxel downsample: 18640
[Open3D INFO] after prerpocess: 18640
[Open3D INFO] reg_result.fitness: 0.934603, eva fitness: 0.967006
[INFO] [1773652602.633114983]: localization cost: 1237.868000 ms
[Open3D INFO] 

time_diff:1.23797 s, localization right now
[Open3D INFO] before sample, target size: 856316, has normal: true
[Open3D INFO] after sample, target size: 400000, has normal: true
[Open3D INFO] source size: 30377, maxpoints_source_: 80000
[Open3D INFO] source size after voxel downsample: 17064
[Open3D INFO] after prerpocess: 17064
[Open3D INFO] reg_result.fitness: 0.953352, eva fitness: 0.985584
[INFO] [1773652603.643259182]: localization cost: 1010.041000 ms
[Open3D INFO] 

time_diff:1.01013 s, localization right now
[Open3D INFO] before sample, target size: 856316, has normal: true
[Open3D INFO] after sample, target size: 400000, has normal: true
[Open3D INFO] source size: 28071, maxpoints_source_: 80000
[Open3D INFO] source size after voxel downsample: 15616
[Open3D INFO] after prerpocess: 15616
[Open3D INFO] reg_result.fitness: 0.963371, eva fitness: 0.990843
[INFO] [1773652604.635103580]: localization cost: 991.619000 ms
[Open3D INFO] 

time_diff:0.991714 s, localization right now
[Open3D INFO] before sample, target size: 856316, has normal: true
[Open3D INFO] after sample, target size: 400000, has normal: true
[Open3D INFO] source size: 27460, maxpoints_source_: 80000
[Open3D INFO] source size after voxel downsample: 12945
[Open3D INFO] after prerpocess: 12945
[Open3D INFO] reg_result.fitness: 0.967941, eva fitness: 0.98764
[INFO] [1773652605.773076650]: localization cost: 1137.739000 ms
[Open3D INFO] 

time_diff:1.13787 s, localization right now
[Open3D INFO] before sample, target size: 856316, has normal: true
[Open3D INFO] after sample, target size: 400000, has normal: true
[Open3D INFO] source size: 29698, maxpoints_source_: 80000
[Open3D INFO] source size after voxel downsample: 14961
[Open3D INFO] after prerpocess: 14961
[Open3D INFO] reg_result.fitness: 0.970791, eva fitness: 0.989974
[INFO] [1773652606.735166240]: localization cost: 961.837000 ms
[Open3D INFO] 

time_diff:0.961953 s, localization right now
[Open3D INFO] before sample, target size: 856316, has normal: true
[Open3D INFO] after sample, target size: 400000, has normal: true
[Open3D INFO] source size: 28173, maxpoints_source_: 80000
[Open3D INFO] source size after voxel downsample: 16768
[Open3D INFO] after prerpocess: 16768
[Open3D INFO] reg_result.fitness: 0.96553, eva fitness: 0.983659
[INFO] [1773652607.672437835]: localization cost: 937.164000 ms
[Open3D INFO] 

time_diff:0.937257 s, localization right now
[Open3D INFO] before sample, target size: 856316, has normal: true
[Open3D INFO] after sample, target size: 400000, has normal: true
[Open3D INFO] source size: 27142, maxpoints_source_: 80000
[Open3D INFO] source size after voxel downsample: 16169
[Open3D INFO] after prerpocess: 16169
[Open3D INFO] reg_result.fitness: 0.968025, eva fitness: 0.985033
[INFO] [1773652608.662229835]: localization cost: 989.688000 ms
[Open3D INFO] 

time_diff:0.989795 s, localization right now
[Open3D INFO] before sample, target size: 856316, has normal: true
[Open3D INFO] after sample, target size: 400000, has normal: true
[Open3D INFO] source size: 25842, maxpoints_source_: 80000
[Open3D INFO] source size after voxel downsample: 16326
[Open3D INFO] after prerpocess: 16326
[Open3D INFO] reg_result.fitness: 0.966005, eva fitness: 0.987076
[INFO] [1773652609.606158443]: localization cost: 943.814000 ms
[Open3D INFO] 

time_diff:0.943921 s, localization right now
[Open3D INFO] before sample, target size: 856316, has normal: true
[Open3D INFO] after sample, target size: 400000, has normal: true
[Open3D INFO] source size: 26770, maxpoints_source_: 80000
[Open3D INFO] source size after voxel downsample: 15665
[Open3D INFO] after prerpocess: 15665
[Open3D INFO] reg_result.fitness: 0.972231, eva fitness: 0.987105
[INFO] [1773652610.687427623]: localization cost: 1081.105000 ms
[Open3D INFO] 

time_diff:1.0813 s, localization right now
[Open3D INFO] before sample, target size: 856316, has normal: true
[Open3D INFO] after sample, target size: 400000, has normal: true
[Open3D INFO] source size: 28593, maxpoints_source_: 80000
[Open3D INFO] source size after voxel downsample: 14937
[Open3D INFO] after prerpocess: 14937
[Open3D INFO] reg_result.fitness: 0.974359, eva fitness: 0.985205
[INFO] [1773652611.800114177]: localization cost: 1112.399000 ms
[Open3D INFO] 

time_diff:1.11251 s, localization right now
[Open3D INFO] before sample, target size: 856316, has normal: true
[Open3D INFO] after sample, target size: 400000, has normal: true
[Open3D INFO] source size: 30416, maxpoints_source_: 80000
[Open3D INFO] source size after voxel downsample: 16282
[Open3D INFO] after prerpocess: 16282
[Open3D INFO] reg_result.fitness: 0.967633, eva fitness: 0.985444
[INFO] [1773652613.055688915]: localization cost: 1255.466000 ms
[Open3D INFO] 

time_diff:1.25556 s, localization right now
[Open3D INFO] before sample, target size: 856316, has normal: true
[Open3D INFO] after sample, target size: 400000, has normal: true
[Open3D INFO] source size: 27438, maxpoints_source_: 80000
[Open3D INFO] source size after voxel downsample: 17001
[Open3D INFO] after prerpocess: 17001
[Open3D INFO] reg_result.fitness: 0.968708, eva fitness: 0.98453
[INFO] [1773652614.235628939]: localization cost: 1179.841000 ms
[Open3D INFO] 

time_diff:1.18013 s, localization right now
[Open3D INFO] before sample, target size: 856316, has normal: true
[Open3D INFO] after sample, target size: 400000, has normal: true
[Open3D INFO] source size: 25086, maxpoints_source_: 80000
[Open3D INFO] source size after voxel downsample: 15754
[Open3D INFO] after prerpocess: 15754
[Open3D INFO] reg_result.fitness: 0.971055, eva fitness: 0.984004
[INFO] [1773652615.409319736]: localization cost: 1173.380000 ms
[Open3D INFO] 

time_diff:1.17352 s, localization right now
[Open3D INFO] 
***
****
***


last map update loc: x: 4.38783, y: 0.442491, z0.727708,
                now loc: x: 7.86547, y: 0.56975, z1.94767, 3d distance: 3.68761, now needpdate submap
[INFO] [1773652615.479149776]: submap_cost: 69.478000 ms
[Open3D INFO] before sample, target size: 886587, has normal: true
[Open3D INFO] after sample, target size: 400000, has normal: true
[Open3D INFO] source size: 24813, maxpoints_source_: 80000
[Open3D INFO] source size after voxel downsample: 17555
[Open3D INFO] after prerpocess: 17555
[Open3D INFO] reg_result.fitness: 0.978012, eva fitness: 0.990829
[INFO] [1773652616.578113943]: localization cost: 1168.642000 ms
[Open3D INFO] 

time_diff:1.16874 s, localization right now
[Open3D INFO] before sample, target size: 886587, has normal: true
[Open3D INFO] after sample, target size: 400000, has normal: true
[Open3D INFO] source size: 28007, maxpoints_source_: 80000
[Open3D INFO] source size after voxel downsample: 21307
[Open3D INFO] after prerpocess: 21307
[Open3D INFO] reg_result.fitness: 0.983245, eva fitness: 0.991693
[INFO] [1773652617.687583753]: localization cost: 1109.370000 ms
[Open3D INFO] 

time_diff:1.10946 s, localization right now
[Open3D INFO] before sample, target size: 886587, has normal: true
[Open3D INFO] after sample, target size: 400000, has normal: true
[Open3D INFO] source size: 28349, maxpoints_source_: 80000
[Open3D INFO] source size after voxel downsample: 21677
[Open3D INFO] after prerpocess: 21677
[Open3D INFO] reg_result.fitness: 0.985561, eva fitness: 0.992342
[INFO] [1773652618.674342245]: localization cost: 986.656000 ms
[Open3D INFO] 

time_diff:0.986752 s, localization right now
[Open3D INFO] before sample, target size: 886587, has normal: true
[Open3D INFO] after sample, target size: 400000, has normal: true
[Open3D INFO] source size: 28283, maxpoints_source_: 80000
[Open3D INFO] source size after voxel downsample: 21388
[Open3D INFO] after prerpocess: 21388
[Open3D INFO] reg_result.fitness: 0.983682, eva fitness: 0.991163
[INFO] [1773652619.986645451]: localization cost: 1312.133000 ms
[Open3D INFO] 

time_diff:1.31234 s, localization right now
[Open3D INFO] before sample, target size: 886587, has normal: true
[Open3D INFO] after sample, target size: 400000, has normal: true
[Open3D INFO] source size: 27893, maxpoints_source_: 80000
[Open3D INFO] source size after voxel downsample: 22426
[Open3D INFO] after prerpocess: 22426
[Open3D INFO] reg_result.fitness: 0.984482, eva fitness: 0.990413
[INFO] [1773652621.582862935]: localization cost: 1596.060000 ms
[Open3D INFO] 

time_diff:1.59619 s, localization right now
[Open3D INFO] before sample, target size: 886587, has normal: true
[Open3D INFO] after sample, target size: 400000, has normal: true
[Open3D INFO] source size: 24644, maxpoints_source_: 80000
[Open3D INFO] source size after voxel downsample: 19815
[Open3D INFO] after prerpocess: 19815
[Open3D INFO] reg_result.fitness: 0.975675, eva fitness: 0.987333
[INFO] [1773652623.083493547]: localization cost: 1500.455000 ms
[Open3D INFO] 

time_diff:1.50063 s, localization right now
[Open3D INFO] before sample, target size: 886587, has normal: true
[Open3D INFO] after sample, target size: 400000, has normal: true
[Open3D INFO] source size: 24046, maxpoints_source_: 80000
[Open3D INFO] source size after voxel downsample: 19368
[Open3D INFO] after prerpocess: 19368
[Open3D INFO] reg_result.fitness: 0.979812, eva fitness: 0.993391
[INFO] [1773652624.722124491]: localization cost: 1637.650000 ms
[Open3D INFO] 

time_diff:1.63782 s, localization right now
[Open3D INFO] before sample, target size: 886587, has normal: true
[Open3D INFO] after sample, target size: 400000, has normal: true
[Open3D INFO] source size: 23309, maxpoints_source_: 80000
[Open3D INFO] source size after voxel downsample: 19227
[Open3D INFO] after prerpocess: 19227
[Open3D INFO] reg_result.fitness: 0.979456, eva fitness: 0.988766
[INFO] [1773652626.274165084]: localization cost: 1551.830000 ms
[Open3D INFO] 

time_diff:1.55203 s, localization right now
[Open3D INFO] before sample, target size: 886587, has normal: true
[Open3D INFO] after sample, target size: 400000, has normal: true
[Open3D INFO] source size: 24062, maxpoints_source_: 80000
[Open3D INFO] source size after voxel downsample: 20300
[Open3D INFO] after prerpocess: 20300
[Open3D INFO] reg_result.fitness: 0.9767, eva fitness: 0.987685
[INFO] [1773652627.766472498]: localization cost: 1492.149000 ms
[Open3D INFO] 

time_diff:1.49225 s, localization right now
[Open3D INFO] before sample, target size: 886587, has normal: true
[Open3D INFO] after sample, target size: 400000, has normal: true
[Open3D INFO] source size: 26604, maxpoints_source_: 80000
[Open3D INFO] source size after voxel downsample: 21608
[Open3D INFO] after prerpocess: 21608
[Open3D INFO] reg_result.fitness: 0.984311, eva fitness: 0.9944
[INFO] [1773652629.144328181]: localization cost: 1377.745000 ms
[Open3D INFO] 

time_diff:1.37784 s, localization right now
[Open3D INFO] before sample, target size: 886587, has normal: true
[Open3D INFO] after sample, target size: 400000, has normal: true
[Open3D INFO] source size: 27029, maxpoints_source_: 80000
[Open3D INFO] source size after voxel downsample: 20485
[Open3D INFO] after prerpocess: 20485
[Open3D INFO] reg_result.fitness: 0.983793, eva fitness: 0.992775
[INFO] [1773652630.294713760]: localization cost: 1150.252000 ms
[Open3D INFO] 

time_diff:1.15041 s, localization right now
[Open3D INFO] before sample, target size: 886587, has normal: true
[Open3D INFO] after sample, target size: 400000, has normal: true
[Open3D INFO] source size: 26569, maxpoints_source_: 80000
[Open3D INFO] source size after voxel downsample: 19738
[Open3D INFO] after prerpocess: 19738
[Open3D INFO] reg_result.fitness: 0.967018, eva fitness: 0.981102
[INFO] [1773652631.603291790]: localization cost: 1308.428000 ms
[Open3D INFO] 

time_diff:1.30855 s, localization right now
[Open3D INFO] before sample, target size: 886587, has normal: true
[Open3D INFO] after sample, target size: 400000, has normal: true
[Open3D INFO] source size: 25973, maxpoints_source_: 80000
[Open3D INFO] source size after voxel downsample: 17888
[Open3D INFO] after prerpocess: 17888
[Open3D INFO] reg_result.fitness: 0.943202, eva fitness: 0.963216
[INFO] [1773652632.798805104]: localization cost: 1195.241000 ms
[Open3D INFO] 

time_diff:1.19535 s, localization right now
[Open3D INFO] before sample, target size: 886587, has normal: true
[Open3D INFO] after sample, target size: 400000, has normal: true
[Open3D INFO] source size: 28396, maxpoints_source_: 80000
[Open3D INFO] source size after voxel downsample: 18730
[Open3D INFO] after prerpocess: 18730
[Open3D INFO] reg_result.fitness: 0.922424, eva fitness: 0.945008
[INFO] [1773652634.155872383]: localization cost: 1356.945000 ms
[Open3D INFO] 

time_diff:1.35705 s, localization right now
[Open3D INFO] before sample, target size: 886587, has normal: true
[Open3D INFO] after sample, target size: 400000, has normal: true
[Open3D INFO] source size: 27503, maxpoints_source_: 80000
[Open3D INFO] source size after voxel downsample: 17335
[Open3D INFO] after prerpocess: 17335
[Open3D INFO] reg_result.fitness: 0.927315, eva fitness: 0.954947
[INFO] [1773652635.249176240]: localization cost: 1093.192000 ms
[Open3D INFO] 

time_diff:1.09329 s, localization right now
[Open3D INFO] before sample, target size: 886587, has normal: true
[Open3D INFO] after sample, target size: 400000, has normal: true
[Open3D INFO] source size: 25543, maxpoints_source_: 80000
[Open3D INFO] source size after voxel downsample: 15195
[Open3D INFO] after prerpocess: 15195
[Open3D INFO] reg_result.fitness: 0.925897, eva fitness: 0.954459
[INFO] [1773652636.376588303]: localization cost: 1127.294000 ms
[Open3D INFO] 

time_diff:1.12741 s, localization right now
[Open3D INFO] before sample, target size: 886587, has normal: true
[Open3D INFO] after sample, target size: 400000, has normal: true
[Open3D INFO] source size: 26131, maxpoints_source_: 80000
[Open3D INFO] source size after voxel downsample: 14487
[Open3D INFO] after prerpocess: 14487
[Open3D INFO] reg_result.fitness: 0.921309, eva fitness: 0.952509
[INFO] [1773652637.631062975]: localization cost: 1254.339000 ms
[Open3D INFO] 

time_diff:1.25447 s, localization right now
[Open3D INFO] before sample, target size: 886587, has normal: true
[Open3D INFO] after sample, target size: 400000, has normal: true
[Open3D INFO] source size: 26932, maxpoints_source_: 80000
[Open3D INFO] source size after voxel downsample: 14851
[Open3D INFO] after prerpocess: 14851
[Open3D INFO] reg_result.fitness: 0.921217, eva fitness: 0.961417
[INFO] [1773652638.589742335]: localization cost: 958.551000 ms
[Open3D INFO] 

time_diff:0.958703 s, localization right now
[Open3D INFO] before sample, target size: 886587, has normal: true
[Open3D INFO] after sample, target size: 400000, has normal: true
[Open3D INFO] source size: 30278, maxpoints_source_: 80000
[Open3D INFO] source size after voxel downsample: 16721
[Open3D INFO] after prerpocess: 16721
[Open3D INFO] reg_result.fitness: 0.925423, eva fitness: 0.962861
[INFO] [1773652639.582356198]: localization cost: 992.446000 ms
[Open3D INFO] 

time_diff:0.992626 s, localization right now
[Open3D INFO] 
***
****
***


last map update loc: x: 7.86547, y: 0.56975, z1.94767,
                now loc: x: 4.12293, y: 0.400590, z0.599719, 3d distance: 3.98148, now needpdate submap
[INFO] [1773652639.670260395]: submap_cost: 87.386000 ms
[Open3D INFO] before sample, target size: 846259, has normal: true
[Open3D INFO] after sample, target size: 400000, has normal: true
[Open3D INFO] source size: 31929, maxpoints_source_: 80000
[Open3D INFO] source size after voxel downsample: 17937
[Open3D INFO] after prerpocess: 17937
[Open3D INFO] reg_result.fitness: 0.935719, eva fitness: 0.963874
[INFO] [1773652640.926845547]: localization cost: 1344.280000 ms
[Open3D INFO] 

time_diff:1.34444 s, localization right now
[Open3D INFO] before sample, target size: 846259, has normal: true
[Open3D INFO] after sample, target size: 400000, has normal: true
[Open3D INFO] source size: 31628, maxpoints_source_: 80000
[Open3D INFO] source size after voxel downsample: 17539
[Open3D INFO] after prerpocess: 17539
[Open3D INFO] reg_result.fitness: 0.933349, eva fitness: 0.961856
[INFO] [1773652642.154185879]: localization cost: 1227.174000 ms
[Open3D INFO] 

time_diff:1.22728 s, localization right now
[Open3D INFO] before sample, target size: 846259, has normal: true
[Open3D INFO] after sample, target size: 400000, has normal: true
[Open3D INFO] source size: 30831, maxpoints_source_: 80000
[Open3D INFO] source size after voxel downsample: 15504
[Open3D INFO] after prerpocess: 15504
[Open3D INFO] reg_result.fitness: 0.927245, eva fitness: 0.962010
[INFO] [1773652643.327948915]: localization cost: 1173.657000 ms
[Open3D INFO] 

time_diff:1.17374 s, localization right now
[Open3D INFO] before sample, target size: 846259, has normal: true
[Open3D INFO] after sample, target size: 400000, has normal: true
[Open3D INFO] source size: 31133, maxpoints_source_: 80000
[Open3D INFO] source size after voxel downsample: 13959
[Open3D INFO] after prerpocess: 13959
[Open3D INFO] reg_result.fitness: 0.922917, eva fitness: 0.96196
[INFO] [1773652644.304766818]: localization cost: 976.723000 ms
[Open3D INFO] 

time_diff:0.976825 s, localization right now
[Open3D INFO] before sample, target size: 846259, has normal: true
[Open3D INFO] after sample, target size: 400000, has normal: true
[Open3D INFO] source size: 32496, maxpoints_source_: 80000
[Open3D INFO] source size after voxel downsample: 16384
[Open3D INFO] after prerpocess: 16384
[Open3D INFO] reg_result.fitness: 0.913574, eva fitness: 0.953796
[INFO] [1773652645.365563747]: localization cost: 1060.678000 ms
[Open3D INFO] 

time_diff:1.06079 s, localization right now
[Open3D INFO] before sample, target size: 846259, has normal: true
[Open3D INFO] after sample, target size: 400000, has normal: true
[Open3D INFO] source size: 32958, maxpoints_source_: 80000
[Open3D INFO] source size after voxel downsample: 17018
[Open3D INFO] after prerpocess: 17018
[Open3D INFO] reg_result.fitness: 0.914914, eva fitness: 0.949465
[INFO] [1773652646.588979449]: localization cost: 1223.275000 ms
[Open3D INFO] 

time_diff:1.2234 s, localization right now
[Open3D INFO] before sample, target size: 846259, has normal: true
[Open3D INFO] after sample, target size: 400000, has normal: true
[Open3D INFO] source size: 32673, maxpoints_source_: 80000
[Open3D INFO] source size after voxel downsample: 15188
[Open3D INFO] after prerpocess: 15188
[Open3D INFO] reg_result.fitness: 0.888267, eva fitness: 0.926521
[INFO] [1773652647.787686183]: localization cost: 1198.588000 ms
[Open3D INFO] 

time_diff:1.1987 s, localization right now
[Open3D INFO] before sample, target size: 846259, has normal: true
[Open3D INFO] after sample, target size: 400000, has normal: true
[Open3D INFO] source size: 32012, maxpoints_source_: 80000
[Open3D INFO] source size after voxel downsample: 17013
[Open3D INFO] after prerpocess: 17013
[Open3D INFO] reg_result.fitness: 0.896197, eva fitness: 0.930524
[INFO] [1773652649.022822586]: localization cost: 1235.015000 ms
[Open3D INFO] 

time_diff:1.23514 s, localization right now
[Open3D INFO] before sample, target size: 846259, has normal: true
[Open3D INFO] after sample, target size: 400000, has normal: true
[Open3D INFO] source size: 33545, maxpoints_source_: 80000
[Open3D INFO] source size after voxel downsample: 18517
[Open3D INFO] after prerpocess: 18517
[Open3D INFO] reg_result.fitness: 0.893827, eva fitness: 0.927904
[INFO] [1773652650.189574252]: localization cost: 1166.635000 ms
[Open3D INFO] 

time_diff:1.16673 s, localization right now
[Open3D INFO] before sample, target size: 846259, has normal: true
[Open3D INFO] after sample, target size: 400000, has normal: true
[Open3D INFO] source size: 33904, maxpoints_source_: 80000
[Open3D INFO] source size after voxel downsample: 18347
[Open3D INFO] after prerpocess: 18347
[Open3D INFO] reg_result.fitness: 0.903963, eva fitness: 0.937755
[INFO] [1773652651.276235809]: localization cost: 1086.550000 ms
[Open3D INFO] 

time_diff:1.08666 s, localization right now
[Open3D INFO] before sample, target size: 846259, has normal: true
[Open3D INFO] after sample, target size: 400000, has normal: true
[Open3D INFO] source size: 33761, maxpoints_source_: 80000
[Open3D INFO] source size after voxel downsample: 18188
[Open3D INFO] after prerpocess: 18188
[Open3D INFO] reg_result.fitness: 0.912085, eva fitness: 0.945843
[INFO] [1773652652.371805928]: localization cost: 1095.452000 ms
[Open3D INFO] 

time_diff:1.09555 s, localization right now
[Open3D INFO] before sample, target size: 846259, has normal: true
[Open3D INFO] after sample, target size: 400000, has normal: true
[Open3D INFO] source size: 33284, maxpoints_source_: 80000
[Open3D INFO] source size after voxel downsample: 17577
[Open3D INFO] after prerpocess: 17577
[Open3D INFO] reg_result.fitness: 0.926893, eva fitness: 0.960175
[INFO] [1773652653.419368050]: localization cost: 1047.425000 ms
[Open3D INFO] 

time_diff:1.04758 s, localization right now
[Open3D INFO] before sample, target size: 846259, has normal: true
[Open3D INFO] after sample, target size: 400000, has normal: true
[Open3D INFO] source size: 32606, maxpoints_source_: 80000
[Open3D INFO] source size after voxel downsample: 17389
[Open3D INFO] after prerpocess: 17389
[Open3D INFO] reg_result.fitness: 0.929036, eva fitness: 0.957042
[INFO] [1773652654.565704318]: localization cost: 1146.196000 ms
[Open3D INFO] 

time_diff:1.1463 s, localization right now
[Open3D INFO] before sample, target size: 846259, has normal: true
[Open3D INFO] after sample, target size: 400000, has normal: true
[Open3D INFO] source size: 31884, maxpoints_source_: 80000
[Open3D INFO] source size after voxel downsample: 16933
[Open3D INFO] after prerpocess: 16933
[Open3D INFO] reg_result.fitness: 0.950747, eva fitness: 0.970649
[INFO] [1773652655.678124644]: localization cost: 1112.293000 ms
[Open3D INFO] 

time_diff:1.11241 s, localization right now
[Open3D INFO] before sample, target size: 846259, has normal: true
[Open3D INFO] after sample, target size: 400000, has normal: true
[Open3D INFO] source size: 32338, maxpoints_source_: 80000
[Open3D INFO] source size after voxel downsample: 17992
[Open3D INFO] after prerpocess: 17992
[Open3D INFO] reg_result.fitness: 0.915518, eva fitness: 0.946254
[INFO] [1773652656.844608876]: localization cost: 1166.360000 ms
[Open3D INFO] 

time_diff:1.16647 s, localization right now
[Open3D INFO] before sample, target size: 846259, has normal: true
[Open3D INFO] after sample, target size: 400000, has normal: true
[Open3D INFO] source size: 31056, maxpoints_source_: 80000
[Open3D INFO] source size after voxel downsample: 18127
[Open3D INFO] after prerpocess: 18127
[Open3D INFO] reg_result.fitness: 0.908810, eva fitness: 0.951785
[INFO] [1773652658.036046182]: localization cost: 1191.317000 ms
[Open3D INFO] 

time_diff:1.19142 s, localization right now
[Open3D INFO] before sample, target size: 846259, has normal: true
[Open3D INFO] after sample, target size: 400000, has normal: true
[Open3D INFO] source size: 30315, maxpoints_source_: 80000
[Open3D INFO] source size after voxel downsample: 15377
[Open3D INFO] after prerpocess: 15377
[Open3D INFO] reg_result.fitness: 0.947909, eva fitness: 0.977629
[INFO] [1773652659.248358807]: localization cost: 1212.201000 ms
[Open3D INFO] 

time_diff:1.21231 s, localization right now
[Open3D INFO] before sample, target size: 846259, has normal: true
[Open3D INFO] after sample, target size: 400000, has normal: true
[Open3D INFO] source size: 26600, maxpoints_source_: 80000
[Open3D INFO] source size after voxel downsample: 11337
[Open3D INFO] after prerpocess: 11337
[Open3D INFO] reg_result.fitness: 0.964717, eva fitness: 0.981653
[INFO] [1773652660.415163115]: localization cost: 1166.689000 ms
[Open3D INFO] 

time_diff:1.1668 s, localization right now
[Open3D INFO] before sample, target size: 846259, has normal: true
[Open3D INFO] after sample, target size: 400000, has normal: true
[Open3D INFO] source size: 25781, maxpoints_source_: 80000
[Open3D INFO] source size after voxel downsample: 12229
[Open3D INFO] after prerpocess: 12229
[Open3D INFO] reg_result.fitness: 0.965492, eva fitness: 0.985199
[INFO] [1773652661.330821644]: localization cost: 915.538000 ms
[Open3D INFO] 

time_diff:0.91565 s, localization right now
[Open3D INFO] before sample, target size: 846259, has normal: true
[Open3D INFO] after sample, target size: 400000, has normal: true
[Open3D INFO] source size: 26856, maxpoints_source_: 80000
[Open3D INFO] source size after voxel downsample: 12609
[Open3D INFO] after prerpocess: 12609
[Open3D INFO] reg_result.fitness: 0.970894, eva fitness: 0.986914
[INFO] [1773652662.504410785]: localization cost: 1173.484000 ms
[Open3D INFO] 

time_diff:1.17357 s, localization right now
[Open3D INFO] before sample, target size: 846259, has normal: true
[Open3D INFO] after sample, target size: 400000, has normal: true
[Open3D INFO] source size: 29298, maxpoints_source_: 80000
[Open3D INFO] source size after voxel downsample: 15983
[Open3D INFO] after prerpocess: 15983
[Open3D INFO] reg_result.fitness: 0.97172, eva fitness: 0.987925
[INFO] [1773652663.461865075]: localization cost: 957.358000 ms
[Open3D INFO] 

time_diff:0.957447 s, localization right now
[Open3D INFO] before sample, target size: 846259, has normal: true
[Open3D INFO] after sample, target size: 400000, has normal: true
[Open3D INFO] source size: 26523, maxpoints_source_: 80000
[Open3D INFO] source size after voxel downsample: 15694
[Open3D INFO] after prerpocess: 15694
[Open3D INFO] reg_result.fitness: 0.971327, eva fitness: 0.98783
[INFO] [1773652664.443281265]: localization cost: 981.315000 ms
[Open3D INFO] 

time_diff:0.981413 s, localization right now
[Open3D INFO] before sample, target size: 846259, has normal: true
[Open3D INFO] after sample, target size: 400000, has normal: true
[Open3D INFO] source size: 27398, maxpoints_source_: 80000
[Open3D INFO] source size after voxel downsample: 13591
[Open3D INFO] after prerpocess: 13591
[Open3D INFO] reg_result.fitness: 0.976676, eva fitness: 0.989625
[INFO] [1773652665.525161329]: localization cost: 1081.769000 ms
[Open3D INFO] 

time_diff:1.08187 s, localization right now
[Open3D INFO] before sample, target size: 846259, has normal: true
[Open3D INFO] after sample, target size: 400000, has normal: true
[Open3D INFO] source size: 27864, maxpoints_source_: 80000
[Open3D INFO] source size after voxel downsample: 14099
[Open3D INFO] after prerpocess: 14099
[Open3D INFO] reg_result.fitness: 0.980424, eva fitness: 0.990212
[INFO] [1773652666.487914155]: localization cost: 962.645000 ms
[Open3D INFO] 

time_diff:0.962741 s, localization right now
[Open3D INFO] before sample, target size: 846259, has normal: true
[Open3D INFO] after sample, target size: 400000, has normal: true
[Open3D INFO] source size: 29131, maxpoints_source_: 80000
[Open3D INFO] source size after voxel downsample: 16838
[Open3D INFO] after prerpocess: 16838
[Open3D INFO] reg_result.fitness: 0.974403, eva fitness: 0.989488
[INFO] [1773652667.483113908]: localization cost: 995.092000 ms
[Open3D INFO] 

time_diff:0.995511 s, localization right now
[Open3D INFO] before sample, target size: 846259, has normal: true
[Open3D INFO] after sample, target size: 400000, has normal: true
[Open3D INFO] source size: 25376, maxpoints_source_: 80000
[Open3D INFO] source size after voxel downsample: 15463
[Open3D INFO] after prerpocess: 15463
[Open3D INFO] reg_result.fitness: 0.968376, eva fitness: 0.991011
[INFO] [1773652668.471657825]: localization cost: 987.922000 ms
[Open3D INFO] 

time_diff:0.988006 s, localization right now
[Open3D INFO] before sample, target size: 846259, has normal: true
[Open3D INFO] after sample, target size: 400000, has normal: true
[Open3D INFO] source size: 27086, maxpoints_source_: 80000
[Open3D INFO] source size after voxel downsample: 13825
[Open3D INFO] after prerpocess: 13825
[Open3D INFO] reg_result.fitness: 0.968174, eva fitness: 0.98821
[INFO] [1773652669.397084532]: localization cost: 925.330000 ms
[Open3D INFO] 

time_diff:0.925427 s, localization right now
[Open3D INFO] before sample, target size: 846259, has normal: true
[Open3D INFO] after sample, target size: 400000, has normal: true
[Open3D INFO] source size: 27736, maxpoints_source_: 80000
[Open3D INFO] source size after voxel downsample: 13935
[Open3D INFO] after prerpocess: 13935
[Open3D INFO] reg_result.fitness: 0.969573, eva fitness: 0.986939
[INFO] [1773652670.333848533]: localization cost: 936.658000 ms
[Open3D INFO] 

time_diff:0.936761 s, localization right now
[Open3D INFO] before sample, target size: 846259, has normal: true
[Open3D INFO] after sample, target size: 400000, has normal: true
[Open3D INFO] source size: 27458, maxpoints_source_: 80000
[Open3D INFO] source size after voxel downsample: 16164
[Open3D INFO] after prerpocess: 16164
[Open3D INFO] reg_result.fitness: 0.97346, eva fitness: 0.983606
[INFO] [1773652671.321251574]: localization cost: 987.300000 ms
[Open3D INFO] 

time_diff:0.987387 s, localization right now
[Open3D INFO] before sample, target size: 846259, has normal: true
[Open3D INFO] after sample, target size: 400000, has normal: true
[Open3D INFO] source size: 27767, maxpoints_source_: 80000
[Open3D INFO] source size after voxel downsample: 17193
[Open3D INFO] after prerpocess: 17193
[Open3D INFO] reg_result.fitness: 0.965626, eva fitness: 0.974699
[INFO] [1773652672.579803105]: localization cost: 1258.452000 ms
[Open3D INFO] 

time_diff:1.25877 s, localization right now
[Open3D INFO] before sample, target size: 846259, has normal: true
[Open3D INFO] after sample, target size: 400000, has normal: true
[Open3D INFO] source size: 25536, maxpoints_source_: 80000
[Open3D INFO] source size after voxel downsample: 15576
[Open3D INFO] after prerpocess: 15576
[Open3D INFO] reg_result.fitness: 0.963148, eva fitness: 0.984977
[INFO] [1773652673.780008744]: localization cost: 1199.712000 ms
[Open3D INFO] 

time_diff:1.19981 s, localization right now
[Open3D INFO] before sample, target size: 846259, has normal: true
[Open3D INFO] after sample, target size: 400000, has normal: true
[Open3D INFO] source size: 24746, maxpoints_source_: 80000
[Open3D INFO] source size after voxel downsample: 15591
[Open3D INFO] after prerpocess: 15591
[Open3D INFO] reg_result.fitness: 0.967096, eva fitness: 0.98172
[INFO] [1773652674.944098741]: localization cost: 1163.978000 ms
[Open3D INFO] 

time_diff:1.16408 s, localization right now
[Open3D INFO] before sample, target size: 846259, has normal: true
[Open3D INFO] after sample, target size: 400000, has normal: true
[Open3D INFO] source size: 27077, maxpoints_source_: 80000
[Open3D INFO] source size after voxel downsample: 15612
[Open3D INFO] after prerpocess: 15612
[Open3D INFO] reg_result.fitness: 0.970920, eva fitness: 0.985076
[INFO] [1773652676.164863399]: localization cost: 1220.464000 ms
[Open3D INFO] 

time_diff:1.22061 s, localization right now
[Open3D INFO] 
***
****
***


last map update loc: x: 4.12293, y: 0.400590, z0.599719,
                now loc: x: 7.43757, y: 0.434789, z1.88669, 3d distance: 3.55588, now needpdate submap
[INFO] [1773652676.250191530]: submap_cost: 84.833000 ms
[Open3D INFO] before sample, target size: 900549, has normal: true
[Open3D INFO] after sample, target size: 400000, has normal: true
[Open3D INFO] source size: 27440, maxpoints_source_: 80000
[Open3D INFO] source size after voxel downsample: 18387
[Open3D INFO] after prerpocess: 18387
[Open3D INFO] reg_result.fitness: 0.98537, eva fitness: 0.996574
[INFO] [1773652677.507499366]: localization cost: 1342.497000 ms
[Open3D INFO] 

time_diff:1.3426 s, localization right now
[Open3D INFO] before sample, target size: 900549, has normal: true
[Open3D INFO] after sample, target size: 400000, has normal: true
[Open3D INFO] source size: 26805, maxpoints_source_: 80000
[Open3D INFO] source size after voxel downsample: 18869
[Open3D INFO] after prerpocess: 18869
[Open3D INFO] reg_result.fitness: 0.984896, eva fitness: 0.996237
[INFO] [1773652678.641165521]: localization cost: 1133.519000 ms
[Open3D INFO] 

time_diff:1.1337 s, localization right now
[Open3D INFO] before sample, target size: 900549, has normal: true
[Open3D INFO] after sample, target size: 400000, has normal: true
[Open3D INFO] source size: 29080, maxpoints_source_: 80000
[Open3D INFO] source size after voxel downsample: 21620
[Open3D INFO] after prerpocess: 21620
[Open3D INFO] reg_result.fitness: 0.985939, eva fitness: 0.993895
[INFO] [1773652680.210248443]: localization cost: 1568.843000 ms
[Open3D INFO] 

time_diff:1.56912 s, localization right now
[Open3D INFO] before sample, target size: 900549, has normal: true
[Open3D INFO] after sample, target size: 400000, has normal: true
[Open3D INFO] source size: 28364, maxpoints_source_: 80000
[Open3D INFO] source size after voxel downsample: 21205
[Open3D INFO] after prerpocess: 21205
[Open3D INFO] reg_result.fitness: 0.982551, eva fitness: 0.995803
[INFO] [1773652681.466861469]: localization cost: 1256.412000 ms
[Open3D INFO] 

time_diff:1.25653 s, localization right now
[Open3D INFO] before sample, target size: 900549, has normal: true
[Open3D INFO] after sample, target size: 400000, has normal: true
[Open3D INFO] source size: 28415, maxpoints_source_: 80000
[Open3D INFO] source size after voxel downsample: 21104
[Open3D INFO] after prerpocess: 21104
[Open3D INFO] reg_result.fitness: 0.986306, eva fitness: 0.994219
[INFO] [1773652682.450651797]: localization cost: 983.655000 ms
[Open3D INFO] 

time_diff:0.983766 s, localization right now
[Open3D INFO] before sample, target size: 900549, has normal: true
[Open3D INFO] after sample, target size: 400000, has normal: true
[Open3D INFO] source size: 28232, maxpoints_source_: 80000
[Open3D INFO] source size after voxel downsample: 20813
[Open3D INFO] after prerpocess: 20813
[Open3D INFO] reg_result.fitness: 0.985826, eva fitness: 0.993946
[INFO] [1773652683.433604045]: localization cost: 982.844000 ms
[Open3D INFO] 

time_diff:0.982941 s, localization right now
[Open3D INFO] before sample, target size: 900549, has normal: true
[Open3D INFO] after sample, target size: 400000, has normal: true
[Open3D INFO] source size: 28261, maxpoints_source_: 80000
[Open3D INFO] source size after voxel downsample: 20994
[Open3D INFO] after prerpocess: 20994
[Open3D INFO] reg_result.fitness: 0.986139, eva fitness: 0.993808
[INFO] [1773652684.433889591]: localization cost: 1000.173000 ms
[Open3D INFO] 

time_diff:1.00028 s, localization right now
[Open3D INFO] before sample, target size: 900549, has normal: true
[Open3D INFO] after sample, target size: 400000, has normal: true
[Open3D INFO] source size: 28272, maxpoints_source_: 80000
[Open3D INFO] source size after voxel downsample: 20878
[Open3D INFO] after prerpocess: 20878
[Open3D INFO] reg_result.fitness: 0.984817, eva fitness: 0.993294
[INFO] [1773652685.653735110]: localization cost: 1219.723000 ms
[Open3D INFO] 

time_diff:1.22016 s, localization right now
[Open3D INFO] before sample, target size: 900549, has normal: true
[Open3D INFO] after sample, target size: 400000, has normal: true
[Open3D INFO] source size: 28124, maxpoints_source_: 80000
[Open3D INFO] source size after voxel downsample: 21070
[Open3D INFO] after prerpocess: 21070
[Open3D INFO] reg_result.fitness: 0.983863, eva fitness: 0.993545
[INFO] [1773652686.834286244]: localization cost: 1179.894000 ms
[Open3D INFO] 

time_diff:1.18 s, localization right now
[Open3D INFO] before sample, target size: 900549, has normal: true
[Open3D INFO] after sample, target size: 400000, has normal: true
[Open3D INFO] source size: 27961, maxpoints_source_: 80000
[Open3D INFO] source size after voxel downsample: 20964
[Open3D INFO] after prerpocess: 20964
[Open3D INFO] reg_result.fitness: 0.984068, eva fitness: 0.993417
[INFO] [1773652688.460457634]: localization cost: 1626.034000 ms
[Open3D INFO] 

time_diff:1.62619 s, localization right now
[Open3D INFO] before sample, target size: 900549, has normal: true
[Open3D INFO] after sample, target size: 400000, has normal: true
[Open3D INFO] source size: 25278, maxpoints_source_: 80000
[Open3D INFO] source size after voxel downsample: 20156
[Open3D INFO] after prerpocess: 20156
[Open3D INFO] reg_result.fitness: 0.977575, eva fitness: 0.989879
[INFO] [1773652689.676443263]: localization cost: 1215.844000 ms
[Open3D INFO] 

time_diff:1.21595 s, localization right now
[Open3D INFO] before sample, target size: 900549, has normal: true
[Open3D INFO] after sample, target size: 400000, has normal: true
[Open3D INFO] source size: 24184, maxpoints_source_: 80000
[Open3D INFO] source size after voxel downsample: 18500
[Open3D INFO] after prerpocess: 18500
[Open3D INFO] reg_result.fitness: 0.98227, eva fitness: 0.991838
[INFO] [1773652690.863350509]: localization cost: 1186.806000 ms
[Open3D INFO] 

time_diff:1.1869 s, localization right now
[Open3D INFO] before sample, target size: 900549, has normal: true
[Open3D INFO] after sample, target size: 400000, has normal: true
[Open3D INFO] source size: 23928, maxpoints_source_: 80000
[Open3D INFO] source size after voxel downsample: 18997
[Open3D INFO] after prerpocess: 18997
[Open3D INFO] reg_result.fitness: 0.979102, eva fitness: 0.989946
[INFO] [1773652691.846114015]: localization cost: 982.662000 ms
[Open3D INFO] 

time_diff:0.982758 s, localization right now
[Open3D INFO] before sample, target size: 900549, has normal: true
[Open3D INFO] after sample, target size: 400000, has normal: true
[Open3D INFO] source size: 24035, maxpoints_source_: 80000
[Open3D INFO] source size after voxel downsample: 19279
[Open3D INFO] after prerpocess: 19279
[Open3D INFO] reg_result.fitness: 0.978111, eva fitness: 0.985373
[INFO] [1773652692.871357467]: localization cost: 1025.134000 ms
[Open3D INFO] 

time_diff:1.02523 s, localization right now
[Open3D INFO] before sample, target size: 900549, has normal: true
[Open3D INFO] after sample, target size: 400000, has normal: true
[Open3D INFO] source size: 23682, maxpoints_source_: 80000
[Open3D INFO] source size after voxel downsample: 19591
[Open3D INFO] after prerpocess: 19591
[Open3D INFO] reg_result.fitness: 0.976622, eva fitness: 0.986116
[INFO] [1773652693.832985227]: localization cost: 961.524000 ms
[Open3D INFO] 

time_diff:0.961617 s, localization right now
[Open3D INFO] before sample, target size: 900549, has normal: true
[Open3D INFO] after sample, target size: 400000, has normal: true
[Open3D INFO] source size: 25403, maxpoints_source_: 80000
[Open3D INFO] source size after voxel downsample: 20546
[Open3D INFO] after prerpocess: 20546
[Open3D INFO] reg_result.fitness: 0.980580, eva fitness: 0.990996
[INFO] [1773652695.030202406]: localization cost: 1197.093000 ms
[Open3D INFO] 

time_diff:1.19722 s, localization right now
[Open3D INFO] before sample, target size: 900549, has normal: true
[Open3D INFO] after sample, target size: 400000, has normal: true
[Open3D INFO] source size: 27439, maxpoints_source_: 80000
[Open3D INFO] source size after voxel downsample: 21349
[Open3D INFO] after prerpocess: 21349
[Open3D INFO] reg_result.fitness: 0.984168, eva fitness: 0.992646
[INFO] [1773652696.495187391]: localization cost: 1464.860000 ms
[Open3D INFO] 

time_diff:1.46497 s, localization right now
[Open3D INFO] before sample, target size: 900549, has normal: true
[Open3D INFO] after sample, target size: 400000, has normal: true
[Open3D INFO] source size: 27461, maxpoints_source_: 80000
[Open3D INFO] source size after voxel downsample: 19827
[Open3D INFO] after prerpocess: 19827
[Open3D INFO] reg_result.fitness: 0.978212, eva fitness: 0.985525
[INFO] [1773652697.693831492]: localization cost: 1198.541000 ms
[Open3D INFO] 

time_diff:1.19862 s, localization right now
[Open3D INFO] before sample, target size: 900549, has normal: true
[Open3D INFO] after sample, target size: 400000, has normal: true
[Open3D INFO] source size: 25412, maxpoints_source_: 80000
[Open3D INFO] source size after voxel downsample: 18369
[Open3D INFO] after prerpocess: 18369
[Open3D INFO] reg_result.fitness: 0.967227, eva fitness: 0.978877
[INFO] [1773652698.692529056]: localization cost: 998.603000 ms
[Open3D INFO] 

time_diff:0.99869 s, localization right now
[Open3D INFO] before sample, target size: 900549, has normal: true
[Open3D INFO] after sample, target size: 400000, has normal: true
[Open3D INFO] source size: 24429, maxpoints_source_: 80000
[Open3D INFO] source size after voxel downsample: 16512
[Open3D INFO] after prerpocess: 16512
[Open3D INFO] reg_result.fitness: 0.967781, eva fitness: 0.984738
[INFO] [1773652699.635033929]: localization cost: 942.413000 ms
[Open3D INFO] 

time_diff:0.9425 s, localization right now
[Open3D INFO] before sample, target size: 900549, has normal: true
[Open3D INFO] after sample, target size: 400000, has normal: true
[Open3D INFO] source size: 26679, maxpoints_source_: 80000
[Open3D INFO] source size after voxel downsample: 18185
[Open3D INFO] after prerpocess: 18185
[Open3D INFO] reg_result.fitness: 0.974924, eva fitness: 0.987517
[INFO] [1773652700.655023198]: localization cost: 1019.885000 ms
[Open3D INFO] 

time_diff:1.02004 s, localization right now
[Open3D INFO] before sample, target size: 900549, has normal: true
[Open3D INFO] after sample, target size: 400000, has normal: true
[Open3D INFO] source size: 24297, maxpoints_source_: 80000
[Open3D INFO] source size after voxel downsample: 16317
[Open3D INFO] after prerpocess: 16317
[Open3D INFO] reg_result.fitness: 0.969664, eva fitness: 0.982595
[INFO] [1773652701.935806441]: localization cost: 1280.509000 ms
[Open3D INFO] 

time_diff:1.28103 s, localization right now
[Open3D INFO] before sample, target size: 900549, has normal: true
[Open3D INFO] after sample, target size: 400000, has normal: true
[Open3D INFO] source size: 27877, maxpoints_source_: 80000
[Open3D INFO] source size after voxel downsample: 18377
[Open3D INFO] after prerpocess: 18377
[Open3D INFO] reg_result.fitness: 0.971105, eva fitness: 0.98743
[INFO] [1773652703.174690207]: localization cost: 1238.369000 ms
[Open3D INFO] 

time_diff:1.2385 s, localization right now
[Open3D INFO] before sample, target size: 900549, has normal: true
[Open3D INFO] after sample, target size: 400000, has normal: true
[Open3D INFO] source size: 29053, maxpoints_source_: 80000
[Open3D INFO] source size after voxel downsample: 17966
[Open3D INFO] after prerpocess: 17966
[Open3D INFO] reg_result.fitness: 0.958477, eva fitness: 0.987142
[INFO] [1773652704.393655413]: localization cost: 1218.834000 ms
[Open3D INFO] 

time_diff:1.21894 s, localization right now
[Open3D INFO] before sample, target size: 900549, has normal: true
[Open3D INFO] after sample, target size: 400000, has normal: true
[Open3D INFO] source size: 29741, maxpoints_source_: 80000
[Open3D INFO] source size after voxel downsample: 17826
[Open3D INFO] after prerpocess: 17826
[Open3D INFO] reg_result.fitness: 0.942556, eva fitness: 0.979019
[INFO] [1773652705.485506867]: localization cost: 1091.368000 ms
[Open3D INFO] 

time_diff:1.09148 s, localization right now
[Open3D INFO] before sample, target size: 900549, has normal: true
[Open3D INFO] after sample, target size: 400000, has normal: true
[Open3D INFO] source size: 29375, maxpoints_source_: 80000
[Open3D INFO] source size after voxel downsample: 16899
[Open3D INFO] after prerpocess: 16899
[Open3D INFO] reg_result.fitness: 0.951476, eva fitness: 0.979348
[INFO] [1773652706.588240359]: localization cost: 1102.615000 ms
[Open3D INFO] 

time_diff:1.10271 s, localization right now
[Open3D INFO] 
***
****
***


last map update loc: x: 7.43757, y: 0.434789, z1.88669,
                now loc: x: 4.13621, y: -0.0395178, z0.59149, 3d distance: 3.57792, now needpdate submap
[INFO] [1773652706.654757050]: submap_cost: 66.065000 ms
[Open3D INFO] before sample, target size: 843811, has normal: true
[Open3D INFO] after sample, target size: 400000, has normal: true
[Open3D INFO] source size: 31189, maxpoints_source_: 80000
[Open3D INFO] source size after voxel downsample: 17340
[Open3D INFO] after prerpocess: 17340
[Open3D INFO] reg_result.fitness: 0.957555, eva fitness: 0.981546
[INFO] [1773652707.724013675]: localization cost: 1135.539000 ms
[Open3D INFO] 

time_diff:1.13566 s, localization right now
[Open3D INFO] before sample, target size: 843811, has normal: true
[Open3D INFO] after sample, target size: 400000, has normal: true
[Open3D INFO] source size: 30006, maxpoints_source_: 80000
[Open3D INFO] source size after voxel downsample: 15901
[Open3D INFO] after prerpocess: 15901
[Open3D INFO] reg_result.fitness: 0.939375, eva fitness: 0.970694
[INFO] [1773652708.862770376]: localization cost: 1138.638000 ms
[Open3D INFO] 

time_diff:1.13875 s, localization right now
[Open3D INFO] before sample, target size: 843811, has normal: true
[Open3D INFO] after sample, target size: 400000, has normal: true
[Open3D INFO] source size: 30424, maxpoints_source_: 80000
[Open3D INFO] source size after voxel downsample: 15383
[Open3D INFO] after prerpocess: 15383
[Open3D INFO] reg_result.fitness: 0.943119, eva fitness: 0.973282
[INFO] [1773652709.970579207]: localization cost: 1107.689000 ms
[Open3D INFO] 

time_diff:1.10780 s, localization right now
[Open3D INFO] before sample, target size: 843811, has normal: true
[Open3D INFO] after sample, target size: 400000, has normal: true
[Open3D INFO] source size: 30956, maxpoints_source_: 80000
[Open3D INFO] source size after voxel downsample: 15171
[Open3D INFO] after prerpocess: 15171
[Open3D INFO] reg_result.fitness: 0.944104, eva fitness: 0.973568
[INFO] [1773652711.071470545]: localization cost: 1100.769000 ms
[Open3D INFO] 

time_diff:1.10088 s, localization right now
[Open3D INFO] before sample, target size: 843811, has normal: true
[Open3D INFO] after sample, target size: 400000, has normal: true
[Open3D INFO] source size: 28551, maxpoints_source_: 80000
[Open3D INFO] source size after voxel downsample: 14714
[Open3D INFO] after prerpocess: 14714
[Open3D INFO] reg_result.fitness: 0.952494, eva fitness: 0.97832
[INFO] [1773652712.271166272]: localization cost: 1199.573000 ms
[Open3D INFO] 

time_diff:1.19972 s, localization right now
[Open3D INFO] before sample, target size: 843811, has normal: true
[Open3D INFO] after sample, target size: 400000, has normal: true
[Open3D INFO] source size: 31412, maxpoints_source_: 80000
[Open3D INFO] source size after voxel downsample: 15311
[Open3D INFO] after prerpocess: 15311
[Open3D INFO] reg_result.fitness: 0.932989, eva fitness: 0.959637
[INFO] [1773652713.335169086]: localization cost: 1063.852000 ms
[Open3D INFO] 

time_diff:1.06394 s, localization right now
[Open3D INFO] before sample, target size: 843811, has normal: true
[Open3D INFO] after sample, target size: 400000, has normal: true
[Open3D INFO] source size: 32320, maxpoints_source_: 80000
[Open3D INFO] source size after voxel downsample: 17547
[Open3D INFO] after prerpocess: 17547
[Open3D INFO] reg_result.fitness: 0.935716, eva fitness: 0.963071
[INFO] [1773652714.341930495]: localization cost: 1006.656000 ms
[Open3D INFO] 

time_diff:1.00675 s, localization right now
[Open3D INFO] before sample, target size: 843811, has normal: true
[Open3D INFO] after sample, target size: 400000, has normal: true
[Open3D INFO] source size: 33429, maxpoints_source_: 80000
[Open3D INFO] source size after voxel downsample: 17503
[Open3D INFO] after prerpocess: 17503
[Open3D INFO] reg_result.fitness: 0.940410, eva fitness: 0.96732
[INFO] [1773652715.267011724]: localization cost: 924.966000 ms
[Open3D INFO] 

time_diff:0.925065 s, localization right now
[Open3D INFO] before sample, target size: 843811, has normal: true
[Open3D INFO] after sample, target size: 400000, has normal: true
[Open3D INFO] source size: 33696, maxpoints_source_: 80000
[Open3D INFO] source size after voxel downsample: 17342
[Open3D INFO] after prerpocess: 17342
[Open3D INFO] reg_result.fitness: 0.924807, eva fitness: 0.95681
[INFO] [1773652716.227459846]: localization cost: 960.345000 ms
[Open3D INFO] 

time_diff:0.960437 s, localization right now
[Open3D INFO] before sample, target size: 843811, has normal: true
[Open3D INFO] after sample, target size: 400000, has normal: true
[Open3D INFO] source size: 32788, maxpoints_source_: 80000
[Open3D INFO] source size after voxel downsample: 16116
[Open3D INFO] after prerpocess: 16116
[Open3D INFO] reg_result.fitness: 0.922065, eva fitness: 0.953214
[INFO] [1773652717.170534823]: localization cost: 942.978000 ms
[Open3D INFO] 

time_diff:0.943061 s, localization right now
[Open3D INFO] before sample, target size: 843811, has normal: true
[Open3D INFO] after sample, target size: 400000, has normal: true
[Open3D INFO] source size: 32275, maxpoints_source_: 80000
[Open3D INFO] source size after voxel downsample: 16098
[Open3D INFO] after prerpocess: 16098
[Open3D INFO] reg_result.fitness: 0.914896, eva fitness: 0.947447
[INFO] [1773652718.150662905]: localization cost: 980.023000 ms
[Open3D INFO] 

time_diff:0.980130 s, localization right now
[Open3D INFO] before sample, target size: 843811, has normal: true
[Open3D INFO] after sample, target size: 400000, has normal: true
[Open3D INFO] source size: 31953, maxpoints_source_: 80000
[Open3D INFO] source size after voxel downsample: 17905
[Open3D INFO] after prerpocess: 17905
[Open3D INFO] reg_result.fitness: 0.919073, eva fitness: 0.947445
[INFO] [1773652719.189789135]: localization cost: 1039.024000 ms
[Open3D INFO] 

time_diff:1.03911 s, localization right now
[Open3D INFO] before sample, target size: 843811, has normal: true
[Open3D INFO] after sample, target size: 400000, has normal: true
[Open3D INFO] source size: 33538, maxpoints_source_: 80000
[Open3D INFO] source size after voxel downsample: 18654
[Open3D INFO] after prerpocess: 18654
[Open3D INFO] reg_result.fitness: 0.941514, eva fitness: 0.965745
[INFO] [1773652720.407944324]: localization cost: 1218.047000 ms
[Open3D INFO] 

time_diff:1.21815 s, localization right now
[Open3D INFO] before sample, target size: 843811, has normal: true
[Open3D INFO] after sample, target size: 400000, has normal: true
[Open3D INFO] source size: 33592, maxpoints_source_: 80000
[Open3D INFO] source size after voxel downsample: 18371
[Open3D INFO] after prerpocess: 18371
[Open3D INFO] reg_result.fitness: 0.930652, eva fitness: 0.957868
[INFO] [1773652721.657993115]: localization cost: 1249.936000 ms
[Open3D INFO] 

time_diff:1.25004 s, localization right now
[Open3D INFO] before sample, target size: 843811, has normal: true
[Open3D INFO] after sample, target size: 400000, has normal: true
[Open3D INFO] source size: 33287, maxpoints_source_: 80000
[Open3D INFO] source size after voxel downsample: 17767
[Open3D INFO] after prerpocess: 17767
[Open3D INFO] reg_result.fitness: 0.930714, eva fitness: 0.960770
[INFO] [1773652722.583393716]: localization cost: 925.294000 ms
[Open3D INFO] 

time_diff:0.925386 s, localization right now
[Open3D INFO] before sample, target size: 843811, has normal: true
[Open3D INFO] after sample, target size: 400000, has normal: true
[Open3D INFO] source size: 33271, maxpoints_source_: 80000
[Open3D INFO] source size after voxel downsample: 17994
[Open3D INFO] after prerpocess: 17994
[Open3D INFO] reg_result.fitness: 0.934867, eva fitness: 0.962098
[INFO] [1773652723.534458838]: localization cost: 950.963000 ms
[Open3D INFO] 

time_diff:0.951052 s, localization right now
[Open3D INFO] before sample, target size: 843811, has normal: true
[Open3D INFO] after sample, target size: 400000, has normal: true
[Open3D INFO] source size: 32469, maxpoints_source_: 80000
[Open3D INFO] source size after voxel downsample: 17430
[Open3D INFO] after prerpocess: 17430
[Open3D INFO] reg_result.fitness: 0.941767, eva fitness: 0.964888
[INFO] [1773652724.519858332]: localization cost: 985.296000 ms
[Open3D INFO] 

time_diff:0.985398 s, localization right now
[Open3D INFO] before sample, target size: 843811, has normal: true
[Open3D INFO] after sample, target size: 400000, has normal: true
[Open3D INFO] source size: 32716, maxpoints_source_: 80000
[Open3D INFO] source size after voxel downsample: 17295
[Open3D INFO] after prerpocess: 17295
[Open3D INFO] reg_result.fitness: 0.962128, eva fitness: 0.980110
[INFO] [1773652725.467395695]: localization cost: 947.422000 ms
[Open3D INFO] 

time_diff:0.947523 s, localization right now
[Open3D INFO] before sample, target size: 843811, has normal: true
[Open3D INFO] after sample, target size: 400000, has normal: true
[Open3D INFO] source size: 33958, maxpoints_source_: 80000
[Open3D INFO] source size after voxel downsample: 17165
[Open3D INFO] after prerpocess: 17165
[Open3D INFO] reg_result.fitness: 0.935334, eva fitness: 0.956773
[INFO] [1773652726.476485134]: localization cost: 1008.991000 ms
[Open3D INFO] 

time_diff:1.00908 s, localization right now
[Open3D INFO] before sample, target size: 843811, has normal: true
[Open3D INFO] after sample, target size: 400000, has normal: true
[Open3D INFO] source size: 33056, maxpoints_source_: 80000
[Open3D INFO] source size after voxel downsample: 17874
[Open3D INFO] after prerpocess: 17874
[Open3D INFO] reg_result.fitness: 0.914736, eva fitness: 0.947242
[INFO] [1773652727.416323724]: localization cost: 939.732000 ms
[Open3D INFO] 

time_diff:0.939829 s, localization right now
[Open3D INFO] before sample, target size: 843811, has normal: true
[Open3D INFO] after sample, target size: 400000, has normal: true
[Open3D INFO] source size: 31905, maxpoints_source_: 80000
[Open3D INFO] source size after voxel downsample: 16301
[Open3D INFO] after prerpocess: 16301
[Open3D INFO] reg_result.fitness: 0.923563, eva fitness: 0.957058
[INFO] [1773652728.449457841]: localization cost: 1033.039000 ms
[Open3D INFO] 

time_diff:1.03312 s, localization right now
[Open3D INFO] before sample, target size: 843811, has normal: true
[Open3D INFO] after sample, target size: 400000, has normal: true
[Open3D INFO] source size: 28011, maxpoints_source_: 80000
[Open3D INFO] source size after voxel downsample: 15367
[Open3D INFO] after prerpocess: 15367
[Open3D INFO] reg_result.fitness: 0.950804, eva fitness: 0.972669
[INFO] [1773652729.405617823]: localization cost: 956.055000 ms
[Open3D INFO] 

time_diff:0.956163 s, localization right now
[Open3D INFO] before sample, target size: 843811, has normal: true
[Open3D INFO] after sample, target size: 400000, has normal: true
[Open3D INFO] source size: 28900, maxpoints_source_: 80000
[Open3D INFO] source size after voxel downsample: 14461
[Open3D INFO] after prerpocess: 14461
[Open3D INFO] reg_result.fitness: 0.950211, eva fitness: 0.975105
[INFO] [1773652730.538125408]: localization cost: 1132.386000 ms
[Open3D INFO] 

time_diff:1.1325 s, localization right now
[Open3D INFO] before sample, target size: 843811, has normal: true
[Open3D INFO] after sample, target size: 400000, has normal: true
[Open3D INFO] source size: 23705, maxpoints_source_: 80000
[Open3D INFO] source size after voxel downsample: 14867
[Open3D INFO] after prerpocess: 14867
[Open3D INFO] reg_result.fitness: 0.969328, eva fitness: 0.990785
[INFO] [1773652731.833224555]: localization cost: 1294.977000 ms
[Open3D INFO] 

time_diff:1.29508 s, localization right now
[Open3D INFO] before sample, target size: 843811, has normal: true
[Open3D INFO] after sample, target size: 400000, has normal: true
[Open3D INFO] source size: 26095, maxpoints_source_: 80000
[Open3D INFO] source size after voxel downsample: 12947
[Open3D INFO] after prerpocess: 12947
[Open3D INFO] reg_result.fitness: 0.969491, eva fitness: 0.992122
[INFO] [1773652733.050760679]: localization cost: 1217.421000 ms
[Open3D INFO] 

time_diff:1.21752 s, localization right now
[Open3D INFO] before sample, target size: 843811, has normal: true
[Open3D INFO] after sample, target size: 400000, has normal: true
[Open3D INFO] source size: 28447, maxpoints_source_: 80000
[Open3D INFO] source size after voxel downsample: 15795
[Open3D INFO] after prerpocess: 15795
[Open3D INFO] reg_result.fitness: 0.969864, eva fitness: 0.991833
[INFO] [1773652734.229805367]: localization cost: 1178.901000 ms
[Open3D INFO] 

time_diff:1.17903 s, localization right now
[Open3D INFO] before sample, target size: 843811, has normal: true
[Open3D INFO] after sample, target size: 400000, has normal: true
[Open3D INFO] source size: 27538, maxpoints_source_: 80000
[Open3D INFO] source size after voxel downsample: 15422
[Open3D INFO] after prerpocess: 15422
[Open3D INFO] reg_result.fitness: 0.970691, eva fitness: 0.991052
[INFO] [1773652735.401725481]: localization cost: 1171.776000 ms
[Open3D INFO] 

time_diff:1.17191 s, localization right now
[Open3D INFO] before sample, target size: 843811, has normal: true
[Open3D INFO] after sample, target size: 400000, has normal: true
[Open3D INFO] source size: 26857, maxpoints_source_: 80000
[Open3D INFO] source size after voxel downsample: 16090
[Open3D INFO] after prerpocess: 16090
[Open3D INFO] reg_result.fitness: 0.95463, eva fitness: 0.965507
[INFO] [1773652736.750859600]: localization cost: 1348.971000 ms
[Open3D INFO] 

time_diff:1.34916 s, localization right now
[Open3D INFO] before sample, target size: 843811, has normal: true
[Open3D INFO] after sample, target size: 400000, has normal: true
[Open3D INFO] source size: 27190, maxpoints_source_: 80000
[Open3D INFO] source size after voxel downsample: 15881
[Open3D INFO] after prerpocess: 15881
[Open3D INFO] reg_result.fitness: 0.952585, eva fitness: 0.96669
[INFO] [1773652738.070117638]: localization cost: 1319.076000 ms
[Open3D INFO] 

time_diff:1.3192 s, localization right now
[Open3D INFO] before sample, target size: 843811, has normal: true
[Open3D INFO] after sample, target size: 400000, has normal: true
[Open3D INFO] source size: 25621, maxpoints_source_: 80000
[Open3D INFO] source size after voxel downsample: 14740
[Open3D INFO] after prerpocess: 14740
[Open3D INFO] reg_result.fitness: 0.968318, eva fitness: 0.983921
[INFO] [1773652739.069651428]: localization cost: 999.414000 ms
[Open3D INFO] 

time_diff:0.999501 s, localization right now
[Open3D INFO] before sample, target size: 843811, has normal: true
[Open3D INFO] after sample, target size: 400000, has normal: true
[Open3D INFO] source size: 24971, maxpoints_source_: 80000
[Open3D INFO] source size after voxel downsample: 12908
[Open3D INFO] after prerpocess: 12908
[Open3D INFO] reg_result.fitness: 0.961032, eva fitness: 0.982337
[INFO] [1773652740.114832462]: localization cost: 1045.021000 ms
[Open3D INFO] 

time_diff:1.04526 s, localization right now
[Open3D INFO] before sample, target size: 843811, has normal: true
[Open3D INFO] after sample, target size: 400000, has normal: true
[Open3D INFO] source size: 25323, maxpoints_source_: 80000
[Open3D INFO] source size after voxel downsample: 12385
[Open3D INFO] after prerpocess: 12385
[Open3D INFO] reg_result.fitness: 0.958094, eva fitness: 0.974566
[INFO] [1773652741.246504270]: localization cost: 1131.474000 ms
[Open3D INFO] 

time_diff:1.13156 s, localization right now
[Open3D INFO] before sample, target size: 843811, has normal: true
[Open3D INFO] after sample, target size: 400000, has normal: true
[Open3D INFO] source size: 25926, maxpoints_source_: 80000
[Open3D INFO] source size after voxel downsample: 13447
[Open3D INFO] after prerpocess: 13447
[Open3D INFO] reg_result.fitness: 0.955232, eva fitness: 0.970997
[INFO] [1773652742.138171067]: localization cost: 891.565000 ms
[Open3D INFO] 

time_diff:0.891658 s, localization right now
[Open3D INFO] before sample, target size: 843811, has normal: true
[Open3D INFO] after sample, target size: 400000, has normal: true
[Open3D INFO] source size: 26039, maxpoints_source_: 80000
[Open3D INFO] source size after voxel downsample: 16047
[Open3D INFO] after prerpocess: 16047
[Open3D INFO] reg_result.fitness: 0.965726, eva fitness: 0.98143
[INFO] [1773652743.064050087]: localization cost: 925.786000 ms
[Open3D INFO] 

time_diff:0.925871 s, localization right now
[Open3D INFO] 
***
****
***


last map update loc: x: 4.13621, y: -0.0395178, z0.59149,
                now loc: x: 7.83069, y: 0.535878, z1.94154, 3d distance: 3.97529, now needpdate submap
[INFO] [1773652743.133381003]: submap_cost: 69.017000 ms
[Open3D INFO] before sample, target size: 889082, has normal: true
[Open3D INFO] after sample, target size: 400000, has normal: true
[Open3D INFO] source size: 26487, maxpoints_source_: 80000
[Open3D INFO] source size after voxel downsample: 17530
[Open3D INFO] after prerpocess: 17530
[Open3D INFO] reg_result.fitness: 0.97587, eva fitness: 0.991329
[INFO] [1773652744.483118347]: localization cost: 1418.956000 ms
[Open3D INFO] 

time_diff:1.41907 s, localization right now
[Open3D INFO] before sample, target size: 889082, has normal: true
[Open3D INFO] after sample, target size: 400000, has normal: true
[Open3D INFO] source size: 27880, maxpoints_source_: 80000
[Open3D INFO] source size after voxel downsample: 20424
[Open3D INFO] after prerpocess: 20424
[Open3D INFO] reg_result.fitness: 0.973903, eva fitness: 0.990697
[INFO] [1773652745.872597672]: localization cost: 1389.370000 ms
[Open3D INFO] 

time_diff:1.38946 s, localization right now
[Open3D INFO] before sample, target size: 889082, has normal: true
[Open3D INFO] after sample, target size: 400000, has normal: true
[Open3D INFO] source size: 27766, maxpoints_source_: 80000
[Open3D INFO] source size after voxel downsample: 21075
[Open3D INFO] after prerpocess: 21075
[Open3D INFO] reg_result.fitness: 0.977983, eva fitness: 0.992313
[INFO] [1773652747.113172515]: localization cost: 1240.470000 ms
[Open3D INFO] 

time_diff:1.24057 s, localization right now
[Open3D INFO] before sample, target size: 889082, has normal: true
[Open3D INFO] after sample, target size: 400000, has normal: true
[Open3D INFO] source size: 28161, maxpoints_source_: 80000
[Open3D INFO] source size after voxel downsample: 20901
[Open3D INFO] after prerpocess: 20901
[Open3D INFO] reg_result.fitness: 0.974164, eva fitness: 0.992441
[INFO] [1773652748.574316674]: localization cost: 1461.035000 ms
[Open3D INFO] 

time_diff:1.46113 s, localization right now
[Open3D INFO] before sample, target size: 889082, has normal: true
[Open3D INFO] after sample, target size: 400000, has normal: true
[Open3D INFO] source size: 28246, maxpoints_source_: 80000
[Open3D INFO] source size after voxel downsample: 20674
[Open3D INFO] after prerpocess: 20674
[Open3D INFO] reg_result.fitness: 0.980023, eva fitness: 0.995115
[INFO] [1773652750.091295014]: localization cost: 1516.843000 ms
[Open3D INFO] 

time_diff:1.517 s, localization right now
[Open3D INFO] before sample, target size: 889082, has normal: true
[Open3D INFO] after sample, target size: 400000, has normal: true
[Open3D INFO] source size: 28699, maxpoints_source_: 80000
[Open3D INFO] source size after voxel downsample: 21266
[Open3D INFO] after prerpocess: 21266
[Open3D INFO] reg_result.fitness: 0.969952, eva fitness: 0.991912
[INFO] [1773652751.531946381]: localization cost: 1440.493000 ms
[Open3D INFO] 

time_diff:1.44062 s, localization right now
[Open3D INFO] before sample, target size: 889082, has normal: true
[Open3D INFO] after sample, target size: 400000, has normal: true
[Open3D INFO] source size: 28008, maxpoints_source_: 80000
[Open3D INFO] source size after voxel downsample: 21042
[Open3D INFO] after prerpocess: 21042
[Open3D INFO] reg_result.fitness: 0.971248, eva fitness: 0.990590
[INFO] [1773652752.755204975]: localization cost: 1222.971000 ms
[Open3D INFO] 

time_diff:1.22307 s, localization right now
[Open3D INFO] before sample, target size: 889082, has normal: true
[Open3D INFO] after sample, target size: 400000, has normal: true
[Open3D INFO] source size: 27964, maxpoints_source_: 80000
[Open3D INFO] source size after voxel downsample: 21057
[Open3D INFO] after prerpocess: 21057
[Open3D INFO] reg_result.fitness: 0.978819, eva fitness: 0.994919
[INFO] [1773652753.718864523]: localization cost: 963.539000 ms
[Open3D INFO] 

time_diff:0.963674 s, localization right now
[Open3D INFO] before sample, target size: 889082, has normal: true
[Open3D INFO] after sample, target size: 400000, has normal: true
[Open3D INFO] source size: 28040, maxpoints_source_: 80000
[Open3D INFO] source size after voxel downsample: 21051
[Open3D INFO] after prerpocess: 21051
[Open3D INFO] reg_result.fitness: 0.977863, eva fitness: 0.993397
[INFO] [1773652754.876812491]: localization cost: 1157.803000 ms
[Open3D INFO] 

time_diff:1.15794 s, localization right now
[Open3D INFO] before sample, target size: 889082, has normal: true
[Open3D INFO] after sample, target size: 400000, has normal: true
[Open3D INFO] source size: 28145, maxpoints_source_: 80000
[Open3D INFO] source size after voxel downsample: 21174
[Open3D INFO] after prerpocess: 21174
[Open3D INFO] reg_result.fitness: 0.976339, eva fitness: 0.994994
[INFO] [1773652756.238305123]: localization cost: 1361.365000 ms
[Open3D INFO] 

time_diff:1.36146 s, localization right now
[Open3D INFO] before sample, target size: 889082, has normal: true
[Open3D INFO] after sample, target size: 400000, has normal: true
[Open3D INFO] source size: 27642, maxpoints_source_: 80000
[Open3D INFO] source size after voxel downsample: 20927
[Open3D INFO] after prerpocess: 20927
[Open3D INFO] reg_result.fitness: 0.977159, eva fitness: 0.994457
[INFO] [1773652757.482670550]: localization cost: 1244.256000 ms
[Open3D INFO] 

time_diff:1.24435 s, localization right now
[Open3D INFO] before sample, target size: 889082, has normal: true
[Open3D INFO] after sample, target size: 400000, has normal: true
[Open3D INFO] source size: 27825, maxpoints_source_: 80000
[Open3D INFO] source size after voxel downsample: 20732
[Open3D INFO] after prerpocess: 20732
[Open3D INFO] reg_result.fitness: 0.978632, eva fitness: 0.994742
[INFO] [1773652758.514999067]: localization cost: 1032.228000 ms
[Open3D INFO] 

time_diff:1.03232 s, localization right now
[Open3D INFO] before sample, target size: 889082, has normal: true
[Open3D INFO] after sample, target size: 400000, has normal: true
[Open3D INFO] source size: 28034, maxpoints_source_: 80000
[Open3D INFO] source size after voxel downsample: 20961
[Open3D INFO] after prerpocess: 20961
[Open3D INFO] reg_result.fitness: 0.974047, eva fitness: 0.992319
[INFO] [1773652759.478351303]: localization cost: 963.231000 ms
[Open3D INFO] 

time_diff:0.963353 s, localization right now
[Open3D INFO] before sample, target size: 889082, has normal: true
[Open3D INFO] after sample, target size: 400000, has normal: true
[Open3D INFO] source size: 27870, maxpoints_source_: 80000
[Open3D INFO] source size after voxel downsample: 21023
[Open3D INFO] after prerpocess: 21023
[Open3D INFO] reg_result.fitness: 0.976978, eva fitness: 0.98963
[INFO] [1773652760.477257898]: localization cost: 998.802000 ms
[Open3D INFO] 

time_diff:0.998887 s, localization right now
[Open3D INFO] before sample, target size: 889082, has normal: true
[Open3D INFO] after sample, target size: 400000, has normal: true
[Open3D INFO] source size: 28010, maxpoints_source_: 80000
[Open3D INFO] source size after voxel downsample: 20708
[Open3D INFO] after prerpocess: 20708
[Open3D INFO] reg_result.fitness: 0.976627, eva fitness: 0.991018
[INFO] [1773652761.561260125]: localization cost: 1083.855000 ms
[Open3D INFO] 

time_diff:1.08404 s, localization right now
[Open3D INFO] before sample, target size: 889082, has normal: true
[Open3D INFO] after sample, target size: 400000, has normal: true
[Open3D INFO] source size: 28427, maxpoints_source_: 80000
[Open3D INFO] source size after voxel downsample: 20728
[Open3D INFO] after prerpocess: 20728
[Open3D INFO] reg_result.fitness: 0.980172, eva fitness: 0.989338
[INFO] [1773652762.992909986]: localization cost: 1431.434000 ms
[Open3D INFO] 

time_diff:1.43161 s, localization right now
[Open3D INFO] before sample, target size: 889082, has normal: true
[Open3D INFO] after sample, target size: 400000, has normal: true
[Open3D INFO] source size: 28830, maxpoints_source_: 80000
[Open3D INFO] source size after voxel downsample: 20782
[Open3D INFO] after prerpocess: 20782
[Open3D INFO] reg_result.fitness: 0.979886, eva fitness: 0.991483
[INFO] [1773652764.095561220]: localization cost: 1102.529000 ms
[Open3D INFO] 

time_diff:1.10262 s, localization right now
[Open3D INFO] before sample, target size: 889082, has normal: true
[Open3D INFO] after sample, target size: 400000, has normal: true
[Open3D INFO] source size: 28674, maxpoints_source_: 80000
[Open3D INFO] source size after voxel downsample: 20546
[Open3D INFO] after prerpocess: 20546
[Open3D INFO] reg_result.fitness: 0.981554, eva fitness: 0.990120
[INFO] [1773652765.333835859]: localization cost: 1238.170000 ms
[Open3D INFO] 

time_diff:1.23827 s, localization right now
[Open3D INFO] before sample, target size: 889082, has normal: true
[Open3D INFO] after sample, target size: 400000, has normal: true
[Open3D INFO] source size: 28592, maxpoints_source_: 80000
[Open3D INFO] source size after voxel downsample: 21675
[Open3D INFO] after prerpocess: 21675
[Open3D INFO] reg_result.fitness: 0.977209, eva fitness: 0.988697
[INFO] [1773652766.658327340]: localization cost: 1324.375000 ms
[Open3D INFO] 

time_diff:1.32448 s, localization right now
[Open3D INFO] before sample, target size: 889082, has normal: true
[Open3D INFO] after sample, target size: 400000, has normal: true
[Open3D INFO] source size: 25303, maxpoints_source_: 80000
[Open3D INFO] source size after voxel downsample: 20881
[Open3D INFO] after prerpocess: 20881
[Open3D INFO] reg_result.fitness: 0.970404, eva fitness: 0.985298
[INFO] [1773652767.679366062]: localization cost: 1020.810000 ms
[Open3D INFO] 

time_diff:1.02091 s, localization right now
[Open3D INFO] before sample, target size: 889082, has normal: true
[Open3D INFO] after sample, target size: 400000, has normal: true
[Open3D INFO] source size: 23974, maxpoints_source_: 80000
[Open3D INFO] source size after voxel downsample: 19477
[Open3D INFO] after prerpocess: 19477
[Open3D INFO] reg_result.fitness: 0.958104, eva fitness: 0.972788
[INFO] [1773652768.616739784]: localization cost: 937.141000 ms
[Open3D INFO] 

time_diff:0.937268 s, localization right now
[Open3D INFO] before sample, target size: 889082, has normal: true
[Open3D INFO] after sample, target size: 400000, has normal: true
[Open3D INFO] source size: 23475, maxpoints_source_: 80000
[Open3D INFO] source size after voxel downsample: 19182
[Open3D INFO] after prerpocess: 19182
[Open3D INFO] reg_result.fitness: 0.968095, eva fitness: 0.980085
[INFO] [1773652769.626470062]: localization cost: 1009.606000 ms
[Open3D INFO] 

time_diff:1.00971 s, localization right now
[Open3D INFO] before sample, target size: 889082, has normal: true
[Open3D INFO] after sample, target size: 400000, has normal: true
[Open3D INFO] source size: 23513, maxpoints_source_: 80000
[Open3D INFO] source size after voxel downsample: 19278
[Open3D INFO] after prerpocess: 19278
[Open3D INFO] reg_result.fitness: 0.964519, eva fitness: 0.97728
[INFO] [1773652770.593565959]: localization cost: 966.876000 ms
[Open3D INFO] 

time_diff:0.96698 s, localization right now
[Open3D INFO] before sample, target size: 889082, has normal: true
[Open3D INFO] after sample, target size: 400000, has normal: true
[Open3D INFO] source size: 23320, maxpoints_source_: 80000
[Open3D INFO] source size after voxel downsample: 18742
[Open3D INFO] after prerpocess: 18742
[Open3D INFO] reg_result.fitness: 0.963931, eva fitness: 0.975029
[INFO] [1773652771.756409550]: localization cost: 1162.615000 ms
[Open3D INFO] 

time_diff:1.16273 s, localization right now
[Open3D INFO] before sample, target size: 889082, has normal: true
[Open3D INFO] after sample, target size: 400000, has normal: true
[Open3D INFO] source size: 25046, maxpoints_source_: 80000
[Open3D INFO] source size after voxel downsample: 20555
[Open3D INFO] after prerpocess: 20555
[Open3D INFO] reg_result.fitness: 0.970129, eva fitness: 0.983994
[INFO] [1773652773.116168127]: localization cost: 1359.648000 ms
[Open3D INFO] 

time_diff:1.35974 s, localization right now
[Open3D INFO] before sample, target size: 889082, has normal: true
[Open3D INFO] after sample, target size: 400000, has normal: true
[Open3D INFO] source size: 24530, maxpoints_source_: 80000
[Open3D INFO] source size after voxel downsample: 20446
[Open3D INFO] after prerpocess: 20446
[Open3D INFO] reg_result.fitness: 0.972855, eva fitness: 0.98611
[INFO] [1773652774.321861213]: localization cost: 1205.578000 ms
[Open3D INFO] 

time_diff:1.20569 s, localization right now
[Open3D INFO] before sample, target size: 889082, has normal: true
[Open3D INFO] after sample, target size: 400000, has normal: true
[Open3D INFO] source size: 23373, maxpoints_source_: 80000
[Open3D INFO] source size after voxel downsample: 19427
[Open3D INFO] after prerpocess: 19427
[Open3D INFO] reg_result.fitness: 0.974366, eva fitness: 0.986359
[INFO] [1773652775.353654623]: localization cost: 1031.669000 ms
[Open3D INFO] 

time_diff:1.03184 s, localization right now
[Open3D INFO] before sample, target size: 889082, has normal: true
[Open3D INFO] after sample, target size: 400000, has normal: true
[Open3D INFO] source size: 23470, maxpoints_source_: 80000
[Open3D INFO] source size after voxel downsample: 19240
[Open3D INFO] after prerpocess: 19240
[Open3D INFO] reg_result.fitness: 0.976299, eva fitness: 0.988981
[INFO] [1773652776.447546215]: localization cost: 1093.723000 ms
[Open3D INFO] 

time_diff:1.09382 s, localization right now
[Open3D INFO] before sample, target size: 889082, has normal: true
[Open3D INFO] after sample, target size: 400000, has normal: true
[Open3D INFO] source size: 22956, maxpoints_source_: 80000
[Open3D INFO] source size after voxel downsample: 18963
[Open3D INFO] after prerpocess: 18963
[Open3D INFO] reg_result.fitness: 0.972051, eva fitness: 0.986605
[INFO] [1773652777.554222901]: localization cost: 1106.407000 ms
[Open3D INFO] 

time_diff:1.10652 s, localization right now
[Open3D INFO] before sample, target size: 889082, has normal: true
[Open3D INFO] after sample, target size: 400000, has normal: true
[Open3D INFO] source size: 24250, maxpoints_source_: 80000
[Open3D INFO] source size after voxel downsample: 20002
[Open3D INFO] after prerpocess: 20002
[Open3D INFO] reg_result.fitness: 0.972053, eva fitness: 0.987901
[INFO] [1773652778.732523210]: localization cost: 1178.017000 ms
[Open3D INFO] 

time_diff:1.17818 s, localization right now
[Open3D INFO] before sample, target size: 889082, has normal: true
[Open3D INFO] after sample, target size: 400000, has normal: true
[Open3D INFO] source size: 24694, maxpoints_source_: 80000
[Open3D INFO] source size after voxel downsample: 19869
[Open3D INFO] after prerpocess: 19869
[Open3D INFO] reg_result.fitness: 0.975791, eva fitness: 0.989632
[INFO] [1773652779.830116685]: localization cost: 1097.227000 ms
[Open3D INFO] 

time_diff:1.09743 s, localization right now
[Open3D INFO] before sample, target size: 889082, has normal: true
[Open3D INFO] after sample, target size: 400000, has normal: true
[Open3D INFO] source size: 24683, maxpoints_source_: 80000
[Open3D INFO] source size after voxel downsample: 19879
[Open3D INFO] after prerpocess: 19879
[Open3D INFO] reg_result.fitness: 0.975301, eva fitness: 0.987223
[INFO] [1773652781.036579730]: localization cost: 1206.195000 ms
[Open3D INFO] 

time_diff:1.20629 s, localization right now
[Open3D INFO] before sample, target size: 889082, has normal: true
[Open3D INFO] after sample, target size: 400000, has normal: true
[Open3D INFO] source size: 24645, maxpoints_source_: 80000
[Open3D INFO] source size after voxel downsample: 19017
[Open3D INFO] after prerpocess: 19017
[Open3D INFO] reg_result.fitness: 0.970816, eva fitness: 0.982805
[INFO] [1773652782.301343581]: localization cost: 1264.643000 ms
[Open3D INFO] 

time_diff:1.26477 s, localization right now
[Open3D INFO] before sample, target size: 889082, has normal: true
[Open3D INFO] after sample, target size: 400000, has normal: true
[Open3D INFO] source size: 24938, maxpoints_source_: 80000
[Open3D INFO] source size after voxel downsample: 20175
[Open3D INFO] after prerpocess: 20175
[Open3D INFO] reg_result.fitness: 0.974126, eva fitness: 0.986468
[INFO] [1773652783.501598601]: localization cost: 1200.132000 ms
[Open3D INFO] 

time_diff:1.20023 s, localization right now
[Open3D INFO] before sample, target size: 889082, has normal: true
[Open3D INFO] after sample, target size: 400000, has normal: true
[Open3D INFO] source size: 26791, maxpoints_source_: 80000
[Open3D INFO] source size after voxel downsample: 21529
[Open3D INFO] after prerpocess: 21529
[Open3D INFO] reg_result.fitness: 0.978123, eva fitness: 0.987691
[INFO] [1773652784.565906008]: localization cost: 1064.201000 ms
[Open3D INFO] 

time_diff:1.0643 s, localization right now
[Open3D INFO] before sample, target size: 889082, has normal: true
[Open3D INFO] after sample, target size: 400000, has normal: true
[Open3D INFO] source size: 26235, maxpoints_source_: 80000
[Open3D INFO] source size after voxel downsample: 19988
[Open3D INFO] after prerpocess: 19988
[Open3D INFO] reg_result.fitness: 0.977537, eva fitness: 0.987092
[INFO] [1773652785.568266441]: localization cost: 1002.261000 ms
[Open3D INFO] 

time_diff:1.00235 s, localization right now
[Open3D INFO] before sample, target size: 889082, has normal: true
[Open3D INFO] after sample, target size: 400000, has normal: true
[Open3D INFO] source size: 26647, maxpoints_source_: 80000
[Open3D INFO] source size after voxel downsample: 19268
[Open3D INFO] after prerpocess: 19268
[Open3D INFO] reg_result.fitness: 0.973635, eva fitness: 0.987129
[INFO] [1773652786.846400793]: localization cost: 1278.038000 ms
[Open3D INFO] 

time_diff:1.2782 s, localization right now
[Open3D INFO] before sample, target size: 889082, has normal: true
[Open3D INFO] after sample, target size: 400000, has normal: true
[Open3D INFO] source size: 25611, maxpoints_source_: 80000
[Open3D INFO] source size after voxel downsample: 18484
[Open3D INFO] after prerpocess: 18484
[Open3D INFO] reg_result.fitness: 0.943843, eva fitness: 0.965592
[INFO] [1773652788.027812523]: localization cost: 1181.107000 ms
[Open3D INFO] 

time_diff:1.18122 s, localization right now
[Open3D INFO] before sample, target size: 889082, has normal: true
[Open3D INFO] after sample, target size: 400000, has normal: true
[Open3D INFO] source size: 26393, maxpoints_source_: 80000
[Open3D INFO] source size after voxel downsample: 18119
[Open3D INFO] after prerpocess: 18119
[Open3D INFO] reg_result.fitness: 0.943706, eva fitness: 0.967769
[INFO] [1773652789.138263192]: localization cost: 1110.155000 ms
[Open3D INFO] 

time_diff:1.11026 s, localization right now
[Open3D INFO] before sample, target size: 889082, has normal: true
[Open3D INFO] after sample, target size: 400000, has normal: true
[Open3D INFO] source size: 27359, maxpoints_source_: 80000
[Open3D INFO] source size after voxel downsample: 18536
[Open3D INFO] after prerpocess: 18536
[Open3D INFO] reg_result.fitness: 0.945242, eva fitness: 0.965365
[INFO] [1773652790.235657201]: localization cost: 1097.093000 ms
[Open3D INFO] 

time_diff:1.09721 s, localization right now
[Open3D INFO] before sample, target size: 889082, has normal: true
[Open3D INFO] after sample, target size: 400000, has normal: true
[Open3D INFO] source size: 28402, maxpoints_source_: 80000
[Open3D INFO] source size after voxel downsample: 18045
[Open3D INFO] after prerpocess: 18045
[Open3D INFO] reg_result.fitness: 0.944472, eva fitness: 0.964478
[INFO] [1773652791.527076672]: localization cost: 1290.572000 ms
[Open3D INFO] 

time_diff:1.29069 s, localization right now
[Open3D INFO] before sample, target size: 889082, has normal: true
[Open3D INFO] after sample, target size: 400000, has normal: true
[Open3D INFO] source size: 30310, maxpoints_source_: 80000
[Open3D INFO] source size after voxel downsample: 17783
[Open3D INFO] after prerpocess: 17783
[Open3D INFO] reg_result.fitness: 0.946016, eva fitness: 0.970140
[INFO] [1773652792.678776340]: localization cost: 1151.584000 ms
[Open3D INFO] 

time_diff:1.15169 s, localization right now
[Open3D INFO] 
***
****
***


last map update loc: x: 7.83069, y: 0.535878, z1.94154,
                now loc: x: 4.4471, y: 0.410703, z0.716917, 3d distance: 3.60057, now needpdate submap
[INFO] [1773652792.748850380]: submap_cost: 69.571000 ms
[Open3D INFO] before sample, target size: 841237, has normal: true
[Open3D INFO] after sample, target size: 400000, has normal: true
[Open3D INFO] source size: 31533, maxpoints_source_: 80000
[Open3D INFO] source size after voxel downsample: 17537
[Open3D INFO] after prerpocess: 17537
[Open3D INFO] reg_result.fitness: 0.959685, eva fitness: 0.981012
[INFO] [1773652793.755275851]: localization cost: 1076.240000 ms
[Open3D INFO] 

time_diff:1.07635 s, localization right now
[Open3D INFO] before sample, target size: 841237, has normal: true
[Open3D INFO] after sample, target size: 400000, has normal: true
[Open3D INFO] source size: 32911, maxpoints_source_: 80000
[Open3D INFO] source size after voxel downsample: 17294
[Open3D INFO] after prerpocess: 17294
[Open3D INFO] reg_result.fitness: 0.957037, eva fitness: 0.980629
[INFO] [1773652794.866487263]: localization cost: 1110.985000 ms
[Open3D INFO] 

time_diff:1.11107 s, localization right now
[Open3D INFO] before sample, target size: 841237, has normal: true
[Open3D INFO] after sample, target size: 400000, has normal: true
[Open3D INFO] source size: 32894, maxpoints_source_: 80000
[Open3D INFO] source size after voxel downsample: 17492
[Open3D INFO] after prerpocess: 17492
[Open3D INFO] reg_result.fitness: 0.948033, eva fitness: 0.976561
[INFO] [1773652796.194656465]: localization cost: 1328.059000 ms
[Open3D INFO] 

time_diff:1.32823 s, localization right now
[Open3D INFO] before sample, target size: 841237, has normal: true
[Open3D INFO] after sample, target size: 400000, has normal: true
[Open3D INFO] source size: 33015, maxpoints_source_: 80000
[Open3D INFO] source size after voxel downsample: 17141
[Open3D INFO] after prerpocess: 17141
[Open3D INFO] reg_result.fitness: 0.938393, eva fitness: 0.969372
[INFO] [1773652797.410599318]: localization cost: 1215.764000 ms
[Open3D INFO] 

time_diff:1.21585 s, localization right now
[Open3D INFO] before sample, target size: 841237, has normal: true
[Open3D INFO] after sample, target size: 400000, has normal: true
[Open3D INFO] source size: 34046, maxpoints_source_: 80000
[Open3D INFO] source size after voxel downsample: 17246
[Open3D INFO] after prerpocess: 17246
[Open3D INFO] reg_result.fitness: 0.926070, eva fitness: 0.958309
[INFO] [1773652798.461830352]: localization cost: 1050.992000 ms
[Open3D INFO] 

time_diff:1.05112 s, localization right now
[Open3D INFO] before sample, target size: 841237, has normal: true
[Open3D INFO] after sample, target size: 400000, has normal: true
[Open3D INFO] source size: 33237, maxpoints_source_: 80000
[Open3D INFO] source size after voxel downsample: 16085
[Open3D INFO] after prerpocess: 16085
[Open3D INFO] reg_result.fitness: 0.919863, eva fitness: 0.951943
[INFO] [1773652799.456285873]: localization cost: 994.218000 ms
[Open3D INFO] 

time_diff:0.994308 s, localization right now
[Open3D INFO] before sample, target size: 841237, has normal: true
[Open3D INFO] after sample, target size: 400000, has normal: true
[Open3D INFO] source size: 33026, maxpoints_source_: 80000
[Open3D INFO] source size after voxel downsample: 16353
[Open3D INFO] after prerpocess: 16353
[Open3D INFO] reg_result.fitness: 0.922828, eva fitness: 0.955054
[INFO] [1773652800.493199734]: localization cost: 1036.685000 ms
[Open3D INFO] 

time_diff:1.0368 s, localization right now
[Open3D INFO] before sample, target size: 841237, has normal: true
[Open3D INFO] after sample, target size: 400000, has normal: true
[Open3D INFO] source size: 32809, maxpoints_source_: 80000
[Open3D INFO] source size after voxel downsample: 15717
[Open3D INFO] after prerpocess: 15717
[Open3D INFO] reg_result.fitness: 0.920277, eva fitness: 0.951899
[INFO] [1773652801.434678975]: localization cost: 941.371000 ms
[Open3D INFO] 

time_diff:0.941505 s, localization right now
[Open3D INFO] before sample, target size: 841237, has normal: true
[Open3D INFO] after sample, target size: 400000, has normal: true
[Open3D INFO] source size: 33289, maxpoints_source_: 80000
[Open3D INFO] source size after voxel downsample: 16727
[Open3D INFO] after prerpocess: 16727
[Open3D INFO] reg_result.fitness: 0.916363, eva fitness: 0.946374
[INFO] [1773652802.435352091]: localization cost: 1000.532000 ms
[Open3D INFO] 

time_diff:1.00061 s, localization right now
[Open3D INFO] before sample, target size: 841237, has normal: true
[Open3D INFO] after sample, target size: 400000, has normal: true
[Open3D INFO] source size: 33046, maxpoints_source_: 80000
[Open3D INFO] source size after voxel downsample: 16807
[Open3D INFO] after prerpocess: 16807
[Open3D INFO] reg_result.fitness: 0.91325, eva fitness: 0.947581
[INFO] [1773652803.451335358]: localization cost: 1015.897000 ms
[Open3D INFO] 

time_diff:1.01598 s, localization right now
[Open3D INFO] before sample, target size: 841237, has normal: true
[Open3D INFO] after sample, target size: 400000, has normal: true
[Open3D INFO] source size: 31218, maxpoints_source_: 80000
[Open3D INFO] source size after voxel downsample: 16694
[Open3D INFO] after prerpocess: 16694
[Open3D INFO] reg_result.fitness: 0.915359, eva fitness: 0.947466
[INFO] [1773652804.464059803]: localization cost: 1012.612000 ms
[Open3D INFO] 

time_diff:1.01275 s, localization right now
[Open3D INFO] before sample, target size: 841237, has normal: true
[Open3D INFO] after sample, target size: 400000, has normal: true
[Open3D INFO] source size: 31599, maxpoints_source_: 80000
[Open3D INFO] source size after voxel downsample: 15617
[Open3D INFO] after prerpocess: 15617
[Open3D INFO] reg_result.fitness: 0.909522, eva fitness: 0.943139
[INFO] [1773652805.537610717]: localization cost: 1072.858000 ms
[Open3D INFO] 

time_diff:1.07297 s, localization right now
[Open3D INFO] 
***
****
***


last map update loc: x: 4.4471, y: 0.410703, z0.716917,
                now loc: x: 1.10843, y: 1.42016, z-0.0499817, 3d distance: 3.57125, now needpdate submap
[INFO] [1773652805.616851526]: submap_cost: 78.706000 ms
[Open3D INFO] before sample, target size: 801267, has normal: true
[Open3D INFO] after sample, target size: 400000, has normal: true
[Open3D INFO] source size: 32054, maxpoints_source_: 80000
[Open3D INFO] source size after voxel downsample: 17165
[Open3D INFO] after prerpocess: 17165
[Open3D INFO] reg_result.fitness: 0.914302, eva fitness: 0.945354
[INFO] [1773652806.990466131]: localization cost: 1452.541000 ms
[Open3D INFO] 

time_diff:1.45272 s, localization right now
[Open3D INFO] before sample, target size: 801267, has normal: true
[Open3D INFO] after sample, target size: 400000, has normal: true
[Open3D INFO] source size: 33934, maxpoints_source_: 80000
[Open3D INFO] source size after voxel downsample: 19500
[Open3D INFO] after prerpocess: 19500
[Open3D INFO] reg_result.fitness: 0.932615, eva fitness: 0.958462
[INFO] [1773652808.457004989]: localization cost: 1465.525000 ms
[Open3D INFO] 

time_diff:1.46567 s, localization right now
[Open3D INFO] before sample, target size: 801267, has normal: true
[Open3D INFO] after sample, target size: 400000, has normal: true
[Open3D INFO] source size: 34154, maxpoints_source_: 80000
[Open3D INFO] source size after voxel downsample: 18466
[Open3D INFO] after prerpocess: 18466
[Open3D INFO] reg_result.fitness: 0.930142, eva fitness: 0.957489
[INFO] [1773652809.752863277]: localization cost: 1295.446000 ms
[Open3D INFO] 

time_diff:1.29556 s, localization right now
[Open3D INFO] before sample, target size: 801267, has normal: true
[Open3D INFO] after sample, target size: 400000, has normal: true
[Open3D INFO] source size: 33876, maxpoints_source_: 80000
[Open3D INFO] source size after voxel downsample: 18797
[Open3D INFO] after prerpocess: 18797
[Open3D INFO] reg_result.fitness: 0.928978, eva fitness: 0.958557
[INFO] [1773652810.872773592]: localization cost: 1119.795000 ms
[Open3D INFO] 

time_diff:1.11992 s, localization right now
[Open3D INFO] before sample, target size: 801267, has normal: true
[Open3D INFO] after sample, target size: 400000, has normal: true
[Open3D INFO] source size: 34371, maxpoints_source_: 80000
[Open3D INFO] source size after voxel downsample: 18849
[Open3D INFO] after prerpocess: 18849
[Open3D INFO] reg_result.fitness: 0.930978, eva fitness: 0.958247
[INFO] [1773652811.843024209]: localization cost: 969.989000 ms
[Open3D INFO] 

time_diff:0.970263 s, localization right now
[Open3D INFO] before sample, target size: 801267, has normal: true
[Open3D INFO] after sample, target size: 400000, has normal: true
[Open3D INFO] source size: 34310, maxpoints_source_: 80000
[Open3D INFO] source size after voxel downsample: 18526
[Open3D INFO] after prerpocess: 18526
[Open3D INFO] reg_result.fitness: 0.935874, eva fitness: 0.962161
[INFO] [1773652812.890256352]: localization cost: 1046.887000 ms
[Open3D INFO] 

time_diff:1.04697 s, localization right now
[Open3D INFO] before sample, target size: 801267, has normal: true
[Open3D INFO] after sample, target size: 400000, has normal: true
[Open3D INFO] source size: 34566, maxpoints_source_: 80000
[Open3D INFO] source size after voxel downsample: 18522
[Open3D INFO] after prerpocess: 18522
[Open3D INFO] reg_result.fitness: 0.933053, eva fitness: 0.960695
[INFO] [1773652813.905598178]: localization cost: 1015.236000 ms
[Open3D INFO] 

time_diff:1.01535 s, localization right now
[Open3D INFO] before sample, target size: 801267, has normal: true
[Open3D INFO] after sample, target size: 400000, has normal: true
[Open3D INFO] source size: 34299, maxpoints_source_: 80000
[Open3D INFO] source size after voxel downsample: 18404
[Open3D INFO] after prerpocess: 18404
[Open3D INFO] reg_result.fitness: 0.930885, eva fitness: 0.956749
[INFO] [1773652814.992724947]: localization cost: 1086.895000 ms
[Open3D INFO] 

time_diff:1.08701 s, localization right now
[Open3D INFO] before sample, target size: 801267, has normal: true
[Open3D INFO] after sample, target size: 400000, has normal: true
[Open3D INFO] source size: 33036, maxpoints_source_: 80000
[Open3D INFO] source size after voxel downsample: 18321
[Open3D INFO] after prerpocess: 18321
[Open3D INFO] reg_result.fitness: 0.936193, eva fitness: 0.961902
[INFO] [1773652816.277673723]: localization cost: 1284.654000 ms
[Open3D INFO] 

time_diff:1.28478 s, localization right now
[Open3D INFO] before sample, target size: 801267, has normal: true
[Open3D INFO] after sample, target size: 400000, has normal: true
[Open3D INFO] source size: 31160, maxpoints_source_: 80000
[Open3D INFO] source size after voxel downsample: 17416
[Open3D INFO] after prerpocess: 17416
[Open3D INFO] reg_result.fitness: 0.928859, eva fitness: 0.952458
[INFO] [1773652817.687752733]: localization cost: 1409.950000 ms
[Open3D INFO] 

time_diff:1.41007 s, localization right now
[Open3D INFO] before sample, target size: 801267, has normal: true
[Open3D INFO] after sample, target size: 400000, has normal: true
[Open3D INFO] source size: 31592, maxpoints_source_: 80000
[Open3D INFO] source size after voxel downsample: 17203
[Open3D INFO] after prerpocess: 17203
[Open3D INFO] reg_result.fitness: 0.930070, eva fitness: 0.956112
[INFO] [1773652818.955736523]: localization cost: 1267.866000 ms
[Open3D INFO] 

time_diff:1.26796 s, localization right now
[Open3D INFO] before sample, target size: 801267, has normal: true
[Open3D INFO] after sample, target size: 400000, has normal: true
[Open3D INFO] source size: 32981, maxpoints_source_: 80000
[Open3D INFO] source size after voxel downsample: 16309
[Open3D INFO] after prerpocess: 16309
[Open3D INFO] reg_result.fitness: 0.930161, eva fitness: 0.958060
[INFO] [1773652820.165723011]: localization cost: 1209.881000 ms
[Open3D INFO] 

time_diff:1.20999 s, localization right now
[Open3D INFO] before sample, target size: 801267, has normal: true
[Open3D INFO] after sample, target size: 400000, has normal: true
[Open3D INFO] source size: 31739, maxpoints_source_: 80000
[Open3D INFO] source size after voxel downsample: 17683
[Open3D INFO] after prerpocess: 17683
[Open3D INFO] reg_result.fitness: 0.935079, eva fitness: 0.964429
[INFO] [1773652821.420036158]: localization cost: 1254.139000 ms
[Open3D INFO] 

time_diff:1.25431 s, localization right now
[Open3D INFO] before sample, target size: 801267, has normal: true
[Open3D INFO] after sample, target size: 400000, has normal: true
[Open3D INFO] source size: 31464, maxpoints_source_: 80000
[Open3D INFO] source size after voxel downsample: 18970
[Open3D INFO] after prerpocess: 18970
[Open3D INFO] reg_result.fitness: 0.937375, eva fitness: 0.968477
[INFO] [1773652822.778608850]: localization cost: 1358.436000 ms
[Open3D INFO] 

time_diff:1.3586 s, localization right now
[Open3D INFO] before sample, target size: 801267, has normal: true
[Open3D INFO] after sample, target size: 400000, has normal: true
[Open3D INFO] source size: 31592, maxpoints_source_: 80000
[Open3D INFO] source size after voxel downsample: 18048
[Open3D INFO] after prerpocess: 18048
[Open3D INFO] reg_result.fitness: 0.937999, eva fitness: 0.968473
[INFO] [1773652823.960304723]: localization cost: 1181.362000 ms
[Open3D INFO] 

time_diff:1.18147 s, localization right now
[Open3D INFO] before sample, target size: 801267, has normal: true
[Open3D INFO] after sample, target size: 400000, has normal: true
[Open3D INFO] source size: 31732, maxpoints_source_: 80000
[Open3D INFO] source size after voxel downsample: 18102
[Open3D INFO] after prerpocess: 18102
[Open3D INFO] reg_result.fitness: 0.951608, eva fitness: 0.973981
[INFO] [1773652825.182183265]: localization cost: 1221.768000 ms
[Open3D INFO] 

time_diff:1.22187 s, localization right now
[Open3D INFO] 
***
****
***


last map update loc: x: 1.10843, y: 1.42016, z-0.0499817,
                now loc: x: 4.54852, y: 0.756074, z0.702495, 3d distance: 3.58349, now needpdate submap
[INFO] [1773652825.250810738]: submap_cost: 68.296000 ms
[Open3D INFO] before sample, target size: 837943, has normal: true
[Open3D INFO] after sample, target size: 400000, has normal: true
[Open3D INFO] source size: 31419, maxpoints_source_: 80000
[Open3D INFO] source size after voxel downsample: 17352
[Open3D INFO] after prerpocess: 17352
[Open3D INFO] reg_result.fitness: 0.967842, eva fitness: 0.988128
[INFO] [1773652826.392817060]: localization cost: 1210.523000 ms
[Open3D INFO] 

time_diff:1.21063 s, localization right now
[Open3D INFO] before sample, target size: 837943, has normal: true
[Open3D INFO] after sample, target size: 400000, has normal: true
[Open3D INFO] source size: 30564, maxpoints_source_: 80000
[Open3D INFO] source size after voxel downsample: 16507
[Open3D INFO] after prerpocess: 16507
[Open3D INFO] reg_result.fitness: 0.975404, eva fitness: 0.986248
[INFO] [1773652827.545639683]: localization cost: 1152.696000 ms
[Open3D INFO] 

time_diff:1.15281 s, localization right now
[Open3D INFO] before sample, target size: 837943, has normal: true
[Open3D INFO] after sample, target size: 400000, has normal: true
[Open3D INFO] source size: 27286, maxpoints_source_: 80000
[Open3D INFO] source size after voxel downsample: 15871
[Open3D INFO] after prerpocess: 15871
[Open3D INFO] reg_result.fitness: 0.972781, eva fitness: 0.986201
[INFO] [1773652828.709794830]: localization cost: 1164.048000 ms
[Open3D INFO] 

time_diff:1.16415 s, localization right now
[Open3D INFO] before sample, target size: 837943, has normal: true
[Open3D INFO] after sample, target size: 400000, has normal: true
[Open3D INFO] source size: 27137, maxpoints_source_: 80000
[Open3D INFO] source size after voxel downsample: 14631
[Open3D INFO] after prerpocess: 14631
[Open3D INFO] reg_result.fitness: 0.966031, eva fitness: 0.979564
[INFO] [1773652829.828725070]: localization cost: 1118.725000 ms
[Open3D INFO] 

time_diff:1.11893 s, localization right now
[Open3D INFO] before sample, target size: 837943, has normal: true
[Open3D INFO] after sample, target size: 400000, has normal: true
[Open3D INFO] source size: 27130, maxpoints_source_: 80000
[Open3D INFO] source size after voxel downsample: 16449
[Open3D INFO] after prerpocess: 16449
[Open3D INFO] reg_result.fitness: 0.948447, eva fitness: 0.974163
[INFO] [1773652831.038515613]: localization cost: 1209.510000 ms
[Open3D INFO] 

time_diff:1.20962 s, localization right now
[Open3D INFO] before sample, target size: 837943, has normal: true
[Open3D INFO] after sample, target size: 400000, has normal: true
[Open3D INFO] source size: 26103, maxpoints_source_: 80000
[Open3D INFO] source size after voxel downsample: 16053
[Open3D INFO] after prerpocess: 16053
[Open3D INFO] reg_result.fitness: 0.946864, eva fitness: 0.970099
[INFO] [1773652832.286199230]: localization cost: 1247.573000 ms
[Open3D INFO] 

time_diff:1.24767 s, localization right now
[Open3D INFO] before sample, target size: 837943, has normal: true
[Open3D INFO] after sample, target size: 400000, has normal: true
[Open3D INFO] source size: 26198, maxpoints_source_: 80000
[Open3D INFO] source size after voxel downsample: 17118
[Open3D INFO] after prerpocess: 17118
[Open3D INFO] reg_result.fitness: 0.95496, eva fitness: 0.976224
[INFO] [1773652833.335261058]: localization cost: 1048.966000 ms
[Open3D INFO] 

time_diff:1.04905 s, localization right now
[Open3D INFO] 
***
****
***


last map update loc: x: 4.54852, y: 0.756074, z0.702495,
                now loc: x: 8.11676, y: 0.260306, z2.00599, 3d distance: 3.83109, now needpdate submap
[INFO] [1773652833.404229959]: submap_cost: 68.648000 ms
[Open3D INFO] before sample, target size: 903355, has normal: true
[Open3D INFO] after sample, target size: 400000, has normal: true
[Open3D INFO] source size: 26873, maxpoints_source_: 80000
[Open3D INFO] source size after voxel downsample: 19173
[Open3D INFO] after prerpocess: 19173
[Open3D INFO] reg_result.fitness: 0.961873, eva fitness: 0.979085
[INFO] [1773652834.422753910]: localization cost: 1087.380000 ms
[Open3D INFO] 

time_diff:1.0875 s, localization right now
[Open3D INFO] before sample, target size: 903355, has normal: true
[Open3D INFO] after sample, target size: 400000, has normal: true
[Open3D INFO] source size: 29125, maxpoints_source_: 80000
[Open3D INFO] source size after voxel downsample: 21417
[Open3D INFO] after prerpocess: 21417
[Open3D INFO] reg_result.fitness: 0.95625, eva fitness: 0.97446
[INFO] [1773652835.660349910]: localization cost: 1237.473000 ms
[Open3D INFO] 

time_diff:1.23765 s, localization right now
[Open3D INFO] before sample, target size: 903355, has normal: true
[Open3D INFO] after sample, target size: 400000, has normal: true
[Open3D INFO] source size: 28273, maxpoints_source_: 80000
[Open3D INFO] source size after voxel downsample: 21067
[Open3D INFO] after prerpocess: 21067
[Open3D INFO] reg_result.fitness: 0.952912, eva fitness: 0.970665
[INFO] [1773652836.693048893]: localization cost: 1032.525000 ms
[Open3D INFO] 

time_diff:1.03261 s, localization right now
[Open3D INFO] before sample, target size: 903355, has normal: true
[Open3D INFO] after sample, target size: 400000, has normal: true
[Open3D INFO] source size: 28256, maxpoints_source_: 80000
[Open3D INFO] source size after voxel downsample: 21410
[Open3D INFO] after prerpocess: 21410
[Open3D INFO] reg_result.fitness: 0.951611, eva fitness: 0.980336
[INFO] [1773652837.707200676]: localization cost: 1014.058000 ms
[Open3D INFO] 

time_diff:1.01415 s, localization right now
[Open3D INFO] before sample, target size: 903355, has normal: true
[Open3D INFO] after sample, target size: 400000, has normal: true
[Open3D INFO] source size: 28480, maxpoints_source_: 80000
[Open3D INFO] source size after voxel downsample: 21477
[Open3D INFO] after prerpocess: 21477
[Open3D INFO] reg_result.fitness: 0.969502, eva fitness: 0.993994
[INFO] [1773652838.753964541]: localization cost: 1046.652000 ms
[Open3D INFO] 

time_diff:1.04675 s, localization right now
[Open3D INFO] before sample, target size: 903355, has normal: true
[Open3D INFO] after sample, target size: 400000, has normal: true
[Open3D INFO] source size: 28546, maxpoints_source_: 80000
[Open3D INFO] source size after voxel downsample: 21714
[Open3D INFO] after prerpocess: 21714
[Open3D INFO] reg_result.fitness: 0.964355, eva fitness: 0.990974
[INFO] [1773652839.902972021]: localization cost: 1148.810000 ms
[Open3D INFO] 

time_diff:1.14908 s, localization right now
[Open3D INFO] before sample, target size: 903355, has normal: true
[Open3D INFO] after sample, target size: 400000, has normal: true
[Open3D INFO] source size: 28457, maxpoints_source_: 80000
[Open3D INFO] source size after voxel downsample: 21713
[Open3D INFO] after prerpocess: 21713
[Open3D INFO] reg_result.fitness: 0.973518, eva fitness: 0.992723
[INFO] [1773652841.415236930]: localization cost: 1511.678000 ms
[Open3D INFO] 

time_diff:1.51199 s, localization right now
[Open3D INFO] before sample, target size: 903355, has normal: true
[Open3D INFO] after sample, target size: 400000, has normal: true
[Open3D INFO] source size: 28397, maxpoints_source_: 80000
[Open3D INFO] source size after voxel downsample: 21523
[Open3D INFO] after prerpocess: 21523
[Open3D INFO] reg_result.fitness: 0.964503, eva fitness: 0.990615
[INFO] [1773652842.671493289]: localization cost: 1255.842000 ms
[Open3D INFO] 

time_diff:1.25594 s, localization right now
[Open3D INFO] before sample, target size: 903355, has normal: true
[Open3D INFO] after sample, target size: 400000, has normal: true
[Open3D INFO] source size: 28370, maxpoints_source_: 80000
[Open3D INFO] source size after voxel downsample: 21709
[Open3D INFO] after prerpocess: 21709
[Open3D INFO] reg_result.fitness: 0.959141, eva fitness: 0.981943
[INFO] [1773652843.624753362]: localization cost: 953.155000 ms
[Open3D INFO] 

time_diff:0.953253 s, localization right now
[Open3D INFO] before sample, target size: 903355, has normal: true
[Open3D INFO] after sample, target size: 400000, has normal: true
[Open3D INFO] source size: 28225, maxpoints_source_: 80000
[Open3D INFO] source size after voxel downsample: 21603
[Open3D INFO] after prerpocess: 21603
[Open3D INFO] reg_result.fitness: 0.963848, eva fitness: 0.983336
[INFO] [1773652845.021839570]: localization cost: 1396.930000 ms
[Open3D INFO] 

time_diff:1.39714 s, localization right now
[Open3D INFO] before sample, target size: 903355, has normal: true
[Open3D INFO] after sample, target size: 400000, has normal: true
[Open3D INFO] source size: 27901, maxpoints_source_: 80000
[Open3D INFO] source size after voxel downsample: 21493
[Open3D INFO] after prerpocess: 21493
[Open3D INFO] reg_result.fitness: 0.965896, eva fitness: 0.987903
[INFO] [1773652846.367729182]: localization cost: 1345.709000 ms
[Open3D INFO] 

time_diff:1.3458 s, localization right now
[Open3D INFO] before sample, target size: 903355, has normal: true
[Open3D INFO] after sample, target size: 400000, has normal: true
[Open3D INFO] source size: 27625, maxpoints_source_: 80000
[Open3D INFO] source size after voxel downsample: 22044
[Open3D INFO] after prerpocess: 22044
[Open3D INFO] reg_result.fitness: 0.972237, eva fitness: 0.991789
[INFO] [1773652847.387852078]: localization cost: 1020.010000 ms
[Open3D INFO] 

time_diff:1.02012 s, localization right now
[Open3D INFO] before sample, target size: 903355, has normal: true
[Open3D INFO] after sample, target size: 400000, has normal: true
[Open3D INFO] source size: 27539, maxpoints_source_: 80000
[Open3D INFO] source size after voxel downsample: 22254
[Open3D INFO] after prerpocess: 22254
[Open3D INFO] reg_result.fitness: 0.973443, eva fitness: 0.99335
[INFO] [1773652848.344747699]: localization cost: 956.788000 ms
[Open3D INFO] 

time_diff:0.956883 s, localization right now
[Open3D INFO] before sample, target size: 903355, has normal: true
[Open3D INFO] after sample, target size: 400000, has normal: true
[Open3D INFO] source size: 26051, maxpoints_source_: 80000
[Open3D INFO] source size after voxel downsample: 21437
[Open3D INFO] after prerpocess: 21437
[Open3D INFO] reg_result.fitness: 0.972104, eva fitness: 0.989178
[INFO] [1773652849.409759770]: localization cost: 1064.900000 ms
[Open3D INFO] 

time_diff:1.06505 s, localization right now
[Open3D INFO] before sample, target size: 903355, has normal: true
[Open3D INFO] after sample, target size: 400000, has normal: true
[Open3D INFO] source size: 24341, maxpoints_source_: 80000
[Open3D INFO] source size after voxel downsample: 18993
[Open3D INFO] after prerpocess: 18993
[Open3D INFO] reg_result.fitness: 0.973727, eva fitness: 0.989628
[INFO] [1773652850.383276874]: localization cost: 973.340000 ms
[Open3D INFO] 

time_diff:0.973466 s, localization right now
[Open3D INFO] before sample, target size: 903355, has normal: true
[Open3D INFO] after sample, target size: 400000, has normal: true
[Open3D INFO] source size: 24394, maxpoints_source_: 80000
[Open3D INFO] source size after voxel downsample: 18557
[Open3D INFO] after prerpocess: 18557
[Open3D INFO] reg_result.fitness: 0.966428, eva fitness: 0.988037
[INFO] [1773652851.580841880]: localization cost: 1197.324000 ms
[Open3D INFO] 

time_diff:1.19743 s, localization right now
[Open3D INFO] before sample, target size: 903355, has normal: true
[Open3D INFO] after sample, target size: 400000, has normal: true
[Open3D INFO] source size: 23878, maxpoints_source_: 80000
[Open3D INFO] source size after voxel downsample: 18169
[Open3D INFO] after prerpocess: 18169
[Open3D INFO] reg_result.fitness: 0.966261, eva fitness: 0.989378
[INFO] [1773652853.139173411]: localization cost: 1558.213000 ms
[Open3D INFO] 

time_diff:1.55832 s, localization right now
[Open3D INFO] before sample, target size: 903355, has normal: true
[Open3D INFO] after sample, target size: 400000, has normal: true
[Open3D INFO] source size: 23796, maxpoints_source_: 80000
[Open3D INFO] source size after voxel downsample: 17942
[Open3D INFO] after prerpocess: 17942
[Open3D INFO] reg_result.fitness: 0.963438, eva fitness: 0.989243
[INFO] [1773652854.740525430]: localization cost: 1601.219000 ms
[Open3D INFO] 

time_diff:1.60135 s, localization right now
[Open3D INFO] before sample, target size: 903355, has normal: true
[Open3D INFO] after sample, target size: 400000, has normal: true
[Open3D INFO] source size: 23737, maxpoints_source_: 80000
[Open3D INFO] source size after voxel downsample: 18004
[Open3D INFO] after prerpocess: 18004
[Open3D INFO] reg_result.fitness: 0.958343, eva fitness: 0.985781
[INFO] [1773652856.489669958]: localization cost: 1749.038000 ms
[Open3D INFO] 

time_diff:1.74913 s, localization right now
[Open3D INFO] before sample, target size: 903355, has normal: true
[Open3D INFO] after sample, target size: 400000, has normal: true
[Open3D INFO] source size: 23355, maxpoints_source_: 80000
[Open3D INFO] source size after voxel downsample: 18049
[Open3D INFO] after prerpocess: 18049
[Open3D INFO] reg_result.fitness: 0.958391, eva fitness: 0.98432
[INFO] [1773652857.535287162]: localization cost: 1045.510000 ms
[Open3D INFO] 

time_diff:1.04561 s, localization right now
[Open3D INFO] before sample, target size: 903355, has normal: true
[Open3D INFO] after sample, target size: 400000, has normal: true
[Open3D INFO] source size: 23538, maxpoints_source_: 80000
[Open3D INFO] source size after voxel downsample: 18096
[Open3D INFO] after prerpocess: 18096
[Open3D INFO] reg_result.fitness: 0.954576, eva fitness: 0.980493
[INFO] [1773652858.634219490]: localization cost: 1098.810000 ms
[Open3D INFO] 

time_diff:1.09893 s, localization right now
[Open3D INFO] before sample, target size: 903355, has normal: true
[Open3D INFO] after sample, target size: 400000, has normal: true
[Open3D INFO] source size: 23236, maxpoints_source_: 80000
[Open3D INFO] source size after voxel downsample: 17660
[Open3D INFO] after prerpocess: 17660
[Open3D INFO] reg_result.fitness: 0.949151, eva fitness: 0.977576
[INFO] [1773652860.011727236]: localization cost: 1377.381000 ms
[Open3D INFO] 

time_diff:1.3775 s, localization right now
[Open3D INFO] before sample, target size: 903355, has normal: true
[Open3D INFO] after sample, target size: 400000, has normal: true
[Open3D INFO] source size: 23935, maxpoints_source_: 80000
[Open3D INFO] source size after voxel downsample: 18231
[Open3D INFO] after prerpocess: 18231
[Open3D INFO] reg_result.fitness: 0.938566, eva fitness: 0.969119
[INFO] [1773652861.540988755]: localization cost: 1529.052000 ms
[Open3D INFO] 

time_diff:1.52915 s, localization right now
[Open3D INFO] before sample, target size: 903355, has normal: true
[Open3D INFO] after sample, target size: 400000, has normal: true
[Open3D INFO] source size: 24217, maxpoints_source_: 80000
[Open3D INFO] source size after voxel downsample: 18218
[Open3D INFO] after prerpocess: 18218
[Open3D INFO] reg_result.fitness: 0.923263, eva fitness: 0.957679
[INFO] [1773652862.518736644]: localization cost: 977.647000 ms
[Open3D INFO] 

time_diff:0.977739 s, localization right now
[Open3D INFO] before sample, target size: 903355, has normal: true
[Open3D INFO] after sample, target size: 400000, has normal: true
[Open3D INFO] source size: 24281, maxpoints_source_: 80000
[Open3D INFO] source size after voxel downsample: 18281
[Open3D INFO] after prerpocess: 18281
[Open3D INFO] reg_result.fitness: 0.930912, eva fitness: 0.965976
[INFO] [1773652863.551765919]: localization cost: 1032.931000 ms
[Open3D INFO] 

time_diff:1.03302 s, localization right now
[Open3D INFO] before sample, target size: 903355, has normal: true
[Open3D INFO] after sample, target size: 400000, has normal: true
[Open3D INFO] source size: 24803, maxpoints_source_: 80000
[Open3D INFO] source size after voxel downsample: 18592
[Open3D INFO] after prerpocess: 18592
[Open3D INFO] reg_result.fitness: 0.932982, eva fitness: 0.969772
[INFO] [1773652864.735708021]: localization cost: 1183.820000 ms
[Open3D INFO] 

time_diff:1.18395 s, localization right now
[Open3D INFO] before sample, target size: 903355, has normal: true
[Open3D INFO] after sample, target size: 400000, has normal: true
[Open3D INFO] source size: 24253, maxpoints_source_: 80000
[Open3D INFO] source size after voxel downsample: 18175
[Open3D INFO] after prerpocess: 18175
[Open3D INFO] reg_result.fitness: 0.931664, eva fitness: 0.973425
[INFO] [1773652866.170919733]: localization cost: 1435.073000 ms
[Open3D INFO] 

time_diff:1.43518 s, localization right now
[Open3D INFO] before sample, target size: 903355, has normal: true
[Open3D INFO] after sample, target size: 400000, has normal: true
[Open3D INFO] source size: 24877, maxpoints_source_: 80000
[Open3D INFO] source size after voxel downsample: 18351
[Open3D INFO] after prerpocess: 18351
[Open3D INFO] reg_result.fitness: 0.949431, eva fitness: 0.987031
[INFO] [1773652867.456238326]: localization cost: 1285.197000 ms
[Open3D INFO] 

time_diff:1.28531 s, localization right now
[Open3D INFO] before sample, target size: 903355, has normal: true
[Open3D INFO] after sample, target size: 400000, has normal: true
[Open3D INFO] source size: 24302, maxpoints_source_: 80000
[Open3D INFO] source size after voxel downsample: 18210
[Open3D INFO] after prerpocess: 18210
[Open3D INFO] reg_result.fitness: 0.937232, eva fitness: 0.982647
[INFO] [1773652868.643740836]: localization cost: 1187.389000 ms
[Open3D INFO] 

time_diff:1.18748 s, localization right now
[Open3D INFO] before sample, target size: 903355, has normal: true
[Open3D INFO] after sample, target size: 400000, has normal: true
[Open3D INFO] source size: 24880, maxpoints_source_: 80000
[Open3D INFO] source size after voxel downsample: 18744
[Open3D INFO] after prerpocess: 18744
[Open3D INFO] reg_result.fitness: 0.930004, eva fitness: 0.979887
[INFO] [1773652870.227556019]: localization cost: 1583.710000 ms
[Open3D INFO] 

time_diff:1.58381 s, localization right now
[Open3D INFO] before sample, target size: 903355, has normal: true
[Open3D INFO] after sample, target size: 400000, has normal: true
[Open3D INFO] source size: 23767, maxpoints_source_: 80000
[Open3D INFO] source size after voxel downsample: 18346
[Open3D INFO] after prerpocess: 18346
[Open3D INFO] reg_result.fitness: 0.95732, eva fitness: 0.988172
[INFO] [1773652871.424041919]: localization cost: 1196.368000 ms
[Open3D INFO] 

time_diff:1.19648 s, localization right now
[Open3D INFO] before sample, target size: 903355, has normal: true
[Open3D INFO] after sample, target size: 400000, has normal: true
[Open3D INFO] source size: 24310, maxpoints_source_: 80000
[Open3D INFO] source size after voxel downsample: 19431
[Open3D INFO] after prerpocess: 19431
[Open3D INFO] reg_result.fitness: 0.9631, eva fitness: 0.990891
[INFO] [1773652872.415882146]: localization cost: 991.165000 ms
[Open3D INFO] 

time_diff:0.99153 s, localization right now
[Open3D INFO] before sample, target size: 903355, has normal: true
[Open3D INFO] after sample, target size: 400000, has normal: true
[Open3D INFO] source size: 24125, maxpoints_source_: 80000
[Open3D INFO] source size after voxel downsample: 18965
[Open3D INFO] after prerpocess: 18965
[Open3D INFO] reg_result.fitness: 0.96715, eva fitness: 0.988769
[INFO] [1773652873.413407741]: localization cost: 997.154000 ms
[Open3D INFO] 

time_diff:0.997257 s, localization right now
[Open3D INFO] before sample, target size: 903355, has normal: true
[Open3D INFO] after sample, target size: 400000, has normal: true
[Open3D INFO] source size: 24184, maxpoints_source_: 80000
[Open3D INFO] source size after voxel downsample: 19008
[Open3D INFO] after prerpocess: 19008
[Open3D INFO] reg_result.fitness: 0.965015, eva fitness: 0.989478
[INFO] [1773652874.694594629]: localization cost: 1281.032000 ms
[Open3D INFO] 

time_diff:1.28121 s, localization right now
[Open3D INFO] before sample, target size: 903355, has normal: true
[Open3D INFO] after sample, target size: 400000, has normal: true
[Open3D INFO] source size: 24335, maxpoints_source_: 80000
[Open3D INFO] source size after voxel downsample: 19507
[Open3D INFO] after prerpocess: 19507
[Open3D INFO] reg_result.fitness: 0.962219, eva fitness: 0.990106
[INFO] [1773652876.300955654]: localization cost: 1606.039000 ms
[Open3D INFO] 

time_diff:1.60618 s, localization right now
[Open3D INFO] before sample, target size: 903355, has normal: true
[Open3D INFO] after sample, target size: 400000, has normal: true
[Open3D INFO] source size: 23817, maxpoints_source_: 80000
[Open3D INFO] source size after voxel downsample: 19520
[Open3D INFO] after prerpocess: 19520
[Open3D INFO] reg_result.fitness: 0.920902, eva fitness: 0.960297
[INFO] [1773652877.870428946]: localization cost: 1569.317000 ms
[Open3D INFO] 

time_diff:1.56947 s, localization right now
[Open3D INFO] before sample, target size: 903355, has normal: true
[Open3D INFO] after sample, target size: 400000, has normal: true
[Open3D INFO] source size: 23833, maxpoints_source_: 80000
[Open3D INFO] source size after voxel downsample: 20020
[Open3D INFO] after prerpocess: 20020
[Open3D INFO] reg_result.fitness: 0.934066, eva fitness: 0.964985
[INFO] [1773652879.456571022]: localization cost: 1585.999000 ms
[Open3D INFO] 

time_diff:1.58612 s, localization right now
[Open3D INFO] before sample, target size: 903355, has normal: true
[Open3D INFO] after sample, target size: 400000, has normal: true
[Open3D INFO] source size: 26234, maxpoints_source_: 80000
[Open3D INFO] source size after voxel downsample: 21081
[Open3D INFO] after prerpocess: 21081
[Open3D INFO] reg_result.fitness: 0.963664, eva fitness: 0.987951
[INFO] [1773652880.989483930]: localization cost: 1532.595000 ms
[Open3D INFO] 

time_diff:1.53276 s, localization right now
[Open3D INFO] before sample, target size: 903355, has normal: true
[Open3D INFO] after sample, target size: 400000, has normal: true
[Open3D INFO] source size: 26599, maxpoints_source_: 80000
[Open3D INFO] source size after voxel downsample: 19855
[Open3D INFO] after prerpocess: 19855
[Open3D INFO] reg_result.fitness: 0.958046, eva fitness: 0.9862
[INFO] [1773652882.276030438]: localization cost: 1286.406000 ms
[Open3D INFO] 

time_diff:1.28673 s, localization right now
[Open3D INFO] before sample, target size: 903355, has normal: true
[Open3D INFO] after sample, target size: 400000, has normal: true
[Open3D INFO] source size: 25126, maxpoints_source_: 80000
[Open3D INFO] source size after voxel downsample: 16449
[Open3D INFO] after prerpocess: 16449
[Open3D INFO] reg_result.fitness: 0.931911, eva fitness: 0.964253
[INFO] [1773652883.451590626]: localization cost: 1175.204000 ms
[Open3D INFO] 

time_diff:1.17533 s, localization right now
[Open3D INFO] before sample, target size: 903355, has normal: true
[Open3D INFO] after sample, target size: 400000, has normal: true
[Open3D INFO] source size: 23554, maxpoints_source_: 80000
[Open3D INFO] source size after voxel downsample: 17102
[Open3D INFO] after prerpocess: 17102
[Open3D INFO] reg_result.fitness: 0.954040, eva fitness: 0.984739
[INFO] [1773652884.558302304]: localization cost: 1106.601000 ms
[Open3D INFO] 

time_diff:1.10676 s, localization right now
[Open3D INFO] before sample, target size: 903355, has normal: true
[Open3D INFO] after sample, target size: 400000, has normal: true
[Open3D INFO] source size: 22825, maxpoints_source_: 80000
[Open3D INFO] source size after voxel downsample: 15875
[Open3D INFO] after prerpocess: 15875
[Open3D INFO] reg_result.fitness: 0.96189, eva fitness: 0.985071
[INFO] [1773652885.638214539]: localization cost: 1079.722000 ms
[Open3D INFO] 

time_diff:1.07984 s, localization right now
[Open3D INFO] before sample, target size: 903355, has normal: true
[Open3D INFO] after sample, target size: 400000, has normal: true
[Open3D INFO] source size: 25198, maxpoints_source_: 80000
[Open3D INFO] source size after voxel downsample: 17135
[Open3D INFO] after prerpocess: 17135
[Open3D INFO] reg_result.fitness: 0.954304, eva fitness: 0.977181
[INFO] [1773652886.651128455]: localization cost: 1012.793000 ms
[Open3D INFO] 

time_diff:1.01291 s, localization right now
[Open3D INFO] before sample, target size: 903355, has normal: true
[Open3D INFO] after sample, target size: 400000, has normal: true
[Open3D INFO] source size: 27208, maxpoints_source_: 80000
[Open3D INFO] source size after voxel downsample: 17994
[Open3D INFO] after prerpocess: 17994
[Open3D INFO] reg_result.fitness: 0.945593, eva fitness: 0.973324
[INFO] [1773652888.034556206]: localization cost: 1383.289000 ms
[Open3D INFO] 

time_diff:1.38341 s, localization right now
[Open3D INFO] before sample, target size: 903355, has normal: true
[Open3D INFO] after sample, target size: 400000, has normal: true
[Open3D INFO] source size: 22631, maxpoints_source_: 80000
[Open3D INFO] source size after voxel downsample: 15445
[Open3D INFO] after prerpocess: 15445
[Open3D INFO] reg_result.fitness: 0.937197, eva fitness: 0.969375
[INFO] [1773652888.999988687]: localization cost: 965.301000 ms
[Open3D INFO] 

time_diff:0.96542 s, localization right now
[Open3D INFO] before sample, target size: 903355, has normal: true
[Open3D INFO] after sample, target size: 400000, has normal: true
[Open3D INFO] source size: 21344, maxpoints_source_: 80000
[Open3D INFO] source size after voxel downsample: 13772
[Open3D INFO] after prerpocess: 13772
[Open3D INFO] reg_result.fitness: 0.946123, eva fitness: 0.978217
[INFO] [1773652889.964770927]: localization cost: 964.664000 ms
[Open3D INFO] 

time_diff:0.96478 s, localization right now
[Open3D INFO] before sample, target size: 903355, has normal: true
[Open3D INFO] after sample, target size: 400000, has normal: true
[Open3D INFO] source size: 20844, maxpoints_source_: 80000
[Open3D INFO] source size after voxel downsample: 11718
[Open3D INFO] after prerpocess: 11718
[Open3D INFO] reg_result.fitness: 0.934545, eva fitness: 0.967315
[INFO] [1773652890.909808842]: localization cost: 944.914000 ms
[Open3D INFO] 

time_diff:0.945015 s, localization right now
[Open3D INFO] before sample, target size: 903355, has normal: true
[Open3D INFO] after sample, target size: 400000, has normal: true
[Open3D INFO] source size: 19495, maxpoints_source_: 80000
[Open3D INFO] source size after voxel downsample: 11035
[Open3D INFO] after prerpocess: 11035
[Open3D INFO] reg_result.fitness: 0.933031, eva fitness: 0.969189
[INFO] [1773652891.828162022]: localization cost: 918.231000 ms
[Open3D INFO] 

time_diff:0.918345 s, localization right now
[Open3D INFO] before sample, target size: 903355, has normal: true
[Open3D INFO] after sample, target size: 400000, has normal: true
[Open3D INFO] source size: 19051, maxpoints_source_: 80000
[Open3D INFO] source size after voxel downsample: 10716
[Open3D INFO] after prerpocess: 10716
[Open3D INFO] reg_result.fitness: 0.927398, eva fitness: 0.961739
[INFO] [1773652893.240816407]: localization cost: 1412.449000 ms
[Open3D INFO] 

time_diff:1.41278 s, localization right now
[Open3D INFO] before sample, target size: 903355, has normal: true
[Open3D INFO] after sample, target size: 400000, has normal: true
[Open3D INFO] source size: 19317, maxpoints_source_: 80000
[Open3D INFO] source size after voxel downsample: 10805
[Open3D INFO] after prerpocess: 10805
[Open3D INFO] reg_result.fitness: 0.928644, eva fitness: 0.967237
[INFO] [1773652894.468041292]: localization cost: 1226.789000 ms
[Open3D INFO] 

time_diff:1.22692 s, localization right now
[Open3D INFO] before sample, target size: 903355, has normal: true
[Open3D INFO] after sample, target size: 400000, has normal: true
[Open3D INFO] source size: 19761, maxpoints_source_: 80000
[Open3D INFO] source size after voxel downsample: 11084
[Open3D INFO] after prerpocess: 11084
[Open3D INFO] reg_result.fitness: 0.928997, eva fitness: 0.964814
[INFO] [1773652895.386210653]: localization cost: 918.043000 ms
[Open3D INFO] 

time_diff:0.918158 s, localization right now
[Open3D INFO] before sample, target size: 903355, has normal: true
[Open3D INFO] after sample, target size: 400000, has normal: true
[Open3D INFO] source size: 20006, maxpoints_source_: 80000
[Open3D INFO] source size after voxel downsample: 11425
[Open3D INFO] after prerpocess: 11425
[Open3D INFO] reg_result.fitness: 0.929278, eva fitness: 0.967002
[INFO] [1773652896.892732980]: localization cost: 1506.380000 ms
[Open3D INFO] 

time_diff:1.50657 s, localization right now
[Open3D INFO] before sample, target size: 903355, has normal: true
[Open3D INFO] after sample, target size: 400000, has normal: true
[Open3D INFO] source size: 22485, maxpoints_source_: 80000
[Open3D INFO] source size after voxel downsample: 12918
[Open3D INFO] after prerpocess: 12918
[Open3D INFO] reg_result.fitness: 0.93242, eva fitness: 0.963771
[INFO] [1773652898.132080875]: localization cost: 1239.168000 ms
[Open3D INFO] 

time_diff:1.23926 s, localization right now
[Open3D INFO] 
***
****
***


last map update loc: x: 8.11676, y: 0.260306, z2.00599,
                now loc: x: 4.84529, y: -0.770087, z0.935626, 3d distance: 3.59303, now needpdate submap
[INFO] [1773652898.215971832]: submap_cost: 83.554000 ms
[Open3D INFO] before sample, target size: 855250, has normal: true
[Open3D INFO] after sample, target size: 400000, has normal: true
[Open3D INFO] source size: 28660, maxpoints_source_: 80000
[Open3D INFO] source size after voxel downsample: 17222
[Open3D INFO] after prerpocess: 17222
[Open3D INFO] reg_result.fitness: 0.936535, eva fitness: 0.968064
[INFO] [1773652899.466057689]: localization cost: 1333.841000 ms
[Open3D INFO] 

time_diff:1.33397 s, localization right now
[Open3D INFO] before sample, target size: 855250, has normal: true
[Open3D INFO] after sample, target size: 400000, has normal: true
[Open3D INFO] source size: 29083, maxpoints_source_: 80000
[Open3D INFO] source size after voxel downsample: 16619
[Open3D INFO] after prerpocess: 16619
[Open3D INFO] reg_result.fitness: 0.956736, eva fitness: 0.987484
[INFO] [1773652900.811195467]: localization cost: 1344.820000 ms
[Open3D INFO] 

time_diff:1.34498 s, localization right now
[Open3D INFO] before sample, target size: 855250, has normal: true
[Open3D INFO] after sample, target size: 400000, has normal: true
[Open3D INFO] source size: 28798, maxpoints_source_: 80000
[Open3D INFO] source size after voxel downsample: 15919
[Open3D INFO] after prerpocess: 15919
[Open3D INFO] reg_result.fitness: 0.939883, eva fitness: 0.97192
[INFO] [1773652902.173987038]: localization cost: 1362.490000 ms
[Open3D INFO] 

time_diff:1.36259 s, localization right now
[Open3D INFO] before sample, target size: 855250, has normal: true
[Open3D INFO] after sample, target size: 400000, has normal: true
[Open3D INFO] source size: 24799, maxpoints_source_: 80000
[Open3D INFO] source size after voxel downsample: 13949
[Open3D INFO] after prerpocess: 13949
[Open3D INFO] reg_result.fitness: 0.952756, eva fitness: 0.980859
[INFO] [1773652903.228187211]: localization cost: 1053.978000 ms
[Open3D INFO] 

time_diff:1.05407 s, localization right now
[Open3D INFO] before sample, target size: 855250, has normal: true
[Open3D INFO] after sample, target size: 400000, has normal: true
[Open3D INFO] source size: 24906, maxpoints_source_: 80000
[Open3D INFO] source size after voxel downsample: 15582
[Open3D INFO] after prerpocess: 15582
[Open3D INFO] reg_result.fitness: 0.948659, eva fitness: 0.979399
[INFO] [1773652904.143018440]: localization cost: 914.715000 ms
[Open3D INFO] 

time_diff:0.914833 s, localization right now
[Open3D INFO] before sample, target size: 855250, has normal: true
[Open3D INFO] after sample, target size: 400000, has normal: true
[Open3D INFO] source size: 30646, maxpoints_source_: 80000
[Open3D INFO] source size after voxel downsample: 16803
[Open3D INFO] after prerpocess: 16803
[Open3D INFO] reg_result.fitness: 0.944117, eva fitness: 0.976314
[INFO] [1773652905.116976206]: localization cost: 973.850000 ms
[Open3D INFO] 

time_diff:0.973938 s, localization right now
[Open3D INFO] before sample, target size: 855250, has normal: true
[Open3D INFO] after sample, target size: 400000, has normal: true
[Open3D INFO] source size: 33610, maxpoints_source_: 80000
[Open3D INFO] source size after voxel downsample: 16755
[Open3D INFO] after prerpocess: 16755
[Open3D INFO] reg_result.fitness: 0.939361, eva fitness: 0.969621
[INFO] [1773652906.062766616]: localization cost: 945.674000 ms
[Open3D INFO] 

time_diff:0.945784 s, localization right now
[Open3D INFO] 
***
****
***


last map update loc: x: 4.84529, y: -0.770087, z0.935626,
                now loc: x: 2.20811, y: 1.42532, z-0.0644487, 3d distance: 3.57417, now needpdate submap
[INFO] [1773652906.127660912]: submap_cost: 64.502000 ms
[Open3D INFO] before sample, target size: 816016, has normal: true
[Open3D INFO] after sample, target size: 400000, has normal: true
[Open3D INFO] source size: 33849, maxpoints_source_: 80000
[Open3D INFO] source size after voxel downsample: 16980
[Open3D INFO] after prerpocess: 16980
[Open3D INFO] reg_result.fitness: 0.922733, eva fitness: 0.957303
[INFO] [1773652907.105618517]: localization cost: 1042.732000 ms
[Open3D INFO] 

time_diff:1.04284 s, localization right now
[Open3D INFO] before sample, target size: 816016, has normal: true
[Open3D INFO] after sample, target size: 400000, has normal: true
[Open3D INFO] source size: 32243, maxpoints_source_: 80000
[Open3D INFO] source size after voxel downsample: 15675
[Open3D INFO] after prerpocess: 15675
[Open3D INFO] reg_result.fitness: 0.921021, eva fitness: 0.954386
[INFO] [1773652908.144331178]: localization cost: 1038.601000 ms
[Open3D INFO] 

time_diff:1.03871 s, localization right now
[Open3D INFO] before sample, target size: 816016, has normal: true
[Open3D INFO] after sample, target size: 400000, has normal: true
[Open3D INFO] source size: 31922, maxpoints_source_: 80000
[Open3D INFO] source size after voxel downsample: 15592
[Open3D INFO] after prerpocess: 15592
[Open3D INFO] reg_result.fitness: 0.923486, eva fitness: 0.954785
[INFO] [1773652909.255242951]: localization cost: 1110.790000 ms
[Open3D INFO] 

time_diff:1.11089 s, localization right now
[Open3D INFO] before sample, target size: 816016, has normal: true
[Open3D INFO] after sample, target size: 400000, has normal: true
[Open3D INFO] source size: 32317, maxpoints_source_: 80000
[Open3D INFO] source size after voxel downsample: 17569
[Open3D INFO] after prerpocess: 17569
[Open3D INFO] reg_result.fitness: 0.914907, eva fitness: 0.946952
[INFO] [1773652910.326758335]: localization cost: 1071.400000 ms
[Open3D INFO] 

time_diff:1.07155 s, localization right now
[Open3D INFO] before sample, target size: 816016, has normal: true
[Open3D INFO] after sample, target size: 400000, has normal: true
[Open3D INFO] source size: 33414, maxpoints_source_: 80000
[Open3D INFO] source size after voxel downsample: 18705
[Open3D INFO] after prerpocess: 18705
[Open3D INFO] reg_result.fitness: 0.926437, eva fitness: 0.955253
[INFO] [1773652911.265374433]: localization cost: 938.456000 ms
[Open3D INFO] 

time_diff:0.938553 s, localization right now
[Open3D INFO] before sample, target size: 816016, has normal: true
[Open3D INFO] after sample, target size: 400000, has normal: true
[Open3D INFO] source size: 33627, maxpoints_source_: 80000
[Open3D INFO] source size after voxel downsample: 19060
[Open3D INFO] after prerpocess: 19060
[Open3D INFO] reg_result.fitness: 0.932686, eva fitness: 0.95787
[INFO] [1773652912.196122769]: localization cost: 930.635000 ms
[Open3D INFO] 

time_diff:0.930745 s, localization right now
[Open3D INFO] before sample, target size: 816016, has normal: true
[Open3D INFO] after sample, target size: 400000, has normal: true
[Open3D INFO] source size: 33866, maxpoints_source_: 80000
[Open3D INFO] source size after voxel downsample: 19292
[Open3D INFO] after prerpocess: 19292
[Open3D INFO] reg_result.fitness: 0.933444, eva fitness: 0.959621
[INFO] [1773652913.269913753]: localization cost: 1073.668000 ms
[Open3D INFO] 

time_diff:1.07378 s, localization right now
[Open3D INFO] before sample, target size: 816016, has normal: true
[Open3D INFO] after sample, target size: 400000, has normal: true
[Open3D INFO] source size: 34233, maxpoints_source_: 80000
[Open3D INFO] source size after voxel downsample: 19397
[Open3D INFO] after prerpocess: 19397
[Open3D INFO] reg_result.fitness: 0.929938, eva fitness: 0.96118
[INFO] [1773652914.526398768]: localization cost: 1256.354000 ms
[Open3D INFO] 

time_diff:1.25648 s, localization right now
[Open3D INFO] before sample, target size: 816016, has normal: true
[Open3D INFO] after sample, target size: 400000, has normal: true
[Open3D INFO] source size: 34340, maxpoints_source_: 80000
[Open3D INFO] source size after voxel downsample: 19293
[Open3D INFO] after prerpocess: 19293
[Open3D INFO] reg_result.fitness: 0.933136, eva fitness: 0.963251
[INFO] [1773652915.604749273]: localization cost: 1078.209000 ms
[Open3D INFO] 

time_diff:1.07833 s, localization right now
[Open3D INFO] before sample, target size: 816016, has normal: true
[Open3D INFO] after sample, target size: 400000, has normal: true
[Open3D INFO] source size: 33158, maxpoints_source_: 80000
[Open3D INFO] source size after voxel downsample: 18608
[Open3D INFO] after prerpocess: 18608
[Open3D INFO] reg_result.fitness: 0.927719, eva fitness: 0.957438
[INFO] [1773652916.600806843]: localization cost: 995.942000 ms
[Open3D INFO] 

time_diff:0.996040 s, localization right now
[Open3D INFO] before sample, target size: 816016, has normal: true
[Open3D INFO] after sample, target size: 400000, has normal: true
[Open3D INFO] source size: 31473, maxpoints_source_: 80000
[Open3D INFO] source size after voxel downsample: 18252
[Open3D INFO] after prerpocess: 18252
[Open3D INFO] reg_result.fitness: 0.943294, eva fitness: 0.964935
[INFO] [1773652917.552231563]: localization cost: 951.309000 ms
[Open3D INFO] 

time_diff:0.951421 s, localization right now
[Open3D INFO] before sample, target size: 816016, has normal: true
[Open3D INFO] after sample, target size: 400000, has normal: true
[Open3D INFO] source size: 32458, maxpoints_source_: 80000
[Open3D INFO] source size after voxel downsample: 17614
[Open3D INFO] after prerpocess: 17614
[Open3D INFO] reg_result.fitness: 0.917566, eva fitness: 0.944306
[INFO] [1773652918.500315335]: localization cost: 947.948000 ms
[Open3D INFO] 

time_diff:0.948082 s, localization right now
[Open3D INFO] before sample, target size: 816016, has normal: true
[Open3D INFO] after sample, target size: 400000, has normal: true
[Open3D INFO] source size: 33210, maxpoints_source_: 80000
[Open3D INFO] source size after voxel downsample: 17168
[Open3D INFO] after prerpocess: 17168
[Open3D INFO] reg_result.fitness: 0.913269, eva fitness: 0.943208
[INFO] [1773652919.471354260]: localization cost: 970.790000 ms
[Open3D INFO] 

time_diff:0.970887 s, localization right now
[Open3D INFO] before sample, target size: 816016, has normal: true
[Open3D INFO] after sample, target size: 400000, has normal: true
[Open3D INFO] source size: 33405, maxpoints_source_: 80000
[Open3D INFO] source size after voxel downsample: 18094
[Open3D INFO] after prerpocess: 18094
[Open3D INFO] reg_result.fitness: 0.927877, eva fitness: 0.953134
[INFO] [1773652920.564238136]: localization cost: 1092.654000 ms
[Open3D INFO] 

time_diff:1.09281 s, localization right now
[Open3D INFO] before sample, target size: 816016, has normal: true
[Open3D INFO] after sample, target size: 400000, has normal: true
[Open3D INFO] source size: 30278, maxpoints_source_: 80000
[Open3D INFO] source size after voxel downsample: 18014
[Open3D INFO] after prerpocess: 18014
[Open3D INFO] reg_result.fitness: 0.950761, eva fitness: 0.975686
[INFO] [1773652921.614947751]: localization cost: 1050.418000 ms
[Open3D INFO] 

time_diff:1.05054 s, localization right now
[Open3D INFO] before sample, target size: 816016, has normal: true
[Open3D INFO] after sample, target size: 400000, has normal: true
[Open3D INFO] source size: 31368, maxpoints_source_: 80000
[Open3D INFO] source size after voxel downsample: 17820
[Open3D INFO] after prerpocess: 17820
[Open3D INFO] reg_result.fitness: 0.939226, eva fitness: 0.966274
[INFO] [1773652922.815585028]: localization cost: 1200.521000 ms
[Open3D INFO] 

time_diff:1.20062 s, localization right now
[Open3D INFO] before sample, target size: 816016, has normal: true
[Open3D INFO] after sample, target size: 400000, has normal: true
[Open3D INFO] source size: 30982, maxpoints_source_: 80000
[Open3D INFO] source size after voxel downsample: 14868
[Open3D INFO] after prerpocess: 14868
[Open3D INFO] reg_result.fitness: 0.949489, eva fitness: 0.97276
[INFO] [1773652923.806626471]: localization cost: 990.913000 ms
[Open3D INFO] 

time_diff:0.991049 s, localization right now
[Open3D INFO] before sample, target size: 816016, has normal: true
[Open3D INFO] after sample, target size: 400000, has normal: true
[Open3D INFO] source size: 30373, maxpoints_source_: 80000
[Open3D INFO] source size after voxel downsample: 15009
[Open3D INFO] after prerpocess: 15009
[Open3D INFO] reg_result.fitness: 0.962423, eva fitness: 0.981078
[INFO] [1773652924.793028740]: localization cost: 986.276000 ms
[Open3D INFO] 

time_diff:0.986364 s, localization right now
[Open3D INFO] before sample, target size: 816016, has normal: true
[Open3D INFO] after sample, target size: 400000, has normal: true
[Open3D INFO] source size: 29409, maxpoints_source_: 80000
[Open3D INFO] source size after voxel downsample: 13354
[Open3D INFO] after prerpocess: 13354
[Open3D INFO] reg_result.fitness: 0.967351, eva fitness: 0.981354
[INFO] [1773652925.771146034]: localization cost: 978.006000 ms
[Open3D INFO] 

time_diff:0.978123 s, localization right now
[Open3D INFO] before sample, target size: 816016, has normal: true
[Open3D INFO] after sample, target size: 400000, has normal: true
[Open3D INFO] source size: 31158, maxpoints_source_: 80000
[Open3D INFO] source size after voxel downsample: 17443
[Open3D INFO] after prerpocess: 17443
[Open3D INFO] reg_result.fitness: 0.967265, eva fitness: 0.983202
[INFO] [1773652926.812541682]: localization cost: 1041.231000 ms
[Open3D INFO] 

time_diff:1.04134 s, localization right now
[Open3D INFO] before sample, target size: 816016, has normal: true
[Open3D INFO] after sample, target size: 400000, has normal: true
[Open3D INFO] source size: 31569, maxpoints_source_: 80000
[Open3D INFO] source size after voxel downsample: 16852
[Open3D INFO] after prerpocess: 16852
[Open3D INFO] reg_result.fitness: 0.934726, eva fitness: 0.958699
[INFO] [1773652927.894266354]: localization cost: 1081.601000 ms
[Open3D INFO] 

time_diff:1.08172 s, localization right now
[Open3D INFO] before sample, target size: 816016, has normal: true
[Open3D INFO] after sample, target size: 400000, has normal: true
[Open3D INFO] source size: 29477, maxpoints_source_: 80000
[Open3D INFO] source size after voxel downsample: 13662
[Open3D INFO] after prerpocess: 13662
[Open3D INFO] reg_result.fitness: 0.947226, eva fitness: 0.971527
[INFO] [1773652928.830041024]: localization cost: 935.655000 ms
[Open3D INFO] 

time_diff:0.935759 s, localization right now
[Open3D INFO] before sample, target size: 816016, has normal: true
[Open3D INFO] after sample, target size: 400000, has normal: true
[Open3D INFO] source size: 23029, maxpoints_source_: 80000
[Open3D INFO] source size after voxel downsample: 10575
[Open3D INFO] after prerpocess: 10575
[Open3D INFO] reg_result.fitness: 0.955461, eva fitness: 0.982317
[INFO] [1773652929.851764351]: localization cost: 1021.530000 ms
[Open3D INFO] 

time_diff:1.02172 s, localization right now
[Open3D INFO] before sample, target size: 816016, has normal: true
[Open3D INFO] after sample, target size: 400000, has normal: true
[Open3D INFO] source size: 24938, maxpoints_source_: 80000
[Open3D INFO] source size after voxel downsample: 12366
[Open3D INFO] after prerpocess: 12366
[Open3D INFO] reg_result.fitness: 0.956494, eva fitness: 0.981239
[INFO] [1773652930.888201732]: localization cost: 1036.315000 ms
[Open3D INFO] 

time_diff:1.03642 s, localization right now
[Open3D INFO] before sample, target size: 816016, has normal: true
[Open3D INFO] after sample, target size: 400000, has normal: true
[Open3D INFO] source size: 26120, maxpoints_source_: 80000
[Open3D INFO] source size after voxel downsample: 12309
[Open3D INFO] after prerpocess: 12309
[Open3D INFO] reg_result.fitness: 0.960598, eva fitness: 0.981639
[INFO] [1773652931.926635176]: localization cost: 1038.326000 ms
[Open3D INFO] 

time_diff:1.03843 s, localization right now
[Open3D INFO] before sample, target size: 816016, has normal: true
[Open3D INFO] after sample, target size: 400000, has normal: true
[Open3D INFO] source size: 29593, maxpoints_source_: 80000
[Open3D INFO] source size after voxel downsample: 15010
[Open3D INFO] after prerpocess: 15010
[Open3D INFO] reg_result.fitness: 0.952831, eva fitness: 0.975949
[INFO] [1773652933.010417674]: localization cost: 1083.635000 ms
[Open3D INFO] 

time_diff:1.08377 s, localization right now
[Open3D INFO] before sample, target size: 816016, has normal: true
[Open3D INFO] after sample, target size: 400000, has normal: true
[Open3D INFO] source size: 30932, maxpoints_source_: 80000
[Open3D INFO] source size after voxel downsample: 14393
[Open3D INFO] after prerpocess: 14393
[Open3D INFO] reg_result.fitness: 0.954978, eva fitness: 0.982144
[INFO] [1773652934.014794908]: localization cost: 1004.142000 ms
[Open3D INFO] 

time_diff:1.00425 s, localization right now
[Open3D INFO] before sample, target size: 816016, has normal: true
[Open3D INFO] after sample, target size: 400000, has normal: true
[Open3D INFO] source size: 30020, maxpoints_source_: 80000
[Open3D INFO] source size after voxel downsample: 14278
[Open3D INFO] after prerpocess: 14278
[Open3D INFO] reg_result.fitness: 0.965752, eva fitness: 0.990335
[INFO] [1773652935.017901885]: localization cost: 1002.939000 ms
[Open3D INFO] 

time_diff:1.00314 s, localization right now
[Open3D INFO] before sample, target size: 816016, has normal: true
[Open3D INFO] after sample, target size: 400000, has normal: true
[Open3D INFO] source size: 31175, maxpoints_source_: 80000
[Open3D INFO] source size after voxel downsample: 13891
[Open3D INFO] after prerpocess: 13891
[Open3D INFO] reg_result.fitness: 0.932762, eva fitness: 0.967677
[INFO] [1773652936.173807778]: localization cost: 1155.564000 ms
[Open3D INFO] 

time_diff:1.15571 s, localization right now
[Open3D INFO] before sample, target size: 816016, has normal: true
[Open3D INFO] after sample, target size: 400000, has normal: true
[Open3D INFO] source size: 30375, maxpoints_source_: 80000
[Open3D INFO] source size after voxel downsample: 15748
[Open3D INFO] after prerpocess: 15748
[Open3D INFO] reg_result.fitness: 0.948311, eva fitness: 0.975362
[INFO] [1773652937.125678927]: localization cost: 951.592000 ms
[Open3D INFO] 

time_diff:0.951701 s, localization right now
[Open3D INFO] before sample, target size: 816016, has normal: true
[Open3D INFO] after sample, target size: 400000, has normal: true
[Open3D INFO] source size: 30418, maxpoints_source_: 80000
[Open3D INFO] source size after voxel downsample: 16337
[Open3D INFO] after prerpocess: 16337
[Open3D INFO] reg_result.fitness: 0.943931, eva fitness: 0.976434
[INFO] [1773652938.130651558]: localization cost: 1004.868000 ms
[Open3D INFO] 

time_diff:1.00495 s, localization right now
[Open3D INFO] before sample, target size: 816016, has normal: true
[Open3D INFO] after sample, target size: 400000, has normal: true
[Open3D INFO] source size: 32117, maxpoints_source_: 80000
[Open3D INFO] source size after voxel downsample: 17250
[Open3D INFO] after prerpocess: 17250
[Open3D INFO] reg_result.fitness: 0.944174, eva fitness: 0.974435
[INFO] [1773652939.461535567]: localization cost: 1330.746000 ms
[Open3D INFO] 

time_diff:1.33089 s, localization right now
[Open3D INFO] before sample, target size: 816016, has normal: true
[Open3D INFO] after sample, target size: 400000, has normal: true
[Open3D INFO] source size: 31533, maxpoints_source_: 80000
[Open3D INFO] source size after voxel downsample: 16995
[Open3D INFO] after prerpocess: 16995
[Open3D INFO] reg_result.fitness: 0.978229, eva fitness: 0.993292
[INFO] [1773652940.883843653]: localization cost: 1421.991000 ms
[Open3D INFO] 

time_diff:1.42216 s, localization right now
[Open3D INFO] before sample, target size: 816016, has normal: true
[Open3D INFO] after sample, target size: 400000, has normal: true
[Open3D INFO] source size: 29119, maxpoints_source_: 80000
[Open3D INFO] source size after voxel downsample: 15239
[Open3D INFO] after prerpocess: 15239
[Open3D INFO] reg_result.fitness: 0.948816, eva fitness: 0.981167
[INFO] [1773652941.894520678]: localization cost: 1010.453000 ms
[Open3D INFO] 

time_diff:1.01064 s, localization right now
[Open3D INFO] before sample, target size: 816016, has normal: true
[Open3D INFO] after sample, target size: 400000, has normal: true
[Open3D INFO] source size: 28156, maxpoints_source_: 80000
[Open3D INFO] source size after voxel downsample: 15616
[Open3D INFO] after prerpocess: 15616
[Open3D INFO] reg_result.fitness: 0.935387, eva fitness: 0.967661
[INFO] [1773652942.979640414]: localization cost: 1084.943000 ms
[Open3D INFO] 

time_diff:1.08505 s, localization right now
[Open3D INFO] 
***
****
***


last map update loc: x: 2.20811, y: 1.42532, z-0.0644487,
                now loc: x: 5.78204, y: 0.531737, z1.25431, 3d distance: 3.91287, now needpdate submap
[INFO] [1773652943.057293408]: submap_cost: 77.335000 ms
[Open3D INFO] before sample, target size: 875897, has normal: true
[Open3D INFO] after sample, target size: 400000, has normal: true
[Open3D INFO] source size: 25961, maxpoints_source_: 80000
[Open3D INFO] source size after voxel downsample: 15760
[Open3D INFO] after prerpocess: 15760
[Open3D INFO] reg_result.fitness: 0.94981, eva fitness: 0.975952
[INFO] [1773652944.170863589]: localization cost: 1191.111000 ms
[Open3D INFO] 

time_diff:1.19121 s, localization right now
[Open3D INFO] before sample, target size: 875897, has normal: true
[Open3D INFO] after sample, target size: 400000, has normal: true
[Open3D INFO] source size: 28303, maxpoints_source_: 80000
[Open3D INFO] source size after voxel downsample: 14923
[Open3D INFO] after prerpocess: 14923
[Open3D INFO] reg_result.fitness: 0.952757, eva fitness: 0.982845
[INFO] [1773652945.345181787]: localization cost: 1174.207000 ms
[Open3D INFO] 

time_diff:1.1743 s, localization right now
[Open3D INFO] before sample, target size: 875897, has normal: true
[Open3D INFO] after sample, target size: 400000, has normal: true
[Open3D INFO] source size: 30348, maxpoints_source_: 80000
[Open3D INFO] source size after voxel downsample: 15505
[Open3D INFO] after prerpocess: 15505
[Open3D INFO] reg_result.fitness: 0.956272, eva fitness: 0.983038
[INFO] [1773652946.554112135]: localization cost: 1208.820000 ms
[Open3D INFO] 

time_diff:1.20893 s, localization right now
[Open3D INFO] before sample, target size: 875897, has normal: true
[Open3D INFO] after sample, target size: 400000, has normal: true
[Open3D INFO] source size: 30992, maxpoints_source_: 80000
[Open3D INFO] source size after voxel downsample: 15977
[Open3D INFO] after prerpocess: 15977
[Open3D INFO] reg_result.fitness: 0.962947, eva fitness: 0.985792
[INFO] [1773652947.912957983]: localization cost: 1358.732000 ms
[Open3D INFO] 

time_diff:1.35888 s, localization right now
[Open3D INFO] before sample, target size: 875897, has normal: true
[Open3D INFO] after sample, target size: 400000, has normal: true
[Open3D INFO] source size: 28231, maxpoints_source_: 80000
[Open3D INFO] source size after voxel downsample: 16446
[Open3D INFO] after prerpocess: 16446
[Open3D INFO] reg_result.fitness: 0.962058, eva fitness: 0.981941
[INFO] [1773652949.136019180]: localization cost: 1222.908000 ms
[Open3D INFO] 

time_diff:1.223 s, localization right now
[Open3D INFO] before sample, target size: 875897, has normal: true
[Open3D INFO] after sample, target size: 400000, has normal: true
[Open3D INFO] source size: 25428, maxpoints_source_: 80000
[Open3D INFO] source size after voxel downsample: 12789
[Open3D INFO] after prerpocess: 12789
[Open3D INFO] reg_result.fitness: 0.952146, eva fitness: 0.978263
[INFO] [1773652950.372667351]: localization cost: 1236.541000 ms
[Open3D INFO] 

time_diff:1.23664 s, localization right now
[Open3D INFO] before sample, target size: 875897, has normal: true
[Open3D INFO] after sample, target size: 400000, has normal: true
[Open3D INFO] source size: 25275, maxpoints_source_: 80000
[Open3D INFO] source size after voxel downsample: 11028
[Open3D INFO] after prerpocess: 11028
[Open3D INFO] reg_result.fitness: 0.956202, eva fitness: 0.984766
[INFO] [1773652951.629846521]: localization cost: 1256.908000 ms
[Open3D INFO] 

time_diff:1.25701 s, localization right now
[Open3D INFO] before sample, target size: 875897, has normal: true
[Open3D INFO] after sample, target size: 400000, has normal: true
[Open3D INFO] source size: 25494, maxpoints_source_: 80000
[Open3D INFO] source size after voxel downsample: 13342
[Open3D INFO] after prerpocess: 13342
[Open3D INFO] reg_result.fitness: 0.958627, eva fitness: 0.989882
[INFO] [1773652953.157119542]: localization cost: 1527.134000 ms
[Open3D INFO] 

time_diff:1.52726 s, localization right now
[Open3D INFO] before sample, target size: 875897, has normal: true
[Open3D INFO] after sample, target size: 400000, has normal: true
[Open3D INFO] source size: 26523, maxpoints_source_: 80000
[Open3D INFO] source size after voxel downsample: 18111
[Open3D INFO] after prerpocess: 18111
[Open3D INFO] reg_result.fitness: 0.966153, eva fitness: 0.984761
[INFO] [1773652954.152601261]: localization cost: 995.376000 ms
[Open3D INFO] 

time_diff:0.995463 s, localization right now
[Open3D INFO] before sample, target size: 875897, has normal: true
[Open3D INFO] after sample, target size: 400000, has normal: true
[Open3D INFO] source size: 28782, maxpoints_source_: 80000
[Open3D INFO] source size after voxel downsample: 21112
[Open3D INFO] after prerpocess: 21112
[Open3D INFO] reg_result.fitness: 0.965707, eva fitness: 0.988206
[INFO] [1773652955.393862682]: localization cost: 1241.166000 ms
[Open3D INFO] 

time_diff:1.24126 s, localization right now
[Open3D INFO] 
***
****
***


last map update loc: x: 5.78204, y: 0.531737, z1.25431,
                now loc: x: 9.40996, y: 1.26056, z2.00767, 3d distance: 3.77631, now needpdate submap
[INFO] [1773652955.475071583]: submap_cost: 80.723000 ms
[Open3D INFO] before sample, target size: 902553, has normal: true
[Open3D INFO] after sample, target size: 400000, has normal: true
[Open3D INFO] source size: 28104, maxpoints_source_: 80000
[Open3D INFO] source size after voxel downsample: 21519
[Open3D INFO] after prerpocess: 21519
[Open3D INFO] reg_result.fitness: 0.972396, eva fitness: 0.993262
[INFO] [1773652956.830009945]: localization cost: 1435.870000 ms
[Open3D INFO] 

time_diff:1.43599 s, localization right now
[Open3D INFO] before sample, target size: 902553, has normal: true
[Open3D INFO] after sample, target size: 400000, has normal: true
[Open3D INFO] source size: 28179, maxpoints_source_: 80000
[Open3D INFO] source size after voxel downsample: 21942
[Open3D INFO] after prerpocess: 21942
[Open3D INFO] reg_result.fitness: 0.975845, eva fitness: 0.990839
[INFO] [1773652958.045517959]: localization cost: 1215.393000 ms
[Open3D INFO] 

time_diff:1.21549 s, localization right now
[Open3D INFO] before sample, target size: 902553, has normal: true
[Open3D INFO] after sample, target size: 400000, has normal: true
[Open3D INFO] source size: 28243, maxpoints_source_: 80000
[Open3D INFO] source size after voxel downsample: 21611
[Open3D INFO] after prerpocess: 21611
[Open3D INFO] reg_result.fitness: 0.976771, eva fitness: 0.991208
[INFO] [1773652959.498488686]: localization cost: 1452.865000 ms
[Open3D INFO] 

time_diff:1.45296 s, localization right now
[Open3D INFO] before sample, target size: 902553, has normal: true
[Open3D INFO] after sample, target size: 400000, has normal: true
[Open3D INFO] source size: 28185, maxpoints_source_: 80000
[Open3D INFO] source size after voxel downsample: 21510
[Open3D INFO] after prerpocess: 21510
[Open3D INFO] reg_result.fitness: 0.983682, eva fitness: 0.997583
[INFO] [1773652960.814145076]: localization cost: 1315.549000 ms
[Open3D INFO] 

time_diff:1.31565 s, localization right now
[Open3D INFO] before sample, target size: 902553, has normal: true
[Open3D INFO] after sample, target size: 400000, has normal: true
[Open3D INFO] source size: 28205, maxpoints_source_: 80000
[Open3D INFO] source size after voxel downsample: 21525
[Open3D INFO] after prerpocess: 21525
[Open3D INFO] reg_result.fitness: 0.983368, eva fitness: 0.998188
[INFO] [1773652962.190134473]: localization cost: 1375.885000 ms
[Open3D INFO] 

time_diff:1.37598 s, localization right now
[Open3D INFO] before sample, target size: 902553, has normal: true
[Open3D INFO] after sample, target size: 400000, has normal: true
[Open3D INFO] source size: 28147, maxpoints_source_: 80000
[Open3D INFO] source size after voxel downsample: 21498
[Open3D INFO] after prerpocess: 21498
[Open3D INFO] reg_result.fitness: 0.979347, eva fitness: 0.998884
[INFO] [1773652963.139707617]: localization cost: 949.362000 ms
[Open3D INFO] 

time_diff:0.949457 s, localization right now
[Open3D INFO] before sample, target size: 902553, has normal: true
[Open3D INFO] after sample, target size: 400000, has normal: true
[Open3D INFO] source size: 28120, maxpoints_source_: 80000
[Open3D INFO] source size after voxel downsample: 21438
[Open3D INFO] after prerpocess: 21438
[Open3D INFO] reg_result.fitness: 0.97733, eva fitness: 0.996128
[INFO] [1773652964.641207902]: localization cost: 1501.382000 ms
[Open3D INFO] 

time_diff:1.50150 s, localization right now
[Open3D INFO] before sample, target size: 902553, has normal: true
[Open3D INFO] after sample, target size: 400000, has normal: true
[Open3D INFO] source size: 25631, maxpoints_source_: 80000
[Open3D INFO] source size after voxel downsample: 20030
[Open3D INFO] after prerpocess: 20030
[Open3D INFO] reg_result.fitness: 0.978732, eva fitness: 0.996206
[INFO] [1773652965.903469989]: localization cost: 1261.976000 ms
[Open3D INFO] 

time_diff:1.26215 s, localization right now
[Open3D INFO] before sample, target size: 902553, has normal: true
[Open3D INFO] after sample, target size: 400000, has normal: true
[Open3D INFO] source size: 24788, maxpoints_source_: 80000
[Open3D INFO] source size after voxel downsample: 19326
[Open3D INFO] after prerpocess: 19326
[Open3D INFO] reg_result.fitness: 0.984011, eva fitness: 0.996119
[INFO] [1773652966.931457761]: localization cost: 1027.659000 ms
[Open3D INFO] 

time_diff:1.02777 s, localization right now
[Open3D INFO] before sample, target size: 902553, has normal: true
[Open3D INFO] after sample, target size: 400000, has normal: true
[Open3D INFO] source size: 25130, maxpoints_source_: 80000
[Open3D INFO] source size after voxel downsample: 19176
[Open3D INFO] after prerpocess: 19176
[Open3D INFO] reg_result.fitness: 0.979714, eva fitness: 0.995672
[INFO] [1773652968.174969629]: localization cost: 1243.410000 ms
[Open3D INFO] 

time_diff:1.2435 s, localization right now
[Open3D INFO] before sample, target size: 902553, has normal: true
[Open3D INFO] after sample, target size: 400000, has normal: true
[Open3D INFO] source size: 24268, maxpoints_source_: 80000
[Open3D INFO] source size after voxel downsample: 19195
[Open3D INFO] after prerpocess: 19195
[Open3D INFO] reg_result.fitness: 0.978223, eva fitness: 0.987132
[INFO] [1773652969.762974550]: localization cost: 1587.800000 ms
[Open3D INFO] 

time_diff:1.58799 s, localization right now
[Open3D INFO] before sample, target size: 902553, has normal: true
[Open3D INFO] after sample, target size: 400000, has normal: true
[Open3D INFO] source size: 24131, maxpoints_source_: 80000
[Open3D INFO] source size after voxel downsample: 19411
[Open3D INFO] after prerpocess: 19411
[Open3D INFO] reg_result.fitness: 0.973366, eva fitness: 0.98846
[INFO] [1773652970.965920880]: localization cost: 1202.690000 ms
[Open3D INFO] 

time_diff:1.20280 s, localization right now
[Open3D INFO] before sample, target size: 902553, has normal: true
[Open3D INFO] after sample, target size: 400000, has normal: true
[Open3D INFO] source size: 23859, maxpoints_source_: 80000
[Open3D INFO] source size after voxel downsample: 19886
[Open3D INFO] after prerpocess: 19886
[Open3D INFO] reg_result.fitness: 0.976365, eva fitness: 0.988786
[INFO] [1773652972.152528595]: localization cost: 1186.497000 ms
[Open3D INFO] 

time_diff:1.18663 s, localization right now
[Open3D INFO] before sample, target size: 902553, has normal: true
[Open3D INFO] after sample, target size: 400000, has normal: true
[Open3D INFO] source size: 25978, maxpoints_source_: 80000
[Open3D INFO] source size after voxel downsample: 20587
[Open3D INFO] after prerpocess: 20587
[Open3D INFO] reg_result.fitness: 0.979939, eva fitness: 0.990722
[INFO] [1773652973.168060735]: localization cost: 1015.382000 ms
[Open3D INFO] 

time_diff:1.01548 s, localization right now
[Open3D INFO] before sample, target size: 902553, has normal: true
[Open3D INFO] after sample, target size: 400000, has normal: true
[Open3D INFO] source size: 26837, maxpoints_source_: 80000
[Open3D INFO] source size after voxel downsample: 20523
[Open3D INFO] after prerpocess: 20523
[Open3D INFO] reg_result.fitness: 0.981094, eva fitness: 0.990206
[INFO] [1773652974.292977667]: localization cost: 1124.811000 ms
[Open3D INFO] 

time_diff:1.12491 s, localization right now
[Open3D INFO] 
***
****
***


last map update loc: x: 9.40996, y: 1.26056, z2.00767,
                now loc: x: 7.11253, y: -1.40248, z1.88654, 3d distance: 3.51918, now needpdate submap
[INFO] [1773652974.370170172]: submap_cost: 76.889000 ms
[Open3D INFO] before sample, target size: 890235, has normal: true
[Open3D INFO] after sample, target size: 400000, has normal: true
[Open3D INFO] source size: 26207, maxpoints_source_: 80000
[Open3D INFO] source size after voxel downsample: 19557
[Open3D INFO] after prerpocess: 19557
[Open3D INFO] reg_result.fitness: 0.964616, eva fitness: 0.979291
[INFO] [1773652975.866074839]: localization cost: 1572.974000 ms
[Open3D INFO] 

time_diff:1.57309 s, localization right now
[Open3D INFO] before sample, target size: 890235, has normal: true
[Open3D INFO] after sample, target size: 400000, has normal: true
[Open3D INFO] source size: 25721, maxpoints_source_: 80000
[Open3D INFO] source size after voxel downsample: 18386
[Open3D INFO] after prerpocess: 18386
[Open3D INFO] reg_result.fitness: 0.93767, eva fitness: 0.955618
[INFO] [1773652977.228941796]: localization cost: 1362.739000 ms
[Open3D INFO] 

time_diff:1.36285 s, localization right now
[Open3D INFO] before sample, target size: 890235, has normal: true
[Open3D INFO] after sample, target size: 400000, has normal: true
[Open3D INFO] source size: 26953, maxpoints_source_: 80000
[Open3D INFO] source size after voxel downsample: 17803
[Open3D INFO] after prerpocess: 17803
[Open3D INFO] reg_result.fitness: 0.93282, eva fitness: 0.951525
[INFO] [1773652978.390618724]: localization cost: 1161.550000 ms
[Open3D INFO] 

time_diff:1.16167 s, localization right now
[Open3D INFO] before sample, target size: 890235, has normal: true
[Open3D INFO] after sample, target size: 400000, has normal: true
[Open3D INFO] source size: 27589, maxpoints_source_: 80000
[Open3D INFO] source size after voxel downsample: 16458
[Open3D INFO] after prerpocess: 16458
[Open3D INFO] reg_result.fitness: 0.949933, eva fitness: 0.969073
[INFO] [1773652979.668414054]: localization cost: 1277.681000 ms
[Open3D INFO] 

time_diff:1.27778 s, localization right now
[Open3D INFO] before sample, target size: 890235, has normal: true
[Open3D INFO] after sample, target size: 400000, has normal: true
[Open3D INFO] source size: 27260, maxpoints_source_: 80000
[Open3D INFO] source size after voxel downsample: 16405
[Open3D INFO] after prerpocess: 16405
[Open3D INFO] reg_result.fitness: 0.932155, eva fitness: 0.961658
[INFO] [1773652980.954463271]: localization cost: 1285.923000 ms
[Open3D INFO] 

time_diff:1.28604 s, localization right now
[Open3D INFO] before sample, target size: 890235, has normal: true
[Open3D INFO] after sample, target size: 400000, has normal: true
[Open3D INFO] source size: 27771, maxpoints_source_: 80000
[Open3D INFO] source size after voxel downsample: 15592
[Open3D INFO] after prerpocess: 15592
[Open3D INFO] reg_result.fitness: 0.932978, eva fitness: 0.962994
[INFO] [1773652982.059733856]: localization cost: 1105.067000 ms
[Open3D INFO] 

time_diff:1.10528 s, localization right now
[Open3D INFO] before sample, target size: 890235, has normal: true
[Open3D INFO] after sample, target size: 400000, has normal: true
[Open3D INFO] source size: 29634, maxpoints_source_: 80000
[Open3D INFO] source size after voxel downsample: 17346
[Open3D INFO] after prerpocess: 17346
[Open3D INFO] reg_result.fitness: 0.930532, eva fitness: 0.964949
[INFO] [1773652983.146240366]: localization cost: 1086.303000 ms
[Open3D INFO] 

time_diff:1.08664 s, localization right now
[Open3D INFO] before sample, target size: 890235, has normal: true
[Open3D INFO] after sample, target size: 400000, has normal: true
[Open3D INFO] source size: 31066, maxpoints_source_: 80000
[Open3D INFO] source size after voxel downsample: 18061
[Open3D INFO] after prerpocess: 18061
[Open3D INFO] reg_result.fitness: 0.920436, eva fitness: 0.956149
[INFO] [1773652984.240909719]: localization cost: 1094.330000 ms
[Open3D INFO] 

time_diff:1.09443 s, localization right now
[Open3D INFO] 
***
****
***


last map update loc: x: 7.11253, y: -1.40248, z1.88654,
                now loc: x: 3.66317, y: 0.31528, z0.441948, 3d distance: 4.11529, now needpdate submap
[INFO] [1773652984.317014922]: submap_cost: 75.646000 ms
[Open3D INFO] before sample, target size: 830198, has normal: true
[Open3D INFO] after sample, target size: 400000, has normal: true
[Open3D INFO] source size: 30750, maxpoints_source_: 80000
[Open3D INFO] source size after voxel downsample: 17716
[Open3D INFO] after prerpocess: 17716
[Open3D INFO] reg_result.fitness: 0.91375, eva fitness: 0.949481
[INFO] [1773652985.579287313]: localization cost: 1338.276000 ms
[Open3D INFO] 

time_diff:1.33836 s, localization right now
[Open3D INFO] before sample, target size: 830198, has normal: true
[Open3D INFO] after sample, target size: 400000, has normal: true
[Open3D INFO] source size: 27076, maxpoints_source_: 80000
[Open3D INFO] source size after voxel downsample: 15314
[Open3D INFO] after prerpocess: 15314
[Open3D INFO] reg_result.fitness: 0.913282, eva fitness: 0.945018
[INFO] [1773652986.536528757]: localization cost: 957.143000 ms
[Open3D INFO] 

time_diff:0.957241 s, localization right now
[Open3D INFO] before sample, target size: 830198, has normal: true
[Open3D INFO] after sample, target size: 400000, has normal: true
[Open3D INFO] source size: 28498, maxpoints_source_: 80000
[Open3D INFO] source size after voxel downsample: 16416
[Open3D INFO] after prerpocess: 16416
[Open3D INFO] reg_result.fitness: 0.91825, eva fitness: 0.949988
[INFO] [1773652987.515868151]: localization cost: 979.213000 ms
[Open3D INFO] 

time_diff:0.97934 s, localization right now
[Open3D INFO] before sample, target size: 830198, has normal: true
[Open3D INFO] after sample, target size: 400000, has normal: true
[Open3D INFO] source size: 29089, maxpoints_source_: 80000
[Open3D INFO] source size after voxel downsample: 13668
[Open3D INFO] after prerpocess: 13668
[Open3D INFO] reg_result.fitness: 0.91674, eva fitness: 0.948493
[INFO] [1773652988.689104713]: localization cost: 1172.964000 ms
[Open3D INFO] 

time_diff:1.17315 s, localization right now
[Open3D INFO] before sample, target size: 830198, has normal: true
[Open3D INFO] after sample, target size: 400000, has normal: true
[Open3D INFO] source size: 28350, maxpoints_source_: 80000
[Open3D INFO] source size after voxel downsample: 13420
[Open3D INFO] after prerpocess: 13420
[Open3D INFO] reg_result.fitness: 0.926528, eva fitness: 0.952385
[INFO] [1773652990.281255603]: localization cost: 1591.998000 ms
[Open3D INFO] 

time_diff:1.59209 s, localization right now
[Open3D INFO] before sample, target size: 830198, has normal: true
[Open3D INFO] after sample, target size: 400000, has normal: true
[Open3D INFO] source size: 33234, maxpoints_source_: 80000
[Open3D INFO] source size after voxel downsample: 17456
[Open3D INFO] after prerpocess: 17456
[Open3D INFO] reg_result.fitness: 0.911606, eva fitness: 0.94277
[INFO] [1773652991.261241964]: localization cost: 979.861000 ms
[Open3D INFO] 

time_diff:0.979989 s, localization right now
[Open3D INFO] before sample, target size: 830198, has normal: true
[Open3D INFO] after sample, target size: 400000, has normal: true
[Open3D INFO] source size: 32833, maxpoints_source_: 80000
[Open3D INFO] source size after voxel downsample: 16884
[Open3D INFO] after prerpocess: 16884
[Open3D INFO] reg_result.fitness: 0.919687, eva fitness: 0.948117
[INFO] [1773652992.267576537]: localization cost: 1006.220000 ms
[Open3D INFO] 

time_diff:1.00632 s, localization right now
[Open3D INFO] before sample, target size: 830198, has normal: true
[Open3D INFO] after sample, target size: 400000, has normal: true
[Open3D INFO] source size: 33061, maxpoints_source_: 80000
[Open3D INFO] source size after voxel downsample: 15988
[Open3D INFO] after prerpocess: 15988
[Open3D INFO] reg_result.fitness: 0.923818, eva fitness: 0.947961
[INFO] [1773652993.225932579]: localization cost: 958.231000 ms
[Open3D INFO] 

time_diff:0.958345 s, localization right now
[Open3D INFO] before sample, target size: 830198, has normal: true
[Open3D INFO] after sample, target size: 400000, has normal: true
[Open3D INFO] source size: 32965, maxpoints_source_: 80000
[Open3D INFO] source size after voxel downsample: 15247
[Open3D INFO] after prerpocess: 15247
[Open3D INFO] reg_result.fitness: 0.92451, eva fitness: 0.952646
[INFO] [1773652994.509824473]: localization cost: 1283.702000 ms
[Open3D INFO] 

time_diff:1.28391 s, localization right now
[Open3D INFO] before sample, target size: 830198, has normal: true
[Open3D INFO] after sample, target size: 400000, has normal: true
[Open3D INFO] source size: 32667, maxpoints_source_: 80000
[Open3D INFO] source size after voxel downsample: 15565
[Open3D INFO] after prerpocess: 15565
[Open3D INFO] reg_result.fitness: 0.926052, eva fitness: 0.950145
[INFO] [1773652995.918204979]: localization cost: 1408.228000 ms
[Open3D INFO] 

time_diff:1.40834 s, localization right now
[Open3D INFO] before sample, target size: 830198, has normal: true
[Open3D INFO] after sample, target size: 400000, has normal: true
[Open3D INFO] source size: 31780, maxpoints_source_: 80000
[Open3D INFO] source size after voxel downsample: 17547
[Open3D INFO] after prerpocess: 17547
[Open3D INFO] reg_result.fitness: 0.897076, eva fitness: 0.93412
[INFO] [1773652996.865591488]: localization cost: 947.143000 ms
[Open3D INFO] 

time_diff:0.947241 s, localization right now
[Open3D INFO] before sample, target size: 830198, has normal: true
[Open3D INFO] after sample, target size: 400000, has normal: true
[Open3D INFO] source size: 33566, maxpoints_source_: 80000
[Open3D INFO] source size after voxel downsample: 18376
[Open3D INFO] after prerpocess: 18376
[Open3D INFO] reg_result.fitness: 0.91995, eva fitness: 0.949064
[INFO] [1773652997.867181128]: localization cost: 1001.368000 ms
[Open3D INFO] 

time_diff:1.00146 s, localization right now
[Open3D INFO] before sample, target size: 830198, has normal: true
[Open3D INFO] after sample, target size: 400000, has normal: true
[Open3D INFO] source size: 33733, maxpoints_source_: 80000
[Open3D INFO] source size after voxel downsample: 18549
[Open3D INFO] after prerpocess: 18549
[Open3D INFO] reg_result.fitness: 0.923069, eva fitness: 0.9552
[INFO] [1773652998.833077335]: localization cost: 965.789000 ms
[Open3D INFO] 

time_diff:0.965887 s, localization right now
[Open3D INFO] before sample, target size: 830198, has normal: true
[Open3D INFO] after sample, target size: 400000, has normal: true
[Open3D INFO] source size: 34481, maxpoints_source_: 80000
[Open3D INFO] source size after voxel downsample: 19146
[Open3D INFO] after prerpocess: 19146
[Open3D INFO] reg_result.fitness: 0.927922, eva fitness: 0.956022
[INFO] [1773652999.779578277]: localization cost: 946.392000 ms
[Open3D INFO] 

time_diff:0.946495 s, localization right now
[Open3D INFO] before sample, target size: 830198, has normal: true
[Open3D INFO] after sample, target size: 400000, has normal: true
[Open3D INFO] source size: 34897, maxpoints_source_: 80000
[Open3D INFO] source size after voxel downsample: 19464
[Open3D INFO] after prerpocess: 19464
[Open3D INFO] reg_result.fitness: 0.916615, eva fitness: 0.948315
[INFO] [1773653000.799210144]: localization cost: 1019.471000 ms
[Open3D INFO] 

time_diff:1.01967 s, localization right now
[Open3D INFO] before sample, target size: 830198, has normal: true
[Open3D INFO] after sample, target size: 400000, has normal: true
[Open3D INFO] source size: 34818, maxpoints_source_: 80000
[Open3D INFO] source size after voxel downsample: 19141
[Open3D INFO] after prerpocess: 19141
[Open3D INFO] reg_result.fitness: 0.921634, eva fitness: 0.955593
[INFO] [1773653001.931649225]: localization cost: 1132.235000 ms
[Open3D INFO] 

time_diff:1.13244 s, localization right now
[Open3D INFO] before sample, target size: 830198, has normal: true
[Open3D INFO] after sample, target size: 400000, has normal: true
[Open3D INFO] source size: 34153, maxpoints_source_: 80000
[Open3D INFO] source size after voxel downsample: 19164
[Open3D INFO] after prerpocess: 19164
[Open3D INFO] reg_result.fitness: 0.919641, eva fitness: 0.950167
[INFO] [1773653003.088166294]: localization cost: 1156.294000 ms
[Open3D INFO] 

time_diff:1.15646 s, localization right now
[Open3D INFO] before sample, target size: 830198, has normal: true
[Open3D INFO] after sample, target size: 400000, has normal: true
[Open3D INFO] source size: 32295, maxpoints_source_: 80000
[Open3D INFO] source size after voxel downsample: 17506
[Open3D INFO] after prerpocess: 17506
[Open3D INFO] reg_result.fitness: 0.912487, eva fitness: 0.944819
[INFO] [1773653004.341317024]: localization cost: 1252.967000 ms
[Open3D INFO] 

time_diff:1.25307 s, localization right now
[Open3D INFO] before sample, target size: 830198, has normal: true
[Open3D INFO] after sample, target size: 400000, has normal: true
[Open3D INFO] source size: 30441, maxpoints_source_: 80000
[Open3D INFO] source size after voxel downsample: 16037
[Open3D INFO] after prerpocess: 16037
[Open3D INFO] reg_result.fitness: 0.96639, eva fitness: 0.983725
[INFO] [1773653005.356655173]: localization cost: 1015.197000 ms
[Open3D INFO] 

time_diff:1.01535 s, localization right now
[Open3D INFO] before sample, target size: 830198, has normal: true
[Open3D INFO] after sample, target size: 400000, has normal: true
[Open3D INFO] source size: 32169, maxpoints_source_: 80000
[Open3D INFO] source size after voxel downsample: 16441
[Open3D INFO] after prerpocess: 16441
[Open3D INFO] reg_result.fitness: 0.931634, eva fitness: 0.961438
[INFO] [1773653006.272319012]: localization cost: 915.516000 ms
[Open3D INFO] 

time_diff:0.915633 s, localization right now
[Open3D INFO] before sample, target size: 830198, has normal: true
[Open3D INFO] after sample, target size: 400000, has normal: true
[Open3D INFO] source size: 31506, maxpoints_source_: 80000
[Open3D INFO] source size after voxel downsample: 16341
[Open3D INFO] after prerpocess: 16341
[Open3D INFO] reg_result.fitness: 0.912612, eva fitness: 0.94217
[INFO] [1773653007.279916317]: localization cost: 1007.467000 ms
[Open3D INFO] 

time_diff:1.00760 s, localization right now
[Open3D INFO] before sample, target size: 830198, has normal: true
[Open3D INFO] after sample, target size: 400000, has normal: true
[Open3D INFO] source size: 30563, maxpoints_source_: 80000
[Open3D INFO] source size after voxel downsample: 16083
[Open3D INFO] after prerpocess: 16083
[Open3D INFO] reg_result.fitness: 0.913698, eva fitness: 0.939377
[INFO] [1773653008.285325833]: localization cost: 1005.280000 ms
[Open3D INFO] 

time_diff:1.00537 s, localization right now
[Open3D INFO] before sample, target size: 830198, has normal: true
[Open3D INFO] after sample, target size: 400000, has normal: true
[Open3D INFO] source size: 31862, maxpoints_source_: 80000
[Open3D INFO] source size after voxel downsample: 16407
[Open3D INFO] after prerpocess: 16407
[Open3D INFO] reg_result.fitness: 0.907479, eva fitness: 0.938624
[INFO] [1773653009.355993840]: localization cost: 1070.558000 ms
[Open3D INFO] 

time_diff:1.07066 s, localization right now
[Open3D INFO] before sample, target size: 830198, has normal: true
[Open3D INFO] after sample, target size: 400000, has normal: true
[Open3D INFO] source size: 31888, maxpoints_source_: 80000
[Open3D INFO] source size after voxel downsample: 15365
[Open3D INFO] after prerpocess: 15365
[Open3D INFO] reg_result.fitness: 0.900488, eva fitness: 0.936219
[INFO] [1773653010.435672081]: localization cost: 1079.568000 ms
[Open3D INFO] 

time_diff:1.07966 s, localization right now
[Open3D INFO] before sample, target size: 830198, has normal: true
[Open3D INFO] after sample, target size: 400000, has normal: true
[Open3D INFO] source size: 31111, maxpoints_source_: 80000
[Open3D INFO] source size after voxel downsample: 16415
[Open3D INFO] after prerpocess: 16415
[Open3D INFO] reg_result.fitness: 0.918306, eva fitness: 0.955041
[INFO] [1773653011.415477220]: localization cost: 979.708000 ms
[Open3D INFO] 

time_diff:0.979803 s, localization right now
[Open3D INFO] before sample, target size: 830198, has normal: true
[Open3D INFO] after sample, target size: 400000, has normal: true
[Open3D INFO] source size: 30963, maxpoints_source_: 80000
[Open3D INFO] source size after voxel downsample: 17770
[Open3D INFO] after prerpocess: 17770
[Open3D INFO] reg_result.fitness: 0.928419, eva fitness: 0.966179
[INFO] [1773653012.531866975]: localization cost: 1116.284000 ms
[Open3D INFO] 

time_diff:1.11638 s, localization right now
[Open3D INFO] before sample, target size: 830198, has normal: true
[Open3D INFO] after sample, target size: 400000, has normal: true
[Open3D INFO] source size: 31608, maxpoints_source_: 80000
[Open3D INFO] source size after voxel downsample: 17492
[Open3D INFO] after prerpocess: 17492
[Open3D INFO] reg_result.fitness: 0.932083, eva fitness: 0.964269
[INFO] [1773653013.572777821]: localization cost: 1040.801000 ms
[Open3D INFO] 

time_diff:1.04091 s, localization right now
[Open3D INFO] before sample, target size: 830198, has normal: true
[Open3D INFO] after sample, target size: 400000, has normal: true
[Open3D INFO] source size: 29100, maxpoints_source_: 80000
[Open3D INFO] source size after voxel downsample: 16418
[Open3D INFO] after prerpocess: 16418
[Open3D INFO] reg_result.fitness: 0.921854, eva fitness: 0.960044
[INFO] [1773653014.641327322]: localization cost: 1068.261000 ms
[Open3D INFO] 

time_diff:1.06837 s, localization right now
[Open3D INFO] before sample, target size: 830198, has normal: true
[Open3D INFO] after sample, target size: 400000, has normal: true
[Open3D INFO] source size: 32646, maxpoints_source_: 80000
[Open3D INFO] source size after voxel downsample: 16808
[Open3D INFO] after prerpocess: 16808
[Open3D INFO] reg_result.fitness: 0.952939, eva fitness: 0.974655
[INFO] [1773653015.766539368]: localization cost: 1125.095000 ms
[Open3D INFO] 

time_diff:1.12521 s, localization right now
[Open3D INFO] before sample, target size: 830198, has normal: true
[Open3D INFO] after sample, target size: 400000, has normal: true
[Open3D INFO] source size: 29160, maxpoints_source_: 80000
[Open3D INFO] source size after voxel downsample: 16031
[Open3D INFO] after prerpocess: 16031
[Open3D INFO] reg_result.fitness: 0.966565, eva fitness: 0.978292
[INFO] [1773653016.900794768]: localization cost: 1134.126000 ms
[Open3D INFO] 

time_diff:1.1343 s, localization right now
[Open3D INFO] before sample, target size: 830198, has normal: true
[Open3D INFO] after sample, target size: 400000, has normal: true
[Open3D INFO] source size: 26132, maxpoints_source_: 80000
[Open3D INFO] source size after voxel downsample: 16689
[Open3D INFO] after prerpocess: 16689
[Open3D INFO] reg_result.fitness: 0.961711, eva fitness: 0.981665
[INFO] [1773653018.242506047]: localization cost: 1341.539000 ms
[Open3D INFO] 

time_diff:1.34164 s, localization right now
[Open3D INFO] before sample, target size: 830198, has normal: true
[Open3D INFO] after sample, target size: 400000, has normal: true
[Open3D INFO] source size: 23164, maxpoints_source_: 80000
[Open3D INFO] source size after voxel downsample: 13799
[Open3D INFO] after prerpocess: 13799
[Open3D INFO] reg_result.fitness: 0.953982, eva fitness: 0.975868
[INFO] [1773653019.552551168]: localization cost: 1309.917000 ms
[Open3D INFO] 

time_diff:1.31004 s, localization right now
[Open3D INFO] before sample, target size: 830198, has normal: true
[Open3D INFO] after sample, target size: 400000, has normal: true
[Open3D INFO] source size: 27524, maxpoints_source_: 80000
[Open3D INFO] source size after voxel downsample: 14919
[Open3D INFO] after prerpocess: 14919
[Open3D INFO] reg_result.fitness: 0.937194, eva fitness: 0.962866
[INFO] [1773653020.603272933]: localization cost: 1050.575000 ms
[Open3D INFO] 

time_diff:1.05072 s, localization right now
[Open3D INFO] before sample, target size: 830198, has normal: true
[Open3D INFO] after sample, target size: 400000, has normal: true
[Open3D INFO] source size: 27799, maxpoints_source_: 80000
[Open3D INFO] source size after voxel downsample: 14065
[Open3D INFO] after prerpocess: 14065
[Open3D INFO] reg_result.fitness: 0.942268, eva fitness: 0.969925
[INFO] [1773653021.584958086]: localization cost: 981.558000 ms
[Open3D INFO] 

time_diff:0.981662 s, localization right now
[Open3D INFO] before sample, target size: 830198, has normal: true
[Open3D INFO] after sample, target size: 400000, has normal: true
[Open3D INFO] source size: 28340, maxpoints_source_: 80000
[Open3D INFO] source size after voxel downsample: 14362
[Open3D INFO] after prerpocess: 14362
[Open3D INFO] reg_result.fitness: 0.939911, eva fitness: 0.96818
[INFO] [1773653023.051430315]: localization cost: 1466.360000 ms
[Open3D INFO] 

time_diff:1.46647 s, localization right now
[Open3D INFO] before sample, target size: 830198, has normal: true
[Open3D INFO] after sample, target size: 400000, has normal: true
[Open3D INFO] source size: 29996, maxpoints_source_: 80000
[Open3D INFO] source size after voxel downsample: 14864
[Open3D INFO] after prerpocess: 14864
[Open3D INFO] reg_result.fitness: 0.943891, eva fitness: 0.966294
[INFO] [1773653024.358182133]: localization cost: 1306.627000 ms
[Open3D INFO] 

time_diff:1.30675 s, localization right now
[Open3D INFO] before sample, target size: 830198, has normal: true
[Open3D INFO] after sample, target size: 400000, has normal: true
[Open3D INFO] source size: 28286, maxpoints_source_: 80000
[Open3D INFO] source size after voxel downsample: 16312
[Open3D INFO] after prerpocess: 16312
[Open3D INFO] reg_result.fitness: 0.949975, eva fitness: 0.9737
[INFO] [1773653025.680398216]: localization cost: 1322.096000 ms
[Open3D INFO] 

time_diff:1.32219 s, localization right now
[Open3D INFO] before sample, target size: 830198, has normal: true
[Open3D INFO] after sample, target size: 400000, has normal: true
[Open3D INFO] source size: 27772, maxpoints_source_: 80000
[Open3D INFO] source size after voxel downsample: 16772
[Open3D INFO] after prerpocess: 16772
[Open3D INFO] reg_result.fitness: 0.958622, eva fitness: 0.981636
[INFO] [1773653027.050229768]: localization cost: 1369.721000 ms
[Open3D INFO] 

time_diff:1.36982 s, localization right now
[Open3D INFO] before sample, target size: 830198, has normal: true
[Open3D INFO] after sample, target size: 400000, has normal: true
[Open3D INFO] source size: 27003, maxpoints_source_: 80000
[Open3D INFO] source size after voxel downsample: 17040
[Open3D INFO] after prerpocess: 17040
[Open3D INFO] reg_result.fitness: 0.971772, eva fitness: 0.984155
[INFO] [1773653028.355662309]: localization cost: 1305.314000 ms
[Open3D INFO] 

time_diff:1.30543 s, localization right now
[Open3D INFO] 
***
****
***


last map update loc: x: 3.66317, y: 0.31528, z0.441948,
                now loc: x: 7.00720, y: 0.804946, z1.69595, 3d distance: 3.60483, now needpdate submap
[INFO] [1773653028.441283106]: submap_cost: 85.239000 ms
[Open3D INFO] before sample, target size: 887305, has normal: true
[Open3D INFO] after sample, target size: 400000, has normal: true
[Open3D INFO] source size: 26438, maxpoints_source_: 80000
[Open3D INFO] source size after voxel downsample: 17054
[Open3D INFO] after prerpocess: 17054
[Open3D INFO] reg_result.fitness: 0.980474, eva fitness: 0.993198
[INFO] [1773653029.630859459]: localization cost: 1275.081000 ms
[Open3D INFO] 

time_diff:1.2752 s, localization right now
[Open3D INFO] before sample, target size: 887305, has normal: true
[Open3D INFO] after sample, target size: 400000, has normal: true
[Open3D INFO] source size: 24441, maxpoints_source_: 80000
[Open3D INFO] source size after voxel downsample: 16538
[Open3D INFO] after prerpocess: 16538
[Open3D INFO] reg_result.fitness: 0.976962, eva fitness: 0.98966
[INFO] [1773653030.669573742]: localization cost: 1038.586000 ms
[Open3D INFO] 

time_diff:1.03867 s, localization right now
[Open3D INFO] before sample, target size: 887305, has normal: true
[Open3D INFO] after sample, target size: 400000, has normal: true
[Open3D INFO] source size: 27680, maxpoints_source_: 80000
[Open3D INFO] source size after voxel downsample: 21230
[Open3D INFO] after prerpocess: 21230
[Open3D INFO] reg_result.fitness: 0.976872, eva fitness: 0.992369
[INFO] [1773653031.781118280]: localization cost: 1111.438000 ms
[Open3D INFO] 

time_diff:1.11155 s, localization right now
[Open3D INFO] before sample, target size: 887305, has normal: true
[Open3D INFO] after sample, target size: 400000, has normal: true
[Open3D INFO] source size: 28111, maxpoints_source_: 80000
[Open3D INFO] source size after voxel downsample: 21518
[Open3D INFO] after prerpocess: 21518
[Open3D INFO] reg_result.fitness: 0.986244, eva fitness: 0.996282
[INFO] [1773653032.786707390]: localization cost: 1005.472000 ms
[Open3D INFO] 

time_diff:1.00558 s, localization right now
[Open3D INFO] before sample, target size: 887305, has normal: true
[Open3D INFO] after sample, target size: 400000, has normal: true
[Open3D INFO] source size: 27450, maxpoints_source_: 80000
[Open3D INFO] source size after voxel downsample: 21309
[Open3D INFO] after prerpocess: 21309
[Open3D INFO] reg_result.fitness: 0.985921, eva fitness: 0.995448
[INFO] [1773653033.732367570]: localization cost: 945.542000 ms
[Open3D INFO] 

time_diff:0.945649 s, localization right now
[Open3D INFO] before sample, target size: 887305, has normal: true
[Open3D INFO] after sample, target size: 400000, has normal: true
[Open3D INFO] source size: 27718, maxpoints_source_: 80000
[Open3D INFO] source size after voxel downsample: 21836
[Open3D INFO] after prerpocess: 21836
[Open3D INFO] reg_result.fitness: 0.985757, eva fitness: 0.99455
[INFO] [1773653035.027160802]: localization cost: 1294.650000 ms
[Open3D INFO] 

time_diff:1.29481 s, localization right now
[Open3D INFO] before sample, target size: 887305, has normal: true
[Open3D INFO] after sample, target size: 400000, has normal: true
[Open3D INFO] source size: 27474, maxpoints_source_: 80000
[Open3D INFO] source size after voxel downsample: 21499
[Open3D INFO] after prerpocess: 21499
[Open3D INFO] reg_result.fitness: 0.984557, eva fitness: 0.995209
[INFO] [1773653036.358111708]: localization cost: 1330.730000 ms
[Open3D INFO] 

time_diff:1.33092 s, localization right now
[Open3D INFO] before sample, target size: 887305, has normal: true
[Open3D INFO] after sample, target size: 400000, has normal: true
[Open3D INFO] source size: 27677, maxpoints_source_: 80000
[Open3D INFO] source size after voxel downsample: 21602
[Open3D INFO] after prerpocess: 21602
[Open3D INFO] reg_result.fitness: 0.973799, eva fitness: 0.989816
[INFO] [1773653037.831434466]: localization cost: 1473.211000 ms
[Open3D INFO] 

time_diff:1.47331 s, localization right now
[Open3D INFO] before sample, target size: 887305, has normal: true
[Open3D INFO] after sample, target size: 400000, has normal: true
[Open3D INFO] source size: 28039, maxpoints_source_: 80000
[Open3D INFO] source size after voxel downsample: 20854
[Open3D INFO] after prerpocess: 20854
[Open3D INFO] reg_result.fitness: 0.962597, eva fitness: 0.975113
[INFO] [1773653039.458734548]: localization cost: 1627.185000 ms
[Open3D INFO] 

time_diff:1.6273 s, localization right now
[Open3D INFO] before sample, target size: 887305, has normal: true
[Open3D INFO] after sample, target size: 400000, has normal: true
[Open3D INFO] source size: 28736, maxpoints_source_: 80000
[Open3D INFO] source size after voxel downsample: 20967
[Open3D INFO] after prerpocess: 20967
[Open3D INFO] reg_result.fitness: 0.970764, eva fitness: 0.978204
[INFO] [1773653040.770350362]: localization cost: 1311.492000 ms
[Open3D INFO] 

time_diff:1.31161 s, localization right now
[Open3D INFO] before sample, target size: 887305, has normal: true
[Open3D INFO] after sample, target size: 400000, has normal: true
[Open3D INFO] source size: 28113, maxpoints_source_: 80000
[Open3D INFO] source size after voxel downsample: 20402
[Open3D INFO] after prerpocess: 20402
[Open3D INFO] reg_result.fitness: 0.976963, eva fitness: 0.987109
[INFO] [1773653041.943398272]: localization cost: 1172.757000 ms
[Open3D INFO] 

time_diff:1.17286 s, localization right now
[Open3D INFO] before sample, target size: 887305, has normal: true
[Open3D INFO] after sample, target size: 400000, has normal: true
[Open3D INFO] source size: 28059, maxpoints_source_: 80000
[Open3D INFO] source size after voxel downsample: 20247
[Open3D INFO] after prerpocess: 20247
[Open3D INFO] reg_result.fitness: 0.979651, eva fitness: 0.989431
[INFO] [1773653042.950100327]: localization cost: 1006.524000 ms
[Open3D INFO] 

time_diff:1.00670 s, localization right now
[Open3D INFO] before sample, target size: 887305, has normal: true
[Open3D INFO] after sample, target size: 400000, has normal: true
[Open3D INFO] source size: 28332, maxpoints_source_: 80000
[Open3D INFO] source size after voxel downsample: 20871
[Open3D INFO] after prerpocess: 20871
[Open3D INFO] reg_result.fitness: 0.98347, eva fitness: 0.991711
[INFO] [1773653044.266764967]: localization cost: 1316.543000 ms
[Open3D INFO] 

time_diff:1.31665 s, localization right now
[Open3D INFO] before sample, target size: 887305, has normal: true
[Open3D INFO] after sample, target size: 400000, has normal: true
[Open3D INFO] source size: 25498, maxpoints_source_: 80000
[Open3D INFO] source size after voxel downsample: 20306
[Open3D INFO] after prerpocess: 20306
[Open3D INFO] reg_result.fitness: 0.980055, eva fitness: 0.987688
[INFO] [1773653045.778143390]: localization cost: 1511.092000 ms
[Open3D INFO] 

time_diff:1.51119 s, localization right now
[Open3D INFO] before sample, target size: 887305, has normal: true
[Open3D INFO] after sample, target size: 400000, has normal: true
[Open3D INFO] source size: 23568, maxpoints_source_: 80000
[Open3D INFO] source size after voxel downsample: 18475
[Open3D INFO] after prerpocess: 18475
[Open3D INFO] reg_result.fitness: 0.980731, eva fitness: 0.987334
[INFO] [1773653047.198296133]: localization cost: 1420.032000 ms
[Open3D INFO] 

time_diff:1.42015 s, localization right now
[Open3D INFO] before sample, target size: 887305, has normal: true
[Open3D INFO] after sample, target size: 400000, has normal: true
[Open3D INFO] source size: 24025, maxpoints_source_: 80000
[Open3D INFO] source size after voxel downsample: 18754
[Open3D INFO] after prerpocess: 18754
[Open3D INFO] reg_result.fitness: 0.975045, eva fitness: 0.987523
[INFO] [1773653048.227094713]: localization cost: 1028.694000 ms
[Open3D INFO] 

time_diff:1.02878 s, localization right now
[Open3D INFO] before sample, target size: 887305, has normal: true
[Open3D INFO] after sample, target size: 400000, has normal: true
[Open3D INFO] source size: 23593, maxpoints_source_: 80000
[Open3D INFO] source size after voxel downsample: 19252
[Open3D INFO] after prerpocess: 19252
[Open3D INFO] reg_result.fitness: 0.974288, eva fitness: 0.985975
[INFO] [1773653049.261792572]: localization cost: 1034.595000 ms
[Open3D INFO] 

time_diff:1.03469 s, localization right now
[Open3D INFO] before sample, target size: 887305, has normal: true
[Open3D INFO] after sample, target size: 400000, has normal: true
[Open3D INFO] source size: 23541, maxpoints_source_: 80000
[Open3D INFO] source size after voxel downsample: 19006
[Open3D INFO] after prerpocess: 19006
[Open3D INFO] reg_result.fitness: 0.979164, eva fitness: 0.988109
[INFO] [1773653050.463194649]: localization cost: 1201.256000 ms
[Open3D INFO] 

time_diff:1.20143 s, localization right now
[Open3D INFO] before sample, target size: 887305, has normal: true
[Open3D INFO] after sample, target size: 400000, has normal: true
[Open3D INFO] source size: 25487, maxpoints_source_: 80000
[Open3D INFO] source size after voxel downsample: 19940
[Open3D INFO] after prerpocess: 19940
[Open3D INFO] reg_result.fitness: 0.979238, eva fitness: 0.989719
[INFO] [1773653051.747247773]: localization cost: 1283.893000 ms
[Open3D INFO] 

time_diff:1.284 s, localization right now
[Open3D INFO] before sample, target size: 887305, has normal: true
[Open3D INFO] after sample, target size: 400000, has normal: true
[Open3D INFO] source size: 25249, maxpoints_source_: 80000
[Open3D INFO] source size after voxel downsample: 20359
[Open3D INFO] after prerpocess: 20359
[Open3D INFO] reg_result.fitness: 0.979321, eva fitness: 0.991945
[INFO] [1773653052.785827562]: localization cost: 1038.333000 ms
[Open3D INFO] 

time_diff:1.03844 s, localization right now
[Open3D INFO] before sample, target size: 887305, has normal: true
[Open3D INFO] after sample, target size: 400000, has normal: true
[Open3D INFO] source size: 26641, maxpoints_source_: 80000
[Open3D INFO] source size after voxel downsample: 20805
[Open3D INFO] after prerpocess: 20805
[Open3D INFO] reg_result.fitness: 0.979236, eva fitness: 0.990723
[INFO] [1773653054.093430184]: localization cost: 1307.495000 ms
[Open3D INFO] 

time_diff:1.30759 s, localization right now
[Open3D INFO] before sample, target size: 887305, has normal: true
[Open3D INFO] after sample, target size: 400000, has normal: true
[Open3D INFO] source size: 26896, maxpoints_source_: 80000
[Open3D INFO] source size after voxel downsample: 20351
[Open3D INFO] after prerpocess: 20351
[Open3D INFO] reg_result.fitness: 0.980738, eva fitness: 0.990959
[INFO] [1773653055.520403729]: localization cost: 1426.842000 ms
[Open3D INFO] 

time_diff:1.42698 s, localization right now
[Open3D INFO] before sample, target size: 887305, has normal: true
[Open3D INFO] after sample, target size: 400000, has normal: true
[Open3D INFO] source size: 26823, maxpoints_source_: 80000
[Open3D INFO] source size after voxel downsample: 21140
[Open3D INFO] after prerpocess: 21140
[Open3D INFO] reg_result.fitness: 0.980511, eva fitness: 0.991958
[INFO] [1773653056.927477869]: localization cost: 1406.943000 ms
[Open3D INFO] 

time_diff:1.40705 s, localization right now
[Open3D INFO] before sample, target size: 887305, has normal: true
[Open3D INFO] after sample, target size: 400000, has normal: true
[Open3D INFO] source size: 27861, maxpoints_source_: 80000
[Open3D INFO] source size after voxel downsample: 21075
[Open3D INFO] after prerpocess: 21075
[Open3D INFO] reg_result.fitness: 0.975943, eva fitness: 0.987616
[INFO] [1773653058.492864504]: localization cost: 1565.271000 ms
[Open3D INFO] 

time_diff:1.56539 s, localization right now
[Open3D INFO] before sample, target size: 887305, has normal: true
[Open3D INFO] after sample, target size: 400000, has normal: true
[Open3D INFO] source size: 28279, maxpoints_source_: 80000
[Open3D INFO] source size after voxel downsample: 20262
[Open3D INFO] after prerpocess: 20262
[Open3D INFO] reg_result.fitness: 0.973941, eva fitness: 0.983812
[INFO] [1773653059.656026663]: localization cost: 1163.039000 ms
[Open3D INFO] 

time_diff:1.16313 s, localization right now
[Open3D INFO] before sample, target size: 887305, has normal: true
[Open3D INFO] after sample, target size: 400000, has normal: true
[Open3D INFO] source size: 26864, maxpoints_source_: 80000
[Open3D INFO] source size after voxel downsample: 18354
[Open3D INFO] after prerpocess: 18354
[Open3D INFO] reg_result.fitness: 0.956195, eva fitness: 0.972758
[INFO] [1773653060.888430646]: localization cost: 1232.266000 ms
[Open3D INFO] 

time_diff:1.2324 s, localization right now
[Open3D INFO] before sample, target size: 887305, has normal: true
[Open3D INFO] after sample, target size: 400000, has normal: true
[Open3D INFO] source size: 28667, maxpoints_source_: 80000
[Open3D INFO] source size after voxel downsample: 18637
[Open3D INFO] after prerpocess: 18637
[Open3D INFO] reg_result.fitness: 0.952997, eva fitness: 0.973333
[INFO] [1773653062.248394079]: localization cost: 1359.799000 ms
[Open3D INFO] 

time_diff:1.36002 s, localization right now
[Open3D INFO] before sample, target size: 887305, has normal: true
[Open3D INFO] after sample, target size: 400000, has normal: true
[Open3D INFO] source size: 30264, maxpoints_source_: 80000
[Open3D INFO] source size after voxel downsample: 18796
[Open3D INFO] after prerpocess: 18796
[Open3D INFO] reg_result.fitness: 0.955948, eva fitness: 0.976006
[INFO] [1773653063.567396863]: localization cost: 1318.103000 ms
[Open3D INFO] 

time_diff:1.31819 s, localization right now
[Open3D INFO] before sample, target size: 887305, has normal: true
[Open3D INFO] after sample, target size: 400000, has normal: true
[Open3D INFO] source size: 31005, maxpoints_source_: 80000
[Open3D INFO] source size after voxel downsample: 18058
[Open3D INFO] after prerpocess: 18058
[Open3D INFO] reg_result.fitness: 0.947004, eva fitness: 0.973751
[INFO] [1773653064.791365348]: localization cost: 1223.671000 ms
[Open3D INFO] 

time_diff:1.22381 s, localization right now
[Open3D INFO] before sample, target size: 887305, has normal: true
[Open3D INFO] after sample, target size: 400000, has normal: true
[Open3D INFO] source size: 32075, maxpoints_source_: 80000
[Open3D INFO] source size after voxel downsample: 18081
[Open3D INFO] after prerpocess: 18081
[Open3D INFO] reg_result.fitness: 0.948122, eva fitness: 0.972568
[INFO] [1773653065.837099949]: localization cost: 1045.627000 ms
[Open3D INFO] 

time_diff:1.04571 s, localization right now
[Open3D INFO] before sample, target size: 887305, has normal: true
[Open3D INFO] after sample, target size: 400000, has normal: true
[Open3D INFO] source size: 32051, maxpoints_source_: 80000
[Open3D INFO] source size after voxel downsample: 17819
[Open3D INFO] after prerpocess: 17819
[Open3D INFO] reg_result.fitness: 0.943263, eva fitness: 0.96992
[INFO] [1773653066.887892849]: localization cost: 1050.679000 ms
[Open3D INFO] 

time_diff:1.05080 s, localization right now
[Open3D INFO] 
***
****
***


last map update loc: x: 7.00720, y: 0.804946, z1.69595,
                now loc: x: 3.36419, y: 0.552702, z0.287922, 3d distance: 3.91378, now needpdate submap
[INFO] [1773653066.955033935]: submap_cost: 66.516000 ms
[Open3D INFO] before sample, target size: 824442, has normal: true
[Open3D INFO] after sample, target size: 400000, has normal: true
[Open3D INFO] source size: 32988, maxpoints_source_: 80000
[Open3D INFO] source size after voxel downsample: 17978
[Open3D INFO] after prerpocess: 17978
[Open3D INFO] reg_result.fitness: 0.938202, eva fitness: 0.969018
[INFO] [1773653067.990894977]: localization cost: 1102.734000 ms
[Open3D INFO] 

time_diff:1.10286 s, localization right now
[Open3D INFO] before sample, target size: 824442, has normal: true
[Open3D INFO] after sample, target size: 400000, has normal: true
[Open3D INFO] source size: 33741, maxpoints_source_: 80000
[Open3D INFO] source size after voxel downsample: 17957
[Open3D INFO] after prerpocess: 17957
[Open3D INFO] reg_result.fitness: 0.92677, eva fitness: 0.960907
[INFO] [1773653068.948702221]: localization cost: 957.675000 ms
[Open3D INFO] 

time_diff:0.957775 s, localization right now
[Open3D INFO] before sample, target size: 824442, has normal: true
[Open3D INFO] after sample, target size: 400000, has normal: true
[Open3D INFO] source size: 33953, maxpoints_source_: 80000
[Open3D INFO] source size after voxel downsample: 18466
[Open3D INFO] after prerpocess: 18466
[Open3D INFO] reg_result.fitness: 0.915954, eva fitness: 0.951208
[INFO] [1773653070.070580600]: localization cost: 1121.592000 ms
[Open3D INFO] 

time_diff:1.12171 s, localization right now
[Open3D INFO] before sample, target size: 824442, has normal: true
[Open3D INFO] after sample, target size: 400000, has normal: true
[Open3D INFO] source size: 32096, maxpoints_source_: 80000
[Open3D INFO] source size after voxel downsample: 17217
[Open3D INFO] after prerpocess: 17217
[Open3D INFO] reg_result.fitness: 0.895626, eva fitness: 0.940408
[INFO] [1773653071.248439675]: localization cost: 1177.730000 ms
[Open3D INFO] 

time_diff:1.17785 s, localization right now
[Open3D INFO] before sample, target size: 824442, has normal: true
[Open3D INFO] after sample, target size: 400000, has normal: true
[Open3D INFO] source size: 31860, maxpoints_source_: 80000
[Open3D INFO] source size after voxel downsample: 18031
[Open3D INFO] after prerpocess: 18031
[Open3D INFO] reg_result.fitness: 0.879596, eva fitness: 0.923188
[INFO] [1773653072.355329174]: localization cost: 1106.755000 ms
[Open3D INFO] 

time_diff:1.10689 s, localization right now
[Open3D INFO] before sample, target size: 824442, has normal: true
[Open3D INFO] after sample, target size: 400000, has normal: true
[Open3D INFO] source size: 32060, maxpoints_source_: 80000
[Open3D INFO] source size after voxel downsample: 18180
[Open3D INFO] after prerpocess: 18180
[Open3D INFO] reg_result.fitness: 0.881023, eva fitness: 0.922387
[INFO] [1773653073.471157460]: localization cost: 1115.700000 ms
[Open3D INFO] 

time_diff:1.1158 s, localization right now
[Open3D INFO] before sample, target size: 824442, has normal: true
[Open3D INFO] after sample, target size: 400000, has normal: true
[Open3D INFO] source size: 32322, maxpoints_source_: 80000
[Open3D INFO] source size after voxel downsample: 18153
[Open3D INFO] after prerpocess: 18153
[Open3D INFO] reg_result.fitness: 0.886355, eva fitness: 0.927009
[INFO] [1773653074.441556754]: localization cost: 970.293000 ms
[Open3D INFO] 

time_diff:0.970384 s, localization right now
[Open3D INFO] before sample, target size: 824442, has normal: true
[Open3D INFO] after sample, target size: 400000, has normal: true
[Open3D INFO] source size: 32040, maxpoints_source_: 80000
[Open3D INFO] source size after voxel downsample: 17929
[Open3D INFO] after prerpocess: 17929
[Open3D INFO] reg_result.fitness: 0.88527, eva fitness: 0.927269
[INFO] [1773653075.584736341]: localization cost: 1143.080000 ms
[Open3D INFO] 

time_diff:1.14317 s, localization right now
[Open3D INFO] before sample, target size: 824442, has normal: true
[Open3D INFO] after sample, target size: 400000, has normal: true
[Open3D INFO] source size: 32085, maxpoints_source_: 80000
[Open3D INFO] source size after voxel downsample: 18200
[Open3D INFO] after prerpocess: 18200
[Open3D INFO] reg_result.fitness: 0.891209, eva fitness: 0.931319
[INFO] [1773653076.575916179]: localization cost: 991.071000 ms
[Open3D INFO] 

time_diff:0.991183 s, localization right now
[Open3D INFO] before sample, target size: 824442, has normal: true
[Open3D INFO] after sample, target size: 400000, has normal: true
[Open3D INFO] source size: 32128, maxpoints_source_: 80000
[Open3D INFO] source size after voxel downsample: 18024
[Open3D INFO] after prerpocess: 18024
[Open3D INFO] reg_result.fitness: 0.89747, eva fitness: 0.936196
[INFO] [1773653077.512068202]: localization cost: 936.031000 ms
[Open3D INFO] 

time_diff:0.936135 s, localization right now
[Open3D INFO] before sample, target size: 824442, has normal: true
[Open3D INFO] after sample, target size: 400000, has normal: true
[Open3D INFO] source size: 32157, maxpoints_source_: 80000
[Open3D INFO] source size after voxel downsample: 18068
[Open3D INFO] after prerpocess: 18068
[Open3D INFO] reg_result.fitness: 0.895893, eva fitness: 0.936186
[INFO] [1773653078.538859866]: localization cost: 1026.694000 ms
[Open3D INFO] 

time_diff:1.02679 s, localization right now
[Open3D INFO] before sample, target size: 824442, has normal: true
[Open3D INFO] after sample, target size: 400000, has normal: true
[Open3D INFO] source size: 31912, maxpoints_source_: 80000
[Open3D INFO] source size after voxel downsample: 17789
[Open3D INFO] after prerpocess: 17789
[Open3D INFO] reg_result.fitness: 0.902131, eva fitness: 0.938951
[INFO] [1773653079.476727098]: localization cost: 937.740000 ms
[Open3D INFO] 

time_diff:0.937834 s, localization right now
[Open3D INFO] before sample, target size: 824442, has normal: true
[Open3D INFO] after sample, target size: 400000, has normal: true
[Open3D INFO] source size: 33222, maxpoints_source_: 80000
[Open3D INFO] source size after voxel downsample: 18926
[Open3D INFO] after prerpocess: 18926
[Open3D INFO] reg_result.fitness: 0.912396, eva fitness: 0.944151
[INFO] [1773653080.521768366]: localization cost: 1044.932000 ms
[Open3D INFO] 

time_diff:1.04523 s, localization right now
[Open3D INFO] before sample, target size: 824442, has normal: true
[Open3D INFO] after sample, target size: 400000, has normal: true
[Open3D INFO] source size: 33696, maxpoints_source_: 80000
[Open3D INFO] source size after voxel downsample: 17912
[Open3D INFO] after prerpocess: 17912
[Open3D INFO] reg_result.fitness: 0.928707, eva fitness: 0.958799
[INFO] [1773653081.492710723]: localization cost: 970.652000 ms
[Open3D INFO] 

time_diff:0.970731 s, localization right now
[Open3D INFO] before sample, target size: 824442, has normal: true
[Open3D INFO] after sample, target size: 400000, has normal: true
[Open3D INFO] source size: 34520, maxpoints_source_: 80000
[Open3D INFO] source size after voxel downsample: 18215
[Open3D INFO] after prerpocess: 18215
[Open3D INFO] reg_result.fitness: 0.927203, eva fitness: 0.95597
[INFO] [1773653082.466860717]: localization cost: 974.063000 ms
[Open3D INFO] 

time_diff:0.974164 s, localization right now
[Open3D INFO] before sample, target size: 824442, has normal: true
[Open3D INFO] after sample, target size: 400000, has normal: true
[Open3D INFO] source size: 32301, maxpoints_source_: 80000
[Open3D INFO] source size after voxel downsample: 16998
[Open3D INFO] after prerpocess: 16998
[Open3D INFO] reg_result.fitness: 0.954053, eva fitness: 0.978174
[INFO] [1773653083.477471325]: localization cost: 1010.495000 ms
[Open3D INFO] 

time_diff:1.01058 s, localization right now
[Open3D INFO] before sample, target size: 824442, has normal: true
[Open3D INFO] after sample, target size: 400000, has normal: true
[Open3D INFO] source size: 33390, maxpoints_source_: 80000
[Open3D INFO] source size after voxel downsample: 15510
[Open3D INFO] after prerpocess: 15510
[Open3D INFO] reg_result.fitness: 0.932237, eva fitness: 0.958607
[INFO] [1773653084.774996847]: localization cost: 1297.349000 ms
[Open3D INFO] 

time_diff:1.29756 s, localization right now
[Open3D INFO] before sample, target size: 824442, has normal: true
[Open3D INFO] after sample, target size: 400000, has normal: true
[Open3D INFO] source size: 32470, maxpoints_source_: 80000
[Open3D INFO] source size after voxel downsample: 17162
[Open3D INFO] after prerpocess: 17162
[Open3D INFO] reg_result.fitness: 0.925009, eva fitness: 0.960727
[INFO] [1773653086.279615481]: localization cost: 1504.468000 ms
[Open3D INFO] 

time_diff:1.50456 s, localization right now
[Open3D INFO] before sample, target size: 824442, has normal: true
[Open3D INFO] after sample, target size: 400000, has normal: true
[Open3D INFO] source size: 31154, maxpoints_source_: 80000
[Open3D INFO] source size after voxel downsample: 17326
[Open3D INFO] after prerpocess: 17326
[Open3D INFO] reg_result.fitness: 0.948401, eva fitness: 0.977029
[INFO] [1773653087.382549892]: localization cost: 1102.804000 ms
[Open3D INFO] 

time_diff:1.10294 s, localization right now
[Open3D INFO] before sample, target size: 824442, has normal: true
[Open3D INFO] after sample, target size: 400000, has normal: true
[Open3D INFO] source size: 28690, maxpoints_source_: 80000
[Open3D INFO] source size after voxel downsample: 15237
[Open3D INFO] after prerpocess: 15237
[Open3D INFO] reg_result.fitness: 0.945659, eva fitness: 0.974076
[INFO] [1773653088.590064012]: localization cost: 1207.250000 ms
[Open3D INFO] 

time_diff:1.20737 s, localization right now
[Open3D INFO] before sample, target size: 824442, has normal: true
[Open3D INFO] after sample, target size: 400000, has normal: true
[Open3D INFO] source size: 30056, maxpoints_source_: 80000
[Open3D INFO] source size after voxel downsample: 12970
[Open3D INFO] after prerpocess: 12970
[Open3D INFO] reg_result.fitness: 0.967309, eva fitness: 0.994063
[INFO] [1773653090.199695183]: localization cost: 1609.190000 ms
[Open3D INFO] 

time_diff:1.60952 s, localization right now
[Open3D INFO] before sample, target size: 824442, has normal: true
[Open3D INFO] after sample, target size: 400000, has normal: true
[Open3D INFO] source size: 29069, maxpoints_source_: 80000
[Open3D INFO] source size after voxel downsample: 15341
[Open3D INFO] after prerpocess: 15341
[Open3D INFO] reg_result.fitness: 0.955935, eva fitness: 0.975165
[INFO] [1773653091.292680141]: localization cost: 1092.586000 ms
[Open3D INFO] 

time_diff:1.09267 s, localization right now
[Open3D INFO] before sample, target size: 824442, has normal: true
[Open3D INFO] after sample, target size: 400000, has normal: true
[Open3D INFO] source size: 27825, maxpoints_source_: 80000
[Open3D INFO] source size after voxel downsample: 15928
[Open3D INFO] after prerpocess: 15928
[Open3D INFO] reg_result.fitness: 0.960070, eva fitness: 0.979407
[INFO] [1773653092.258669671]: localization cost: 965.886000 ms
[Open3D INFO] 

time_diff:0.965985 s, localization right now
[Open3D INFO] before sample, target size: 824442, has normal: true
[Open3D INFO] after sample, target size: 400000, has normal: true
[Open3D INFO] source size: 27837, maxpoints_source_: 80000
[Open3D INFO] source size after voxel downsample: 17171
[Open3D INFO] after prerpocess: 17171
[Open3D INFO] reg_result.fitness: 0.969483, eva fitness: 0.986547
[INFO] [1773653093.186039297]: localization cost: 927.273000 ms
[Open3D INFO] 

time_diff:0.927356 s, localization right now
[Open3D INFO] before sample, target size: 824442, has normal: true
[Open3D INFO] after sample, target size: 400000, has normal: true
[Open3D INFO] source size: 27424, maxpoints_source_: 80000
[Open3D INFO] source size after voxel downsample: 16534
[Open3D INFO] after prerpocess: 16534
[Open3D INFO] reg_result.fitness: 0.970364, eva fitness: 0.986089
[INFO] [1773653094.159587260]: localization cost: 973.457000 ms
[Open3D INFO] 

time_diff:0.973547 s, localization right now
[Open3D INFO] 
***
****
***


last map update loc: x: 3.36419, y: 0.552702, z0.287922,
                now loc: x: 7.01922, y: 0.126294, z1.74405, 3d distance: 3.95744, now needpdate submap
[INFO] [1773653094.231837029]: submap_cost: 71.964000 ms
[Open3D INFO] before sample, target size: 899071, has normal: true
[Open3D INFO] after sample, target size: 400000, has normal: true
[Open3D INFO] source size: 24764, maxpoints_source_: 80000
[Open3D INFO] source size after voxel downsample: 15458
[Open3D INFO] after prerpocess: 15458
[Open3D INFO] reg_result.fitness: 0.971924, eva fitness: 0.986932
[INFO] [1773653095.236118178]: localization cost: 1076.424000 ms
[Open3D INFO] 

time_diff:1.07653 s, localization right now
[Open3D INFO] before sample, target size: 899071, has normal: true
[Open3D INFO] after sample, target size: 400000, has normal: true
[Open3D INFO] source size: 24254, maxpoints_source_: 80000
[Open3D INFO] source size after voxel downsample: 16539
[Open3D INFO] after prerpocess: 16539
[Open3D INFO] reg_result.fitness: 0.96342, eva fitness: 0.985126
[INFO] [1773653096.248044127]: localization cost: 1011.828000 ms
[Open3D INFO] 

time_diff:1.01191 s, localization right now
[Open3D INFO] before sample, target size: 899071, has normal: true
[Open3D INFO] after sample, target size: 400000, has normal: true
[Open3D INFO] source size: 27502, maxpoints_source_: 80000
[Open3D INFO] source size after voxel downsample: 19909
[Open3D INFO] after prerpocess: 19909
[Open3D INFO] reg_result.fitness: 0.970214, eva fitness: 0.986689
[INFO] [1773653097.309153220]: localization cost: 1060.997000 ms
[Open3D INFO] 

time_diff:1.06112 s, localization right now
[Open3D INFO] before sample, target size: 899071, has normal: true
[Open3D INFO] after sample, target size: 400000, has normal: true
[Open3D INFO] source size: 28435, maxpoints_source_: 80000
[Open3D INFO] source size after voxel downsample: 21444
[Open3D INFO] after prerpocess: 21444
[Open3D INFO] reg_result.fitness: 0.979994, eva fitness: 0.992352
[INFO] [1773653098.397191531]: localization cost: 1087.922000 ms
[Open3D INFO] 

time_diff:1.08802 s, localization right now
[Open3D INFO] before sample, target size: 899071, has normal: true
[Open3D INFO] after sample, target size: 400000, has normal: true
[Open3D INFO] source size: 27195, maxpoints_source_: 80000
[Open3D INFO] source size after voxel downsample: 21222
[Open3D INFO] after prerpocess: 21222
[Open3D INFO] reg_result.fitness: 0.98544, eva fitness: 0.99345
[INFO] [1773653099.334462355]: localization cost: 937.162000 ms
[Open3D INFO] 

time_diff:0.93726 s, localization right now
[Open3D INFO] before sample, target size: 899071, has normal: true
[Open3D INFO] after sample, target size: 400000, has normal: true
[Open3D INFO] source size: 27941, maxpoints_source_: 80000
[Open3D INFO] source size after voxel downsample: 21456
[Open3D INFO] after prerpocess: 21456
[Open3D INFO] reg_result.fitness: 0.972642, eva fitness: 0.988302
[INFO] [1773653100.627780244]: localization cost: 1293.216000 ms
[Open3D INFO] 

time_diff:1.29331 s, localization right now
[Open3D INFO] before sample, target size: 899071, has normal: true
[Open3D INFO] after sample, target size: 400000, has normal: true
[Open3D INFO] source size: 25149, maxpoints_source_: 80000
[Open3D INFO] source size after voxel downsample: 20427
[Open3D INFO] after prerpocess: 20427
[Open3D INFO] reg_result.fitness: 0.976844, eva fitness: 0.987027
[INFO] [1773653101.952600847]: localization cost: 1324.711000 ms
[Open3D INFO] 

time_diff:1.3248 s, localization right now
[Open3D INFO] before sample, target size: 899071, has normal: true
[Open3D INFO] after sample, target size: 400000, has normal: true
[Open3D INFO] source size: 25760, maxpoints_source_: 80000
[Open3D INFO] source size after voxel downsample: 20394
[Open3D INFO] after prerpocess: 20394
[Open3D INFO] reg_result.fitness: 0.97259, eva fitness: 0.98274
[INFO] [1773653102.889903767]: localization cost: 937.201000 ms
[Open3D INFO] 

time_diff:0.937298 s, localization right now
[Open3D INFO] before sample, target size: 899071, has normal: true
[Open3D INFO] after sample, target size: 400000, has normal: true
[Open3D INFO] source size: 27200, maxpoints_source_: 80000
[Open3D INFO] source size after voxel downsample: 21199
[Open3D INFO] after prerpocess: 21199
[Open3D INFO] reg_result.fitness: 0.975188, eva fitness: 0.987358
[INFO] [1773653103.866157916]: localization cost: 976.153000 ms
[Open3D INFO] 

time_diff:0.97625 s, localization right now
[Open3D INFO] before sample, target size: 899071, has normal: true
[Open3D INFO] after sample, target size: 400000, has normal: true
[Open3D INFO] source size: 28794, maxpoints_source_: 80000
[Open3D INFO] source size after voxel downsample: 20610
[Open3D INFO] after prerpocess: 20610
[Open3D INFO] reg_result.fitness: 0.973896, eva fitness: 0.990781
[INFO] [1773653105.019541253]: localization cost: 1153.151000 ms
[Open3D INFO] 

time_diff:1.15326 s, localization right now
[Open3D INFO] before sample, target size: 899071, has normal: true
[Open3D INFO] after sample, target size: 400000, has normal: true
[Open3D INFO] source size: 26840, maxpoints_source_: 80000
[Open3D INFO] source size after voxel downsample: 19209
[Open3D INFO] after prerpocess: 19209
[Open3D INFO] reg_result.fitness: 0.979176, eva fitness: 0.993076
[INFO] [1773653106.504621872]: localization cost: 1484.787000 ms
[Open3D INFO] 

time_diff:1.48491 s, localization right now
[Open3D INFO] before sample, target size: 899071, has normal: true
[Open3D INFO] after sample, target size: 400000, has normal: true
[Open3D INFO] source size: 26386, maxpoints_source_: 80000
[Open3D INFO] source size after voxel downsample: 17874
[Open3D INFO] after prerpocess: 17874
[Open3D INFO] reg_result.fitness: 0.977733, eva fitness: 0.989762
[INFO] [1773653107.869763070]: localization cost: 1365.021000 ms
[Open3D INFO] 

time_diff:1.36511 s, localization right now
[Open3D INFO] before sample, target size: 899071, has normal: true
[Open3D INFO] after sample, target size: 400000, has normal: true
[Open3D INFO] source size: 28173, maxpoints_source_: 80000
[Open3D INFO] source size after voxel downsample: 18499
[Open3D INFO] after prerpocess: 18499
[Open3D INFO] reg_result.fitness: 0.960701, eva fitness: 0.984432
[INFO] [1773653109.093630399]: localization cost: 1223.747000 ms
[Open3D INFO] 

time_diff:1.22387 s, localization right now
[Open3D INFO] before sample, target size: 899071, has normal: true
[Open3D INFO] after sample, target size: 400000, has normal: true
[Open3D INFO] source size: 29585, maxpoints_source_: 80000
[Open3D INFO] source size after voxel downsample: 18383
[Open3D INFO] after prerpocess: 18383
[Open3D INFO] reg_result.fitness: 0.95251, eva fitness: 0.975358
[INFO] [1773653110.330452340]: localization cost: 1236.699000 ms
[Open3D INFO] 

time_diff:1.2368 s, localization right now
[Open3D INFO] before sample, target size: 899071, has normal: true
[Open3D INFO] after sample, target size: 400000, has normal: true
[Open3D INFO] source size: 28775, maxpoints_source_: 80000
[Open3D INFO] source size after voxel downsample: 17078
[Open3D INFO] after prerpocess: 17078
[Open3D INFO] reg_result.fitness: 0.969493, eva fitness: 0.989402
[INFO] [1773653111.620379185]: localization cost: 1289.669000 ms
[Open3D INFO] 

time_diff:1.28978 s, localization right now
[Open3D INFO] before sample, target size: 899071, has normal: true
[Open3D INFO] after sample, target size: 400000, has normal: true
[Open3D INFO] source size: 25892, maxpoints_source_: 80000
[Open3D INFO] source size after voxel downsample: 14046
[Open3D INFO] after prerpocess: 14046
[Open3D INFO] reg_result.fitness: 0.94995, eva fitness: 0.9738
[INFO] [1773653112.854765594]: localization cost: 1234.272000 ms
[Open3D INFO] 

time_diff:1.23438 s, localization right now
[Open3D INFO] before sample, target size: 899071, has normal: true
[Open3D INFO] after sample, target size: 400000, has normal: true
[Open3D INFO] source size: 25128, maxpoints_source_: 80000
[Open3D INFO] source size after voxel downsample: 14275
[Open3D INFO] after prerpocess: 14275
[Open3D INFO] reg_result.fitness: 0.961471, eva fitness: 0.980315
[INFO] [1773653113.959722261]: localization cost: 1104.857000 ms
[Open3D INFO] 

time_diff:1.10494 s, localization right now
[Open3D INFO] before sample, target size: 899071, has normal: true
[Open3D INFO] after sample, target size: 400000, has normal: true
[Open3D INFO] source size: 28836, maxpoints_source_: 80000
[Open3D INFO] source size after voxel downsample: 16577
[Open3D INFO] after prerpocess: 16577
[Open3D INFO] reg_result.fitness: 0.939012, eva fitness: 0.961634
[INFO] [1773653115.017225816]: localization cost: 1057.409000 ms
[Open3D INFO] 

time_diff:1.05755 s, localization right now
[Open3D INFO] before sample, target size: 899071, has normal: true
[Open3D INFO] after sample, target size: 400000, has normal: true
[Open3D INFO] source size: 31382, maxpoints_source_: 80000
[Open3D INFO] source size after voxel downsample: 17759
[Open3D INFO] after prerpocess: 17759
[Open3D INFO] reg_result.fitness: 0.937215, eva fitness: 0.95957
[INFO] [1773653116.020935129]: localization cost: 1003.436000 ms
[Open3D INFO] 

time_diff:1.00354 s, localization right now
[Open3D INFO] before sample, target size: 899071, has normal: true
[Open3D INFO] after sample, target size: 400000, has normal: true
[Open3D INFO] source size: 31292, maxpoints_source_: 80000
[Open3D INFO] source size after voxel downsample: 17181
[Open3D INFO] after prerpocess: 17181
[Open3D INFO] reg_result.fitness: 0.936267, eva fitness: 0.960247
[INFO] [1773653117.132726043]: localization cost: 1111.565000 ms
[Open3D INFO] 

time_diff:1.11167 s, localization right now
[Open3D INFO] before sample, target size: 899071, has normal: true
[Open3D INFO] after sample, target size: 400000, has normal: true
[Open3D INFO] source size: 25236, maxpoints_source_: 80000
[Open3D INFO] source size after voxel downsample: 13035
[Open3D INFO] after prerpocess: 13035
[Open3D INFO] reg_result.fitness: 0.945148, eva fitness: 0.966552
[INFO] [1773653118.237480023]: localization cost: 1104.645000 ms
[Open3D INFO] 

time_diff:1.10474 s, localization right now
[Open3D INFO] 
***
****
***


last map update loc: x: 7.01922, y: 0.126294, z1.74405,
                now loc: x: 3.73672, y: 0.519983, z0.412789, 3d distance: 3.56399, now needpdate submap
[INFO] [1773653118.313084900]: submap_cost: 75.267000 ms
[Open3D INFO] before sample, target size: 833470, has normal: true
[Open3D INFO] after sample, target size: 400000, has normal: true
[Open3D INFO] source size: 30432, maxpoints_source_: 80000
[Open3D INFO] source size after voxel downsample: 13964
[Open3D INFO] after prerpocess: 13964
[Open3D INFO] reg_result.fitness: 0.924019, eva fitness: 0.954383
[INFO] [1773653119.432366183]: localization cost: 1194.778000 ms
[Open3D INFO] 

time_diff:1.19487 s, localization right now
[Open3D INFO] before sample, target size: 833470, has normal: true
[Open3D INFO] after sample, target size: 400000, has normal: true
[Open3D INFO] source size: 30885, maxpoints_source_: 80000
[Open3D INFO] source size after voxel downsample: 15548
[Open3D INFO] after prerpocess: 15548
[Open3D INFO] reg_result.fitness: 0.911886, eva fitness: 0.951055
[INFO] [1773653120.546896402]: localization cost: 1114.420000 ms
[Open3D INFO] 

time_diff:1.11455 s, localization right now
[Open3D INFO] before sample, target size: 833470, has normal: true
[Open3D INFO] after sample, target size: 400000, has normal: true
[Open3D INFO] source size: 31381, maxpoints_source_: 80000
[Open3D INFO] source size after voxel downsample: 16372
[Open3D INFO] after prerpocess: 16372
[Open3D INFO] reg_result.fitness: 0.934095, eva fitness: 0.965001
[INFO] [1773653121.781321051]: localization cost: 1234.271000 ms
[Open3D INFO] 

time_diff:1.23438 s, localization right now
[Open3D INFO] before sample, target size: 833470, has normal: true
[Open3D INFO] after sample, target size: 400000, has normal: true
[Open3D INFO] source size: 31753, maxpoints_source_: 80000
[Open3D INFO] source size after voxel downsample: 17130
[Open3D INFO] after prerpocess: 17130
[Open3D INFO] reg_result.fitness: 0.917863, eva fitness: 0.948395
[INFO] [1773653122.923502113]: localization cost: 1142.054000 ms
[Open3D INFO] 

time_diff:1.14217 s, localization right now
[Open3D INFO] before sample, target size: 833470, has normal: true
[Open3D INFO] after sample, target size: 400000, has normal: true
[Open3D INFO] source size: 31849, maxpoints_source_: 80000
[Open3D INFO] source size after voxel downsample: 16624
[Open3D INFO] after prerpocess: 16624
[Open3D INFO] reg_result.fitness: 0.921078, eva fitness: 0.94935
[INFO] [1773653123.950343810]: localization cost: 1026.722000 ms
[Open3D INFO] 

time_diff:1.02682 s, localization right now
[Open3D INFO] before sample, target size: 833470, has normal: true
[Open3D INFO] after sample, target size: 400000, has normal: true
[Open3D INFO] source size: 31645, maxpoints_source_: 80000
[Open3D INFO] source size after voxel downsample: 18407
[Open3D INFO] after prerpocess: 18407
[Open3D INFO] reg_result.fitness: 0.910360, eva fitness: 0.947792
[INFO] [1773653125.027282117]: localization cost: 1076.825000 ms
[Open3D INFO] 

time_diff:1.07694 s, localization right now
[Open3D INFO] before sample, target size: 833470, has normal: true
[Open3D INFO] after sample, target size: 400000, has normal: true
[Open3D INFO] source size: 32185, maxpoints_source_: 80000
[Open3D INFO] source size after voxel downsample: 17758
[Open3D INFO] after prerpocess: 17758
[Open3D INFO] reg_result.fitness: 0.910688, eva fitness: 0.939408
[INFO] [1773653126.302037952]: localization cost: 1274.634000 ms
[Open3D INFO] 

time_diff:1.2748 s, localization right now
[Open3D INFO] before sample, target size: 833470, has normal: true
[Open3D INFO] after sample, target size: 400000, has normal: true
[Open3D INFO] source size: 32108, maxpoints_source_: 80000
[Open3D INFO] source size after voxel downsample: 16622
[Open3D INFO] after prerpocess: 16622
[Open3D INFO] reg_result.fitness: 0.910841, eva fitness: 0.940019
[INFO] [1773653127.424682983]: localization cost: 1122.456000 ms
[Open3D INFO] 

time_diff:1.12258 s, localization right now
[Open3D INFO] before sample, target size: 833470, has normal: true
[Open3D INFO] after sample, target size: 400000, has normal: true
[Open3D INFO] source size: 32069, maxpoints_source_: 80000
[Open3D INFO] source size after voxel downsample: 16419
[Open3D INFO] after prerpocess: 16419
[Open3D INFO] reg_result.fitness: 0.909982, eva fitness: 0.939095
[INFO] [1773653128.423115092]: localization cost: 998.314000 ms
[Open3D INFO] 

time_diff:0.998405 s, localization right now
[Open3D INFO] before sample, target size: 833470, has normal: true
[Open3D INFO] after sample, target size: 400000, has normal: true
[Open3D INFO] source size: 32155, maxpoints_source_: 80000
[Open3D INFO] source size after voxel downsample: 16257
[Open3D INFO] after prerpocess: 16257
[Open3D INFO] reg_result.fitness: 0.913576, eva fitness: 0.941010
[INFO] [1773653129.347068010]: localization cost: 923.853000 ms
[Open3D INFO] 

time_diff:0.923938 s, localization right now
[Open3D INFO] before sample, target size: 833470, has normal: true
[Open3D INFO] after sample, target size: 400000, has normal: true
[Open3D INFO] source size: 32406, maxpoints_source_: 80000
[Open3D INFO] source size after voxel downsample: 16660
[Open3D INFO] after prerpocess: 16660
[Open3D INFO] reg_result.fitness: 0.908043, eva fitness: 0.936615
[INFO] [1773653130.259425025]: localization cost: 912.262000 ms
[Open3D INFO] 

time_diff:0.912351 s, localization right now
[Open3D INFO] before sample, target size: 833470, has normal: true
[Open3D INFO] after sample, target size: 400000, has normal: true
[Open3D INFO] source size: 33495, maxpoints_source_: 80000
[Open3D INFO] source size after voxel downsample: 17839
[Open3D INFO] after prerpocess: 17839
[Open3D INFO] reg_result.fitness: 0.908011, eva fitness: 0.944111
[INFO] [1773653131.619446617]: localization cost: 1359.900000 ms
[Open3D INFO] 

time_diff:1.36007 s, localization right now
[Open3D INFO] before sample, target size: 833470, has normal: true
[Open3D INFO] after sample, target size: 400000, has normal: true
[Open3D INFO] source size: 33794, maxpoints_source_: 80000
[Open3D INFO] source size after voxel downsample: 17756
[Open3D INFO] after prerpocess: 17756
[Open3D INFO] reg_result.fitness: 0.926278, eva fitness: 0.954213
[INFO] [1773653132.894582609]: localization cost: 1274.980000 ms
[Open3D INFO] 

time_diff:1.27507 s, localization right now
[Open3D INFO] before sample, target size: 833470, has normal: true
[Open3D INFO] after sample, target size: 400000, has normal: true
[Open3D INFO] source size: 32571, maxpoints_source_: 80000
[Open3D INFO] source size after voxel downsample: 15477
[Open3D INFO] after prerpocess: 15477
[Open3D INFO] reg_result.fitness: 0.943723, eva fitness: 0.968146
[INFO] [1773653133.928916692]: localization cost: 1034.235000 ms
[Open3D INFO] 

time_diff:1.03439 s, localization right now
[Open3D INFO] before sample, target size: 833470, has normal: true
[Open3D INFO] after sample, target size: 400000, has normal: true
[Open3D INFO] source size: 33509, maxpoints_source_: 80000
[Open3D INFO] source size after voxel downsample: 17082
[Open3D INFO] after prerpocess: 17082
[Open3D INFO] reg_result.fitness: 0.930921, eva fitness: 0.957031
[INFO] [1773653134.846438624]: localization cost: 917.339000 ms
[Open3D INFO] 

time_diff:0.917446 s, localization right now
[Open3D INFO] before sample, target size: 833470, has normal: true
[Open3D INFO] after sample, target size: 400000, has normal: true
[Open3D INFO] source size: 33689, maxpoints_source_: 80000
[Open3D INFO] source size after voxel downsample: 17581
[Open3D INFO] after prerpocess: 17581
                                                                                                                                                                                                                                                                                                                                                             