start spin
Authorization required, but no authorization protocol specified
qt.qpa.xcb: could not connect to display :0
qt.qpa.plugin: Could not load the Qt platform plugin "xcb" in "" even though it was found.
This application failed to start because no Qt platform plugin could be initialized. Reinstalling the application may fix this problem.

Available platform plugins are: eglfs, linuxfb, minimal, minimalegl, offscreen, vnc, xcb.

[INFO] [1773651628.849666233]: pose baselink2odom:
x: 0.000000, y: 0.000000, z: 0.000000, qx: 0.000000,                             qy: 0.000000, qz: 0.000000, qw: 1.000000
0 0 0 0 0 0 
Multi thread started 
p_pre->lidar_type 1
~~~~/root/ws_nav/src/go2_real/navigation_3d/fast_lio_nav/FAST_LIO_NAV/ file opened
[WARN] [1773651629.378007418]: No point, skip this scan!

[WARN] [1773651629.477067781]: No point, skip this scan!

[ERROR] [1773651630.385622454]: Client [/costmap_2d_node_my] wants topic /scan to have datatype/md5sum [sensor_msgs/LaserScan/90c7ef2dc6895d81024acba2ac42f369], but our version has [sensor_msgs/PointCloud2/1158d486dd51d683ce2f1be655c3c181]. Dropping connection.
mat_imulink2baselink_:
    1     0     0 0.119
    0     1     0     0
    0     0     1     0
    0     0     0     1
[WARN] [1773651672.152933327]: initialize finished
[INFO] [1773651672.153126576]: wait for Odometry_loc
[INFO] [1773651672.202937427]: wait for cloud_registered_1
[Open3D INFO] before sample, target size: 763648, has normal: true
[Open3D INFO] after sample, target size: 400000, has normal: true
[Open3D INFO] source size: 22803, has normal: false
[Open3D INFO] source size: 22803, has normal: false
scale i: 1 voxel_size: 0.4
scale i: 2 voxel_size: 0.6
scale i: 0 voxel_size: 0.1
[Open3D INFO] eva fitness: 0.188309
[INFO] [1773651677.949898107]: localization cost: 5647.609000 ms
[Open3D INFO] before sample, target size: 763675, has normal: true
[Open3D INFO] after sample, target size: 400000, has normal: true
[Open3D INFO] source size: 22686, has normal: false
[Open3D INFO] source size: 22686, has normal: false
scale i: 0 voxel_size: scale i: 1 voxel_size: 0.4
0.1
scale i: 2 voxel_size: 0.6
[Open3D INFO] eva fitness: 0.194657
[INFO] [1773651683.062012500]: localization cost: 5112.005000 ms
[Open3D INFO] before sample, target size: 779376, has normal: true
[Open3D INFO] after sample, target size: 400000, has normal: true
[Open3D INFO] source size: 22038, has normal: false
[Open3D INFO] source size: 22038, has normal: false
scale i: 0 voxel_size: scale i: 1 voxel_size: 0.10.4

scale i: 2 voxel_size: 0.6
[Open3D INFO] eva fitness: 0.196025
[INFO] [1773651688.608332540]: localization cost: 5546.181000 ms
[Open3D INFO] before sample, target size: 779434, has normal: true
[Open3D INFO] after sample, target size: 399999, has normal: true
[Open3D INFO] source size: 24221, has normal: false
[Open3D INFO] source size: 24221, has normal: false
scale i: 0 voxel_size: 0.1
scale i: 1 voxel_size: scale i: 2 voxel_size: 0.6
0.4
[Open3D INFO] eva fitness: 0.189010
[INFO] [1773651693.519561675]: localization cost: 4911.099000 ms
[Open3D INFO] before sample, target size: 770945, has normal: true
[Open3D INFO] after sample, target size: 399999, has normal: true
[Open3D INFO] source size: 24046, has normal: false
[Open3D INFO] source size: 24046, has normal: false
scale i: 0 voxel_size: 0.1
scale i: 1 voxel_size: scale i: 2 voxel_size: 0.60.4

[Open3D INFO] eva fitness: 0.175123
[INFO] [1773651699.001353075]: localization cost: 5481.639000 ms
[Open3D INFO] before sample, target size: 774710, has normal: true
[Open3D INFO] after sample, target size: 400000, has normal: true
[Open3D INFO] source size: 23858, has normal: false
[Open3D INFO] source size: 23858, has normal: false
scale i: scale i: 1 voxel_size: scale i: 2 voxel_size: 0.4
0.6
0 voxel_size: 0.1
[Open3D INFO] eva fitness: 0.200729
[INFO] [1773651703.684927401]: localization cost: 4683.427000 ms
[Open3D INFO] before sample, target size: 774996, has normal: true
[Open3D INFO] after sample, target size: 400000, has normal: true
[Open3D INFO] source size: 23724, has normal: false
[Open3D INFO] source size: 23724, has normal: false
scale i: 0 voxel_size: scale i: 1 voxel_size: 0.1
0.4
scale i: 2 voxel_size: 0.6
[Open3D INFO] eva fitness: 0.19221
[INFO] [1773651708.675901792]: localization cost: 4990.842000 ms
[Open3D INFO] before sample, target size: 776721, has normal: true
[Open3D INFO] after sample, target size: 400000, has normal: true
[Open3D INFO] source size: 23633, has normal: false
[Open3D INFO] source size: 23633, has normal: false
scale i: 0 voxel_size: scale i: 0.11
 voxel_size: 0.4
scale i: 2 voxel_size: 0.6
[Open3D INFO] eva fitness: 0.185673
[INFO] [1773651713.276319873]: localization cost: 4600.284000 ms
[Open3D INFO] before sample, target size: 771348, has normal: true
[Open3D INFO] after sample, target size: 400000, has normal: true
[Open3D INFO] source size: 23740, has normal: false
[Open3D INFO] source size: 23740, has normal: false
scale i: 0 voxel_size: 0.1
scale i: 2 voxel_size: 0.6
scale i: 1 voxel_size: 0.4
[Open3D INFO] eva fitness: 0.202233
[INFO] [1773651718.845478339]: localization cost: 5569.016000 ms
[Open3D INFO] before sample, target size: 770414, has normal: true
[Open3D INFO] after sample, target size: 400000, has normal: true
[Open3D INFO] source size: 23132, has normal: false
[Open3D INFO] source size: 23132, has normal: false
scale i: 0 voxel_size: scale i: 1 voxel_size: 0.40.1

scale i: 2 voxel_size: 0.6
[Open3D INFO] eva fitness: 0.188916
[INFO] [1773651724.711295975]: localization cost: 5865.676000 ms
[Open3D INFO] before sample, target size: 773271, has normal: true
[Open3D INFO] after sample, target size: 400000, has normal: true
[Open3D INFO] source size: 21579, has normal: false
[Open3D INFO] source size: 21579, has normal: false
scale i: 0 voxel_size: 0.1
scale i: scale i: 2 voxel_size: 1 voxel_size: 0.6
0.4
[Open3D INFO] eva fitness: 0.216831
[INFO] [1773651729.629390674]: localization cost: 4917.977000 ms
[Open3D INFO] before sample, target size: 769920, has normal: true
[Open3D INFO] after sample, target size: 400000, has normal: true
[Open3D INFO] source size: 21834, has normal: false
[Open3D INFO] source size: 21834, has normal: false
scale i: 0 voxel_size: scale i: 1 voxel_size: 0.1
0.4
scale i: 2 voxel_size: 0.6
[Open3D INFO] eva fitness: 0.204406
[INFO] [1773651736.762285927]: localization cost: 7132.793000 ms
[Open3D INFO] before sample, target size: 779465, has normal: true
[Open3D INFO] after sample, target size: 400000, has normal: true
[Open3D INFO] source size: 22251, has normal: false
[Open3D INFO] source size: 22251, has normal: false
scale i: 0 voxel_size: scale i: 1 voxel_size: 0.4
0.1
scale i: 2 voxel_size: 0.6
mat_odom2map_
   0.999806   0.0155335  -0.0121308    0.325866
 -0.0154489    0.999856  0.00703754   -0.519317
  0.0122384 -0.00684877    0.999902     1.91022
          0           0           0           1
confidence_loc_th_: 0.7 current confidence: 0
initpose:x y z, x y z w
10.567 1.769 2.39722 -0.000916427 -0.065486 -0.529202 0.845964
[Open3D INFO] eva fitness: 0.208934


*** update mat_odom2map_
mat_odom2map_
[INFO] [1773651742.846016823]: localization cost: 6083.631000 ms
 0.431313  0.895492 -0.109828    10.567
-0.895252  0.439888 0.0708612     1.769
 0.111768 0.0677601  0.991421   2.39722
        0         0         0         1
[Open3D INFO] before sample, target size: 771721, has normal: true
[Open3D INFO] after sample, target size: 399999, has normal: true
[Open3D INFO] source size: 22355, has normal: false
[Open3D INFO] source size: 22355, has normal: false
scale i: 0 voxel_size: scale i: 1 voxel_size: 0.1
0.4
scale i: 2 voxel_size: 0.6
[Open3D INFO] eva fitness: 0.883248
[INFO] [1773651746.896363491]: localization cost: 4050.036000 ms
[Open3D INFO] before sample, target size: 949255, has normal: true
[Open3D INFO] after sample, target size: 400000, has normal: true
[Open3D INFO] source size: 22376, has normal: false
[Open3D INFO] source size: 22376, has normal: false
scale i: 0 voxel_size: scale i: 1 voxel_size: 0.1
0.4
scale i: 2 voxel_size: 0.6
[Open3D INFO] eva fitness: 0.899848
[INFO] [1773651751.538898194]: localization cost: 4642.422000 ms
[Open3D INFO] 


localization initialize success!!!!



[INFO] [1773651751.541748613]: time_last: 1773651748.472015
[INFO] [1773651751.541814727]: time_current: 1773651751.472015
[Open3D INFO] 

time_diff:1.77365e+09 s, localization right now
[Open3D INFO] 
***
****
***


last map update loc: x: 0.0, y: 0.0, z-5000.0,
                now loc: x: 10.2777, y: 1.71456, z1.97237, 3d distance: 5001.98, now needpdate submap
[INFO] [1773651751.635599347]: submap_cost: 92.612000 ms
[Open3D INFO] before sample, target size: 949163, has normal: true
[Open3D INFO] after sample, target size: 400000, has normal: true
[Open3D INFO] source size: 22184, maxpoints_source_: 80000
[Open3D INFO] source size after voxel downsample: 15360
[Open3D INFO] after prerpocess: 15360
[Open3D INFO] reg_result.fitness: 0.984831, eva fitness: 0.992448
[INFO] [1773651754.624024326]: localization cost: 3081.280000 ms
[Open3D INFO] 

time_diff:3.08139 s, localization right now
[Open3D INFO] before sample, target size: 949163, has normal: true
[Open3D INFO] after sample, target size: 400000, has normal: true
[Open3D INFO] source size: 22961, maxpoints_source_: 80000
[Open3D INFO] source size after voxel downsample: 15457
[Open3D INFO] after prerpocess: 15457
[Open3D INFO] reg_result.fitness: 0.990231, eva fitness: 0.996377
[INFO] [1773651755.632613037]: localization cost: 1008.269000 ms
[Open3D INFO] 

time_diff:1.00839 s, localization right now
[Open3D INFO] before sample, target size: 949163, has normal: true
[Open3D INFO] after sample, target size: 400000, has normal: true
[Open3D INFO] source size: 22444, maxpoints_source_: 80000
[Open3D INFO] source size after voxel downsample: 15287
[Open3D INFO] after prerpocess: 15287
[Open3D INFO] reg_result.fitness: 0.990907, eva fitness: 0.996795
[INFO] [1773651756.714305189]: localization cost: 1081.569000 ms
[Open3D INFO] 

time_diff:1.08187 s, localization right now
[Open3D INFO] before sample, target size: 949163, has normal: true
[Open3D INFO] after sample, target size: 400000, has normal: true
[Open3D INFO] source size: 22321, maxpoints_source_: 80000
[Open3D INFO] source size after voxel downsample: 15310
[Open3D INFO] after prerpocess: 15310
[Open3D INFO] reg_result.fitness: 0.990594, eva fitness: 0.996473
[INFO] [1773651757.666834442]: localization cost: 952.106000 ms
[Open3D INFO] 

time_diff:0.952233 s, localization right now
[Open3D INFO] before sample, target size: 949163, has normal: true
[Open3D INFO] after sample, target size: 400000, has normal: true
[Open3D INFO] source size: 22478, maxpoints_source_: 80000
[Open3D INFO] source size after voxel downsample: 15229
[Open3D INFO] after prerpocess: 15229
[Open3D INFO] reg_result.fitness: 0.989756, eva fitness: 0.993696
[INFO] [1773651758.916235928]: localization cost: 1249.246000 ms
[Open3D INFO] 

time_diff:1.24936 s, localization right now
[Open3D INFO] before sample, target size: 949163, has normal: true
[Open3D INFO] after sample, target size: 400000, has normal: true
[Open3D INFO] source size: 22552, maxpoints_source_: 80000
[Open3D INFO] source size after voxel downsample: 15381
[Open3D INFO] after prerpocess: 15381
[Open3D INFO] reg_result.fitness: 0.990053, eva fitness: 0.995774
[INFO] [1773651760.134868453]: localization cost: 1218.527000 ms
[Open3D INFO] 

time_diff:1.21866 s, localization right now
[Open3D INFO] before sample, target size: 949163, has normal: true
[Open3D INFO] after sample, target size: 400000, has normal: true
[Open3D INFO] source size: 22491, maxpoints_source_: 80000
[Open3D INFO] source size after voxel downsample: 15393
[Open3D INFO] after prerpocess: 15393
[Open3D INFO] reg_result.fitness: 0.989216, eva fitness: 0.995128
[INFO] [1773651761.116027053]: localization cost: 981.015000 ms
[Open3D INFO] 

time_diff:0.981107 s, localization right now
[Open3D INFO] before sample, target size: 949163, has normal: true
[Open3D INFO] after sample, target size: 400000, has normal: true
[Open3D INFO] source size: 22427, maxpoints_source_: 80000
[Open3D INFO] source size after voxel downsample: 15227
[Open3D INFO] after prerpocess: 15227
[Open3D INFO] reg_result.fitness: 0.991134, eva fitness: 0.996979
[INFO] [1773651762.151814091]: localization cost: 1035.688000 ms
[Open3D INFO] 

time_diff:1.03578 s, localization right now
[Open3D INFO] before sample, target size: 949163, has normal: true
[Open3D INFO] after sample, target size: 400000, has normal: true
[Open3D INFO] source size: 22608, maxpoints_source_: 80000
[Open3D INFO] source size after voxel downsample: 15478
[Open3D INFO] after prerpocess: 15478
[Open3D INFO] reg_result.fitness: 0.990309, eva fitness: 0.995413
[INFO] [1773651763.120294881]: localization cost: 968.267000 ms
[Open3D INFO] 

time_diff:0.968355 s, localization right now
[Open3D INFO] before sample, target size: 949163, has normal: true
[Open3D INFO] after sample, target size: 400000, has normal: true
[Open3D INFO] source size: 22253, maxpoints_source_: 80000
[Open3D INFO] source size after voxel downsample: 15417
[Open3D INFO] after prerpocess: 15417
[Open3D INFO] reg_result.fitness: 0.988065, eva fitness: 0.996433
[INFO] [1773651764.112678128]: localization cost: 992.237000 ms
[Open3D INFO] 

time_diff:0.99242 s, localization right now
[Open3D INFO] before sample, target size: 949163, has normal: true
[Open3D INFO] after sample, target size: 400000, has normal: true
[Open3D INFO] source size: 21885, maxpoints_source_: 80000
[Open3D INFO] source size after voxel downsample: 15398
[Open3D INFO] after prerpocess: 15398
[Open3D INFO] reg_result.fitness: 0.986816, eva fitness: 0.994869
[INFO] [1773651765.097571140]: localization cost: 984.627000 ms
[Open3D INFO] 

time_diff:0.984733 s, localization right now
[Open3D INFO] before sample, target size: 949163, has normal: true
[Open3D INFO] after sample, target size: 400000, has normal: true
[Open3D INFO] source size: 22399, maxpoints_source_: 80000
[Open3D INFO] source size after voxel downsample: 15304
[Open3D INFO] after prerpocess: 15304
[Open3D INFO] reg_result.fitness: 0.984514, eva fitness: 0.991244
[INFO] [1773651766.027580729]: localization cost: 929.893000 ms
[Open3D INFO] 

time_diff:0.929985 s, localization right now
[Open3D INFO] before sample, target size: 949163, has normal: true
[Open3D INFO] after sample, target size: 400000, has normal: true
[Open3D INFO] source size: 22425, maxpoints_source_: 80000
[Open3D INFO] source size after voxel downsample: 15388
[Open3D INFO] after prerpocess: 15388
[Open3D INFO] reg_result.fitness: 0.983364, eva fitness: 0.988692
[INFO] [1773651767.069563980]: localization cost: 1041.873000 ms
[Open3D INFO] 

time_diff:1.04199 s, localization right now
[Open3D INFO] before sample, target size: 949163, has normal: true
[Open3D INFO] after sample, target size: 400000, has normal: true
[Open3D INFO] source size: 22737, maxpoints_source_: 80000
[Open3D INFO] source size after voxel downsample: 15267
[Open3D INFO] after prerpocess: 15267
[Open3D INFO] reg_result.fitness: 0.976485, eva fitness: 0.982642
[INFO] [1773651768.059389840]: localization cost: 989.711000 ms
[Open3D INFO] 

time_diff:0.989813 s, localization right now
[Open3D INFO] before sample, target size: 949163, has normal: true
[Open3D INFO] after sample, target size: 400000, has normal: true
[Open3D INFO] source size: 24251, maxpoints_source_: 80000
[Open3D INFO] source size after voxel downsample: 15641
[Open3D INFO] after prerpocess: 15641
[Open3D INFO] reg_result.fitness: 0.971549, eva fitness: 0.977303
[INFO] [1773651769.266403115]: localization cost: 1206.901000 ms
[Open3D INFO] 

time_diff:1.20701 s, localization right now
[Open3D INFO] before sample, target size: 949163, has normal: true
[Open3D INFO] after sample, target size: 400000, has normal: true
[Open3D INFO] source size: 23802, maxpoints_source_: 80000
[Open3D INFO] source size after voxel downsample: 15609
[Open3D INFO] after prerpocess: 15609
[Open3D INFO] reg_result.fitness: 0.981805, eva fitness: 0.993017
[INFO] [1773651770.488972267]: localization cost: 1222.457000 ms
[Open3D INFO] 

time_diff:1.22256 s, localization right now
[Open3D INFO] before sample, target size: 949163, has normal: true
[Open3D INFO] after sample, target size: 400000, has normal: true
[Open3D INFO] source size: 23698, maxpoints_source_: 80000
[Open3D INFO] source size after voxel downsample: 15648
[Open3D INFO] after prerpocess: 15648
[Open3D INFO] reg_result.fitness: 0.980573, eva fitness: 0.99444
[INFO] [1773651771.438161647]: localization cost: 948.964000 ms
[Open3D INFO] 

time_diff:0.949060 s, localization right now
[Open3D INFO] before sample, target size: 949163, has normal: true
[Open3D INFO] after sample, target size: 400000, has normal: true
[Open3D INFO] source size: 24321, maxpoints_source_: 80000
[Open3D INFO] source size after voxel downsample: 15789
[Open3D INFO] after prerpocess: 15789
[Open3D INFO] reg_result.fitness: 0.971626, eva fitness: 0.98917
[INFO] [1773651772.456490609]: localization cost: 1018.211000 ms
[Open3D INFO] 

time_diff:1.01834 s, localization right now
[Open3D INFO] before sample, target size: 949163, has normal: true
[Open3D INFO] after sample, target size: 400000, has normal: true
[Open3D INFO] source size: 24057, maxpoints_source_: 80000
[Open3D INFO] source size after voxel downsample: 15315
[Open3D INFO] after prerpocess: 15315
[Open3D INFO] reg_result.fitness: 0.979497, eva fitness: 0.989553
[INFO] [1773651773.485941975]: localization cost: 1029.300000 ms
[Open3D INFO] 

time_diff:1.02941 s, localization right now
[Open3D INFO] before sample, target size: 949163, has normal: true
[Open3D INFO] after sample, target size: 400000, has normal: true
[Open3D INFO] source size: 24442, maxpoints_source_: 80000
[Open3D INFO] source size after voxel downsample: 15889
[Open3D INFO] after prerpocess: 15889
[Open3D INFO] reg_result.fitness: 0.980175, eva fitness: 0.994587
[INFO] [1773651774.836543622]: localization cost: 1350.479000 ms
[Open3D INFO] 

time_diff:1.35060 s, localization right now
[Open3D INFO] before sample, target size: 949163, has normal: true
[Open3D INFO] after sample, target size: 400000, has normal: true
[Open3D INFO] source size: 24206, maxpoints_source_: 80000
[Open3D INFO] source size after voxel downsample: 15587
[Open3D INFO] after prerpocess: 15587
[Open3D INFO] reg_result.fitness: 0.969462, eva fitness: 0.976968
[INFO] [1773651776.186153140]: localization cost: 1349.262000 ms
[Open3D INFO] 

time_diff:1.34937 s, localization right now
[Open3D INFO] before sample, target size: 949163, has normal: true
[Open3D INFO] after sample, target size: 400000, has normal: true
[Open3D INFO] source size: 23836, maxpoints_source_: 80000
[Open3D INFO] source size after voxel downsample: 15619
[Open3D INFO] after prerpocess: 15619
[Open3D INFO] reg_result.fitness: 0.979384, eva fitness: 0.987835
[INFO] [1773651777.416415071]: localization cost: 1230.149000 ms
[Open3D INFO] 

time_diff:1.23025 s, localization right now
[Open3D INFO] before sample, target size: 949163, has normal: true
[Open3D INFO] after sample, target size: 400000, has normal: true
[Open3D INFO] source size: 23826, maxpoints_source_: 80000
[Open3D INFO] source size after voxel downsample: 15393
[Open3D INFO] after prerpocess: 15393
[Open3D INFO] reg_result.fitness: 0.984668, eva fitness: 0.992399
[INFO] [1773651778.603084511]: localization cost: 1186.437000 ms
[Open3D INFO] 

time_diff:1.18654 s, localization right now
[Open3D INFO] before sample, target size: 949163, has normal: true
[Open3D INFO] after sample, target size: 400000, has normal: true
[Open3D INFO] source size: 23890, maxpoints_source_: 80000
[Open3D INFO] source size after voxel downsample: 15601
[Open3D INFO] after prerpocess: 15601
[Open3D INFO] reg_result.fitness: 0.985257, eva fitness: 0.992116
[INFO] [1773651780.436887000]: localization cost: 1833.037000 ms
[Open3D INFO] 

time_diff:1.83313 s, localization right now
[Open3D INFO] before sample, target size: 949163, has normal: true
[Open3D INFO] after sample, target size: 400000, has normal: true
[Open3D INFO] source size: 23993, maxpoints_source_: 80000
[Open3D INFO] source size after voxel downsample: 15825
[Open3D INFO] after prerpocess: 15825
mat_odom2map_
   0.425986    0.904462  -0.0219913      10.338
  -0.903284    0.426553   0.0461493     1.64383
  0.0511208 0.000205385    0.998692     1.97634
          0           0           0           1
confidence_loc_th_: 0.7 current confidence: 0.992116
mat_odom2map_
   0.425986    0.904462  -0.0219913      10.338
  -0.903284    0.426553   0.0461493     1.64383
  0.0511208 0.000205385    0.998692     1.97634
          0           0           0           1
[Open3D INFO] reg_result.fitness: 0.985782, eva fitness: 0.994692
[INFO] [1773651781.460267562]: localization cost: 1023.283000 ms
[Open3D INFO] 

time_diff:1.02337 s, localization right now
[Open3D INFO] before sample, target size: 949163, has normal: true
[Open3D INFO] after sample, target size: 400000, has normal: true
[Open3D INFO] source size: 23807, maxpoints_source_: 80000
[Open3D INFO] source size after voxel downsample: 15767
[Open3D INFO] after prerpocess: 15767
[Open3D INFO] reg_result.fitness: 0.986364, eva fitness: 0.993784
[INFO] [1773651782.442133941]: localization cost: 981.771000 ms
[Open3D INFO] 

time_diff:0.981901 s, localization right now
[Open3D INFO] before sample, target size: 949163, has normal: true
[Open3D INFO] after sample, target size: 400000, has normal: true
[Open3D INFO] source size: 23912, maxpoints_source_: 80000
[Open3D INFO] source size after voxel downsample: 15606
[Open3D INFO] after prerpocess: 15606
[Open3D INFO] reg_result.fitness: 0.982891, eva fitness: 0.991414
[INFO] [1773651783.461581458]: localization cost: 1019.306000 ms
[Open3D INFO] 

time_diff:1.01943 s, localization right now
[Open3D INFO] before sample, target size: 949163, has normal: true
[Open3D INFO] after sample, target size: 400000, has normal: true
[Open3D INFO] source size: 23706, maxpoints_source_: 80000
[Open3D INFO] source size after voxel downsample: 15383
[Open3D INFO] after prerpocess: 15383
[Open3D INFO] reg_result.fitness: 0.982253, eva fitness: 0.991744
[INFO] [1773651784.440354536]: localization cost: 978.634000 ms
[Open3D INFO] 

time_diff:0.978718 s, localization right now
[Open3D INFO] before sample, target size: 949163, has normal: true
[Open3D INFO] after sample, target size: 400000, has normal: true
[Open3D INFO] source size: 23811, maxpoints_source_: 80000
[Open3D INFO] source size after voxel downsample: 15718
[Open3D INFO] after prerpocess: 15718
[Open3D INFO] reg_result.fitness: 0.981359, eva fitness: 0.989693
[INFO] [1773651785.701715032]: localization cost: 1261.221000 ms
[Open3D INFO] 

time_diff:1.26139 s, localization right now
[Open3D INFO] before sample, target size: 949163, has normal: true
[Open3D INFO] after sample, target size: 400000, has normal: true
[Open3D INFO] source size: 23587, maxpoints_source_: 80000
[Open3D INFO] source size after voxel downsample: 15755
[Open3D INFO] after prerpocess: 15755
[Open3D INFO] reg_result.fitness: 0.9861, eva fitness: 0.993716
[INFO] [1773651787.012046698]: localization cost: 1310.183000 ms
[Open3D INFO] 

time_diff:1.31028 s, localization right now
[Open3D INFO] before sample, target size: 949163, has normal: true
[Open3D INFO] after sample, target size: 400000, has normal: true
[Open3D INFO] source size: 23466, maxpoints_source_: 80000
[Open3D INFO] source size after voxel downsample: 15474
[Open3D INFO] after prerpocess: 15474
[Open3D INFO] reg_result.fitness: 0.986429, eva fitness: 0.993602
[INFO] [1773651788.239177673]: localization cost: 1227.021000 ms
[Open3D INFO] 

time_diff:1.22712 s, localization right now
[Open3D INFO] before sample, target size: 949163, has normal: true
[Open3D INFO] after sample, target size: 400000, has normal: true
[Open3D INFO] source size: 24973, maxpoints_source_: 80000
[Open3D INFO] source size after voxel downsample: 17574
[Open3D INFO] after prerpocess: 17574
[Open3D INFO] reg_result.fitness: 0.984864, eva fitness: 0.993229
[INFO] [1773651789.286764368]: localization cost: 1047.485000 ms
[Open3D INFO] 

time_diff:1.04759 s, localization right now
[Open3D INFO] before sample, target size: 949163, has normal: true
[Open3D INFO] after sample, target size: 400000, has normal: true
[Open3D INFO] source size: 24480, maxpoints_source_: 80000
[Open3D INFO] source size after voxel downsample: 18296
[Open3D INFO] after prerpocess: 18296
[Open3D INFO] reg_result.fitness: 0.986937, eva fitness: 0.995409
[INFO] [1773651790.369451914]: localization cost: 1082.576000 ms
[Open3D INFO] 

time_diff:1.08266 s, localization right now
[Open3D INFO] before sample, target size: 949163, has normal: true
[Open3D INFO] after sample, target size: 400000, has normal: true
[Open3D INFO] source size: 24050, maxpoints_source_: 80000
[Open3D INFO] source size after voxel downsample: 18824
[Open3D INFO] after prerpocess: 18824
[Open3D INFO] reg_result.fitness: 0.988153, eva fitness: 0.997663
[INFO] [1773651791.745061286]: localization cost: 1375.506000 ms
[Open3D INFO] 

time_diff:1.3756 s, localization right now
[Open3D INFO] before sample, target size: 949163, has normal: true
[Open3D INFO] after sample, target size: 400000, has normal: true
[Open3D INFO] source size: 23215, maxpoints_source_: 80000
[Open3D INFO] source size after voxel downsample: 18478
[Open3D INFO] after prerpocess: 18478
[Open3D INFO] reg_result.fitness: 0.993019, eva fitness: 0.997889
[INFO] [1773651793.315932654]: localization cost: 1570.729000 ms
[Open3D INFO] 

time_diff:1.57089 s, localization right now
[Open3D INFO] before sample, target size: 949163, has normal: true
[Open3D INFO] after sample, target size: 400000, has normal: true
[Open3D INFO] source size: 22951, maxpoints_source_: 80000
[Open3D INFO] source size after voxel downsample: 18199
[Open3D INFO] after prerpocess: 18199
[Open3D INFO] reg_result.fitness: 0.992307, eva fitness: 0.997692
[INFO] [1773651794.625232664]: localization cost: 1309.165000 ms
[Open3D INFO] 

time_diff:1.30926 s, localization right now
[Open3D INFO] before sample, target size: 949163, has normal: true
[Open3D INFO] after sample, target size: 400000, has normal: true
[Open3D INFO] source size: 22974, maxpoints_source_: 80000
[Open3D INFO] source size after voxel downsample: 18597
[Open3D INFO] after prerpocess: 18597
[Open3D INFO] reg_result.fitness: 0.992311, eva fitness: 0.997795
[INFO] [1773651795.633176129]: localization cost: 1007.841000 ms
[Open3D INFO] 

time_diff:1.00793 s, localization right now
[Open3D INFO] before sample, target size: 949163, has normal: true
[Open3D INFO] after sample, target size: 400000, has normal: true
[Open3D INFO] source size: 22855, maxpoints_source_: 80000
[Open3D INFO] source size after voxel downsample: 18302
[Open3D INFO] after prerpocess: 18302
[Open3D INFO] reg_result.fitness: 0.992187, eva fitness: 0.998088
[INFO] [1773651797.063224909]: localization cost: 1429.911000 ms
[Open3D INFO] 

time_diff:1.43008 s, localization right now
[Open3D INFO] before sample, target size: 949163, has normal: true
[Open3D INFO] after sample, target size: 400000, has normal: true
[Open3D INFO] source size: 23084, maxpoints_source_: 80000
[Open3D INFO] source size after voxel downsample: 18239
[Open3D INFO] after prerpocess: 18239
[Open3D INFO] reg_result.fitness: 0.993421, eva fitness: 0.999287
[INFO] [1773651798.801421117]: localization cost: 1738.043000 ms
[Open3D INFO] 

time_diff:1.73816 s, localization right now
[Open3D INFO] before sample, target size: 949163, has normal: true
[Open3D INFO] after sample, target size: 400000, has normal: true
[Open3D INFO] source size: 22931, maxpoints_source_: 80000
[Open3D INFO] source size after voxel downsample: 18349
[Open3D INFO] after prerpocess: 18349
[Open3D INFO] reg_result.fitness: 0.99297, eva fitness: 0.999074
[INFO] [1773651799.762879267]: localization cost: 961.350000 ms
[Open3D INFO] 

time_diff:0.961438 s, localization right now
[Open3D INFO] before sample, target size: 949163, has normal: true
[Open3D INFO] after sample, target size: 400000, has normal: true
[Open3D INFO] source size: 22829, maxpoints_source_: 80000
[Open3D INFO] source size after voxel downsample: 18003
[Open3D INFO] after prerpocess: 18003
[Open3D INFO] reg_result.fitness: 0.994168, eva fitness: 0.998611
[INFO] [1773651800.988704400]: localization cost: 1225.537000 ms
[Open3D INFO] 

time_diff:1.22575 s, localization right now
[Open3D INFO] before sample, target size: 949163, has normal: true
[Open3D INFO] after sample, target size: 400000, has normal: true
[Open3D INFO] source size: 22915, maxpoints_source_: 80000
[Open3D INFO] source size after voxel downsample: 18290
[Open3D INFO] after prerpocess: 18290
[Open3D INFO] reg_result.fitness: 0.990924, eva fitness: 0.998469
[INFO] [1773651802.527324337]: localization cost: 1538.433000 ms
[Open3D INFO] 

time_diff:1.53858 s, localization right now
[Open3D INFO] before sample, target size: 949163, has normal: true
[Open3D INFO] after sample, target size: 400000, has normal: true
[Open3D INFO] source size: 24360, maxpoints_source_: 80000
[Open3D INFO] source size after voxel downsample: 19801
[Open3D INFO] after prerpocess: 19801
[Open3D INFO] reg_result.fitness: 0.982324, eva fitness: 0.992576
[INFO] [1773651803.525982521]: localization cost: 998.376000 ms
[Open3D INFO] 

time_diff:0.998522 s, localization right now
[Open3D INFO] before sample, target size: 949163, has normal: true
[Open3D INFO] after sample, target size: 400000, has normal: true
[Open3D INFO] source size: 26500, maxpoints_source_: 80000
[Open3D INFO] source size after voxel downsample: 20928
[Open3D INFO] after prerpocess: 20928
[Open3D INFO] reg_result.fitness: 0.977781, eva fitness: 0.98815
[INFO] [1773651804.553076951]: localization cost: 1026.944000 ms
[Open3D INFO] 

time_diff:1.02704 s, localization right now
[Open3D INFO] before sample, target size: 949163, has normal: true
[Open3D INFO] after sample, target size: 400000, has normal: true
[Open3D INFO] source size: 26997, maxpoints_source_: 80000
[Open3D INFO] source size after voxel downsample: 20410
[Open3D INFO] after prerpocess: 20410
[Open3D INFO] reg_result.fitness: 0.976335, eva fitness: 0.9878
[INFO] [1773651805.551083751]: localization cost: 997.903000 ms
[Open3D INFO] 

time_diff:0.998008 s, localization right now
[Open3D INFO] before sample, target size: 949163, has normal: true
[Open3D INFO] after sample, target size: 400000, has normal: true
[Open3D INFO] source size: 26647, maxpoints_source_: 80000
[Open3D INFO] source size after voxel downsample: 19804
[Open3D INFO] after prerpocess: 19804
[Open3D INFO] reg_result.fitness: 0.964603, eva fitness: 0.979398
[INFO] [1773651806.546180360]: localization cost: 994.998000 ms
[Open3D INFO] 

time_diff:0.995079 s, localization right now
[Open3D INFO] before sample, target size: 949163, has normal: true
[Open3D INFO] after sample, target size: 400000, has normal: true
[Open3D INFO] source size: 27399, maxpoints_source_: 80000
[Open3D INFO] source size after voxel downsample: 19603
[Open3D INFO] after prerpocess: 19603
[Open3D INFO] reg_result.fitness: 0.972147, eva fitness: 0.98184
[INFO] [1773651807.745116666]: localization cost: 1198.762000 ms
[Open3D INFO] 

time_diff:1.19944 s, localization right now
[Open3D INFO] before sample, target size: 949163, has normal: true
[Open3D INFO] after sample, target size: 400000, has normal: true
[Open3D INFO] source size: 28174, maxpoints_source_: 80000
[Open3D INFO] source size after voxel downsample: 19831
[Open3D INFO] after prerpocess: 19831
[Open3D INFO] reg_result.fitness: 0.984267, eva fitness: 0.989814
[INFO] [1773651808.756959126]: localization cost: 1011.219000 ms
[Open3D INFO] 

time_diff:1.01132 s, localization right now
[Open3D INFO] before sample, target size: 949163, has normal: true
[Open3D INFO] after sample, target size: 400000, has normal: true
[Open3D INFO] source size: 27703, maxpoints_source_: 80000
[Open3D INFO] source size after voxel downsample: 19803
[Open3D INFO] after prerpocess: 19803
[Open3D INFO] reg_result.fitness: 0.974751, eva fitness: 0.985507
[INFO] [1773651809.769456427]: localization cost: 1012.393000 ms
[Open3D INFO] 

time_diff:1.01249 s, localization right now
[Open3D INFO] before sample, target size: 949163, has normal: true
[Open3D INFO] after sample, target size: 400000, has normal: true
[Open3D INFO] source size: 25450, maxpoints_source_: 80000
[Open3D INFO] source size after voxel downsample: 19394
[Open3D INFO] after prerpocess: 19394
[Open3D INFO] reg_result.fitness: 0.970919, eva fitness: 0.985923
[INFO] [1773651811.046018364]: localization cost: 1276.465000 ms
[Open3D INFO] 

time_diff:1.27655 s, localization right now
[Open3D INFO] before sample, target size: 949163, has normal: true
[Open3D INFO] after sample, target size: 400000, has normal: true
[Open3D INFO] source size: 24695, maxpoints_source_: 80000
[Open3D INFO] source size after voxel downsample: 18615
[Open3D INFO] after prerpocess: 18615
[Open3D INFO] reg_result.fitness: 0.95885, eva fitness: 0.98426
[INFO] [1773651812.268815958]: localization cost: 1222.674000 ms
[Open3D INFO] 

time_diff:1.22279 s, localization right now
[Open3D INFO] 
***
****
***


last map update loc: x: 10.2777, y: 1.71456, z1.97237,
                now loc: x: 9.08371, y: -1.81223, z2.02353, 3d distance: 3.72378, now needpdate submap
[INFO] [1773651812.343417379]: submap_cost: 74.123000 ms
[Open3D INFO] before sample, target size: 928807, has normal: true
[Open3D INFO] after sample, target size: 400000, has normal: true
[Open3D INFO] source size: 25326, maxpoints_source_: 80000
[Open3D INFO] source size after voxel downsample: 18137
[Open3D INFO] after prerpocess: 18137
[Open3D INFO] reg_result.fitness: 0.967635, eva fitness: 0.991178
[INFO] [1773651813.285754932]: localization cost: 1016.705000 ms
[Open3D INFO] 

time_diff:1.01682 s, localization right now
[Open3D INFO] before sample, target size: 928807, has normal: true
[Open3D INFO] after sample, target size: 400000, has normal: true
[Open3D INFO] source size: 22231, maxpoints_source_: 80000
[Open3D INFO] source size after voxel downsample: 16655
[Open3D INFO] after prerpocess: 16655
[Open3D INFO] reg_result.fitness: 0.954248, eva fitness: 0.980727
[INFO] [1773651814.309605143]: localization cost: 1023.621000 ms
[Open3D INFO] 

time_diff:1.02371 s, localization right now
[Open3D INFO] before sample, target size: 928807, has normal: true
[Open3D INFO] after sample, target size: 400000, has normal: true
[Open3D INFO] source size: 20873, maxpoints_source_: 80000
[Open3D INFO] source size after voxel downsample: 17850
[Open3D INFO] after prerpocess: 17850
[Open3D INFO] reg_result.fitness: 0.964538, eva fitness: 0.977143
[INFO] [1773651815.293619668]: localization cost: 983.915000 ms
[Open3D INFO] 

time_diff:0.984011 s, localization right now
[Open3D INFO] before sample, target size: 928807, has normal: true
[Open3D INFO] after sample, target size: 400000, has normal: true
[Open3D INFO] source size: 23398, maxpoints_source_: 80000
[Open3D INFO] source size after voxel downsample: 18806
[Open3D INFO] after prerpocess: 18806
[Open3D INFO] reg_result.fitness: 0.966606, eva fitness: 0.977082
[INFO] [1773651816.552625771]: localization cost: 1258.894000 ms
[Open3D INFO] 

time_diff:1.25904 s, localization right now
[Open3D INFO] before sample, target size: 928807, has normal: true
[Open3D INFO] after sample, target size: 400000, has normal: true
[Open3D INFO] source size: 21909, maxpoints_source_: 80000
[Open3D INFO] source size after voxel downsample: 17077
[Open3D INFO] after prerpocess: 17077
[Open3D INFO] reg_result.fitness: 0.967442, eva fitness: 0.978568
[INFO] [1773651818.062304547]: localization cost: 1509.491000 ms
[Open3D INFO] 

time_diff:1.50964 s, localization right now
[Open3D INFO] before sample, target size: 928807, has normal: true
[Open3D INFO] after sample, target size: 400000, has normal: true
[Open3D INFO] source size: 23926, maxpoints_source_: 80000
[Open3D INFO] source size after voxel downsample: 19123
[Open3D INFO] after prerpocess: 19123
[Open3D INFO] reg_result.fitness: 0.945772, eva fitness: 0.977723
[INFO] [1773651819.667802251]: localization cost: 1605.365000 ms
[Open3D INFO] 

time_diff:1.60545 s, localization right now
[Open3D INFO] before sample, target size: 928807, has normal: true
[Open3D INFO] after sample, target size: 400000, has normal: true
[Open3D INFO] source size: 23988, maxpoints_source_: 80000
[Open3D INFO] source size after voxel downsample: 18493
[Open3D INFO] after prerpocess: 18493
[Open3D INFO] reg_result.fitness: 0.955389, eva fitness: 0.980912
[INFO] [1773651820.879533826]: localization cost: 1211.628000 ms
[Open3D INFO] 

time_diff:1.21173 s, localization right now
[Open3D INFO] before sample, target size: 928807, has normal: true
[Open3D INFO] after sample, target size: 400000, has normal: true
[Open3D INFO] source size: 23091, maxpoints_source_: 80000
[Open3D INFO] source size after voxel downsample: 18465
[Open3D INFO] after prerpocess: 18465
[Open3D INFO] reg_result.fitness: 0.960466, eva fitness: 0.974817
[INFO] [1773651822.224530070]: localization cost: 1344.716000 ms
[Open3D INFO] 

time_diff:1.34481 s, localization right now
[Open3D INFO] before sample, target size: 928807, has normal: true
[Open3D INFO] after sample, target size: 400000, has normal: true
[Open3D INFO] source size: 24692, maxpoints_source_: 80000
[Open3D INFO] source size after voxel downsample: 18656
[Open3D INFO] after prerpocess: 18656
[Open3D INFO] reg_result.fitness: 0.945916, eva fitness: 0.972877
[INFO] [1773651823.198607962]: localization cost: 973.834000 ms
[Open3D INFO] 

time_diff:0.973933 s, localization right now
[Open3D INFO] before sample, target size: 928807, has normal: true
[Open3D INFO] after sample, target size: 400000, has normal: true
[Open3D INFO] source size: 24960, maxpoints_source_: 80000
[Open3D INFO] source size after voxel downsample: 19319
[Open3D INFO] after prerpocess: 19319
[Open3D INFO] reg_result.fitness: 0.952482, eva fitness: 0.976655
[INFO] [1773651824.491530424]: localization cost: 1292.689000 ms
[Open3D INFO] 

time_diff:1.2928 s, localization right now
[Open3D INFO] 
***
****
***


last map update loc: x: 9.08371, y: -1.81223, z2.02353,
                now loc: x: 11.1735, y: -5.03523, z2.07782, 3d distance: 3.84162, now needpdate submap
[INFO] [1773651824.621540345]: submap_cost: 129.607000 ms
[Open3D INFO] before sample, target size: 949323, has normal: true
[Open3D INFO] after sample, target size: 400000, has normal: true
[Open3D INFO] source size: 26113, maxpoints_source_: 80000
[Open3D INFO] source size after voxel downsample: 18599
[Open3D INFO] after prerpocess: 18599
[Open3D INFO] reg_result.fitness: 0.955266, eva fitness: 0.973224
[INFO] [1773651826.003916982]: localization cost: 1512.263000 ms
[Open3D INFO] 

time_diff:1.51238 s, localization right now
[Open3D INFO] before sample, target size: 949323, has normal: true
[Open3D INFO] after sample, target size: 400000, has normal: true
[Open3D INFO] source size: 23787, maxpoints_source_: 80000
[Open3D INFO] source size after voxel downsample: 18193
[Open3D INFO] after prerpocess: 18193
[Open3D INFO] reg_result.fitness: 0.950201, eva fitness: 0.980707
[INFO] [1773651827.261031077]: localization cost: 1256.991000 ms
[Open3D INFO] 

time_diff:1.2571 s, localization right now
[Open3D INFO] before sample, target size: 949323, has normal: true
[Open3D INFO] after sample, target size: 400000, has normal: true
[Open3D INFO] source size: 25653, maxpoints_source_: 80000
[Open3D INFO] source size after voxel downsample: 19356
[Open3D INFO] after prerpocess: 19356
[Open3D INFO] reg_result.fitness: 0.970913, eva fitness: 0.990907
[INFO] [1773651828.556462562]: localization cost: 1295.296000 ms
[Open3D INFO] 

time_diff:1.29543 s, localization right now
[Open3D INFO] before sample, target size: 949323, has normal: true
[Open3D INFO] after sample, target size: 400000, has normal: true
[Open3D INFO] source size: 25190, maxpoints_source_: 80000
[Open3D INFO] source size after voxel downsample: 19804
[Open3D INFO] after prerpocess: 19804
[Open3D INFO] reg_result.fitness: 0.957736, eva fitness: 0.989497
[INFO] [1773651829.737533774]: localization cost: 1180.958000 ms
[Open3D INFO] 

time_diff:1.18105 s, localization right now
[Open3D INFO] before sample, target size: 949323, has normal: true
[Open3D INFO] after sample, target size: 400000, has normal: true
[Open3D INFO] source size: 26120, maxpoints_source_: 80000
[Open3D INFO] source size after voxel downsample: 19995
[Open3D INFO] after prerpocess: 19995
[Open3D INFO] reg_result.fitness: 0.909127, eva fitness: 0.946937
[INFO] [1773651830.738376201]: localization cost: 1000.739000 ms
[Open3D INFO] 

time_diff:1.00084 s, localization right now
[Open3D INFO] before sample, target size: 949323, has normal: true
[Open3D INFO] after sample, target size: 400000, has normal: true
[Open3D INFO] source size: 27004, maxpoints_source_: 80000
[Open3D INFO] source size after voxel downsample: 19882
[Open3D INFO] after prerpocess: 19882
[Open3D INFO] reg_result.fitness: 0.910824, eva fitness: 0.939040
[INFO] [1773651831.948036338]: localization cost: 1209.516000 ms
[Open3D INFO] 

time_diff:1.20968 s, localization right now
[Open3D INFO] 
***
****
***


last map update loc: x: 11.1735, y: -5.03523, z2.07782,
                now loc: x: 15.1162, y: -5.19218, z2.08599, 3d distance: 3.94578, now needpdate submap
[INFO] [1773651832.042322792]: submap_cost: 93.791000 ms
[Open3D INFO] before sample, target size: 1012398, has normal: true
[Open3D INFO] after sample, target size: 400000, has normal: true
[Open3D INFO] source size: 27125, maxpoints_source_: 80000
[Open3D INFO] source size after voxel downsample: 20232
[Open3D INFO] after prerpocess: 20232
[Open3D INFO] reg_result.fitness: 0.906089, eva fitness: 0.93278
[INFO] [1773651833.282172745]: localization cost: 1334.003000 ms
[Open3D INFO] 

time_diff:1.33408 s, localization right now
[Open3D INFO] before sample, target size: 1012398, has normal: true
[Open3D INFO] after sample, target size: 400000, has normal: true
[Open3D INFO] source size: 27823, maxpoints_source_: 80000
[Open3D INFO] source size after voxel downsample: 20074
[Open3D INFO] after prerpocess: 20074
[Open3D INFO] reg_result.fitness: 0.905300, eva fitness: 0.935339
[INFO] [1773651834.354074571]: localization cost: 1071.791000 ms
[Open3D INFO] 

time_diff:1.07196 s, localization right now
[Open3D INFO] before sample, target size: 1012398, has normal: true
[Open3D INFO] after sample, target size: 400000, has normal: true
[Open3D INFO] source size: 27021, maxpoints_source_: 80000
[Open3D INFO] source size after voxel downsample: 19259
[Open3D INFO] after prerpocess: 19259
[Open3D INFO] reg_result.fitness: 0.92793, eva fitness: 0.965626
[INFO] [1773651835.504300838]: localization cost: 1149.502000 ms
[Open3D INFO] 

time_diff:1.1496 s, localization right now
[Open3D INFO] before sample, target size: 1012398, has normal: true
[Open3D INFO] after sample, target size: 400000, has normal: true
[Open3D INFO] source size: 28452, maxpoints_source_: 80000
[Open3D INFO] source size after voxel downsample: 21053
[Open3D INFO] after prerpocess: 21053
[Open3D INFO] reg_result.fitness: 0.939629, eva fitness: 0.963568
[INFO] [1773651836.640392713]: localization cost: 1135.271000 ms
[Open3D INFO] 

time_diff:1.13538 s, localization right now
[Open3D INFO] before sample, target size: 1012398, has normal: true
[Open3D INFO] after sample, target size: 400000, has normal: true
[Open3D INFO] source size: 27570, maxpoints_source_: 80000
[Open3D INFO] source size after voxel downsample: 20554
[Open3D INFO] after prerpocess: 20554
[Open3D INFO] reg_result.fitness: 0.927022, eva fitness: 0.952467
[INFO] [1773651837.997427429]: localization cost: 1356.914000 ms
[Open3D INFO] 

time_diff:1.35702 s, localization right now
[Open3D INFO] before sample, target size: 1012398, has normal: true
[Open3D INFO] after sample, target size: 400000, has normal: true
[Open3D INFO] source size: 29175, maxpoints_source_: 80000
[Open3D INFO] source size after voxel downsample: 21007
[Open3D INFO] after prerpocess: 21007
[Open3D INFO] reg_result.fitness: 0.905936, eva fitness: 0.937449
[INFO] [1773651839.156832796]: localization cost: 1159.284000 ms
[Open3D INFO] 

time_diff:1.1594 s, localization right now
[Open3D INFO] before sample, target size: 1012398, has normal: true
[Open3D INFO] after sample, target size: 400000, has normal: true
[Open3D INFO] source size: 28862, maxpoints_source_: 80000
[Open3D INFO] source size after voxel downsample: 21000
[Open3D INFO] after prerpocess: 21000
[Open3D INFO] reg_result.fitness: 0.911857, eva fitness: 0.941381
[INFO] [1773651840.340350143]: localization cost: 1183.404000 ms
[Open3D INFO] 

time_diff:1.1835 s, localization right now
[Open3D INFO] before sample, target size: 1012398, has normal: true
[Open3D INFO] after sample, target size: 400000, has normal: true
[Open3D INFO] source size: 28998, maxpoints_source_: 80000
[Open3D INFO] source size after voxel downsample: 20667
[Open3D INFO] after prerpocess: 20667
[Open3D INFO] reg_result.fitness: 0.917114, eva fitness: 0.944065
[INFO] [1773651841.422470421]: localization cost: 1082.016000 ms
[Open3D INFO] 

time_diff:1.08212 s, localization right now
[Open3D INFO] before sample, target size: 1012398, has normal: true
[Open3D INFO] after sample, target size: 400000, has normal: true
[Open3D INFO] source size: 28735, maxpoints_source_: 80000
[Open3D INFO] source size after voxel downsample: 20950
[Open3D INFO] after prerpocess: 20950
[Open3D INFO] reg_result.fitness: 0.921766, eva fitness: 0.940716
[INFO] [1773651842.723055583]: localization cost: 1300.470000 ms
[Open3D INFO] 

time_diff:1.30057 s, localization right now
[Open3D INFO] 
***
****
***


last map update loc: x: 15.1162, y: -5.19218, z2.08599,
                now loc: x: 17.3573, y: -1.55152, z2.02567, 3d distance: 4.27557, now needpdate submap
[INFO] [1773651842.823244709]: submap_cost: 99.855000 ms
[Open3D INFO] before sample, target size: 1035024, has normal: true
[Open3D INFO] after sample, target size: 400000, has normal: true
[Open3D INFO] source size: 27743, maxpoints_source_: 80000
[Open3D INFO] source size after voxel downsample: 20106
[Open3D INFO] after prerpocess: 20106
[Open3D INFO] reg_result.fitness: 0.946583, eva fitness: 0.967273
[INFO] [1773651844.138241888]: localization cost: 1415.044000 ms
[Open3D INFO] 

time_diff:1.41527 s, localization right now
[Open3D INFO] before sample, target size: 1035024, has normal: true
[Open3D INFO] after sample, target size: 400000, has normal: true
[Open3D INFO] source size: 28543, maxpoints_source_: 80000
[Open3D INFO] source size after voxel downsample: 19458
[Open3D INFO] after prerpocess: 19458
[Open3D INFO] reg_result.fitness: 0.929541, eva fitness: 0.945883
[INFO] [1773651845.519947876]: localization cost: 1381.505000 ms
[Open3D INFO] 

time_diff:1.38177 s, localization right now
[Open3D INFO] before sample, target size: 1035024, has normal: true
[Open3D INFO] after sample, target size: 400000, has normal: true
[Open3D INFO] source size: 25300, maxpoints_source_: 80000
[Open3D INFO] source size after voxel downsample: 17091
[Open3D INFO] after prerpocess: 17091
[Open3D INFO] reg_result.fitness: 0.963958, eva fitness: 0.980926
[INFO] [1773651846.723359670]: localization cost: 1203.132000 ms
[Open3D INFO] 

time_diff:1.20322 s, localization right now
[Open3D INFO] before sample, target size: 1035024, has normal: true
[Open3D INFO] after sample, target size: 400000, has normal: true
[Open3D INFO] source size: 23226, maxpoints_source_: 80000
[Open3D INFO] source size after voxel downsample: 15490
[Open3D INFO] after prerpocess: 15490
[Open3D INFO] reg_result.fitness: 0.978696, eva fitness: 0.99277
[INFO] [1773651847.703949451]: localization cost: 980.483000 ms
[Open3D INFO] 

time_diff:0.980584 s, localization right now
[Open3D INFO] before sample, target size: 1035024, has normal: true
[Open3D INFO] after sample, target size: 400000, has normal: true
[Open3D INFO] source size: 27761, maxpoints_source_: 80000
[Open3D INFO] source size after voxel downsample: 17787
[Open3D INFO] after prerpocess: 17787
[Open3D INFO] reg_result.fitness: 0.973351, eva fitness: 0.985832
[INFO] [1773651848.726823249]: localization cost: 1022.760000 ms
[Open3D INFO] 

time_diff:1.02287 s, localization right now
[Open3D INFO] before sample, target size: 1035024, has normal: true
[Open3D INFO] after sample, target size: 400000, has normal: true
[Open3D INFO] source size: 30796, maxpoints_source_: 80000
[Open3D INFO] source size after voxel downsample: 18057
[Open3D INFO] after prerpocess: 18057
[Open3D INFO] reg_result.fitness: 0.970815, eva fitness: 0.988592
[INFO] [1773651849.871260102]: localization cost: 1144.313000 ms
[Open3D INFO] 

time_diff:1.14448 s, localization right now
[Open3D INFO] 
***
****
***


last map update loc: x: 17.3573, y: -1.55152, z2.02567,
                now loc: x: 18.7876, y: 1.88815, z1.96475, 3d distance: 3.72571, now needpdate submap
[INFO] [1773651849.943539592]: submap_cost: 71.671000 ms
[Open3D INFO] before sample, target size: 998908, has normal: true
[Open3D INFO] after sample, target size: 400000, has normal: true
[Open3D INFO] source size: 30979, maxpoints_source_: 80000
[Open3D INFO] source size after voxel downsample: 17959
[Open3D INFO] after prerpocess: 17959
[Open3D INFO] reg_result.fitness: 0.955287, eva fitness: 0.978841
[INFO] [1773651851.111417138]: localization cost: 1239.880000 ms
[Open3D INFO] 

time_diff:1.23999 s, localization right now
[Open3D INFO] before sample, target size: 998908, has normal: true
[Open3D INFO] after sample, target size: 400000, has normal: true
[Open3D INFO] source size: 31423, maxpoints_source_: 80000
[Open3D INFO] source size after voxel downsample: 17179
[Open3D INFO] after prerpocess: 17179
[Open3D INFO] reg_result.fitness: 0.944001, eva fitness: 0.97171
[INFO] [1773651852.266712038]: localization cost: 1155.177000 ms
[Open3D INFO] 

time_diff:1.15529 s, localization right now
[Open3D INFO] before sample, target size: 998908, has normal: true
[Open3D INFO] after sample, target size: 400000, has normal: true
[Open3D INFO] source size: 32215, maxpoints_source_: 80000
[Open3D INFO] source size after voxel downsample: 18185
[Open3D INFO] after prerpocess: 18185
[Open3D INFO] reg_result.fitness: 0.948969, eva fitness: 0.975089
[INFO] [1773651853.254844538]: localization cost: 987.896000 ms
[Open3D INFO] 

time_diff:0.987994 s, localization right now
[Open3D INFO] before sample, target size: 998908, has normal: true
[Open3D INFO] after sample, target size: 400000, has normal: true
[Open3D INFO] source size: 33448, maxpoints_source_: 80000
[Open3D INFO] source size after voxel downsample: 18679
[Open3D INFO] after prerpocess: 18679
[Open3D INFO] reg_result.fitness: 0.935382, eva fitness: 0.966379
[INFO] [1773651854.319873354]: localization cost: 1064.771000 ms
[Open3D INFO] 

time_diff:1.06503 s, localization right now
[Open3D INFO] before sample, target size: 998908, has normal: true
[Open3D INFO] after sample, target size: 400000, has normal: true
[Open3D INFO] source size: 31209, maxpoints_source_: 80000
[Open3D INFO] source size after voxel downsample: 18084
[Open3D INFO] after prerpocess: 18084
[Open3D INFO] reg_result.fitness: 0.949071, eva fitness: 0.980148
[INFO] [1773651855.331833517]: localization cost: 1011.722000 ms
[Open3D INFO] 

time_diff:1.01182 s, localization right now
[Open3D INFO] before sample, target size: 998908, has normal: true
[Open3D INFO] after sample, target size: 400000, has normal: true
[Open3D INFO] source size: 29023, maxpoints_source_: 80000
[Open3D INFO] source size after voxel downsample: 15563
[Open3D INFO] after prerpocess: 15563
[Open3D INFO] reg_result.fitness: 0.940436, eva fitness: 0.980788
[INFO] [1773651856.323028368]: localization cost: 991.090000 ms
[Open3D INFO] 

time_diff:0.991246 s, localization right now
[Open3D INFO] before sample, target size: 998908, has normal: true
[Open3D INFO] after sample, target size: 400000, has normal: true
[Open3D INFO] source size: 32576, maxpoints_source_: 80000
[Open3D INFO] source size after voxel downsample: 17906
[Open3D INFO] after prerpocess: 17906
[Open3D INFO] reg_result.fitness: 0.936446, eva fitness: 0.978666
[INFO] [1773651857.604526061]: localization cost: 1281.342000 ms
[Open3D INFO] 

time_diff:1.28142 s, localization right now
[Open3D INFO] 
***
****
***


last map update loc: x: 18.7876, y: 1.88815, z1.96475,
                now loc: x: 19.7030, y: 5.54362, z1.91879, 3d distance: 3.76862, now needpdate submap
[INFO] [1773651857.675456820]: submap_cost: 70.528000 ms
[Open3D INFO] before sample, target size: 934621, has normal: true
[Open3D INFO] after sample, target size: 400000, has normal: true
[Open3D INFO] source size: 36165, maxpoints_source_: 80000
[Open3D INFO] source size after voxel downsample: 18789
[Open3D INFO] after prerpocess: 18789
[Open3D INFO] reg_result.fitness: 0.949758, eva fitness: 0.98563
[INFO] [1773651858.767220727]: localization cost: 1162.609000 ms
[Open3D INFO] 

time_diff:1.16269 s, localization right now
[Open3D INFO] before sample, target size: 934621, has normal: true
[Open3D INFO] after sample, target size: 400000, has normal: true
[Open3D INFO] source size: 36236, maxpoints_source_: 80000
[Open3D INFO] source size after voxel downsample: 18187
[Open3D INFO] after prerpocess: 18187
[Open3D INFO] reg_result.fitness: 0.939902, eva fitness: 0.978666
[INFO] [1773651859.744757150]: localization cost: 977.423000 ms
[Open3D INFO] 

time_diff:0.977556 s, localization right now
[Open3D INFO] before sample, target size: 934621, has normal: true
[Open3D INFO] after sample, target size: 400000, has normal: true
[Open3D INFO] source size: 35950, maxpoints_source_: 80000
[Open3D INFO] source size after voxel downsample: 18238
[Open3D INFO] after prerpocess: 18238
[Open3D INFO] reg_result.fitness: 0.937932, eva fitness: 0.975217
[INFO] [1773651860.788359233]: localization cost: 1043.468000 ms
[Open3D INFO] 

time_diff:1.04357 s, localization right now
[Open3D INFO] before sample, target size: 934621, has normal: true
[Open3D INFO] after sample, target size: 400000, has normal: true
[Open3D INFO] source size: 36075, maxpoints_source_: 80000
[Open3D INFO] source size after voxel downsample: 18879
[Open3D INFO] after prerpocess: 18879
[Open3D INFO] reg_result.fitness: 0.938662, eva fitness: 0.970284
[INFO] [1773651861.847216686]: localization cost: 1058.746000 ms
[Open3D INFO] 

time_diff:1.05885 s, localization right now
[Open3D INFO] before sample, target size: 934621, has normal: true
[Open3D INFO] after sample, target size: 400000, has normal: true
[Open3D INFO] source size: 37169, maxpoints_source_: 80000
[Open3D INFO] source size after voxel downsample: 19596
[Open3D INFO] after prerpocess: 19596
[Open3D INFO] reg_result.fitness: 0.92376, eva fitness: 0.961268
[INFO] [1773651862.896272291]: localization cost: 1048.947000 ms
[Open3D INFO] 

time_diff:1.04905 s, localization right now
[Open3D INFO] before sample, target size: 934621, has normal: true
[Open3D INFO] after sample, target size: 400000, has normal: true
[Open3D INFO] source size: 36582, maxpoints_source_: 80000
[Open3D INFO] source size after voxel downsample: 20077
[Open3D INFO] after prerpocess: 20077
[Open3D INFO] reg_result.fitness: 0.913931, eva fitness: 0.955621
[INFO] [1773651863.906918381]: localization cost: 1010.548000 ms
[Open3D INFO] 

time_diff:1.01063 s, localization right now
[Open3D INFO] 
***
****
***


last map update loc: x: 19.7030, y: 5.54362, z1.91879,
                now loc: x: 20.2253, y: 9.17742, z1.86913, 3d distance: 3.67147, now needpdate submap
[INFO] [1773651863.981119441]: submap_cost: 73.842000 ms
[Open3D INFO] before sample, target size: 943080, has normal: true
[Open3D INFO] after sample, target size: 400000, has normal: true
[Open3D INFO] source size: 33874, maxpoints_source_: 80000
[Open3D INFO] source size after voxel downsample: 18983
[Open3D INFO] after prerpocess: 18983
[Open3D INFO] reg_result.fitness: 0.937681, eva fitness: 0.973503
[INFO] [1773651864.932199639]: localization cost: 1025.167000 ms
[Open3D INFO] 

time_diff:1.02529 s, localization right now
[Open3D INFO] before sample, target size: 943080, has normal: true
[Open3D INFO] after sample, target size: 400000, has normal: true
[Open3D INFO] source size: 32373, maxpoints_source_: 80000
[Open3D INFO] source size after voxel downsample: 17033
[Open3D INFO] after prerpocess: 17033
[Open3D INFO] reg_result.fitness: 0.956614, eva fitness: 0.981037
[INFO] [1773651865.932890526]: localization cost: 1000.458000 ms
[Open3D INFO] 

time_diff:1.00055 s, localization right now
[Open3D INFO] before sample, target size: 943080, has normal: true
[Open3D INFO] after sample, target size: 400000, has normal: true
[Open3D INFO] source size: 32441, maxpoints_source_: 80000
[Open3D INFO] source size after voxel downsample: 18341
[Open3D INFO] after prerpocess: 18341
[Open3D INFO] reg_result.fitness: 0.927321, eva fitness: 0.963197
[INFO] [1773651867.345566997]: localization cost: 1412.566000 ms
[Open3D INFO] 

time_diff:1.41267 s, localization right now
[Open3D INFO] before sample, target size: 943080, has normal: true
[Open3D INFO] after sample, target size: 400000, has normal: true
[Open3D INFO] source size: 37140, maxpoints_source_: 80000
[Open3D INFO] source size after voxel downsample: 20600
[Open3D INFO] after prerpocess: 20600
[Open3D INFO] reg_result.fitness: 0.884272, eva fitness: 0.934369
[INFO] [1773651868.380102610]: localization cost: 1034.432000 ms
[Open3D INFO] 

time_diff:1.03458 s, localization right now
[Open3D INFO] before sample, target size: 943080, has normal: true
[Open3D INFO] after sample, target size: 400000, has normal: true
[Open3D INFO] source size: 37529, maxpoints_source_: 80000
[Open3D INFO] source size after voxel downsample: 21503
[Open3D INFO] after prerpocess: 21503
[Open3D INFO] reg_result.fitness: 0.887551, eva fitness: 0.934288
[INFO] [1773651869.402466294]: localization cost: 1021.583000 ms
[Open3D INFO] 

time_diff:1.02168 s, localization right now
[Open3D INFO] before sample, target size: 943080, has normal: true
[Open3D INFO] after sample, target size: 400000, has normal: true
[Open3D INFO] source size: 37824, maxpoints_source_: 80000
[Open3D INFO] source size after voxel downsample: 21855
[Open3D INFO] after prerpocess: 21855
[Open3D INFO] reg_result.fitness: 0.876092, eva fitness: 0.9283
[INFO] [1773651870.585099815]: localization cost: 1182.513000 ms
[Open3D INFO] 

time_diff:1.18265 s, localization right now
[Open3D INFO] before sample, target size: 943080, has normal: true
[Open3D INFO] after sample, target size: 400000, has normal: true
[Open3D INFO] source size: 35863, maxpoints_source_: 80000
[Open3D INFO] source size after voxel downsample: 19015
[Open3D INFO] after prerpocess: 19015
[Open3D INFO] reg_result.fitness: 0.893032, eva fitness: 0.941783
[INFO] [1773651871.679279150]: localization cost: 1093.996000 ms
[Open3D INFO] 

time_diff:1.09414 s, localization right now
[Open3D INFO] before sample, target size: 943080, has normal: true
[Open3D INFO] after sample, target size: 400000, has normal: true
[Open3D INFO] source size: 34322, maxpoints_source_: 80000
[Open3D INFO] source size after voxel downsample: 19149
[Open3D INFO] after prerpocess: 19149
[Open3D INFO] reg_result.fitness: 0.897279, eva fitness: 0.960781
[INFO] [1773651872.672214951]: localization cost: 992.825000 ms
[Open3D INFO] 

time_diff:0.992913 s, localization right now
[Open3D INFO] before sample, target size: 943080, has normal: true
[Open3D INFO] after sample, target size: 400000, has normal: true
[Open3D INFO] source size: 35089, maxpoints_source_: 80000
[Open3D INFO] source size after voxel downsample: 19532
[Open3D INFO] after prerpocess: 19532
[Open3D INFO] reg_result.fitness: 0.926224, eva fitness: 0.975681
[INFO] [1773651873.673890513]: localization cost: 1001.567000 ms
[Open3D INFO] 

time_diff:1.00172 s, localization right now
[Open3D INFO] before sample, target size: 943080, has normal: true
[Open3D INFO] after sample, target size: 400000, has normal: true
[Open3D INFO] source size: 34467, maxpoints_source_: 80000
[Open3D INFO] source size after voxel downsample: 20433
[Open3D INFO] after prerpocess: 20433
[Open3D INFO] reg_result.fitness: 0.922723, eva fitness: 0.974257
[INFO] [1773651874.840931842]: localization cost: 1166.845000 ms
[Open3D INFO] 

time_diff:1.167 s, localization right now
[Open3D INFO] 
***
****
***


last map update loc: x: 20.2253, y: 9.17742, z1.86913,
                now loc: x: 19.3424, y: 12.599, z1.80941, 3d distance: 3.53415, now needpdate submap
[INFO] [1773651874.980112698]: submap_cost: 138.493000 ms
[Open3D INFO] before sample, target size: 872398, has normal: true
[Open3D INFO] after sample, target size: 400000, has normal: true
[Open3D INFO] source size: 33627, maxpoints_source_: 80000
[Open3D INFO] source size after voxel downsample: 20702
[Open3D INFO] after prerpocess: 20702
[Open3D INFO] reg_result.fitness: 0.907738, eva fitness: 0.961984
[INFO] [1773651876.061584772]: localization cost: 1220.514000 ms
[Open3D INFO] 

time_diff:1.22061 s, localization right now
[Open3D INFO] before sample, target size: 872398, has normal: true
[Open3D INFO] after sample, target size: 400000, has normal: true
[Open3D INFO] source size: 30590, maxpoints_source_: 80000
[Open3D INFO] source size after voxel downsample: 20673
[Open3D INFO] after prerpocess: 20673
[Open3D INFO] reg_result.fitness: 0.921347, eva fitness: 0.969477
[INFO] [1773651877.057855679]: localization cost: 996.171000 ms
[Open3D INFO] 

time_diff:0.996252 s, localization right now
[Open3D INFO] before sample, target size: 872398, has normal: true
[Open3D INFO] after sample, target size: 400000, has normal: true
[Open3D INFO] source size: 34997, maxpoints_source_: 80000
[Open3D INFO] source size after voxel downsample: 22525
[Open3D INFO] after prerpocess: 22525
[Open3D INFO] reg_result.fitness: 0.926215, eva fitness: 0.969012
[INFO] [1773651878.021255560]: localization cost: 963.301000 ms
[Open3D INFO] 

time_diff:0.963399 s, localization right now
[Open3D INFO] before sample, target size: 872398, has normal: true
[Open3D INFO] after sample, target size: 400000, has normal: true
[Open3D INFO] source size: 33221, maxpoints_source_: 80000
[Open3D INFO] source size after voxel downsample: 21193
[Open3D INFO] after prerpocess: 21193
[Open3D INFO] reg_result.fitness: 0.931157, eva fitness: 0.970415
[INFO] [1773651879.178742449]: localization cost: 1157.374000 ms
[Open3D INFO] 

time_diff:1.15748 s, localization right now
[Open3D INFO] before sample, target size: 872398, has normal: true
[Open3D INFO] after sample, target size: 400000, has normal: true
[Open3D INFO] source size: 31966, maxpoints_source_: 80000
[Open3D INFO] source size after voxel downsample: 20375
[Open3D INFO] after prerpocess: 20375
[Open3D INFO] reg_result.fitness: 0.934871, eva fitness: 0.971877
[INFO] [1773651880.208170867]: localization cost: 1029.175000 ms
[Open3D INFO] 

time_diff:1.0293 s, localization right now
[Open3D INFO] before sample, target size: 872398, has normal: true
[Open3D INFO] after sample, target size: 400000, has normal: true
[Open3D INFO] source size: 31794, maxpoints_source_: 80000
[Open3D INFO] source size after voxel downsample: 20839
[Open3D INFO] after prerpocess: 20839
[Open3D INFO] reg_result.fitness: 0.936321, eva fitness: 0.96876
[INFO] [1773651881.258805459]: localization cost: 1050.409000 ms
[Open3D INFO] 

time_diff:1.05051 s, localization right now
[Open3D INFO] before sample, target size: 872398, has normal: true
[Open3D INFO] after sample, target size: 400000, has normal: true
[Open3D INFO] source size: 31505, maxpoints_source_: 80000
[Open3D INFO] source size after voxel downsample: 20163
[Open3D INFO] after prerpocess: 20163
[Open3D INFO] reg_result.fitness: 0.926697, eva fitness: 0.963597
[INFO] [1773651882.452013297]: localization cost: 1192.972000 ms
[Open3D INFO] 

time_diff:1.19308 s, localization right now
[Open3D INFO] before sample, target size: 872398, has normal: true
[Open3D INFO] after sample, target size: 400000, has normal: true
[Open3D INFO] source size: 30902, maxpoints_source_: 80000
[Open3D INFO] source size after voxel downsample: 19977
[Open3D INFO] after prerpocess: 19977
[Open3D INFO] reg_result.fitness: 0.924263, eva fitness: 0.968013
[INFO] [1773651883.753160642]: localization cost: 1301.032000 ms
[Open3D INFO] 

time_diff:1.30112 s, localization right now
[Open3D INFO] 
***
****
***


last map update loc: x: 19.3424, y: 12.599, z1.80941,
                now loc: x: 16.3561, y: 14.4817, z1.79236, 3d distance: 3.53025, now needpdate submap
[INFO] [1773651883.819869931]: submap_cost: 66.405000 ms
[Open3D INFO] before sample, target size: 786946, has normal: true
[Open3D INFO] after sample, target size: 400000, has normal: true
[Open3D INFO] source size: 30126, maxpoints_source_: 80000
[Open3D INFO] source size after voxel downsample: 20523
[Open3D INFO] after prerpocess: 20523
[Open3D INFO] reg_result.fitness: 0.923208, eva fitness: 0.962871
[INFO] [1773651884.833270575]: localization cost: 1079.994000 ms
[Open3D INFO] 

time_diff:1.08011 s, localization right now
[Open3D INFO] before sample, target size: 786946, has normal: true
[Open3D INFO] after sample, target size: 400000, has normal: true
[Open3D INFO] source size: 29564, maxpoints_source_: 80000
[Open3D INFO] source size after voxel downsample: 20760
[Open3D INFO] after prerpocess: 20760
[Open3D INFO] reg_result.fitness: 0.919123, eva fitness: 0.963391
[INFO] [1773651885.948001607]: localization cost: 1114.462000 ms
[Open3D INFO] 

time_diff:1.11461 s, localization right now
[Open3D INFO] before sample, target size: 786946, has normal: true
[Open3D INFO] after sample, target size: 400000, has normal: true
[Open3D INFO] source size: 29704, maxpoints_source_: 80000
[Open3D INFO] source size after voxel downsample: 20564
[Open3D INFO] after prerpocess: 20564
[Open3D INFO] reg_result.fitness: 0.915872, eva fitness: 0.973546
[INFO] [1773651887.380819219]: localization cost: 1432.661000 ms
[Open3D INFO] 

time_diff:1.43276 s, localization right now
[Open3D INFO] before sample, target size: 786946, has normal: true
[Open3D INFO] after sample, target size: 400000, has normal: true
[Open3D INFO] source size: 29410, maxpoints_source_: 80000
[Open3D INFO] source size after voxel downsample: 19439
[Open3D INFO] after prerpocess: 19439
[Open3D INFO] reg_result.fitness: 0.925613, eva fitness: 0.977571
[INFO] [1773651888.352445544]: localization cost: 971.530000 ms
[Open3D INFO] 

time_diff:0.971611 s, localization right now
[Open3D INFO] before sample, target size: 786946, has normal: true
[Open3D INFO] after sample, target size: 400000, has normal: true
[Open3D INFO] source size: 29695, maxpoints_source_: 80000
[Open3D INFO] source size after voxel downsample: 19511
[Open3D INFO] after prerpocess: 19511
[Open3D INFO] reg_result.fitness: 0.921275, eva fitness: 0.97873
[INFO] [1773651889.342966846]: localization cost: 990.422000 ms
[Open3D INFO] 

time_diff:0.990522 s, localization right now
[Open3D INFO] before sample, target size: 786946, has normal: true
[Open3D INFO] after sample, target size: 400000, has normal: true
[Open3D INFO] source size: 29635, maxpoints_source_: 80000
[Open3D INFO] source size after voxel downsample: 19224
[Open3D INFO] after prerpocess: 19224
[Open3D INFO] reg_result.fitness: 0.914274, eva fitness: 0.980441
[INFO] [1773651890.332453390]: localization cost: 989.381000 ms
[Open3D INFO] 

time_diff:0.989469 s, localization right now
[Open3D INFO] before sample, target size: 786946, has normal: true
[Open3D INFO] after sample, target size: 400000, has normal: true
[Open3D INFO] source size: 30417, maxpoints_source_: 80000
[Open3D INFO] source size after voxel downsample: 20027
[Open3D INFO] after prerpocess: 20027
[Open3D INFO] reg_result.fitness: 0.928646, eva fitness: 0.980826
[INFO] [1773651891.447969563]: localization cost: 1115.410000 ms
[Open3D INFO] 

time_diff:1.11551 s, localization right now
[Open3D INFO] before sample, target size: 786946, has normal: true
[Open3D INFO] after sample, target size: 400000, has normal: true
[Open3D INFO] source size: 30203, maxpoints_source_: 80000
[Open3D INFO] source size after voxel downsample: 20747
[Open3D INFO] after prerpocess: 20747
[Open3D INFO] reg_result.fitness: 0.935075, eva fitness: 0.980094
[INFO] [1773651892.584846992]: localization cost: 1136.768000 ms
[Open3D INFO] 

time_diff:1.13691 s, localization right now
[Open3D INFO] before sample, target size: 786946, has normal: true
[Open3D INFO] after sample, target size: 400000, has normal: true
[Open3D INFO] source size: 30631, maxpoints_source_: 80000
[Open3D INFO] source size after voxel downsample: 21980
[Open3D INFO] after prerpocess: 21980
[Open3D INFO] reg_result.fitness: 0.937079, eva fitness: 0.985214
[INFO] [1773651893.694301122]: localization cost: 1109.293000 ms
[Open3D INFO] 

time_diff:1.10941 s, localization right now
[Open3D INFO] before sample, target size: 786946, has normal: true
[Open3D INFO] after sample, target size: 400000, has normal: true
[Open3D INFO] source size: 29881, maxpoints_source_: 80000
[Open3D INFO] source size after voxel downsample: 20652
[Open3D INFO] after prerpocess: 20652
[Open3D INFO] reg_result.fitness: 0.936326, eva fitness: 0.984118
[INFO] [1773651894.787883040]: localization cost: 1093.355000 ms
[Open3D INFO] 

time_diff:1.09344 s, localization right now
[Open3D INFO] before sample, target size: 786946, has normal: true
[Open3D INFO] after sample, target size: 400000, has normal: true
[Open3D INFO] source size: 28936, maxpoints_source_: 80000
[Open3D INFO] source size after voxel downsample: 19691
[Open3D INFO] after prerpocess: 19691
[Open3D INFO] reg_result.fitness: 0.941496, eva fitness: 0.991417
[INFO] [1773651895.965125380]: localization cost: 1177.017000 ms
[Open3D INFO] 

time_diff:1.17713 s, localization right now
[Open3D INFO] before sample, target size: 786946, has normal: true
[Open3D INFO] after sample, target size: 400000, has normal: true
[Open3D INFO] source size: 27217, maxpoints_source_: 80000
[Open3D INFO] source size after voxel downsample: 18494
[Open3D INFO] after prerpocess: 18494
[Open3D INFO] reg_result.fitness: 0.958419, eva fitness: 0.991457
[INFO] [1773651897.032596825]: localization cost: 1067.351000 ms
[Open3D INFO] 

time_diff:1.06748 s, localization right now
[Open3D INFO] 
***
****
***


last map update loc: x: 16.3561, y: 14.4817, z1.79236,
                now loc: x: 14.2382, y: 11.6767, z1.83039, 3d distance: 3.51498, now needpdate submap
[INFO] [1773651897.110288682]: submap_cost: 77.305000 ms
[Open3D INFO] before sample, target size: 795232, has normal: true
[Open3D INFO] after sample, target size: 400000, has normal: true
[Open3D INFO] source size: 30486, maxpoints_source_: 80000
[Open3D INFO] source size after voxel downsample: 18369
[Open3D INFO] after prerpocess: 18369
[Open3D INFO] reg_result.fitness: 0.967608, eva fitness: 0.994937
[INFO] [1773651898.288843175]: localization cost: 1256.106000 ms
[Open3D INFO] 

time_diff:1.25642 s, localization right now
[Open3D INFO] before sample, target size: 795232, has normal: true
[Open3D INFO] after sample, target size: 400000, has normal: true
[Open3D INFO] source size: 30256, maxpoints_source_: 80000
[Open3D INFO] source size after voxel downsample: 17703
[Open3D INFO] after prerpocess: 17703
[Open3D INFO] reg_result.fitness: 0.969158, eva fitness: 0.994634
[INFO] [1773651899.542729268]: localization cost: 1253.575000 ms
[Open3D INFO] 

time_diff:1.25366 s, localization right now
[Open3D INFO] before sample, target size: 795232, has normal: true
[Open3D INFO] after sample, target size: 400000, has normal: true
[Open3D INFO] source size: 29025, maxpoints_source_: 80000
[Open3D INFO] source size after voxel downsample: 17682
[Open3D INFO] after prerpocess: 17682
[Open3D INFO] reg_result.fitness: 0.972005, eva fitness: 0.995419
[INFO] [1773651900.552448320]: localization cost: 1009.621000 ms
[Open3D INFO] 

time_diff:1.00972 s, localization right now
[Open3D INFO] before sample, target size: 795232, has normal: true
[Open3D INFO] after sample, target size: 400000, has normal: true
[Open3D INFO] source size: 29431, maxpoints_source_: 80000
[Open3D INFO] source size after voxel downsample: 17966
[Open3D INFO] after prerpocess: 17966
[Open3D INFO] reg_result.fitness: 0.966882, eva fitness: 0.994378
[INFO] [1773651901.530842912]: localization cost: 978.285000 ms
[Open3D INFO] 

time_diff:0.978384 s, localization right now
[Open3D INFO] before sample, target size: 795232, has normal: true
[Open3D INFO] after sample, target size: 400000, has normal: true
[Open3D INFO] source size: 29995, maxpoints_source_: 80000
[Open3D INFO] source size after voxel downsample: 17466
[Open3D INFO] after prerpocess: 17466
[Open3D INFO] reg_result.fitness: 0.968224, eva fitness: 0.992156
[INFO] [1773651902.926642335]: localization cost: 1395.665000 ms
[Open3D INFO] 

time_diff:1.3958 s, localization right now
[Open3D INFO] before sample, target size: 795232, has normal: true
[Open3D INFO] after sample, target size: 400000, has normal: true
[Open3D INFO] source size: 28730, maxpoints_source_: 80000
[Open3D INFO] source size after voxel downsample: 16810
[Open3D INFO] after prerpocess: 16810
[Open3D INFO] reg_result.fitness: 0.970791, eva fitness: 0.993575
[INFO] [1773651904.235684711]: localization cost: 1308.759000 ms
[Open3D INFO] 

time_diff:1.30886 s, localization right now
[Open3D INFO] 
***
****
***


last map update loc: x: 14.2382, y: 11.6767, z1.83039,
                now loc: x: 12.7134, y: 8.06451, z1.89716, 3d distance: 3.92136, now needpdate submap
[INFO] [1773651904.308058223]: submap_cost: 72.065000 ms
[Open3D INFO] before sample, target size: 867451, has normal: true
[Open3D INFO] after sample, target size: 400000, has normal: true
[Open3D INFO] source size: 26628, maxpoints_source_: 80000
[Open3D INFO] source size after voxel downsample: 16399
[Open3D INFO] after prerpocess: 16399
[Open3D INFO] reg_result.fitness: 0.969205, eva fitness: 0.99628
[INFO] [1773651905.340672170]: localization cost: 1104.869000 ms
[Open3D INFO] 

time_diff:1.10499 s, localization right now
[Open3D INFO] before sample, target size: 867451, has normal: true
[Open3D INFO] after sample, target size: 400000, has normal: true
[Open3D INFO] source size: 26633, maxpoints_source_: 80000
[Open3D INFO] source size after voxel downsample: 16435
[Open3D INFO] after prerpocess: 16435
[Open3D INFO] reg_result.fitness: 0.965926, eva fitness: 0.995802
[INFO] [1773651906.424163997]: localization cost: 1083.394000 ms
[Open3D INFO] 

time_diff:1.08347 s, localization right now
[Open3D INFO] before sample, target size: 867451, has normal: true
[Open3D INFO] after sample, target size: 400000, has normal: true
[Open3D INFO] source size: 26554, maxpoints_source_: 80000
[Open3D INFO] source size after voxel downsample: 16835
[Open3D INFO] after prerpocess: 16835
[Open3D INFO] reg_result.fitness: 0.970359, eva fitness: 0.996495
[INFO] [1773651907.554276743]: localization cost: 1129.995000 ms
[Open3D INFO] 

time_diff:1.13014 s, localization right now
[Open3D INFO] before sample, target size: 867451, has normal: true
[Open3D INFO] after sample, target size: 400000, has normal: true
[Open3D INFO] source size: 27253, maxpoints_source_: 80000
[Open3D INFO] source size after voxel downsample: 17268
[Open3D INFO] after prerpocess: 17268
[Open3D INFO] reg_result.fitness: 0.978399, eva fitness: 0.995251
[INFO] [1773651908.785147293]: localization cost: 1230.545000 ms
[Open3D INFO] 

time_diff:1.23065 s, localization right now
[Open3D INFO] before sample, target size: 867451, has normal: true
[Open3D INFO] after sample, target size: 400000, has normal: true
[Open3D INFO] source size: 27279, maxpoints_source_: 80000
[Open3D INFO] source size after voxel downsample: 17350
[Open3D INFO] after prerpocess: 17350
[Open3D INFO] reg_result.fitness: 0.972104, eva fitness: 0.995043
[INFO] [1773651909.811022767]: localization cost: 1025.734000 ms
[Open3D INFO] 

time_diff:1.02587 s, localization right now
[Open3D INFO] before sample, target size: 867451, has normal: true
[Open3D INFO] after sample, target size: 400000, has normal: true
[Open3D INFO] source size: 26667, maxpoints_source_: 80000
[Open3D INFO] source size after voxel downsample: 16270
[Open3D INFO] after prerpocess: 16270
[Open3D INFO] reg_result.fitness: 0.97775, eva fitness: 0.994222
[INFO] [1773651911.068161145]: localization cost: 1257.015000 ms
[Open3D INFO] 

time_diff:1.25714 s, localization right now
[Open3D INFO] before sample, target size: 867451, has normal: true
[Open3D INFO] after sample, target size: 400000, has normal: true
[Open3D INFO] source size: 26720, maxpoints_source_: 80000
[Open3D INFO] source size after voxel downsample: 16549
[Open3D INFO] after prerpocess: 16549
[Open3D INFO] reg_result.fitness: 0.974863, eva fitness: 0.993595
[INFO] [1773651912.263941829]: localization cost: 1195.666000 ms
[Open3D INFO] 

time_diff:1.19575 s, localization right now
[Open3D INFO] before sample, target size: 867451, has normal: true
[Open3D INFO] after sample, target size: 400000, has normal: true
[Open3D INFO] source size: 25344, maxpoints_source_: 80000
[Open3D INFO] source size after voxel downsample: 17081
[Open3D INFO] after prerpocess: 17081
[Open3D INFO] reg_result.fitness: 0.977812, eva fitness: 0.994263
[INFO] [1773651913.331666859]: localization cost: 1067.626000 ms
[Open3D INFO] 

time_diff:1.06772 s, localization right now
[Open3D INFO] 
***
****
***


last map update loc: x: 12.7134, y: 8.06451, z1.89716,
                now loc: x: 10.6372, y: 4.81201, z1.94915, 3d distance: 3.85902, now needpdate submap
[INFO] [1773651913.404710721]: submap_cost: 72.709000 ms
[Open3D INFO] before sample, target size: 901159, has normal: true
[Open3D INFO] after sample, target size: 400000, has normal: true
[Open3D INFO] source size: 24177, maxpoints_source_: 80000
[Open3D INFO] source size after voxel downsample: 16770
[Open3D INFO] after prerpocess: 16770
[Open3D INFO] reg_result.fitness: 0.981395, eva fitness: 0.998032
[INFO] [1773651914.450770155]: localization cost: 1118.997000 ms
[Open3D INFO] 

time_diff:1.1191 s, localization right now
[Open3D INFO] before sample, target size: 901159, has normal: true
[Open3D INFO] after sample, target size: 400000, has normal: true
[Open3D INFO] source size: 23864, maxpoints_source_: 80000
[Open3D INFO] source size after voxel downsample: 17223
[Open3D INFO] after prerpocess: 17223
[Open3D INFO] reg_result.fitness: 0.988794, eva fitness: 0.997445
[INFO] [1773651915.721832613]: localization cost: 1270.947000 ms
[Open3D INFO] 

time_diff:1.27106 s, localization right now
[Open3D INFO] before sample, target size: 901159, has normal: true
[Open3D INFO] after sample, target size: 400000, has normal: true
[Open3D INFO] source size: 23681, maxpoints_source_: 80000
[Open3D INFO] source size after voxel downsample: 17038
[Open3D INFO] after prerpocess: 17038
[Open3D INFO] reg_result.fitness: 0.989142, eva fitness: 0.997476
[INFO] [1773651917.057947928]: localization cost: 1335.855000 ms
[Open3D INFO] 

time_diff:1.33594 s, localization right now
[Open3D INFO] before sample, target size: 901159, has normal: true
[Open3D INFO] after sample, target size: 400000, has normal: true
[Open3D INFO] source size: 24281, maxpoints_source_: 80000
[Open3D INFO] source size after voxel downsample: 17793
[Open3D INFO] after prerpocess: 17793
[Open3D INFO] reg_result.fitness: 0.986231, eva fitness: 0.99674
[INFO] [1773651918.341276785]: localization cost: 1283.182000 ms
[Open3D INFO] 

time_diff:1.28333 s, localization right now
[Open3D INFO] before sample, target size: 901159, has normal: true
[Open3D INFO] after sample, target size: 400000, has normal: true
[Open3D INFO] source size: 24972, maxpoints_source_: 80000
[Open3D INFO] source size after voxel downsample: 18494
[Open3D INFO] after prerpocess: 18494
[Open3D INFO] reg_result.fitness: 0.973397, eva fitness: 0.99216
[INFO] [1773651919.584449481]: localization cost: 1242.994000 ms
[Open3D INFO] 

time_diff:1.24316 s, localization right now
[Open3D INFO] 
***
****
***


last map update loc: x: 10.6372, y: 4.81201, z1.94915,
                now loc: x: 8.76286, y: 1.67488, z1.98441, 3d distance: 3.65459, now needpdate submap
[INFO] [1773651919.670699006]: submap_cost: 85.693000 ms
[Open3D INFO] before sample, target size: 906757, has normal: true
[Open3D INFO] after sample, target size: 400000, has normal: true
[Open3D INFO] source size: 25687, maxpoints_source_: 80000
[Open3D INFO] source size after voxel downsample: 18572
[Open3D INFO] after prerpocess: 18572
[Open3D INFO] reg_result.fitness: 0.963009, eva fitness: 0.969201
[INFO] [1773651920.932084040]: localization cost: 1347.479000 ms
[Open3D INFO] 

time_diff:1.34756 s, localization right now
[Open3D INFO] before sample, target size: 906757, has normal: true
[Open3D INFO] after sample, target size: 400000, has normal: true
[Open3D INFO] source size: 25397, maxpoints_source_: 80000
[Open3D INFO] source size after voxel downsample: 18464
[Open3D INFO] after prerpocess: 18464
[Open3D INFO] reg_result.fitness: 0.963876, eva fitness: 0.969508
[INFO] [1773651921.965737481]: localization cost: 1033.559000 ms
[Open3D INFO] 

time_diff:1.03387 s, localization right now
[Open3D INFO] before sample, target size: 906757, has normal: true
[Open3D INFO] after sample, target size: 400000, has normal: true
[Open3D INFO] source size: 25804, maxpoints_source_: 80000
[Open3D INFO] source size after voxel downsample: 18495
[Open3D INFO] after prerpocess: 18495
[Open3D INFO] reg_result.fitness: 0.963341, eva fitness: 0.970857
[INFO] [1773651923.300660907]: localization cost: 1334.430000 ms
[Open3D INFO] 

time_diff:1.33455 s, localization right now
[Open3D INFO] before sample, target size: 906757, has normal: true
[Open3D INFO] after sample, target size: 400000, has normal: true
[Open3D INFO] source size: 27165, maxpoints_source_: 80000
[Open3D INFO] source size after voxel downsample: 19700
[Open3D INFO] after prerpocess: 19700
[Open3D INFO] reg_result.fitness: 0.97269, eva fitness: 0.980660
[INFO] [1773651924.444932372]: localization cost: 1144.153000 ms
[Open3D INFO] 

time_diff:1.14425 s, localization right now
[Open3D INFO] before sample, target size: 906757, has normal: true
[Open3D INFO] after sample, target size: 400000, has normal: true
[Open3D INFO] source size: 28522, maxpoints_source_: 80000
[Open3D INFO] source size after voxel downsample: 19612
[Open3D INFO] after prerpocess: 19612
[Open3D INFO] reg_result.fitness: 0.958087, eva fitness: 0.97369
[INFO] [1773651925.464430358]: localization cost: 1019.385000 ms
[Open3D INFO] 

time_diff:1.0195 s, localization right now
[Open3D INFO] before sample, target size: 906757, has normal: true
[Open3D INFO] after sample, target size: 400000, has normal: true
[Open3D INFO] source size: 27560, maxpoints_source_: 80000
[Open3D INFO] source size after voxel downsample: 18230
[Open3D INFO] after prerpocess: 18230
[Open3D INFO] reg_result.fitness: 0.942896, eva fitness: 0.96994
[INFO] [1773651926.453933223]: localization cost: 989.181000 ms
[Open3D INFO] 

time_diff:0.989269 s, localization right now
[Open3D INFO] before sample, target size: 906757, has normal: true
[Open3D INFO] after sample, target size: 400000, has normal: true
[Open3D INFO] source size: 29142, maxpoints_source_: 80000
[Open3D INFO] source size after voxel downsample: 17503
[Open3D INFO] after prerpocess: 17503
[Open3D INFO] reg_result.fitness: 0.933040, eva fitness: 0.961035
[INFO] [1773651927.565698774]: localization cost: 1111.658000 ms
[Open3D INFO] 

time_diff:1.11177 s, localization right now
[Open3D INFO] before sample, target size: 906757, has normal: true
[Open3D INFO] after sample, target size: 400000, has normal: true
[Open3D INFO] source size: 26506, maxpoints_source_: 80000
[Open3D INFO] source size after voxel downsample: 15582
[Open3D INFO] after prerpocess: 15582
[Open3D INFO] reg_result.fitness: 0.939353, eva fitness: 0.965858
[INFO] [1773651928.769505506]: localization cost: 1203.695000 ms
[Open3D INFO] 

time_diff:1.20378 s, localization right now
[Open3D INFO] before sample, target size: 906757, has normal: true
[Open3D INFO] after sample, target size: 400000, has normal: true
[Open3D INFO] source size: 27899, maxpoints_source_: 80000
[Open3D INFO] source size after voxel downsample: 14018
[Open3D INFO] after prerpocess: 14018
[Open3D INFO] reg_result.fitness: 0.922457, eva fitness: 0.956056
[INFO] [1773651929.805258673]: localization cost: 1035.657000 ms
[Open3D INFO] 

time_diff:1.03575 s, localization right now
[Open3D INFO] before sample, target size: 906757, has normal: true
[Open3D INFO] after sample, target size: 400000, has normal: true
[Open3D INFO] source size: 28418, maxpoints_source_: 80000
[Open3D INFO] source size after voxel downsample: 15290
[Open3D INFO] after prerpocess: 15290
[Open3D INFO] reg_result.fitness: 0.91792, eva fitness: 0.940157
[INFO] [1773651931.037467490]: localization cost: 1231.926000 ms
[Open3D INFO] 

time_diff:1.23204 s, localization right now
[Open3D INFO] before sample, target size: 906757, has normal: true
[Open3D INFO] after sample, target size: 400000, has normal: true
[Open3D INFO] source size: 29336, maxpoints_source_: 80000
[Open3D INFO] source size after voxel downsample: 17129
[Open3D INFO] after prerpocess: 17129
[Open3D INFO] reg_result.fitness: 0.924105, eva fitness: 0.950143
[INFO] [1773651932.277259541]: localization cost: 1239.675000 ms
[Open3D INFO] 

time_diff:1.23977 s, localization right now
[Open3D INFO] before sample, target size: 906757, has normal: true
[Open3D INFO] after sample, target size: 400000, has normal: true
[Open3D INFO] source size: 30086, maxpoints_source_: 80000
[Open3D INFO] source size after voxel downsample: 15127
[Open3D INFO] after prerpocess: 15127
[Open3D INFO] reg_result.fitness: 0.946718, eva fitness: 0.969921
[INFO] [1773651933.363258193]: localization cost: 1085.768000 ms
[Open3D INFO] 

time_diff:1.08588 s, localization right now
[Open3D INFO] before sample, target size: 906757, has normal: true
[Open3D INFO] after sample, target size: 400000, has normal: true
[Open3D INFO] source size: 30687, maxpoints_source_: 80000
[Open3D INFO] source size after voxel downsample: 14207
[Open3D INFO] after prerpocess: 14207
[Open3D INFO] reg_result.fitness: 0.956008, eva fitness: 0.977054
[INFO] [1773651934.441455997]: localization cost: 1078.088000 ms
[Open3D INFO] 

time_diff:1.07818 s, localization right now
[Open3D INFO] before sample, target size: 906757, has normal: true
[Open3D INFO] after sample, target size: 400000, has normal: true
[Open3D INFO] source size: 30597, maxpoints_source_: 80000
[Open3D INFO] source size after voxel downsample: 14244
[Open3D INFO] after prerpocess: 14244
[Open3D INFO] reg_result.fitness: 0.948119, eva fitness: 0.970444
[INFO] [1773651935.657512039]: localization cost: 1215.942000 ms
[Open3D INFO] 

time_diff:1.2161 s, localization right now
[Open3D INFO] before sample, target size: 906757, has normal: true
[Open3D INFO] after sample, target size: 400000, has normal: true
[Open3D INFO] source size: 30166, maxpoints_source_: 80000
[Open3D INFO] source size after voxel downsample: 13834
[Open3D INFO] after prerpocess: 13834
[Open3D INFO] reg_result.fitness: 0.926124, eva fitness: 0.948677
[INFO] [1773651936.793677387]: localization cost: 1135.832000 ms
[Open3D INFO] 

time_diff:1.13593 s, localization right now
[Open3D INFO] before sample, target size: 906757, has normal: true
[Open3D INFO] after sample, target size: 400000, has normal: true
[Open3D INFO] source size: 29990, maxpoints_source_: 80000
[Open3D INFO] source size after voxel downsample: 14050
[Open3D INFO] after prerpocess: 14050
[Open3D INFO] reg_result.fitness: 0.907758, eva fitness: 0.932883
[INFO] [1773651937.915070598]: localization cost: 1121.288000 ms
[Open3D INFO] 

time_diff:1.12138 s, localization right now
[Open3D INFO] 
***
****
***


last map update loc: x: 8.76286, y: 1.67488, z1.98441,
                now loc: x: 5.41981, y: 0.753786, z1.08038, 3d distance: 3.58353, now needpdate submap
[INFO] [1773651937.995398474]: submap_cost: 79.987000 ms
[Open3D INFO] before sample, target size: 862431, has normal: true
[Open3D INFO] after sample, target size: 400000, has normal: true
[Open3D INFO] source size: 30521, maxpoints_source_: 80000
[Open3D INFO] source size after voxel downsample: 17090
[Open3D INFO] after prerpocess: 17090
[Open3D INFO] reg_result.fitness: 0.921182, eva fitness: 0.946635
[INFO] [1773651939.081857094]: localization cost: 1166.659000 ms
[Open3D INFO] 

time_diff:1.1668 s, localization right now
[Open3D INFO] before sample, target size: 862431, has normal: true
[Open3D INFO] after sample, target size: 400000, has normal: true
[Open3D INFO] source size: 30913, maxpoints_source_: 80000
[Open3D INFO] source size after voxel downsample: 16804
[Open3D INFO] after prerpocess: 16804
[Open3D INFO] reg_result.fitness: 0.913116, eva fitness: 0.939479
[INFO] [1773651940.155865718]: localization cost: 1073.706000 ms
[Open3D INFO] 

time_diff:1.07383 s, localization right now
[Open3D INFO] before sample, target size: 862431, has normal: true
[Open3D INFO] after sample, target size: 400000, has normal: true
[Open3D INFO] source size: 27941, maxpoints_source_: 80000
[Open3D INFO] source size after voxel downsample: 15044
[Open3D INFO] after prerpocess: 15044
[Open3D INFO] reg_result.fitness: 0.9433, eva fitness: 0.964637
[INFO] [1773651941.135950856]: localization cost: 979.977000 ms
[Open3D INFO] 

time_diff:0.980064 s, localization right now
[Open3D INFO] before sample, target size: 862431, has normal: true
[Open3D INFO] after sample, target size: 400000, has normal: true
[Open3D INFO] source size: 26799, maxpoints_source_: 80000
[Open3D INFO] source size after voxel downsample: 12612
[Open3D INFO] after prerpocess: 12612
[Open3D INFO] reg_result.fitness: 0.968918, eva fitness: 0.97994
[INFO] [1773651942.153400800]: localization cost: 1017.345000 ms
[Open3D INFO] 

time_diff:1.01747 s, localization right now
[Open3D INFO] before sample, target size: 862431, has normal: true
[Open3D INFO] after sample, target size: 400000, has normal: true
[Open3D INFO] source size: 27418, maxpoints_source_: 80000
[Open3D INFO] source size after voxel downsample: 12297
[Open3D INFO] after prerpocess: 12297
[Open3D INFO] reg_result.fitness: 0.971294, eva fitness: 0.987314
[INFO] [1773651943.310476397]: localization cost: 1156.944000 ms
[Open3D INFO] 

time_diff:1.15704 s, localization right now
[Open3D INFO] before sample, target size: 862431, has normal: true
[Open3D INFO] after sample, target size: 400000, has normal: true
[Open3D INFO] source size: 27524, maxpoints_source_: 80000
[Open3D INFO] source size after voxel downsample: 12283
[Open3D INFO] after prerpocess: 12283
[Open3D INFO] reg_result.fitness: 0.973134, eva fitness: 0.990800
[INFO] [1773651944.284409055]: localization cost: 973.814000 ms
[Open3D INFO] 

time_diff:0.973935 s, localization right now
[Open3D INFO] before sample, target size: 862431, has normal: true
[Open3D INFO] after sample, target size: 400000, has normal: true
[Open3D INFO] source size: 27597, maxpoints_source_: 80000
[Open3D INFO] source size after voxel downsample: 12488
[Open3D INFO] after prerpocess: 12488
[Open3D INFO] reg_result.fitness: 0.975416, eva fitness: 0.991912
[INFO] [1773651945.523236144]: localization cost: 1238.637000 ms
[Open3D INFO] 

time_diff:1.23904 s, localization right now
[Open3D INFO] before sample, target size: 862431, has normal: true
[Open3D INFO] after sample, target size: 400000, has normal: true
[Open3D INFO] source size: 27789, maxpoints_source_: 80000
[Open3D INFO] source size after voxel downsample: 12998
[Open3D INFO] after prerpocess: 12998
[Open3D INFO] reg_result.fitness: 0.955224, eva fitness: 0.979381
[INFO] [1773651946.532155685]: localization cost: 1008.574000 ms
[Open3D INFO] 

time_diff:1.00865 s, localization right now
[Open3D INFO] before sample, target size: 862431, has normal: true
[Open3D INFO] after sample, target size: 400000, has normal: true
[Open3D INFO] source size: 31771, maxpoints_source_: 80000
[Open3D INFO] source size after voxel downsample: 14308
[Open3D INFO] after prerpocess: 14308
[Open3D INFO] reg_result.fitness: 0.934233, eva fitness: 0.967011
[INFO] [1773651947.410596623]: localization cost: 878.346000 ms
[Open3D INFO] 

time_diff:0.878436 s, localization right now
[Open3D INFO] before sample, target size: 862431, has normal: true
[Open3D INFO] after sample, target size: 400000, has normal: true
[Open3D INFO] source size: 32892, maxpoints_source_: 80000
[Open3D INFO] source size after voxel downsample: 15671
[Open3D INFO] after prerpocess: 15671
[Open3D INFO] reg_result.fitness: 0.930062, eva fitness: 0.957373
[INFO] [1773651948.399343085]: localization cost: 988.653000 ms
[Open3D INFO] 

time_diff:0.988737 s, localization right now
[Open3D INFO] before sample, target size: 862431, has normal: true
[Open3D INFO] after sample, target size: 400000, has normal: true
[Open3D INFO] source size: 32152, maxpoints_source_: 80000
[Open3D INFO] source size after voxel downsample: 15519
[Open3D INFO] after prerpocess: 15519
[Open3D INFO] reg_result.fitness: 0.941749, eva fitness: 0.971068
[INFO] [1773651949.304980299]: localization cost: 905.531000 ms
[Open3D INFO] 

time_diff:0.905629 s, localization right now
[Open3D INFO] before sample, target size: 862431, has normal: true
[Open3D INFO] after sample, target size: 400000, has normal: true
[Open3D INFO] source size: 27373, maxpoints_source_: 80000
[Open3D INFO] source size after voxel downsample: 14448
[Open3D INFO] after prerpocess: 14448
[Open3D INFO] reg_result.fitness: 0.971138, eva fitness: 0.98235
[INFO] [1773651950.241428881]: localization cost: 936.343000 ms
[Open3D INFO] 

time_diff:0.936438 s, localization right now
[Open3D INFO] before sample, target size: 862431, has normal: true
[Open3D INFO] after sample, target size: 400000, has normal: true
[Open3D INFO] source size: 26192, maxpoints_source_: 80000
[Open3D INFO] source size after voxel downsample: 13554
[Open3D INFO] after prerpocess: 13554
[Open3D INFO] reg_result.fitness: 0.951601, eva fitness: 0.975505
[INFO] [1773651951.293326150]: localization cost: 1051.783000 ms
[Open3D INFO] 

time_diff:1.05189 s, localization right now
[Open3D INFO] before sample, target size: 862431, has normal: true
[Open3D INFO] after sample, target size: 400000, has normal: true
[Open3D INFO] source size: 27180, maxpoints_source_: 80000
[Open3D INFO] source size after voxel downsample: 15172
[Open3D INFO] after prerpocess: 15172
[Open3D INFO] reg_result.fitness: 0.932244, eva fitness: 0.961047
[INFO] [1773651952.265771251]: localization cost: 972.342000 ms
[Open3D INFO] 

time_diff:0.97243 s, localization right now
[Open3D INFO] before sample, target size: 862431, has normal: true
[Open3D INFO] after sample, target size: 400000, has normal: true
[Open3D INFO] source size: 32839, maxpoints_source_: 80000
[Open3D INFO] source size after voxel downsample: 16908
[Open3D INFO] after prerpocess: 16908
[Open3D INFO] reg_result.fitness: 0.926544, eva fitness: 0.959605
[INFO] [1773651953.210637971]: localization cost: 944.770000 ms
[Open3D INFO] 

time_diff:0.944858 s, localization right now
[Open3D INFO] before sample, target size: 862431, has normal: true
[Open3D INFO] after sample, target size: 400000, has normal: true
[Open3D INFO] source size: 33352, maxpoints_source_: 80000
[Open3D INFO] source size after voxel downsample: 18174
[Open3D INFO] after prerpocess: 18174
[Open3D INFO] reg_result.fitness: 0.910642, eva fitness: 0.951304
[INFO] [1773651954.163909869]: localization cost: 953.170000 ms
[Open3D INFO] 

time_diff:0.953268 s, localization right now
[Open3D INFO] before sample, target size: 862431, has normal: true
[Open3D INFO] after sample, target size: 400000, has normal: true
[Open3D INFO] source size: 33413, maxpoints_source_: 80000
[Open3D INFO] source size after voxel downsample: 16942
[Open3D INFO] after prerpocess: 16942
[Open3D INFO] reg_result.fitness: 0.920198, eva fitness: 0.953724
[INFO] [1773651955.097095702]: localization cost: 933.089000 ms
[Open3D INFO] 

time_diff:0.933174 s, localization right now
[Open3D INFO] before sample, target size: 862431, has normal: true
[Open3D INFO] after sample, target size: 400000, has normal: true
[Open3D INFO] source size: 33406, maxpoints_source_: 80000
[Open3D INFO] source size after voxel downsample: 16030
[Open3D INFO] after prerpocess: 16030
[Open3D INFO] reg_result.fitness: 0.925764, eva fitness: 0.959389
[INFO] [1773651956.148759739]: localization cost: 1051.554000 ms
[Open3D INFO] 

time_diff:1.05172 s, localization right now
[Open3D INFO] before sample, target size: 862431, has normal: true
[Open3D INFO] after sample, target size: 400000, has normal: true
[Open3D INFO] source size: 33261, maxpoints_source_: 80000
[Open3D INFO] source size after voxel downsample: 15779
[Open3D INFO] after prerpocess: 15779
[Open3D INFO] reg_result.fitness: 0.928766, eva fitness: 0.961658
[INFO] [1773651957.224698030]: localization cost: 1075.533000 ms
[Open3D INFO] 

time_diff:1.07571 s, localization right now
[Open3D INFO] before sample, target size: 862431, has normal: true
[Open3D INFO] after sample, target size: 400000, has normal: true
[Open3D INFO] source size: 33359, maxpoints_source_: 80000
[Open3D INFO] source size after voxel downsample: 15599
[Open3D INFO] after prerpocess: 15599
[Open3D INFO] reg_result.fitness: 0.927559, eva fitness: 0.95942
[INFO] [1773651958.337908574]: localization cost: 1113.050000 ms
[Open3D INFO] 

time_diff:1.11314 s, localization right now
[Open3D INFO] before sample, target size: 862431, has normal: true
[Open3D INFO] after sample, target size: 400000, has normal: true
[Open3D INFO] source size: 33545, maxpoints_source_: 80000
[Open3D INFO] source size after voxel downsample: 15713
[Open3D INFO] after prerpocess: 15713
[Open3D INFO] reg_result.fitness: 0.926749, eva fitness: 0.958060
[INFO] [1773651959.494575056]: localization cost: 1156.563000 ms
[Open3D INFO] 

time_diff:1.15673 s, localization right now
[Open3D INFO] before sample, target size: 862431, has normal: true
[Open3D INFO] after sample, target size: 400000, has normal: true
[Open3D INFO] source size: 33277, maxpoints_source_: 80000
[Open3D INFO] source size after voxel downsample: 15729
[Open3D INFO] after prerpocess: 15729
[Open3D INFO] reg_result.fitness: 0.931019, eva fitness: 0.9616
[INFO] [1773651960.606042762]: localization cost: 1111.147000 ms
[Open3D INFO] 

time_diff:1.11123 s, localization right now
[Open3D INFO] before sample, target size: 862431, has normal: true
[Open3D INFO] after sample, target size: 400000, has normal: true
[Open3D INFO] source size: 33163, maxpoints_source_: 80000
[Open3D INFO] source size after voxel downsample: 15575
[Open3D INFO] after prerpocess: 15575
[Open3D INFO] reg_result.fitness: 0.932456, eva fitness: 0.962761
[INFO] [1773651961.697556861]: localization cost: 1091.417000 ms
[Open3D INFO] 

time_diff:1.09151 s, localization right now
[Open3D INFO] before sample, target size: 862431, has normal: true
[Open3D INFO] after sample, target size: 400000, has normal: true
[Open3D INFO] source size: 33260, maxpoints_source_: 80000
[Open3D INFO] source size after voxel downsample: 15906
[Open3D INFO] after prerpocess: 15906
[Open3D INFO] reg_result.fitness: 0.932038, eva fitness: 0.962593
[INFO] [1773651962.899170548]: localization cost: 1201.462000 ms
[Open3D INFO] 

time_diff:1.20162 s, localization right now
[Open3D INFO] 
***
****
***


last map update loc: x: 5.41981, y: 0.753786, z1.08038,
                now loc: x: 1.78853, y: 0.930884, z-0.0393625, 3d distance: 3.80413, now needpdate submap
[INFO] [1773651962.967694936]: submap_cost: 68.005000 ms
[Open3D INFO] before sample, target size: 814484, has normal: true
[Open3D INFO] after sample, target size: 400000, has normal: true
[Open3D INFO] source size: 33615, maxpoints_source_: 80000
[Open3D INFO] source size after voxel downsample: 17258
[Open3D INFO] after prerpocess: 17258
[Open3D INFO] reg_result.fitness: 0.934175, eva fitness: 0.965755
[INFO] [1773651964.040475925]: localization cost: 1141.156000 ms
[Open3D INFO] 

time_diff:1.14127 s, localization right now
[Open3D INFO] before sample, target size: 814484, has normal: true
[Open3D INFO] after sample, target size: 400000, has normal: true
[Open3D INFO] source size: 34098, maxpoints_source_: 80000
[Open3D INFO] source size after voxel downsample: 16070
[Open3D INFO] after prerpocess: 16070
[Open3D INFO] reg_result.fitness: 0.943808, eva fitness: 0.976105
[INFO] [1773651965.011341015]: localization cost: 970.614000 ms
[Open3D INFO] 

time_diff:0.970708 s, localization right now
[Open3D INFO] before sample, target size: 814484, has normal: true
[Open3D INFO] after sample, target size: 400000, has normal: true
[Open3D INFO] source size: 32388, maxpoints_source_: 80000
[Open3D INFO] source size after voxel downsample: 17647
[Open3D INFO] after prerpocess: 17647
[Open3D INFO] reg_result.fitness: 0.922876, eva fitness: 0.94866
[INFO] [1773651965.989199507]: localization cost: 977.758000 ms
[Open3D INFO] 

time_diff:0.977849 s, localization right now
[Open3D INFO] before sample, target size: 814484, has normal: true
[Open3D INFO] after sample, target size: 400000, has normal: true
[Open3D INFO] source size: 32315, maxpoints_source_: 80000
[Open3D INFO] source size after voxel downsample: 18202
[Open3D INFO] after prerpocess: 18202
[Open3D INFO] reg_result.fitness: 0.911383, eva fitness: 0.943523
[INFO] [1773651966.962679910]: localization cost: 973.379000 ms
[Open3D INFO] 

time_diff:0.97347 s, localization right now
[Open3D INFO] before sample, target size: 814484, has normal: true
[Open3D INFO] after sample, target size: 400000, has normal: true
[Open3D INFO] source size: 33866, maxpoints_source_: 80000
[Open3D INFO] source size after voxel downsample: 18783
[Open3D INFO] after prerpocess: 18783
[Open3D INFO] reg_result.fitness: 0.904541, eva fitness: 0.937497
[INFO] [1773651967.929690115]: localization cost: 966.896000 ms
[Open3D INFO] 

time_diff:0.967008 s, localization right now
[Open3D INFO] before sample, target size: 814484, has normal: true
[Open3D INFO] after sample, target size: 400000, has normal: true
[Open3D INFO] source size: 33532, maxpoints_source_: 80000
[Open3D INFO] source size after voxel downsample: 19459
[Open3D INFO] after prerpocess: 19459
[Open3D INFO] reg_result.fitness: 0.935197, eva fitness: 0.96228
[INFO] [1773651968.959017823]: localization cost: 1029.197000 ms
[Open3D INFO] 

time_diff:1.02932 s, localization right now
[Open3D INFO] before sample, target size: 814484, has normal: true
[Open3D INFO] after sample, target size: 400000, has normal: true
[Open3D INFO] source size: 33602, maxpoints_source_: 80000
[Open3D INFO] source size after voxel downsample: 19644
[Open3D INFO] after prerpocess: 19644
[Open3D INFO] reg_result.fitness: 0.931888, eva fitness: 0.96742
[INFO] [1773651969.926124998]: localization cost: 966.999000 ms
[Open3D INFO] 

time_diff:0.967082 s, localization right now
[Open3D INFO] before sample, target size: 814484, has normal: true
[Open3D INFO] after sample, target size: 400000, has normal: true
[Open3D INFO] source size: 32577, maxpoints_source_: 80000
[Open3D INFO] source size after voxel downsample: 17702
[Open3D INFO] after prerpocess: 17702
[Open3D INFO] reg_result.fitness: 0.928652, eva fitness: 0.955090
[INFO] [1773651971.100421020]: localization cost: 1174.149000 ms
[Open3D INFO] 

time_diff:1.17434 s, localization right now
[Open3D INFO] before sample, target size: 814484, has normal: true
[Open3D INFO] after sample, target size: 400000, has normal: true
[Open3D INFO] source size: 31461, maxpoints_source_: 80000
[Open3D INFO] source size after voxel downsample: 16177
[Open3D INFO] after prerpocess: 16177
[Open3D INFO] reg_result.fitness: 0.961921, eva fitness: 0.982135
[INFO] [1773651972.416680322]: localization cost: 1316.077000 ms
[Open3D INFO] 

time_diff:1.31624 s, localization right now
[Open3D INFO] before sample, target size: 814484, has normal: true
[Open3D INFO] after sample, target size: 400000, has normal: true
[Open3D INFO] source size: 32009, maxpoints_source_: 80000
[Open3D INFO] source size after voxel downsample: 17225
[Open3D INFO] after prerpocess: 17225
[Open3D INFO] reg_result.fitness: 0.95582, eva fitness: 0.974862
[INFO] [1773651973.376689931]: localization cost: 959.748000 ms
[Open3D INFO] 

time_diff:0.959878 s, localization right now
[Open3D INFO] before sample, target size: 814484, has normal: true
[Open3D INFO] after sample, target size: 400000, has normal: true
[Open3D INFO] source size: 32091, maxpoints_source_: 80000
[Open3D INFO] source size after voxel downsample: 15238
[Open3D INFO] after prerpocess: 15238
[Open3D INFO] reg_result.fitness: 0.949797, eva fitness: 0.965612
[INFO] [1773651974.313675100]: localization cost: 936.887000 ms
[Open3D INFO] 

time_diff:0.936994 s, localization right now
[Open3D INFO] before sample, target size: 814484, has normal: true
[Open3D INFO] after sample, target size: 400000, has normal: true
[Open3D INFO] source size: 32607, maxpoints_source_: 80000
[Open3D INFO] source size after voxel downsample: 16888
[Open3D INFO] after prerpocess: 16888
[Open3D INFO] reg_result.fitness: 0.962162, eva fitness: 0.976966
[INFO] [1773651975.548714560]: localization cost: 1234.897000 ms
[Open3D INFO] 

time_diff:1.23503 s, localization right now
[Open3D INFO] before sample, target size: 814484, has normal: true
[Open3D INFO] after sample, target size: 400000, has normal: true
[Open3D INFO] source size: 32144, maxpoints_source_: 80000
[Open3D INFO] source size after voxel downsample: 14723
[Open3D INFO] after prerpocess: 14723
[Open3D INFO] reg_result.fitness: 0.968824, eva fitness: 0.983427
[INFO] [1773651976.902236376]: localization cost: 1351.595000 ms
[Open3D INFO] 

time_diff:1.3517 s, localization right now
[Open3D INFO] before sample, target size: 814484, has normal: true
[Open3D INFO] after sample, target size: 400000, has normal: true
[Open3D INFO] source size: 32052, maxpoints_source_: 80000
[Open3D INFO] source size after voxel downsample: 14965
[Open3D INFO] after prerpocess: 14965
[Open3D INFO] reg_result.fitness: 0.953759, eva fitness: 0.971266
[INFO] [1773651978.143760329]: localization cost: 1241.419000 ms
[Open3D INFO] 

time_diff:1.2415 s, localization right now
[Open3D INFO] before sample, target size: 814484, has normal: true
[Open3D INFO] after sample, target size: 400000, has normal: true
[Open3D INFO] source size: 31544, maxpoints_source_: 80000
[Open3D INFO] source size after voxel downsample: 16378
[Open3D INFO] after prerpocess: 16378
[Open3D INFO] reg_result.fitness: 0.961717, eva fitness: 0.97863
[INFO] [1773651979.159421532]: localization cost: 1015.532000 ms
[Open3D INFO] 

time_diff:1.01568 s, localization right now
[Open3D INFO] before sample, target size: 814484, has normal: true
[Open3D INFO] after sample, target size: 400000, has normal: true
[Open3D INFO] source size: 28814, maxpoints_source_: 80000
[Open3D INFO] source size after voxel downsample: 15538
[Open3D INFO] after prerpocess: 15538
[Open3D INFO] reg_result.fitness: 0.965053, eva fitness: 0.981915
[INFO] [1773651980.396295627]: localization cost: 1236.739000 ms
[Open3D INFO] 

time_diff:1.23684 s, localization right now
[Open3D INFO] 
***
****
***


last map update loc: x: 1.78853, y: 0.930884, z-0.0393625,
                now loc: x: 4.66255, y: -0.903985, z0.860938, 3d distance: 3.52666, now needpdate submap
[INFO] [1773651980.488051503]: submap_cost: 91.436000 ms
[Open3D INFO] before sample, target size: 859912, has normal: true
[Open3D INFO] after sample, target size: 400000, has normal: true
[Open3D INFO] source size: 26615, maxpoints_source_: 80000
[Open3D INFO] source size after voxel downsample: 14038
[Open3D INFO] after prerpocess: 14038
[Open3D INFO] reg_result.fitness: 0.956689, eva fitness: 0.972289
[INFO] [1773651981.599723977]: localization cost: 1203.321000 ms
[Open3D INFO] 

time_diff:1.20341 s, localization right now
[Open3D INFO] before sample, target size: 859912, has normal: true
[Open3D INFO] after sample, target size: 400000, has normal: true
[Open3D INFO] source size: 27342, maxpoints_source_: 80000
[Open3D INFO] source size after voxel downsample: 14007
[Open3D INFO] after prerpocess: 14007
[Open3D INFO] reg_result.fitness: 0.948597, eva fitness: 0.962305
[INFO] [1773651982.630462358]: localization cost: 1030.629000 ms
[Open3D INFO] 

time_diff:1.03074 s, localization right now
[Open3D INFO] before sample, target size: 859912, has normal: true
[Open3D INFO] after sample, target size: 400000, has normal: true
[Open3D INFO] source size: 26941, maxpoints_source_: 80000
[Open3D INFO] source size after voxel downsample: 14313
[Open3D INFO] after prerpocess: 14313
[Open3D INFO] reg_result.fitness: 0.959687, eva fitness: 0.97366
[INFO] [1773651983.684792903]: localization cost: 1054.215000 ms
[Open3D INFO] 

time_diff:1.05432 s, localization right now
[Open3D INFO] before sample, target size: 859912, has normal: true
[Open3D INFO] after sample, target size: 400000, has normal: true
[Open3D INFO] source size: 27212, maxpoints_source_: 80000
[Open3D INFO] source size after voxel downsample: 14289
[Open3D INFO] after prerpocess: 14289
[Open3D INFO] reg_result.fitness: 0.965848, eva fitness: 0.977115
[INFO] [1773651984.623750190]: localization cost: 938.848000 ms
[Open3D INFO] 

time_diff:0.938951 s, localization right now
[Open3D INFO] before sample, target size: 859912, has normal: true
[Open3D INFO] after sample, target size: 400000, has normal: true
[Open3D INFO] source size: 27789, maxpoints_source_: 80000
[Open3D INFO] source size after voxel downsample: 14261
[Open3D INFO] after prerpocess: 14261
[Open3D INFO] reg_result.fitness: 0.954702, eva fitness: 0.969497
[INFO] [1773651985.538724788]: localization cost: 914.861000 ms
[Open3D INFO] 

time_diff:0.914959 s, localization right now
[Open3D INFO] before sample, target size: 859912, has normal: true
[Open3D INFO] after sample, target size: 400000, has normal: true
[Open3D INFO] source size: 27705, maxpoints_source_: 80000
[Open3D INFO] source size after voxel downsample: 14677
[Open3D INFO] after prerpocess: 14677
[Open3D INFO] reg_result.fitness: 0.957757, eva fitness: 0.979424
[INFO] [1773651986.449458744]: localization cost: 910.615000 ms
[Open3D INFO] 

time_diff:0.910730 s, localization right now
[Open3D INFO] before sample, target size: 859912, has normal: true
[Open3D INFO] after sample, target size: 400000, has normal: true
[Open3D INFO] source size: 26728, maxpoints_source_: 80000
[Open3D INFO] source size after voxel downsample: 16036
[Open3D INFO] after prerpocess: 16036
[Open3D INFO] reg_result.fitness: 0.950611, eva fitness: 0.981417
[INFO] [1773651987.423943534]: localization cost: 974.369000 ms
[Open3D INFO] 

time_diff:0.974464 s, localization right now
[Open3D INFO] before sample, target size: 859912, has normal: true
[Open3D INFO] after sample, target size: 400000, has normal: true
[Open3D INFO] source size: 25540, maxpoints_source_: 80000
[Open3D INFO] source size after voxel downsample: 15937
[Open3D INFO] after prerpocess: 15937
[Open3D INFO] reg_result.fitness: 0.954571, eva fitness: 0.986384
[INFO] [1773651988.357894488]: localization cost: 933.841000 ms
[Open3D INFO] 

time_diff:0.933942 s, localization right now
[Open3D INFO] before sample, target size: 859912, has normal: true
[Open3D INFO] after sample, target size: 400000, has normal: true
[Open3D INFO] source size: 25544, maxpoints_source_: 80000
[Open3D INFO] source size after voxel downsample: 16376
[Open3D INFO] after prerpocess: 16376
[Open3D INFO] reg_result.fitness: 0.943576, eva fitness: 0.970994
[INFO] [1773651989.571744591]: localization cost: 1213.733000 ms
[Open3D INFO] 

time_diff:1.21385 s, localization right now
[Open3D INFO] before sample, target size: 859912, has normal: true
[Open3D INFO] after sample, target size: 400000, has normal: true
[Open3D INFO] source size: 23318, maxpoints_source_: 80000
[Open3D INFO] source size after voxel downsample: 15520
[Open3D INFO] after prerpocess: 15520
[Open3D INFO] reg_result.fitness: 0.966688, eva fitness: 0.987307
[INFO] [1773651990.860616082]: localization cost: 1288.740000 ms
[Open3D INFO] 

time_diff:1.28889 s, localization right now
[Open3D INFO] before sample, target size: 859912, has normal: true
[Open3D INFO] after sample, target size: 400000, has normal: true
[Open3D INFO] source size: 25201, maxpoints_source_: 80000
[Open3D INFO] source size after voxel downsample: 18355
[Open3D INFO] after prerpocess: 18355
[Open3D INFO] reg_result.fitness: 0.961318, eva fitness: 0.976628
[INFO] [1773651992.110506655]: localization cost: 1249.733000 ms
[Open3D INFO] 

time_diff:1.24985 s, localization right now
[Open3D INFO] 
***
****
***


last map update loc: x: 4.66255, y: -0.903985, z0.860938,
                now loc: x: 8.23635, y: -1.41264, z2.05139, 3d distance: 3.80104, now needpdate submap
[INFO] [1773651992.215609851]: submap_cost: 104.704000 ms
[Open3D INFO] before sample, target size: 900335, has normal: true
[Open3D INFO] after sample, target size: 400000, has normal: true
[Open3D INFO] source size: 27846, maxpoints_source_: 80000
[Open3D INFO] source size after voxel downsample: 21227
[Open3D INFO] after prerpocess: 21227
[Open3D INFO] reg_result.fitness: 0.964102, eva fitness: 0.980167
[INFO] [1773651993.464908283]: localization cost: 1354.286000 ms
[Open3D INFO] 

time_diff:1.35439 s, localization right now
[Open3D INFO] before sample, target size: 900335, has normal: true
[Open3D INFO] after sample, target size: 400000, has normal: true
[Open3D INFO] source size: 28566, maxpoints_source_: 80000
[Open3D INFO] source size after voxel downsample: 20798
[Open3D INFO] after prerpocess: 20798
[Open3D INFO] reg_result.fitness: 0.967208, eva fitness: 0.986297
[INFO] [1773651994.499521391]: localization cost: 1034.502000 ms
[Open3D INFO] 

time_diff:1.03461 s, localization right now
[Open3D INFO] before sample, target size: 900335, has normal: true
[Open3D INFO] after sample, target size: 400000, has normal: true
[Open3D INFO] source size: 28090, maxpoints_source_: 80000
[Open3D INFO] source size after voxel downsample: 20635
[Open3D INFO] after prerpocess: 20635
[Open3D INFO] reg_result.fitness: 0.970148, eva fitness: 0.98299
[INFO] [1773651995.490555696]: localization cost: 990.908000 ms
[Open3D INFO] 

time_diff:0.991029 s, localization right now
[Open3D INFO] before sample, target size: 900335, has normal: true
[Open3D INFO] after sample, target size: 400000, has normal: true
[Open3D INFO] source size: 28150, maxpoints_source_: 80000
[Open3D INFO] source size after voxel downsample: 20522
[Open3D INFO] after prerpocess: 20522
[Open3D INFO] reg_result.fitness: 0.965062, eva fitness: 0.98236
[INFO] [1773651996.517844343]: localization cost: 1026.641000 ms
[Open3D INFO] 

time_diff:1.02674 s, localization right now
[Open3D INFO] before sample, target size: 900335, has normal: true
[Open3D INFO] after sample, target size: 400000, has normal: true
[Open3D INFO] source size: 28440, maxpoints_source_: 80000
[Open3D INFO] source size after voxel downsample: 20888
[Open3D INFO] after prerpocess: 20888
[Open3D INFO] reg_result.fitness: 0.959738, eva fitness: 0.975249
[INFO] [1773651997.472111659]: localization cost: 954.164000 ms
[Open3D INFO] 

time_diff:0.954263 s, localization right now
[Open3D INFO] before sample, target size: 900335, has normal: true
[Open3D INFO] after sample, target size: 400000, has normal: true
[Open3D INFO] source size: 28645, maxpoints_source_: 80000
[Open3D INFO] source size after voxel downsample: 20995
[Open3D INFO] after prerpocess: 20995
[Open3D INFO] reg_result.fitness: 0.95418, eva fitness: 0.969802
[INFO] [1773651998.555743152]: localization cost: 1083.457000 ms
[Open3D INFO] 

time_diff:1.08365 s, localization right now
[Open3D INFO] before sample, target size: 900335, has normal: true
[Open3D INFO] after sample, target size: 400000, has normal: true
[Open3D INFO] source size: 28334, maxpoints_source_: 80000
[Open3D INFO] source size after voxel downsample: 20727
[Open3D INFO] after prerpocess: 20727
[Open3D INFO] reg_result.fitness: 0.956771, eva fitness: 0.984030
[INFO] [1773652000.327383849]: localization cost: 1771.490000 ms
[Open3D INFO] 

time_diff:1.77159 s, localization right now
[Open3D INFO] before sample, target size: 900335, has normal: true
[Open3D INFO] after sample, target size: 400000, has normal: true
[Open3D INFO] source size: 28237, maxpoints_source_: 80000
[Open3D INFO] source size after voxel downsample: 20862
[Open3D INFO] after prerpocess: 20862
[Open3D INFO] reg_result.fitness: 0.964768, eva fitness: 0.981641
[INFO] [1773652001.758017356]: localization cost: 1430.522000 ms
[Open3D INFO] 

time_diff:1.43063 s, localization right now
[Open3D INFO] before sample, target size: 900335, has normal: true
[Open3D INFO] after sample, target size: 400000, has normal: true
[Open3D INFO] source size: 28510, maxpoints_source_: 80000
[Open3D INFO] source size after voxel downsample: 20804
[Open3D INFO] after prerpocess: 20804
[Open3D INFO] reg_result.fitness: 0.953951, eva fitness: 0.977504
[INFO] [1773652003.044938651]: localization cost: 1286.779000 ms
[Open3D INFO] 

time_diff:1.28694 s, localization right now
[Open3D INFO] before sample, target size: 900335, has normal: true
[Open3D INFO] after sample, target size: 400000, has normal: true
[Open3D INFO] source size: 29188, maxpoints_source_: 80000
[Open3D INFO] source size after voxel downsample: 20050
[Open3D INFO] after prerpocess: 20050
[Open3D INFO] reg_result.fitness: 0.969626, eva fitness: 0.98419
[INFO] [1773652004.614540362]: localization cost: 1569.456000 ms
[Open3D INFO] 

time_diff:1.5696 s, localization right now
[Open3D INFO] before sample, target size: 900335, has normal: true
[Open3D INFO] after sample, target size: 400000, has normal: true
[Open3D INFO] source size: 29080, maxpoints_source_: 80000
[Open3D INFO] source size after voxel downsample: 19934
[Open3D INFO] after prerpocess: 19934
[Open3D INFO] reg_result.fitness: 0.972108, eva fitness: 0.987459
[INFO] [1773652006.037350554]: localization cost: 1422.445000 ms
[Open3D INFO] 

time_diff:1.42255 s, localization right now
[Open3D INFO] before sample, target size: 900335, has normal: true
[Open3D INFO] after sample, target size: 400000, has normal: true
[Open3D INFO] source size: 29358, maxpoints_source_: 80000
[Open3D INFO] source size after voxel downsample: 19939
[Open3D INFO] after prerpocess: 19939
[Open3D INFO] reg_result.fitness: 0.972867, eva fitness: 0.987612
[INFO] [1773652007.108200819]: localization cost: 1070.725000 ms
[Open3D INFO] 

time_diff:1.07084 s, localization right now
[Open3D INFO] before sample, target size: 900335, has normal: true
[Open3D INFO] after sample, target size: 400000, has normal: true
[Open3D INFO] source size: 29444, maxpoints_source_: 80000
[Open3D INFO] source size after voxel downsample: 20153
[Open3D INFO] after prerpocess: 20153
[Open3D INFO] reg_result.fitness: 0.96859, eva fitness: 0.987248
[INFO] [1773652008.251692162]: localization cost: 1143.270000 ms
[Open3D INFO] 

time_diff:1.14337 s, localization right now
[Open3D INFO] before sample, target size: 900335, has normal: true
[Open3D INFO] after sample, target size: 400000, has normal: true
[Open3D INFO] source size: 29397, maxpoints_source_: 80000
[Open3D INFO] source size after voxel downsample: 20156
[Open3D INFO] after prerpocess: 20156
[Open3D INFO] reg_result.fitness: 0.970976, eva fitness: 0.987547
[INFO] [1773652009.583453091]: localization cost: 1331.653000 ms
[Open3D INFO] 

time_diff:1.33177 s, localization right now
[Open3D INFO] before sample, target size: 900335, has normal: true
[Open3D INFO] after sample, target size: 400000, has normal: true
[Open3D INFO] source size: 29499, maxpoints_source_: 80000
[Open3D INFO] source size after voxel downsample: 20210
[Open3D INFO] after prerpocess: 20210
[Open3D INFO] reg_result.fitness: 0.97338, eva fitness: 0.987135
[INFO] [1773652010.850496649]: localization cost: 1266.750000 ms
[Open3D INFO] 

time_diff:1.26683 s, localization right now
[Open3D INFO] before sample, target size: 900335, has normal: true
[Open3D INFO] after sample, target size: 400000, has normal: true
[Open3D INFO] source size: 29357, maxpoints_source_: 80000
[Open3D INFO] source size after voxel downsample: 20478
[Open3D INFO] after prerpocess: 20478
[Open3D INFO] reg_result.fitness: 0.971579, eva fitness: 0.988768
[INFO] [1773652011.843504000]: localization cost: 992.909000 ms
[Open3D INFO] 

time_diff:0.993002 s, localization right now
[Open3D INFO] before sample, target size: 900335, has normal: true
[Open3D INFO] after sample, target size: 400000, has normal: true
[Open3D INFO] source size: 29411, maxpoints_source_: 80000
[Open3D INFO] source size after voxel downsample: 20768
[Open3D INFO] after prerpocess: 20768
[Open3D INFO] reg_result.fitness: 0.964079, eva fitness: 0.984736
[INFO] [1773652013.091120769]: localization cost: 1247.455000 ms
[Open3D INFO] 

time_diff:1.24766 s, localization right now
[Open3D INFO] before sample, target size: 900335, has normal: true
[Open3D INFO] after sample, target size: 400000, has normal: true
[Open3D INFO] source size: 29147, maxpoints_source_: 80000
[Open3D INFO] source size after voxel downsample: 20180
[Open3D INFO] after prerpocess: 20180
[Open3D INFO] reg_result.fitness: 0.961744, eva fitness: 0.982904
[INFO] [1773652014.560886245]: localization cost: 1469.608000 ms
[Open3D INFO] 

time_diff:1.4697 s, localization right now
[Open3D INFO] before sample, target size: 900335, has normal: true
[Open3D INFO] after sample, target size: 400000, has normal: true
[Open3D INFO] source size: 28896, maxpoints_source_: 80000
[Open3D INFO] source size after voxel downsample: 20195
[Open3D INFO] after prerpocess: 20195
[Open3D INFO] reg_result.fitness: 0.959049, eva fitness: 0.97851
[INFO] [1773652015.795023812]: localization cost: 1234.003000 ms
[Open3D INFO] 

time_diff:1.23416 s, localization right now
[Open3D INFO] before sample, target size: 900335, has normal: true
[Open3D INFO] after sample, target size: 400000, has normal: true
[Open3D INFO] source size: 28987, maxpoints_source_: 80000
[Open3D INFO] source size after voxel downsample: 19467
[Open3D INFO] after prerpocess: 19467
[Open3D INFO] reg_result.fitness: 0.968716, eva fitness: 0.98875
[INFO] [1773652017.216213144]: localization cost: 1421.048000 ms
[Open3D INFO] 

time_diff:1.42115 s, localization right now
[Open3D INFO] before sample, target size: 900335, has normal: true
[Open3D INFO] after sample, target size: 400000, has normal: true
[Open3D INFO] source size: 29153, maxpoints_source_: 80000
[Open3D INFO] source size after voxel downsample: 19613
[Open3D INFO] after prerpocess: 19613
[Open3D INFO] reg_result.fitness: 0.969561, eva fitness: 0.989548
[INFO] [1773652018.447825911]: localization cost: 1231.499000 ms
[Open3D INFO] 

time_diff:1.23159 s, localization right now
[Open3D INFO] before sample, target size: 900335, has normal: true
[Open3D INFO] after sample, target size: 400000, has normal: true
[Open3D INFO] source size: 29171, maxpoints_source_: 80000
[Open3D INFO] source size after voxel downsample: 19740
[Open3D INFO] after prerpocess: 19740
[Open3D INFO] reg_result.fitness: 0.970871, eva fitness: 0.986069
[INFO] [1773652019.464221921]: localization cost: 1016.281000 ms
[Open3D INFO] 

time_diff:1.0164 s, localization right now
[Open3D INFO] before sample, target size: 900335, has normal: true
[Open3D INFO] after sample, target size: 400000, has normal: true
[Open3D INFO] source size: 28990, maxpoints_source_: 80000
[Open3D INFO] source size after voxel downsample: 19711
[Open3D INFO] after prerpocess: 19711
[Open3D INFO] reg_result.fitness: 0.973365, eva fitness: 0.988433
[INFO] [1773652020.555643511]: localization cost: 1091.184000 ms
[Open3D INFO] 

time_diff:1.09129 s, localization right now
[Open3D INFO] before sample, target size: 900335, has normal: true
[Open3D INFO] after sample, target size: 400000, has normal: true
[Open3D INFO] source size: 28731, maxpoints_source_: 80000
[Open3D INFO] source size after voxel downsample: 19321
[Open3D INFO] after prerpocess: 19321
[Open3D INFO] reg_result.fitness: 0.974225, eva fitness: 0.98882
[INFO] [1773652021.789502337]: localization cost: 1233.717000 ms
[Open3D INFO] 

time_diff:1.23388 s, localization right now
[Open3D INFO] before sample, target size: 900335, has normal: true
[Open3D INFO] after sample, target size: 400000, has normal: true
[Open3D INFO] source size: 29878, maxpoints_source_: 80000
[Open3D INFO] source size after voxel downsample: 19596
[Open3D INFO] after prerpocess: 19596
[Open3D INFO] reg_result.fitness: 0.96831, eva fitness: 0.989079
[INFO] [1773652023.285248029]: localization cost: 1495.440000 ms
[Open3D INFO] 

time_diff:1.49558 s, localization right now
[Open3D INFO] before sample, target size: 900335, has normal: true
[Open3D INFO] after sample, target size: 400000, has normal: true
[Open3D INFO] source size: 27415, maxpoints_source_: 80000
[Open3D INFO] source size after voxel downsample: 17974
[Open3D INFO] after prerpocess: 17974
[Open3D INFO] reg_result.fitness: 0.97335, eva fitness: 0.986926
[INFO] [1773652024.343564733]: localization cost: 1058.172000 ms
[Open3D INFO] 

time_diff:1.05827 s, localization right now
[Open3D INFO] before sample, target size: 900335, has normal: true
[Open3D INFO] after sample, target size: 400000, has normal: true
[Open3D INFO] source size: 27878, maxpoints_source_: 80000
[Open3D INFO] source size after voxel downsample: 18494
[Open3D INFO] after prerpocess: 18494
[Open3D INFO] reg_result.fitness: 0.973613, eva fitness: 0.986050
[INFO] [1773652025.317428579]: localization cost: 973.738000 ms
[Open3D INFO] 

time_diff:0.973928 s, localization right now
[Open3D INFO] before sample, target size: 900335, has normal: true
[Open3D INFO] after sample, target size: 400000, has normal: true
[Open3D INFO] source size: 28180, maxpoints_source_: 80000
[Open3D INFO] source size after voxel downsample: 19339
[Open3D INFO] after prerpocess: 19339
[Open3D INFO] reg_result.fitness: 0.975904, eva fitness: 0.990175
[INFO] [1773652026.477341843]: localization cost: 1159.692000 ms
[Open3D INFO] 

time_diff:1.15985 s, localization right now
[Open3D INFO] before sample, target size: 900335, has normal: true
[Open3D INFO] after sample, target size: 400000, has normal: true
[Open3D INFO] source size: 28753, maxpoints_source_: 80000
[Open3D INFO] source size after voxel downsample: 19592
[Open3D INFO] after prerpocess: 19592
[Open3D INFO] reg_result.fitness: 0.977848, eva fitness: 0.991578
[INFO] [1773652028.041083909]: localization cost: 1563.561000 ms
[Open3D INFO] 

time_diff:1.56373 s, localization right now
[Open3D INFO] before sample, target size: 900335, has normal: true
[Open3D INFO] after sample, target size: 400000, has normal: true
[Open3D INFO] source size: 29126, maxpoints_source_: 80000
[Open3D INFO] source size after voxel downsample: 19646
[Open3D INFO] after prerpocess: 19646
[Open3D INFO] reg_result.fitness: 0.967576, eva fitness: 0.983152
[INFO] [1773652029.084773163]: localization cost: 1043.541000 ms
[Open3D INFO] 

time_diff:1.04364 s, localization right now
[Open3D INFO] before sample, target size: 900335, has normal: true
[Open3D INFO] after sample, target size: 400000, has normal: true
[Open3D INFO] source size: 29134, maxpoints_source_: 80000
[Open3D INFO] source size after voxel downsample: 20258
[Open3D INFO] after prerpocess: 20258
[Open3D INFO] reg_result.fitness: 0.968506, eva fitness: 0.982131
[INFO] [1773652030.128988090]: localization cost: 1044.112000 ms
[Open3D INFO] 

time_diff:1.0442 s, localization right now
[Open3D INFO] before sample, target size: 900335, has normal: true
[Open3D INFO] after sample, target size: 400000, has normal: true
[Open3D INFO] source size: 29188, maxpoints_source_: 80000
[Open3D INFO] source size after voxel downsample: 20018
[Open3D INFO] after prerpocess: 20018
[Open3D INFO] reg_result.fitness: 0.968978, eva fitness: 0.982865
[INFO] [1773652031.365299774]: localization cost: 1236.202000 ms
[Open3D INFO] 

time_diff:1.23631 s, localization right now
[Open3D INFO] before sample, target size: 900335, has normal: true
[Open3D INFO] after sample, target size: 400000, has normal: true
[Open3D INFO] source size: 29305, maxpoints_source_: 80000
[Open3D INFO] source size after voxel downsample: 19851
[Open3D INFO] after prerpocess: 19851
[Open3D INFO] reg_result.fitness: 0.967055, eva fitness: 0.981059
[INFO] [1773652032.379155431]: localization cost: 1013.744000 ms
[Open3D INFO] 

time_diff:1.01385 s, localization right now
[Open3D INFO] before sample, target size: 900335, has normal: true
[Open3D INFO] after sample, target size: 400000, has normal: true
[Open3D INFO] source size: 29296, maxpoints_source_: 80000
[Open3D INFO] source size after voxel downsample: 19772
[Open3D INFO] after prerpocess: 19772
[Open3D INFO] reg_result.fitness: 0.966114, eva fitness: 0.980123
[INFO] [1773652033.872150674]: localization cost: 1492.664000 ms
[Open3D INFO] 

time_diff:1.49284 s, localization right now
[Open3D INFO] before sample, target size: 900335, has normal: true
[Open3D INFO] after sample, target size: 400000, has normal: true
[Open3D INFO] source size: 29199, maxpoints_source_: 80000
[Open3D INFO] source size after voxel downsample: 19955
[Open3D INFO] after prerpocess: 19955
[Open3D INFO] reg_result.fitness: 0.970684, eva fitness: 0.98687
[INFO] [1773652035.324527646]: localization cost: 1452.219000 ms
[Open3D INFO] 

time_diff:1.45231 s, localization right now
[Open3D INFO] before sample, target size: 900335, has normal: true
[Open3D INFO] after sample, target size: 400000, has normal: true
[Open3D INFO] source size: 29042, maxpoints_source_: 80000
[Open3D INFO] source size after voxel downsample: 20094
[Open3D INFO] after prerpocess: 20094
[Open3D INFO] reg_result.fitness: 0.974619, eva fitness: 0.986016
[INFO] [1773652036.322224356]: localization cost: 997.597000 ms
[Open3D INFO] 

time_diff:0.997705 s, localization right now
[Open3D INFO] before sample, target size: 900335, has normal: true
[Open3D INFO] after sample, target size: 400000, has normal: true
[Open3D INFO] source size: 29331, maxpoints_source_: 80000
[Open3D INFO] source size after voxel downsample: 20059
[Open3D INFO] after prerpocess: 20059
[Open3D INFO] reg_result.fitness: 0.973528, eva fitness: 0.985094
[INFO] [1773652037.657594405]: localization cost: 1335.255000 ms
[Open3D INFO] 

time_diff:1.33534 s, localization right now
[Open3D INFO] before sample, target size: 900335, has normal: true
[Open3D INFO] after sample, target size: 400000, has normal: true
[Open3D INFO] source size: 29526, maxpoints_source_: 80000
[Open3D INFO] source size after voxel downsample: 20291
[Open3D INFO] after prerpocess: 20291
[Open3D INFO] reg_result.fitness: 0.968065, eva fitness: 0.98349
[INFO] [1773652038.599120473]: localization cost: 941.436000 ms
[Open3D INFO] 

time_diff:0.941524 s, localization right now
[Open3D INFO] before sample, target size: 900335, has normal: true
[Open3D INFO] after sample, target size: 400000, has normal: true
[Open3D INFO] source size: 29095, maxpoints_source_: 80000
[Open3D INFO] source size after voxel downsample: 20022
[Open3D INFO] after prerpocess: 20022
[Open3D INFO] reg_result.fitness: 0.956548, eva fitness: 0.973279
[INFO] [1773652039.510420855]: localization cost: 911.202000 ms
[Open3D INFO] 

time_diff:0.911476 s, localization right now
[Open3D INFO] before sample, target size: 900335, has normal: true
[Open3D INFO] after sample, target size: 400000, has normal: true
[Open3D INFO] source size: 29290, maxpoints_source_: 80000
[Open3D INFO] source size after voxel downsample: 20024
[Open3D INFO] after prerpocess: 20024
[Open3D INFO] reg_result.fitness: 0.95875, eva fitness: 0.977477
[INFO] [1773652040.395054589]: localization cost: 884.338000 ms
[Open3D INFO] 

time_diff:0.884425 s, localization right now
[Open3D INFO] before sample, target size: 900335, has normal: true
[Open3D INFO] after sample, target size: 400000, has normal: true
[Open3D INFO] source size: 29052, maxpoints_source_: 80000
[Open3D INFO] source size after voxel downsample: 19057
[Open3D INFO] after prerpocess: 19057
[Open3D INFO] reg_result.fitness: 0.961904, eva fitness: 0.982893
[INFO] [1773652041.766000098]: localization cost: 1370.782000 ms
[Open3D INFO] 

time_diff:1.37108 s, localization right now
[Open3D INFO] before sample, target size: 900335, has normal: true
[Open3D INFO] after sample, target size: 400000, has normal: true
[Open3D INFO] source size: 28644, maxpoints_source_: 80000
[Open3D INFO] source size after voxel downsample: 19974
[Open3D INFO] after prerpocess: 19974
[Open3D INFO] reg_result.fitness: 0.970562, eva fitness: 0.987233
[INFO] [1773652043.370057929]: localization cost: 1603.791000 ms
[Open3D INFO] 

time_diff:1.60390 s, localization right now
[Open3D INFO] before sample, target size: 900335, has normal: true
[Open3D INFO] after sample, target size: 400000, has normal: true
[Open3D INFO] source size: 27331, maxpoints_source_: 80000
[Open3D INFO] source size after voxel downsample: 19975
[Open3D INFO] after prerpocess: 19975
[Open3D INFO] reg_result.fitness: 0.974218, eva fitness: 0.988686
[INFO] [1773652044.858782128]: localization cost: 1488.453000 ms
[Open3D INFO] 

time_diff:1.48857 s, localization right now
[Open3D INFO] before sample, target size: 900335, has normal: true
[Open3D INFO] after sample, target size: 400000, has normal: true
[Open3D INFO] source size: 27121, maxpoints_source_: 80000
[Open3D INFO] source size after voxel downsample: 19962
[Open3D INFO] after prerpocess: 19962
[Open3D INFO] reg_result.fitness: 0.971446, eva fitness: 0.988678
[INFO] [1773652046.306233321]: localization cost: 1447.186000 ms
[Open3D INFO] 

time_diff:1.44735 s, localization right now
[Open3D INFO] before sample, target size: 900335, has normal: true
[Open3D INFO] after sample, target size: 400000, has normal: true
[Open3D INFO] source size: 26999, maxpoints_source_: 80000
[Open3D INFO] source size after voxel downsample: 20571
[Open3D INFO] after prerpocess: 20571
[Open3D INFO] reg_result.fitness: 0.975062, eva fitness: 0.989354
[INFO] [1773652047.701279858]: localization cost: 1394.382000 ms
[Open3D INFO] 

time_diff:1.39448 s, localization right now
[Open3D INFO] before sample, target size: 900335, has normal: true
[Open3D INFO] after sample, target size: 400000, has normal: true
[Open3D INFO] source size: 25847, maxpoints_source_: 80000
[Open3D INFO] source size after voxel downsample: 20047
[Open3D INFO] after prerpocess: 20047
[Open3D INFO] reg_result.fitness: 0.963885, eva fitness: 0.97885
[INFO] [1773652048.667607359]: localization cost: 966.220000 ms
[Open3D INFO] 

time_diff:0.966319 s, localization right now
[Open3D INFO] before sample, target size: 900335, has normal: true
[Open3D INFO] after sample, target size: 400000, has normal: true
[Open3D INFO] source size: 24651, maxpoints_source_: 80000
[Open3D INFO] source size after voxel downsample: 18958
[Open3D INFO] after prerpocess: 18958
[Open3D INFO] reg_result.fitness: 0.96545, eva fitness: 0.979692
[INFO] [1773652049.792474180]: localization cost: 1124.687000 ms
[Open3D INFO] 

time_diff:1.12487 s, localization right now
[Open3D INFO] before sample, target size: 900335, has normal: true
[Open3D INFO] after sample, target size: 400000, has normal: true
[Open3D INFO] source size: 23473, maxpoints_source_: 80000
[Open3D INFO] source size after voxel downsample: 18072
[Open3D INFO] after prerpocess: 18072
[Open3D INFO] reg_result.fitness: 0.971724, eva fitness: 0.98423
[INFO] [1773652050.756944790]: localization cost: 964.353000 ms
[Open3D INFO] 

time_diff:0.964449 s, localization right now
[Open3D INFO] before sample, target size: 900335, has normal: true
[Open3D INFO] after sample, target size: 400000, has normal: true
[Open3D INFO] source size: 24607, maxpoints_source_: 80000
[Open3D INFO] source size after voxel downsample: 18492
[Open3D INFO] after prerpocess: 18492
[Open3D INFO] reg_result.fitness: 0.966688, eva fitness: 0.983615
[INFO] [1773652051.926932757]: localization cost: 1169.876000 ms
[Open3D INFO] 

time_diff:1.16999 s, localization right now
[Open3D INFO] before sample, target size: 900335, has normal: true
[Open3D INFO] after sample, target size: 400000, has normal: true
[Open3D INFO] source size: 24432, maxpoints_source_: 80000
[Open3D INFO] source size after voxel downsample: 18385
[Open3D INFO] after prerpocess: 18385
[Open3D INFO] reg_result.fitness: 0.964264, eva fitness: 0.980528
[INFO] [1773652052.954921275]: localization cost: 1027.880000 ms
[Open3D INFO] 

time_diff:1.02798 s, localization right now
[Open3D INFO] before sample, target size: 900335, has normal: true
[Open3D INFO] after sample, target size: 400000, has normal: true
[Open3D INFO] source size: 25721, maxpoints_source_: 80000
[Open3D INFO] source size after voxel downsample: 18928
[Open3D INFO] after prerpocess: 18928
[Open3D INFO] reg_result.fitness: 0.960376, eva fitness: 0.978814
[INFO] [1773652053.930985601]: localization cost: 975.965000 ms
[Open3D INFO] 

time_diff:0.976046 s, localization right now
[Open3D INFO] before sample, target size: 900335, has normal: true
[Open3D INFO] after sample, target size: 400000, has normal: true
[Open3D INFO] source size: 25808, maxpoints_source_: 80000
[Open3D INFO] source size after voxel downsample: 19031
[Open3D INFO] after prerpocess: 19031
[Open3D INFO] reg_result.fitness: 0.957596, eva fitness: 0.977826
[INFO] [1773652055.101343391]: localization cost: 1170.259000 ms
[Open3D INFO] 

time_diff:1.17035 s, localization right now
[Open3D INFO] before sample, target size: 900335, has normal: true
[Open3D INFO] after sample, target size: 400000, has normal: true
[Open3D INFO] source size: 26158, maxpoints_source_: 80000
[Open3D INFO] source size after voxel downsample: 18498
[Open3D INFO] after prerpocess: 18498
[Open3D INFO] reg_result.fitness: 0.959671, eva fitness: 0.9787
[INFO] [1773652056.087728289]: localization cost: 986.287000 ms
[Open3D INFO] 

time_diff:0.986375 s, localization right now
[Open3D INFO] before sample, target size: 900335, has normal: true
[Open3D INFO] after sample, target size: 400000, has normal: true
[Open3D INFO] source size: 25213, maxpoints_source_: 80000
[Open3D INFO] source size after voxel downsample: 18414
[Open3D INFO] after prerpocess: 18414
[Open3D INFO] reg_result.fitness: 0.964103, eva fitness: 0.979255
[INFO] [1773652057.063615145]: localization cost: 975.272000 ms
[Open3D INFO] 

time_diff:0.975378 s, localization right now
[Open3D INFO] before sample, target size: 900335, has normal: true
[Open3D INFO] after sample, target size: 400000, has normal: true
[Open3D INFO] source size: 25660, maxpoints_source_: 80000
[Open3D INFO] source size after voxel downsample: 18033
[Open3D INFO] after prerpocess: 18033
[Open3D INFO] reg_result.fitness: 0.967504, eva fitness: 0.985305
[INFO] [1773652058.265451377]: localization cost: 1201.726000 ms
[Open3D INFO] 

time_diff:1.20183 s, localization right now
[Open3D INFO] before sample, target size: 900335, has normal: true
[Open3D INFO] after sample, target size: 400000, has normal: true
[Open3D INFO] source size: 25345, maxpoints_source_: 80000
[Open3D INFO] source size after voxel downsample: 17442
[Open3D INFO] after prerpocess: 17442
[Open3D INFO] reg_result.fitness: 0.960211, eva fitness: 0.981367
[INFO] [1773652059.709436573]: localization cost: 1443.874000 ms
[Open3D INFO] 

time_diff:1.44397 s, localization right now
[Open3D INFO] before sample, target size: 900335, has normal: true
[Open3D INFO] after sample, target size: 400000, has normal: true
[Open3D INFO] source size: 25635, maxpoints_source_: 80000
[Open3D INFO] source size after voxel downsample: 16977
[Open3D INFO] after prerpocess: 16977
[Open3D INFO] reg_result.fitness: 0.958473, eva fitness: 0.983743
[INFO] [1773652061.097130179]: localization cost: 1387.556000 ms
[Open3D INFO] 

time_diff:1.3877 s, localization right now
[Open3D INFO] before sample, target size: 900335, has normal: true
[Open3D INFO] after sample, target size: 400000, has normal: true
[Open3D INFO] source size: 25692, maxpoints_source_: 80000
[Open3D INFO] source size after voxel downsample: 17675
[Open3D INFO] after prerpocess: 17675
[Open3D INFO] reg_result.fitness: 0.969844, eva fitness: 0.986591
[INFO] [1773652062.254609746]: localization cost: 1157.359000 ms
[Open3D INFO] 

time_diff:1.15745 s, localization right now
[Open3D INFO] before sample, target size: 900335, has normal: true
[Open3D INFO] after sample, target size: 400000, has normal: true
[Open3D INFO] source size: 25936, maxpoints_source_: 80000
[Open3D INFO] source size after voxel downsample: 17733
[Open3D INFO] after prerpocess: 17733
[Open3D INFO] reg_result.fitness: 0.965714, eva fitness: 0.986297
[INFO] [1773652063.537129558]: localization cost: 1282.372000 ms
[Open3D INFO] 

time_diff:1.28255 s, localization right now
[Open3D INFO] before sample, target size: 900335, has normal: true
[Open3D INFO] after sample, target size: 400000, has normal: true
[Open3D INFO] source size: 25655, maxpoints_source_: 80000
[Open3D INFO] source size after voxel downsample: 17351
[Open3D INFO] after prerpocess: 17351
[Open3D INFO] reg_result.fitness: 0.970203, eva fitness: 0.984439
[INFO] [1773652065.055711539]: localization cost: 1518.399000 ms
[Open3D INFO] 

time_diff:1.51857 s, localization right now
[Open3D INFO] before sample, target size: 900335, has normal: true
[Open3D INFO] after sample, target size: 400000, has normal: true
[Open3D INFO] source size: 25498, maxpoints_source_: 80000
[Open3D INFO] source size after voxel downsample: 17056
[Open3D INFO] after prerpocess: 17056
[Open3D INFO] reg_result.fitness: 0.975375, eva fitness: 0.987043
[INFO] [1773652066.320569755]: localization cost: 1264.721000 ms
[Open3D INFO] 

time_diff:1.2648 s, localization right now
[Open3D INFO] before sample, target size: 900335, has normal: true
[Open3D INFO] after sample, target size: 400000, has normal: true
[Open3D INFO] source size: 25188, maxpoints_source_: 80000
[Open3D INFO] source size after voxel downsample: 16927
[Open3D INFO] after prerpocess: 16927
[Open3D INFO] reg_result.fitness: 0.973297, eva fitness: 0.986826
[INFO] [1773652067.265291630]: localization cost: 944.549000 ms
[Open3D INFO] 

time_diff:0.944747 s, localization right now
[Open3D INFO] before sample, target size: 900335, has normal: true
[Open3D INFO] after sample, target size: 400000, has normal: true
[Open3D INFO] source size: 25348, maxpoints_source_: 80000
[Open3D INFO] source size after voxel downsample: 17088
[Open3D INFO] after prerpocess: 17088
[Open3D INFO] reg_result.fitness: 0.972495, eva fitness: 0.986774
[INFO] [1773652068.764104072]: localization cost: 1498.662000 ms
[Open3D INFO] 

time_diff:1.49877 s, localization right now
[Open3D INFO] before sample, target size: 900335, has normal: true
[Open3D INFO] after sample, target size: 400000, has normal: true
[Open3D INFO] source size: 25734, maxpoints_source_: 80000
[Open3D INFO] source size after voxel downsample: 17537
[Open3D INFO] after prerpocess: 17537
[Open3D INFO] reg_result.fitness: 0.971318, eva fitness: 0.986144
[INFO] [1773652070.197474823]: localization cost: 1433.255000 ms
[Open3D INFO] 

time_diff:1.43335 s, localization right now
[Open3D INFO] before sample, target size: 900335, has normal: true
[Open3D INFO] after sample, target size: 400000, has normal: true
[Open3D INFO] source size: 28004, maxpoints_source_: 80000
[Open3D INFO] source size after voxel downsample: 20226
[Open3D INFO] after prerpocess: 20226
[Open3D INFO] reg_result.fitness: 0.975972, eva fitness: 0.990656
[INFO] [1773652071.451648054]: localization cost: 1253.674000 ms
[Open3D INFO] 

time_diff:1.25377 s, localization right now
[Open3D INFO] before sample, target size: 900335, has normal: true
[Open3D INFO] after sample, target size: 400000, has normal: true
[Open3D INFO] source size: 28054, maxpoints_source_: 80000
[Open3D INFO] source size after voxel downsample: 19514
[Open3D INFO] after prerpocess: 19514
[Open3D INFO] reg_result.fitness: 0.970278, eva fitness: 0.987291
[INFO] [1773652072.445219133]: localization cost: 993.394000 ms
[Open3D INFO] 

time_diff:0.99356 s, localization right now
[Open3D INFO] before sample, target size: 900335, has normal: true
[Open3D INFO] after sample, target size: 400000, has normal: true
[Open3D INFO] source size: 27482, maxpoints_source_: 80000
[Open3D INFO] source size after voxel downsample: 18758
[Open3D INFO] after prerpocess: 18758
[Open3D INFO] reg_result.fitness: 0.966094, eva fitness: 0.984167
[INFO] [1773652073.427575186]: localization cost: 982.243000 ms
[Open3D INFO] 

time_diff:0.98234 s, localization right now
[Open3D INFO] before sample, target size: 900335, has normal: true
[Open3D INFO] after sample, target size: 400000, has normal: true
[Open3D INFO] source size: 25571, maxpoints_source_: 80000
[Open3D INFO] source size after voxel downsample: 17616
[Open3D INFO] after prerpocess: 17616
[Open3D INFO] reg_result.fitness: 0.957198, eva fitness: 0.975761
[INFO] [1773652074.350173361]: localization cost: 922.493000 ms
[Open3D INFO] 

time_diff:0.92259 s, localization right now
[Open3D INFO] before sample, target size: 900335, has normal: true
[Open3D INFO] after sample, target size: 400000, has normal: true
[Open3D INFO] source size: 25683, maxpoints_source_: 80000
[Open3D INFO] source size after voxel downsample: 17364
[Open3D INFO] after prerpocess: 17364
[Open3D INFO] reg_result.fitness: 0.956346, eva fitness: 0.975754
[INFO] [1773652075.474511612]: localization cost: 1124.204000 ms
[Open3D INFO] 

time_diff:1.12434 s, localization right now
[Open3D INFO] before sample, target size: 900335, has normal: true
[Open3D INFO] after sample, target size: 400000, has normal: true
[Open3D INFO] source size: 27325, maxpoints_source_: 80000
[Open3D INFO] source size after voxel downsample: 17688
[Open3D INFO] after prerpocess: 17688
[Open3D INFO] reg_result.fitness: 0.958164, eva fitness: 0.978517
[INFO] [1773652076.435899234]: localization cost: 961.265000 ms
[Open3D INFO] 

time_diff:0.961357 s, localization right now
[Open3D INFO] before sample, target size: 900335, has normal: true
[Open3D INFO] after sample, target size: 400000, has normal: true
[Open3D INFO] source size: 28086, maxpoints_source_: 80000
[Open3D INFO] source size after voxel downsample: 18107
[Open3D INFO] after prerpocess: 18107
[Open3D INFO] reg_result.fitness: 0.964489, eva fitness: 0.98183
[INFO] [1773652077.428969236]: localization cost: 992.851000 ms
[Open3D INFO] 

time_diff:0.993012 s, localization right now
[Open3D INFO] 
***
****
***


last map update loc: x: 8.23635, y: -1.41264, z2.05139,
                now loc: x: 5.19665, y: 0.0835492, z1.05542, 3d distance: 3.53133, now needpdate submap
[INFO] [1773652077.496865585]: submap_cost: 67.374000 ms
[Open3D INFO] before sample, target size: 853064, has normal: true
[Open3D INFO] after sample, target size: 400000, has normal: true
[Open3D INFO] source size: 29405, maxpoints_source_: 80000
[Open3D INFO] source size after voxel downsample: 17776
[Open3D INFO] after prerpocess: 17776
[Open3D INFO] reg_result.fitness: 0.961409, eva fitness: 0.979917
[INFO] [1773652078.576440893]: localization cost: 1147.166000 ms
[Open3D INFO] 

time_diff:1.1473 s, localization right now
[Open3D INFO] before sample, target size: 853064, has normal: true
[Open3D INFO] after sample, target size: 400000, has normal: true
[Open3D INFO] source size: 30973, maxpoints_source_: 80000
[Open3D INFO] source size after voxel downsample: 17857
[Open3D INFO] after prerpocess: 17857
[Open3D INFO] reg_result.fitness: 0.969368, eva fitness: 0.987568
[INFO] [1773652079.754685113]: localization cost: 1178.080000 ms
[Open3D INFO] 

time_diff:1.17822 s, localization right now
[Open3D INFO] before sample, target size: 853064, has normal: true
[Open3D INFO] after sample, target size: 400000, has normal: true
[Open3D INFO] source size: 31402, maxpoints_source_: 80000
[Open3D INFO] source size after voxel downsample: 16960
[Open3D INFO] after prerpocess: 16960
[Open3D INFO] reg_result.fitness: 0.957842, eva fitness: 0.980483
[INFO] [1773652080.954176947]: localization cost: 1199.245000 ms
[Open3D INFO] 

time_diff:1.19934 s, localization right now
[Open3D INFO] before sample, target size: 853064, has normal: true
[Open3D INFO] after sample, target size: 400000, has normal: true
[Open3D INFO] source size: 31786, maxpoints_source_: 80000
[Open3D INFO] source size after voxel downsample: 16742
[Open3D INFO] after prerpocess: 16742
[Open3D INFO] reg_result.fitness: 0.948453, eva fitness: 0.97336
[INFO] [1773652082.095449950]: localization cost: 1141.168000 ms
[Open3D INFO] 

time_diff:1.14126 s, localization right now
[Open3D INFO] before sample, target size: 853064, has normal: true
[Open3D INFO] after sample, target size: 400000, has normal: true
[Open3D INFO] source size: 32193, maxpoints_source_: 80000
[Open3D INFO] source size after voxel downsample: 18261
[Open3D INFO] after prerpocess: 18261
[Open3D INFO] reg_result.fitness: 0.945238, eva fitness: 0.969060
[INFO] [1773652083.297958168]: localization cost: 1202.392000 ms
[Open3D INFO] 

time_diff:1.20249 s, localization right now
[Open3D INFO] before sample, target size: 853064, has normal: true
[Open3D INFO] after sample, target size: 400000, has normal: true
[Open3D INFO] source size: 32312, maxpoints_source_: 80000
[Open3D INFO] source size after voxel downsample: 18337
[Open3D INFO] after prerpocess: 18337
[Open3D INFO] reg_result.fitness: 0.93963, eva fitness: 0.965861
[INFO] [1773652084.492009460]: localization cost: 1193.934000 ms
[Open3D INFO] 

time_diff:1.1941 s, localization right now
[Open3D INFO] before sample, target size: 853064, has normal: true
[Open3D INFO] after sample, target size: 400000, has normal: true
[Open3D INFO] source size: 33225, maxpoints_source_: 80000
[Open3D INFO] source size after voxel downsample: 18046
[Open3D INFO] after prerpocess: 18046
[Open3D INFO] reg_result.fitness: 0.938269, eva fitness: 0.964147
[INFO] [1773652085.643856742]: localization cost: 1151.565000 ms
[Open3D INFO] 

time_diff:1.15166 s, localization right now
[Open3D INFO] before sample, target size: 853064, has normal: true
[Open3D INFO] after sample, target size: 400000, has normal: true
[Open3D INFO] source size: 33525, maxpoints_source_: 80000
[Open3D INFO] source size after voxel downsample: 17364
[Open3D INFO] after prerpocess: 17364
[Open3D INFO] reg_result.fitness: 0.930719, eva fitness: 0.963372
[INFO] [1773652086.790179180]: localization cost: 1146.047000 ms
[Open3D INFO] 

time_diff:1.14617 s, localization right now
[Open3D INFO] before sample, target size: 853064, has normal: true
[Open3D INFO] after sample, target size: 400000, has normal: true
[Open3D INFO] source size: 34046, maxpoints_source_: 80000
[Open3D INFO] source size after voxel downsample: 18328
[Open3D INFO] after prerpocess: 18328
[Open3D INFO] reg_result.fitness: 0.919849, eva fitness: 0.949694
[INFO] [1773652087.890807733]: localization cost: 1100.383000 ms
[Open3D INFO] 

time_diff:1.10050 s, localization right now
[Open3D INFO] 
***
****
***


last map update loc: x: 5.19665, y: 0.0835492, z1.05542,
                now loc: x: 1.58368, y: 1.34916, z-0.0358932, 3d distance: 3.98074, now needpdate submap
[INFO] [1773652087.966833113]: submap_cost: 75.641000 ms
[Open3D INFO] before sample, target size: 796164, has normal: true
[Open3D INFO] after sample, target size: 400000, has normal: true
[Open3D INFO] source size: 32846, maxpoints_source_: 80000
[Open3D INFO] source size after voxel downsample: 17204
[Open3D INFO] after prerpocess: 17204
[Open3D INFO] reg_result.fitness: 0.916182, eva fitness: 0.949605
[INFO] [1773652089.147312465]: localization cost: 1256.376000 ms
[Open3D INFO] 

time_diff:1.25648 s, localization right now
[Open3D INFO] before sample, target size: 796164, has normal: true
[Open3D INFO] after sample, target size: 400000, has normal: true
[Open3D INFO] source size: 32717, maxpoints_source_: 80000
[Open3D INFO] source size after voxel downsample: 17732
[Open3D INFO] after prerpocess: 17732
[Open3D INFO] reg_result.fitness: 0.910444, eva fitness: 0.940559
[INFO] [1773652090.177004984]: localization cost: 1029.580000 ms
[Open3D INFO] 

time_diff:1.02968 s, localization right now
[Open3D INFO] before sample, target size: 796164, has normal: true
[Open3D INFO] after sample, target size: 400000, has normal: true
[Open3D INFO] source size: 32727, maxpoints_source_: 80000
[Open3D INFO] source size after voxel downsample: 17058
[Open3D INFO] after prerpocess: 17058
[Open3D INFO] reg_result.fitness: 0.911654, eva fitness: 0.948646
[INFO] [1773652091.303155735]: localization cost: 1126.046000 ms
[Open3D INFO] 

time_diff:1.12614 s, localization right now
[Open3D INFO] before sample, target size: 796164, has normal: true
[Open3D INFO] after sample, target size: 400000, has normal: true
[Open3D INFO] source size: 32463, maxpoints_source_: 80000
[Open3D INFO] source size after voxel downsample: 16587
[Open3D INFO] after prerpocess: 16587
[Open3D INFO] reg_result.fitness: 0.91849, eva fitness: 0.954241
[INFO] [1773652092.375176031]: localization cost: 1071.895000 ms
[Open3D INFO] 

time_diff:1.07202 s, localization right now
[Open3D INFO] before sample, target size: 796164, has normal: true
[Open3D INFO] after sample, target size: 400000, has normal: true
[Open3D INFO] source size: 31548, maxpoints_source_: 80000
[Open3D INFO] source size after voxel downsample: 17699
[Open3D INFO] after prerpocess: 17699
[Open3D INFO] reg_result.fitness: 0.914797, eva fitness: 0.945251
[INFO] [1773652093.516746812]: localization cost: 1141.294000 ms
[Open3D INFO] 

time_diff:1.14139 s, localization right now
[Open3D INFO] before sample, target size: 796164, has normal: true
[Open3D INFO] after sample, target size: 400000, has normal: true
[Open3D INFO] source size: 33208, maxpoints_source_: 80000
[Open3D INFO] source size after voxel downsample: 18487
[Open3D INFO] after prerpocess: 18487
[Open3D INFO] reg_result.fitness: 0.924217, eva fitness: 0.948829
[INFO] [1773652094.570458874]: localization cost: 1053.454000 ms
[Open3D INFO] 

time_diff:1.05356 s, localization right now
[Open3D INFO] before sample, target size: 796164, has normal: true
[Open3D INFO] after sample, target size: 400000, has normal: true
[Open3D INFO] source size: 34352, maxpoints_source_: 80000
[Open3D INFO] source size after voxel downsample: 18505
[Open3D INFO] after prerpocess: 18505
[Open3D INFO] reg_result.fitness: 0.922886, eva fitness: 0.947798
[INFO] [1773652095.674787641]: localization cost: 1104.224000 ms
[Open3D INFO] 

time_diff:1.10431 s, localization right now
[Open3D INFO] before sample, target size: 796164, has normal: true
[Open3D INFO] after sample, target size: 400000, has normal: true
[Open3D INFO] source size: 34289, maxpoints_source_: 80000
[Open3D INFO] source size after voxel downsample: 18032
[Open3D INFO] after prerpocess: 18032
[Open3D INFO] reg_result.fitness: 0.914374, eva fitness: 0.944432
[INFO] [1773652096.633893082]: localization cost: 959.010000 ms
[Open3D INFO] 

time_diff:0.959102 s, localization right now
[Open3D INFO] before sample, target size: 796164, has normal: true
[Open3D INFO] after sample, target size: 400000, has normal: true
[Open3D INFO] source size: 33602, maxpoints_source_: 80000
[Open3D INFO] source size after voxel downsample: 18582
[Open3D INFO] after prerpocess: 18582
[Open3D INFO] reg_result.fitness: 0.919707, eva fitness: 0.949306
[INFO] [1773652097.580287242]: localization cost: 946.293000 ms
[Open3D INFO] 

time_diff:0.946379 s, localization right now
[Open3D INFO] before sample, target size: 796164, has normal: true
[Open3D INFO] after sample, target size: 400000, has normal: true
[Open3D INFO] source size: 33692, maxpoints_source_: 80000
[Open3D INFO] source size after voxel downsample: 18812
[Open3D INFO] after prerpocess: 18812
[Open3D INFO] reg_result.fitness: 0.9234, eva fitness: 0.951201
[INFO] [1773652098.729681146]: localization cost: 1149.298000 ms
[Open3D INFO] 

time_diff:1.14938 s, localization right now
[Open3D INFO] before sample, target size: 796164, has normal: true
[Open3D INFO] after sample, target size: 400000, has normal: true
[Open3D INFO] source size: 33491, maxpoints_source_: 80000
[Open3D INFO] source size after voxel downsample: 18461
[Open3D INFO] after prerpocess: 18461
[Open3D INFO] reg_result.fitness: 0.934998, eva fitness: 0.960241
[INFO] [1773652099.695028417]: localization cost: 965.235000 ms
[Open3D INFO] 

time_diff:0.965365 s, localization right now
[Open3D INFO] before sample, target size: 796164, has normal: true
[Open3D INFO] after sample, target size: 400000, has normal: true
[Open3D INFO] source size: 33351, maxpoints_source_: 80000
[Open3D INFO] source size after voxel downsample: 18523
[Open3D INFO] after prerpocess: 18523
[Open3D INFO] reg_result.fitness: 0.939265, eva fitness: 0.965448
[INFO] [1773652100.617110697]: localization cost: 921.938000 ms
[Open3D INFO] 

time_diff:0.922048 s, localization right now
[Open3D INFO] before sample, target size: 796164, has normal: true
[Open3D INFO] after sample, target size: 400000, has normal: true
[Open3D INFO] source size: 33350, maxpoints_source_: 80000
[Open3D INFO] source size after voxel downsample: 17768
[Open3D INFO] after prerpocess: 17768
[Open3D INFO] reg_result.fitness: 0.939892, eva fitness: 0.965162
[INFO] [1773652101.603340784]: localization cost: 986.117000 ms
[Open3D INFO] 

time_diff:0.986221 s, localization right now
[Open3D INFO] before sample, target size: 796164, has normal: true
[Open3D INFO] after sample, target size: 400000, has normal: true
[Open3D INFO] source size: 33056, maxpoints_source_: 80000
[Open3D INFO] source size after voxel downsample: 17953
[Open3D INFO] after prerpocess: 17953
[Open3D INFO] reg_result.fitness: 0.939954, eva fitness: 0.966134
[INFO] [1773652102.668165360]: localization cost: 1064.720000 ms
[Open3D INFO] 

time_diff:1.06482 s, localization right now
[Open3D INFO] before sample, target size: 796164, has normal: true
[Open3D INFO] after sample, target size: 400000, has normal: true
[Open3D INFO] source size: 32877, maxpoints_source_: 80000
[Open3D INFO] source size after voxel downsample: 17746
[Open3D INFO] after prerpocess: 17746
[Open3D INFO] reg_result.fitness: 0.943762, eva fitness: 0.969683
[INFO] [1773652103.619497703]: localization cost: 951.227000 ms
[Open3D INFO] 

time_diff:0.951322 s, localization right now
[Open3D INFO] before sample, target size: 796164, has normal: true
[Open3D INFO] after sample, target size: 400000, has normal: true
[Open3D INFO] source size: 32445, maxpoints_source_: 80000
[Open3D INFO] source size after voxel downsample: 17524
[Open3D INFO] after prerpocess: 17524
[Open3D INFO] reg_result.fitness: 0.943278, eva fitness: 0.967074
[INFO] [1773652104.665869252]: localization cost: 1046.269000 ms
[Open3D INFO] 

time_diff:1.04636 s, localization right now
[Open3D INFO] before sample, target size: 796164, has normal: true
[Open3D INFO] after sample, target size: 400000, has normal: true
[Open3D INFO] source size: 31688, maxpoints_source_: 80000
[Open3D INFO] source size after voxel downsample: 16876
[Open3D INFO] after prerpocess: 16876
[Open3D INFO] reg_result.fitness: 0.938196, eva fitness: 0.966402
[INFO] [1773652105.618576645]: localization cost: 952.609000 ms
[Open3D INFO] 

time_diff:0.952702 s, localization right now
[Open3D INFO] before sample, target size: 796164, has normal: true
[Open3D INFO] after sample, target size: 400000, has normal: true
[Open3D INFO] source size: 30861, maxpoints_source_: 80000
[Open3D INFO] source size after voxel downsample: 16666
[Open3D INFO] after prerpocess: 16666
[Open3D INFO] reg_result.fitness: 0.959438, eva fitness: 0.980319
[INFO] [1773652106.568861418]: localization cost: 950.181000 ms
[Open3D INFO] 

time_diff:0.950279 s, localization right now
[Open3D INFO] before sample, target size: 796164, has normal: true
[Open3D INFO] after sample, target size: 400000, has normal: true
[Open3D INFO] source size: 32009, maxpoints_source_: 80000
[Open3D INFO] source size after voxel downsample: 16956
[Open3D INFO] after prerpocess: 16956
[Open3D INFO] reg_result.fitness: 0.977766, eva fitness: 0.992451
[INFO] [1773652107.556063319]: localization cost: 986.971000 ms
[Open3D INFO] 

time_diff:0.987131 s, localization right now
[Open3D INFO] before sample, target size: 796164, has normal: true
[Open3D INFO] after sample, target size: 400000, has normal: true
[Open3D INFO] source size: 32369, maxpoints_source_: 80000
[Open3D INFO] source size after voxel downsample: 15947
[Open3D INFO] after prerpocess: 15947
[Open3D INFO] reg_result.fitness: 0.980749, eva fitness: 0.993353
[INFO] [1773652108.514595639]: localization cost: 958.372000 ms
[Open3D INFO] 

time_diff:0.95848 s, localization right now
[Open3D INFO] before sample, target size: 796164, has normal: true
[Open3D INFO] after sample, target size: 400000, has normal: true
[Open3D INFO] source size: 31305, maxpoints_source_: 80000
[Open3D INFO] source size after voxel downsample: 17565
[Open3D INFO] after prerpocess: 17565
[Open3D INFO] reg_result.fitness: 0.964247, eva fitness: 0.983888
[INFO] [1773652109.492796040]: localization cost: 978.077000 ms
[Open3D INFO] 

time_diff:0.978183 s, localization right now
[Open3D INFO] before sample, target size: 796164, has normal: true
[Open3D INFO] after sample, target size: 400000, has normal: true
[Open3D INFO] source size: 31971, maxpoints_source_: 80000
[Open3D INFO] source size after voxel downsample: 17660
[Open3D INFO] after prerpocess: 17660
[Open3D INFO] reg_result.fitness: 0.947169, eva fitness: 0.976217
[INFO] [1773652110.408221252]: localization cost: 915.298000 ms
[Open3D INFO] 

time_diff:0.915421 s, localization right now
[Open3D INFO] before sample, target size: 796164, has normal: true
[Open3D INFO] after sample, target size: 400000, has normal: true
[Open3D INFO] source size: 29231, maxpoints_source_: 80000
[Open3D INFO] source size after voxel downsample: 16444
[Open3D INFO] after prerpocess: 16444
[Open3D INFO] reg_result.fitness: 0.95731, eva fitness: 0.977682
[INFO] [1773652111.353229032]: localization cost: 944.890000 ms
[Open3D INFO] 

time_diff:0.944988 s, localization right now
[Open3D INFO] before sample, target size: 796164, has normal: true
[Open3D INFO] after sample, target size: 400000, has normal: true
[Open3D INFO] source size: 28726, maxpoints_source_: 80000
[Open3D INFO] source size after voxel downsample: 17093
[Open3D INFO] after prerpocess: 17093
[Open3D INFO] reg_result.fitness: 0.951325, eva fitness: 0.974785
[INFO] [1773652112.375233620]: localization cost: 1021.771000 ms
[Open3D INFO] 

time_diff:1.02189 s, localization right now
[Open3D INFO] 
***
****
***


last map update loc: x: 1.58368, y: 1.34916, z-0.0358932,
                now loc: x: 4.5555, y: -0.547254, z0.850754, 3d distance: 3.63514, now needpdate submap
[INFO] [1773652112.446759258]: submap_cost: 71.039000 ms
[Open3D INFO] before sample, target size: 865448, has normal: true
[Open3D INFO] after sample, target size: 400000, has normal: true
[Open3D INFO] source size: 29021, maxpoints_source_: 80000
[Open3D INFO] source size after voxel downsample: 17169
[Open3D INFO] after prerpocess: 17169
[Open3D INFO] reg_result.fitness: 0.948803, eva fitness: 0.97577
[INFO] [1773652113.507254617]: localization cost: 1131.793000 ms
[Open3D INFO] 

time_diff:1.13187 s, localization right now
[Open3D INFO] before sample, target size: 865448, has normal: true
[Open3D INFO] after sample, target size: 400000, has normal: true
[Open3D INFO] source size: 28389, maxpoints_source_: 80000
[Open3D INFO] source size after voxel downsample: 16858
[Open3D INFO] after prerpocess: 16858
[Open3D INFO] reg_result.fitness: 0.936469, eva fitness: 0.967552
[INFO] [1773652114.684468133]: localization cost: 1176.947000 ms
[Open3D INFO] 

time_diff:1.17711 s, localization right now
[Open3D INFO] before sample, target size: 865448, has normal: true
[Open3D INFO] after sample, target size: 400000, has normal: true
[Open3D INFO] source size: 27911, maxpoints_source_: 80000
[Open3D INFO] source size after voxel downsample: 17227
[Open3D INFO] after prerpocess: 17227
[Open3D INFO] reg_result.fitness: 0.943925, eva fitness: 0.968538
[INFO] [1773652116.097967472]: localization cost: 1413.105000 ms
[Open3D INFO] 

time_diff:1.41331 s, localization right now
[Open3D INFO] before sample, target size: 865448, has normal: true
[Open3D INFO] after sample, target size: 400000, has normal: true
[Open3D INFO] source size: 27894, maxpoints_source_: 80000
[Open3D INFO] source size after voxel downsample: 16585
[Open3D INFO] after prerpocess: 16585
[Open3D INFO] reg_result.fitness: 0.950558, eva fitness: 0.972988
[INFO] [1773652117.368322079]: localization cost: 1269.977000 ms
[Open3D INFO] 

time_diff:1.27013 s, localization right now
[Open3D INFO] before sample, target size: 865448, has normal: true
[Open3D INFO] after sample, target size: 400000, has normal: true
[Open3D INFO] source size: 26849, maxpoints_source_: 80000
[Open3D INFO] source size after voxel downsample: 15639
[Open3D INFO] after prerpocess: 15639
[Open3D INFO] reg_result.fitness: 0.948142, eva fitness: 0.974039
[INFO] [1773652118.626117814]: localization cost: 1257.632000 ms
[Open3D INFO] 

time_diff:1.25772 s, localization right now
[Open3D INFO] before sample, target size: 865448, has normal: true
[Open3D INFO] after sample, target size: 400000, has normal: true
[Open3D INFO] source size: 25266, maxpoints_source_: 80000
[Open3D INFO] source size after voxel downsample: 14643
[Open3D INFO] after prerpocess: 14643
[Open3D INFO] reg_result.fitness: 0.94441, eva fitness: 0.964215
[INFO] [1773652119.752485081]: localization cost: 1126.154000 ms
[Open3D INFO] 

time_diff:1.12627 s, localization right now
[Open3D INFO] 
***
****
***


last map update loc: x: 4.5555, y: -0.547254, z0.850754,
                now loc: x: 7.87225, y: 0.433933, z1.93915, 3d distance: 3.62604, now needpdate submap
[INFO] [1773652119.829013394]: submap_cost: 76.144000 ms
[Open3D INFO] before sample, target size: 891945, has normal: true
[Open3D INFO] after sample, target size: 400000, has normal: true
[Open3D INFO] source size: 26222, maxpoints_source_: 80000
[Open3D INFO] source size after voxel downsample: 17575
[Open3D INFO] after prerpocess: 17575
[Open3D INFO] reg_result.fitness: 0.960683, eva fitness: 0.979801
[INFO] [1773652120.968017947]: localization cost: 1215.385000 ms
[Open3D INFO] 

time_diff:1.2155 s, localization right now
[Open3D INFO] before sample, target size: 891945, has normal: true
[Open3D INFO] after sample, target size: 400000, has normal: true
[Open3D INFO] source size: 29421, maxpoints_source_: 80000
[Open3D INFO] source size after voxel downsample: 20616
[Open3D INFO] after prerpocess: 20616
[Open3D INFO] reg_result.fitness: 0.977057, eva fitness: 0.991075
[INFO] [1773652122.434543586]: localization cost: 1466.411000 ms
[Open3D INFO] 

time_diff:1.46657 s, localization right now
[Open3D INFO] before sample, target size: 891945, has normal: true
[Open3D INFO] after sample, target size: 400000, has normal: true
[Open3D INFO] source size: 27763, maxpoints_source_: 80000
[Open3D INFO] source size after voxel downsample: 19679
[Open3D INFO] after prerpocess: 19679
[Open3D INFO] reg_result.fitness: 0.972814, eva fitness: 0.991463
[INFO] [1773652123.799163090]: localization cost: 1364.294000 ms
[Open3D INFO] 

time_diff:1.3644 s, localization right now
[Open3D INFO] before sample, target size: 891945, has normal: true
[Open3D INFO] after sample, target size: 400000, has normal: true
[Open3D INFO] source size: 27733, maxpoints_source_: 80000
[Open3D INFO] source size after voxel downsample: 19458
[Open3D INFO] after prerpocess: 19458
[Open3D INFO] reg_result.fitness: 0.976359, eva fitness: 0.990184
[INFO] [1773652124.959690536]: localization cost: 1160.392000 ms
[Open3D INFO] 

time_diff:1.16053 s, localization right now
[Open3D INFO] before sample, target size: 891945, has normal: true
[Open3D INFO] after sample, target size: 400000, has normal: true
[Open3D INFO] source size: 28055, maxpoints_source_: 80000
[Open3D INFO] source size after voxel downsample: 19686
[Open3D INFO] after prerpocess: 19686
[Open3D INFO] reg_result.fitness: 0.976532, eva fitness: 0.989942
[INFO] [1773652126.077973517]: localization cost: 1118.160000 ms
[Open3D INFO] 

time_diff:1.11825 s, localization right now
[Open3D INFO] before sample, target size: 891945, has normal: true
[Open3D INFO] after sample, target size: 400000, has normal: true
[Open3D INFO] source size: 28898, maxpoints_source_: 80000
[Open3D INFO] source size after voxel downsample: 19608
[Open3D INFO] after prerpocess: 19608
[Open3D INFO] reg_result.fitness: 0.981793, eva fitness: 0.993421
[INFO] [1773652127.430254283]: localization cost: 1352.165000 ms
[Open3D INFO] 

time_diff:1.35228 s, localization right now
[Open3D INFO] before sample, target size: 891945, has normal: true
[Open3D INFO] after sample, target size: 400000, has normal: true
[Open3D INFO] source size: 26895, maxpoints_source_: 80000
[Open3D INFO] source size after voxel downsample: 18392
[Open3D INFO] after prerpocess: 18392
[Open3D INFO] reg_result.fitness: 0.967377, eva fitness: 0.984504
[INFO] [1773652128.921488348]: localization cost: 1491.126000 ms
[Open3D INFO] 

time_diff:1.49122 s, localization right now
[Open3D INFO] before sample, target size: 891945, has normal: true
[Open3D INFO] after sample, target size: 400000, has normal: true
[Open3D INFO] source size: 29371, maxpoints_source_: 80000
[Open3D INFO] source size after voxel downsample: 20379
[Open3D INFO] after prerpocess: 20379
[Open3D INFO] reg_result.fitness: 0.977477, eva fitness: 0.988076
[INFO] [1773652130.001870514]: localization cost: 1080.278000 ms
[Open3D INFO] 

time_diff:1.08037 s, localization right now
[Open3D INFO] before sample, target size: 891945, has normal: true
[Open3D INFO] after sample, target size: 400000, has normal: true
[Open3D INFO] source size: 28582, maxpoints_source_: 80000
[Open3D INFO] source size after voxel downsample: 20110
[Open3D INFO] after prerpocess: 20110
[Open3D INFO] reg_result.fitness: 0.9819, eva fitness: 0.989209
[INFO] [1773652131.029613582]: localization cost: 1027.505000 ms
[Open3D INFO] 

time_diff:1.0276 s, localization right now
[Open3D INFO] before sample, target size: 891945, has normal: true
[Open3D INFO] after sample, target size: 400000, has normal: true
[Open3D INFO] source size: 28896, maxpoints_source_: 80000
[Open3D INFO] source size after voxel downsample: 20170
[Open3D INFO] after prerpocess: 20170
[Open3D INFO] reg_result.fitness: 0.972732, eva fitness: 0.982499
[INFO] [1773652132.213657604]: localization cost: 1183.941000 ms
[Open3D INFO] 

time_diff:1.18405 s, localization right now
[Open3D INFO] before sample, target size: 891945, has normal: true
[Open3D INFO] after sample, target size: 400000, has normal: true
[Open3D INFO] source size: 28626, maxpoints_source_: 80000
[Open3D INFO] source size after voxel downsample: 20292
[Open3D INFO] after prerpocess: 20292
[Open3D INFO] reg_result.fitness: 0.976789, eva fitness: 0.990834
[INFO] [1773652133.717892536]: localization cost: 1503.933000 ms
[Open3D INFO] 

time_diff:1.50404 s, localization right now
[Open3D INFO] before sample, target size: 891945, has normal: true
[Open3D INFO] after sample, target size: 400000, has normal: true
[Open3D INFO] source size: 28669, maxpoints_source_: 80000
[Open3D INFO] source size after voxel downsample: 20438
[Open3D INFO] after prerpocess: 20438
[Open3D INFO] reg_result.fitness: 0.978031, eva fitness: 0.990948
[INFO] [1773652135.024560648]: localization cost: 1306.550000 ms
[Open3D INFO] 

time_diff:1.30667 s, localization right now
[Open3D INFO] before sample, target size: 891945, has normal: true
[Open3D INFO] after sample, target size: 400000, has normal: true
[Open3D INFO] source size: 28097, maxpoints_source_: 80000
[Open3D INFO] source size after voxel downsample: 20314
[Open3D INFO] after prerpocess: 20314
[Open3D INFO] reg_result.fitness: 0.982967, eva fitness: 0.991188
[INFO] [1773652136.313345910]: localization cost: 1288.492000 ms
[Open3D INFO] 

time_diff:1.28858 s, localization right now
[Open3D INFO] before sample, target size: 891945, has normal: true
[Open3D INFO] after sample, target size: 400000, has normal: true
[Open3D INFO] source size: 27846, maxpoints_source_: 80000
[Open3D INFO] source size after voxel downsample: 20417
[Open3D INFO] after prerpocess: 20417
[Open3D INFO] reg_result.fitness: 0.98271, eva fitness: 0.991576
[INFO] [1773652137.533317259]: localization cost: 1219.868000 ms
[Open3D INFO] 

time_diff:1.21997 s, localization right now
[Open3D INFO] before sample, target size: 891945, has normal: true
[Open3D INFO] after sample, target size: 400000, has normal: true
[Open3D INFO] source size: 27765, maxpoints_source_: 80000
[Open3D INFO] source size after voxel downsample: 19728
[Open3D INFO] after prerpocess: 19728
[Open3D INFO] reg_result.fitness: 0.981752, eva fitness: 0.990369
[INFO] [1773652138.559327392]: localization cost: 1025.800000 ms
[Open3D INFO] 

time_diff:1.02589 s, localization right now
[Open3D INFO] before sample, target size: 891945, has normal: true
[Open3D INFO] after sample, target size: 400000, has normal: true
[Open3D INFO] source size: 28006, maxpoints_source_: 80000
[Open3D INFO] source size after voxel downsample: 20419
[Open3D INFO] after prerpocess: 20419
[Open3D INFO] reg_result.fitness: 0.982565, eva fitness: 0.991038
[INFO] [1773652139.603693000]: localization cost: 1044.251000 ms
[Open3D INFO] 

time_diff:1.04437 s, localization right now
[Open3D INFO] before sample, target size: 891945, has normal: true
[Open3D INFO] after sample, target size: 400000, has normal: true
[Open3D INFO] source size: 27972, maxpoints_source_: 80000
[Open3D INFO] source size after voxel downsample: 20566
[Open3D INFO] after prerpocess: 20566
[Open3D INFO] reg_result.fitness: 0.983614, eva fitness: 0.99222
[INFO] [1773652140.749043465]: localization cost: 1145.223000 ms
[Open3D INFO] 

time_diff:1.14539 s, localization right now
[Open3D INFO] before sample, target size: 891945, has normal: true
[Open3D INFO] after sample, target size: 400000, has normal: true
[Open3D INFO] source size: 27933, maxpoints_source_: 80000
[Open3D INFO] source size after voxel downsample: 20404
[Open3D INFO] after prerpocess: 20404
[Open3D INFO] reg_result.fitness: 0.982013, eva fitness: 0.991472
[INFO] [1773652141.880496429]: localization cost: 1131.127000 ms
[Open3D INFO] 

time_diff:1.13123 s, localization right now
[Open3D INFO] before sample, target size: 891945, has normal: true
[Open3D INFO] after sample, target size: 400000, has normal: true
[Open3D INFO] source size: 27974, maxpoints_source_: 80000
[Open3D INFO] source size after voxel downsample: 20150
[Open3D INFO] after prerpocess: 20150
[Open3D INFO] reg_result.fitness: 0.983474, eva fitness: 0.991117
[INFO] [1773652142.932374675]: localization cost: 1051.772000 ms
[Open3D INFO] 

time_diff:1.05187 s, localization right now
[Open3D INFO] before sample, target size: 891945, has normal: true
[Open3D INFO] after sample, target size: 400000, has normal: true
[Open3D INFO] source size: 27749, maxpoints_source_: 80000
[Open3D INFO] source size after voxel downsample: 20431
[Open3D INFO] after prerpocess: 20431
[Open3D INFO] reg_result.fitness: 0.983603, eva fitness: 0.990700
[INFO] [1773652144.045058911]: localization cost: 1112.386000 ms
[Open3D INFO] 

time_diff:1.11256 s, localization right now
[Open3D INFO] before sample, target size: 891945, has normal: true
[Open3D INFO] after sample, target size: 400000, has normal: true
[Open3D INFO] source size: 27888, maxpoints_source_: 80000
[Open3D INFO] source size after voxel downsample: 20662
[Open3D INFO] after prerpocess: 20662
[Open3D INFO] reg_result.fitness: 0.984077, eva fitness: 0.990950
[INFO] [1773652145.335756178]: localization cost: 1290.580000 ms
[Open3D INFO] 

time_diff:1.29067 s, localization right now
[Open3D INFO] before sample, target size: 891945, has normal: true
[Open3D INFO] after sample, target size: 400000, has normal: true
[Open3D INFO] source size: 27974, maxpoints_source_: 80000
[Open3D INFO] source size after voxel downsample: 20720
[Open3D INFO] after prerpocess: 20720
[Open3D INFO] reg_result.fitness: 0.983832, eva fitness: 0.991071
[INFO] [1773652146.493285354]: localization cost: 1157.415000 ms
[Open3D INFO] 

time_diff:1.15756 s, localization right now
[Open3D INFO] before sample, target size: 891945, has normal: true
[Open3D INFO] after sample, target size: 400000, has normal: true
[Open3D INFO] source size: 28267, maxpoints_source_: 80000
[Open3D INFO] source size after voxel downsample: 20953
[Open3D INFO] after prerpocess: 20953
[Open3D INFO] reg_result.fitness: 0.981482, eva fitness: 0.988546
[INFO] [1773652147.523894222]: localization cost: 1030.339000 ms
[Open3D INFO] 

time_diff:1.03043 s, localization right now
[Open3D INFO] before sample, target size: 891945, has normal: true
[Open3D INFO] after sample, target size: 400000, has normal: true
[Open3D INFO] source size: 28482, maxpoints_source_: 80000
[Open3D INFO] source size after voxel downsample: 21360
[Open3D INFO] after prerpocess: 21360
[Open3D INFO] reg_result.fitness: 0.980805, eva fitness: 0.989185
[INFO] [1773652148.644816531]: localization cost: 1120.697000 ms
[Open3D INFO] 

time_diff:1.12080 s, localization right now
[Open3D INFO] before sample, target size: 891945, has normal: true
[Open3D INFO] after sample, target size: 400000, has normal: true
[Open3D INFO] source size: 28661, maxpoints_source_: 80000
[Open3D INFO] source size after voxel downsample: 21297
[Open3D INFO] after prerpocess: 21297
[Open3D INFO] reg_result.fitness: 0.980326, eva fitness: 0.987228
[INFO] [1773652149.840803577]: localization cost: 1195.756000 ms
[Open3D INFO] 

time_diff:1.19586 s, localization right now
[Open3D INFO] before sample, target size: 891945, has normal: true
[Open3D INFO] after sample, target size: 400000, has normal: true
[Open3D INFO] source size: 27929, maxpoints_source_: 80000
[Open3D INFO] source size after voxel downsample: 19867
[Open3D INFO] after prerpocess: 19867
[Open3D INFO] reg_result.fitness: 0.978306, eva fitness: 0.986158
[INFO] [1773652151.241923658]: localization cost: 1400.858000 ms
[Open3D INFO] 

time_diff:1.40095 s, localization right now
[Open3D INFO] before sample, target size: 891945, has normal: true
[Open3D INFO] after sample, target size: 400000, has normal: true
[Open3D INFO] source size: 27730, maxpoints_source_: 80000
[Open3D INFO] source size after voxel downsample: 19424
[Open3D INFO] after prerpocess: 19424
[Open3D INFO] reg_result.fitness: 0.977708, eva fitness: 0.989703
[INFO] [1773652152.600608361]: localization cost: 1358.569000 ms
[Open3D INFO] 

time_diff:1.35869 s, localization right now
[Open3D INFO] before sample, target size: 891945, has normal: true
[Open3D INFO] after sample, target size: 400000, has normal: true
[Open3D INFO] source size: 28011, maxpoints_source_: 80000
[Open3D INFO] source size after voxel downsample: 19423
[Open3D INFO] after prerpocess: 19423
[Open3D INFO] reg_result.fitness: 0.983834, eva fitness: 0.995984
[INFO] [1773652153.798400802]: localization cost: 1197.650000 ms
[Open3D INFO] 

time_diff:1.19777 s, localization right now
[Open3D INFO] before sample, target size: 891945, has normal: true
[Open3D INFO] after sample, target size: 400000, has normal: true
[Open3D INFO] source size: 27580, maxpoints_source_: 80000
[Open3D INFO] source size after voxel downsample: 20062
[Open3D INFO] after prerpocess: 20062
[Open3D INFO] reg_result.fitness: 0.972784, eva fitness: 0.985395
[INFO] [1773652154.755313646]: localization cost: 956.680000 ms
[Open3D INFO] 

time_diff:0.95678 s, localization right now
[Open3D INFO] before sample, target size: 891945, has normal: true
[Open3D INFO] after sample, target size: 400000, has normal: true
[Open3D INFO] source size: 28229, maxpoints_source_: 80000
[Open3D INFO] source size after voxel downsample: 20962
[Open3D INFO] after prerpocess: 20962
[Open3D INFO] reg_result.fitness: 0.965509, eva fitness: 0.978819
[INFO] [1773652155.798047840]: localization cost: 1042.636000 ms
[Open3D INFO] 

time_diff:1.04272 s, localization right now
[Open3D INFO] before sample, target size: 891945, has normal: true
[Open3D INFO] after sample, target size: 400000, has normal: true
[Open3D INFO] source size: 28401, maxpoints_source_: 80000
[Open3D INFO] source size after voxel downsample: 21636
[Open3D INFO] after prerpocess: 21636
[Open3D INFO] reg_result.fitness: 0.963579, eva fitness: 0.981882
[INFO] [1773652156.843763534]: localization cost: 1045.607000 ms
[Open3D INFO] 

time_diff:1.04571 s, localization right now
[Open3D INFO] before sample, target size: 891945, has normal: true
[Open3D INFO] after sample, target size: 400000, has normal: true
[Open3D INFO] source size: 28290, maxpoints_source_: 80000
[Open3D INFO] source size after voxel downsample: 21256
[Open3D INFO] after prerpocess: 21256
[Open3D INFO] reg_result.fitness: 0.966457, eva fitness: 0.984099
[INFO] [1773652157.847851698]: localization cost: 1003.978000 ms
[Open3D INFO] 

time_diff:1.00408 s, localization right now
[Open3D INFO] before sample, target size: 891945, has normal: true
[Open3D INFO] after sample, target size: 400000, has normal: true
[Open3D INFO] source size: 28187, maxpoints_source_: 80000
[Open3D INFO] source size after voxel downsample: 21401
[Open3D INFO] after prerpocess: 21401
[Open3D INFO] reg_result.fitness: 0.973366, eva fitness: 0.991916
[INFO] [1773652158.870951321]: localization cost: 1023.002000 ms
[Open3D INFO] 

time_diff:1.02308 s, localization right now
[Open3D INFO] before sample, target size: 891945, has normal: true
[Open3D INFO] after sample, target size: 400000, has normal: true
[Open3D INFO] source size: 28136, maxpoints_source_: 80000
[Open3D INFO] source size after voxel downsample: 21184
[Open3D INFO] after prerpocess: 21184
[Open3D INFO] reg_result.fitness: 0.978097, eva fitness: 0.994005
[INFO] [1773652159.913141582]: localization cost: 1042.074000 ms
[Open3D INFO] 

time_diff:1.04218 s, localization right now
[Open3D INFO] before sample, target size: 891945, has normal: true
[Open3D INFO] after sample, target size: 400000, has normal: true
[Open3D INFO] source size: 28066, maxpoints_source_: 80000
[Open3D INFO] source size after voxel downsample: 21619
[Open3D INFO] after prerpocess: 21619
[Open3D INFO] reg_result.fitness: 0.98122, eva fitness: 0.995791
[INFO] [1773652160.891318492]: localization cost: 978.082000 ms
[Open3D INFO] 

time_diff:0.978168 s, localization right now
[Open3D INFO] before sample, target size: 891945, has normal: true
[Open3D INFO] after sample, target size: 400000, has normal: true
[Open3D INFO] source size: 28101, maxpoints_source_: 80000
[Open3D INFO] source size after voxel downsample: 21633
[Open3D INFO] after prerpocess: 21633
[Open3D INFO] reg_result.fitness: 0.98359, eva fitness: 0.997458
[INFO] [1773652161.921646224]: localization cost: 1030.222000 ms
[Open3D INFO] 

time_diff:1.03034 s, localization right now
[Open3D INFO] before sample, target size: 891945, has normal: true
[Open3D INFO] after sample, target size: 400000, has normal: true
[Open3D INFO] source size: 26835, maxpoints_source_: 80000
[Open3D INFO] source size after voxel downsample: 21353
[Open3D INFO] after prerpocess: 21353
[Open3D INFO] reg_result.fitness: 0.979019, eva fitness: 0.997518
[INFO] [1773652162.955893406]: localization cost: 1034.122000 ms
[Open3D INFO] 

time_diff:1.03428 s, localization right now
[Open3D INFO] before sample, target size: 891945, has normal: true
[Open3D INFO] after sample, target size: 400000, has normal: true
[Open3D INFO] source size: 25412, maxpoints_source_: 80000
[Open3D INFO] source size after voxel downsample: 20209
[Open3D INFO] after prerpocess: 20209
[Open3D INFO] reg_result.fitness: 0.975951, eva fitness: 0.994606
[INFO] [1773652164.004965479]: localization cost: 1048.868000 ms
[Open3D INFO] 

time_diff:1.04896 s, localization right now
[Open3D INFO] before sample, target size: 891945, has normal: true
[Open3D INFO] after sample, target size: 400000, has normal: true
[Open3D INFO] source size: 23618, maxpoints_source_: 80000
[Open3D INFO] source size after voxel downsample: 18720
[Open3D INFO] after prerpocess: 18720
[Open3D INFO] reg_result.fitness: 0.982853, eva fitness: 0.994444
[INFO] [1773652165.073015592]: localization cost: 1067.924000 ms
[Open3D INFO] 

time_diff:1.06806 s, localization right now
[Open3D INFO] before sample, target size: 891945, has normal: true
[Open3D INFO] after sample, target size: 400000, has normal: true
[Open3D INFO] source size: 23605, maxpoints_source_: 80000
[Open3D INFO] source size after voxel downsample: 18088
[Open3D INFO] after prerpocess: 18088
[Open3D INFO] reg_result.fitness: 0.985073, eva fitness: 0.992039
[INFO] [1773652166.278740438]: localization cost: 1205.595000 ms
[Open3D INFO] 

time_diff:1.20570 s, localization right now
[Open3D INFO] before sample, target size: 891945, has normal: true
[Open3D INFO] after sample, target size: 400000, has normal: true
[Open3D INFO] source size: 23530, maxpoints_source_: 80000
[Open3D INFO] source size after voxel downsample: 18015
[Open3D INFO] after prerpocess: 18015
[Open3D INFO] reg_result.fitness: 0.985124, eva fitness: 0.992229
[INFO] [1773652167.512953016]: localization cost: 1234.097000 ms
[Open3D INFO] 

time_diff:1.23421 s, localization right now
[Open3D INFO] before sample, target size: 891945, has normal: true
[Open3D INFO] after sample, target size: 400000, has normal: true
[Open3D INFO] source size: 24777, maxpoints_source_: 80000
[Open3D INFO] source size after voxel downsample: 19008
[Open3D INFO] after prerpocess: 19008
[Open3D INFO] reg_result.fitness: 0.98811, eva fitness: 0.994371
[INFO] [1773652168.592343728]: localization cost: 1079.116000 ms
[Open3D INFO] 

time_diff:1.0792 s, localization right now
[Open3D INFO] before sample, target size: 891945, has normal: true
[Open3D INFO] after sample, target size: 400000, has normal: true
[Open3D INFO] source size: 24855, maxpoints_source_: 80000
[Open3D INFO] source size after voxel downsample: 18250
[Open3D INFO] after prerpocess: 18250
[Open3D INFO] reg_result.fitness: 0.986137, eva fitness: 0.994685
[INFO] [1773652169.595892813]: localization cost: 1003.446000 ms
[Open3D INFO] 

time_diff:1.00354 s, localization right now
[Open3D INFO] before sample, target size: 891945, has normal: true
[Open3D INFO] after sample, target size: 400000, has normal: true
[Open3D INFO] source size: 25295, maxpoints_source_: 80000
[Open3D INFO] source size after voxel downsample: 17418
[Open3D INFO] after prerpocess: 17418
[Open3D INFO] reg_result.fitness: 0.986968, eva fitness: 0.995981
[INFO] [1773652170.633904758]: localization cost: 1037.907000 ms
[Open3D INFO] 

time_diff:1.03801 s, localization right now
[Open3D INFO] before sample, target size: 891945, has normal: true
[Open3D INFO] after sample, target size: 400000, has normal: true
[Open3D INFO] source size: 25645, maxpoints_source_: 80000
[Open3D INFO] source size after voxel downsample: 17519
[Open3D INFO] after prerpocess: 17519
[Open3D INFO] reg_result.fitness: 0.983675, eva fitness: 0.995662
[INFO] [1773652171.644301811]: localization cost: 1010.171000 ms
[Open3D INFO] 

time_diff:1.01026 s, localization right now
[Open3D INFO] before sample, target size: 891945, has normal: true
[Open3D INFO] after sample, target size: 400000, has normal: true
[Open3D INFO] source size: 25415, maxpoints_source_: 80000
[Open3D INFO] source size after voxel downsample: 17079
[Open3D INFO] after prerpocess: 17079
[Open3D INFO] reg_result.fitness: 0.984894, eva fitness: 0.994847
[INFO] [1773652172.634394842]: localization cost: 989.987000 ms
[Open3D INFO] 

time_diff:0.990083 s, localization right now
[Open3D INFO] before sample, target size: 891945, has normal: true
[Open3D INFO] after sample, target size: 400000, has normal: true
[Open3D INFO] source size: 25210, maxpoints_source_: 80000
[Open3D INFO] source size after voxel downsample: 17541
[Open3D INFO] after prerpocess: 17541
[Open3D INFO] reg_result.fitness: 0.976683, eva fitness: 0.992361
[INFO] [1773652173.921487462]: localization cost: 1286.363000 ms
[Open3D INFO] 

time_diff:1.28649 s, localization right now
[Open3D INFO] before sample, target size: 891945, has normal: true
[Open3D INFO] after sample, target size: 400000, has normal: true
[Open3D INFO] source size: 24763, maxpoints_source_: 80000
[Open3D INFO] source size after voxel downsample: 18259
[Open3D INFO] after prerpocess: 18259
[Open3D INFO] reg_result.fitness: 0.988389, eva fitness: 0.993264
[INFO] [1773652175.034584582]: localization cost: 1112.978000 ms
[Open3D INFO] 

time_diff:1.11308 s, localization right now
[Open3D INFO] before sample, target size: 891945, has normal: true
[Open3D INFO] after sample, target size: 400000, has normal: true
[Open3D INFO] source size: 24716, maxpoints_source_: 80000
[Open3D INFO] source size after voxel downsample: 19266
[Open3D INFO] after prerpocess: 19266
[Open3D INFO] reg_result.fitness: 0.986712, eva fitness: 0.99211
[INFO] [1773652176.229419319]: localization cost: 1194.025000 ms
[Open3D INFO] 

time_diff:1.19413 s, localization right now
[Open3D INFO] before sample, target size: 891945, has normal: true
[Open3D INFO] after sample, target size: 400000, has normal: true
[Open3D INFO] source size: 26618, maxpoints_source_: 80000
[Open3D INFO] source size after voxel downsample: 20562
[Open3D INFO] after prerpocess: 20562
[Open3D INFO] reg_result.fitness: 0.982443, eva fitness: 0.994553
[INFO] [1773652177.489779904]: localization cost: 1260.244000 ms
[Open3D INFO] 

time_diff:1.26035 s, localization right now
[Open3D INFO] before sample, target size: 891945, has normal: true
[Open3D INFO] after sample, target size: 400000, has normal: true
[Open3D INFO] source size: 26904, maxpoints_source_: 80000
[Open3D INFO] source size after voxel downsample: 20564
[Open3D INFO] after prerpocess: 20564
[Open3D INFO] reg_result.fitness: 0.986335, eva fitness: 0.99752
[INFO] [1773652178.666316664]: localization cost: 1176.428000 ms
[Open3D INFO] 

time_diff:1.17653 s, localization right now
[Open3D INFO] before sample, target size: 891945, has normal: true
[Open3D INFO] after sample, target size: 400000, has normal: true
[Open3D INFO] source size: 27961, maxpoints_source_: 80000
[Open3D INFO] source size after voxel downsample: 20664
[Open3D INFO] after prerpocess: 20664
[Open3D INFO] reg_result.fitness: 0.982869, eva fitness: 0.995887
[INFO] [1773652179.765208448]: localization cost: 1098.773000 ms
[Open3D INFO] 

time_diff:1.09894 s, localization right now
[Open3D INFO] before sample, target size: 891945, has normal: true
[Open3D INFO] after sample, target size: 400000, has normal: true
[Open3D INFO] source size: 26163, maxpoints_source_: 80000
[Open3D INFO] source size after voxel downsample: 18328
[Open3D INFO] after prerpocess: 18328
[Open3D INFO] reg_result.fitness: 0.960607, eva fitness: 0.980958
[INFO] [1773652180.968087401]: localization cost: 1202.697000 ms
[Open3D INFO] 

time_diff:1.20282 s, localization right now
[Open3D INFO] before sample, target size: 891945, has normal: true
[Open3D INFO] after sample, target size: 400000, has normal: true
[Open3D INFO] source size: 26424, maxpoints_source_: 80000
[Open3D INFO] source size after voxel downsample: 18188
[Open3D INFO] after prerpocess: 18188
[Open3D INFO] reg_result.fitness: 0.968221, eva fitness: 0.984935
[INFO] [1773652182.041314177]: localization cost: 1072.966000 ms
[Open3D INFO] 

time_diff:1.07306 s, localization right now
[Open3D INFO] before sample, target size: 891945, has normal: true
[Open3D INFO] after sample, target size: 400000, has normal: true
[Open3D INFO] source size: 27275, maxpoints_source_: 80000
[Open3D INFO] source size after voxel downsample: 18342
[Open3D INFO] after prerpocess: 18342
[Open3D INFO] reg_result.fitness: 0.952731, eva fitness: 0.978029
[INFO] [1773652183.056091658]: localization cost: 1014.680000 ms
[Open3D INFO] 

time_diff:1.01477 s, localization right now
[Open3D INFO] before sample, target size: 891945, has normal: true
[Open3D INFO] after sample, target size: 400000, has normal: true
[Open3D INFO] source size: 27919, maxpoints_source_: 80000
[Open3D INFO] source size after voxel downsample: 17728
[Open3D INFO] after prerpocess: 17728
[Open3D INFO] reg_result.fitness: 0.940602, eva fitness: 0.971401
[INFO] [1773652184.180332469]: localization cost: 1124.109000 ms
[Open3D INFO] 

time_diff:1.12426 s, localization right now
[Open3D INFO] before sample, target size: 891945, has normal: true
[Open3D INFO] after sample, target size: 400000, has normal: true
[Open3D INFO] source size: 26767, maxpoints_source_: 80000
[Open3D INFO] source size after voxel downsample: 15173
[Open3D INFO] after prerpocess: 15173
[Open3D INFO] reg_result.fitness: 0.943123, eva fitness: 0.966322
[INFO] [1773652185.324462081]: localization cost: 1143.851000 ms
[Open3D INFO] 

time_diff:1.14395 s, localization right now
[Open3D INFO] before sample, target size: 891945, has normal: true
[Open3D INFO] after sample, target size: 400000, has normal: true
[Open3D INFO] source size: 28989, maxpoints_source_: 80000
[Open3D INFO] source size after voxel downsample: 16049
[Open3D INFO] after prerpocess: 16049
[Open3D INFO] reg_result.fitness: 0.947473, eva fitness: 0.965356
[INFO] [1773652186.299243868]: localization cost: 974.678000 ms
[Open3D INFO] 

time_diff:0.974772 s, localization right now
[Open3D INFO] before sample, target size: 891945, has normal: true
[Open3D INFO] after sample, target size: 400000, has normal: true
[Open3D INFO] source size: 30374, maxpoints_source_: 80000
[Open3D INFO] source size after voxel downsample: 18301
[Open3D INFO] after prerpocess: 18301
[Open3D INFO] reg_result.fitness: 0.938692, eva fitness: 0.96257
[INFO] [1773652187.343666193]: localization cost: 1044.322000 ms
[Open3D INFO] 

time_diff:1.04441 s, localization right now
[Open3D INFO] 
***
****
***


last map update loc: x: 7.87225, y: 0.433933, z1.93915,
                now loc: x: 4.0519, y: 0.200910, z0.584678, 3d distance: 4.06004, now needpdate submap
[INFO] [1773652187.412694062]: submap_cost: 68.676000 ms
[Open3D INFO] before sample, target size: 847672, has normal: true
[Open3D INFO] after sample, target size: 400000, has normal: true
[Open3D INFO] source size: 31405, maxpoints_source_: 80000
[Open3D INFO] source size after voxel downsample: 17117
[Open3D INFO] after prerpocess: 17117
[Open3D INFO] reg_result.fitness: 0.928901, eva fitness: 0.954081
[INFO] [1773652188.426190012]: localization cost: 1082.422000 ms
[Open3D INFO] 

time_diff:1.08252 s, localization right now
[Open3D INFO] before sample, target size: 847672, has normal: true
[Open3D INFO] after sample, target size: 400000, has normal: true
[Open3D INFO] source size: 25714, maxpoints_source_: 80000
[Open3D INFO] source size after voxel downsample: 14483
[Open3D INFO] after prerpocess: 14483
[Open3D INFO] reg_result.fitness: 0.971967, eva fitness: 0.986743
[INFO] [1773652189.433960510]: localization cost: 1007.651000 ms
[Open3D INFO] 

time_diff:1.00776 s, localization right now
[Open3D INFO] before sample, target size: 847672, has normal: true
[Open3D INFO] after sample, target size: 400000, has normal: true
[Open3D INFO] source size: 24488, maxpoints_source_: 80000
[Open3D INFO] source size after voxel downsample: 14057
[Open3D INFO] after prerpocess: 14057
[Open3D INFO] reg_result.fitness: 0.946148, eva fitness: 0.969695
[INFO] [1773652190.446414267]: localization cost: 1012.219000 ms
[Open3D INFO] 

time_diff:1.01232 s, localization right now
[Open3D INFO] before sample, target size: 847672, has normal: true
[Open3D INFO] after sample, target size: 400000, has normal: true
[Open3D INFO] source size: 33155, maxpoints_source_: 80000
[Open3D INFO] source size after voxel downsample: 17009
[Open3D INFO] after prerpocess: 17009
[Open3D INFO] reg_result.fitness: 0.915986, eva fitness: 0.950497
[INFO] [1773652191.614621326]: localization cost: 1168.094000 ms
[Open3D INFO] 

time_diff:1.1682 s, localization right now
[Open3D INFO] before sample, target size: 847672, has normal: true
[Open3D INFO] after sample, target size: 400000, has normal: true
[Open3D INFO] source size: 34289, maxpoints_source_: 80000
[Open3D INFO] source size after voxel downsample: 17432
[Open3D INFO] after prerpocess: 17432
[Open3D INFO] reg_result.fitness: 0.897832, eva fitness: 0.937414
[INFO] [1773652192.652312199]: localization cost: 1037.576000 ms
[Open3D INFO] 

time_diff:1.03768 s, localization right now
[Open3D INFO] before sample, target size: 847672, has normal: true
[Open3D INFO] after sample, target size: 400000, has normal: true
[Open3D INFO] source size: 33275, maxpoints_source_: 80000
[Open3D INFO] source size after voxel downsample: 16440
[Open3D INFO] after prerpocess: 16440
[Open3D INFO] reg_result.fitness: 0.892579, eva fitness: 0.928832
[INFO] [1773652193.661132571]: localization cost: 1008.587000 ms
[Open3D INFO] 

time_diff:1.00870 s, localization right now
[Open3D INFO] before sample, target size: 847672, has normal: true
[Open3D INFO] after sample, target size: 400000, has normal: true
[Open3D INFO] source size: 33215, maxpoints_source_: 80000
[Open3D INFO] source size after voxel downsample: 16926
[Open3D INFO] after prerpocess: 16926
[Open3D INFO] reg_result.fitness: 0.88751, eva fitness: 0.92225
[INFO] [1773652194.605185913]: localization cost: 943.817000 ms
[Open3D INFO] 

time_diff:0.944133 s, localization right now
[Open3D INFO] before sample, target size: 847672, has normal: true
[Open3D INFO] after sample, target size: 400000, has normal: true
[Open3D INFO] source size: 32717, maxpoints_source_: 80000
[Open3D INFO] source size after voxel downsample: 17935
[Open3D INFO] after prerpocess: 17935
[Open3D INFO] reg_result.fitness: 0.880178, eva fitness: 0.913967
[INFO] [1773652195.787593123]: localization cost: 1182.059000 ms
[Open3D INFO] 

time_diff:1.18218 s, localization right now
[Open3D INFO] before sample, target size: 847672, has normal: true
[Open3D INFO] after sample, target size: 400000, has normal: true
[Open3D INFO] source size: 33623, maxpoints_source_: 80000
[Open3D INFO] source size after voxel downsample: 18821
[Open3D INFO] after prerpocess: 18821
[Open3D INFO] reg_result.fitness: 0.890548, eva fitness: 0.921789
[INFO] [1773652196.902808711]: localization cost: 1114.916000 ms
[Open3D INFO] 

time_diff:1.11502 s, localization right now
[Open3D INFO] before sample, target size: 847672, has normal: true
[Open3D INFO] after sample, target size: 400000, has normal: true
[Open3D INFO] source size: 34042, maxpoints_source_: 80000
[Open3D INFO] source size after voxel downsample: 18283
[Open3D INFO] after prerpocess: 18283
[Open3D INFO] reg_result.fitness: 0.891265, eva fitness: 0.928458
[INFO] [1773652198.089993138]: localization cost: 1187.073000 ms
[Open3D INFO] 

time_diff:1.18718 s, localization right now
[Open3D INFO] before sample, target size: 847672, has normal: true
[Open3D INFO] after sample, target size: 400000, has normal: true
[Open3D INFO] source size: 34381, maxpoints_source_: 80000
[Open3D INFO] source size after voxel downsample: 17751
[Open3D INFO] after prerpocess: 17751
[Open3D INFO] reg_result.fitness: 0.909808, eva fitness: 0.943778
[INFO] [1773652199.342631857]: localization cost: 1252.533000 ms
[Open3D INFO] 

time_diff:1.25262 s, localization right now
[Open3D INFO] before sample, target size: 847672, has normal: true
[Open3D INFO] after sample, target size: 400000, has normal: true
[Open3D INFO] source size: 33956, maxpoints_source_: 80000
[Open3D INFO] source size after voxel downsample: 16962
[Open3D INFO] after prerpocess: 16962
[Open3D INFO] reg_result.fitness: 0.911803, eva fitness: 0.946999
[INFO] [1773652200.551256327]: localization cost: 1208.505000 ms
[Open3D INFO] 

time_diff:1.20863 s, localization right now
[Open3D INFO] before sample, target size: 847672, has normal: true
[Open3D INFO] after sample, target size: 400000, has normal: true
[Open3D INFO] source size: 33242, maxpoints_source_: 80000
[Open3D INFO] source size after voxel downsample: 17304
[Open3D INFO] after prerpocess: 17304
[Open3D INFO] reg_result.fitness: 0.925624, eva fitness: 0.952901
[INFO] [1773652201.815560872]: localization cost: 1263.991000 ms
[Open3D INFO] 

time_diff:1.26414 s, localization right now
[Open3D INFO] before sample, target size: 847672, has normal: true
[Open3D INFO] after sample, target size: 400000, has normal: true
[Open3D INFO] source size: 32252, maxpoints_source_: 80000
[Open3D INFO] source size after voxel downsample: 17237
[Open3D INFO] after prerpocess: 17237
[Open3D INFO] reg_result.fitness: 0.928874, eva fitness: 0.957243
[INFO] [1773652202.877602165]: localization cost: 1061.914000 ms
[Open3D INFO] 

time_diff:1.06227 s, localization right now
[Open3D INFO] before sample, target size: 847672, has normal: true
[Open3D INFO] after sample, target size: 400000, has normal: true
[Open3D INFO] source size: 33153, maxpoints_source_: 80000
[Open3D INFO] source size after voxel downsample: 17009
[Open3D INFO] after prerpocess: 17009
[Open3D INFO] reg_result.fitness: 0.931095, eva fitness: 0.952672
[INFO] [1773652203.886979714]: localization cost: 1008.802000 ms
[Open3D INFO] 

time_diff:1.00895 s, localization right now
[Open3D INFO] before sample, target size: 847672, has normal: true
[Open3D INFO] after sample, target size: 400000, has normal: true
[Open3D INFO] source size: 32235, maxpoints_source_: 80000
[Open3D INFO] source size after voxel downsample: 18603
[Open3D INFO] after prerpocess: 18603
[Open3D INFO] reg_result.fitness: 0.910230, eva fitness: 0.939902
[INFO] [1773652204.898727999]: localization cost: 1011.397000 ms
[Open3D INFO] 

time_diff:1.01151 s, localization right now
[Open3D INFO] before sample, target size: 847672, has normal: true
[Open3D INFO] after sample, target size: 400000, has normal: true
[Open3D INFO] source size: 32530, maxpoints_source_: 80000
[Open3D INFO] source size after voxel downsample: 19195
[Open3D INFO] after prerpocess: 19195
[Open3D INFO] reg_result.fitness: 0.920031, eva fitness: 0.950039
[INFO] [1773652206.146165899]: localization cost: 1247.203000 ms
[Open3D INFO] 

time_diff:1.2473 s, localization right now
[Open3D INFO] before sample, target size: 847672, has normal: true
[Open3D INFO] after sample, target size: 400000, has normal: true
[Open3D INFO] source size: 29801, maxpoints_source_: 80000
[Open3D INFO] source size after voxel downsample: 16197
[Open3D INFO] after prerpocess: 16197
[Open3D INFO] reg_result.fitness: 0.961721, eva fitness: 0.977588
[INFO] [1773652207.501723769]: localization cost: 1355.285000 ms
[Open3D INFO] 

time_diff:1.35539 s, localization right now
[Open3D INFO] before sample, target size: 847672, has normal: true
[Open3D INFO] after sample, target size: 400000, has normal: true
[Open3D INFO] source size: 29423, maxpoints_source_: 80000
[Open3D INFO] source size after voxel downsample: 15106
[Open3D INFO] after prerpocess: 15106
[Open3D INFO] reg_result.fitness: 0.964981, eva fitness: 0.97352
[INFO] [1773652208.581511108]: localization cost: 1079.529000 ms
[Open3D INFO] 

time_diff:1.07962 s, localization right now
[Open3D INFO] before sample, target size: 847672, has normal: true
[Open3D INFO] after sample, target size: 400000, has normal: true
[Open3D INFO] source size: 31282, maxpoints_source_: 80000
[Open3D INFO] source size after voxel downsample: 14911
[Open3D INFO] after prerpocess: 14911
[Open3D INFO] reg_result.fitness: 0.952049, eva fitness: 0.962511
[INFO] [1773652209.580301698]: localization cost: 998.518000 ms
[Open3D INFO] 

time_diff:0.999205 s, localization right now
[Open3D INFO] before sample, target size: 847672, has normal: true
[Open3D INFO] after sample, target size: 400000, has normal: true
[Open3D INFO] source size: 30136, maxpoints_source_: 80000
[Open3D INFO] source size after voxel downsample: 16431
[Open3D INFO] after prerpocess: 16431
[Open3D INFO] reg_result.fitness: 0.950581, eva fitness: 0.964701
[INFO] [1773652210.699960182]: localization cost: 1118.792000 ms
[Open3D INFO] 

time_diff:1.11889 s, localization right now
[Open3D INFO] before sample, target size: 847672, has normal: true
[Open3D INFO] after sample, target size: 400000, has normal: true
[Open3D INFO] source size: 28066, maxpoints_source_: 80000
[Open3D INFO] source size after voxel downsample: 16656
[Open3D INFO] after prerpocess: 16656
[Open3D INFO] reg_result.fitness: 0.956112, eva fitness: 0.977125
[INFO] [1773652211.830190488]: localization cost: 1130.002000 ms
[Open3D INFO] 

time_diff:1.13011 s, localization right now
[Open3D INFO] before sample, target size: 847672, has normal: true
[Open3D INFO] after sample, target size: 400000, has normal: true
[Open3D INFO] source size: 28185, maxpoints_source_: 80000
[Open3D INFO] source size after voxel downsample: 16279
[Open3D INFO] after prerpocess: 16279
[Open3D INFO] reg_result.fitness: 0.970698, eva fitness: 0.98194
[INFO] [1773652213.035727165]: localization cost: 1205.426000 ms
[Open3D INFO] 

time_diff:1.20552 s, localization right now
[Open3D INFO] before sample, target size: 847672, has normal: true
[Open3D INFO] after sample, target size: 400000, has normal: true
[Open3D INFO] source size: 28813, maxpoints_source_: 80000
[Open3D INFO] source size after voxel downsample: 16462
[Open3D INFO] after prerpocess: 16462
[Open3D INFO] reg_result.fitness: 0.966468, eva fitness: 0.979103
[INFO] [1773652214.209187077]: localization cost: 1173.348000 ms
[Open3D INFO] 

time_diff:1.17345 s, localization right now
[Open3D INFO] before sample, target size: 847672, has normal: true
[Open3D INFO] after sample, target size: 400000, has normal: true
[Open3D INFO] source size: 28510, maxpoints_source_: 80000
[Open3D INFO] source size after voxel downsample: 15983
[Open3D INFO] after prerpocess: 15983
[Open3D INFO] reg_result.fitness: 0.961772, eva fitness: 0.975099
[INFO] [1773652215.363558800]: localization cost: 1154.257000 ms
[Open3D INFO] 

time_diff:1.15436 s, localization right now
[Open3D INFO] before sample, target size: 847672, has normal: true
[Open3D INFO] after sample, target size: 400000, has normal: true
[Open3D INFO] source size: 28805, maxpoints_source_: 80000
[Open3D INFO] source size after voxel downsample: 13537
[Open3D INFO] after prerpocess: 13537
[Open3D INFO] reg_result.fitness: 0.961735, eva fitness: 0.972889
[INFO] [1773652216.565752985]: localization cost: 1202.086000 ms
[Open3D INFO] 

time_diff:1.20218 s, localization right now
[Open3D INFO] before sample, target size: 847672, has normal: true
[Open3D INFO] after sample, target size: 400000, has normal: true
[Open3D INFO] source size: 28425, maxpoints_source_: 80000
[Open3D INFO] source size after voxel downsample: 12844
[Open3D INFO] after prerpocess: 12844
[Open3D INFO] reg_result.fitness: 0.958268, eva fitness: 0.96948
[INFO] [1773652217.546498891]: localization cost: 980.644000 ms
[Open3D INFO] 

time_diff:0.980737 s, localization right now
[Open3D INFO] before sample, target size: 847672, has normal: true
[Open3D INFO] after sample, target size: 400000, has normal: true
[Open3D INFO] source size: 28248, maxpoints_source_: 80000
[Open3D INFO] source size after voxel downsample: 12903
[Open3D INFO] after prerpocess: 12903
[Open3D INFO] reg_result.fitness: 0.961792, eva fitness: 0.972875
[INFO] [1773652218.556177062]: localization cost: 1009.567000 ms
[Open3D INFO] 

time_diff:1.00968 s, localization right now
[Open3D INFO] before sample, target size: 847672, has normal: true
[Open3D INFO] after sample, target size: 400000, has normal: true
[Open3D INFO] source size: 28281, maxpoints_source_: 80000
[Open3D INFO] source size after voxel downsample: 12783
[Open3D INFO] after prerpocess: 12783
[Open3D INFO] reg_result.fitness: 0.958382, eva fitness: 0.968787
[INFO] [1773652219.597972896]: localization cost: 1041.672000 ms
[Open3D INFO] 

time_diff:1.04179 s, localization right now
[Open3D INFO] before sample, target size: 847672, has normal: true
[Open3D INFO] after sample, target size: 400000, has normal: true
[Open3D INFO] source size: 28768, maxpoints_source_: 80000
[Open3D INFO] source size after voxel downsample: 13323
[Open3D INFO] after prerpocess: 13323
[Open3D INFO] reg_result.fitness: 0.94866, eva fitness: 0.964723
[INFO] [1773652220.707604703]: localization cost: 1109.517000 ms
[Open3D INFO] 

time_diff:1.10961 s, localization right now
[Open3D INFO] before sample, target size: 847672, has normal: true
[Open3D INFO] after sample, target size: 400000, has normal: true
[Open3D INFO] source size: 28254, maxpoints_source_: 80000
[Open3D INFO] source size after voxel downsample: 15206
[Open3D INFO] after prerpocess: 15206
[Open3D INFO] reg_result.fitness: 0.964093, eva fitness: 0.972708
[INFO] [1773652221.958200927]: localization cost: 1250.270000 ms
[Open3D INFO] 

time_diff:1.25046 s, localization right now
[Open3D INFO] before sample, target size: 847672, has normal: true
[Open3D INFO] after sample, target size: 400000, has normal: true
[Open3D INFO] source size: 27611, maxpoints_source_: 80000
[Open3D INFO] source size after voxel downsample: 16775
[Open3D INFO] after prerpocess: 16775
[Open3D INFO] reg_result.fitness: 0.965306, eva fitness: 0.975857
[INFO] [1773652223.432826447]: localization cost: 1474.314000 ms
[Open3D INFO] 

time_diff:1.47441 s, localization right now
[Open3D INFO] 
***
****
***


last map update loc: x: 4.0519, y: 0.200910, z0.584678,
                now loc: x: 7.38915, y: 0.582906, z1.86916, 3d distance: 3.59625, now needpdate submap
[INFO] [1773652223.523514304]: submap_cost: 90.392000 ms
[Open3D INFO] before sample, target size: 899630, has normal: true
[Open3D INFO] after sample, target size: 400000, has normal: true
[Open3D INFO] source size: 23759, maxpoints_source_: 80000
[Open3D INFO] source size after voxel downsample: 14458
[Open3D INFO] after prerpocess: 14458
[Open3D INFO] reg_result.fitness: 0.96182, eva fitness: 0.974201
[INFO] [1773652224.745727793]: localization cost: 1312.800000 ms
[Open3D INFO] 

time_diff:1.31289 s, localization right now
[Open3D INFO] before sample, target size: 899630, has normal: true
[Open3D INFO] after sample, target size: 400000, has normal: true
[Open3D INFO] source size: 26723, maxpoints_source_: 80000
[Open3D INFO] source size after voxel downsample: 17512
[Open3D INFO] after prerpocess: 17512
[Open3D INFO] reg_result.fitness: 0.969621, eva fitness: 0.979785
[INFO] [1773652225.768789535]: localization cost: 1022.957000 ms
[Open3D INFO] 

time_diff:1.02305 s, localization right now
[Open3D INFO] before sample, target size: 899630, has normal: true
[Open3D INFO] after sample, target size: 400000, has normal: true
[Open3D INFO] source size: 28550, maxpoints_source_: 80000
[Open3D INFO] source size after voxel downsample: 19820
[Open3D INFO] after prerpocess: 19820
[Open3D INFO] reg_result.fitness: 0.968668, eva fitness: 0.97891
[INFO] [1773652227.108310974]: localization cost: 1339.396000 ms
[Open3D INFO] 

time_diff:1.33953 s, localization right now
[Open3D INFO] before sample, target size: 899630, has normal: true
[Open3D INFO] after sample, target size: 400000, has normal: true
[Open3D INFO] source size: 28278, maxpoints_source_: 80000
[Open3D INFO] source size after voxel downsample: 19656
[Open3D INFO] after prerpocess: 19656
[Open3D INFO] reg_result.fitness: 0.980667, eva fitness: 0.990435
[INFO] [1773652228.328351754]: localization cost: 1219.753000 ms
[Open3D INFO] 

time_diff:1.21985 s, localization right now
[Open3D INFO] before sample, target size: 899630, has normal: true
[Open3D INFO] after sample, target size: 400000, has normal: true
[Open3D INFO] source size: 28452, maxpoints_source_: 80000
[Open3D INFO] source size after voxel downsample: 20152
[Open3D INFO] after prerpocess: 20152
[Open3D INFO] reg_result.fitness: 0.971417, eva fitness: 0.988537
[INFO] [1773652229.767371729]: localization cost: 1438.903000 ms
[Open3D INFO] 

time_diff:1.43901 s, localization right now
[Open3D INFO] before sample, target size: 899630, has normal: true
[Open3D INFO] after sample, target size: 400000, has normal: true
[Open3D INFO] source size: 28608, maxpoints_source_: 80000
[Open3D INFO] source size after voxel downsample: 20295
[Open3D INFO] after prerpocess: 20295
[Open3D INFO] reg_result.fitness: 0.97556, eva fitness: 0.986056
[INFO] [1773652231.073109405]: localization cost: 1305.625000 ms
[Open3D INFO] 

time_diff:1.30572 s, localization right now
[Open3D INFO] before sample, target size: 899630, has normal: true
[Open3D INFO] after sample, target size: 400000, has normal: true
[Open3D INFO] source size: 28304, maxpoints_source_: 80000
[Open3D INFO] source size after voxel downsample: 20191
[Open3D INFO] after prerpocess: 20191
[Open3D INFO] reg_result.fitness: 0.97593, eva fitness: 0.985934
[INFO] [1773652232.011562369]: localization cost: 938.337000 ms
[Open3D INFO] 

time_diff:0.938465 s, localization right now
[Open3D INFO] before sample, target size: 899630, has normal: true
[Open3D INFO] after sample, target size: 400000, has normal: true
[Open3D INFO] source size: 28713, maxpoints_source_: 80000
[Open3D INFO] source size after voxel downsample: 20268
[Open3D INFO] after prerpocess: 20268
[Open3D INFO] reg_result.fitness: 0.970397, eva fitness: 0.981942
[INFO] [1773652233.041897089]: localization cost: 1030.203000 ms
[Open3D INFO] 

time_diff:1.03031 s, localization right now
[Open3D INFO] before sample, target size: 899630, has normal: true
[Open3D INFO] after sample, target size: 400000, has normal: true
[Open3D INFO] source size: 28808, maxpoints_source_: 80000
[Open3D INFO] source size after voxel downsample: 20359
[Open3D INFO] after prerpocess: 20359
[Open3D INFO] reg_result.fitness: 0.972592, eva fitness: 0.985068
[INFO] [1773652234.207606544]: localization cost: 1165.595000 ms
[Open3D INFO] 

time_diff:1.16569 s, localization right now
[Open3D INFO] before sample, target size: 899630, has normal: true
[Open3D INFO] after sample, target size: 400000, has normal: true
[Open3D INFO] source size: 28712, maxpoints_source_: 80000
[Open3D INFO] source size after voxel downsample: 20286
[Open3D INFO] after prerpocess: 20286
[Open3D INFO] reg_result.fitness: 0.978902, eva fitness: 0.987676
[INFO] [1773652235.705078307]: localization cost: 1497.355000 ms
[Open3D INFO] 

time_diff:1.49747 s, localization right now
[Open3D INFO] before sample, target size: 899630, has normal: true
[Open3D INFO] after sample, target size: 400000, has normal: true
[Open3D INFO] source size: 28779, maxpoints_source_: 80000
[Open3D INFO] source size after voxel downsample: 20784
[Open3D INFO] after prerpocess: 20784
[Open3D INFO] reg_result.fitness: 0.970843, eva fitness: 0.988164
[INFO] [1773652236.725024057]: localization cost: 1019.625000 ms
[Open3D INFO] 

time_diff:1.01975 s, localization right now
[Open3D INFO] before sample, target size: 899630, has normal: true
[Open3D INFO] after sample, target size: 400000, has normal: true
[Open3D INFO] source size: 28311, maxpoints_source_: 80000
[Open3D INFO] source size after voxel downsample: 20476
[Open3D INFO] after prerpocess: 20476
[Open3D INFO] reg_result.fitness: 0.977535, eva fitness: 0.989988
[INFO] [1773652237.716446646]: localization cost: 991.177000 ms
[Open3D INFO] 

time_diff:0.991267 s, localization right now
[Open3D INFO] before sample, target size: 899630, has normal: true
[Open3D INFO] after sample, target size: 400000, has normal: true
[Open3D INFO] source size: 28566, maxpoints_source_: 80000
[Open3D INFO] source size after voxel downsample: 19985
[Open3D INFO] after prerpocess: 19985
[Open3D INFO] reg_result.fitness: 0.976132, eva fitness: 0.989842
[INFO] [1773652238.735040953]: localization cost: 1018.475000 ms
[Open3D INFO] 

time_diff:1.0186 s, localization right now
[Open3D INFO] before sample, target size: 899630, has normal: true
[Open3D INFO] after sample, target size: 400000, has normal: true
[Open3D INFO] source size: 29151, maxpoints_source_: 80000
[Open3D INFO] source size after voxel downsample: 20524
[Open3D INFO] after prerpocess: 20524
[Open3D INFO] reg_result.fitness: 0.975541, eva fitness: 0.989671
[INFO] [1773652240.043319494]: localization cost: 1308.130000 ms
[Open3D INFO] 

time_diff:1.30829 s, localization right now
[Open3D INFO] before sample, target size: 899630, has normal: true
[Open3D INFO] after sample, target size: 400000, has normal: true
[Open3D INFO] source size: 28550, maxpoints_source_: 80000
[Open3D INFO] source size after voxel downsample: 19892
[Open3D INFO] after prerpocess: 19892
[Open3D INFO] reg_result.fitness: 0.965514, eva fitness: 0.983712
[INFO] [1773652241.261359700]: localization cost: 1217.911000 ms
[Open3D INFO] 

time_diff:1.21799 s, localization right now
[Open3D INFO] before sample, target size: 899630, has normal: true
[Open3D INFO] after sample, target size: 400000, has normal: true
[Open3D INFO] source size: 28471, maxpoints_source_: 80000
[Open3D INFO] source size after voxel downsample: 20559
[Open3D INFO] after prerpocess: 20559
[Open3D INFO] reg_result.fitness: 0.975972, eva fitness: 0.988569
[INFO] [1773652242.277207567]: localization cost: 1015.740000 ms
[Open3D INFO] 

time_diff:1.01609 s, localization right now
[Open3D INFO] before sample, target size: 899630, has normal: true
[Open3D INFO] after sample, target size: 400000, has normal: true
[Open3D INFO] source size: 28294, maxpoints_source_: 80000
[Open3D INFO] source size after voxel downsample: 20734
[Open3D INFO] after prerpocess: 20734
[Open3D INFO] reg_result.fitness: 0.976030, eva fitness: 0.985869
[INFO] [1773652243.418252534]: localization cost: 1140.688000 ms
[Open3D INFO] 

time_diff:1.14079 s, localization right now
[Open3D INFO] before sample, target size: 899630, has normal: true
[Open3D INFO] after sample, target size: 400000, has normal: true
[Open3D INFO] source size: 28362, maxpoints_source_: 80000
[Open3D INFO] source size after voxel downsample: 20668
[Open3D INFO] after prerpocess: 20668
[Open3D INFO] reg_result.fitness: 0.978469, eva fitness: 0.988339
[INFO] [1773652244.865266192]: localization cost: 1446.708000 ms
[Open3D INFO] 

time_diff:1.44687 s, localization right now
[Open3D INFO] before sample, target size: 899630, has normal: true
[Open3D INFO] after sample, target size: 400000, has normal: true
[Open3D INFO] source size: 28548, maxpoints_source_: 80000
[Open3D INFO] source size after voxel downsample: 20759
[Open3D INFO] after prerpocess: 20759
[Open3D INFO] reg_result.fitness: 0.975866, eva fitness: 0.987042
[INFO] [1773652246.412390654]: localization cost: 1546.984000 ms
[Open3D INFO] 

time_diff:1.54714 s, localization right now
[Open3D INFO] before sample, target size: 899630, has normal: true
[Open3D INFO] after sample, target size: 400000, has normal: true
[Open3D INFO] source size: 28329, maxpoints_source_: 80000
[Open3D INFO] source size after voxel downsample: 20320
[Open3D INFO] after prerpocess: 20320
[Open3D INFO] reg_result.fitness: 0.971703, eva fitness: 0.986467
[INFO] [1773652247.622140242]: localization cost: 1209.387000 ms
[Open3D INFO] 

time_diff:1.20948 s, localization right now
[Open3D INFO] before sample, target size: 899630, has normal: true
[Open3D INFO] after sample, target size: 400000, has normal: true
[Open3D INFO] source size: 28514, maxpoints_source_: 80000
[Open3D INFO] source size after voxel downsample: 20565
[Open3D INFO] after prerpocess: 20565
[Open3D INFO] reg_result.fitness: 0.970241, eva fitness: 0.982495
[INFO] [1773652248.623367586]: localization cost: 1001.105000 ms
[Open3D INFO] 

time_diff:1.00123 s, localization right now
[Open3D INFO] before sample, target size: 899630, has normal: true
[Open3D INFO] after sample, target size: 400000, has normal: true
[Open3D INFO] source size: 28336, maxpoints_source_: 80000
[Open3D INFO] source size after voxel downsample: 20612
[Open3D INFO] after prerpocess: 20612
[Open3D INFO] reg_result.fitness: 0.971473, eva fitness: 0.981467
[INFO] [1773652249.841831553]: localization cost: 1218.337000 ms
[Open3D INFO] 

time_diff:1.21846 s, localization right now
[Open3D INFO] before sample, target size: 899630, has normal: true
[Open3D INFO] after sample, target size: 400000, has normal: true
[Open3D INFO] source size: 28470, maxpoints_source_: 80000
[Open3D INFO] source size after voxel downsample: 20668
[Open3D INFO] after prerpocess: 20668
[Open3D INFO] reg_result.fitness: 0.968163, eva fitness: 0.981275
[INFO] [1773652251.046540790]: localization cost: 1204.563000 ms
[Open3D INFO] 

time_diff:1.20472 s, localization right now
[Open3D INFO] before sample, target size: 899630, has normal: true
[Open3D INFO] after sample, target size: 400000, has normal: true
[Open3D INFO] source size: 28474, maxpoints_source_: 80000
[Open3D INFO] source size after voxel downsample: 20608
[Open3D INFO] after prerpocess: 20608
[Open3D INFO] reg_result.fitness: 0.958366, eva fitness: 0.975641
[INFO] [1773652252.494311436]: localization cost: 1447.490000 ms
[Open3D INFO] 

time_diff:1.4476 s, localization right now
[Open3D INFO] before sample, target size: 899630, has normal: true
[Open3D INFO] after sample, target size: 400000, has normal: true
[Open3D INFO] source size: 28647, maxpoints_source_: 80000
[Open3D INFO] source size after voxel downsample: 20937
[Open3D INFO] after prerpocess: 20937
[Open3D INFO] reg_result.fitness: 0.957778, eva fitness: 0.975928
[INFO] [1773652254.071837915]: localization cost: 1577.417000 ms
[Open3D INFO] 

time_diff:1.57752 s, localization right now
[Open3D INFO] before sample, target size: 899630, has normal: true
[Open3D INFO] after sample, target size: 400000, has normal: true
[Open3D INFO] source size: 28570, maxpoints_source_: 80000
[Open3D INFO] source size after voxel downsample: 21007
[Open3D INFO] after prerpocess: 21007
[Open3D INFO] reg_result.fitness: 0.970486, eva fitness: 0.985814
[INFO] [1773652255.796750208]: localization cost: 1724.790000 ms
[Open3D INFO] 

time_diff:1.72491 s, localization right now
[Open3D INFO] before sample, target size: 899630, has normal: true
[Open3D INFO] after sample, target size: 400000, has normal: true
[Open3D INFO] source size: 28739, maxpoints_source_: 80000
[Open3D INFO] source size after voxel downsample: 21306
[Open3D INFO] after prerpocess: 21306
[Open3D INFO] reg_result.fitness: 0.95682, eva fitness: 0.969962
[INFO] [1773652257.278364953]: localization cost: 1481.311000 ms
[Open3D INFO] 

time_diff:1.48141 s, localization right now
[Open3D INFO] before sample, target size: 899630, has normal: true
[Open3D INFO] after sample, target size: 400000, has normal: true
[Open3D INFO] source size: 28738, maxpoints_source_: 80000
[Open3D INFO] source size after voxel downsample: 21548
[Open3D INFO] after prerpocess: 21548
[Open3D INFO] reg_result.fitness: 0.956191, eva fitness: 0.972062
[INFO] [1773652258.263342530]: localization cost: 984.883000 ms
[Open3D INFO] 

time_diff:0.984967 s, localization right now
[Open3D INFO] before sample, target size: 899630, has normal: true
[Open3D INFO] after sample, target size: 400000, has normal: true
[Open3D INFO] source size: 28571, maxpoints_source_: 80000
[Open3D INFO] source size after voxel downsample: 21298
[Open3D INFO] after prerpocess: 21298
[Open3D INFO] reg_result.fitness: 0.966429, eva fitness: 0.977416
[INFO] [1773652259.604406346]: localization cost: 1340.899000 ms
[Open3D INFO] 

time_diff:1.34113 s, localization right now
[Open3D INFO] before sample, target size: 899630, has normal: true
[Open3D INFO] after sample, target size: 400000, has normal: true
[Open3D INFO] source size: 28411, maxpoints_source_: 80000
[Open3D INFO] source size after voxel downsample: 20571
[Open3D INFO] after prerpocess: 20571
[Open3D INFO] reg_result.fitness: 0.978319, eva fitness: 0.987847
[INFO] [1773652260.762827811]: localization cost: 1158.239000 ms
[Open3D INFO] 

time_diff:1.15833 s, localization right now
[Open3D INFO] before sample, target size: 899630, has normal: true
[Open3D INFO] after sample, target size: 400000, has normal: true
[Open3D INFO] source size: 28052, maxpoints_source_: 80000
[Open3D INFO] source size after voxel downsample: 21391
[Open3D INFO] after prerpocess: 21391
[Open3D INFO] reg_result.fitness: 0.978449, eva fitness: 0.987331
[INFO] [1773652261.772850625]: localization cost: 1009.924000 ms
[Open3D INFO] 

time_diff:1.01001 s, localization right now
[Open3D INFO] before sample, target size: 899630, has normal: true
[Open3D INFO] after sample, target size: 400000, has normal: true
[Open3D INFO] source size: 27113, maxpoints_source_: 80000
[Open3D INFO] source size after voxel downsample: 21303
[Open3D INFO] after prerpocess: 21303
[Open3D INFO] reg_result.fitness: 0.978125, eva fitness: 0.986105
[INFO] [1773652263.269348400]: localization cost: 1496.394000 ms
[Open3D INFO] 

time_diff:1.4965 s, localization right now
[Open3D INFO] before sample, target size: 899630, has normal: true
[Open3D INFO] after sample, target size: 400000, has normal: true
[Open3D INFO] source size: 26997, maxpoints_source_: 80000
[Open3D INFO] source size after voxel downsample: 21077
[Open3D INFO] after prerpocess: 21077
[Open3D INFO] reg_result.fitness: 0.978412, eva fitness: 0.985672
[INFO] [1773652264.816068718]: localization cost: 1546.436000 ms
[Open3D INFO] 

time_diff:1.54662 s, localization right now
[Open3D INFO] before sample, target size: 899630, has normal: true
[Open3D INFO] after sample, target size: 400000, has normal: true
[Open3D INFO] source size: 27443, maxpoints_source_: 80000
[Open3D INFO] source size after voxel downsample: 21376
[Open3D INFO] after prerpocess: 21376
[Open3D INFO] reg_result.fitness: 0.981708, eva fitness: 0.988632
[INFO] [1773652266.449722126]: localization cost: 1633.504000 ms
[Open3D INFO] 

time_diff:1.6336 s, localization right now
[Open3D INFO] before sample, target size: 899630, has normal: true
[Open3D INFO] after sample, target size: 400000, has normal: true
[Open3D INFO] source size: 27415, maxpoints_source_: 80000
[Open3D INFO] source size after voxel downsample: 21492
[Open3D INFO] after prerpocess: 21492
[Open3D INFO] reg_result.fitness: 0.983296, eva fitness: 0.990694
[INFO] [1773652267.822894487]: localization cost: 1373.061000 ms
[Open3D INFO] 

time_diff:1.37319 s, localization right now
[Open3D INFO] before sample, target size: 899630, has normal: true
[Open3D INFO] after sample, target size: 400000, has normal: true
[Open3D INFO] source size: 27072, maxpoints_source_: 80000
[Open3D INFO] source size after voxel downsample: 21521
[Open3D INFO] after prerpocess: 21521
[Open3D INFO] reg_result.fitness: 0.982482, eva fitness: 0.989592
[INFO] [1773652268.999784557]: localization cost: 1176.750000 ms
[Open3D INFO] 

time_diff:1.17685 s, localization right now
[Open3D INFO] before sample, target size: 899630, has normal: true
[Open3D INFO] after sample, target size: 400000, has normal: true
[Open3D INFO] source size: 27287, maxpoints_source_: 80000
[Open3D INFO] source size after voxel downsample: 21168
[Open3D INFO] after prerpocess: 21168
[Open3D INFO] reg_result.fitness: 0.978222, eva fitness: 0.989182
[INFO] [1773652270.047306649]: localization cost: 1047.421000 ms
[Open3D INFO] 

time_diff:1.0475 s, localization right now
[Open3D INFO] 
***
****
***


last map update loc: x: 7.38915, y: 0.582906, z1.86916,
                now loc: x: 11.0436, y: 1.66307, z1.99241, 3d distance: 3.81274, now needpdate submap
[INFO] [1773652270.117199124]: submap_cost: 69.604000 ms
[Open3D INFO] before sample, target size: 938192, has normal: true
[Open3D INFO] after sample, target size: 400000, has normal: true
[Open3D INFO] source size: 24674, maxpoints_source_: 80000
[Open3D INFO] source size after voxel downsample: 18632
[Open3D INFO] after prerpocess: 18632
[Open3D INFO] reg_result.fitness: 0.979712, eva fitness: 0.991198
[INFO] [1773652271.162368935]: localization cost: 1114.956000 ms
[Open3D INFO] 

time_diff:1.11506 s, localization right now
[Open3D INFO] before sample, target size: 938192, has normal: true
[Open3D INFO] after sample, target size: 400000, has normal: true
[Open3D INFO] source size: 25076, maxpoints_source_: 80000
[Open3D INFO] source size after voxel downsample: 18614
[Open3D INFO] after prerpocess: 18614
[Open3D INFO] reg_result.fitness: 0.980015, eva fitness: 0.9899
[INFO] [1773652272.198643529]: localization cost: 1036.172000 ms
[Open3D INFO] 

time_diff:1.03626 s, localization right now
[Open3D INFO] before sample, target size: 938192, has normal: true
[Open3D INFO] after sample, target size: 400000, has normal: true
[Open3D INFO] source size: 26723, maxpoints_source_: 80000
[Open3D INFO] source size after voxel downsample: 19410
[Open3D INFO] after prerpocess: 19410
[Open3D INFO] reg_result.fitness: 0.975425, eva fitness: 0.986656
[INFO] [1773652273.317669164]: localization cost: 1118.931000 ms
[Open3D INFO] 

time_diff:1.11902 s, localization right now
[Open3D INFO] before sample, target size: 938192, has normal: true
[Open3D INFO] after sample, target size: 400000, has normal: true
[Open3D INFO] source size: 27591, maxpoints_source_: 80000
[Open3D INFO] source size after voxel downsample: 19587
[Open3D INFO] after prerpocess: 19587
[Open3D INFO] reg_result.fitness: 0.976107, eva fitness: 0.984786
[INFO] [1773652274.383619379]: localization cost: 1065.829000 ms
[Open3D INFO] 

time_diff:1.06596 s, localization right now
[Open3D INFO] before sample, target size: 938192, has normal: true
[Open3D INFO] after sample, target size: 400000, has normal: true
[Open3D INFO] source size: 27534, maxpoints_source_: 80000
[Open3D INFO] source size after voxel downsample: 19276
[Open3D INFO] after prerpocess: 19276
[Open3D INFO] reg_result.fitness: 0.974165, eva fitness: 0.984696
[INFO] [1773652275.701351302]: localization cost: 1317.464000 ms
[Open3D INFO] 

time_diff:1.31758 s, localization right now
[Open3D INFO] before sample, target size: 938192, has normal: true
[Open3D INFO] after sample, target size: 400000, has normal: true
[Open3D INFO] source size: 28124, maxpoints_source_: 80000
[Open3D INFO] source size after voxel downsample: 19313
[Open3D INFO] after prerpocess: 19313
[Open3D INFO] reg_result.fitness: 0.975923, eva fitness: 0.987055
[INFO] [1773652276.910356158]: localization cost: 1208.871000 ms
[Open3D INFO] 

time_diff:1.20899 s, localization right now
[Open3D INFO] before sample, target size: 938192, has normal: true
[Open3D INFO] after sample, target size: 400000, has normal: true
[Open3D INFO] source size: 28008, maxpoints_source_: 80000
[Open3D INFO] source size after voxel downsample: 18808
[Open3D INFO] after prerpocess: 18808
[Open3D INFO] reg_result.fitness: 0.97618, eva fitness: 0.987984
[INFO] [1773652278.060463165]: localization cost: 1149.870000 ms
[Open3D INFO] 

time_diff:1.14997 s, localization right now
[Open3D INFO] before sample, target size: 938192, has normal: true
[Open3D INFO] after sample, target size: 400000, has normal: true
[Open3D INFO] source size: 27795, maxpoints_source_: 80000
[Open3D INFO] source size after voxel downsample: 18664
[Open3D INFO] after prerpocess: 18664
[Open3D INFO] reg_result.fitness: 0.973532, eva fitness: 0.984676
[INFO] [1773652279.354205730]: localization cost: 1293.503000 ms
[Open3D INFO] 

time_diff:1.2936 s, localization right now
[Open3D INFO] before sample, target size: 938192, has normal: true
[Open3D INFO] after sample, target size: 400000, has normal: true
[Open3D INFO] source size: 27750, maxpoints_source_: 80000
[Open3D INFO] source size after voxel downsample: 18281
[Open3D INFO] after prerpocess: 18281
[Open3D INFO] reg_result.fitness: 0.973579, eva fitness: 0.985231
[INFO] [1773652280.628709902]: localization cost: 1274.251000 ms
[Open3D INFO] 

time_diff:1.27438 s, localization right now
[Open3D INFO] before sample, target size: 938192, has normal: true
[Open3D INFO] after sample, target size: 400000, has normal: true
[Open3D INFO] source size: 27732, maxpoints_source_: 80000
[Open3D INFO] source size after voxel downsample: 18609
[Open3D INFO] after prerpocess: 18609
[Open3D INFO] reg_result.fitness: 0.973024, eva fitness: 0.984685
[INFO] [1773652281.761930796]: localization cost: 1133.098000 ms
[Open3D INFO] 

time_diff:1.13327 s, localization right now
[Open3D INFO] before sample, target size: 938192, has normal: true
[Open3D INFO] after sample, target size: 400000, has normal: true
[Open3D INFO] source size: 27533, maxpoints_source_: 80000
[Open3D INFO] source size after voxel downsample: 18794
[Open3D INFO] after prerpocess: 18794
[Open3D INFO] reg_result.fitness: 0.974726, eva fitness: 0.987549
[INFO] [1773652283.061086526]: localization cost: 1298.977000 ms
[Open3D INFO] 

time_diff:1.29907 s, localization right now
[Open3D INFO] before sample, target size: 938192, has normal: true
[Open3D INFO] after sample, target size: 400000, has normal: true
[Open3D INFO] source size: 27587, maxpoints_source_: 80000
[Open3D INFO] source size after voxel downsample: 19007
[Open3D INFO] after prerpocess: 19007
[Open3D INFO] reg_result.fitness: 0.973641, eva fitness: 0.987373
[INFO] [1773652284.210584134]: localization cost: 1149.383000 ms
[Open3D INFO] 

time_diff:1.1495 s, localization right now
[Open3D INFO] before sample, target size: 938192, has normal: true
[Open3D INFO] after sample, target size: 400000, has normal: true
[Open3D INFO] source size: 28448, maxpoints_source_: 80000
[Open3D INFO] source size after voxel downsample: 19843
[Open3D INFO] after prerpocess: 19843
[Open3D INFO] reg_result.fitness: 0.977272, eva fitness: 0.988762
[INFO] [1773652285.418176840]: localization cost: 1207.472000 ms
[Open3D INFO] 

time_diff:1.20758 s, localization right now
[Open3D INFO] before sample, target size: 938192, has normal: true
[Open3D INFO] after sample, target size: 400000, has normal: true
[Open3D INFO] source size: 27344, maxpoints_source_: 80000
[Open3D INFO] source size after voxel downsample: 19684
[Open3D INFO] after prerpocess: 19684
[Open3D INFO] reg_result.fitness: 0.978409, eva fitness: 0.989839
[INFO] [1773652286.852355003]: localization cost: 1433.864000 ms
[Open3D INFO] 

time_diff:1.43396 s, localization right now
[Open3D INFO] before sample, target size: 938192, has normal: true
[Open3D INFO] after sample, target size: 400000, has normal: true
[Open3D INFO] source size: 26200, maxpoints_source_: 80000
[Open3D INFO] source size after voxel downsample: 18607
[Open3D INFO] after prerpocess: 18607
[Open3D INFO] reg_result.fitness: 0.973505, eva fitness: 0.986887
[INFO] [1773652287.988751313]: localization cost: 1136.291000 ms
[Open3D INFO] 

time_diff:1.13639 s, localization right now
[Open3D INFO] before sample, target size: 938192, has normal: true
[Open3D INFO] after sample, target size: 400000, has normal: true
[Open3D INFO] source size: 25790, maxpoints_source_: 80000
[Open3D INFO] source size after voxel downsample: 17185
[Open3D INFO] after prerpocess: 17185
[Open3D INFO] reg_result.fitness: 0.972825, eva fitness: 0.984929
[INFO] [1773652289.096125275]: localization cost: 1107.271000 ms
[Open3D INFO] 

time_diff:1.10736 s, localization right now
[Open3D INFO] before sample, target size: 938192, has normal: true
[Open3D INFO] after sample, target size: 400000, has normal: true
[Open3D INFO] source size: 25398, maxpoints_source_: 80000
[Open3D INFO] source size after voxel downsample: 16867
[Open3D INFO] after prerpocess: 16867
[Open3D INFO] reg_result.fitness: 0.967451, eva fitness: 0.97836
[INFO] [1773652290.341829091]: localization cost: 1245.462000 ms
[Open3D INFO] 

time_diff:1.24558 s, localization right now
[Open3D INFO] before sample, target size: 938192, has normal: true
[Open3D INFO] after sample, target size: 400000, has normal: true
[Open3D INFO] source size: 24417, maxpoints_source_: 80000
[Open3D INFO] source size after voxel downsample: 16456
[Open3D INFO] after prerpocess: 16456
[Open3D INFO] reg_result.fitness: 0.973687, eva fitness: 0.985902
[INFO] [1773652291.443383824]: localization cost: 1101.334000 ms
[Open3D INFO] 

time_diff:1.10143 s, localization right now
[Open3D INFO] before sample, target size: 938192, has normal: true
[Open3D INFO] after sample, target size: 400000, has normal: true
[Open3D INFO] source size: 23455, maxpoints_source_: 80000
[Open3D INFO] source size after voxel downsample: 15203
[Open3D INFO] after prerpocess: 15203
[Open3D INFO] reg_result.fitness: 0.978491, eva fitness: 0.990068
[INFO] [1773652292.543035413]: localization cost: 1099.438000 ms
[Open3D INFO] 

time_diff:1.09953 s, localization right now
[Open3D INFO] before sample, target size: 938192, has normal: true
[Open3D INFO] after sample, target size: 400000, has normal: true
[Open3D INFO] source size: 23899, maxpoints_source_: 80000
[Open3D INFO] source size after voxel downsample: 15418
[Open3D INFO] after prerpocess: 15418
[Open3D INFO] reg_result.fitness: 0.974316, eva fitness: 0.985018
[INFO] [1773652293.659336945]: localization cost: 1116.080000 ms
[Open3D INFO] 

time_diff:1.11619 s, localization right now
[Open3D INFO] before sample, target size: 938192, has normal: true
[Open3D INFO] after sample, target size: 400000, has normal: true
[Open3D INFO] source size: 23977, maxpoints_source_: 80000
[Open3D INFO] source size after voxel downsample: 15365
[Open3D INFO] after prerpocess: 15365
[Open3D INFO] reg_result.fitness: 0.967459, eva fitness: 0.982688
[INFO] [1773652294.865493553]: localization cost: 1206.036000 ms
[Open3D INFO] 

time_diff:1.20615 s, localization right now
[Open3D INFO] before sample, target size: 938192, has normal: true
[Open3D INFO] after sample, target size: 400000, has normal: true
[Open3D INFO] source size: 24451, maxpoints_source_: 80000
[Open3D INFO] source size after voxel downsample: 15387
[Open3D INFO] after prerpocess: 15387
                                                                                                                                                                                                                                                                                                                                                                                                                                                                                                                                                                                                                                                                                                                                                                                                                                                                                                                                                                                                                                                                                                                                                                                                                                                                                                                                                                                                                                                                                                                                                                                                                                                                                                                                                                                                                                                                                                                                                                                                                                                                                                                                                                                                                                                                                                                         