<?xml version="1.0" encoding="UTF-8"?>
<COLLADA xmlns="http://www.collada.org/2005/11/COLLADASchema" version="1.4.1">
<!--
# File generated by ImageToStl.com - Free Image and 3D model conversion tools
-->
  <asset>
    <contributor>
      <author>ImageToStl.com</author>
      <authoring_tool>ImageToStl.com</authoring_tool>
    </contributor>
    <created>2025-05-11T01:31:01</created>
    <modified>2025-05-11T01:31:01</modified>
    <up_axis>Z_UP</up_axis>
  </asset>
  <library_effects>
    <effect id="effect_0">
        <profile_COMMON>
          <technique sid="common">
            <phong>
              <diffuse>
                <color>0.85 0.85 0.85 1</color>
              </diffuse>
              <specular>
                <color>0.05 0.05 0.05 1</color>
              </specular>
              <shininess>
                <float>64</float>
              </shininess>
            </phong>
          </technique>
        </profile_COMMON>
    </effect>
  </library_effects>
  <library_materials>
    <material id="mat_0">
      <instance_effect url="#effect_0"/>
    </material>
  </library_materials>
  <library_geometries>
    <geometry id="geometry_a9152d38_2301_4f57_b26d_f5cea5cb1091">
      <mesh>
        <source id="pos_0">
          <float_array id="pos_0-array" count="16260">129.57055664 60.79927063 38.63883209 129.69522095 61.01439667 39.08278275 125.07359314 58.77100372 113.61468506 129.86094666 61.28809738 39.4784317 130.06292725 61.61249924 39.81440353 130.2953949 61.97827148 40.08102798 130.55163574 62.37488937 40.2706337 130.82426453 62.79094315 40.37776947 133.65762329 69.48860931 79.1791687 131.10548401 63.21446228 40.39935303 135.06240845 71.18222046 72.58602142 131.38716125 63.63326645 40.33476257 136.44483948 72.86355591 66.33072662 131.66120911 64.03530884 40.18585205 137.76196289 74.48847198 60.73596954 131.91975403 64.40901184 39.95691299 139.11074829 76.18003845 55.44508743 132.15533447 64.74364471 39.65452576 140.53633118 77.99638367 50.30459213 132.36120605 65.02955627 39.28739166 141.32341003 79.00238037 47.51675415 132.53140259 65.25854492 38.86607742 132.66107178 65.4240036 38.40269089 132.20217896 67.73349762 86.00350952 130.59628296 65.77657318 93.20956421 129.26986694 64.13368225 98.7403717 128.00062561 62.53569031 103.62098694 130.29663086 60.99788284 24.48757172 130.49861145 61.3222847 24.82354164 131.82292175 63.92758942 34.6219101 130.7310791 61.68805695 25.09016609 130.98731995 62.08467484 25.2797718 132.59101868 64.45342255 24.66366386 132.79689026 64.73934174 24.29653168 129.53442383 60.61965942 36.64840698 129.47218323 60.55779266 37.14962006 128.49308777 57.45654297 11.25080681 129.45741272 60.5676384 37.65814209 129.49050903 60.64891052 38.15935516 126.74758911 60.93330002 108.04608917 125.47065735 59.27674484 112.18022156 132.61639404 65.20192719 35.94168854 132.47068787 64.95663452 35.52037048 132.09689331 63.74509048 25.19499207 132.28616333 64.65649414 35.15323639 132.06816101 64.31016541 34.85084915 132.7464447 65.52118683 37.91057587 132.78509521 65.54729462 37.40388107 132.77590942 65.50157166 36.89719009 132.96708679 64.96833038 23.87521172 133.09675598 65.13378906 23.4118309 142.48696899 78.65032196 14.19679642 133.18212891 65.23097229 22.91971207 133.22077942 65.25708008 22.41301918 130.99713135 62.67579651 34.42999268 129.92619324 60.35869217 23.16849327 131.27960205 63.09848404 34.40840912 130.00624084 60.50905609 23.6479702 131.55752563 63.51978683 34.47300339 130.13090515 60.72418213 24.09191895 131.25994873 62.50072861 25.38690948 131.54116821 62.92424774 25.40848923 131.82284546 63.34305191 25.34389877 132.35543823 64.1187973 24.96604919 132.71913147 65.3853302 36.40507126 130.71826172 62.26388931 34.53712845 130.45100403 61.87461472 34.72673416 130.20304871 61.51916885 34.99336243 129.98152161 61.2077713 35.32933044 129.79281616 60.94939423 35.72498322 129.64233398 60.7514534 36.16893005 130.88668823 61.58440018 19.73587418 130.63873291 61.22895432 20.00249672 130.41720581 60.91755676 20.33846855 130.22850037 60.65917587 20.73411751 131.99320984 63.2295723 19.48213959 131.71528625 62.8082695 19.41754913 132.60525513 63.66464996 11.80236912 131.43281555 62.38558197 19.43913078 131.15394592 61.97367477 19.54626656 130.07801819 60.46123886 21.17806816 129.97010803 60.32944107 21.65754509 129.90786743 60.26757812 22.15875626 133.21159363 65.21135712 21.90632629 133.15481567 65.09511566 21.41420937 142.28395081 78.22196198 12.23488903 133.05207825 64.91171265 20.95082664 137.14263916 70.50360107 12.23488903 132.90637207 64.66641998 20.52950668 132.72184753 64.3662796 20.1623745 132.50382996 64.01995087 19.85998917 132.25860596 63.63737488 19.6310482 129.89309692 60.27742386 22.66728401 85.33876038 4.46530819 58.54768753 85.68117523 4.23757744 49.87817764 87.9417038 5.17450666 58.80581284 85.76768494 4.25433016 49.7456131 90.8059845 6.12268591 59.15092468 86.51153564 4.39922142 48.46345139 87.1921463 4.52934217 46.96150589 87.60322571 4.60187721 45.76688004 87.98698425 4.65555096 44.18411636 88.05371857 4.66137028 43.80448151 88.18938446 4.66281557 42.74061966 88.25357819 4.62892294 41.28540421 88.26828766 4.60069275 40.39020157 88.26234436 4.43960714 36.01828766 88.26391602 4.20692205 29.61798668 88.26307678 3.53967404 11.29543591 88.26203918 3.17519903 1.28393042 91.16028595 4.12161255 1.7526294 88.26384735 3.90426826 21.30693817 80.49407196 3.50178409 58.19699097 80.40374756 3.36919737 54.82748032 82.04650879 3.76213717 58.29175186 80.79663849 3.42113519 54.59534454 85.0220871 4.38846636 58.51971817 82.15174103 3.61697745 53.66583252 82.3094101 3.64141917 53.54333115 83.40218353 3.81995368 52.59798813 84.19519806 3.9590261 51.78850174 84.54377747 4.02246428 51.39264679 84.70561981 4.0523634 51.19932175 75.62888336 2.91516638 56.59914017 75.83137512 2.92779875 56.55857468 75.92502594 2.98530984 58.00901031 79.01454163 3.29443812 58.12152481 77.40881348 3.04616976 56.14446259 78.13298798 3.11243916 55.89318466 78.93440247 3.19457436 55.56728745 72.66239166 2.79600906 56.8840332 73.061203 2.80493498 56.87888718 72.66239166 2.83337021 57.95371246 73.80911255 2.82756615 56.84161377 75.43276978 2.90348744 56.63578033 96.25789642 6.2443428 2.70195436 94.40595245 7.58518267 59.68322754 95.2171402 5.76027107 2.49428391 92.71308899 6.85811424 59.41859818 93.49900818 5.01935577 2.16728783 99.51695251 7.94460249 3.40212011 95.37761688 8.03558922 59.84716034 98.49938965 7.38253069 3.1749773 97.57144165 6.89504671 2.97472906 107.60356903 16.28445053 63.09560776 107.30760193 16.01127625 62.9397316 110.89341736 16.69928551 6.55837107 106.31123352 15.12677765 62.4822731 109.17922211 15.02332687 6.00925922 106.07701874 14.9264164 62.38949966 106.90836334 13.02966499 5.31678677 105.16239166 14.17013454 62.07995605 105.2472229 11.71448803 4.84135723 102.85327911 12.42258358 61.44389725 102.83041382 9.99004745 4.19899702 100.45146179 10.81886482 60.86019135 101.09178925 8.87399578 3.76965308 98.54672241 9.68441772 60.44728851 97.95780182 9.3562603 60.32784653 111.35231018 20.22516823 65.95270538 110.37191772 19.10005951 65.03369141 113.29144287 19.33503914 7.34856033 109.38774872 18.0417347 64.240242 111.30528259 17.12645531 6.69282055 109.11672211 17.76192856 64.0428009 107.78804779 16.45723915 63.19750214 116.71425629 23.83581352 8.46310997 114.9305191 25.08103752 70.75689697 114.72581482 24.76441765 70.39941406 114.28318024 24.09822083 69.66986084 113.16638947 22.5205822 68.05233002 115.1427002 21.64491653 7.95860863 112.67074585 21.86314583 67.42073822 111.55619049 20.46868324 66.16133881 117.20046997 29.04390717 76.1053009 117.06490326 28.77692795 75.6673584 119.22428131 27.87779045 9.21926594 116.88896942 28.43779564 75.13578033 116.15815735 27.1056881 73.24243164 116.04408264 26.90743446 72.98121643 115.28427887 25.6415596 71.4083252 118.48680878 26.60858154 9.00484467 116.87013245 24.06607819 8.51207161 116.1424408 29.63710022 110.83935547 116.82641602 29.19058228 87.48991394 117.13312531 31.4900589 111.37068176 117.06517029 29.58366394 87.08702087 118.60187531 34.58097839 112.25698853 117.24819946 29.88679504 86.73086548 117.52630615 30.34792137 86.07694244 117.78140259 30.76547813 85.27915192 117.96631622 31.05492592 84.45354462 117.99020386 31.09037781 84.31689453 118.11048126 31.24979973 83.36581421 118.16062927 31.2707634 82.36599731 118.13406372 31.12903214 81.1740799 121.30864716 31.91268349 9.78460407 118.11743164 31.07770729 80.9185257 121.04537964 31.36155128 9.71669006 119.74699402 28.8242054 9.36685753 117.98079681 30.72079468 79.63399506 117.76287079 30.21825027 78.35192871 118.01914978 30.81521225 79.92457581 117.71154785 30.10530281 78.10248566 117.31859589 29.28088951 76.51120758 114.81609344 26.07869911 89.5140686 115.59510803 27.23917007 88.9249649 114.72635651 25.94849014 89.57147217 116.04080963 27.92882538 88.49639893 116.33210754 28.3900547 88.16786957 115.52199554 28.55723763 110.52970886 114.8319397 27.42362785 110.20465088 114.49910736 25.6219635 89.7086792 113.80309296 25.8448143 109.75193024 113.48429108 24.21929741 90.20011902 113.14465332 23.76979256 90.32754517 112.37941742 22.79167175 90.55888367 113.17947388 24.94524765 109.49398804 111.34894562 21.54577446 90.76612854 111.42300415 22.62071228 108.82743073 111.18512726 21.35473633 90.7893219 110.97032166 22.06633186 108.66847229 109.9024353 19.92043877 90.88912201 109.54203796 20.4208889 108.19664764 109.59809113 19.59547234 90.893013 105.16239166 15.43108559 90.20752716 106.67569733 16.74150848 90.59042358 105.40350342 16.39699936 107.04281616 107.30370331 17.31684113 90.70491791 107.53765106 18.34742737 107.60208893 108.15704346 18.13064957 90.81802368 109.3837738 19.37000084 90.89148712 104.7141037 15.81650639 106.87636566 102.47922516 14.08152294 106.3788681 104.17932129 14.63483429 89.91770935 101.53470612 13.41010857 106.18634033 101.90581512 12.94973469 89.30438995 100.14407349 12.48258877 105.92037201 99.53193665 11.39830399 88.73971558 97.71100616 11.01984978 105.50094604 98.07104492 10.53786659 88.42653656 97.0594635 9.98075676 88.22377014 95.18159485 9.69326878 105.12055206 94.48968506 8.69831467 87.75699615 93.76376343 9.02884865 104.93003845 92.55711365 8.50540066 104.77993774 91.82347107 7.5542779 87.34059906 89.83837128 7.45962191 104.48006439 90.01164246 6.87708712 87.09412384 89.47171783 7.33213854 104.44351196 87.36107635 6.65785742 104.25016022 87.24172974 5.98776722 86.77043915 84.51527405 5.90204096 104.03343201 75.69272614 4.56657648 103.65049744 75.6704483 3.94811487 86.02806091 78.67934418 4.85787153 103.73402405 78.63382721 4.23310709 86.13179779 80.25540161 5.07616234 103.7966156 80.34746552 4.46923828 86.21773529 81.62075043 5.30264139 103.86156464 81.55119324 4.66746473 86.28988647 84.42103577 5.25192165 86.50260925 75.35565186 4.54348326 103.64388275 72.66239166 4.42806625 103.61078644 72.66239166 3.81221628 85.97860718 122.73534393 35.16042328 10.13463211 119.93094635 37.83957291 113.19137573 123.42520142 36.91500092 10.29296875 124.03543854 38.58887863 10.42715454 121.12671661 41.2784996 114.17747498 125.21147919 42.21114731 10.67049122 121.69635773 43.13883209 114.71091461 126.26584625 46.04245758 10.87222195 122.19405365 44.91169739 115.21927643 126.68708038 47.77993774 10.94865131 123.13288116 48.74038696 116.31713104 128.16252136 55.29494476 11.19850063 124.28256989 54.14218521 115.20233154 127.95966339 54.07726669 11.16574955 123.41280365 50.03247452 116.6876297 127.38056946 50.96709824 11.06947994 127.20897675 50.13370895 11.0401535 88.26237488 12.66320801 1.28393042 88.26204681 3.1618588 0.91705775 88.26251984 12.66329956 0.91705775 20.25118828 58.77100372 113.61468506 16.83169937 57.45654297 11.25080681 17.41468239 53.7909584 11.15767193 22.95815659 45.56357574 115.40619659 22.19190025 48.74038696 116.31713104 18.09847069 50.21635437 11.04313278 20.95546913 54.60302353 115.04090881 21.78629494 50.57699585 116.48670959 21.91197586 50.03247452 116.6876297 24.45792389 40.48176956 113.94901276 24.1980629 41.2784996 114.17747498 19.43243599 44.60829544 10.80248737 18.88699532 46.73537445 10.90369987 23.13072968 44.91169739 115.21927643 20.78813744 40.06242752 10.53328419 21.91561508 36.87264633 10.28936958 26.18365669 35.8426857 112.61877441 19.78061295 43.35058975 10.73578262 25.39383316 37.83957291 113.19137573 24.30152512 31.31585693 9.71093559 24.94839859 30.01907158 9.53949642 27.19071579 31.12903214 81.1740799 27.16415024 31.2707634 82.36599731 23.16972923 33.78263855 9.9959383 23.63819313 32.72848892 9.8802948 26.72290802 34.58097839 112.25698853 27.21430016 31.24979973 83.36581421 28.10645866 31.65732765 111.41864014 27.33457375 31.09037781 84.31689453 27.35846901 31.05492592 84.45354462 27.54337692 30.76547813 85.27915192 27.79847717 30.34792137 86.07694244 28.07658577 29.88679504 86.73086548 28.25960922 29.58366394 87.08702087 28.49836731 29.19058228 87.48991394 29.72967529 27.23917007 88.9249649 30.49284172 27.42362785 110.20465088 29.28397369 27.92882538 88.49639893 29.80278397 28.55723763 110.52970886 28.99267578 28.3900547 88.16786957 28.19165611 31.4900589 111.37068176 30.50868988 26.07869911 89.5140686 30.59842873 25.94849014 89.57147217 32.14530563 24.94524765 109.49398804 30.82567024 25.6219635 89.7086792 31.84049225 24.21929741 90.20011902 32.87911987 23.93851471 109.20531464 32.18013 23.76979256 90.32754517 32.94536209 22.79167175 90.55888367 33.97583771 21.54577446 90.76612854 33.90177536 22.62071228 108.82743073 34.13965225 21.35473633 90.7893219 35.78274155 20.4208889 108.19664764 35.27209473 20.08297539 90.88451385 35.42234421 19.92043877 90.88912201 35.94100571 19.37000084 90.89148712 37.16773605 18.13064957 90.81802368 38.84607697 17.34926796 107.31587219 35.72668839 19.59547234 90.893013 37.78713226 18.34742737 107.60208893 40.16239166 15.43108559 90.20752716 42.84555435 14.08152294 106.3788681 38.649086 16.74150848 90.59042358 40.61067963 15.81650639 106.87636566 38.0210762 17.31684113 90.70491791 39.92127609 16.39699936 107.04281616 41.14545822 14.63483429 89.91770935 41.9812088 13.99101543 89.68338013 45.18070602 12.48258877 105.92037201 43.4189682 12.94973469 89.30438995 46.13475418 11.88575459 105.74924469 45.79284668 11.39830399 88.73971558 47.61377716 11.01984978 105.50094604 48.26531982 9.98075676 88.22377014 50.14318466 9.69326878 105.12055206 49.92098618 9.1333952 87.91535187 52.76767349 8.50540066 104.77993774 50.83509445 8.69831467 87.75699615 54.45323181 7.83588743 104.58795929 53.50131226 7.5542779 87.34059906 55.48641205 7.45962191 104.48006439 57.96370697 6.65785742 104.25016022 55.31313705 6.87708712 87.09412384 58.94419861 6.37809563 104.16994476 58.08305359 5.98776722 86.77043915 60.80950928 5.90204096 104.03343201 60.90374756 5.25192165 86.50260925 63.7040329 5.30264139 103.86156464 69.65433502 3.94811487 86.02806091 69.63204956 4.56657648 103.65049744 66.69094849 4.23310709 86.13179779 66.64543915 4.85787153 103.73402405 63.77359009 4.66746473 86.28988647 63.53631973 4.70975399 86.30527496 28.25988007 28.77692795 75.6673584 28.00618935 29.28088951 76.51120758 24.97185326 29.97341728 9.53316593 26.41965866 27.31912613 9.12733459 29.16662407 27.1056881 73.24243164 28.43581581 28.43779564 75.13578033 27.61322975 30.10530281 78.10248566 27.56191444 30.21825027 78.35192871 27.34398079 30.72079468 79.63399506 27.30562973 30.81521225 79.92457581 27.20735168 31.07770729 80.9185257 29.741045 22.23667717 8.10191822 32.15839005 22.5205822 68.05233002 27.99173355 24.76454735 8.65608406 31.04159927 24.09822083 69.66986084 30.59896469 24.76441765 70.39941406 30.04050255 25.6415596 71.4083252 29.28070068 26.90743446 72.98121643 33.97247314 20.22516823 65.95270538 33.76859283 20.46868324 66.16133881 32.65403366 21.86314583 67.42073822 31.58140182 19.8747406 7.49825478 33.11534882 18.10023117 6.99028492 34.61101151 19.48397446 65.33883667 30.46170998 21.27843666 7.86720705 33.54557037 17.63056946 6.84840822 37.72121048 16.28445053 63.09560776 37.53673172 16.45723915 63.19750214 36.20806122 17.76192856 64.0428009 35.93703079 18.0417347 64.240242 34.95286179 19.10005951 65.03369141 37.82795715 13.52350616 5.49183941 41.39994431 13.20675755 61.72931671 36.47599792 14.71798134 5.90577269 40.16239166 14.17013454 62.07995605 39.0135498 15.12677765 62.4822731 35.62693787 15.5137682 6.17334175 38.01717758 16.01127625 62.9397316 47.75585175 6.89376163 2.97419643 48.63154984 6.4550004 2.79101133 49.49726105 8.25260925 59.92615128 38.41641617 13.02966499 5.31678677 40.7567215 11.20825863 4.65502691 42.4715004 12.42258358 61.44389725 42.83254242 9.76520443 4.113451 44.87332153 10.81886482 60.86019135 44.29703903 8.8347311 3.75432086 47.36697769 9.3562603 60.32784653 45.37572861 8.19224453 3.50101185 47.58935547 6.97949171 3.00965142 57.06091309 4.26762533 31.28496552 53.12071228 4.50695324 1.93351066 57.06132126 3.90334415 21.28462601 55.99909973 3.5019443 1.45025063 57.06210327 3.17538524 1.28393042 57.05847549 4.51199341 37.97252655 54.51879501 6.12268591 59.15092468 50.31795502 5.66573048 2.4532032 52.61169052 6.85811424 59.41859818 49.94716644 8.03558922 59.84716034 57.07064438 4.62909031 41.28540802 57.1395607 4.66302395 42.78041077 57.35321426 4.65386009 44.26194763 57.42513657 4.64555264 44.61199951 57.74528503 4.59784269 45.84241867 57.38307953 5.17450666 58.80581284 58.13222504 4.52945375 46.96154404 58.52711105 4.84551859 58.6860733 58.81282043 4.39933681 48.46353149 59.64299011 4.2377224 49.8780365 59.97241211 4.17433691 50.35757446 60.61820984 4.05256081 51.19873047 60.78072739 4.02253485 51.39285278 61.6439209 3.86797261 52.32716751 61.92231369 3.82002068 52.59811401 60.30269623 4.38846636 58.51971817 63.27827072 3.76213717 58.29175186 63.17263412 3.61705208 53.66588211 63.60729218 3.55144215 53.98731613 64.52761078 3.4212172 54.59531784 64.9209671 3.36921597 54.82772446 65.80530548 3.26039267 55.29601288 66.31023407 3.29443812 58.12152481 66.39035797 3.19458532 55.56747055 68.43749237 3.06398416 58.03764725 69.49333954 2.92780614 56.55867767 69.39975739 2.98530984 58.00901031 68.20001221 3.02223873 56.23239136 67.91593933 3.04617739 56.14459229 69.89251709 2.90346146 56.63597488 70.7164917 2.86032248 56.76193237 71.51613617 2.82755113 56.84169388 14.63840199 62.58122635 40.33476257 14.90379524 62.17341995 40.18585205 15.55155563 61.14438248 39.28739166 15.69727421 60.899086 38.86607742 14.30640697 61.77548981 19.6310482 14.03235626 62.17752838 19.48213959 15.14902687 61.79084778 39.95691299 15.36703873 61.44451523 39.65452576 14.07800961 63.42521667 40.37776947 14.36047268 63.00252914 40.39935303 13.13423729 67.71941376 86.05728912 15.39164448 60.28961182 21.90632629 15.30626011 60.38679123 21.41420937 15.17660141 60.55225372 20.95082664 15.00639343 60.78123856 20.52950668 11.99950314 64.75059509 11.88203526 13.75067234 62.59633255 19.41754913 13.46946526 63.0198555 19.43913078 15.80000305 60.71567917 38.40269089 15.85678005 60.59944153 37.91057587 15.86597443 60.55371857 37.40388107 15.82732773 60.57982635 36.89719009 16.3664341 63.74385834 99.97608185 15.26409721 65.1164093 95.49409485 14.19229794 66.43341827 90.85808563 14.80053329 61.06715775 20.1623745 14.56494617 61.40178299 19.85998917 15.74194431 60.67700577 36.40507126 15.6122818 60.84246826 35.94168854 15.44207668 61.07145309 35.52037048 4.00136423 79.00238037 47.51675415 12.55306244 65.54322052 37.65814209 12.61530113 65.48135376 38.15935516 19.85412025 59.27674484 112.18022156 18.71848106 60.75114822 108.52153015 17.51350594 62.29509354 104.31430817 15.2362175 61.35737228 35.15323639 15.00063038 61.69199753 34.85084915 14.74209118 62.06570435 34.6219101 15.1158762 60.85416794 24.29653168 15.26159382 60.60886765 23.87521172 2.83780694 78.65032196 14.19679642 12.57139111 65.45210266 36.64840698 12.5382843 65.5333786 37.14962006 12.06963158 69.00405884 81.07901001 10.97337151 70.32404327 75.90722656 13.79913807 63.83712006 40.2706337 9.81365108 71.72574615 70.52053833 13.53187847 64.22639465 40.08102798 8.54931736 73.26908875 64.8888855 13.28392315 64.58184814 39.81440353 7.12474442 75.034729 58.96760941 13.06240273 64.89324188 39.4784317 5.86517143 76.62223053 54.15058899 12.87369061 65.15161896 39.08278275 12.72321129 65.34955597 38.63883209 14.93135452 61.15429688 24.66366386 12.94181538 64.81291199 35.32933044 12.77609921 65.08661652 35.72498322 12.65142822 65.30174255 36.16893005 14.18635654 62.8865509 34.40840912 14.20271778 62.29101181 25.34389877 14.46803665 62.46774292 34.47300339 14.46811485 61.88320541 25.19499207 14.71334362 61.50063324 24.96604919 15.36431885 60.42546463 23.4118309 15.42109585 60.30922699 22.91971207 15.43029404 60.26350403 22.41301918 12.4380064 64.86140442 24.09191895 12.62671852 64.60301971 24.48757172 13.90514851 63.31007004 34.42999268 12.84823895 64.29163361 24.82354164 13.09619808 63.93618011 25.09016609 13.19682217 63.43590927 19.54626656 12.94058228 63.83252335 19.73587418 8.18214607 70.50360107 12.23488903 12.70812416 64.19829559 20.00249672 12.50613117 64.52269745 20.33846855 13.36345482 63.54690552 25.2797718 13.64232635 63.13499832 25.38690948 13.92478848 62.71231461 25.40848923 12.34041882 64.79640198 20.73411751 12.21574497 65.01152802 21.17806816 12.1357069 65.16188812 21.65754509 12.1026001 65.24316406 22.15875626 12.11737823 65.25300598 22.66728401 12.17962074 65.19113922 23.16849327 13.14380741 64.48851013 34.99336243 3.04082775 78.22196198 12.23488903 13.37626553 64.1227417 34.72673416 13.63250256 63.72612381 34.53712845 12.2875309 65.05934143 23.6479702 19.63394165 100.35609436 118.03575134 18.53611374 100.35609436 115.4001236 17.77046967 100.35609436 112.72675323 36.15792084 100.35609436 130.75398254 36.18781281 98.82157135 130.6776886 37.27466583 99.54990387 130.88652039 38.27812576 100.01365662 131.01950073 38.46955109 100.07976532 131.03845215 38.91510773 100.35609436 131.08256531 39.3146553 100.2868042 131.09783936 40.16239166 100.35609436 131.1177063 35.07423782 97.82268524 130.39125061 33.44129181 100.35609436 130.078125 33.98519135 96.58729553 130.03700256 30.80366898 100.35609436 129.05706787 32.21474075 93.99435425 129.29350281 33.33462524 95.72162628 129.78878784 28.28609276 100.35609436 127.69683838 29.84769249 89.23707581 127.92937469 31.07859612 91.91157532 128.6962738 22.91441727 100.35609436 123.05480957 25.65570831 75.73973846 124.0590744 24.96949196 100.35609436 125.18107605 26.82356453 80.35900879 125.38362885 25.94459152 100.35609436 126.02159119 27.93417168 84.06246948 126.44557953 28.67545509 86.23033905 127.06720734 22.15421867 52.89481354 117.50839996 22.78897476 58.91889191 119.23577881 22.91245079 59.9242897 119.52407074 21.12318611 100.35609436 120.65957642 23.69655609 65.49863434 121.12248993 24.61210632 70.77738953 122.63613892 111.97429657 95.74389648 129.79518127 113.09379578 94.02164459 129.30133057 113.25807953 100.35609436 129.59367371 127.55431366 100.35609436 112.72675323 126.62867737 100.35609436 115.84459686 125.42567444 100.35609436 118.56323242 123.16615295 52.94316864 117.52226257 127.52455139 100.35609436 112.85678864 123.91740417 100.35609436 121.08408356 122.39633942 60.05143356 119.56052399 122.53020477 58.96543884 119.24912262 120.11599731 100.35609436 125.3961792 118.16349792 100.35609436 126.94734192 117.36322021 84.14661407 126.46970367 118.47480011 80.45422363 125.41092682 119.64501953 75.84380341 124.08891296 122.13634491 100.35609436 123.37094879 120.69114685 70.88970947 122.66835022 121.60936737 65.61873627 121.15692139 115.78514099 100.35609436 128.42532349 114.22968292 91.94437408 128.70567322 115.46002197 89.27736664 127.9409256 116.63199615 86.27840424 127.08099365 110.62612152 100.35609436 130.43598938 107.91285706 100.35609436 130.94668579 108.04224396 99.55431366 130.88778687 109.12625885 98.82991791 130.68006897 110.23916626 97.83422089 130.39456177 111.32762146 96.60231018 130.0413208 105.16239166 100.35609436 131.1177063 106.00955963 100.28690338 131.09785461 106.85414886 100.08011627 131.03855896 107.03916168 100.01637268 131.02029419 133.58999634 100.35609436 55.99039078 131.68345642 100.35609436 57.83786011 138.34359741 100.35609436 64.35684967 8.1822052 100.35609436 52.59508133 4.17873287 100.35609436 52.59508133 9.10679245 100.35609436 53.46876907 4.64544439 100.35609436 54.40105438 11.39786816 100.35609436 55.66526031 6.98118639 100.35609436 64.35684967 11.73364735 100.35609436 55.9899025 13.64102173 100.35621643 57.83798218 141.14604187 100.35609436 52.59508133 137.14181519 100.35609436 52.59508133 140.67933655 100.35609436 54.40105438 136.2192688 100.35609436 53.46694946 133.92829895 100.35609436 55.66332245 25.8133812 100.35609436 62.161026 24.71993446 100.35609436 61.61797333 35.94129944 100.35609436 94.1986618 19.24116135 100.35609436 59.39545441 17.81864548 100.35609436 58.94234085 33.97507477 100.35609436 95.11647034 33.97507477 100.35609436 119.45030212 35.94129944 100.35609436 120.36811829 38.0226593 100.35609436 120.92901611 39.08885956 100.35609436 121.0704422 40.16239166 100.35609436 121.11769867 105.16239166 100.35609436 121.11769867 106.23592377 100.35609436 121.0704422 107.30212402 100.35609436 120.92901611 109.38348389 100.35609436 120.36811829 111.34970856 100.35609436 119.45030212 128.77101135 100.35609436 58.57672501 111.34970856 100.35609436 95.11647034 127.50546265 100.35609436 58.9425621 125.98262787 100.35609436 59.42943954 38.0226593 100.35609436 93.63775635 33.09819031 100.35609436 66.75112152 31.90033913 100.35609436 65.87120056 121.15303802 100.35609436 61.35874939 109.38348389 100.35609436 94.1986618 123.43349457 100.35609436 60.37089157 123.79931641 100.35609436 60.22553635 22.03591919 100.35609436 60.42931366 29.47612572 100.35609436 64.24695587 27.32834625 100.35609436 62.97252274 103.94520569 100.35609436 74.41625214 103.25188446 100.35609436 75.26144409 107.30212402 100.35609436 93.63775635 42.51162338 100.35609436 75.58078766 42.44226837 100.35609436 75.5497818 39.08885956 100.35609436 93.49633026 119.51094818 100.35609436 62.16129303 118.57442474 100.35609436 62.65477753 116.7127533 100.35609436 63.71619415 113.14715576 100.35609436 118.20059967 114.72679901 100.35609436 116.65311432 116.04555511 100.35609436 114.85003662 30.5979805 100.35609436 116.65311432 32.17762756 100.35609436 118.20059967 115.76890564 100.35609436 64.29721832 114.21151733 100.35609436 65.32151031 112.22639465 100.35609436 66.75131989 111.78400421 100.35609436 67.08992004 103.19558716 100.35609436 75.31900024 103.08953094 100.35609436 75.41434479 106.23592377 100.35609436 93.49633026 102.98843384 100.35609436 75.48879242 42.33641434 100.35609436 75.48878479 42.29659271 100.35609436 75.46138 113.14715576 100.35609436 96.36617279 135.1471405 100.35609436 79.98490906 114.72679901 100.35609436 97.91365814 132.12376404 100.35609436 94.71450806 16.25384712 100.35609436 58.49469376 32.17762756 100.35609436 96.36617279 30.5979805 100.35609436 97.91365814 10.17763424 100.35609436 79.98490906 29.27922821 100.35609436 99.71673584 13.20102024 100.35609436 94.71450806 42.25878525 100.35609436 75.43305969 42.22957993 100.35609436 75.40963745 42.1292572 100.35609436 75.31898499 110.28120422 100.35609436 68.29722595 108.89546204 100.35609436 69.49221802 107.94086456 100.35609436 70.36327362 42.05012512 100.35609436 75.23680115 41.88838196 100.35609436 75.04450226 40.74971008 100.35609436 73.75866699 106.42011261 100.35609436 71.83550262 104.23823547 100.35609436 74.10427856 40.46663284 100.35609436 73.46091461 39.54785156 100.35609436 72.48736572 38.28126907 100.35609436 71.21936798 116.04555511 100.35609436 99.71673584 117.06744385 100.35609436 101.72621155 129.89433289 100.35609436 104.21727753 36.01003265 100.35609436 69.12201691 34.24757004 100.35609436 67.64653015 28.25733566 100.35609436 112.84056854 29.27922821 100.35609436 114.85003662 15.43045425 100.35609436 104.21727753 27.56018639 100.35609436 103.88726807 28.25733566 100.35609436 101.72621155 97.93027496 100.35609436 77.407547 95.58327484 100.35609436 78.28543091 105.16239166 100.35609436 93.44908142 102.94120789 100.35609436 75.51809692 102.8738327 100.35609436 75.55407715 102.81002045 100.35609436 75.58205414 102.75025177 100.35609436 75.60321808 100.3757019 100.35609436 76.43920898 57.30104065 100.35609436 80.00411987 54.78984833 100.35609436 79.62171936 40.16239166 100.35609436 93.44908142 53.6416893 100.35609436 79.38981628 117.06744385 100.35609436 112.84056854 117.76459503 100.35609436 110.67950439 118.11798859 100.35609436 108.4258194 118.11798859 100.35609436 106.14095306 117.76459503 100.35609436 103.88726807 27.56018639 100.35609436 110.67950439 27.20679283 100.35609436 108.4258194 27.20679283 100.35609436 106.14095306 93.23085022 100.35609436 79.01426697 91.70912933 100.35609436 79.38665771 90.8820343 100.35609436 79.55760956 50.04233551 100.35609436 78.3819046 49.03923035 100.35609436 78.02966309 76.15429688 100.35609436 80.75086212 71.09937286 100.35609436 80.78636169 65.82776642 100.35609436 80.63238525 52.41220474 100.35609436 79.09437561 51.77714157 100.35609436 78.92153931 89.78566742 100.35609436 79.75322723 86.92218781 100.35609436 80.12919617 84.15850067 100.35609436 80.36606598 62.5288353 100.35609436 80.45668793 59.87203217 100.35609436 80.26615906 83.01877594 100.35609436 80.4425354 77.51998138 100.35609436 80.71051788 46.04977036 100.35609436 76.86721802 43.6341362 100.35609436 75.95057678 42.57434082 100.35609436 75.6032486 141.23408508 97.86956024 50.07387161 142.32685852 79.86146545 18.78188324 142.21450806 80.89303589 21.99890518 141.60784912 89.42118835 39.37125397 141.51074219 91.33296204 42.15180206 141.41667175 93.36235046 44.84576035 141.3258667 95.50339508 47.44606018 142.10392761 82.06204224 25.16578484 141.99536133 83.36505127 28.27471352 141.8885498 84.80554199 31.33347702 141.79724121 86.16888428 33.94775009 141.7077179 87.63191986 36.51157379 8.18214607 78.22215271 12.23488903 8.18217564 79.09967804 16.03298378 8.18217564 79.86153412 18.78186226 2.99792004 79.86146545 18.78188324 3.43623757 84.80554199 31.33347702 8.18218327 84.46903992 30.64893532 3.32942605 83.36505127 28.27471352 8.18217564 82.85475159 27.10150909 3.22085619 82.06204224 25.16578484 8.18217564 82.06209564 25.16576195 3.11026716 80.89303589 21.99890518 8.18217564 81.41984558 23.47831535 8.18217564 80.16732788 19.78686714 3.61706305 87.63191986 36.51157379 8.18218327 87.6319809 36.51153946 3.52753687 86.16888428 33.94775009 8.18218327 86.25850677 34.11125946 8.18218327 84.80558014 31.33345795 3.99892044 95.50339508 47.44606018 8.18219757 95.07827759 46.94739914 3.90811253 93.36235046 44.84576035 8.18218994 92.62985229 43.90101242 3.81403422 91.33296204 42.15180206 8.18218994 91.33309937 42.15170288 3.71693087 89.42118835 39.37125397 8.18218994 90.34494781 40.7467308 8.18218327 88.21850586 37.47963715 4.09068918 97.86956024 50.07387161 8.18219757 97.66558075 49.85641479 8.18219757 95.50349426 47.44597626 58.13222504 12.29991531 46.96154404 58.00568771 12.34132767 46.62330246 57.8862648 12.38113499 46.28174973 57.67096329 12.45376301 45.59016037 57.59840012 12.47850227 45.32804871 57.42486191 12.53822803 44.61249924 57.24583435 12.60068607 43.64387894 57.13536072 12.63963985 42.73900986 57.08295822 12.65801716 41.94804001 57.07064438 12.66301441 41.28540802 57.05465317 12.66809177 38.99173355 57.06220245 12.66509628 37.09021759 57.06287766 12.66477776 36.45958328 57.06072235 12.66506481 31.39387894 57.06082916 12.66399956 26.53935814 57.06210327 12.66294384 1.28393042 57.06166458 12.66306114 6.06733513 57.06130219 12.66316509 11.13249969 57.06115723 12.66321754 16.1980648 57.06132126 12.6632061 21.26299858 57.06147003 12.66310024 26.32842255 40.16239166 46.64004517 101.56665802 40.16239166 36.30342484 97.80443573 87.1921463 12.29920959 46.96150589 86.48060608 12.07297897 48.52317047 86.18305969 11.98201275 49.06495667 85.60118103 11.81044102 49.99862671 84.87638855 11.60829735 50.98841476 84.55731201 11.52330494 51.37691116 84.19528198 11.42978477 51.78861237 83.36138916 11.22600365 52.63676071 82.30964661 10.99185085 53.54335403 82.02669525 10.93317032 53.76091003 80.57486725 10.66049576 54.72857285 80.46724701 10.64216328 54.79130554 79.03108978 10.4219656 55.52474976 78.13342285 10.30745029 55.89330673 77.41184998 10.22832489 56.14372253 77.29837799 10.21691799 56.17954254 75.7457962 10.08877945 56.57672882 75.62905121 10.08122444 56.59980011 75.00964355 10.04596424 56.70681381 74.05348969 10.00745583 56.82214355 73.06124115 9.98810291 56.87919998 72.66220093 9.98634148 56.88431931 72.35080719 9.98741055 56.88121033 70.65869904 10.02984524 56.75526428 70.31484222 10.0459156 56.70690155 68.98967743 10.13123226 56.44618988 68.19950104 10.19993401 56.23262405 67.36306763 10.28744125 55.95681 65.80535889 10.49156475 55.29652023 65.79443359 10.49318504 55.29117203 64.29761505 10.74013138 54.45260239 63.60680771 10.87095547 53.98749542 62.89486313 11.01707458 53.44841385 61.64362717 11.30193996 52.32742691 61.60710526 11.31079674 52.29087067 60.44727707 11.6082449 50.98819351 59.97210312 11.73932838 50.35807037 59.43981552 11.89269352 49.5630188 59.1411171 11.98180962 49.06537628 58.60047531 12.14868927 48.03930283 98.08074188 72.77563477 69.81925201 97.05834198 67.21421051 68.39042664 96.9977417 67.20726776 68.44277191 104.02553558 84.44004059 67.21973419 102.47868347 78.83564758 66.24328613 100.68942261 78.59931946 68.724617 100.99404144 73.22659302 65.17015076 104.51719666 79.07078552 63.93431091 87.9121933 12.54236126 44.55584335 87.65386963 12.45366383 45.59011459 88.05125427 15.15386486 46.9118309 88.27352905 17.80871391 49.07894135 89.2365799 23.32129669 51.65565109 89.52212524 23.34821892 50.5536499 90.94470978 34.5593338 57.6149292 90.98771667 34.5581665 57.52981567 89.96009064 28.91054726 55.16537094 90.98872375 23.38851929 46.89715576 91.2647171 23.38894463 46.42186356 90.39975739 20.71010208 45.55761719 91.5555954 23.38827324 45.96224594 91.86005402 23.38656044 45.51919556 90.85383606 20.72091103 44.69526672 88.49289703 13.42696667 41.54351807 88.25357819 12.66330814 41.28540421 88.23532104 12.65564537 42.09324265 102.09216309 95.24505615 74.60037994 107.34968567 95.59217834 68.88822937 120.88293457 96.30672455 60.09812927 126.60070801 99.10197449 58.8758049 124.80282593 96.49498749 58.71673584 117.15314484 96.12334442 61.82965469 113.64391327 95.94387817 63.89247513 110.3730545 95.76727295 66.25700378 103.2456131 95.32719421 73.24745941 102.60311127 95.28038025 74.03417969 102.18906403 95.25086975 74.52536774 102.27967834 95.25672913 74.4397583 101.18423462 89.60707855 73.46664429 101.93247223 95.23644257 74.68832397 94.41630554 28.70074654 46.62988663 94.90306091 28.68172264 46.20552444 94.44465637 27.67399979 45.92496872 97.86791992 35.27667236 47.94864273 97.32501221 34.05405045 47.63729477 96.6880722 34.08615112 48.07395935 96.76516724 32.80058289 47.31265259 99.09942627 39.87109756 49.50659561 101.37541199 43.28919983 49.86535645 118.27776337 85.65557861 57.79085541 118.88366699 80.79599762 56.25201035 115.35417938 80.05963135 57.16351318 116.27252197 75.87277222 55.64829254 112.61095428 74.38802338 56.43242264 113.59174347 70.50476837 54.90764236 110.01663971 68.664711 55.60069656 110.80275726 64.6170578 53.99921036 107.54202271 62.90891647 54.67044449 107.86392212 58.13830948 52.8846817 105.16059875 57.1368103 53.64292908 104.72797394 51.01105118 51.51812744 102.84805298 51.36333084 52.51876831 121.41572571 91.14653015 58.31030273 123.98386383 89.49368286 57.13037109 121.44586945 85.31887054 56.74001694 126.51387787 93.35565948 57.43617249 125.20082855 91.38824463 57.28730011 130.20404053 98.47084808 57.75074005 129.04458618 96.92810822 57.66748428 98.34063721 39.86785507 49.97740936 100.57909393 45.59667969 51.29585266 93.28945923 26.04074669 45.87524033 93.69750214 26.03001213 45.45885468 93.27381134 25.09436226 45.18895721 92.58299255 23.55812073 44.73866653 92.50351715 23.38022995 44.68595886 92.17642975 23.38387108 45.09361649 92.23646545 22.78020477 44.50733566 91.09230804 20.72408104 44.28350067 91.33705902 20.72577667 43.88538742 90.77048492 19.39434624 43.47367477 89.53386688 16.3239975 42.49940109 89.17715454 15.37658691 42.19185257 89.01208496 15.36444569 42.94868851 89.07542419 15.09936333 42.10095978 88.60538483 14.01477718 42.48672485 88.69363403 14.02443695 41.7442627 88.64352417 13.87800789 41.69519424 90.22044373 18.06200981 43.05469513 90.17977142 17.96159554 43.02283478 89.89750671 18.05031586 43.83921814 90.0151825 17.55222321 42.8926506 89.44429779 16.70957947 43.39847565 89.68779755 16.72237015 42.62749481 90.36762238 19.38558197 44.27118301 93.50082397 28.73871231 47.55605316 92.51946259 26.06077957 46.77363586 92.16104126 26.0699501 47.25425339 88.83480835 15.34200478 43.72244263 88.49389648 13.99365044 43.23686218 89.58361816 18.03055954 44.65871048 92.89627838 26.05101395 46.31362915 93.94830322 28.71976089 47.08015442 96.07681274 34.11906433 48.54379272 95.49357605 34.15270615 49.04689026 97.61625671 39.86601639 50.4886055 96.92992401 39.86537552 51.03904343 98.91514587 45.54470444 52.38566208 93.07626343 28.75748634 48.0565033 94.94141388 34.18691635 49.58208466 94.4225769 34.22154236 50.14813232 96.28427124 39.86575699 51.627388 95.6818161 39.86695099 52.25153732 97.43851471 45.49876022 53.65283966 92.67642975 28.77597046 48.58038712 93.93902588 34.25642395 50.74327087 91.95709991 28.81152344 49.69147491 90.7285614 23.38692474 47.38708878 90.48558807 23.38405037 47.88962936 89.98335266 20.6931076 46.46653366 89.14237976 17.98576546 45.9424324 89.2846756 18.00273895 45.50839615 88.64853668 15.30950928 44.50966263 93.08291626 34.32619476 52.01197052 91.63817596 28.82842827 50.27696991 90.25886536 23.37992859 48.40549469 88.18945312 12.63952827 42.73908997 88.1056366 12.60995102 43.46144867 92.30275726 28.7940464 49.12630081 93.49297333 34.29130173 51.36411667 94.61225891 39.87088394 53.59713745 93.96146393 50.70573807 63.49369049 94.99356842 56.17723465 65.22992706 95.03675079 56.18244934 65.1761322 95.07602692 56.18769073 65.11850739 94.03360748 50.71381378 63.38852692 95.14524841 56.19821167 64.99468231 94.89311218 56.16694641 65.32316589 94.94589233 56.17206573 65.27918243 94.7830658 55.57577133 65.14089203 93.91981506 50.70165253 63.54124832 93.87377167 50.69753647 63.58472443 92.99970245 45.27687454 61.54866409 92.93745422 45.27147675 61.64740372 91.97636414 39.85887146 59.58623505 91.92363739 39.85605621 59.67817307 93.22636414 47.22357941 62.41701126 92.9016571 45.26862717 61.69303894 92.86219788 45.26566696 61.73563766 91.89350128 39.85441971 59.72150421 92.70956421 44.44379425 61.44452667 89.92500305 28.90944481 55.24105453 88.97306824 23.28713226 52.61078644 88.9454422 23.28356934 52.67599869 90.64035034 28.88583755 52.75480652 90.2809906 28.90525246 54.04374313 91.81596375 34.46001053 54.78988647 91.3729248 34.51926041 56.25159073 93.01754761 39.87790298 56.59174728 92.45566559 39.8752327 58.18516541 94.25455475 45.37652206 58.29249191 93.57269287 45.33147812 60.02001953 95.52503967 50.89990616 59.87691879 94.71051788 50.80928421 61.73398209 96.8312912 56.45259094 61.3535347 95.86923981 56.3202858 63.33790588 98.17613983 62.02853394 62.72691345 87.43861389 12.38105106 46.28158951 88.50372314 17.8700676 48.1758194 90.89350891 34.55979919 57.69503784 90.69783783 33.47570801 57.25206757 89.65420532 27.59612846 54.73324585 88.82144165 22.72955704 52.47567368 88.33679199 19.79043579 51.02503967 88.05250549 17.74561501 49.85916138 87.96576691 17.46511078 49.82439423 88.05361938 12.59167099 43.80496979 87.98805237 12.56874371 44.17845154 88.45545959 15.26717663 45.30655289 87.94195557 12.55269337 44.41345215 91.42647552 37.48874283 58.85822678 106.3527298 84.67435455 64.80529022 108.29942322 90.24571228 65.57959747 102.1027832 89.7022934 72.25859833 104.56686401 95.41679382 71.75088501 103.23860168 89.81327057 70.83364868 102.44683838 95.26852417 74.24529266 101.54811859 89.64388275 73.00400543 99.22662354 78.37845612 71.0136795 99.16308594 78.37034607 71.08620453 100.24772644 83.98714447 72.24476624 100.17626953 83.97916412 72.32141113 101.2646637 89.61435699 73.38565063 101.98781586 95.23929596 74.66264343 101.00417328 89.59275818 73.59785461 101.09777069 89.59986877 73.5380249 100.01499939 83.96353912 72.44704437 100.09902954 83.97129059 72.38941193 99.01858521 78.35450745 71.20675659 99.09405518 78.36235046 71.15106201 98.01302338 72.76809692 69.87319183 99.8562088 78.47706604 70.01129913 101.94820404 84.20490265 69.82563782 105.6455307 90.02975464 68.10105133 99.45593262 73.00269318 67.52792358 98.24290466 67.42088318 66.23284149 97.11335754 67.22129059 68.33128357 97.16357422 67.22848511 68.26644135 97.25270081 67.24311066 68.12405396 100.95435333 89.5892334 73.62284088 99.97011566 83.9597168 72.47145081 98.97814178 78.35064697 71.23069763 97.97663116 72.76438904 69.89676666 98.9177475 78.2453537 71.2284317 97.93841553 72.76074219 69.91784668 97.85378265 72.29055023 69.80092621 101.41184235 89.62906647 73.20249939 100.37741089 84.00331116 72.07241821 99.34099579 78.39494324 70.85167694 97.63652039 67.31550598 67.38393402 96.53130341 61.76891327 65.92009735 95.47918701 59.32052612 66.2731781 95.91407013 61.66871643 66.95652008 95.97379303 61.67472839 66.91226196 96.86658478 66.84902191 68.39319611 96.96510315 67.20386505 68.46604156 96.93078613 67.20050049 68.48720551 96.02775574 61.68086243 66.86145782 99.44470215 78.41161346 70.67707825 97.3319397 67.25788879 67.9720459 95.20598602 56.2087059 64.86425018 99.56235504 67.62177277 63.99861908 97.04722595 61.85887146 64.83686829 95.43145752 56.24895859 64.35290527 94.34072113 50.75887299 62.68025208 93.26306915 45.30401611 60.89688492 92.1995163 39.86915588 58.99084473 91.16941071 34.54435349 56.98781586 90.11222839 28.91067123 54.69046783 89.09753418 23.30373764 52.20635986 88.15470886 17.77415657 49.52809143 87.31921387 12.34125328 46.62307739 101.87482452 95.2335968 74.71001434 100.92809296 89.73462677 73.6734314 100.18026733 85.42810822 72.80262756 99.92314911 83.95593262 72.49262238 98.93573761 78.34683228 71.25177002 89.00462341 17.96678925 46.38251114 89.85773468 23.36732101 49.46598816 91.085495 28.85952187 51.49332047 92.3769989 34.39472961 53.36933517 93.72612 39.87534332 55.05379105 95.108284 45.41708755 56.6353302 96.53311157 50.98674774 58.10572052 98.00505829 56.58175278 59.47113037 99.53142548 62.19562531 60.73563385 101.11930847 67.82061768 61.90035629 102.77729034 73.44891357 62.96625137 100.94138336 51.25994492 53.63462067 99.24185944 51.16414642 54.95288849 103.01955414 56.98720551 54.78503799 101.10061646 56.84631729 56.15314865 105.17047119 62.71871185 55.8395195 103.03109741 62.53794098 57.2567215 107.41413116 68.44132996 56.79788208 105.04898834 68.22766876 58.26385117 109.77256012 74.14096832 57.65941238 107.17184448 73.90351105 59.17438507 112.27062988 79.80078125 58.42279053 109.42018127 79.55099487 59.9877739 114.93534851 85.39984131 59.08584976 111.8165741 85.15219116 60.70282364 117.79611206 90.91266632 59.64559555 114.38580322 90.68549347 61.31767654 94.14720917 50.72953033 63.15366745 93.09809875 45.28670502 61.33279037 92.06040955 39.86312485 59.38921738 91.0566864 34.55436707 57.35056686 90.01763916 28.91132164 55.00835419 89.0196228 23.29322815 52.47707367 88.08959961 17.75546455 49.74957275 96.16758728 45.45691681 55.07766724 97.77009583 51.07383347 56.45230103 99.4263916 56.71195984 57.72484589 101.14828491 62.36437988 58.89889908 102.94716644 68.02155304 59.97513962 104.83609772 73.67356873 60.95397186 106.83125305 79.30834961 61.83561707 108.95077515 84.91095734 62.61985779 111.21482849 90.46365356 63.30595016 133.7460022 97.67913818 53.37555695 133.65434265 100.10110474 55.70379257 130.39323425 96.10623932 55.49633026 127.34176636 91.94853973 55.20300293 99.94857788 37.23465729 46.04182434 101.98847198 41.84925842 47.17218399 106.04122162 51.1374855 49.23205948 110.17887878 60.44161606 51.03333664 112.3230896 65.07784271 51.83756256 114.53813171 69.69111633 52.57551956 116.84187317 74.2702713 53.2455864 119.25347137 78.80254364 53.84598541 121.79307556 83.27223206 54.37431335 124.48177338 87.66130066 54.8277626 100.60468292 32.27548218 37.18343735 100.08726501 32.3558197 38.80080795 102.64279175 36.35677719 38.35792542 99.62168884 32.42494965 40.180439 100.92449188 36.9327507 43.51657867 98.76106262 32.54511261 42.56149292 97.52033234 32.70471573 45.64129639 101.34931183 32.15234375 34.68353271 104.09586334 35.81896973 33.08806992 102.08945465 32.01972961 31.96980095 105.33026123 35.3196907 27.74219704 103.04901123 31.82965469 28.05236816 102.54709625 31.93187714 30.16245079 108.10887146 34.04236984 11.40156651 105.80165863 31.12413788 13.33707619 107.30612183 34.43185425 16.88323593 104.76986694 31.42252541 19.58695602 106.38948059 34.85732269 22.33329773 104.34615326 31.53203964 21.87304306 103.68650055 31.68989754 25.15739822 134.26963806 83.66604614 34.3886261 137.14186096 84.80550385 31.33349419 134.33184814 82.1322937 31.35561943 137.14186096 84.44369507 30.59686852 134.39176941 80.72517395 28.25844193 134.13725281 87.10157776 40.24032593 137.14186096 88.18792725 37.43009567 134.20483398 85.3234024 37.35198975 137.14186096 87.6319046 36.51158142 137.14186096 86.23078156 34.06087494 137.14186096 97.62459564 49.81266403 133.83258057 95.35334778 50.94122314 137.14186096 95.50344086 47.44602203 133.91461182 93.13103485 48.40870285 137.14186096 95.03166199 46.8923378 133.99250793 91.00708771 45.77153015 137.14186096 92.59121704 43.8504715 134.06661987 88.99581909 43.04666901 137.14186096 91.33303833 42.15174866 137.14186096 90.31271362 40.69991302 104.50998688 41.68283081 41.26726532 104.57240295 40.51595306 39.45492172 104.06317139 42.02698517 42.81727219 102.9217453 41.389534 44.64028168 103.58638 42.36909866 44.35881042 107.51767731 51.15632248 46.21705246 106.870224 50.37050629 46.69604492 110.89298248 59.36951447 48.50747299 111.07014465 59.01020432 47.7412529 114.17683411 65.58095551 48.8937912 112.97815704 63.85256958 49.32204819 115.13234711 68.31291962 50.07329178 116.70667267 70.63001251 49.67336273 127.59659576 89.81456757 52.80958939 127.86450958 87.94102478 50.47533035 127.10652161 87.40344238 50.95576477 126.85187531 87.19493866 51.09087372 126.39611053 86.78242493 51.29582977 124.81052399 85.67610168 52.40670776 125.80235291 86.15480042 51.47824478 125.37243652 85.60780334 51.52086639 129.74203491 88.70967865 48.72292328 129.22438049 88.59243011 49.30627823 130.73544312 91.6360321 50.67017746 130.89239502 89.54243469 48.11327362 130.10754395 88.72018433 48.22764969 129.89788818 88.72348785 48.52268982 130.56944275 93.82623291 53.13378906 128.51385498 88.30503845 49.9703064 130.6749115 88.43812561 47.09792328 130.5524292 88.56773376 47.42630768 130.37149048 88.66556549 47.79590607 131.18215942 85.64408875 42.71833038 130.84268188 87.2325058 45.35460663 131.04104614 87.5406723 45.4573288 130.78108215 88.11062622 46.54712677 130.74610901 88.29595184 46.82430649 131.31629944 83.85674286 39.90259171 131.07382202 83.88931274 40.36463547 130.98431396 85.18226624 42.38731003 131.13493347 83.0116272 38.9153595 131.44432068 82.17771149 37.0092926 131.27182007 81.10653687 35.5159874 131.56680298 80.61143494 34.04513931 131.41317749 79.30413818 31.90103149 132.01011658 75.52670288 21.58670807 131.6625061 76.5123291 25.19802475 131.90534973 76.61578369 24.78093529 131.54208374 77.79159546 28.47515869 131.79681396 77.82782745 27.92577362 131.68409729 79.16053009 31.01566505 131.82989502 74.28624725 18.48586845 131.87469482 74.44017792 18.81173134 132.11149597 74.56254578 18.34839058 131.88110352 74.55961609 19.16168213 131.85017395 74.77348328 19.92100906 131.79211426 75.29132843 21.61436272 130.34500122 72.05440521 16.9050808 130.78335571 72.62597656 17.05347061 132.20977783 73.72525024 15.07222176 130.97319031 72.88439941 17.1627121 131.14241028 73.12176514 17.28777695 131.40377808 73.50814819 17.55498314 131.48019409 73.62784576 17.65699577 131.60800171 73.83906555 17.86485481 131.75172424 74.10643005 18.19609833 125.95064545 64.48625183 10.81366062 125.3157196 63.50912857 10.69128418 123.67237091 62.49824142 15.8041544 124.69567871 62.53146744 10.56635475 124.05609894 61.49872208 10.43174267 121.44390869 58.73974228 15.30777645 121.00146484 56.23672485 9.70543957 115.21413422 47.06256485 13.55679131 116.66846466 49.88368988 14.0074749 117.23100281 49.1361351 8.62471581 118.91834259 54.16544342 14.65830135 120.05057526 56.25337219 14.96075153 115.81900024 46.39509583 8.1781044 114.85457611 44.52762222 7.86463928 111.88378906 40.66941452 12.47046471 113.99500275 42.878582 7.58167267 111.42807007 38.12404251 6.73324871 109.94606018 37.14145279 11.84153557 106.9082489 30.74295235 5.31678677 107.89264679 32.22582245 5.61155939 108.82048035 33.68861771 5.89713478 108.74754333 35.06900024 11.46519852 109.45495605 36.28120804 11.68584538 108.6967926 35.31349945 12.56688499 108.69703674 35.3123703 12.56179714 108.72337341 35.18907166 12.00622749 108.73596954 35.12741852 11.72841454 108.63991547 35.55792999 13.66830444 108.21944427 36.87469101 19.60194778 107.6802063 38.01856232 24.75714302 107.3653183 38.55421829 27.17004776 107.14218903 38.89486313 28.70539856 104.94121552 41.32584763 39.65846634 105.31739807 40.99075699 38.14865494 105.97660065 39.70664597 34.13836288 106.21834564 40.07581711 34.02484894 107.00853729 39.08641434 29.56892967 122.19206238 81.43755341 51.92867279 119.71982574 77.11949158 51.37867355 117.37321472 72.73948669 50.75943375 134.66381836 75.67478943 12.01854992 132.61714172 73.38272095 11.80380821 134.61248779 76.41268158 15.34396553 134.55978394 77.28899384 18.63942528 134.50553894 78.30123901 21.89457893 134.44960022 79.44733429 25.10279083 132.60501099 73.36858368 11.80242825 129.934021 70.93196106 14.76272774 127.78380585 68.04743958 14.41652489 128.56782532 69.74778748 16.6561985 125.75333405 65.0855484 14.03488731 126.28924561 66.54438782 16.29772568 123.79347229 62.69434357 15.82907867 130.06784058 70.25772095 11.48293209 128.50384521 68.17700958 11.25261116 119.67038727 76.17240906 50.44234085 122.18968201 80.54999542 50.98774338 124.5634613 84.38674927 51.41651917 137.14230347 78.2219162 12.23489094 137.14187622 79.08670807 15.98291874 137.14187622 79.8614502 18.78188705 137.14187622 80.15019226 19.73210144 137.14187622 81.3997345 23.42375946 137.14187622 82.06201935 25.16579437 137.14187622 82.8321228 27.04844856 50.52030182 95.37085724 77.65588379 51.22650146 89.5719223 76.76590729 47.76257706 89.65402985 75.16650391 72.66230774 60.12073135 74.71784973 72.66229248 54.35538101 73.41607666 69.6499939 54.38612366 73.30993652 54.65371323 44.21622849 63.53569031 56.90016556 43.96660614 65.64466095 57.57866669 38.41257095 63.66822815 89.02112579 33.20450592 59.40667725 85.34806824 16.79122925 53.95558929 79.65399933 15.71856594 58.22172546 61.67245865 16.41042328 55.68641281 54.7169342 89.48048401 77.9646225 94.83495331 95.37089539 77.65187073 98.42594147 95.44142914 76.15596008 79.92900848 89.26367188 79.35240936 83.53317261 89.32199097 79.08854675 87.10202026 89.39530945 78.68067932 88.87190247 89.4365921 78.37269592 90.63384247 89.48052216 77.96139526 76.30143738 89.22550964 79.52579498 72.66234589 77.53341675 77.9431839 69.01937103 89.22550201 79.52577972 72.6623764 89.21204376 79.58810425 65.38777924 89.26366425 79.35217285 61.78836441 89.32197571 79.08850098 58.23456955 89.39528656 78.6819458 46.06545639 89.69081116 74.36187744 46.91837311 95.44137573 76.1596756 44.39639664 89.73466492 73.67339325 43.5520134 94.63589478 74.60140991 42.68106842 99.72859192 75.49745941 52.93017197 55.39362335 67.11694336 50.40347672 56.31594467 65.3694458 50.75331879 61.1146431 67.71501923 49.41038895 61.66858673 66.9568634 49.06789398 63.52462006 67.48268127 55.49416733 38.68828201 61.54655075 54.02529526 36.78792572 58.58337021 52.89984512 42.90552521 60.89302826 55.05389786 31.08706474 56.25462723 57.09741211 27.77911758 57.1102562 55.97842407 25.81278419 53.92631912 57.84018326 22.42530632 54.63502884 56.40980148 23.27899933 52.73994827 58.52768326 17.15234566 51.96133423 57.4977684 16.56479263 49.34614182 56.79273224 20.97746086 51.61991882 62.60019302 16.22305107 56.43591309 65.66999817 15.71849346 58.22193146 66.77442169 15.58099651 58.66705322 67.91212463 15.46431351 59.03613281 70.26011658 15.30231571 59.53624725 72.66220856 15.24587345 59.70510864 75.06388855 15.30234718 59.53615952 78.54868317 15.58106232 58.66690826 77.41134644 15.46437073 59.03598404 84.53031921 16.60124207 54.85806274 83.65507507 16.41052055 55.68567657 86.7988739 17.15243721 51.96040726 90.68280029 44.21631622 63.53303146 91.54092407 49.7851944 65.38589478 92.40927887 55.39370346 67.11380768 95.54199219 66.77680969 69.24477386 96.48922729 72.46981812 70.67203522 99.27841187 89.69081116 74.35909271 97.42723083 78.18875122 71.997612 64.34439087 21.20961189 60.38782883 64.60307312 15.87354946 57.70219421 63.27361298 21.36938477 59.82062912 63.57822037 16.04287338 57.10739136 62.24587631 21.53972435 59.17173767 64.05381012 26.63826752 62.84015656 62.93285751 26.78740692 62.30148315 61.85132217 26.94664574 61.67698288 60.81108093 27.11301613 60.95611572 59.44519043 22.07977676 56.68860245 59.97990799 16.7911396 53.95653915 60.32982254 21.89863968 57.60657501 58.85982513 27.45365334 59.20495987 56.31184006 33.20441437 59.40873718 54.43027115 34.55953598 57.69466782 64.94413757 32.0226326 65.51117706 62.56313705 32.28596497 64.568573 61.42461395 32.43305206 63.9706459 60.32323074 32.58695984 63.26934052 59.26018906 32.74470901 62.45440674 58.67725754 38.26773453 64.59091187 61.26381683 21.71732521 58.43494797 59.81387329 27.28325462 60.1317482 58.23456955 32.90276718 61.52607346 72.662323 65.90737152 75.90049744 69.54682922 60.14800262 74.62042236 72.66233063 71.71235657 76.97344208 69.44234467 65.93140411 75.81130981 69.33721924 71.7334137 76.89192963 69.23173523 77.55172729 77.86870575 62.11639404 83.49697876 78.26490784 58.68146133 83.58323669 77.82054138 56.47164536 89.43656921 78.37485504 56.81789017 55.09019852 70.0270462 55.49770355 55.19570923 69.15753174 54.78356934 60.86265182 70.71562958 52.05838776 61.03596497 68.72692871 49.79982758 66.77679443 69.24732971 47.70605087 70.98503876 69.47278595 58.15703583 54.98482895 70.75730896 56.17713165 60.76956558 71.55822754 54.06707382 66.55796051 72.15119934 51.1871109 66.70870209 70.22411346 48.85340881 72.46980286 70.67468262 46.34224319 78.60905457 71.31222534 59.51888275 54.88242722 71.3508606 57.58608627 60.67650986 72.25933075 55.53313446 66.47634888 72.96346283 53.35230255 72.2802124 73.46990967 50.32101822 72.41096497 71.61292267 47.91602325 78.18874359 72.00033569 44.96225357 86.47291565 73.01879883 52.97003937 89.52618408 77.42980194 55.28998947 83.68307495 77.04885101 56.98067856 83.63169861 77.48883057 57.48880005 77.84157562 76.49395752 59.12712479 77.78489685 76.85166168 59.57278061 72.00283813 75.77265167 62.44307709 77.68386841 77.33808899 62.76932144 71.88587952 76.30570221 65.81705475 77.60379028 77.65939331 66.03059387 71.79337311 76.66159058 66.24360657 65.99992371 75.55784607 63.09512711 66.1059494 75.16360474 60.0184288 66.24028015 74.57952118 57.99737549 72.068367 75.38736725 55.8626709 77.90150452 76.02394867 53.60895157 83.73635101 76.47853088 66.66499329 54.4740448 73.00488281 66.45552826 60.22588348 74.34194183 63.74084854 54.61087418 72.52418518 63.41965485 60.3467598 73.90590668 60.90358353 54.78498459 71.82688904 60.46294403 60.50023651 73.26682281 59.01459122 60.58614349 72.82202148 58.50639343 66.31549072 74.16511536 57.01143265 66.3946991 73.6335907 56.43648529 72.13751221 74.88681793 54.88965988 72.20889282 74.24897003 54.24826813 77.96350861 75.41938782 52.64093399 78.02545166 74.67609406 51.93294525 83.78958893 75.77352142 49.46199036 78.13816833 72.89703369 48.60991287 83.88568115 74.08006287 84.43012238 54.78504562 71.825737 84.87150574 60.50029373 73.26561737 85.82016754 54.88248444 71.34900665 86.32563782 60.5861969 72.82006836 87.18765259 54.9848938 70.75461578 87.76020813 60.67657089 72.25647736 88.53299713 55.09026718 70.02348328 89.17584229 60.76963043 71.5544281 89.85054016 55.19577026 69.15419769 90.56655884 60.86270905 70.71208954 93.28227997 61.03604126 68.72359467 94.15461731 66.70877838 70.22062683 95.02159119 72.41103363 71.60932159 95.88132477 78.13822937 72.89333344 85.31665802 66.24032593 74.57828522 85.7628479 72.00287628 75.77139282 86.83483887 66.31552887 74.16307831 87.34470367 72.06840515 75.38526154 88.33625031 66.3947525 73.63059235 88.91233826 72.13755798 74.8837204 89.82162476 66.47640991 72.95946503 90.46656036 72.20894623 74.24482727 91.28465271 66.55801392 72.14749146 92.00074005 72.28026581 73.46605682 86.20893097 77.784935 76.85038757 87.8539505 77.84160614 76.49182129 89.48705292 77.90155029 76.02076721 91.10910034 77.96355438 75.41513824 92.71312714 78.02549744 74.67214966 92.38861084 89.52622986 77.42547607 94.12867737 89.57196045 76.7618866 76.08916473 77.55172729 77.86871338 79.71385956 83.4284668 78.55577087 83.20509338 83.49700165 78.26494598 86.65492249 83.58326721 77.81926727 88.36256409 83.63172913 77.48667145 90.06038666 83.6831131 77.04562378 91.74922943 83.73639679 76.47422791 93.42182922 83.78962708 75.76951599 97.58159637 89.65408325 75.16275024 51.68701935 49.42837906 63.16422653 53.79713821 49.78510666 65.38881683 56.20485306 49.56144333 67.470047 57.45116043 49.44295502 68.36240387 58.72039413 49.32471085 69.11937714 60.01578522 49.20971298 69.74291992 61.33725357 49.10018158 70.2505188 64.05638885 48.9044342 71.00834656 66.87046051 48.75088501 71.53590393 69.75106812 48.65244675 71.86872864 72.66227722 48.6180687 71.98390961 75.67155457 54.3861351 73.30992126 75.77450562 60.14801407 74.6204071 75.87880707 65.93141174 75.81130981 75.98378754 71.73342133 76.89193726 87.48864746 22.42539978 54.63369751 88.23355103 27.77921104 57.10854721 85.88637543 22.07986832 56.68722153 85.00262451 21.89873505 57.60518265 84.06674957 21.71742058 58.43385696 83.08294678 21.5398159 59.17088699 86.47512054 27.45374107 59.20316696 85.52230072 27.28334808 60.12990189 84.52233124 27.11310577 60.95468903 83.47956085 26.94673347 61.67592239 82.39571381 26.78750992 62.30068588 89.84064484 38.68837357 61.54417419 87.76233673 38.41265106 63.66571808 87.10352325 32.9028511 61.52391052 86.6656189 38.26781845 64.58827209 86.07946777 32.74479675 62.45214462 85.53054047 38.12330627 65.38906097 85.01284027 32.58704758 63.26761246 84.3618927 37.98248291 66.06784058 83.9081955 32.43313217 63.96939468 83.16026306 37.8480835 66.63754272 82.76663208 32.28606033 64.56768036 80.37876892 32.02269363 65.51103973 81.74768829 16.04298973 57.10680389 80.72200012 15.87363529 57.70183563 80.9813385 21.209692 60.3874321 79.86982727 21.06354332 60.87928391 80.11321259 26.5020256 63.30304718 77.54833984 20.82413864 61.64739227 82.72644043 16.22314644 56.43528748 82.05366516 21.3694973 59.81993484 81.27254486 26.63834 62.83973312 77.70396423 26.27877426 64.0243988 75.13022614 20.67155838 62.12086487 88.44351196 43.96667862 65.6418457 87.27335358 43.83507538 66.55206299 86.06869507 43.70376968 67.33335114 84.8345871 43.57595062 67.98604584 83.57121277 43.45409393 68.52549744 80.66187286 37.60759354 67.52008057 77.87463379 31.81672096 66.18462372 75.20596313 26.13644409 64.47071075 72.66221619 20.61839485 62.28135681 70.19333649 20.67152977 62.12094498 67.77420044 20.82408333 61.64749527 65.4537735 21.06347656 60.87946701 58.07247543 43.83499527 66.55506134 59.80799484 38.12322617 65.3910675 59.27210236 43.7036972 67.33561707 60.97270203 37.98241043 66.06926727 60.50164032 43.57588196 67.98763275 62.17063141 37.84799576 66.63851166 61.76071167 43.45401764 68.52654266 64.66072845 37.60754013 67.52019501 64.36385345 43.2361412 69.34624481 67.26288605 37.41935349 68.14501953 67.0703125 43.06546021 69.92214203 69.94369507 37.29913712 68.53507233 69.84925079 42.95624924 70.28346252 72.66225433 37.25722122 68.66880798 72.66226196 42.91814804 70.40791321 75.47283936 42.95626831 70.28342438 75.57073212 48.65246201 71.86869812 78.44841766 48.75091553 71.53599548 78.65335846 54.4740715 73.00499725 81.58104706 54.61091232 72.52414703 78.86236572 60.22590637 74.34209442 81.90208435 60.34679413 73.90588379 79.07390594 65.99993896 75.55802155 82.22648621 66.10597992 75.16360474 79.28661346 71.79338837 76.66178894 82.55220795 71.88591003 76.30571747 79.49992371 77.60380554 77.65960693 82.87841034 77.6838913 77.33811188 67.44625092 31.81667709 66.18463898 70.0334549 31.68527412 66.60314178 72.66223907 31.63949013 66.74600983 75.37870789 37.29915619 68.53502655 78.2491684 43.06549454 69.92220306 81.26570892 48.90447998 71.00828552 65.21002197 26.50196266 63.30320358 67.61771393 26.27872658 64.02445221 70.11717987 26.1364212 64.47077179 72.66222382 26.08685112 64.62255096 75.28929901 31.68529701 66.60308075 78.05725861 37.41939163 68.14504242 80.95848083 43.2361908 69.34615326 83.99560547 49.10025024 70.24941254 85.32192993 49.20977402 69.74119568 86.62245941 49.32477951 69.11688995 87.89733887 49.44303131 68.3591156 89.14123535 49.56151199 67.46694946 96.73391724 83.88574219 74.07632446 56.04013824 18.00274467 45.50827789 55.74118042 18.03056526 44.65857315 54.92502213 20.7101059 45.55747223 56.82110977 17.87007141 48.17576981 57.05131531 17.80871582 49.07891464 53.14828491 23.38387108 45.09344864 53.46467972 23.38656235 45.51902771 53.97275162 22.05399704 45.11089706 18.72333145 99.10202026 58.87556839 28.17120361 96.12338257 61.82939529 31.68055725 95.94390869 63.89223099 34.95152664 95.76730347 66.25680542 37.97499847 95.59220886 68.88808441 40.75790787 95.41681671 71.75080872 43.39237595 95.23645782 74.68832397 43.33703232 95.23931122 74.66265106 43.23267746 95.24507141 74.60037994 43.13578033 95.25088501 74.52536011 42.07919312 95.3272171 73.24742889 18.2564888 94.16261292 57.49287796 16.86177444 96.13214111 57.62044525 20.52124596 96.49503326 58.71650696 14.34904289 99.46572113 57.79872513 23.90840721 91.14659119 58.31008148 20.12379074 91.38827515 57.28725052 19.38451767 92.50569916 57.37360764 27.07757378 79.62441254 56.11497498 24.47369003 84.29613495 56.63536072 27.04641151 85.65563965 57.79064178 23.5238781 85.92086029 56.79989243 21.91658974 88.57309723 57.04940796 42.47640991 51.36335754 52.51858139 38.5309639 55.72466278 52.43839264 40.16381836 57.13684845 53.64273453 35.43570328 62.62889862 53.66988373 37.78234482 62.90896606 54.67024994 32.52126694 68.86959839 54.66524124 35.30768585 68.6647644 55.60049438 29.74819374 74.50826263 55.46796417 32.71332932 74.38807678 56.43221283 29.97005272 80.05969238 57.16330338 44.74541855 45.59669876 51.29566574 42.02042389 47.7350502 50.83912277 40.19261932 51.93727493 51.70402527 48.63651657 34.08614349 48.07377625 48.55908966 32.80048752 47.31270981 45.27095795 40.25124359 49.1640892 52.62413406 23.82091522 44.81620026 52.03522491 26.04074478 45.87506485 51.62721252 26.03001022 45.45872116 50.90834427 28.70074081 46.62970734 50.88306046 27.66732788 45.92295837 49.48029709 30.75593758 46.77067184 53.19400024 22.54166412 44.43585205 52.82123566 23.38022995 44.68584824 52.77891159 23.47500801 44.71394348 54.47092819 20.72091484 44.69510651 53.98773193 20.72577858 43.88529587 53.40927505 22.05373573 44.28916931 54.28613663 20.02899742 43.67068481 54.95715332 19.38558578 44.2710228 54.5543251 19.39434814 43.47359467 56.12544632 16.68762779 44.1953392 55.63703537 16.72237015 42.62742996 55.10437775 18.06201172 43.05462265 56.49001312 15.34200859 43.72231674 56.14767838 15.37658691 42.19179535 56.83093262 13.99365616 43.23674011 56.63121414 14.0244236 41.7442131 56.20566177 15.21900463 42.14018631 56.86936569 15.26718235 45.30646133 57.0683403 15.21523094 46.10895157 57.1701355 17.77415848 49.52807999 54.38013458 34.55933762 57.6149292 55.39984512 28.90944862 55.24105453 56.37940598 23.28357124 52.67599869 53.43135071 39.85442352 59.72150421 52.42319489 45.2686348 61.69303894 51.40503693 50.70166016 63.54124832 49.35105515 61.67473984 66.91226196 50.37895966 56.17207336 65.27918243 48.32710648 67.20728302 68.44277191 43.22203064 89.70230865 72.25856781 42.72171783 95.28039551 74.0341568 42.87799072 95.26854706 74.24528503 43.04515457 95.25674438 74.43975067 45.88013458 78.41162872 70.67706299 43.77671814 89.64389801 73.00398254 44.94742966 84.00332642 72.07240295 43.91299438 89.62908173 73.20249176 44.06017303 89.61437225 73.38564301 45.30354309 84.01102448 72.45842743 46.34670258 78.35066223 71.23069763 45.30984879 83.96355438 72.44704437 46.30625916 78.35451508 71.20675659 46.230793 78.36236572 71.15106201 47.24410629 72.7756424 69.81925201 42.08618164 89.81329346 70.83357239 43.37658691 84.20492554 69.82556152 45.46861649 78.47707367 70.01126862 44.37049103 89.58924866 73.62284088 44.32067108 89.59277344 73.59785461 45.225811 83.97130585 72.38941193 46.16175842 78.37036133 71.08620453 48.21148682 67.22129822 68.33128357 49.0556488 61.71907806 66.46968842 47.99290085 67.25790405 67.97203064 48.07213974 67.24312592 68.12404633 45.98384476 78.3949585 70.85166931 45.07711411 83.98715973 72.24476624 44.14060974 89.60709381 73.46664429 49.89337921 56.24897003 64.35288239 48.27759933 61.85888672 64.83681488 48.79353714 61.76892471 65.92006683 47.08190918 67.42090607 66.23278809 47.68831635 67.31552124 67.38391113 45.86887741 73.00271606 67.52785492 44.63537979 78.59934235 68.72454834 52.94779968 34.3947258 53.36922455 52.24184418 34.32619476 52.01182556 51.59866333 39.87534714 55.05366898 50.71248627 39.87088776 53.59698486 50.21648788 45.41709518 56.6352005 49.15713501 45.45692825 55.0775032 48.79164124 50.986763 58.10558319 47.55459976 51.07385254 56.45212936 47.31968689 56.58177185 59.4709816 45.89828491 56.71198273 57.7246666 45.79329681 62.19564819 60.73547745 44.1763649 62.3644104 58.89870834 44.20539856 67.82064056 61.90019226 42.37746429 68.02158356 59.97493744 42.54739761 73.44894409 62.96607971 40.48850632 73.67360687 60.95376587 40.80747223 79.07082367 63.93413162 38.49332047 79.30838013 61.83539963 38.9719162 84.67438507 64.80510712 36.37376404 84.91099548 62.61962509 37.02519226 90.2457428 65.57939911 34.10968018 90.46369171 63.30572128 53.50885773 34.46001053 54.78980637 52.30726624 39.8779068 56.59165955 51.07025528 45.37652969 58.29240036 49.79975891 50.89992142 59.87681961 48.49349976 56.45261002 61.3534317 47.14863586 62.02855301 62.72681046 45.76241684 67.62179565 63.99849701 44.33071518 73.22661591 65.17002869 42.84606171 78.83567047 66.24315643 41.29919052 84.44006348 67.21959686 39.67917252 90.02978516 68.10090637 44.22707367 89.59988403 73.5380249 45.14857483 83.97917938 72.32141113 46.09821701 78.37847137 71.0136795 48.16127014 67.22849274 68.26644135 49.24819565 61.68710327 66.80500031 49.20367432 61.69342041 66.74378967 50.28809357 56.18245697 65.1761322 50.24881744 56.18769836 65.11850739 51.29124069 50.71382141 63.38852692 47.3482132 72.7644043 69.89676666 47.31182098 72.76810455 69.87319183 48.2665062 67.21421814 68.39042664 49.29709244 61.68087006 66.8614502 50.33127594 56.17724609 65.22992706 51.36338425 50.7057457 63.49369049 52.38739014 45.27148438 61.6473999 53.40120697 39.85606384 59.67816925 54.15542984 34.5443573 56.98779678 53.95191574 34.51926422 56.25154877 53.12532806 39.86916351 58.99082184 52.86916733 39.87524033 58.18511963 52.06177521 45.30402374 60.89686203 51.75213623 45.33148575 60.01997375 50.9841156 50.75888062 62.68022156 50.61431503 50.80929565 61.7339325 49.45558167 56.32030106 63.33785629 55.30721283 28.91132545 55.00834656 54.26816177 34.55437088 57.35055542 53.26443863 39.86312866 59.38920593 52.22674179 45.28671265 61.33278275 51.17763138 50.72953796 63.15365601 50.11885452 56.20871735 64.86424255 52.32514191 45.27688217 61.54866028 53.34848022 39.85887527 59.58623123 54.3371315 34.55817413 57.52981186 55.36475754 28.91054916 55.16537094 56.35178375 23.28713417 52.61078644 55.71454239 20.66961098 47.41427612 55.46707916 23.36732483 49.46590042 56.58006668 17.92263031 47.27445984 55.80270767 23.34822273 50.55358887 56.08826447 23.3212986 51.65562057 56.227314 23.30373955 52.2063446 57.23525238 17.75546646 49.74956512 54.68447876 28.88583946 52.75473785 55.04385376 28.90525627 54.04370499 55.21261597 28.91067505 54.69044876 56.30522919 23.29323006 52.47706604 57.2723465 17.74561691 49.85916138 52.64830399 28.77596855 48.58022308 52.24845505 28.75748253 48.05633545 50.38325882 34.18690872 49.58190918 49.83106995 34.15269852 49.04670334 47.70834351 39.8660202 50.48841858 46.98392487 39.8678627 49.97722244 52.42842102 26.05101395 46.31345749 51.37637329 28.71975708 47.07997894 53.76914978 23.38827324 45.96208572 52.80525208 26.06077957 46.77346802 51.8238678 28.7387085 47.5558815 49.24780655 34.1190567 48.5436058 46.22510529 39.87110519 49.50641251 42.92204285 45.65637589 50.39131165 55.42728043 18.05031967 43.83906174 53.16368866 26.0699501 47.25409317 54.33604431 23.38852119 46.8970108 54.06004333 23.38894844 46.42171097 55.34144211 20.69311142 46.46640396 56.32019424 17.96679306 46.38241577 54.59622192 23.38692856 47.38695526 54.74012756 18.94929504 43.33445358 55.06593323 23.3799324 48.40538025 54.83920288 23.38405418 47.88949966 53.36766815 28.81152153 49.69133377 53.02199173 28.79404449 49.12614822 51.38570023 34.25641632 50.74310684 50.9021225 34.22153854 50.14796066 49.0403862 39.8657608 51.6272049 48.39470291 39.86538315 51.03885651 46.4094429 45.5447197 52.38546753 54.23931122 28.85952377 51.49322128 53.68660355 28.82842636 50.2768364 51.83176804 34.29129791 51.36396408 49.64287186 39.8669548 52.25136185 47.88614655 45.49877167 53.65265656 46.0827713 51.1641655 54.95269775 44.38316727 51.2599678 53.63441849 44.22398376 56.84634399 56.15294647 42.30495453 56.98723602 54.784832 42.29347229 62.53797531 57.25651169 40.15399933 62.71875 55.83930588 40.27555084 68.22770691 58.26362991 37.91030121 68.44137573 56.79766083 38.15266418 73.90355682 59.17415619 35.55183411 74.1410141 57.65919113 35.90429306 79.55104065 59.98753738 33.0537262 79.80084229 58.42255402 33.50785446 85.15223694 60.7025795 30.38895798 85.39989471 59.08560944 30.93858528 90.68553162 61.31742096 27.52815247 90.91271973 59.6453476 24.44127655 96.30677032 60.0978775 39.2836647 51.13829422 49.23432922 38.45454788 50.37124252 46.69820786 34.43164444 59.37060547 48.509655 43.33655167 41.84967804 47.17443466 39.52284241 31.12428474 13.33781719 38.01814651 34.43186188 16.88384056 38.93486023 34.85736084 22.33423042 11.05412483 83.6671524 34.38989639 10.9919157 82.13323975 31.35673332 11.57771778 97.6816864 53.37757874 11.25712299 88.99746704 43.04834747 11.33124161 91.00894928 45.77332687 11.40912247 93.13311768 48.41058731 11.49115753 95.35565948 50.94318008 11.18649578 87.10303497 40.24188614 11.11892223 85.32467651 37.35341263 10.81823158 78.30182648 21.89515305 10.87417412 79.44802856 25.10355186 10.93200207 80.7259903 28.25938416 10.76398754 77.28949738 18.63980293 10.71128654 76.41311646 15.34414291 10.01827431 76.35756683 12.07889748 13.11405373 73.72566986 15.07240105 12.65956116 73.43795013 11.80917072 15.38985252 70.93235779 14.76290703 15.23491001 70.28528595 11.48587418 17.54011154 68.04780579 14.41670418 17.52389908 67.19722748 11.13975525 19.36959839 64.49217987 10.81437778 19.57061958 65.08589172 14.03506374 19.78868294 63.85004425 10.73424816 21.49223518 62.05887985 13.61940956 22.07609558 60.15900803 10.25313759 24.32279587 56.2365303 9.70539761 24.46754265 57.70391464 15.16540432 24.47266197 55.96519852 9.66617584 25.04754066 56.66348267 15.01941299 27.08881378 51.07193375 8.93036461 27.04616928 52.96219254 14.47966194 30.89348984 45.53961945 13.30559826 30.4733963 44.5202446 7.863379 31.95912743 43.48015976 12.95789528 31.45091629 42.646698 7.54141235 34.14122391 39.37071609 12.24092388 34.20221329 37.58011246 6.63306618 36.26926422 34.06809616 5.97040606 36.57660675 35.06900024 11.46519852 37.21533966 34.04235458 11.40184212 38.41641617 30.74261093 5.31678677 41.63868332 31.69015884 25.16072464 40.97828674 31.53214073 21.8730011 40.55459595 31.42263794 19.58709717 42.27547836 31.82975197 28.05230904 39.99418259 35.31976318 27.74345207 42.77766037 31.93202209 30.16332054 41.22870255 35.81908035 33.08963013 43.23544312 32.01990509 31.97124672 46.56356812 32.54532623 42.56102371 45.70282364 32.42498779 40.18033981 42.6819458 36.35692978 38.35977554 45.2388649 32.35617447 38.80544281 44.72043228 32.27568054 37.18514633 43.97546005 32.15247726 34.68425751 44.40045929 36.93294907 43.51869583 45.37651062 37.23487854 46.04405594 47.80996704 32.70546722 45.65464783 35.14584351 60.44281006 51.0356102 33.00154877 65.07923126 51.83983231 23.53117561 83.27436829 54.37652206 26.0708847 78.80449677 53.84820938 28.48258209 74.27204132 53.24783325 30.78642082 69.69269562 52.57777786 20.84236145 87.66362762 54.82993698 17.98224068 91.95103455 55.20514679 11.66937828 100.10391235 55.70585632 14.93063927 96.10889435 55.49843597 41.2609787 42.02698517 42.81727219 41.2639122 42.02916336 42.8270874 42.40315628 41.38991165 44.64241409 40.81416702 41.68283081 41.26726532 40.75229645 40.51625443 39.45679474 40.38317108 41.32583237 39.65906906 41.50009537 42.20155716 43.60388565 41.62107086 42.28755188 43.99142456 41.7377739 42.36909866 44.35881042 39.34793091 39.70687485 34.1399498 38.9385643 39.88276672 33.15833664 39.79337311 40.78849411 37.24059296 37.53955078 37.8235054 23.87825012 37.95890427 38.55432892 27.17054749 38.18964767 38.90598679 28.75584793 36.68423843 35.55792999 13.66830444 37.02831268 36.67602539 18.7068882 36.60074615 35.18893051 12.00558472 36.62736511 35.31349945 12.56688499 36.66934586 35.4964447 13.39122868 22.06866837 61.81679535 15.71725464 19.76800728 65.45152283 16.1696949 17.48971939 68.74888611 16.54961777 15.71097565 71.123703 16.80417442 13.83173084 73.6475296 17.67510605 14.06864071 73.28549957 17.39069176 14.37456512 72.8521347 17.14844131 14.76491642 72.32978058 16.96057701 14.95235825 72.08824921 16.9096489 13.44282532 74.4892807 18.94204521 13.47101116 74.3544693 18.61849213 13.21234226 74.56302643 18.34877014 13.54129982 74.17337799 18.29679298 13.65802765 73.94208527 17.98232079 13.47498608 74.7826767 19.95199203 13.31370735 75.52726746 21.58728218 13.51922035 75.1767807 21.24956322 13.41848087 76.61644745 24.78169632 13.65713024 76.47290802 25.08851624 13.52701664 77.82860565 27.92671967 13.78211784 77.79742432 28.48804855 13.63973331 79.16144562 31.01677895 13.87190056 78.8338089 30.87862015 13.94506168 79.7388382 32.81261063 13.75703144 80.61248779 34.04641342 14.01678848 80.6557312 34.64987564 14.28281116 87.54244232 45.45914459 14.45342636 86.81784058 44.7771759 14.14168644 85.64565277 42.72002792 14.29871845 84.56501007 41.44005585 14.00754261 83.85812378 39.90415573 14.15192699 82.47926331 38.00294113 13.87951565 82.17891693 37.0107193 14.09466553 81.69164276 36.59988785 14.43146515 89.54441071 48.11517715 14.88047791 88.63543701 47.65937805 14.72315979 88.52596283 47.30798721 14.60982895 88.37176514 46.9617424 14.55810642 88.2171936 46.69959259 14.51785469 87.75257111 46.06610107 16.49672127 88.4475708 49.69338608 14.58841515 91.63822937 50.67216492 16.89758873 88.26177979 50.04384995 17.23007774 88.08033752 50.30726624 15.87690067 88.65493774 49.06864166 15.47461414 88.7209549 48.58683777 15.11964607 88.70838928 48.07896423 14.75443363 93.82865143 53.13584518 17.7273941 89.81684113 52.81167984 17.98059464 87.58467102 50.81798553 18.75835228 86.94215393 51.2252655 30.19212532 68.31436157 50.07546616 27.98299789 71.85015106 49.84907532 27.95118141 72.74110413 50.76160049 25.16983032 77.03864288 50.55580521 25.60448265 77.12127686 51.38082886 22.5257988 81.56046295 51.10528564 23.13215256 81.43950653 51.93081284 20.30634499 85.08731079 51.48765182 20.51358223 85.67822266 52.40881729 19.78655243 85.8307724 51.51734924 19.3432045 86.35610199 51.43515396 32.95461273 61.80116653 48.24707794 30.52067757 66.85928345 49.10039139 30.21916008 67.46784973 49.19633102 30.17954445 67.54746246 49.20875168 30.17316055 67.56028748 49.21075058 30.17101479 67.56459045 49.21141815 40.06759262 46.08479691 45.16063309 38.24351883 50.17488098 46.0152092 36.04616547 55.0798912 46.99555206 34.23018265 59.06179047 47.75073242 124.73307037 81.04376221 40.40125275 124.84118652 80.72959137 39.60690308 124.78923798 80.69380951 39.58504868 123.49932861 80.97734833 43.45751572 123.09905243 80.65145874 44.12407303 123.18753815 80.7988739 44.17229462 118.32333374 72.61025238 46.31698227 118.39300537 72.74972534 46.39404297 119.90305328 75.83715057 46.41146469 116.90502167 69.50443268 46.08133698 116.96235657 69.63320923 46.15491867 126.29270935 80.70469666 38.56269455 126.51501465 79.09518433 35.32629013 126.11682129 78.88056183 35.21862411 125.43067932 81.0251236 39.86089325 125.54327393 81.08901215 39.90903473 125.68416595 80.31139374 38.33332062 122.98349762 80.57801056 46.24834824 122.48043823 79.93894958 46.55687332 122.88748169 80.54407501 46.87131882 112.9930954 61.02220917 45.47933578 112.88247681 60.65362549 45.21147919 110.05042267 54.33341599 44.17650604 114.31510162 63.81535339 45.6664238 113.51570892 62.87571716 46.81544876 116.85368347 69.79139709 47.80493546 116.13289642 67.91156769 46.65729523 126.22183228 83.58676147 44.64030457 127.14777374 84.51135254 45.04822922 127.34095764 84.27040863 44.23527908 125.11671448 83.54355621 47.7153244 125.72164917 84.02115631 47.20058823 123.93749237 81.72755432 46.12188721 107.22626495 48.34229279 43.41378021 107.18935394 48.96265793 44.29018784 116.97063446 51.68353653 16.12762451 115.40076447 48.39396286 15.61306477 115.32257843 48.31979752 15.73251915 117.62962341 53.22595978 16.48954582 116.8666153 51.58689499 16.24304962 116.81865692 51.53649902 16.30194473 118.35754395 54.83725357 16.75816727 118.38899994 54.86755753 16.72947693 119.14481354 56.51155853 16.96280289 117.86389923 53.44152069 16.26150703 118.65562439 55.10231018 16.50522804 118.78205109 55.2231636 16.39054871 117.56274414 52.27897644 15.42476749 115.85301208 48.84682846 14.89143181 115.552742 48.54444504 15.37295151 112.2312088 41.92243576 14.26988697 123.45840454 66.3784256 18.25794601 122.72363281 64.72678375 18.06861687 122.69610596 64.70443726 18.08572388 125.81211853 72.38748932 19.15257645 125.77120972 72.19971466 19.01190758 125.73719788 72.17312622 19.02841568 125.7549057 72.01473236 18.89981079 125.80970001 72.2232666 18.99887848 125.85221863 72.24408722 18.98898506 125.75662231 71.6417923 18.77454567 125.68299866 71.43073273 18.74620819 125.63428497 71.41248322 18.7551403 125.86118317 71.96337128 18.83813858 125.82761383 71.85529327 18.81062317 125.77848816 71.83786011 18.81722832 125.90751648 72.12410736 18.89653397 125.89269257 72.070961 18.87468529 125.84346771 72.0541153 18.88020706 125.46833038 70.626091 18.62992287 125.57568359 70.65808868 18.61637878 125.22425079 69.82389069 18.51981163 126.23484802 72.80447388 19.63099861 126.23699951 72.76531219 19.52126122 126.01681519 72.72690582 19.52614021 126.47219086 72.74317169 19.41647339 126.46762848 72.68766785 19.31469727 126.23173523 72.66101074 19.31051254 126.60234833 72.05669403 18.79750061 126.6990509 72.09241486 18.78279495 126.54499054 71.68635559 18.67823029 126.29869843 71.596138 18.7205925 126.24433899 71.58036804 18.72440529 126.39564514 71.99185944 18.81470108 126.46217346 72.1951828 18.88643837 126.3474884 72.17076874 18.88341522 126.37678528 72.27070618 18.93105698 126.43006134 72.09417725 18.84671593 126.57030487 72.22338104 18.88375473 125.83827972 75.77918243 28.40187263 126.07390594 75.82007599 28.44133568 126.2363739 74.53044128 24.99863434 127.97273254 73.8735733 21.46640015 127.19702911 73.60961151 21.49235725 127.0454483 74.78730774 25.04379463 125.96504974 68.86541748 17.87414742 126.60192108 69.18831635 17.6460247 124.67084503 65.87928009 17.2682972 127.5843811 70.82704163 17.82546806 128.05526733 73.26589966 19.4145031 128.05044556 73.17147827 19.19945526 127.27506256 72.91493225 19.26501274 122.01869202 59.94553757 15.73148537 120.05147552 56.42668533 15.24235916 119.78921509 56.19126129 15.46979237 118.20498657 52.92182541 14.66174316 116.3416214 49.33633041 14.1080513 116.30405426 49.29873276 14.16836166 123.12817383 61.75839615 15.90773106 124.18247223 63.48724747 16.13169479 124.23283386 63.52574539 16.10299683 130.58389282 73.50418091 18.19496346 131.00111389 73.60896301 18.15261459 130.81176758 73.27388763 17.84529305 130.5834198 72.91027832 17.59501648 130.32621765 72.52828217 17.40168381 129.53335571 72.26902008 17.57699585 129.27261353 71.86870575 17.44831467 130.71844482 73.80804443 18.55059242 130.30793762 73.70323944 18.5813961 130.35041809 73.8371048 18.78085899 131.0769043 73.76186371 18.33007431 130.24871826 73.55250549 18.4019165 125.20792389 65.15952301 16.37460899 126.3170929 66.84909058 16.58026886 126.38264465 66.88809204 16.55247688 127.67194366 68.63981628 16.68813515 126.50715637 66.97109222 16.49296379 126.44612885 66.92866516 16.52345467 127.53340912 68.55529785 16.74852753 128.71963501 70.19741058 16.93462944 128.7980957 70.2387085 16.90500641 126.58950806 67.01200867 16.41173553 124.41349792 63.6941185 15.97822475 124.37202454 63.64947128 16.01119232 130.22756958 71.9696579 16.9996624 130.26443481 71.99624634 16.97961235 129.01255798 70.38011169 16.80108833 118.08432007 73.08338165 49.82979202 125.64537811 71.98698425 19.04777908 125.68611908 72.14671326 19.13308716 125.68431091 72.10964203 19.07322693 125.72719574 72.35113525 19.31364059 125.73737335 72.43198395 19.42811584 125.74893188 72.44178009 19.37966537 125.5007019 74.22086334 24.97732162 125.67032623 73.12397766 21.53429222 125.65250397 73.11762238 21.63085938 124.50562286 80.45714569 39.70090866 124.30661774 80.84516907 40.87863541 124.28522491 80.93812561 41.07597351 123.9178772 81.03314972 42.3122406 123.69983673 80.98522949 42.87836838 123.80584717 81.06604004 42.68489456 108.74990082 51.08499146 43.20094299 107.24074554 48.03235626 42.97529984 112.69042969 60.00711441 44.74435043 115.4307251 66.15818024 45.58265686 113.82602692 62.5188446 45.05926132 118.20425415 72.32173157 46.16619492 118.16326141 72.19074249 46.10221863 116.97889709 69.58963776 45.92089844 119.01470947 73.9896698 46.13793564 119.68102264 75.37531281 46.16542816 119.63408661 75.2321701 46.09686279 120.47576904 76.86562347 46.01144791 120.47130585 76.80058289 45.92892075 121.32197571 78.29707336 45.687603 121.42826843 78.4045639 45.54170609 122.06446075 79.34518433 45.12496948 122.21175385 79.61159515 45.10674667 122.66208649 80.18235779 44.67412186 123.16151428 80.62752533 43.90118027 122.86486053 80.33670044 44.3180542 122.53316498 79.95720673 44.70007706 124.12613678 80.99150085 41.6351738 124.07804871 81.06739807 41.88595581 123.83937836 81.13421631 42.70227432 123.44007874 80.84626007 43.42468643 124.55128479 80.41331482 39.49124908 124.70380402 79.70537567 37.9617691 124.71779633 79.494133 37.6008873 124.94986725 78.28600311 34.89828491 124.92533875 78.29618073 35.00740051 125.16078949 76.88735199 31.7166748 125.18161011 76.59420013 31.11288261 125.34910583 75.51506805 28.36108208 125.39781952 74.99938202 27.11472511 125.33200073 75.4956131 28.40626335 125.72827148 72.62090302 19.94294167 125.74851227 72.61729431 19.79741859 125.74092102 72.50996399 19.58589363 125.71080017 72.2593689 19.21891785 125.42169952 71.27667999 18.88494873 125.5255661 71.59406281 18.94550323 125.56450653 71.69348145 18.93076706 125.59289551 71.80485535 18.98520279 124.80971527 69.6486969 18.68896103 125.21619415 70.72556305 18.85326385 125.4118576 71.26332092 18.90816689 122.62722015 64.63038635 18.14600563 123.5538559 66.74629974 18.41638947 124.07614136 67.9272995 18.52705574 124.34423065 68.56588745 18.62181854 124.88834381 69.88064575 18.76427841 121.19606018 61.30624008 17.74841881 122.23303223 63.73096466 18.05565834 122.6137619 64.61013794 18.16335297 115.90002441 49.60858536 16.06663132 117.85652924 53.82061386 16.70979691 116.79666901 51.51028824 16.33197403 118.30094147 54.77341461 16.81781197 111.13537598 40.04442596 14.46957874 112.07408142 41.83084869 14.78037167 112.86363983 43.37338257 15.04448509 112.6211853 42.15286636 12.98151779 130.33415222 72.0530777 16.93649864 128.97640991 70.32469177 16.78451157 122.25073242 60.15937042 15.55734825 120.23444366 56.61137009 15.06733418 120.17681885 56.54780579 15.12674713 116.37835693 49.37438202 14.04754162 130.93276978 72.84664154 17.18781471 131.43885803 73.588974 17.67768288 131.77078247 74.20174408 18.42205238 131.83187866 74.57434082 19.3699379 131.76052856 75.16248322 21.34290886 131.33529663 79.69261169 32.81254578 130.94483948 83.74143982 40.33115005 130.77233887 86.1079483 43.96236038 130.67364502 87.3503418 45.72987747 130.6151123 87.97929382 46.60151672 130.50778198 88.23054504 47.06245804 130.31185913 88.39297485 47.5357933 129.53198242 88.1909256 48.32962036 128.0919342 87.69185638 49.80349731 128.83982849 88.02807617 49.12253571 126.7272644 86.93302917 50.97144318 127.50434875 87.53247833 50.51958084 125.97767639 86.21659851 51.2772522 125.29188538 85.39059448 51.39435196 124.68920898 84.49263 51.32893753 122.40599823 80.82746887 50.92991257 120.23516083 77.10009003 50.47735214 120.13555145 76.83609009 50.33094788 114.21104431 65.47475433 48.69453049 131.39942932 77.92857361 29.07232285 131.31582642 77.86777496 29.07018661 131.17123413 79.5546875 32.80135727 131.10452271 81.56163788 36.58250427 131.25588989 79.61991119 32.80885696 131.47766113 77.99717712 29.070961 131.45880127 76.36159515 25.25305557 131.54170227 76.41897583 25.24907875 131.61906433 76.48441315 25.24195099 130.9281311 81.42171478 36.54611206 131.08190918 79.49612427 32.79046631 131.22741699 77.81391144 29.06493759 131.3710022 76.31140137 25.25422668 131.51419067 74.99693298 21.37451172 131.6015625 75.04442596 21.36655998 131.68388367 75.09931183 21.35612869 130.85931396 72.787323 17.22745705 131.83724976 74.42235565 18.87975693 131.76089478 74.36021423 18.89805031 131.75561523 74.51204681 19.38628769 131.67878723 74.3063736 18.91356087 131.67359924 74.45816803 19.40003586 131.59155273 74.25991058 18.92659187 131.5864563 74.4118042 19.4114666 130.49279785 72.34156036 17.11234093 130.82052612 72.75981903 17.24586678 130.53193665 72.36743164 17.09384346 130.56980896 72.39452362 17.07445526 130.18946838 71.94418335 17.01877785 131.28128052 73.47306824 17.7393837 131.19480896 73.42432404 17.76532364 131.38737488 73.75353241 18.09127998 130.15019226 71.91977692 17.03701591 127.79748535 68.73468018 16.61922073 126.62024689 67.06277466 16.42664146 131.4042511 74.18550873 18.94642639 131.43296814 73.9970932 18.49416924 131.33740234 73.96115112 18.50592041 131.20056152 73.67313385 18.12580681 131.36282349 73.52770996 17.71029854 131.69422913 74.13974762 18.44454765 131.61199951 74.08554077 18.46383286 131.52470398 74.03826904 18.48025894 131.49983215 74.2199173 18.93744659 131.39930725 74.33789825 19.42850876 128.87341309 70.28263855 16.87311935 130.06845093 71.87389374 17.0710659 130.10983276 71.89636993 17.0544281 130.41107178 72.29324341 17.14686584 130.45248413 72.31685638 17.12999916 130.73922729 72.70872498 17.28010941 130.7804718 72.73364258 17.26340103 130.65342712 72.66235352 17.31125641 130.60903931 72.64073944 17.32579231 130.87156677 73.02052307 17.52710915 130.77838135 72.98055267 17.55165482 131.10401917 73.38075256 17.78849983 131.00952148 73.34163666 17.80929756 130.56373596 72.62007141 17.33970642 130.51759338 72.60028076 17.35304642 129.93888855 71.81139374 17.11688614 129.84869385 71.77320099 17.14455414 130.14335632 72.17046356 17.23437881 130.42312622 72.56300354 17.37821007 130.23576355 72.20825958 17.20747566 130.68214417 72.94402313 17.57416153 130.91189575 73.30625916 17.82810211 130.04853821 72.13504028 17.25956154 130.32519531 72.24900055 17.17844009 130.28089905 72.22822571 17.19325066 125.26639557 65.19792938 16.34673882 125.32308197 65.23761749 16.31791306 125.37765503 65.27883911 16.28794861 130.69685364 72.68498993 17.2960434 130.36860657 72.27064514 17.1629982 130.02612305 71.85227966 17.08698654 127.60407257 68.59644318 16.71924782 124.13061523 63.44978333 16.15966988 124.28140259 63.56548309 16.07343864 127.46039581 68.5160141 16.77626991 128.63851929 70.1583252 16.96235275 129.75613403 71.73716736 17.1704216 124.32790375 63.60665894 16.04288483 125.42975616 65.32184601 16.25666428 126.56533051 67.01570129 16.46077347 127.73657227 68.68576813 16.65489006 128.94506836 70.32962799 16.83860016 131.18035889 74.02534485 18.73463249 131.20399475 74.12979889 18.95998192 131.19920349 74.2829895 19.43968201 131.32675171 74.92050934 21.38418579 131.1265564 74.86280823 21.38758087 131.18301392 76.22902679 25.24952126 130.98258972 76.1648407 25.23771858 131.03858948 77.72363281 29.04662323 130.83760071 77.6509552 29.0204277 130.89155579 79.39572906 32.76018524 130.68937683 79.31221771 32.72132492 130.73583984 81.30397034 36.49696732 130.53208923 81.20224762 36.43863297 130.36407471 83.30936432 40.12163925 130.17486572 73.38898468 18.24210358 130.65869141 73.66260529 18.36365128 131.13728333 73.90161133 18.52433395 129.98291016 71.83146667 17.10224152 128.99847412 71.46453857 17.36408234 127.87402344 69.8353653 17.18674088 128.55528259 70.12100983 16.98854637 126.7726059 68.18688202 17.00553894 127.38549042 68.47824097 16.8027668 125.70011139 66.5185318 16.81405067 122.21543121 60.12158585 15.58767033 122.1785202 60.08482361 15.61737251 122.14019012 60.04896545 15.64653015 122.10064697 60.01388168 15.67521858 110.67623138 38.62395477 12.62650776 110.72190857 38.61570358 12.3587122 129.53395081 73.42960358 18.66910362 128.80181885 73.30577087 18.93093491 129.57618713 73.57104492 18.85613251 128.81610107 73.37152863 19.02897835 129.59962463 73.68900299 19.06682205 128.82530212 73.42950439 19.13338852 128.82983398 73.5213089 19.35396004 129.99267578 73.03665161 17.97091293 129.77583313 72.6603241 17.74967766 129.02113342 72.35123444 17.93857193 128.79264832 71.95514679 17.78738594 128.05163574 71.64164734 17.9968338 128.2915802 71.14565277 17.59524345 123.08232117 61.72224808 15.93584538 122.06008148 59.97944641 15.70351219 120.11548615 56.4864502 15.18498039 118.15548706 52.87248611 14.7204752 116.15172577 49.14936829 14.4090519 122.828125 62.51684952 16.85437393 123.73957062 64.20384216 17.06568336 124.65843964 64.83071899 16.61269951 128.63127136 72.81031799 18.48503304 128.24510193 72.6661911 18.54514122 128.31520081 72.84925842 18.65922165 127.92816162 72.70938873 18.7099762 127.98516083 72.88505554 18.84238625 127.5976181 72.74971771 18.88515854 127.69546509 72.13446045 18.44504738 127.4723587 72.37876129 18.66452408 127.8588028 72.52233887 18.60497093 127.54097748 72.56980896 18.76047707 129.40315247 73.09937286 18.36399269 128.70210266 72.98942566 18.60821342 128.37255859 73.02070618 18.79939461 128.00811768 72.96629333 18.91975403 127.23275757 72.7000351 18.99862289 127.20994568 72.61470795 18.92770767 126.82215118 72.48001862 18.97003746 127.27346802 73.08312988 19.6971302 128.04818726 73.33680725 19.64105034 127.28018951 73.01202393 19.4746685 125.89185333 77.23021698 31.84289169 125.65538788 77.17821503 31.78990173 125.54103088 77.14855194 31.76521111 125.68930054 78.69377899 35.09640503 125.45143127 78.6231308 35.02332306 125.33628845 78.58426666 34.98867416 125.22800446 78.53900146 34.95743561 125.33660889 77.06614685 31.72714233 125.12982178 78.48426056 34.93122482 125.17744446 78.51300049 34.9435997 125.43366241 77.11225128 31.74377632 125.61768341 75.72396851 28.3688221 125.78070831 74.45139313 24.95642471 125.93351746 73.31113434 21.49737167 126.87785339 72.72274017 19.20185852 127.26576233 72.85177612 19.16758728 128.04119873 73.1109314 19.09858704 126.76622009 72.29153442 18.86071205 126.79579163 72.38768005 18.91119385 127.18344879 72.52451324 18.86522675 126.3156662 77.38122559 31.92601395 126.70962524 77.56095123 31.99526215 126.49511719 75.95000458 28.4989109 126.88591766 76.10932922 28.54351807 126.6563797 74.6439209 25.02715683 126.80898285 73.47823334 21.50522423 126.88591003 72.95687103 19.72504807 126.89246368 72.88565063 19.50460625 126.88718414 72.78721619 19.29759789 126.92863464 71.83547974 18.60080338 127.08576965 72.23545074 18.72379875 127.15366364 72.43052673 18.81072235 126.79019165 72.75534058 19.30572319 126.79477692 72.8092041 19.40665817 126.72517395 72.44639587 18.98058319 126.64874268 72.50279999 19.05569839 126.84487915 72.5674057 19.03775406 126.79550934 72.85411835 19.51207542 126.68991089 72.89594269 19.73825645 126.6816864 72.66016388 19.21770859 126.69102478 72.72540283 19.3127861 126.58264923 72.70359802 19.31536102 126.69562531 72.77954865 19.41349792 126.58724213 72.75831604 19.41640663 126.69637299 72.82463074 19.51871109 126.58799744 72.80376434 19.52182007 128.41444397 73.17366028 18.96807289 128.0269165 73.04190063 19.0050354 127.25148773 72.77941132 19.07843018 126.86358643 72.64868927 19.11485672 126.66742706 72.58516693 19.13160896 126.57334137 72.63752747 19.21981049 126.66933441 72.25683594 18.87317085 126.63703156 72.15750885 18.8316288 126.53808594 72.12342834 18.84324455 126.50351715 72.02204132 18.8102417 126.35105896 71.61279297 18.7149601 126.31549072 72.06841278 18.84430885 126.28125 71.96491241 18.81318092 126.44905853 71.64910889 18.69754219 126.10327911 70.82250214 18.54081917 126.00852966 70.78451538 18.56495667 125.6344223 69.95487213 18.45087242 125.95809937 70.76696777 18.5744648 124.84757996 68.3022995 18.26965523 125.53690338 69.91964722 18.47211266 124.76047516 68.26586914 18.29236031 128.46170044 72.43439484 18.28809738 127.30994415 71.32894897 18.20506477 126.56758881 71.01704407 18.41206932 126.16794586 70.19166565 18.28221512 125.81343079 70.03321075 18.39562225 125.00853729 68.38202667 18.2142601 125.72477722 69.99362183 18.42392731 125.9058609 70.75027466 18.58246231 125.4342041 69.88697815 18.48923111 124.66909027 68.23165894 18.31184006 126.46656036 72.86101532 19.74238586 126.4729538 72.78911591 19.52238083 126.23625183 72.71826172 19.41410637 126.01155853 72.62055206 19.31395912 126.11791992 72.64405823 19.3104229 126.22779083 72.62783813 19.26035309 126.45836639 72.62047577 19.21814919 126.22258759 72.59130859 19.21151161 126.55910492 72.56150818 19.13334084 128.75982666 73.15668488 18.75618362 129.47549438 73.27065277 18.50544357 126.44418335 72.54309845 19.13078308 126.20851898 72.5109024 19.12188721 126.21613312 72.5521698 19.1652298 126.1023941 72.53351593 19.16379738 126.00247955 72.54903412 19.21373367 126.62604523 72.41425323 18.98944473 126.54045105 72.4780426 19.05731392 126.00764465 72.58654785 19.26322937 126.42556763 72.45815277 19.05418396 126.19000244 72.42268372 19.04373169 126.19978333 72.46768188 19.08141136 126.4029541 72.3669281 18.98779297 126.16748047 72.32807922 18.97647285 126.17921448 72.376091 19.00877571 126.69885254 72.35352325 18.92264748 126.59976959 72.32072449 18.9323082 126.49156189 72.29364777 18.934412 126.51779175 72.38834381 18.99118996 126.15487671 72.27881622 18.94674873 126.04672241 71.91387939 18.80486488 126.08059692 72.01997375 18.8343029 126.11232758 72.12530518 18.87233353 126.12724304 72.17725372 18.8947506 126.14144135 72.22847748 18.91953087 125.79747772 70.71874237 18.5951786 126.13130951 71.55075836 18.72809219 125.12247467 69.79077148 18.5376339 124.48255157 68.16519165 18.34793854 124.39192963 68.13059235 18.36796188 126.01056671 72.8001709 19.74753189 125.96131897 72.78523254 19.75074387 126.38941193 73.37721252 21.50743675 126.23067474 72.83804321 19.74234772 126.01470184 72.76647949 19.63615227 125.96755219 72.71193695 19.529562 125.93920135 72.45078278 19.12710381 125.95320129 72.53365326 19.21754074 125.99607086 72.50881958 19.16687584 125.98847961 72.46641541 19.12309456 125.9797821 72.42201233 19.08231544 125.92075348 72.35987854 19.04875374 125.92165375 72.17656708 18.92085838 125.97002411 72.37580109 19.04446602 125.95927429 72.32795715 19.00946999 125.89832306 72.26245117 18.98189163 125.94758606 72.27867889 18.97725296 125.93502808 72.22815704 18.94774055 125.91527557 72.76725769 19.75501633 125.9214859 72.69399261 19.53420448 125.87905884 72.67267609 19.5402317 125.52146912 75.68289948 28.35830307 125.6849823 74.41425323 24.95284271 125.83808136 73.27695465 21.50110435 125.92070007 72.64606476 19.42686272 125.87371826 72.56620026 19.32981682 125.83531189 72.54144287 19.33877373 125.87463379 72.34162903 19.05531502 125.83211517 72.32073975 19.06445885 125.89308929 72.43264771 19.13316536 125.85057831 72.41165924 19.14156151 125.90708923 72.51560211 19.22315025 125.79740143 72.0354538 18.88845634 125.73249054 71.81889343 18.8266964 125.69004822 71.798172 18.8394165 125.54631805 71.37178802 18.78163528 125.50791168 71.34896088 18.799963 125.1967926 70.50624847 18.71274948 125.91618347 72.58738708 19.32283592 125.86460114 72.49451447 19.23080254 125.71643066 71.99170685 18.91464996 125.65159607 71.77548218 18.85578918 125.68240356 71.96612549 18.9333477 125.61756897 71.75061798 18.87620735 125.47377777 71.32423401 18.82218552 125.70808411 72.14319611 19.04874229 125.58839417 71.72335052 18.90106964 125.36737823 70.59107208 18.64881325 125.02650452 69.75480652 18.56004906 124.98155212 69.7353363 18.57365799 124.30609894 68.09352112 18.39157104 124.26568604 68.07368469 18.40525627 125.58857727 71.39289856 18.76682091 125.23458099 70.52975464 18.69270325 124.86292267 69.66894531 18.62737083 125.44432831 71.29742432 18.84868431 124.80080414 69.61634827 18.67663956 125.27585602 70.55160522 18.67557716 124.89941406 69.69257355 18.60704803 124.19129181 68.03069305 18.43744278 124.15787506 68.0072403 18.45637131 123.42796326 66.35543823 18.27582359 125.97476959 71.70331573 18.76395988 125.89971161 71.49404144 18.7303791 125.63213348 71.04528809 18.68174934 124.1916275 66.73408508 18.02692986 123.38114166 65.08216858 17.83153915 123.25093079 65.00312042 17.88689423 122.47168732 63.3442955 17.68333626 123.18093109 64.96611786 17.91134644 122.40936279 63.30760193 17.70850182 123.10775757 64.93074036 17.93371582 122.3443222 63.2722702 17.73201942 122.2118454 63.20281601 17.77758598 121.47254181 61.54139328 17.57076073 122.14727783 63.16725159 17.80137253 123.72020721 66.5138092 18.16705132 123.63912201 66.47842407 18.18860054 123.56210327 66.44090271 18.21300888 123.52571869 66.42102814 18.22670937 124.04669952 66.6542511 18.08227348 123.96860504 66.61728668 18.10596657 123.88687897 66.58222961 18.12708855 122.95863342 64.86142731 17.97659874 122.88602448 64.82575989 17.99931145 122.81694794 64.7882843 18.02433777 122.78426361 64.76860046 18.03806305 122.75308228 64.7481308 18.05277634 123.49107361 66.40024567 18.24163055 124.22732544 68.05278778 18.42047501 126.09479523 72.49157715 19.12009239 126.08608246 72.44766998 19.07933235 126.0763092 72.40195465 19.04144287 126.06555176 72.35463715 19.00635529 126.05384064 72.30588531 18.97398949 126.04125977 72.25588989 18.94427681 126.02786255 72.20482635 18.91714287 126.01369476 72.15288544 18.89251518 125.99882507 72.10025024 18.87031937 125.96722412 71.9936142 18.83293343 125.93350983 71.88638306 18.8044014 125.86209106 71.67417908 18.76591682 125.78782654 71.46395111 18.7350769 125.52905273 71.01106262 18.69739342 125.32025146 70.57198334 18.6610527 124.93907166 69.71465302 18.58923531 126.12242126 72.70205688 19.41468048 126.01605988 72.67906189 19.41843224 125.96678162 72.66401672 19.42196846 125.96228027 72.60536957 19.31762314 124.82993317 69.64359283 18.65047836 124.12734985 67.98228455 18.47747612 123.39997864 66.3311615 18.29543114 122.67072296 64.68099976 18.10423279 121.2437973 61.36962509 17.69762421 121.95459747 63.02599716 17.90470695 121.97750854 63.04849625 17.88716316 118.27967072 54.74383545 16.845047 119.759552 58.01385117 17.30801964 119.78442383 58.04933929 17.27889252 121.22477722 61.34734344 17.71523857 124.10001373 67.95568848 18.50096512 123.37468719 66.30547333 18.31694221 122.64769745 64.65634918 18.12428093 121.26449585 61.3910675 17.68093491 122.00226593 63.07006836 17.87072754 121.41555023 61.50630188 17.5955677 122.08574677 63.13015366 17.82698631 121.36108398 61.46995163 17.62175941 122.05656433 63.11080933 17.84074593 121.33516693 61.45111465 17.63558006 122.02867889 63.09080887 17.85529137 121.1028595 60.71084213 17.46456909 121.58930969 61.6101799 17.52266312 121.64669037 61.64507294 17.49805641 121.70181274 61.68109894 17.47219849 122.5879364 63.42192841 17.62790871 123.63938141 65.24139404 17.71931839 125.32752991 68.54302979 18.10116768 112.38814545 42.0147171 13.7548418 123.0354538 61.68676376 15.96352863 121.68152618 59.67806244 15.95281219 119.28655243 55.7069397 15.93089104 117.17009735 51.88108063 15.89411831 117.0716629 51.78166199 16.01127625 122.00994873 61.90854263 17.30448341 121.2056427 60.23631668 17.0858593 121.02409363 60.09016418 17.19826126 120.2379303 58.42587662 16.97354889 120.1569519 58.35667419 17.02976036 119.37589264 56.6985321 16.79920578 120.11420441 58.32321167 17.05685616 126.24987793 66.81134796 16.60706711 122.81855774 63.57814026 17.51583862 121.80504608 61.75664902 17.41660309 120.93267822 60.01741028 17.25411415 120.88414001 59.98245621 17.2806282 118.59207916 55.04204941 16.56242561 119.44765472 56.76353073 16.74254417 120.39884186 58.56480026 16.86061287 121.04117584 59.12104416 16.40764999 121.93045807 60.82156372 16.63484192 122.65322876 61.40771103 16.18167686 123.64419556 63.12619019 16.40179062 124.0775528 63.4131546 16.18706322 125.14803314 65.12216187 16.4017067 118.52482605 54.98366547 16.61828423 119.29942322 56.63592911 16.8539753 120.07001495 58.2904892 17.08330154 120.83377075 59.94842148 17.30623245 126.87650299 70.50904083 18.05446053 120.73143005 59.88116074 17.3566227 120.35712433 59.05282593 17.2469635 120.26515198 58.98475647 17.30013466 120.99828339 60.64030838 17.51633453 120.58834076 59.77501678 17.43735313 120.56726074 59.75593567 17.45217896 121.28672791 61.41174698 17.66508675 119.89404297 58.15917206 17.18940544 119.10935211 56.47883606 16.99127007 119.85409546 58.12429047 17.21772194 119.83525085 58.10627365 17.23238182 121.31033325 61.43173599 17.6499958 120.6104126 59.79360199 17.42302132 120.63336182 59.8117485 17.40911865 119.98033142 58.22569275 17.13560677 120.54729462 59.73629379 17.46755219 119.80032349 58.06884384 17.2629261 119.81729889 58.08781052 17.24743652 119.07637787 56.44484711 17.02073097 117.74872589 53.33275604 16.37618828 118.32803345 54.80595398 16.78755569 117.57546234 53.16980743 16.54795837 115.28548431 48.2816658 15.79273891 112.54364014 42.10694885 13.23936367 110.58371735 38.64044952 13.16189671 110.14237213 54.86217117 44.66292572 123.89800262 82.32124329 48.45288849 122.37168121 79.86652374 47.12286758 123.31221771 81.60224152 48.67469025 121.87247467 79.1453476 47.30038834 122.76461029 80.82112885 48.77854156 121.39849854 78.38674927 47.39859009 122.26519012 79.99719238 48.77338028 124.44921875 82.19263458 45.59872818 126.29753876 84.37692261 46.57913208 125.86069489 83.54012299 45.40592957 126.79974365 84.56108856 45.84947968 126.99948883 84.56859589 45.45232773 110.31420898 55.92207718 45.63549042 113.09960938 61.39251328 45.74627304 114.46331024 64.23369598 45.9447937 115.94989014 67.44232941 46.37106323 115.8575058 67.20804596 46.22793198 115.75900269 66.97660828 46.08335495 121.50944519 78.53256226 46.95762253 120.62324524 77.00395966 47.09042358 120.9540863 77.60173798 47.42607498 119.27531433 74.40071869 47.32904816 120.37735748 76.63428497 48.57263184 118.584198 73.22554016 48.23314667 118.99682617 73.84326172 47.01924896 117.45373535 70.6476059 46.75138092 117.68215179 71.16253662 47.04701996 117.21430206 70.13759613 46.45411682 117.33841705 70.39057922 46.60355759 117.95218658 71.71697235 46.60056686 118.09036255 71.97995758 46.75310898 118.70342255 73.29260254 46.70769501 118.85619354 73.56510925 46.86436081 120.27378845 76.41532898 46.75237274 123.98468781 81.64849854 45.35409164 124.59188843 81.97769928 43.9265976 124.82701111 82.20574188 44.02895737 125.11419678 82.2206192 43.25485992 125.29273224 82.66529846 44.23266602 125.56091309 82.62906647 43.45090866 126.45230865 83.44822693 43.84305954 127.49658203 83.95251465 43.39612198 123.94390106 81.52705383 44.51403046 124.44541931 82.01457977 44.74163818 124.91806793 82.52230072 44.96292877 125.51917267 81.88492584 41.61876297 125.30644989 81.71855164 41.5250473 125.12510681 81.92298126 42.34600449 125.77508545 82.47314453 42.63299179 125.34321594 82.10513306 42.44215012 124.88861847 82.01818848 43.1562233 124.33193207 81.76789856 43.81760788 125.44273376 81.43378448 40.71085739 125.74993896 81.23340607 39.99596024 125.77813721 72.35977936 19.16649628 126.61275482 73.41474915 21.5109005 126.45967865 74.57441711 25.01799774 126.29756927 75.87251282 28.47569084 126.11656952 77.29349518 31.89041138 125.91562653 78.77533722 35.16375732 125.88841248 80.44113922 38.4104805 126.15905762 81.52616882 40.16776657 129.22731018 72.73529053 18.12996483 116.59561157 68.79930878 46.42509842 116.48479462 68.55683899 46.27817154 115.55919647 66.51489258 45.79388428 114.16048431 63.39984131 45.38660431 112.76729584 60.28699493 44.94253159 110.00140381 54.07011414 43.93265152 112.67115021 59.92419052 44.68781662 115.51307678 66.39758301 45.72258759 115.47000122 66.27880096 45.65211487 114.0904007 63.18845367 45.24908829 116.85214233 69.37355804 46.00868225 112.71444702 60.10121918 44.80984116 122.05019379 79.34703827 46.23881149 121.59338379 78.77026367 45.91652679 121.12587738 77.93058014 46.61172867 120.71882629 77.34095001 46.26217651 124.8822403 81.76085663 42.24092102 124.62796021 81.60799408 42.13174057 124.51013947 81.65098572 42.53888321 125.19074249 81.64322662 41.47436142 124.63826752 81.83490753 43.04982758 124.3764801 81.6605072 42.93988419 125.06900787 81.57299042 41.4211998 124.8201828 81.43704987 41.31270981 124.73095703 81.53538513 41.7218895 124.38777161 81.44382477 42.02771759 124.26646423 81.47692871 42.43421936 124.12876129 81.47529602 42.83443069 124.96401978 81.17857361 40.50186539 124.84519958 81.11406708 40.45002747 124.69946289 81.36600494 41.25999832 125.3289032 81.36488342 40.66126251 125.31209564 80.96659088 39.80973816 125.20905304 81.30121613 40.60893631 125.06962585 80.85431671 39.70476151 124.95207214 80.7949295 39.65414429 124.49373627 81.37995148 41.61849976 122.04801941 79.44094086 45.65005875 122.3973999 79.92140198 45.23355484 121.49202728 78.61873627 45.83828354 120.62828827 77.18756866 46.17686844 119.82046509 75.68751526 46.32799911 118.25990295 72.46782684 46.24095154 116.80483246 69.24006653 45.93717575 119.74580383 75.53388977 46.24588394 120.54654694 77.0295105 46.09316635 121.40074158 78.46147919 45.76182938 122.29740906 79.77097321 45.1688118 122.74998474 80.33687592 44.72927856 123.40923309 81.06269073 44.27910995 123.80312347 81.35495758 43.59745407 123.68769073 81.23945618 43.54697418 124.50393677 82.97132874 48.13169861 123.4123764 81.16969299 46.54125977 123.48882294 81.15601349 45.85276031 123.49246216 81.12268066 45.10422516 124.06048584 81.56655884 43.70560074 123.97399139 81.43526459 43.22422409 124.01815796 81.37249756 42.78590012 123.92063141 81.2596283 42.74151611 124.28092957 81.35106659 41.98054123 124.4813385 81.20437622 41.16418839 124.23221588 81.30089569 41.95866394 124.43398285 81.15795135 41.14319611 120.45616913 76.70584106 46.9225769 121.32614136 78.2270813 46.78612518 122.27497101 79.63750458 46.39948273 122.52991486 80.00104523 45.95149612 122.50891876 80.06465149 45.30045319 122.85310364 80.48138428 44.78753662 123.01391602 80.600914 45.57919312 122.96845245 80.61786652 44.84829712 123.29197693 80.93523407 44.22421265 123.5853653 81.11436462 43.50003815 123.87776947 81.19864655 42.72118759 124.10969543 81.1313324 41.90162659 124.58545685 81.28933716 41.21005249 124.6805191 81.00556946 40.37847137 124.74012756 80.65548706 39.56464005 124.69428253 80.61425781 39.54587555 124.63082886 80.96488953 40.35699844 124.53195953 81.24806213 41.18653107 124.88910675 79.93118286 38.02182007 124.93756866 79.96592712 38.03974915 124.98890686 79.99804688 38.05916214 125.09860992 80.05587769 38.10164261 125.21501923 80.10758209 38.14760971 125.45526123 80.20426178 38.24339294 124.18717194 81.24775696 41.9381218 124.39029694 81.10844421 41.12371445 124.35067749 81.05552673 41.10590744 124.65207672 80.56978607 39.52894974 124.61391449 80.52170563 39.51407242 124.80239105 79.85237122 37.99126816 124.76493073 79.80757141 37.97904968 125.04498291 78.41700745 34.91165543 125.00858307 78.37773895 34.90486526 125.2531662 77.00710297 31.7168541 125.21759033 76.97173309 31.71456528 125.43914795 75.6285553 28.35371208 125.4042511 75.59539032 28.35408592 125.60340881 74.36358643 24.95468712 125.56900787 74.33213806 24.95805931 125.75708771 73.22901917 21.50969505 125.72309113 73.19884491 21.51618767 125.83454895 72.72055817 19.76732826 125.80075836 72.690979 19.77566338 125.77193451 72.65670013 19.78564453 125.69403076 73.16397095 21.52433586 125.53944397 74.29607391 24.96328163 125.37409973 75.55770111 28.35648346 125.18666077 76.93195343 31.71444321 124.97674561 78.33419037 34.90034103 124.73193359 79.75868988 37.96915054 124.58018494 80.46966553 39.50143814 124.31552124 80.99887085 41.08993912 124.14620209 81.19134521 41.91905975 125.7724762 72.47961426 19.36348343 124.84391785 79.89344788 38.00559235 125.08552551 78.45239258 34.92050552 125.29297638 77.03844452 31.72110748 125.47836304 75.65759277 28.35517693 125.64221191 74.39082336 24.95300484 125.79556274 73.25491333 21.50471878 125.8728714 72.74584198 19.76049614 125.84070587 72.64756012 19.54781532 125.80142212 72.51271057 19.34992599 125.74907684 72.32817841 19.18359947 127.79128265 82.70396423 40.85391235 127.90630341 81.76528931 39.17044449 128.10505676 79.95936584 35.7560463 128.28335571 78.28502655 32.27144241 128.44737244 76.75135803 28.72119522 128.60017395 75.36522675 25.10961914 128.74787903 74.13915253 21.44015312 128.82240295 73.59202576 19.58465958 114.11559296 65.1025238 48.42608261 110.54893494 57.51369476 47.09641647 107.1422348 49.58330536 45.1659584 122.28429413 80.53990936 50.77716064 124.54492188 84.18177032 51.16466904 126.5568161 86.61151886 50.81276321 125.64711761 85.58353424 50.94102859 125.81794739 85.89580536 51.11218643 124.97970581 84.76493073 51.05451202 125.14133453 85.07379913 51.22706604 124.38996887 83.87819672 50.99576569 122.01874542 79.97890472 50.46235657 124.22724152 83.57989502 50.82356644 124.81002045 84.46178436 50.8781929 127.32266235 87.21347809 50.37024689 119.91986847 76.31797791 50.03127289 117.91369629 72.61134338 49.5405159 129.07778931 87.63916016 48.08240891 128.40234375 87.4491806 48.8504982 127.67497253 87.09314728 49.50747299 126.92813873 86.60172272 50.05253983 126.18519592 85.99323273 50.47749329 125.46820831 85.27744293 50.76549911 129.63388062 87.60230255 47.21330261 130.09721375 88.11779022 47.43671799 129.8306427 87.47284698 46.75637436 130.29354858 87.96579742 46.96942902 129.94606018 87.25931549 46.30852509 130.58404541 85.91148376 43.88739777 130.25695801 86.90766144 45.55351639 130.47201538 87.12117004 45.64769745 130.40365601 87.72651672 46.51371002 128.99021912 86.36952972 45.8651619 128.86427307 86.52955627 46.30025864 128.667099 86.61208344 46.73846436 128.13011169 86.57315063 47.56268311 127.48883057 86.32627106 48.28295898 126.80305481 85.92839813 48.89339066 126.10153198 85.40895844 49.39632797 125.40477753 84.78565216 49.78748703 124.73199463 84.06789398 50.05427933 124.11071777 83.26287842 50.16530609 123.55652618 82.39920044 50.12829208 121.46013641 78.8734436 49.82325363 119.46742249 75.29349518 49.42498016 117.55628204 71.67555237 48.95690536 113.91566467 64.36186981 47.88679504 110.4727478 56.98353577 46.6086998 128.22680664 85.09560394 44.62755966 129.11010742 85.92342377 45.02018356 129.29055786 84.93917847 43.28897095 130.0322113 86.70546722 45.45069885 130.16799927 85.56830597 43.70142746 130.3812561 85.73329163 43.79918671 130.57017517 83.43648529 40.20241165 130.7651825 83.57858276 40.27349854 124.22634125 81.63301086 43.3307457 125.94032288 82.22150421 41.80455017 127.61962891 83.57489014 42.54708862 128.45603943 84.25583649 42.91799545 129.41682434 83.89202881 41.53863144 130.37380981 73.94937134 18.99996567 130.36962891 74.10649872 19.47116661 130.29690552 74.67451477 21.38702774 130.15275574 75.9495163 25.17453957 130.00622559 77.400383 28.8979435 129.85386658 79.01683044 32.5466156 129.69090271 80.83216095 36.18461609 129.51422119 82.83557129 39.7767334 107.48961639 43.06298065 35.15203857 106.62756348 43.72922897 38.65129089 108.9810257 41.85042953 28.01825523 110.22541046 40.80107498 20.73945999 115.53759766 50.14597702 19.144207 113.2199173 45.23007584 18.13264275 112.69611359 45.8424263 21.89823914 117.76534271 55.04803467 20.08756638 122.77593994 66.56899261 22.01465797 122.78959656 66.5655365 21.94036102 121.95188904 64.66990662 21.74148369 122.83020782 66.57049561 21.75332069 122.84255981 66.57518768 21.70350456 122.85455322 66.58081818 21.6575489 122.91584015 66.62230682 21.4509716 122.93752289 66.64095306 21.38675308 123.00138855 66.70480347 21.21754456 123.01852417 66.72383881 21.17644119 123.03618622 66.74420929 21.13570976 123.11862183 66.84791565 20.96515465 123.14775085 66.88756561 20.91168213 123.22590637 67.00061798 20.78334045 123.24302673 67.02659607 20.75794411 123.26906586 67.06685638 20.72110558 123.35953522 67.21367645 20.60881805 123.39667511 67.27690887 20.56946564 123.47753143 67.42028809 20.49682808 123.49152374 67.44587708 20.48605347 123.5269165 67.51165771 20.46113586 123.78031921 68.02770996 20.38551331 123.85249329 68.19100952 20.4011364 123.6126709 67.67720795 20.41485405 123.65604401 67.76435852 20.39922142 123.73957825 67.93903351 20.38467789 123.89619446 68.29417419 20.42038727 123.96266174 68.45837402 20.46630096 124.00033569 68.55602264 20.50283623 124.05418396 68.70277405 20.571558 124.08982086 68.80573273 20.63048935 124.13632965 68.949646 20.72954559 124.16216278 69.03604889 20.79966927 124.19500732 69.15635681 20.91316605 124.21535492 69.24030304 21.00552368 124.23480225 69.33340454 21.12401962 124.23852539 69.35379028 21.15269279 124.24796295 69.41257477 21.24213982 124.25422668 69.61624908 21.68816948 124.24832916 69.64235687 21.77977562 124.89557648 71.56809235 22.75408745 124.23131561 69.6784668 21.95179939 124.21593475 69.69333649 22.06542587 124.2571106 69.49662781 21.39239693 124.25906372 69.54788971 21.50271797 124.25619507 69.60237122 21.64541435 124.16712189 69.70045471 22.33127022 124.16271973 69.69940948 22.35121346 124.10254669 69.66950989 22.58665466 124.66963196 72.96286011 26.84061241 124.43133545 74.54059601 30.84426308 124.1789856 76.29638672 34.7540741 123.9104538 78.224823 38.56023788 123.62407684 80.3188858 42.24872589 122.48434448 77.61378479 41.88739395 119.61754608 73.96443939 44.64771271 117.1397171 68.03481293 43.69461441 114.57254028 62.01171875 42.61207962 109.33087158 49.8286705 40.08571243 111.97049713 55.93382263 41.40637589 123.9997406 69.57797241 22.89094543 123.91719055 69.48291016 23.08243942 123.70555115 70.63597107 26.50717735 123.90122223 69.46290588 23.11547661 123.8943634 69.45415497 23.1293354 123.79399872 69.3175354 23.3101368 123.77684784 69.29269409 23.33734894 123.68073273 69.14639282 23.47239113 123.66404724 69.11985016 23.4929924 123.65061188 69.09822083 23.50901031 123.54302979 68.91768646 23.61929512 123.51937103 68.87625122 23.63939285 123.42218781 68.69954681 23.70656395 123.40828705 68.67340851 23.71414757 123.38707733 68.63308716 23.72473335 123.28643799 68.43456268 23.7582798 123.25771332 68.3755722 23.76259613 123.1609726 68.16856384 23.75833893 121.62335968 65.85710907 25.76456261 123.13520813 68.11104584 23.7518959 123.05205536 67.91739655 23.71344566 123.02320862 67.84696198 23.69295311 122.94848633 67.65473175 23.61850929 122.92504883 67.59092712 23.58748055 122.86579132 67.41947174 23.48691368 122.84353638 67.35023499 23.43850517 122.79530334 67.18611908 23.30272293 122.78096771 67.13188171 23.25032425 122.74942017 66.9960022 23.09843826 122.73902893 66.94219208 23.02833366 122.72348785 66.83809662 22.8708477 122.72154236 66.81982422 22.83944321 122.71878052 66.78672028 22.77890396 122.71787262 66.69915771 22.58779907 122.72067261 66.67004395 22.5092144 122.73364258 66.61686707 22.3275013 122.73822784 66.60656738 22.28217888 122.74453735 66.59557343 22.22697258 124.01084137 69.58952332 22.86216164 124.0900116 69.66053772 22.6290741 124.09297943 69.66273499 22.6191864 120.71110535 69.38728333 35.35213852 120.81014252 69.56357574 35.30306244 120.90323639 68.67865753 33.59173584 120.84797668 69.63488007 35.29053879 120.93980408 69.81794739 35.27595139 120.97649384 69.89543915 35.27701187 121.05269623 70.06558228 35.29381561 121.09304047 70.16149902 35.31193161 121.15756989 70.32529449 35.35734177 123.13378906 73.80083466 34.39612579 121.19419861 70.425354 35.39427185 121.2440567 70.57268524 35.46198273 121.27696991 70.6795578 35.52167511 121.31474304 70.81665802 35.61259842 121.33879852 70.91685486 35.6904335 121.3626709 71.03514099 35.79664612 121.37770081 71.1306076 35.89570236 121.38903809 71.23901367 36.02607346 121.39234924 71.31479645 36.13154602 121.38990021 71.40034485 36.26964188 121.3821106 71.4642868 36.39119339 121.36763763 71.52481842 36.52800751 121.31638336 71.61935425 36.82917404 122.81985474 75.62942505 38.19790649 121.34714508 71.57487488 36.66718292 121.36349487 71.537117 36.55946732 121.28832245 71.64346313 36.95172882 121.21214294 71.66783142 37.22153091 121.20737457 71.66801453 37.23633575 115.80297089 59.29102707 35.38518524 119.75615692 68.59545898 37.18292999 119.77046204 68.57666016 37.11139679 119.81732178 68.53923798 36.91159058 119.84052277 68.529953 36.82586288 119.89510345 68.52387238 36.64671326 119.91429138 68.52581024 36.58955765 119.93019867 68.52874756 36.54405975 116.34835815 58.07570648 31.6529789 120.0100174 68.55838776 36.33720398 120.03689575 68.57305908 36.27428055 120.11618042 68.627388 36.10463333 120.14366913 68.64962006 36.05073547 120.15769958 68.66158295 36.0241127 120.26159668 68.76182556 35.84407425 120.2891922 68.79163361 35.80093384 120.38376617 68.90296936 35.66671371 120.41033173 68.9366684 35.63264465 120.4278183 68.95941162 35.6110611 120.53834534 69.11314392 35.48976898 120.56975555 69.15991974 35.46001434 120.66473389 69.30963135 35.38277054 120.68365479 69.34095001 35.36969757 120.29767609 70.7190094 38.59850311 120.28617096 70.69866943 38.60375977 120.0785675 72.06654358 41.06348801 120.17408752 70.48864746 38.63841248 120.15192413 70.44434357 38.64142609 120.05219269 70.23188782 38.63660812 120.02935791 70.1798172 38.63071442 119.94805145 69.9814682 38.59165192 117.69374847 66.38102722 40.11121368 119.92193604 69.91265106 38.57194138 119.85694885 69.72689819 38.50246811 119.83267975 69.65065765 38.46681595 119.78440857 69.48227692 38.37220764 119.76403046 69.40142059 38.31836319 119.73109436 69.24834442 38.19944 119.71781158 69.17221069 38.130867 119.70068359 69.04036713 37.99421692 119.6951828 68.96970367 37.90970993 119.69351959 68.85119629 37.74468231 119.69664001 68.79981232 37.66123199 115.21362305 60.6029892 39.03740311 119.71038818 68.70955658 37.48903275 119.72201538 68.66750336 37.39256287 119.74861145 68.60743713 37.22359848 121.11988831 71.65265656 37.48000717 121.10739136 71.64809418 37.51120758 120.99958038 71.59039307 37.75276566 120.98921967 71.58335114 37.77373505 120.88269043 71.49846649 37.97073364 120.85640717 71.47433472 38.01462173 120.7301712 71.34295654 38.20278168 120.71868896 71.3298111 38.21815109 120.60195923 71.18547821 38.35909271 120.57408142 71.14819336 38.38872147 120.44302368 70.9584198 38.50751114 120.42816162 70.93537903 38.51882553 120.31641388 70.75169373 38.58930588 116.85388947 56.96141815 27.85534096 121.27472687 67.19470215 29.71782684 123.42816162 72.13465118 30.4961586 111.51959991 47.25691223 29.31888771 112.13129425 46.5185318 25.62893105 115.05044556 50.90533066 22.98589516 117.32483673 55.95124817 23.99765205 110.12767792 48.91305923 36.55274963 112.69275665 54.77121353 37.84844971 110.85367584 48.05599213 32.96516037 94.06765747 24.94338799 42.7955246 95.20219421 27.54182625 43.92041779 96.13539886 27.39184952 41.12781143 89.42420959 15.01027489 37.83214569 97.57418823 19.80358505 2.97545385 95.89077759 18.29030228 2.62799764 95.25344849 18.83225632 13.21611214 90.76391602 14.30955696 1.68573427 88.26242828 12.66323376 6.0674243 90.79644775 14.5055151 6.67442226 90.93062592 14.42565918 1.71379793 93.38485718 16.2345562 2.14636922 92.97388458 16.64848137 12.57937145 92.62957764 16.8020153 17.93205833 100.6006012 22.82922935 3.65306759 102.45093536 25.76382256 8.86747646 102.8216095 25.33656502 4.19691944 104.51052094 28.36678696 9.16120911 105.05718994 28.15094948 4.78888845 102.64118958 28.97035027 21.34749985 101.45583344 29.27213287 27.39139175 100.04347229 29.57392311 33.38285446 98.35189819 29.87571335 39.27630234 92.18151855 22.53406525 44.27333832 92.91867828 22.38739395 41.62726593 91.19458771 19.99988747 43.02932358 90.2100296 17.50769234 41.73688889 90.59240723 17.4168129 39.14926147 88.27062225 12.67093754 38.99233627 88.7461319 13.85765362 39.69707108 88.84111023 13.82870579 37.15238953 88.26230621 12.6665678 35.99272537 89.75090027 14.92610741 32.67433929 88.26277924 12.66354656 11.1326189 90.63996124 14.58962822 11.88590336 88.26306152 12.66388798 16.19821739 90.46308136 14.67374134 17.09465599 88.26327515 12.66425991 21.26318741 90.26058197 14.75785637 22.29732513 88.26342773 12.66467381 26.32865524 90.02568054 14.84198093 27.49290085 88.26358032 12.66458797 26.53695297 88.26393127 12.66581917 31.39452171 93.56650543 22.26066971 38.92302704 95.58359528 24.66230583 37.26034164 94.15541077 22.13540459 36.18760681 96.85323334 24.38310623 31.60682678 95.19391632 21.88499451 30.65317726 97.9234314 24.10390472 25.88325691 96.07286835 21.63458633 25.06266975 96.98378754 27.2437973 38.28890228 98.47137451 26.94779587 32.51568604 99.71962738 26.65179825 26.65842819 103.64726257 28.66856956 15.2650013 101.67333984 26.05981445 14.82098866 99.61149597 23.54551888 14.3337183 98.31169891 20.50310707 3.13409948 97.46892548 21.13378716 13.79978752 94.75218201 19.04101753 18.71339607 92.23404694 16.95555115 23.27324295 92.70367432 19.66732216 35.06796646 91.7588501 19.87724686 40.41293335 90.00822449 16.20649719 38.49762344 91.23353577 17.26264191 33.89819717 91.77367401 17.10909653 28.59977913 93.49871063 19.4585495 29.65191078 94.1740799 19.24977875 24.1937542 96.82212067 21.3841877 19.44240189 98.83149719 23.82471085 20.12237167 100.77332306 26.35580444 20.75630188 20.39800644 78.29119873 34.996418 20.39084244 78.24687195 34.89847946 20.36797714 78.29866028 34.89855957 27.1686573 52.87249374 14.72046471 29.02009392 49.29873657 14.16835213 28.94595718 49.37421417 14.04780674 16.29955292 72.3526535 17.93770409 16.09333611 72.73667145 18.12923431 16.85719872 72.43645477 18.28701782 16.32400894 71.46524811 17.36356735 17.44863319 69.83609772 17.18622398 16.7688427 70.12102509 16.98853683 15.47563076 71.77313232 17.14460564 15.38564301 71.81123352 17.1170063 15.08877087 72.20809937 17.20759201 13.82492828 74.21968079 18.93750954 13.92031479 74.1853714 18.94645882 13.9871645 73.96101379 18.50596619 14.99104118 72.05215454 16.93720245 15.06069279 71.99552155 16.98015785 16.31246185 70.37941742 16.80160904 14.83223629 72.34100342 17.11273956 14.54457664 72.73308563 17.26377869 14.58575249 72.70824432 17.28043365 14.75533867 72.39378357 17.07498169 33.17098618 41.87697601 14.52369499 31.51416779 45.26789093 15.36308575 33.25007248 41.83084869 14.78037167 24.31995773 60.64463806 17.51311302 23.95677948 61.47434616 17.61855698 23.98287201 61.45567322 17.63221741 26.17499161 56.51536942 16.95947838 26.93131256 54.87109756 16.72611427 26.79556274 54.98682404 16.61525345 28.35064697 51.68617249 16.12446976 23.90208054 61.51043701 17.59262276 20.7685833 69.06806183 18.67683029 21.26336861 67.90490723 18.54829407 21.24231339 67.93466187 18.5201931 22.71039009 64.61013794 18.16335297 19.39262772 72.6506958 19.42554474 19.3918457 72.69863129 19.53295898 19.43510056 72.67821503 19.5386219 19.35131073 72.78907013 19.74988365 19.30148506 72.80332184 19.74690819 19.37852478 73.31443024 21.4971981 19.29734612 72.76963043 19.63551331 19.67952728 71.04904175 18.68035889 19.84360123 70.62994385 18.62812233 19.73595047 70.66160583 18.61505699 19.18364716 72.17984772 18.89526939 19.16944313 72.23097992 18.92006302 19.39040375 72.18023682 18.92000389 19.92618942 74.99826813 27.11177444 19.82344627 74.22086334 24.97732162 19.80338669 74.2658844 24.9684906 19.79172134 75.68850708 28.35929108 19.69429398 75.72810364 28.37039566 19.87822723 77.11700439 31.74610138 20.3871994 68.34593201 18.2395916 20.30760765 68.38607025 18.21142387 19.59026909 69.99768829 18.42102242 18.76599693 72.30942535 18.93397331 18.73973465 72.40335846 18.99091911 18.79436874 72.39086151 18.99129486 18.72490692 72.76024628 19.41625595 18.729496 72.70560455 19.31527138 18.67479515 72.71591949 19.31429672 18.73880959 72.63963318 19.21980095 18.865242 71.65293121 18.69555855 18.76952934 71.69009399 18.67629242 18.71186829 72.06036377 18.7959919 32.93547058 42.01503372 13.75307369 29.47011185 48.84786606 14.88977623 29.76969337 48.5461731 15.37020588 16.49643517 73.59378815 19.58427238 16.57094765 74.14098358 21.43997192 17.34433365 73.87599945 21.46616173 16.50272751 73.37332153 19.0284977 16.49353218 73.43128204 19.13293457 17.26662445 73.17383575 19.19885445 16.48900223 73.52307129 19.35354233 17.26888084 73.33913422 19.64053726 16.7186451 75.36721802 25.1098423 16.87142181 76.75357056 28.72180176 18.42930984 76.11297607 28.54453659 19.85929489 78.62728882 35.02742386 19.62192726 78.69773865 35.10036087 19.85583115 80.20964813 38.24859238 21.16816902 81.20569611 41.92365265 21.12624359 81.26113892 41.94305038 21.39232254 81.27415466 42.74672699 20.81720161 81.38986969 41.62430191 20.92298889 81.45424652 42.03358078 21.03093719 81.36278534 41.98601532 21.04408646 81.4879303 42.44013977 21.18154907 81.48693848 42.84041214 21.29325676 81.38541412 42.79157257 20.86434555 82.2050705 45.6043129 21.3764267 81.74060822 46.1280365 21.8240509 81.17035675 45.85951614 28.39218521 69.48503113 45.91112518 27.16089058 72.19074249 46.10221863 27.11339378 72.34028625 46.17549896 26.5970459 73.39206696 46.13645935 25.69006729 75.2321701 46.09686279 25.6356144 75.39550781 46.17541885 18.31823921 84.57530975 45.45523453 18.51797485 84.56811523 45.85252762 19.45485497 83.54944611 45.40998077 13.55451679 74.20071411 18.42243004 13.48803902 74.42131042 18.88006592 13.56476593 75.16143799 21.34313774 38.20901871 49.89352036 45.60371399 34.77521133 57.51371765 47.09643555 34.73944092 57.7788353 47.33932877 31.11331177 65.47393799 48.69394684 22.91893196 80.82553101 50.92890549 20.63586235 84.49052429 51.32786179 20.03322601 85.38845825 51.39326096 19.34749222 86.21442413 51.27618027 18.59797859 86.9308548 50.97041321 17.82097244 87.53031158 50.51861572 17.04078865 88.00300598 49.94055557 16.28301239 88.3303299 49.24706268 15.58295631 88.48085022 48.44104385 15.01366901 88.39109802 47.53516769 14.65180492 87.34875488 45.72937775 14.71039295 87.97755432 46.60097122 14.81774426 88.22872925 47.06187439 14.2207365 81.56062317 36.58230972 14.3804512 83.74027252 40.33081818 14.55300331 86.10656738 43.96191406 14.15388298 79.55400848 32.80125046 14.06936359 79.61899567 32.80877686 13.99005222 79.69142151 32.81251907 13.88644028 73.58796692 17.67822075 14.39248371 72.84566498 17.18846321 18.65341949 67.11182404 16.39091873 20.91127586 63.69340897 15.97874832 20.95269394 63.64888763 16.01162148 22.02786827 61.91225815 15.78931904 25.09008408 56.61093903 15.06773472 23.07388115 60.15885925 15.55775642 29.17208481 49.14971924 14.40849304 32.78033066 42.10705185 13.23876762 34.6478157 38.6239357 12.62588692 38.1349411 48.96479034 44.29319763 38.09806824 48.34583282 43.4187851 35.00937271 55.9257164 45.63883209 35.18076706 54.86821747 44.6684761 31.80704689 62.8808136 46.81912613 32.22212601 61.40097046 45.75236893 32.32836914 61.03150177 45.48603821 30.85725021 64.2442627 45.95175171 35.27238464 54.34062195 44.18318558 32.43849945 60.66365051 45.21885681 31.00478745 63.82670975 45.67409897 32.55356979 60.29793549 44.95045853 31.15927505 63.41226196 45.39483643 32.6066246 60.11274719 44.8179512 31.22969055 63.20159912 45.25747681 29.88873482 66.1734314 45.59130478 32.63082123 60.0189743 44.75252533 29.55962372 66.98921967 46.09130478 29.46166992 67.22028351 46.23547745 36.7571373 50.67333984 43.12284851 35.74491501 52.95495224 43.54612732 24.94305038 76.64196777 48.57691193 26.04249191 74.41345215 47.33613205 23.05449486 80.00543213 48.77801895 24.36252594 77.61539459 47.43374252 22.55488586 80.82949829 48.78329086 23.91779327 78.40061951 47.40644455 22.00702667 81.61068726 48.67942047 23.44340134 79.15934753 47.30821609 21.42094803 82.32968903 48.45746231 18.17002869 84.51771545 45.05102921 19.09383774 83.59519958 44.64403534 20.02079773 82.67579651 44.23731995 19.53921509 82.48155212 42.63734818 17.82168007 83.95761108 43.39874268 18.8637085 83.45572662 43.84664536 19.0202961 84.38443756 46.58250427 20.39530945 82.53390503 44.96798325 20.86685562 82.02731323 44.74719238 17.412323 81.76894379 39.17253113 17.5272789 82.70802307 40.85626984 19.15576363 81.5328598 40.17168808 28.35474968 69.64836884 46.1637001 27.36417961 71.73127747 46.60895538 28.10286331 70.15136719 46.46233368 27.2268734 71.99391174 46.76106262 27.97950745 70.4039917 46.61135101 27.86467171 70.66053009 46.75879669 26.32032013 73.85725403 47.02702332 24.6925869 77.01896667 47.09884644 23.80557823 78.54794312 46.96622467 24.18694305 77.94662476 46.62134171 23.98804283 78.24293518 46.79518509 24.62364388 77.19782257 46.71757126 24.43484879 77.49224091 46.89170837 25.0400486 76.43107605 46.76174164 24.85890007 76.72133636 46.93143463 22.83348083 79.95413971 46.56476593 22.42739487 80.55789948 46.87850189 22.94370079 79.88050842 47.13044357 20.81469536 82.97967529 48.13602829 26.46032715 73.57959747 46.87252808 27.63680077 71.17429352 47.05377197 26.7368927 73.2326355 48.23723221 28.41241646 69.52010345 46.09019089 29.0579052 68.08774567 45.99263763 28.8331356 68.57004547 46.28625107 28.72295761 68.81214905 46.43275452 29.36965179 67.45410919 46.37824631 29.18709373 67.92228699 46.66383362 28.46802711 69.79785919 47.80888367 28.46577454 69.38980865 46.01757431 29.10973549 67.96507263 45.92032623 29.15801048 67.84069061 45.84886932 29.7593174 66.52872467 45.80238342 29.84903717 66.2935257 45.66074371 28.5137291 69.25697327 45.94607544 24.59410286 77.35888672 46.27238083 25.41086769 75.85468292 46.42144394 24.6853447 77.2063446 46.18710327 25.4940834 75.70579529 46.33802795 24.76808357 77.04927063 46.1033783 25.56964302 75.55306244 46.2559166 24.84017944 76.88654327 46.02157593 25.13124466 76.29473877 46.00058365 27.05681992 72.48554993 46.25025558 26.99269295 72.62725067 46.32624817 26.92253876 72.76611328 46.4032402 26.61210251 73.30740356 46.71630859 23.26123428 79.36270905 46.24768066 22.78081703 80.01624298 45.95979691 22.32987785 80.59284973 46.25569916 21.90199852 81.18321228 46.54795074 20.20161629 83.55172729 47.71936035 23.03800774 79.65310669 46.4078064 20.12065506 81.65101624 41.47993851 20.00603867 81.72686005 41.53017426 20.18709564 81.93213654 42.35123444 19.97008133 82.11436462 42.44694138 20.19873619 82.23086548 43.25978088 19.75305367 82.63839722 43.4553833 20.48544121 82.2172699 44.03406906 20.71941566 81.98929596 43.9321022 20.42318916 82.02841949 43.16155624 20.67164612 81.84453583 43.05581665 20.42808723 81.76930237 42.24686813 19.02221107 80.71072388 38.56616974 19.56393623 81.24074554 40.00027466 19.4255867 80.44774628 38.41430664 19.76953125 81.09614563 39.91384888 19.62876701 80.31774139 38.33762741 19.88105392 81.03166199 39.86623001 20.2416153 81.580513 41.42710114 21.32778931 81.66214752 45.36022949 22.29615974 80.615448 45.5868721 21.81707382 81.13632965 45.11128998 22.80137253 80.08125305 45.30850983 22.34134483 80.63361359 44.85564423 21.36532974 81.53957367 44.5205307 21.9003067 81.07732391 44.28578568 21.24831772 81.57814026 43.71195221 21.50662231 81.36813354 43.6036377 20.97745705 81.77899933 43.82371902 20.93287849 81.67055511 42.94610596 20.79944992 81.66038513 42.54508209 19.59640884 84.02905273 47.20429611 23.91279411 78.4812088 45.77113724 23.99306679 78.31813812 45.69678116 23.10254097 79.63214111 45.11436844 24.24254608 77.84825897 45.70956802 24.05872154 78.14673615 45.62501144 23.56829453 78.90291595 45.34682083 21.62313843 81.25388336 43.55290604 22.01861954 80.95107269 44.23070526 22.4576931 80.49827576 44.79476547 22.91382408 79.93907166 45.241539 23.26288795 79.45817566 45.65880585 20.72562599 81.2988205 41.21578979 22.03956985 80.73162842 43.70240784 21.81503487 80.99526978 43.46257782 22.21498299 80.67063141 44.12989807 21.51029587 81.08367157 42.68914032 21.47558403 81.15071869 42.70687866 21.23857689 81.08396912 41.88974762 21.20574188 81.14674377 41.90583801 21.03174019 80.95391083 41.07931137 23.17321396 79.46389771 45.05519867 23.04019356 79.64160156 44.94065475 22.65197372 80.20235443 44.68084717 22.64805794 80.12691498 44.54495239 22.32143593 80.47828674 44.13435745 20.68182373 81.61682129 42.13791656 20.57899857 81.54370117 41.7280426 20.48991203 81.44491577 41.31883621 20.61092567 81.37451172 41.2660141 20.46541214 81.12181854 40.4559288 20.57823181 81.05249023 40.40683365 20.47026443 80.73774719 39.61227798 20.9640274 81.06902313 41.11016846 21.00025558 81.01345825 41.09376144 20.73594475 80.48311615 39.5043869 20.76603127 80.4280014 39.49358749 20.6137104 79.71931458 37.96338654 23.82036018 78.63733673 45.84765625 23.01514435 79.78994751 45.176651 22.56222725 80.3551712 44.73630142 22.12454796 80.81623077 44.17850494 21.72699928 81.13037109 43.50559998 20.91184616 80.68247223 40.31848907 20.30692673 78.38788605 34.90634537 20.26955032 78.42607117 34.91365051 20.51189613 79.86281586 37.99460983 20.46953201 79.9029541 38.00938797 20.61900139 80.6246109 39.55029297 20.57243156 80.66500092 39.56943512 20.68159294 80.97497559 40.36206055 20.79101562 80.36834717 39.48536682 20.68613052 79.91592407 38.49062347 20.63790321 79.66257477 37.95803833 21.77869606 80.91147614 43.2169075 21.54735756 81.01065826 42.69189835 21.34233284 81.03121185 42.12120056 21.12048912 80.94463348 41.33467865 21.05809021 80.8900528 41.06697464 19.39745903 78.78038025 35.16688919 23.71819687 78.78792572 45.92591095 19.19733429 78.88594818 35.22132874 18.80005074 79.10009003 35.32875061 17.21364594 79.96234894 35.75751877 20.92345428 81.12094879 41.12836456 21.08036804 81.31340027 41.96388626 30.92796707 63.79870605 45.23271561 32.65300369 59.92419052 44.68781662 17.03540611 78.28752899 32.27238846 18.60552979 77.56506348 31.99684334 17.27586937 73.11331177 19.0979538 16.90350914 73.17577362 18.96748161 17.7185688 72.75250244 18.88428116 18.10535431 72.61779022 18.92673874 17.77521133 72.57267761 18.75944138 18.13184929 72.5276413 18.8641758 18.38676643 71.83889008 18.59903145 18.74808502 71.02059937 18.40971184 18.0074234 71.33180237 18.20316696 18.44118118 70.51194763 18.05237389 17.73491478 70.82922363 17.82389259 18.71786308 69.19052887 17.64445305 17.62168121 72.1371994 18.44361877 17.45828629 72.52497101 18.60387993 17.84384918 72.38171387 18.66330338 17.38891411 72.71194458 18.70905113 17.33191299 72.8875351 18.84160233 17.26742554 71.64379883 17.99540138 18.22955132 72.23872375 18.72244835 18.16164398 72.43370056 18.80957794 28.15180588 51.88335037 15.89144421 27.76006699 52.2803421 15.42315483 26.53921318 55.22592163 16.38792801 26.03586769 55.70860291 15.92930984 24.92163658 58.56797409 16.85803413 18.99859619 77.38573456 31.92775345 18.8192234 75.95400238 28.50003242 19.19661903 77.29759979 31.89252281 19.01568794 75.87607574 28.47713661 18.26982498 74.79058838 25.04417419 18.65800095 74.64751434 25.02757454 18.85360909 74.57754517 25.01868439 18.11826324 73.61261749 21.49206161 18.5054245 73.48152924 21.50490189 18.70055199 73.41755676 21.51078987 18.80776215 73.39480591 21.51047897 18.04023552 72.91785431 19.26426697 18.04953384 72.8547287 19.16680336 18.42723083 72.79042053 19.29677963 18.43655777 72.72597504 19.20100021 18.62228012 72.72815704 19.31225777 18.63161469 72.66298676 19.21718979 17.29014587 73.04430389 19.00436211 18.06380653 72.78240204 19.07759476 18.45083046 72.65196991 19.11394501 18.64588165 72.5880661 19.13108444 18.61538696 72.09600067 18.78131676 18.54820251 72.29502106 18.85946083 18.64486504 72.26039886 18.87189293 18.61534309 72.35702515 18.92147255 18.71355247 72.32389069 18.93165398 18.68726349 72.41733551 18.98885155 18.51862717 72.39111328 18.91004372 18.49226952 72.48339844 18.96897697 18.58901596 72.44984436 18.97950172 18.46953392 72.57073212 19.03677368 18.66456795 72.50578308 19.05515099 18.73057747 72.87715912 19.74121666 18.7241478 72.80564117 19.52163124 18.66944122 72.81546021 19.52032471 18.62339973 72.89862061 19.7377491 18.75304794 72.56375122 19.13339996 18.61693001 72.82732391 19.51818085 18.42195511 72.88881683 19.50385666 18.03511047 73.01490784 19.47398376 17.26179886 73.26823425 19.41395187 18.04184151 73.08601379 19.69649124 18.42850876 72.9600296 19.72434998 18.7430191 72.22664642 18.8830204 18.67717552 72.16112518 18.83024025 18.80983353 72.02546692 18.80929756 18.77525139 72.12677765 18.84241295 18.79543114 72.21169281 18.88568497 18.93458557 72.27307892 18.93160057 18.96389198 72.17331696 18.88393021 18.85000229 72.19799042 18.88647652 18.88212967 72.09711456 18.84668159 18.86212921 72.00965881 18.8129158 18.86716843 72.54494476 19.1312027 18.85297966 72.62216187 19.21845436 18.84371376 72.68922424 19.31487656 18.83913994 72.74463654 19.41655922 18.83838272 72.79051208 19.52240181 18.84477615 72.86238098 19.74235344 18.77170753 72.48041534 19.0574131 18.88578796 72.46017456 19.05468178 18.92193031 73.37871552 21.50782013 19.07497978 74.53231049 24.99991226 19.23744011 75.82241821 28.44345474 19.41944695 77.23316193 31.8457489 19.9116497 75.60404968 28.35381126 19.8757267 75.63607788 28.35390854 20.06155586 77.0151825 31.71772575 20.02086449 77.0455246 31.72242737 20.22814369 78.46047974 34.92295837 20.18310928 78.4914856 34.93407059 20.42361069 79.93984222 38.02600861 20.32268715 80.00532532 38.06396866 20.35868454 80.80208588 39.65989304 20.34629059 81.1856842 40.50791168 20.10177803 81.30802155 40.61475754 19.98269653 81.37197113 40.66674042 19.86994553 81.44143677 40.71584702 19.79439735 81.89337158 41.62343216 19.37422562 82.22919464 41.8087883 17.69877243 83.57955933 42.54963684 20.83085823 81.21517944 41.16947174 20.87893295 81.16955566 41.14818573 20.72874069 80.93228149 40.34174347 20.77234077 80.88651276 40.32304382 20.6620388 80.58106232 39.5329361 20.70115089 80.53401184 39.5175705 20.55031013 79.81907654 37.98188019 20.58438301 79.7713623 37.97140503 20.33986855 78.34554291 34.90124893 20.1573143 76.89911652 31.71587753 19.94295883 75.56760406 28.35568237 19.53130913 74.45505524 24.95714569 19.62828255 74.41940308 24.95301247 19.67185402 74.39687347 24.95283127 19.99005699 75.47988129 28.36604309 19.96923256 75.52635193 28.35969925 19.777771 74.30558014 24.96178818 19.74702644 74.34037018 24.95705605 19.47522926 73.28175354 21.50041771 19.51856995 73.26063538 21.50371552 19.55798721 73.23577881 21.50833511 20.17908859 76.8507843 31.71998215 20.08449936 76.177742 30.1087532 19.08018112 72.83950043 19.74229813 19.30439377 72.58981323 19.26256371 19.08306313 72.62955475 19.26057434 19.19330597 72.6463089 19.31027794 19.07911873 72.66266632 19.31067276 19.07460022 72.71981812 19.41417503 19.35942459 72.53756714 19.21647644 19.3159771 72.51216125 19.16620445 19.30956078 72.55233765 19.21306801 19.09472466 72.554039 19.16558456 19.08827209 72.5931015 19.21180344 19.33226395 72.42543793 19.08161926 19.34202003 72.37927246 19.04374695 19.1208725 72.42481995 19.04421806 19.13166046 72.37831879 19.00928879 18.9084034 72.36912537 18.98833275 18.82060623 72.29631042 18.93449974 19.11108208 72.46972656 19.08186531 19.3503418 72.60925293 19.31661224 19.30047989 72.62378693 19.31329536 19.18880653 72.70423126 19.4144783 19.07385063 72.76681519 19.52126503 21.67887688 65.24503326 17.71675491 19.98934174 68.54670715 18.09858131 19.50181961 70.03718567 18.3927803 19.21133041 70.82649231 18.5381813 19.30529976 70.78832245 18.56273651 18.9623909 71.61641693 18.71351051 19.01416397 71.59958649 18.71956253 18.91656685 71.99491119 18.81456566 18.99589539 72.07112122 18.8447628 19.19856644 72.12798309 18.87283325 19.67990494 69.95877075 18.44831467 19.35518837 70.77060699 18.57258606 19.06801033 71.58368683 18.72372246 19.03016472 71.96775818 18.81354332 19.23030663 72.02281189 18.83473778 19.34405136 71.99684143 18.83281326 19.31242943 72.10334015 18.87028313 19.4045372 72.12782288 18.89563179 19.44022179 72.16416168 18.92447472 19.1802597 71.5539093 18.72787666 19.26420593 71.91687012 18.80520058 19.3362236 71.70649719 18.76401901 19.37777901 71.88973999 18.80417252 19.55550957 71.64585876 18.77306938 19.9452343 70.5954361 18.64620972 19.7833252 71.01533508 18.69514656 19.62919617 71.43489075 18.74445152 20.55408859 68.26965332 18.29010773 19.77649689 69.92327881 18.47007179 19.87853241 69.89047241 18.4874897 19.51461983 70.72210693 18.59394264 19.41138077 71.49733734 18.7301178 19.52360916 71.4675827 18.73425674 19.29522705 72.73007202 19.5254879 19.34507561 72.71577454 19.52863884 19.29598618 72.68225098 19.41777039 19.34584236 72.66786957 19.42100334 19.43868065 72.34627533 19.05350113 19.39187241 72.3638916 19.04753304 19.37342072 72.45474243 19.12596893 19.10234642 72.51285553 19.12229538 19.32356071 72.46979523 19.12241173 19.42022896 72.43727875 19.13149643 19.46355438 72.41706085 19.13928032 19.50443077 72.22859192 18.99618721 19.48701286 72.14618683 18.93145752 19.46110344 72.24874115 18.98702621 19.41429901 72.26652527 18.98056793 19.3770237 72.23177338 18.94692612 19.5592308 72.01999664 18.89673233 19.54736519 71.93212128 18.85061455 19.51592827 72.04014587 18.88619232 19.50063515 71.95046997 18.84249496 19.46916389 72.05830383 18.87865067 19.45088768 71.96722412 18.83707809 19.41937256 72.07472229 18.87373543 19.47977829 72.54789734 19.33637047 19.44953918 72.49996185 19.22873497 19.44042778 72.57168579 19.32793808 19.40622902 72.52023315 19.22161484 19.3971405 72.5920105 19.32142258 19.07600021 72.80594635 19.63096428 19.53416252 71.84217072 18.81540108 19.58084869 71.82363129 18.82412529 19.72481918 71.39776611 18.76372337 19.62409592 71.80340576 18.83599091 19.39805984 72.77190399 19.75387955 19.44128799 72.75141144 19.75904083 19.48056412 72.72716522 19.76551247 19.51543999 72.69876099 19.77344322 19.48447227 71.85922241 18.80943108 19.67846298 71.41697693 18.75276375 19.99285126 70.57666779 18.65792465 22.84613609 63.34825897 17.68056488 22.06612396 65.00713348 17.884161 22.13553429 64.96999359 17.90884399 21.34696388 66.62113953 18.10357285 21.4282093 66.58600616 18.12485886 20.64491463 68.23532867 18.30981064 20.83106422 68.16903687 18.34580421 20.45572853 68.99700165 18.43292236 20.92188263 68.13472748 18.36548042 20.55191231 68.96334839 18.45158005 21.00819778 68.0980835 18.38852882 20.64315987 68.92719269 18.4740448 21.04896355 68.07852173 18.40184593 20.33204651 69.74010468 18.57023048 21.08775902 68.05794525 18.41664314 19.47440147 72.6541214 19.54579163 19.50930786 72.62593842 19.554636 19.51474762 72.52024841 19.34693527 19.53801155 72.36701965 19.16274834 19.50296021 72.39376068 19.1496048 19.99887466 80.9728241 39.81543732 20.0955677 80.11322021 38.15299988 19.97475624 78.58906555 34.99256134 19.54385567 72.20578766 19.00838852 19.59864044 71.997612 18.91065025 19.57893753 72.18003845 19.02396774 19.63372612 71.97274017 18.92831993 19.56827164 72.33649445 19.17899323 19.54489899 72.48834991 19.35984421 19.54548073 72.66577148 19.78297806 19.4820137 72.32610321 19.06197166 20.37505341 69.71977234 18.58527374 20.03783417 70.55666351 18.67183876 20.07980728 70.53523254 18.68826675 19.76785851 71.37709045 18.77770996 19.80715942 71.35475159 18.79510117 19.66347504 71.78126526 18.85139656 19.69856071 71.75701141 18.87073135 20.24083138 80.86084747 39.71068192 20.212286 80.06214905 38.10684204 20.08377075 78.5447998 34.9609108 19.97647095 77.07234955 31.72884941 19.83561325 75.66409302 28.35579491 19.71157646 74.3706665 24.95412254 19.5930481 73.20676422 21.51442337 19.3644619 72.28224945 18.97647667 19.15600204 72.28121948 18.94728088 19.62331772 73.17317963 21.52212715 19.64835739 73.13461304 21.53159142 19.57024574 72.62778473 19.79426003 19.59534073 72.61815643 19.93242836 19.58603477 72.5594635 19.72405434 19.58342934 72.4864502 19.53176117 19.56979561 72.451828 19.37530899 19.5883522 72.41621399 19.40266228 19.59924316 72.33669281 19.29674911 19.6177845 72.23764038 19.20018768 19.64331055 72.12464142 19.11911964 19.63435555 72.11849976 19.06661606 19.68288422 71.97195435 19.041399 19.74222755 71.76898956 18.97623825 19.75412369 71.70130157 18.92276764 19.60925102 72.15103912 19.04326439 19.66405296 71.94512939 18.9501133 19.64284515 72.92108154 20.98262596 19.62344742 72.79161072 20.54488564 19.60830307 72.6922226 20.20265579 19.84231186 71.33056641 18.81627464 19.72891808 71.7304306 18.89439201 21.15830803 68.01315308 18.4515152 20.45255089 69.67491913 18.622118 20.48635864 69.65007019 18.64445686 19.91872025 71.24511719 18.90628433 20.56393814 69.56378937 18.73040199 20.54239464 69.59467316 18.69833183 19.77374077 71.66942596 18.95625496 19.88943672 71.32845306 18.91501236 19.89850807 71.27593231 18.87148857 22.64732933 64.68693542 18.09949303 23.36404037 63.03168106 17.90023422 23.34070587 63.05389404 17.88301659 24.09476852 61.3530159 17.71072578 22.6709137 64.66265106 18.11909866 21.94338226 66.3120575 18.3113575 19.74189949 73.61625671 23.19860649 19.69999504 73.31574249 22.26617432 19.66777802 73.09095001 21.5439949 24.29549789 60.09383392 17.19544029 25.08218193 58.42936325 16.97071457 25.16283035 58.36024475 17.0268631 24.3865242 60.02115631 17.25125694 23.61673546 61.68496704 17.46938324 26.66534805 55.10534286 16.50234985 25.94439697 56.70189667 16.79627037 25.20527649 58.32675934 17.0539875 24.43470383 59.98615265 17.27783585 23.67142296 61.64887238 17.4953537 22.90794945 63.31145859 17.70589638 22.9726181 63.27609253 17.729496 22.20827675 64.93456268 17.93133354 22.35708809 64.86541748 17.97410393 21.59452057 66.5177536 18.16471291 22.42983055 64.82998657 17.99657249 21.67576981 66.48262787 18.18597412 22.49925232 64.79285431 18.02121353 21.75318909 66.44550323 18.20992088 22.53219414 64.77337646 18.03468895 21.7898674 66.4258728 18.22332382 22.56368065 64.75315857 18.04911995 21.82487488 66.40536499 18.23790169 21.85796547 66.3838501 18.25382805 21.1243 68.03620148 18.43313026 20.41533661 69.69809723 18.60247993 20.11839676 70.51220703 18.70752335 19.87290001 71.30435944 18.84161186 28.25001335 51.78416061 16.00833511 24.96159744 59.05661774 17.24401474 25.24925041 58.29404831 17.08042526 24.48480225 59.95211792 17.30345726 23.84500504 61.54534149 17.56798935 24.21509933 60.7147522 17.46173477 24.58692741 59.8850174 17.35372925 28.29927635 51.7346344 16.06671906 26.72866821 55.04517365 16.55945206 26.76164055 55.01575851 16.58752632 25.98181343 56.6702919 16.82388687 26.02043724 56.63930511 16.85101509 25.33874321 58.22940445 17.13260841 25.0537796 58.98890686 17.29687309 24.7083149 59.79798508 17.41965294 24.68523407 59.81599426 17.40587616 24.77205086 59.74118805 17.46371078 24.7518425 59.76064301 17.44851112 24.03178406 61.41668701 17.66133499 20.51642227 69.62337494 18.6697731 21.21759605 67.96252441 18.4948349 21.1894989 67.98863983 18.47201347 21.9174614 66.33732605 18.2903862 21.88890839 66.36121368 18.27126503 22.62145233 64.71004486 18.08138466 22.59350204 64.73207855 18.06463814 23.31558228 63.07520676 17.86687279 23.28886032 63.09571075 17.85169792 24.00791931 61.43647766 17.64645004 23.26070976 63.1155014 17.83738327 23.2313118 63.13465881 17.82382202 23.169487 63.17145157 17.79852867 23.10481262 63.20681 17.77495003 23.72848701 61.61396408 17.52000809 24.73055649 59.77955627 17.43384361 26.96289825 54.84096527 16.75466537 26.21063232 56.48285294 16.98778152 25.46537971 58.12858582 17.21423149 25.42519951 58.16322327 17.1861248 25.50252151 58.09240341 17.24368858 25.51970673 58.0736084 17.2590313 26.24386978 56.44911194 17.01704025 26.99260712 54.80987167 16.78389168 24.05431175 61.3962326 17.67695427 24.07535553 61.37503433 17.69339371 25.53584862 58.05428696 17.2748394 27.0199585 54.77757645 16.81396103 28.50268364 51.53967667 16.29827499 28.47917366 51.56502914 16.26877403 28.45456505 51.58981705 16.23959541 25.5508461 58.03438568 17.29115486 25.56460762 58.01385117 17.30801964 25.79626465 57.49577713 17.23635483 29.92123795 48.39598465 15.60979652 29.99931145 48.3220253 15.72896385 30.02212143 48.31585312 15.79734325 30.04553604 48.2824173 15.82206059 30.07086754 48.24465179 15.8497448 29.42372131 49.60944748 16.06676674 24.12809372 61.30624008 17.74841881 23.08973694 63.73418427 18.05605698 34.7401123 38.6403923 13.16005898 33.09204483 41.922966 14.26694775 29.8448391 48.4707756 15.49017429 13.84767532 77.99604034 29.07101059 13.92580223 77.92771912 29.07231712 14.0092783 77.86714172 29.07014656 14.09752274 77.81346893 29.06487846 13.95394611 76.31098175 25.25422478 13.86628628 76.36100769 25.25308418 13.78352165 76.41815948 25.24915123 13.70624828 76.48332214 25.24208832 13.81075001 74.99655151 21.37457275 13.72352982 75.04386139 21.36666107 13.64133167 75.098526 21.3562851 14.96003914 83.30938721 40.12165451 14.79202843 81.20226288 36.43864441 14.58872509 81.30374908 36.49685287 14.63473606 79.31222534 32.72133255 14.43301105 79.39553833 32.76010895 14.48651409 77.65096283 29.02043152 14.28598213 77.72346497 29.04657555 14.34152985 76.16485596 25.2377224 14.14154434 76.22887421 25.24950409 14.19756889 74.86281586 21.38758087 13.99780464 74.92037201 21.38419914 13.63097477 74.13896942 18.44482422 13.96237659 73.52693939 17.71070862 14.46585751 72.78657532 17.22796059 16.37984848 70.32909393 16.83899689 15.09750271 71.96902466 17.00013924 14.79316521 72.36678314 17.09430504 14.50458527 72.7591629 17.24630356 14.04380417 73.47249603 17.73968697 13.71308804 74.0849762 18.46403122 13.93756676 73.75313568 18.09145355 13.80023384 74.03787994 18.48039055 13.92525482 74.33776855 19.42853546 13.73848724 74.41142273 19.41155624 13.49341106 74.57329559 19.37021255 13.56959343 74.51127625 19.38648796 13.56431866 74.35945129 18.89827538 13.65149403 74.45761871 19.40017319 13.64630795 74.30582428 18.91371727 13.73338318 74.25952911 18.92669487 13.89179707 73.99684143 18.49425316 14.12400246 73.67298889 18.12586975 14.18684006 73.90161896 18.52433014 14.87248039 72.31637573 17.13033867 14.6280489 72.68458557 17.29631805 14.91382313 72.29283905 17.14715576 14.67138863 72.66201782 17.31148148 14.95619488 72.27030945 17.16323662 15.21503162 71.89596558 17.05472565 15.17474651 71.91930389 17.03736877 15.13554573 71.94363403 17.01919174 14.13012314 73.42391968 17.76553726 14.2207365 73.38048553 17.78864098 14.45318413 73.02024841 17.52727509 14.7157011 72.64046478 17.32597733 14.99952412 72.24872589 17.17863846 15.29858589 71.852005 17.08718681 15.25633812 71.87355804 17.07131386 16.52655411 70.23843384 16.90520477 16.45138168 70.28224182 16.87340927 15.5679884 71.73718262 17.17041397 15.18098259 72.1703949 17.23443031 14.90120983 72.56293488 17.37825775 14.80694866 72.60012054 17.35315704 14.64219761 72.9439621 17.57420158 14.54616356 72.98039246 17.551754 14.41245174 73.30619049 17.82813644 14.31504631 73.34148407 17.80938148 16.60486221 70.19724274 16.93475151 15.34171391 71.83125305 17.10240173 15.04373932 72.22801208 17.19340515 14.76091194 72.61985779 17.33985138 14.24721622 73.76187134 18.3300705 14.32300758 73.60897827 18.15261078 14.51235294 73.27389526 17.84528732 14.74069786 72.91028595 17.59501266 14.99789619 72.52828979 17.40167618 15.27558994 72.13504791 17.25955582 18.70461464 67.06213379 16.42711067 19.8949585 65.32136536 16.25701714 18.75944901 67.01519012 16.46113968 18.81751442 66.97071075 16.49324036 17.93863678 68.47825623 16.80275726 17.79104805 68.55512238 16.74864769 17.72052765 68.59616852 16.71944427 17.65278816 68.63941956 16.68841553 17.58827591 68.68524933 16.65526962 17.52745056 68.73400879 16.61971283 16.24972725 70.43362427 16.76087952 18.941782 66.88792419 16.55259514 18.8784256 66.9283905 16.5236454 14.12491131 74.28299713 19.43968201 14.12012386 74.12980652 18.95998001 14.14376163 74.02535248 18.73463058 14.60470963 73.80825806 18.55053139 14.66447449 73.66282654 18.36357498 14.73926353 73.50442505 18.19487 15.32966995 73.03731537 17.97056007 15.54654884 72.66101074 17.74925804 15.78905106 72.26972198 17.57652664 16.04983902 71.86941528 17.44781303 14.94851303 73.94993591 18.99982452 15.72097492 73.69020081 19.06651497 15.74441433 73.57226562 18.85578728 14.97191906 73.837677 18.78070068 15.78664398 73.43086243 18.66870117 15.01439857 73.70383453 18.58120728 15.8451128 73.27194977 18.50497055 15.07361603 73.55311584 18.40169334 15.14747334 73.38961792 18.24184036 15.91745377 73.10070038 18.36343384 16.68758392 72.81229401 18.48420715 16.61673164 72.9913559 18.60751152 16.55900574 73.15855408 18.75558662 16.51700974 73.3075943 18.93042374 16.52810287 71.95658875 17.78642082 17.02932358 71.14711761 17.59418297 17.07286453 72.66849518 18.54417992 17.00275421 72.85150146 18.65840721 16.94539261 73.02288055 18.79870415 17.30894661 72.96873474 18.91903114 18.08254433 72.70306396 18.99772644 19.14811134 70.19528961 18.27962112 19.35328102 68.86836243 17.8720665 20.64977264 65.88147736 17.26674271 19.62283707 66.51925659 16.81353378 20.6646328 64.83143616 16.61218071 20.17610168 65.12216949 16.40169716 21.24658585 63.41316986 16.18705368 21.14189339 63.48708725 16.13181496 22.19617081 61.75823975 15.90785217 21.09164047 63.52549362 16.10318565 18.5501976 68.18761444 17.00502205 19.0742569 66.81136322 16.60705757 20.05800247 65.19776154 16.34685898 20.00143433 65.23735809 16.3181057 19.94696999 65.2784729 16.28821945 20.99675369 63.60619354 16.04322624 22.06725693 61.87197495 15.82010651 21.0431633 63.56512833 16.07370377 22.10859489 61.83298111 15.85005569 23.14596558 60.08450317 15.61763 25.14759827 56.54753113 15.12700462 22.28868294 61.68677521 15.9635191 23.30544281 59.94554901 15.73147583 23.22367287 60.01373291 15.67533779 25.27266693 56.42669678 15.24235058 25.20880127 56.4863205 15.18510246 27.07149124 52.97184753 14.60283852 23.64188004 59.67870331 15.95228958 22.67007828 61.4083786 16.18115616 23.39120674 60.82357407 16.63328934 22.49322128 62.51893997 16.85282326 23.30952835 61.91201019 17.30192184 22.50033188 63.581707 17.51327705 22.73042488 63.42584991 17.62509537 21.93652534 65.08616638 17.82872581 22.0009613 65.04646301 17.85668373 21.19701004 66.69798279 18.05214119 21.2695446 66.65827942 18.07958221 20.46776581 68.3062973 18.26701546 19.72734833 69.94060516 18.45986938 19.4069519 70.75379181 18.58086014 20.28665733 69.75926971 18.55707932 20.19007874 69.7947464 18.53536606 20.08805084 69.82754517 18.51797295 25.53434753 56.19181824 15.46925926 24.28077126 59.12295532 16.40609169 24.11436653 60.23965454 17.0832901 23.51395798 61.7604599 17.41379166 21.67899513 63.12688446 16.40126991 21.58142281 64.20599365 17.0641346 19.35277176 72.3314743 19.00872421 19.14339066 72.33039856 18.97699928 27.16109848 73.32125854 49.97098541 27.24019051 73.08233643 49.8291626 25.08962822 77.09831238 50.47638702 25.18904877 76.83493805 50.33029938 23.04040718 80.53865814 50.77648163 20.77989197 84.18042755 51.1639328 20.18350792 85.07243347 51.22632217 19.5069313 85.89441681 51.1114502 31.20855331 65.10255432 48.4261055 27.41044807 72.61138153 49.54053879 25.40426254 76.31802368 50.03129959 19.13892937 85.99328613 50.47751999 19.6774044 85.58288574 50.94065857 19.85591698 85.27749634 50.76552963 20.34479332 84.76428223 51.054142 20.51410866 84.46183777 50.8782196 20.93452263 83.87756348 50.9954071 21.09688187 83.5799408 50.82359314 23.30538177 79.9789505 50.46238327 14.92144871 87.72544098 46.51330185 15.06765556 86.90721893 45.55330658 14.85306358 87.12020874 45.64730835 14.94333935 85.73293304 43.79899216 14.74097729 85.91066742 43.887043 14.55979824 83.57791901 40.27321625 14.39683151 81.42115784 36.54592133 14.75440693 83.43619537 40.20225143 15.15610886 85.56832886 43.70144653 18.76811218 86.61013794 50.81204987 18.00231552 87.2121048 50.3695755 17.23308945 87.69050598 49.8028717 16.48524094 88.02677155 49.1219635 15.79311848 88.18967438 48.32910919 15.22791767 88.1166153 47.43626022 15.03156853 87.96466827 46.96899796 14.2430439 79.49563599 32.7903595 16.03163338 84.94074249 43.28985596 38.18198013 49.58402634 45.16697311 34.85122681 56.9847641 46.60982895 31.40803146 64.36358643 47.88803864 27.76705933 71.67773438 48.95824432 25.85570526 75.29588318 49.42636871 23.86276054 78.87602234 49.82471085 21.76612282 82.40196991 50.12987137 21.21186638 83.26570129 50.16692734 20.59050941 84.07073975 50.05588913 19.91762543 84.78849792 49.78904724 18.39597893 86.60176849 50.05256271 19.22076225 85.41176605 49.39780807 17.64914322 87.09319305 49.50749969 18.51913643 85.93114471 48.89477158 16.9217701 87.44922638 48.85052109 17.8332634 86.32892609 48.28422928 16.24632263 87.63920593 48.08243179 17.19190216 86.57568359 47.56383896 15.69022655 87.60234833 47.21331787 16.65487099 86.61444855 46.73950958 15.49347878 87.47288513 46.75639343 16.45771027 86.53180695 46.30125809 15.37804699 87.25935364 46.30854416 16.33178902 86.37167358 45.86613083 15.29190731 86.70550537 45.45071793 16.21198273 85.92531586 45.02111053 17.09328651 85.09939575 44.62935638 16.86427689 84.25897217 42.91970062 17.97710037 84.27606964 44.23797226 15.90541744 83.89337921 41.53944397 15.80805683 82.83678436 39.77746201 15.63139629 80.83313751 36.18513489 15.46844101 79.01763916 32.54695511 15.31609154 77.40110016 28.89816475 15.16957188 75.95014954 25.17463112 15.02542591 74.6750946 21.38698006 14.95270061 74.10704803 19.47104836 34.1889267 40.04415131 14.46953011 35.58291245 37.490242 14.01679611 21.4131279 78.22623444 38.56042862 22.50371933 75.63076782 38.19809723 22.18980789 73.80212402 34.39631653 21.14462471 76.29773712 34.75426102 21.69948006 80.32035065 42.24891663 33.35337067 55.93448257 41.40651321 37.83444214 43.06318665 35.15208817 35.19628525 48.91347885 36.552845 35.99308777 49.82910919 40.08581161 30.75123596 62.01259613 42.61224365 28.18397713 68.03590393 43.69480133 25.70606804 73.96572113 44.64790726 22.8392067 77.61518097 41.8875885 25.24506378 72.06777191 41.06368256 20.89230347 74.54189301 30.84444618 20.42809868 71.56931305 22.75425339 20.65402222 72.96411896 26.84078789 19.73534393 71.9720459 19.42427635 21.19888306 69.68343353 22.50412369 21.19560623 69.68522644 22.49166489 21.13414574 69.70186615 22.21795273 21.06682205 69.50180054 21.40343094 21.06806183 69.48482513 21.36995125 21.06787682 69.60012817 21.63976479 21.09253693 69.67754364 21.94812965 21.08949852 69.67308807 21.92207527 21.06881142 69.60757446 21.66205788 21.08669662 69.34831238 21.14535332 21.08999252 69.33047485 21.12044525 21.12549591 69.17099762 20.92878151 21.13304329 69.14151001 20.89838982 21.18910027 68.94564819 20.72677612 21.19603348 68.92341614 20.71017838 21.58148575 67.94567871 20.38456726 21.60214233 67.9015274 20.38597488 21.26472092 68.7177124 20.57972908 21.27723312 68.68251038 20.56121826 21.35366631 68.47842407 20.47336197 21.48480797 68.16065216 20.39691925 21.36780357 68.44242096 20.46112442 21.37440872 68.42576599 20.45578194 21.47098351 68.19260406 20.4014473 21.83883667 67.4344635 20.49067116 21.73248291 67.63582611 20.42426872 21.72010803 67.66013336 20.41854668 21.86159325 67.39310455 20.50884438 21.98073959 67.18668365 20.62694359 21.99201202 67.16805267 20.6401577 22.09449196 67.00618744 20.77748299 22.11390114 66.97714996 20.80715752 22.22174835 66.82636261 20.99610138 22.33924294 66.68704224 21.25830078 22.417799 66.61452484 21.4798851 23.37182236 64.67094421 21.74164581 22.23376274 66.81078339 21.01992226 22.31890678 66.70887756 21.20779991 22.33193016 66.69476318 21.23986244 22.43038559 66.6050415 21.52018166 22.49539566 66.56975555 21.75872993 22.50460815 66.56719208 21.797966 29.78631401 50.14651108 19.14431381 32.62786484 45.8427887 21.89831924 35.09865189 40.80125046 20.73950195 38.69649506 43.72943878 38.6513443 22.54950714 66.56912231 22.02124596 22.55980682 66.57459259 22.08363533 22.59311485 66.62314606 22.35416222 22.59441185 66.62702942 22.36911392 22.60696793 66.70941925 22.61402702 23.70034218 65.85816956 25.76473618 22.60737038 66.72426605 22.64912224 22.59878349 66.8546524 22.89872932 22.56697083 67.03275299 23.14318085 22.56658363 67.03450775 23.14522934 22.51653671 67.23054504 23.34296799 22.44935226 67.4467926 23.50494194 22.44223595 67.46793365 23.51823807 22.43958855 67.47574615 23.52304077 22.35376549 67.71279144 23.64408875 22.25585938 67.9562912 23.72335434 22.24659157 67.97823334 23.72841835 22.23841476 67.99745178 23.73257828 22.12768745 68.24610138 23.76345634 21.61808395 70.63717651 26.50735283 22.01143646 68.48757172 23.75221634 22.0024929 68.5054245 23.74971008 21.98906708 68.53204346 23.74552727 21.86725616 68.76383209 23.68533134 21.74677658 68.97668457 23.58735275 21.7389164 68.99000549 23.57963181 21.72504807 69.01335907 23.5655899 21.60634804 69.20410919 23.42349052 21.49528694 69.36664581 23.25141907 21.4873848 69.37754822 23.23755074 21.47841454 69.38980865 23.22152138 21.3756752 69.52054596 23.01385307 21.28579521 69.61645508 22.78665161 21.27506256 69.62638092 22.75578499 24.98016548 68.85433197 35.72047424 25.10339737 68.7199173 35.91116333 28.97545242 58.07648849 31.65313148 24.42043304 68.67979431 33.59192276 24.68048477 69.27529144 35.39813614 24.70695305 69.233078 35.41891098 24.9664402 68.8707962 35.70145798 24.82569504 69.05560303 35.53040695 24.83540344 69.04194641 35.54084015 24.96055603 68.87794495 35.69343948 25.22847748 68.61167908 36.14610291 25.33535194 68.5480957 36.38872528 29.52082825 59.2918396 35.38534546 25.34268379 68.54496002 36.4071312 25.43232918 68.52341461 36.65628433 25.44122505 68.52331543 36.683918 24.27449036 71.62071991 37.64587021 24.26828384 71.62407684 37.63201523 24.16507149 71.66317749 37.37639999 23.93396187 71.39386749 36.25888443 23.93598938 71.22908783 36.01363754 24.07588005 71.66160583 37.10173798 24.0071907 71.61823273 36.8257103 24.00368881 71.61427307 36.80895996 23.95836258 71.52970886 36.54114914 23.95663834 71.52438354 36.52771759 23.93478966 71.40481567 36.27814102 23.96132469 71.03661346 35.79840088 23.96310806 71.02668762 35.7888031 24.00793457 70.82273865 35.61728287 24.01371002 70.8003006 35.60108566 24.01725197 70.7868042 35.59157944 24.08685493 70.55197906 35.45164871 24.17247009 70.30984497 35.35239029 24.17863846 70.29367828 35.34725571 24.19211769 70.25886536 35.33681488 24.28787994 70.0278244 35.28844833 24.29481506 70.01203918 35.28646469 24.40686226 69.77168274 35.27733994 24.43357849 69.71796417 35.28086472 24.543993 69.50862885 35.31544113 24.55567551 69.4875946 35.32086182 24.96787834 70.81931305 38.56711197 24.93896675 70.86688232 38.54893494 24.82352448 71.04470062 38.45935059 24.81088066 71.06303406 38.44792557 24.78572273 71.09883881 38.42425537 24.67770958 71.24263 38.30846405 24.65421295 71.2717514 38.28020096 24.53478432 71.40748596 38.11880875 24.52725983 71.41532898 38.1076088 24.51226807 71.43067932 38.08490372 24.39900208 71.53470612 37.8957901 24.38816071 71.54347229 37.87592697 25.50986862 68.54042816 36.9227562 25.52136421 68.54733276 36.96851349 30.11016846 60.60383224 39.03756714 25.57945251 68.61374664 37.24482727 25.61608696 68.71915436 37.51001358 27.6299572 66.38207245 40.11139679 25.61792755 68.72833252 37.5288887 25.61941338 68.73638153 37.5450592 25.63140869 68.88002014 37.78846741 25.63145065 68.88661957 37.79805756 25.62080383 69.06694031 38.02417374 25.61820984 69.08905792 38.04795456 25.58626175 69.283638 38.22926712 25.58272362 69.30094147 38.24325943 25.52694511 69.52986145 38.40146255 25.51500511 69.57207489 38.42567062 25.34488869 70.06028748 38.61040497 25.3206234 70.1191864 38.62163544 25.44940948 69.78029633 38.52506256 25.43736267 69.81523132 38.53865433 25.35070801 70.04587555 38.60730743 25.23535156 70.31257629 38.64215088 25.21209717 70.36214447 38.64330673 25.10647011 70.57297516 38.62862396 25.09533691 70.59395599 38.62533951 25.06528854 70.64949036 38.6149826 36.34303665 41.85061646 28.01830292 24.04896164 67.19579315 29.71800995 28.46992302 56.96217346 27.85548973 21.8954525 72.13589478 30.49634171 27.9989872 55.95198059 23.99779129 27.55848694 55.0487442 20.08769608 30.27346039 50.90587616 22.9860096 33.19268417 46.51890564 25.62901688 33.80437469 47.25730133 29.31897926 34.47029877 48.05639648 32.96525574 32.63112259 54.77184677 37.84858704 56.09614563 15.05331326 40.38629532 55.90405655 15.00189495 37.82744598 54.73527908 17.40946007 39.14541245 52.70106506 16.79541588 17.929636 52.35724258 16.64206886 12.57737637 50.07636642 18.82660866 13.21459007 50.12311172 27.5391922 43.91935349 46.97294617 29.8743782 39.27585983 49.19003677 27.38921928 41.12679291 45.28146744 29.57258797 33.38246918 43.86918259 29.27079964 27.39106178 42.68388748 28.96901512 21.34723473 39.76226807 28.83222008 4.92959881 42.87533951 25.76125145 8.86716461 45.71583557 23.54179764 14.33296108 44.15959167 23.44108772 3.78726196 47.85961914 21.12903976 13.79867649 46.42805099 21.07412529 3.26272368 49.07211685 18.60563469 2.7008903 47.74781418 19.80559349 2.97590733 51.53830719 16.54868507 2.22064209 51.79798508 16.34463692 2.17242193 54.1579628 14.5911274 1.75372863 55.30466461 14.83414364 27.48892975 55.07057571 14.75028896 22.29380798 54.86877823 14.66644573 17.0916214 54.69250107 14.5826025 11.88336658 54.53655243 14.49875927 6.67239571 55.11709976 17.5002327 41.73295593 54.132061 19.9935627 43.02618408 53.14463425 22.52892494 44.27092743 51.25823593 24.93949699 42.7938385 40.81464386 28.36545181 9.1610775 41.67786407 28.66723442 15.26480198 43.6528511 26.05723381 14.82053375 48.34177399 27.24117279 38.28792953 46.85439682 26.94518471 32.51482773 45.60630798 26.64919472 26.65769958 52.40781403 22.38229561 41.62491226 51.76028442 22.2556057 38.92076111 49.7427063 24.65845108 37.25879669 48.47340393 24.379282 31.6054554 47.40348434 24.10011292 25.88208008 53.56824112 19.87099266 40.4098587 54.09508514 17.25547981 33.89461899 55.57849121 14.91799927 32.66996384 41.74560165 26.25466347 4.39208508 44.55275726 26.35321426 20.75570869 46.49564743 23.82095528 20.12140083 48.50614548 21.37936783 19.44100571 50.57725143 19.0352478 18.71151733 51.15491104 19.24388885 24.19153023 53.09602737 16.94876289 23.27040672 51.82975769 19.45253563 29.64936066 53.55572891 17.10212135 28.5965519 52.62416458 19.66118813 35.06512833 51.17164993 22.130373 36.18544388 50.13362122 21.8800354 30.65124512 49.25506592 21.62969589 25.06099701 105.16239166 46.64004517 101.56665802 105.16239166 36.30342484 97.80443573 60.16239166 36.30342484 97.80443573 85.16239166 46.64004517 101.56665802 60.16239166 46.64004517 101.56665802 85.16239166 36.30342484 97.80443573 100.16239166 38.01352692 93.10597229 100.16239166 40.74968719 85.58843231 100.16239166 43.65167999 95.15809631 100.16239166 46.38784409 87.64055634 100.09420013 41.03115845 84.81509399 100.09420013 46.66931534 86.86721039 99.89147949 41.30495453 84.06284332 99.89147949 46.94311142 86.11496735 99.55976105 41.56360626 83.352211 99.55976105 47.20175934 85.40432739 99.10809326 41.80005264 82.70257568 99.10809326 47.43820953 84.75469971 98.54879761 42.00784683 82.13166046 98.54879761 47.64600372 84.18378448 97.89713287 42.18132401 81.6550293 97.89713287 47.8194809 83.70715332 97.17086792 42.31575012 81.28569794 97.17086792 47.95390701 83.33782196 96.38981628 42.40745926 81.03373718 96.38981628 48.04561615 83.08585358 95.57528687 42.45394516 80.90602112 95.57528687 48.09210205 82.95813751 94.74949646 42.45394516 80.90602112 94.74949646 48.09210205 82.95813751 93.93495941 42.40745926 81.03373718 93.93495941 48.04561615 83.08585358 93.15391541 42.31575012 81.28569794 93.15391541 47.95390701 83.33782196 92.42765045 42.18132401 81.6550293 92.42765045 47.8194809 83.70715332 91.77598572 42.00784683 82.13166046 91.77598572 47.64600372 84.18378448 91.21669006 41.80005264 82.70257568 91.21669006 47.43820953 84.75469971 90.76502228 41.56360626 83.352211 90.76502228 47.20175934 85.40432739 90.43330383 41.30495453 84.06284332 90.43330383 46.94311142 86.11496735 90.23058319 41.03115845 84.81509399 90.23058319 46.66931534 86.86721039 90.16239166 40.74968719 85.58843231 90.16239166 46.38784409 87.64055634 90.16239166 43.65167999 95.15809631 90.16239166 38.01352692 93.10597229 96.62872314 46.27975845 87.93751526 96.55422211 46.19655609 88.16610718 96.28839874 46.04889679 88.57180023 96.10472107 45.98868561 88.73722839 95.89393616 45.93996048 88.87110138 94.90888977 45.8821907 89.02981567 94.66268158 45.90411758 88.96957397 94.43084717 45.93996048 88.87110138 94.22006226 45.98868561 88.73722839 96.43968201 46.11885834 88.37958527 95.66210175 45.90411758 88.96957397 95.41589355 45.8821907 89.02981567 95.16239166 45.87481308 89.0500946 93.77056122 46.19655609 88.16610718 93.88510132 46.11885834 88.37958527 94.03638458 46.04889679 88.57180023 93.69606018 46.27975845 87.93751526 93.66374207 46.36606979 87.70037079 93.67453766 46.45300674 87.46151733 93.72814178 46.53807068 87.22780609 93.82300568 46.61880875 87.00597382 93.95639801 46.69290924 86.80239105 94.1244812 46.7582283 86.6229248 94.32242584 46.81289291 86.47273254 94.54454041 46.85533142 86.35614014 94.78442383 46.88431931 86.27649689 95.03517914 46.89902496 86.23609161 95.28959656 46.89902496 86.23609161 95.5403595 46.88431931 86.27649689 95.78024292 46.85533142 86.35614014 96.00234985 46.81289291 86.47273254 96.20030212 46.7582283 86.6229248 96.36838531 46.69290924 86.80239105 96.50177765 46.61880875 87.00597382 96.59664154 46.53807068 87.22780609 96.65023804 46.45300674 87.46151733 96.66104126 46.36606979 87.70037079 95.16239166 40.23665619 86.99797058 95.41589355 40.24403763 86.97769928 94.43084717 40.30180359 86.81897736 94.22006226 40.35053253 86.68510437 94.03638458 40.4107399 86.51968384 94.66268158 40.26596069 86.91744995 94.90888977 40.24403763 86.97769928 95.66210175 40.26596069 86.91744995 95.89393616 40.30180359 86.81897736 96.10472107 40.35053253 86.68510437 93.66374207 40.7279129 85.64825439 93.67453766 40.81484985 85.40939331 93.72814178 40.89991379 85.17568207 93.82300568 40.98065567 84.95384979 93.95639801 41.05475235 84.75027466 94.1244812 41.12007141 84.57080078 94.32242584 41.17473602 84.42061615 94.54454041 41.21717453 84.30401611 94.78442383 41.24616241 84.22437286 95.03517914 41.26086807 84.18396759 95.28959656 41.26086807 84.18396759 95.5403595 41.24616241 84.22437286 95.78024292 41.21717453 84.30401611 96.00234985 41.17473602 84.42061615 96.20030212 41.12007141 84.57080078 96.36838531 41.05475235 84.75027466 96.50177765 40.98065567 84.95384979 96.59664154 40.89991379 85.17568207 96.65023804 40.81484985 85.40939331 96.66104126 40.7279129 85.64825439 96.62872314 40.64160156 85.88539124 96.28839874 40.4107399 86.51968384 96.43968201 40.48070145 86.32746124 96.55422211 40.5583992 86.11399078 93.69606018 40.64160156 85.88539124 93.77056122 40.5583992 86.11399078 93.88510132 40.48070145 86.32746124 108.16268158 83.61637878 126.3176651 107.93084717 83.71710968 126.34654236 107.17454529 85.15904999 126.7600174 107.27056122 45.98781586 115.52784729 107.38509369 45.7694397 115.46523285 107.53638458 45.57281113 115.40884399 107.72006226 45.40359116 115.36032104 108.40888977 83.55474854 126.29999542 107.32300568 85.62504578 126.89363861 107.45639038 85.83329773 126.95334625 107.82242584 86.1705246 127.05005646 108.04454041 86.28979492 127.08425903 108.28442383 86.37126923 127.10762024 108.16268158 45.165905 115.29216766 108.40888977 45.10428238 115.27449799 107.93084717 45.26664352 115.32105255 107.6244812 86.01688385 127.0059967 108.53517914 86.41259766 127.11946869 108.78960419 86.41259766 127.11946869 109.0403595 86.37126923 127.10762024 109.28024292 86.28979492 127.08425903 110.15023804 85.15904999 126.7600174 107.19606018 46.2216568 115.59490204 107.16374207 46.46424103 115.66445923 107.17454529 46.70858002 115.73452759 108.66239166 83.53401184 126.29404449 107.22814178 46.94765472 115.8030777 108.91589355 83.55474854 126.29999542 107.32300568 47.17457962 115.86814117 107.45639038 47.38283157 115.92785645 109.28024292 47.83932877 116.0587616 109.0403595 47.92080307 116.0821228 108.78960419 47.9621315 116.09397125 108.91589355 45.10428238 115.27449799 108.66239166 45.08354187 115.26854706 38.05422592 84.43828583 126.55334473 37.93968582 84.21990967 126.49073029 36.28442383 86.37126923 127.10762024 36.04453659 86.28979492 127.08425903 35.82242966 86.1705246 127.05005646 109.50234985 86.1705246 127.05005646 109.70030212 86.01688385 127.0059967 109.86838531 85.83329773 126.95334625 110.00177765 85.62504578 126.89363861 110.09664154 85.39812469 126.8285675 109.70030212 47.56641769 115.9805069 109.86838531 47.38283157 115.92785645 110.00177765 47.17457962 115.86814117 110.09664154 46.94765472 115.8030777 110.15023804 46.70858002 115.73452759 110.16104126 46.46424103 115.66445923 110.12872314 46.2216568 115.59490204 110.05422211 45.98781586 115.52784729 109.16210175 45.165905 115.29216766 37.28024292 86.28979492 127.08425903 37.04035568 86.37126923 127.10762024 107.72006226 83.85405731 126.38582611 36.78960037 86.41259766 127.11946869 107.53638458 84.02328491 126.43434143 107.38509369 84.21990967 126.49073029 37.78839874 84.02328491 126.43434143 37.60472107 83.85405731 126.38582611 107.27056122 84.43828583 126.55334473 107.19606018 84.67212677 126.62039948 107.16374207 84.91470337 126.68995667 110.16104126 84.91470337 126.68995667 110.12872314 84.67212677 126.62039948 107.6244812 47.56641769 115.9805069 107.82242584 47.72005463 116.02455902 108.04454041 47.83932877 116.0587616 108.28442383 47.92080307 116.0821228 108.53517914 47.9621315 116.09397125 37.50235367 86.1705246 127.05005646 37.70029831 86.01688385 127.0059967 37.86838913 85.83329773 126.95334625 37.39393616 83.71710968 126.34654236 35.32300186 47.17457962 115.86814117 37.16209793 83.61637878 126.3176651 35.22814178 46.94765472 115.8030777 35.53638077 84.02328491 126.43434143 35.22814178 85.39812469 126.8285675 109.93968201 45.7694397 115.46523285 109.78839874 45.57281113 115.40884399 109.60472107 45.40359116 115.36032104 109.39392853 45.26664352 115.32105255 38.00177765 85.62504578 126.89363861 38.09664154 85.39812469 126.8285675 38.15023804 85.15904999 126.7600174 38.16104126 84.91470337 126.68995667 38.12872314 84.67212677 126.62039948 35.45639801 47.38283157 115.92785645 35.6244812 47.56641769 115.9805069 35.82242966 47.72005463 116.02455902 36.91588974 45.10428238 115.27449799 36.16268158 45.165905 115.29216766 36.40888977 45.10428238 115.27449799 36.66239166 45.08354187 115.26854706 35.53638077 45.57281113 115.40884399 35.72006226 45.40359116 115.36032104 35.93085098 45.26664352 115.32105255 35.72006226 83.85405731 126.38582611 35.93085098 83.71710968 126.34654236 35.3850975 84.21990967 126.49073029 35.2705574 84.43828583 126.55334473 36.53518295 86.41259766 127.11946869 107.22814178 85.39812469 126.8285675 109.50234985 47.72005463 116.02455902 109.16210175 83.61637878 126.3176651 109.39392853 83.71710968 126.34654236 109.60472107 83.85405731 126.38582611 109.78839874 84.02328491 126.43434143 109.93968201 84.21990967 126.49073029 110.05422211 84.43828583 126.55334473 36.04453659 47.83932877 116.0587616 36.28442383 47.92080307 116.0821228 36.53518295 47.9621315 116.09397125 35.19606018 84.67212677 126.62039948 35.16374207 84.91470337 126.68995667 35.17454147 85.15904999 126.7600174 35.32300186 85.62504578 126.89363861 35.45639801 85.83329773 126.95334625 35.6244812 86.01688385 127.0059967 36.78960037 47.9621315 116.09397125 37.04035568 47.92080307 116.0821228 37.28024292 47.83932877 116.0587616 37.93968582 45.7694397 115.46523285 37.78839874 45.57281113 115.40884399 37.60472107 45.40359116 115.36032104 37.39393616 45.26664352 115.32105255 37.16209793 45.165905 115.29216766 36.40888977 83.55474854 126.29999542 36.16268158 83.61637878 126.3176651 38.16104126 46.46424103 115.66445923 38.12872314 46.2216568 115.59490204 38.05422592 45.98781586 115.52784729 36.91588974 83.55474854 126.29999542 36.66239166 83.53401184 126.29404449 35.17454147 46.70858002 115.73452759 35.16374207 46.46424103 115.66445923 35.19606018 46.2216568 115.59490204 35.2705574 45.98781586 115.52784729 35.3850975 45.7694397 115.46523285 37.50235367 47.72005463 116.02455902 37.70029831 47.56641769 115.9805069 37.86838913 47.38283157 115.92785645 38.00177765 47.17457962 115.86814117 38.09664154 46.94765472 115.8030777 38.15023804 46.70858002 115.73452759 127.89122009 63.34124756 21.59455681 127.7947998 63.23150635 22.15027809 127.80519104 63.28313828 22.7224617 127.92118835 63.49024963 23.24573898 129.67211914 66.0588913 22.29436111 129.65022278 66.0440979 22.58148766 129.60183716 65.98902893 22.86035347 129.52836609 65.89526367 23.12293816 129.43191528 65.76550293 23.3616848 129.31526184 65.60348511 23.56972694 129.0352478 65.20209503 23.87081146 129.1817627 65.41386414 23.74107933 128.87995911 64.97427368 23.95519257 128.72033691 64.73695374 23.99179459 128.56098938 64.49695587 23.97956467 128.40647888 64.26119232 23.91885376 128.26127625 64.03644562 23.8114109 128.12956238 63.82917404 23.6603241 128.01509094 63.6453476 23.46994019 127.85054016 63.36834335 22.99416542 127.78643036 63.23708344 22.43844414 127.8300705 63.26656342 21.86626053 127.97648621 63.4534111 21.34298325 128.20895386 63.77628326 20.92840004 128.0834198 63.59982681 21.11878204 128.34945679 63.97770691 20.77731133 128.50091553 64.19829559 20.66986847 128.65893555 64.43170929 20.60915756 128.81900024 64.6712265 20.59692764 128.97650146 64.90996552 20.63352966 129.12687683 65.14105988 20.71791077 129.26585388 65.35784912 20.8476429 129.38938904 65.55410767 21.01899529 129.49394226 65.72418213 21.22703743 129.57652283 65.86318207 21.46578598 129.63473511 65.96710968 21.72836876 129.66691589 66.03298187 22.00723457 127.14214325 62.2131958 21.53888702 127.25005341 62.34499359 21.0594101 127.40052795 62.5429306 20.61545944 127.58924103 62.80131149 20.21980858 127.81076813 63.11270523 19.88383865 128.05871582 63.46815109 19.6172142 128.32597351 63.8574295 19.42760849 128.6048584 64.26933289 19.32047272 128.88731384 64.6920166 19.29889107 129.16523743 65.11332703 19.36348152 129.43063354 65.52112579 19.51239014 129.6758728 65.90370178 19.7413311 129.89387512 66.25003815 20.04371643 130.07839966 66.5501709 20.41084862 130.22412109 66.79546356 20.83216858 130.32684326 66.97886658 21.2955513 130.38362122 67.09510803 21.78766823 130.39282227 67.14083099 22.29436111 130.35417175 67.11472321 22.801054 130.26878357 67.01753998 23.29317093 130.13912964 66.8520813 23.75655365 129.96891785 66.62309265 24.17787361 129.76306152 66.33718109 24.5450058 129.52746582 66.00254822 24.84739113 129.26893616 65.62884521 25.076334 128.99487305 65.22680664 25.22524071 128.7131958 64.80799866 25.28983116 128.43199158 64.38447571 25.26824951 128.15934753 63.96842575 25.16111374 127.90310669 63.57180786 24.97150803 127.67064667 63.20603561 24.70488358 127.46865845 62.88163376 24.36891365 127.30294037 62.60793304 23.97326279 127.17826843 62.39280701 23.52931213 127.09822845 62.2424469 23.04983521 127.06512451 62.16117477 22.54862404 127.07990265 62.15132904 22.04009819 127.64774323 63.89004517 36.10964584 127.45553589 63.6314621 36.58541489 127.3591156 63.52172089 37.14113998 127.36950684 63.57335281 37.7133255 129.23643494 66.34910583 37.28522491 129.21453857 66.33431244 37.57234955 129.16615295 66.27924347 37.85121918 129.09268188 66.18547821 38.11380005 128.99623108 66.05571747 38.35254669 128.87957764 65.89369965 38.56058884 128.74607849 65.70407867 38.73194122 128.5995636 65.49230957 38.86167145 128.4442749 65.26448822 38.94605637 128.28465271 65.02716827 38.98265457 128.12530518 64.78717041 38.97042465 127.97080231 64.55140686 38.90971756 127.82559967 64.32666016 38.8022728 127.69387817 64.1193924 38.6511879 127.57941437 63.93556213 38.46080399 127.48550415 63.78046417 38.23659897 127.41486359 63.65855789 37.98503113 127.35074615 63.52729797 37.42930603 127.39438629 63.55677795 36.85712051 127.54080963 63.74362564 36.33384705 127.91378021 64.26792145 35.76817322 127.77327728 64.0664978 35.91926193 128.06523132 64.48851013 35.66072845 128.22325134 64.72192383 35.60002136 128.38331604 64.96144104 35.58779144 128.54081726 65.20018005 35.62439346 128.69119263 65.43127441 35.70877457 128.83016968 65.64806366 35.83850861 128.95370483 65.8443222 36.00986099 129.05827332 66.01439667 36.21790314 129.14083862 66.15339661 36.45664978 129.1990509 66.25732422 36.71923447 129.23123169 66.32319641 36.99809647 127.72366333 64.2586441 40.15197754 127.46742249 63.8620224 39.96237183 127.23496246 63.49625397 39.69574738 127.03297424 63.17185211 39.35977554 126.86725616 62.8981514 38.96412659 126.74258423 62.68302536 38.52017593 126.66255188 62.53266144 38.04069901 126.62944031 62.45138931 37.53948593 126.64421844 62.44154358 37.03096008 126.70645905 62.50341034 36.52975082 126.8143692 62.63520813 36.05027008 126.96485138 62.83314514 35.60631943 127.15355682 63.09152603 35.21067429 127.37508392 63.40291977 34.87469864 127.62303925 63.75836945 34.608078 127.89029694 64.14764404 34.41847229 128.16917419 64.55954742 34.31133652 128.45162964 64.98223114 34.28975296 128.72955322 65.40354156 34.35434341 128.99494934 65.81134033 34.50325012 129.2401886 66.19391632 34.73219299 129.45819092 66.54025269 35.03457642 129.64271545 66.84038544 35.40171432 129.78843689 67.0856781 35.82302856 129.89115906 67.26908875 36.2864151 129.94793701 67.38532257 36.77853012 129.95713806 67.43104553 37.28522491 129.91848755 67.40493774 37.79191971 129.83309937 67.30775452 38.28403473 129.70344543 67.14229584 38.74741745 129.53323364 66.91330719 39.1687355 129.32737732 66.62739563 39.5358696 129.09178162 66.29276276 39.83825302 128.83325195 65.91905975 40.06719589 128.55918884 65.51702118 40.2161026 128.2775116 65.0982132 40.28069687 127.99630737 64.67469788 40.25911331 17.04720116 63.8742218 20.8476429 16.12672615 65.25164032 20.77731133 17.53756332 63.22919846 22.29436111 17.53235245 63.25510788 22.58148766 17.50017738 63.32097626 22.86035347 17.4419651 63.42490387 23.12293816 17.35939026 63.56390381 23.3616848 17.25483322 63.73398209 23.56972694 17.13129044 63.93023682 23.74107933 16.99232674 64.14702606 23.87081146 16.84193611 64.37812042 23.95519257 16.68444252 64.61685944 23.99179459 16.52438164 64.85637665 23.97956467 16.3663559 65.08979034 23.91885376 16.21490669 65.31037903 23.8114109 16.07439995 65.51180267 23.6603241 15.94886971 65.68825531 23.46994019 15.84193516 65.83467865 23.24573898 15.75666332 65.94683838 22.99416542 15.69551563 66.02152252 22.7224617 15.66024494 66.05657959 22.43844414 15.65187073 66.0510025 22.15027809 15.67063141 66.00495148 21.86626053 15.71598625 65.9197464 21.59455681 15.78663254 65.7978363 21.34298325 15.88053989 65.64273834 21.11878204 15.99499989 65.45891571 20.92840004 16.27193069 65.02689362 20.66986847 16.42642593 64.79113007 20.60915756 16.58577919 64.5511322 20.59692764 16.74539948 64.31381226 20.63352966 16.9006958 64.08599091 20.71791077 17.1807003 63.68460083 21.01899529 17.29735374 63.52257919 21.22703743 17.39380455 63.39282227 21.46578598 17.46727943 63.29906082 21.72836876 17.51566315 63.24399185 22.00723457 18.25825882 62.14725876 22.29436111 18.2490654 62.19298172 22.801054 18.19228363 62.30921555 23.29317093 18.08955956 62.49262238 23.75655365 17.94384003 62.73791885 24.17787361 17.75932312 63.03805161 24.5450058 17.54131126 63.38438416 24.84739113 17.29607964 63.76695633 25.076334 17.03068161 64.17475891 25.22524071 16.75275803 64.59606934 25.28983116 16.47029495 65.01875305 25.26824951 16.19142342 65.43065643 25.16111374 15.92416286 65.81993103 24.97150803 15.67620754 66.17538452 24.70488358 15.45468712 66.48677826 24.36891365 15.26597118 66.74515533 23.97326279 15.11549568 66.94309235 23.52931213 15.00758553 67.07489014 23.04983521 14.94534683 67.1367569 22.54862404 14.93056488 67.12691498 22.04009819 14.96367168 67.04563904 21.53888702 15.04371357 66.89527893 21.0594101 15.1683836 66.68015289 20.61545944 15.33409977 66.40644836 20.21980858 15.5360918 66.08204651 19.88383865 15.76854992 65.71627808 19.6172142 16.0247879 65.319664 19.42760849 16.29743385 64.90361023 19.32047272 16.57863998 64.48008728 19.29889107 16.86032104 64.0612793 19.36348152 17.13437653 63.65924454 19.51239014 17.39291382 63.28553391 19.7413311 17.62850189 62.95090866 20.04371643 17.83435822 62.66498947 20.41084862 18.00456619 62.43600845 20.83216858 18.13422966 62.27054596 21.2955513 18.21961212 62.17336273 21.78766823 17.96803284 63.54532242 37.57234955 17.93586159 63.6111908 37.85121918 17.87764931 63.71511841 38.11380005 17.79507446 63.85412216 38.35254669 17.69051361 64.02420044 38.56058884 17.56697464 64.22045135 38.73194122 17.42801094 64.4372406 38.86167145 17.27762032 64.66833496 38.94605637 17.12012672 64.90707397 38.98265457 16.96006584 65.14659119 38.97042465 16.80203819 65.38000488 38.90971756 16.6505909 65.60059357 38.8022728 16.51008034 65.80201721 38.6511879 16.38455391 65.97846985 38.46080399 16.27761459 66.12489319 38.23659897 16.19234657 66.23705292 37.98503113 16.13119698 66.31173706 37.7133255 16.09592819 66.34679413 37.42930603 16.08755493 66.34121704 37.14113998 16.10631561 66.29516602 36.85712051 16.15167046 66.20996094 36.58541489 16.22231674 66.08805084 36.33384705 16.31621933 65.93295288 36.10964584 16.43068314 65.74913025 35.91926193 16.56241035 65.54185486 35.76817322 16.70761108 65.31710815 35.66072845 16.86211014 65.0813446 35.60002136 17.02146149 64.84134674 35.58779144 17.18107986 64.60402679 35.62439346 17.33637619 64.37620544 35.70877457 17.61638451 63.97481537 36.00986099 17.48288345 64.16443634 35.83850861 17.73303413 63.81279755 36.21790314 17.82948494 63.6830368 36.45664978 17.90295982 63.58927536 36.71923447 17.97324371 63.51941299 37.28522491 17.95134354 63.53420639 36.99809647 18.69394302 62.4374733 37.28522491 18.68474579 62.48319626 37.79191971 18.62796783 62.59943008 38.28403473 18.52524185 62.78283691 38.74741745 18.37952423 63.02813339 39.1687355 18.19500732 63.32826614 39.5358696 17.97699547 63.67460251 39.83825302 17.73176384 64.05717468 40.06719589 17.46636581 64.46497345 40.2161026 17.18844032 64.88628387 40.28069687 16.90597916 65.30896759 40.25911331 16.62710381 65.72087097 40.15197754 16.35984612 66.11014557 39.96237183 16.11189079 66.46559906 39.69574738 15.89036751 66.7769928 39.35977554 15.70165539 67.03536987 38.96412659 15.55117989 67.23330688 38.52017593 15.44326878 67.36510468 38.04069901 15.38103104 67.42697144 37.53948593 15.36624908 67.41712952 37.03096008 15.39935589 67.33585358 36.52975082 15.47939682 67.18549347 36.05027008 15.6040678 66.97036743 35.60631943 15.76978302 66.6966629 35.21067429 15.97177601 66.37226105 34.87469864 16.20423508 66.00649261 34.608078 16.4604702 65.60987854 34.41847229 16.73311424 65.19382477 34.31133652 17.01432419 64.77030182 34.28975296 17.29600525 64.35149384 34.35434341 17.57005692 63.94945908 34.50325012 17.82859421 63.57574844 34.73219299 18.06418228 63.2411232 35.03457642 18.27004242 62.95520782 35.40171432 18.4402504 62.72622299 35.82302856 18.56990814 62.5607605 36.2864151 18.65529251 62.46357727 36.77853012 45.16239166 43.65167999 95.15809631 45.16239166 46.38784409 87.64055634 45.16239166 38.01352692 93.10597229 45.16239166 40.74968719 85.58843231 55.16239166 38.01352692 93.10597229 55.16239166 40.74968719 85.58843231 55.16239166 43.65167999 95.15809631 55.16239166 46.38784409 87.64055634 55.09419632 41.03115845 84.81509399 55.09419632 46.66931534 86.86721039 54.89147568 41.30495453 84.06284332 54.89147568 46.94311142 86.11496735 54.55976105 41.56360626 83.352211 54.55976105 47.20175934 85.40432739 54.10809326 41.80005264 82.70257568 54.10809326 47.43820953 84.75469971 53.54879761 42.00784683 82.13166046 53.54879761 47.64600372 84.18378448 52.89713287 42.18132401 81.6550293 52.89713287 47.8194809 83.70715332 52.17086792 42.31575012 81.28569794 52.17086792 47.95390701 83.33782196 51.3898201 42.40745926 81.03373718 51.3898201 48.04561615 83.08585358 50.57528687 42.45394516 80.90602112 50.57528687 48.09210205 82.95813751 49.74949265 42.45394516 80.90602112 49.74949265 48.09210205 82.95813751 48.93496323 42.40745926 81.03373718 48.93496323 48.04561615 83.08585358 48.15391541 42.31575012 81.28569794 48.15391541 47.95390701 83.33782196 47.42765045 42.18132401 81.6550293 47.42765045 47.8194809 83.70715332 46.7759819 42.00784683 82.13166046 46.7759819 47.64600372 84.18378448 46.21669006 41.80005264 82.70257568 46.21669006 47.43820953 84.75469971 45.76502228 41.56360626 83.352211 45.76502228 47.20175934 85.40432739 45.43330383 41.30495453 84.06284332 45.43330383 46.94311142 86.11496735 45.23058319 41.03115845 84.81509399 45.23058319 46.66931534 86.86721039 49.90888977 45.8821907 89.02981567 50.16239166 45.87481308 89.0500946 50.41589355 45.8821907 89.02981567 50.66210175 45.90411758 88.96957397 49.66268158 45.90411758 88.96957397 49.43084717 45.93996048 88.87110138 49.22006226 45.98868561 88.73722839 51.28839874 46.04889679 88.57180023 51.10472107 45.98868561 88.73722839 50.89393234 45.93996048 88.87110138 49.03638077 46.04889679 88.57180023 48.8850975 46.11885834 88.37958527 48.7705574 46.19655609 88.16610718 51.66103745 46.36606979 87.70037079 51.65024185 46.45300674 87.46151733 51.59664154 46.53807068 87.22780609 51.50177765 46.61880875 87.00597382 51.36838531 46.69290924 86.80239105 51.20029831 46.7582283 86.6229248 51.00235367 46.81289291 86.47273254 50.78024292 46.85533142 86.35614014 50.5403595 46.88431931 86.27649689 50.28960037 46.89902496 86.23609161 50.03518295 46.89902496 86.23609161 49.78442383 46.88431931 86.27649689 49.54454041 46.85533142 86.35614014 49.32242966 46.81289291 86.47273254 49.1244812 46.7582283 86.6229248 48.9563942 46.69290924 86.80239105 48.82300186 46.61880875 87.00597382 48.72814178 46.53807068 87.22780609 48.67454147 46.45300674 87.46151733 48.66374207 46.36606979 87.70037079 48.69605637 46.27975845 87.93751526 51.62872314 46.27975845 87.93751526 51.55422211 46.19655609 88.16610718 51.43968201 46.11885834 88.37958527 48.8850975 40.48070145 86.32746124 49.03638077 40.4107399 86.51968384 49.22006226 40.35053253 86.68510437 49.43084717 40.30180359 86.81897736 49.66268158 40.26596069 86.91744995 49.90888977 40.24403763 86.97769928 50.16239166 40.23665619 86.99797058 50.41589355 40.24403763 86.97769928 50.66210175 40.26596069 86.91744995 50.89393234 40.30180359 86.81897736 51.10472107 40.35053253 86.68510437 48.7705574 40.5583992 86.11399078 48.69605637 40.64160156 85.88539124 51.28839874 40.4107399 86.51968384 51.43968201 40.48070145 86.32746124 51.55422211 40.5583992 86.11399078 51.62872314 40.64160156 85.88539124 51.66103745 40.7279129 85.64825439 51.65024185 40.81484985 85.40939331 51.59664154 40.89991379 85.17568207 51.50177765 40.98065567 84.95384979 51.36838531 41.05475235 84.75027466 51.20029831 41.12007141 84.57080078 51.00235367 41.17473602 84.42061615 50.78024292 41.21717453 84.30401611 50.5403595 41.24616241 84.22437286 50.28960037 41.26086807 84.18396759 50.03518295 41.26086807 84.18396759 49.78442383 41.24616241 84.22437286 49.54454041 41.21717453 84.30401611 49.32242966 41.17473602 84.42061615 49.1244812 41.12007141 84.57080078 48.9563942 41.05475235 84.75027466 48.82300186 40.98065567 84.95384979 48.72814178 40.89991379 85.17568207 48.67454147 40.81484985 85.40939331 48.66374207 40.7279129 85.64825439 36.66239166 46.46172714 110.46224213 36.91588974 46.48246765 110.46818542 37.16209793 46.54409409 110.48586273 37.39393616 46.6448288 110.51474762 37.60472107 46.78177643 110.55401611 37.78839874 46.95100021 110.60253906 37.93968582 47.14762878 110.65892029 38.05422592 47.36600113 110.72153473 38.12872314 47.59984589 110.78858948 38.16104126 47.8424263 110.85814667 38.15023804 48.0867691 110.92821503 38.09664154 48.32584 110.99676514 38.00177765 48.55276871 111.06184387 37.86838913 48.76101685 111.12155151 37.70029831 48.94460297 111.17419434 37.50235367 49.09824371 111.21825409 37.28024292 49.21751404 111.25244904 37.04035568 49.29898834 111.27581787 36.78960037 49.34032059 111.28766632 36.53518295 49.34032059 111.28766632 36.28442383 49.29898834 111.27581787 36.04453659 49.21751404 111.25244904 35.82242966 49.09824371 111.21825409 35.6244812 48.94460297 111.17419434 35.45639801 48.76101685 111.12155151 35.32300186 48.55276871 111.06184387 35.22814178 48.32584 110.99676514 35.17454147 48.0867691 110.92821503 35.16374207 47.8424263 110.85814667 35.19606018 47.59984589 110.78858948 35.2705574 47.36600113 110.72153473 35.3850975 47.14762878 110.65892029 35.53638077 46.95100021 110.60253906 35.72006226 46.78177643 110.55401611 35.93085098 46.6448288 110.51474762 36.16268158 46.54409409 110.48586273 36.40888977 46.48246765 110.46818542 36.66239166 47.90362167 110.87569427 36.66239166 84.9121933 121.48773956 36.91588974 84.93293762 121.49368286 37.16209793 84.99456024 121.51135254 37.39393616 85.09529877 121.54023743 37.60472107 85.2322464 121.57950592 37.78839874 85.40146637 121.62802887 37.93968582 85.59809875 121.68441772 38.05422592 85.81646729 121.74703217 38.12872314 86.05031586 121.81408691 38.16104126 86.29289246 121.8836441 38.15023804 86.53723145 121.95371246 38.09664154 86.77630615 122.02226257 38.00177765 87.00323486 122.08732605 37.86838913 87.21148682 122.14704895 37.70029831 87.39507294 122.19969177 37.50235367 87.54871368 122.2437439 37.28024292 87.66798401 122.27794647 37.04035568 87.74945831 122.30130768 36.78960037 87.79078674 122.31315613 36.53518295 87.79078674 122.31315613 36.28442383 87.74945831 122.30130768 36.04453659 87.66798401 122.27794647 35.82242966 87.54871368 122.2437439 35.6244812 87.39507294 122.19969177 35.45639801 87.21148682 122.14704895 35.32300186 87.00323486 122.08732605 35.22814178 86.77630615 122.02226257 35.17454147 86.53723145 121.95371246 35.16374207 86.29289246 121.8836441 35.19606018 86.05031586 121.81408691 35.2705574 85.81646729 121.74703217 35.3850975 85.59809875 121.68441772 35.53638077 85.40146637 121.62802887 35.72006226 85.2322464 121.57950592 35.93085098 85.09529877 121.54023743 36.16268158 84.99456024 121.51135254 36.40888977 84.93293762 121.49368286 36.66239166 86.35408783 121.90119171 108.66239166 84.9121933 121.48773956 108.91589355 84.93293762 121.49368286 109.16210175 84.99456024 121.51135254 109.39392853 85.09529877 121.54023743 109.60472107 85.2322464 121.57950592 109.78839874 85.40146637 121.62802887 109.93968201 85.59809875 121.68441772 110.05422211 85.81646729 121.74703217 110.12872314 86.05031586 121.81408691 110.16104126 86.29289246 121.8836441 110.15023804 86.53723145 121.95371246 110.09664154 86.77630615 122.02226257 110.00177765 87.00323486 122.08732605 109.86838531 87.21148682 122.14704895 109.70030212 87.39507294 122.19969177 109.50234985 87.54871368 122.2437439 109.28024292 87.66798401 122.27794647 109.0403595 87.74945831 122.30130768 108.78960419 87.79078674 122.31315613 108.53517914 87.79078674 122.31315613 108.28442383 87.74945831 122.30130768 108.04454041 87.66798401 122.27794647 107.82242584 87.54871368 122.2437439 107.6244812 87.39507294 122.19969177 107.45639038 87.21148682 122.14704895 107.32300568 87.00323486 122.08732605 107.22814178 86.77630615 122.02226257 107.17454529 86.53723145 121.95371246 107.16374207 86.29289246 121.8836441 107.19606018 86.05031586 121.81408691 107.27056122 85.81646729 121.74703217 107.38509369 85.59809875 121.68441772 107.53638458 85.40146637 121.62802887 107.72006226 85.2322464 121.57950592 107.93084717 85.09529877 121.54023743 108.16268158 84.99456024 121.51135254 108.40888977 84.93293762 121.49368286 108.66239166 86.35408783 121.90119171 108.66239166 46.46172714 110.46224213 108.91589355 46.48246765 110.46818542 109.16210175 46.54409409 110.48586273 109.39392853 46.6448288 110.51474762 109.60472107 46.78177643 110.55401611 109.78839874 46.95100021 110.60253906 109.93968201 47.14762878 110.65892029 110.05422211 47.36600113 110.72153473 110.12872314 47.59984589 110.78858948 110.16104126 47.8424263 110.85814667 110.15023804 48.0867691 110.92821503 110.09664154 48.32584 110.99676514 110.00177765 48.55276871 111.06184387 109.86838531 48.76101685 111.12155151 109.70030212 48.94460297 111.17419434 109.50234985 49.09824371 111.21825409 109.28024292 49.21751404 111.25244904 109.0403595 49.29898834 111.27581787 108.78960419 49.34032059 111.28766632 108.53517914 49.34032059 111.28766632 108.28442383 49.29898834 111.27581787 108.04454041 49.21751404 111.25244904 107.82242584 49.09824371 111.21825409 107.6244812 48.94460297 111.17419434 107.45639038 48.76101685 111.12155151 107.32300568 48.55276871 111.06184387 107.22814178 48.32584 110.99676514 107.17454529 48.0867691 110.92821503 107.16374207 47.8424263 110.85814667 107.19606018 47.59984589 110.78858948 107.27056122 47.36600113 110.72153473 107.38509369 47.14762878 110.65892029 107.53638458 46.95100021 110.60253906 107.72006226 46.78177643 110.55401611 107.93084717 46.6448288 110.51474762 108.16268158 46.54409409 110.48586273 108.40888977 46.48246765 110.46818542 108.66239166 47.90362167 110.87569427</float_array>
          <technique_common>
            <accessor source="#pos_0-array" count="16260" stride="3">
              <param name="X" type="float"/>
              <param name="Y" type="float"/>
              <param name="Z" type="float"/>
            </accessor>
          </technique_common>
        </source>
        <source id="norm_0">
          <float_array id="norm_0-array" count="30774">0.83176 -0.55404 0.0349 0.83175 -0.55405 0.0349 0.83175 -0.55405 0.0349 0.83176 -0.55404 0.0349 0.83176 -0.55404 0.0349 0.83176 -0.55404 0.0349 0.83176 -0.55404 0.0349 0.83176 -0.55404 0.0349 0.83175 -0.55404 0.0349 0.83176 -0.55404 0.0349 0.83176 -0.55404 0.0349 0.83175 -0.55404 0.0349 0.83175 -0.55405 0.0349 0.83176 -0.55404 0.0349 0.83176 -0.55404 0.0349 0.83175 -0.55405 0.0349 0.83175 -0.55404 0.0349 0.83175 -0.55405 0.0349 0.83175 -0.55405 0.0349 0.83175 -0.55404 0.0349 0.83176 -0.55404 0.0349 0.83175 -0.55405 0.0349 0.83175 -0.55405 0.0349 0.83175 -0.55405 0.0349 0.83176 -0.55404 0.0349 0.83175 -0.55405 0.0349 0.83176 -0.55404 0.0349 0.83175 -0.55405 0.0349 0.83176 -0.55404 0.0349 0.83173 -0.55408 0.03491 0.83176 -0.55404 0.0349 0.83175 -0.55405 0.0349 0.83175 -0.55405 0.0349 0.83176 -0.55404 0.0349 0.83175 -0.55405 0.0349 0.83176 -0.55404 0.0349 0.83175 -0.55405 0.0349 0.83176 -0.55404 0.0349 0.83175 -0.55405 0.0349 0.83176 -0.55404 0.0349 0.83175 -0.55405 0.0349 0.83176 -0.55404 0.0349 0.83175 -0.55405 0.0349 0.83176 -0.55404 0.0349 0.83175 -0.55404 0.0349 0.83176 -0.55404 0.0349 0.83176 -0.55404 0.0349 0.83176 -0.55404 0.0349 0.83174 -0.55407 0.03491 0.83176 -0.55404 0.0349 0.83175 -0.55405 0.0349 0.83176 -0.55404 0.0349 0.83175 -0.55405 0.0349 0.83176 -0.55404 0.0349 0.83176 -0.55404 0.0349 0.83175 -0.55405 0.0349 0.83175 -0.55405 0.0349 0.83176 -0.55404 0.0349 0.83175 -0.55404 0.0349 0.83175 -0.55404 0.0349 0.83175 -0.55404 0.0349 0.83176 -0.55403 0.0349 0.83176 -0.55404 0.0349 0.83175 -0.55405 0.0349 0.83176 -0.55404 0.0349 0.83175 -0.55405 0.0349 0.83176 -0.55404 0.0349 0.83176 -0.55404 0.0349 0.83175 -0.55405 0.0349 0.83175 -0.55405 0.0349 0.83176 -0.55404 0.0349 0.83176 -0.55404 0.0349 0.83175 -0.55405 0.0349 0.83176 -0.55404 0.0349 0.83175 -0.55405 0.0349 0.83176 -0.55404 0.0349 0.83176 -0.55404 0.0349 0.83176 -0.55404 0.0349 0.83175 -0.55405 0.0349 0.83175 -0.55405 0.0349 0.83175 -0.55405 0.0349 0.83176 -0.55404 0.0349 0.83175 -0.55404 0.0349 0.83176 -0.55404 0.0349 0.83176 -0.55404 0.0349 0.83175 -0.55404 0.0349 0.83175 -0.55405 0.0349 0.83176 -0.55404 0.0349 0.83176 -0.55404 0.0349 0.83175 -0.55405 0.0349 0.83175 -0.55405 0.0349 0.83176 -0.55404 0.0349 0.83176 -0.55403 0.03489 0.83175 -0.55405 0.0349 0.83176 -0.55404 0.0349 0.25942 -0.96511 0.0356 0.24725 -0.96817 0.039 0.31184 -0.94989 0.02165 0.26871 -0.96207 0.04717 0.27822 -0.95956 0.04294 0.2861 -0.95735 0.04032 0.29261 -0.95545 0.03855 0.29702 -0.95413 0.03759 0.30001 -0.95322 0.03696 0.30683 -0.9511 0.03569 0.31054 -0.94991 0.03506 0.31378 -0.94887 0.03453 0.31346 -0.94897 0.03458 0.30517 -0.95167 0.03461 0.30523 -0.95165 0.03463 0.16325 -0.98598 0.03442 0.15364 -0.98735 0.03913 0.20438 -0.97866 0.02118 0.17728 -0.98282 0.05138 0.23445 -0.972 0.01585 0.18875 -0.98089 0.04723 0.1966 -0.97957 0.04226 0.20981 -0.97702 0.03768 0.21845 -0.97518 0.03608 0.22249 -0.97429 0.03558 0.23155 -0.97221 0.03468 0.06922 -0.99699 0.03506 0.09831 -0.99461 0.03309 0.08855 -0.99466 0.05299 0.10472 -0.99371 0.03973 0.13741 -0.99016 0.02651 0.11985 -0.99178 0.04478 0.13546 -0.99015 0.03533 0.02281 -0.99913 0.0349 0.03213 -0.99875 0.03834 0.04557 -0.9976 0.0522 0.05184 -0.99782 0.04087 0.06606 -0.99718 0.03574 0.41574 -0.90881 0.0349 0.38978 -0.92025 0.03489 0.39013 -0.9201 0.03491 0.35532 -0.9341 0.03488 0.35277 -0.93506 0.03478 0.30913 -0.95037 0.03504 0.30534 -0.95161 0.03465 0.47695 -0.87817 0.03639 0.41568 -0.9089 0.03337 0.45859 -0.8879 0.0364 0.43771 -0.89842 0.03537 0.6683 -0.74314 0.03344 0.65515 -0.7548 0.03246 0.69262 -0.72038 0.03649 0.64187 -0.76606 0.034 0.65337 -0.75625 0.03465 0.6298 -0.77597 0.03496 0.61423 -0.78836 0.03473 0.5969 -0.80154 0.03527 0.57438 -0.81786 0.03452 0.54901 -0.83507 0.03527 0.53378 -0.84491 0.03477 0.50578 -0.86195 0.03504 0.50188 -0.86423 0.03489 0.48105 -0.876 0.0349 0.45027 -0.89223 0.03446 0.73928 -0.67251 0.03468 0.71921 -0.69398 0.03357 0.73786 -0.67403 0.03531 0.70548 -0.70788 0.03477 0.71392 -0.69936 0.03499 0.6889 -0.72403 0.03468 0.67322 -0.73867 0.03375 0.82083 -0.5701 0.0349 0.8144 -0.57925 0.03483 0.79879 -0.60063 0.0343 0.80822 -0.58784 0.03515 0.78167 -0.62272 0.03478 0.77538 -0.63055 0.03455 0.76503 -0.64305 0.03497 0.75138 -0.65895 0.03487 0.86682 -0.4974 0.0349 0.86373 -0.50274 0.03487 0.8546 -0.51813 0.03468 0.84616 -0.53183 0.03411 0.83801 -0.54463 0.03351 0.86138 -0.50665 0.03635 0.82702 -0.56117 0.03375 0.84025 -0.54107 0.03501 0.82414 -0.56531 0.0349 0.87714 -0.47896 0.03485 0.87014 -0.49147 0.03615 0.8992 -0.43639 0.03174 0.87629 -0.47997 0.0418 0.87992 -0.4734 0.04039 0.8841 -0.46567 0.03897 0.88766 -0.45893 0.03791 0.88954 -0.45532 0.03741 0.89127 -0.45196 0.03695 0.89639 -0.44184 0.0357 0.88888 -0.45684 0.03451 0.88767 -0.4592 0.03443 0.90008 -0.4343 0.03528 0.88774 -0.45904 0.03468 0.8817 -0.47055 0.03457 0.87249 -0.48737 0.03522 0.88638 -0.46169 0.03429 0.88455 -0.46517 0.0344 0.87882 -0.47589 0.03469 0.87435 -0.48404 0.03485 0.86929 -0.49307 0.0349 0.8386 -0.54339 0.03851 0.83103 -0.55472 0.04088 0.84947 -0.52638 0.03638 0.85619 -0.51545 0.03551 0.86329 -0.50349 0.03492 0.86294 -0.50442 0.03003 0.84944 -0.52663 0.0333 0.82727 -0.56066 0.03585 0.83266 -0.55267 0.03506 0.81544 -0.5778 0.03474 0.80227 -0.59585 0.03646 0.79141 -0.61009 0.03835 0.81727 -0.57543 0.03091 0.77319 -0.63296 0.03932 0.79284 -0.60854 0.03297 0.76077 -0.64805 0.03545 0.76922 -0.63805 0.03464 0.74616 -0.66482 0.03543 0.74978 -0.66078 0.03472 0.72965 -0.68293 0.03494 0.64926 -0.7598 0.03429 0.67144 -0.74016 0.03642 0.66902 -0.74237 0.03602 0.68731 -0.72553 0.03474 0.71344 -0.69982 0.03537 0.70917 -0.7041 0.03627 0.72424 -0.68865 0.0352 0.63875 -0.76862 0.03495 0.60802 -0.79316 0.03469 0.62217 -0.78196 0.03797 0.57476 -0.8177 0.03188 0.58899 -0.80738 0.03497 0.54992 -0.83449 0.03485 0.54112 -0.84027 0.03375 0.51034 -0.85922 0.03604 0.50161 -0.86439 0.03498 0.47675 -0.87835 0.03485 0.45991 -0.88724 0.03602 0.44136 -0.8967 0.03379 0.42019 -0.90675 0.03521 0.39414 -0.91841 0.03434 0.38963 -0.92035 0.0338 0.35532 -0.93405 0.03599 0.34573 -0.93769 0.03486 0.3251 -0.94503 0.0349 0.30128 -0.95292 0.03437 0.30186 -0.95273 0.03446 0.25402 -0.96655 0.03532 0.09605 -0.99477 0.03479 0.09445 -0.99491 0.03507 0.13576 -0.99013 0.03479 0.13471 -0.99027 0.0349 0.16193 -0.98619 0.0349 0.16034 -0.98644 0.03502 0.20069 -0.97904 0.0346 0.19692 -0.97978 0.03528 0.2492 -0.96783 0.03455 0.06763 -0.9971 0.03491 0.04237 -0.99851 0.0345 0.04453 -0.9984 0.03487 0.89881 -0.43693 0.03512 0.91362 -0.40508 0.03468 0.92181 -0.38605 0.03512 0.92901 -0.36841 0.03486 0.93803 -0.34478 0.03495 0.94078 -0.33719 0.03512 0.94987 -0.31072 0.03469 0.95275 -0.30174 0.03488 0.9631 -0.26688 0.03492 0.9596 -0.27926 0.03442 0.97088 -0.23693 0.03532 0.96827 -0.24744 0.03492 0.98778 -0.1519 0.03495 0.98703 -0.15664 0.03509 0.98565 -0.16515 0.03494 0.98021 -0.19488 0.03477 0.9823 -0.18399 0.03527 0.97464 -0.22109 0.03466 0.9786 -0.20273 0.03521 0.97541 -0.21763 0.03489 -1 3E-05 -0 -1 5E-05 -0.0004 1 -3E-05 0.0004 1 -5E-05 0 -0.98684 -0.15784 0.03499 -0.96927 -0.24362 0.03427 -0.98731 -0.1549 0.03486 -0.98138 -0.18885 0.03493 -0.98118 -0.18992 0.03497 -0.9752 -0.21859 0.03485 -0.97584 -0.21746 0.02107 -0.94732 -0.31856 0.03341 -0.97437 -0.22214 0.03547 -0.96767 -0.2498 0.0349 -0.96359 -0.2651 0.0349 -0.95614 -0.29084 0.03471 -0.94136 -0.33548 0.03589 -0.96263 -0.26841 0.03616 -0.95493 -0.29476 0.03508 -0.93887 -0.34251 0.03471 -0.92607 -0.37587 0.03341 -0.89245 -0.44979 0.03491 -0.89235 -0.45008 0.03363 -0.91174 -0.40916 0.03625 -0.90297 -0.42825 0.03539 -0.92488 -0.37867 0.03476 -0.90397 -0.42615 0.0351 -0.91588 -0.40028 0.03081 -0.89639 -0.44184 0.0357 -0.89944 -0.43565 0.03493 -0.88679 -0.46084 0.0349 -0.88592 -0.46253 0.03491 -0.88443 -0.46537 0.03493 -0.88123 -0.47138 0.03507 -0.87719 -0.47884 0.0354 -0.8736 -0.48532 0.03586 -0.87024 -0.49128 0.03639 -0.84914 -0.52701 0.03502 -0.84917 -0.52696 0.03502 -0.86417 -0.50179 0.03757 -0.85728 -0.51333 0.03946 -0.88727 -0.46033 0.0293 -0.87173 -0.48877 0.03447 -0.83785 -0.54479 0.03477 -0.83012 -0.55645 0.03553 -0.8267 -0.5615 0.03591 -0.82729 -0.56062 0.036 -0.81543 -0.57783 0.03462 -0.8028 -0.59522 0.03508 -0.80212 -0.59614 0.03503 -0.7911 -0.6107 0.03475 -0.77302 -0.63334 0.03621 -0.78488 -0.61873 0.03361 -0.76077 -0.64805 0.03545 -0.75442 -0.6554 0.03605 -0.74767 -0.66315 0.035 -0.73436 -0.67786 0.03489 -0.70903 -0.70411 0.03878 -0.72965 -0.68293 0.03494 -0.72424 -0.68865 0.0352 -0.71334 -0.69989 0.03598 -0.68122 -0.73145 0.0305 -0.6476 -0.76071 0.04397 -0.60903 -0.79264 0.02834 -0.68724 -0.72556 0.03555 -0.67164 -0.74006 0.0348 -0.6576 -0.75255 0.03509 -0.63902 -0.76847 0.03332 -0.62217 -0.78196 0.03797 -0.6036 -0.79649 0.03557 -0.56017 -0.8277 0.03349 -0.57944 -0.8141 0.03855 -0.52597 -0.84991 0.03187 -0.5409 -0.84036 0.03496 -0.50057 -0.865 0.03485 -0.49178 -0.87006 0.03378 -0.45991 -0.88724 0.03602 -0.45017 -0.89226 0.03485 -0.40832 -0.91217 0.03496 -0.4241 -0.90482 0.03789 -0.36592 -0.93013 0.031 -0.38924 -0.92041 0.03651 -0.33886 -0.94022 0.03405 -0.30525 -0.9518 0.0301 -0.34487 -0.93774 0.0413 -0.27201 -0.96184 0.02973 -0.30164 -0.95273 0.0363 -0.24482 -0.96898 0.03385 -0.2492 -0.96783 0.03455 -0.20065 -0.97903 0.03523 -0.04453 -0.9984 0.03487 -0.04517 -0.99837 0.03498 -0.09446 -0.99492 0.0348 -0.09604 -0.99476 0.03506 -0.14533 -0.98877 0.03472 -0.14793 -0.98837 0.03514 -0.17317 -0.98427 0.03489 -0.19907 -0.97936 0.03498 -0.86852 -0.49448 0.0342 -0.87501 -0.48277 0.03588 -0.88672 -0.46076 0.03764 -0.8557 -0.51641 0.03304 -0.86446 -0.50155 0.03387 -0.87458 -0.48365 0.0346 -0.87876 -0.476 0.03475 -0.88139 -0.4711 0.03484 -0.8839 -0.46637 0.03488 -0.88536 -0.4636 0.03489 -0.88662 -0.46118 0.0349 -0.8181 -0.57396 0.03571 -0.79927 -0.60004 0.0334 -0.81465 -0.57894 0.0344 -0.82441 -0.56493 0.03481 -0.84823 -0.52847 0.03508 -0.8377 -0.54507 0.03402 -0.84593 -0.53217 0.03447 -0.75261 -0.65768 0.03218 -0.7657 -0.64232 0.03356 -0.78183 -0.62254 0.03447 -0.7511 -0.65927 0.03489 -0.74431 -0.6671 0.03125 -0.79408 -0.60661 0.03839 -0.77655 -0.62901 0.03642 -0.73112 -0.68119 0.03797 -0.67396 -0.73809 0.03144 -0.68946 -0.72357 0.03308 -0.70575 -0.70764 0.03406 -0.71874 -0.69441 0.03472 -0.73245 -0.67993 0.0349 -0.6552 -0.75453 0.03737 -0.60826 -0.79308 0.03218 -0.63248 -0.77383 0.03396 -0.7069 -0.70641 0.03557 -0.67756 -0.73464 0.03488 -0.66785 -0.74348 0.03491 -0.65449 -0.75527 0.03481 -0.44184 -0.89641 0.0349 -0.6361 -0.77076 0.03606 -0.6077 -0.79341 0.03463 -0.58412 -0.81092 0.03498 -0.56434 -0.82481 0.03468 -0.54902 -0.83507 0.03525 -0.52985 -0.84738 0.03479 -0.50003 -0.8653 0.03511 -0.50526 -0.86224 0.03537 -0.45465 -0.89001 0.03416 -0.47409 -0.87976 0.03557 -0.45159 -0.89154 0.03508 -0.31489 -0.9485 0.03454 -0.32396 -0.94537 0.03648 -0.2885 -0.95685 0.03481 -0.31493 -0.94848 0.03454 -0.31425 -0.94871 0.03447 -0.37623 -0.92585 0.03534 -0.35545 -0.93408 0.03386 -0.41772 -0.90787 0.03582 -0.3993 -0.91617 0.03459 -0.42922 -0.90252 0.0349 -0.31265 -0.94923 0.0347 -0.30661 -0.95116 0.03572 -0.2988 -0.95359 0.03719 -0.29517 -0.95469 0.03799 -0.2916 -0.95575 0.03881 -0.31044 -0.95 0.03359 -0.27175 -0.96172 0.03519 -0.2728 -0.96143 0.03511 -0.26123 -0.96465 0.0348 -0.24859 -0.96797 0.0353 -0.23988 -0.97011 0.03655 -0.23267 -0.97182 0.03794 -0.22711 -0.97306 0.03963 -0.21998 -0.9746 0.042 -0.21269 -0.97605 0.0458 -0.24697 -0.96869 0.02544 -0.20301 -0.97842 0.0384 -0.18927 -0.9813 0.0351 -0.17431 -0.98407 0.03484 -0.16316 -0.98595 0.03579 -0.15365 -0.98735 0.03913 -0.14469 -0.98852 0.04351 -0.15021 -0.98789 0.03875 -0.12762 -0.99121 0.03475 -0.10625 -0.9937 0.03552 -0.08137 -0.9961 0.03424 -0.08045 -0.99619 0.03362 -0.0948 -0.99486 0.03548 -0.11177 -0.99292 0.04013 -0.06762 -0.99709 0.03517 -0.05813 -0.99756 0.0386 -0.04558 -0.99761 0.05186 -0.04615 -0.99754 0.05279 -0.02878 -0.99898 0.03489 -0.83176 -0.55404 0.0349 -0.83175 -0.55404 0.0349 -0.83176 -0.55404 0.0349 -0.83175 -0.55405 0.0349 -0.83175 -0.55405 0.0349 -0.83176 -0.55404 0.0349 -0.83175 -0.55405 0.0349 -0.83175 -0.55405 0.0349 -0.83176 -0.55404 0.0349 -0.83175 -0.55405 0.0349 -0.83175 -0.55404 0.0349 -0.83175 -0.55405 0.0349 -0.83176 -0.55404 0.0349 -0.83175 -0.55405 0.0349 -0.83176 -0.55404 0.0349 -0.83175 -0.55404 0.0349 -0.8317 -0.55413 0.03491 -0.83177 -0.55403 0.0349 -0.83175 -0.55404 0.0349 -0.83176 -0.55404 0.0349 -0.83175 -0.55405 0.0349 -0.83175 -0.55405 0.0349 -0.83175 -0.55404 0.0349 -0.83175 -0.55404 0.0349 -0.83175 -0.55405 0.0349 -0.83175 -0.55405 0.0349 -0.83176 -0.55404 0.0349 -0.83176 -0.55404 0.0349 -0.83176 -0.55404 0.0349 -0.83175 -0.55405 0.0349 -0.83175 -0.55405 0.0349 -0.83175 -0.55405 0.0349 -0.83176 -0.55404 0.0349 -0.83175 -0.55405 0.0349 -0.83175 -0.55404 0.0349 -0.83175 -0.55404 0.0349 -0.83175 -0.55405 0.0349 -0.83175 -0.55404 0.0349 -0.83175 -0.55405 0.0349 -0.83176 -0.55404 0.0349 -0.83175 -0.55405 0.0349 -0.83176 -0.55404 0.0349 -0.83176 -0.55404 0.0349 -0.83175 -0.55405 0.0349 -0.83175 -0.55405 0.0349 -0.83176 -0.55404 0.0349 -0.83176 -0.55404 0.0349 -0.83175 -0.55405 0.0349 -0.83176 -0.55404 0.0349 -0.83176 -0.55404 0.0349 -0.83176 -0.55404 0.0349 -0.83175 -0.55405 0.0349 -0.83175 -0.55405 0.0349 -0.83175 -0.55404 0.0349 -0.83175 -0.55405 0.0349 -0.83175 -0.55405 0.0349 -0.83176 -0.55404 0.0349 -0.83176 -0.55404 0.0349 -0.83176 -0.55404 0.0349 -0.83176 -0.55404 0.0349 -0.83175 -0.55405 0.0349 -0.83176 -0.55404 0.0349 -0.83175 -0.55405 0.0349 -0.83176 -0.55404 0.0349 -0.83176 -0.55403 0.0349 -0.83175 -0.55405 0.0349 -0.83176 -0.55403 0.0349 -0.83175 -0.55405 0.0349 -0.83176 -0.55404 0.0349 -0.83176 -0.55404 0.0349 -0.83175 -0.55405 0.0349 -0.83176 -0.55404 0.0349 -0.83175 -0.55405 0.0349 -0.83176 -0.55404 0.0349 -0.83176 -0.55404 0.0349 -0.83175 -0.55405 0.0349 -0.83176 -0.55404 0.0349 -0.83176 -0.55404 0.0349 -0.83176 -0.55404 0.0349 -0.83175 -0.55405 0.0349 -0.83175 -0.55405 0.0349 -0.83176 -0.55404 0.0349 -0.83175 -0.55405 0.0349 -0.83176 -0.55404 0.0349 -0.83176 -0.55404 0.0349 -0.83175 -0.55405 0.0349 -0.83176 -0.55404 0.0349 -0.83175 -0.55405 0.0349 -0.83175 -0.55404 0.0349 -0.83176 -0.55404 0.0349 -0.83176 -0.55404 0.0349 -0.83176 -0.55404 0.0349 -0.83175 -0.55405 0.0349 -0.83175 -0.55405 0.0349 -0.83175 -0.55405 0.0349 -0.83176 -0.55404 0.0349 -0.92188 -0.05176 0.384 -0.96003 -0.05235 0.27495 -0.96697 -0.05061 0.24982 -0.94784 -0.05259 0.31437 -0.15468 -0.05207 0.98659 -0.1261 -0.01159 0.99195 -0.11594 0.05131 0.99193 -0.11828 0.03229 0.99246 -0.05129 -0.07625 0.99577 -0.02811 0.05788 0.99793 -0.20427 -0.05258 0.9775 -0.24127 -0.03565 0.9698 -0.25936 -0.04795 0.96459 -0.36064 -0.04537 0.9316 -0.3372 -0.05093 0.94005 -0.29386 -0.05282 0.95439 -0.47479 -0.0483 0.87877 -0.44314 -0.05266 0.8949 -0.38838 -0.05195 0.92003 -0.71808 -0.05165 0.69404 -0.65077 -0.05267 0.75745 -0.65199 -0.05279 0.75639 -0.59465 -0.05173 0.80232 -0.58115 -0.04983 0.81227 -0.54741 -0.05232 0.83523 -0.50112 -0.05232 0.86379 -0.92139 -0.05182 0.38516 -0.90421 -0.05229 0.42388 -0.89331 -0.0524 0.44638 -0.86578 -0.05151 0.49777 -0.84501 -0.04892 0.53251 -0.86849 -0.05228 0.49294 -0.81238 -0.05226 0.58078 -0.79979 -0.0511 0.59811 -0.76207 -0.05287 0.64534 -0.71256 -0.0508 0.69977 0.33487 -0.05211 0.94082 0.96703 -0.05237 0.24922 0.91321 -0.05239 0.4041 0.97341 -0.05331 0.22279 0.95661 -0.05115 0.28683 0.94645 -0.05247 0.31856 0.9101 -0.05192 0.41113 0.90863 -0.04214 0.41548 0.85698 -0.05172 0.51275 0.84235 -0.05003 0.5366 0.86431 -0.05217 0.50025 0.62114 -0.05371 0.78185 0.59909 -0.04881 0.79919 0.64889 -0.05295 0.75904 0.70703 -0.0512 0.70533 0.70979 -0.05156 0.70252 0.78783 -0.05327 0.61358 0.76735 -0.04964 0.63931 0.81063 -0.05264 0.58319 0.41907 -0.0527 0.90642 0.40037 -0.04353 0.91532 0.44323 -0.05214 0.89489 0.52709 -0.05255 0.84818 0.50947 -0.04727 0.85919 0.5476 -0.05164 0.83514 0.18481 -0.04229 0.98186 0.17729 -0.01686 0.98401 0.20776 -0.04793 0.977 0.30421 -0.06229 0.95057 0.27881 -0.02891 0.95991 0.30473 -0.04325 0.95146 0.05609 0.42798 0.90205 0.07795 0.03269 0.99642 0.09153 -0.01967 0.99561 0.10539 -0.05591 0.99286 0 1 -0 -4E-05 1 -2E-05 5E-05 1 -3E-05 0 1 0 -1E-05 1 1E-05 0.99939 0 0.0349 0.99939 -0 0.0349 0.99939 1E-05 0.0349 0.99939 0 0.0349 0.99939 0 0.0349 0.99939 0 0.0349 0.99939 0 0.0349 0.99939 -0 0.0349 0.99939 0 0.0349 0.99939 -0 0.0349 0.99939 0 0.0349 0.99939 -0 0.0349 0.99939 0 0.0349 -4E-05 0.97433 -0.22511 -0.00855 0.97676 -0.21415 0.01074 0.96362 -0.26707 -1E-05 0.96684 -0.25539 0.00268 0.90466 -0.42613 -0.00442 0.91018 -0.41419 0.0035 0.92222 -0.38664 -1E-05 0.92542 -0.37894 -1E-05 0.93813 -0.34629 0.00668 0.93457 -0.3557 -0.00994 0.9523 -0.30502 0.00642 0.94695 -0.3213 -1E-05 0.95669 -0.2911 -1E-05 0.86854 -0.49563 0.00073 0.86795 -0.49665 -0.00083 0.88668 -0.46238 -1E-05 0.88611 -0.46348 -1E-05 0.89741 -0.4412 0.00267 0.77194 -0.63569 -0.00489 0.77945 -0.62645 0.00386 0.79866 -0.60177 -4E-05 0.80334 -0.59551 -4E-05 0.82402 -0.56656 0.008 0.81793 -0.57527 -0.01212 0.84786 -0.53008 0.00798 0.83809 -0.54548 -1E-05 0.85527 -0.51818 0 0.71199 -0.70219 -0.00168 0.71335 -0.70081 0.00148 0.74311 -0.66917 -3E-05 0.74442 -0.66772 -3E-05 0.76086 -0.64891 0.93661 0 -0.35038 0.94512 0.00116 -0.32671 0.94401 0.00152 -0.3299 0.95479 -0.00051 -0.29729 0.96779 0.00107 -0.25177 0.96382 0.00305 -0.26654 0.97183 5E-05 -0.23569 0.97954 5E-05 -0.20126 0.98333 -0.00085 -0.1818 0.98976 0.00227 -0.14272 0.99263 -0.00011 -0.12119 0.99781 0.00018 -0.06611 0.99893 0.00227 -0.0461 0.99983 0 -0.01858 0.99998 0 -0.00697 0.99999 0.00093 -0.00371 0.99999 -3E-05 0.00397 1 -0.00034 0.00107 1 -0.00062 -0.00043 1 2E-05 0.00036 1 2E-05 2E-05 1 -0 4E-05 1 0.00012 9E-05 1 9E-05 7E-05 1 4E-05 3E-05 1 0 -3E-05 1 0 4E-05 1 -8E-05 -3E-05 0.99999 0.00173 0.00304 0.04133 0.34173 -0.93889 0.12362 0.34085 -0.93195 0.0583 0.34144 -0.93809 0.1355 0.33357 -0.93294 0.08264 0.34085 -0.93648 0.3529 0.31996 -0.87925 0.08262 0.34085 -0.93648 0.19764 0.33527 -0.92116 0.24553 0.33109 -0.9111 0.27787 0.32855 -0.90269 0.33297 0.3225 -0.88607 0.37027 0.31755 -0.87296 0.41969 0.30985 -0.85314 0.40172 0.31305 -0.86059 0.58497 0.27739 -0.76214 0.54704 0.28581 -0.78681 0.51607 0.29296 -0.80489 0.46961 0.30196 -0.82963 0.72701 0.23484 -0.64522 0.67733 0.25134 -0.69141 0.67992 0.25045 -0.68919 0.62717 0.26639 -0.73191 0.82002 0.19575 -0.53782 0.78923 0.20953 -0.57724 0.77338 0.21674 -0.59574 0.73915 0.23037 -0.63293 0.90663 0.14431 -0.39649 0.87954 0.16231 -0.44728 0.87882 0.1628 -0.44853 0.8482 0.18116 -0.49773 0.92279 0.13178 -0.36206 0.94082 0.11563 -0.31859 0.94588 0.11045 -0.30514 0.9615 0.09402 -0.25823 0.98637 0.05622 -0.15467 0.97839 0.06951 -0.19476 0.98586 0.0567 -0.15767 0.99205 0.04299 -0.11825 1 0.00011 0 0.99863 0.0165 -0.04974 0.99969 -0.00864 0.02331 0.99722 -0.02549 0.07004 0.98636 -0.0563 0.15467 0.99318 -0.04123 0.10909 0.98746 -0.05464 0.14808 0.97846 -0.07061 0.194 0.94582 -0.11106 0.30512 0.96681 -0.08935 0.23935 0.95114 -0.10621 0.28991 0.92564 -0.12942 0.35557 0.87947 -0.16279 0.44724 0.90803 -0.14498 0.39302 0.87531 -0.16555 0.45434 0.84146 -0.1848 0.50773 0.78914 -0.21008 0.57717 0.80814 -0.20227 0.55317 0.75754 -0.22327 0.61343 0.67728 -0.25163 0.69136 0.7174 -0.23969 0.65413 0.65971 -0.25705 0.70619 0.54695 -0.2863 0.78668 0.59515 -0.27628 0.75463 0.5352 -0.28907 0.79372 0.48401 -0.29929 0.82229 0.4017 -0.31321 0.86055 0.45023 -0.30667 0.8386 0.19481 -0.33553 0.92167 0.1764 -0.33666 0.92496 0.12369 -0.33939 0.93248 0.41316 -0.31209 0.85551 0.36318 -0.31867 0.87553 0.24549 -0.33155 0.91094 0.31273 -0.32648 0.89197 0.25301 -0.33126 0.90898 0.04134 -0.34079 0.93923 0.12578 -0.34028 0.93187 0.04423 -0.34169 0.93877 -0.91084 0 -0.41275 -0.90997 -0.00044 -0.41467 -0.87653 0.00021 -0.48135 -0.86508 0.00232 -0.50162 -0.8486 -0.00098 -0.52904 -0.80701 0.00199 -0.59054 -0.8369 -0.00894 -0.54728 -0.7739 0.01088 -0.63322 -0.80433 -0.00184 -0.59418 -0.75104 0.00079 -0.66025 -0.76664 -0.00175 -0.64207 -0.7505 2E-05 -0.66087 -0.71308 2E-05 -0.70109 -0.65453 0.01314 -0.75592 -0.71285 -0.01617 -0.70113 -0.65425 2E-05 -0.75628 -0.60953 2E-05 -0.79276 -0.55504 0.0033 -0.83182 -0.61173 -0.01762 -0.79087 -0.56544 -0.00214 -0.82479 -0.50367 0.00047 -0.8639 -0.50871 0.00016 -0.86094 -0.45476 -0.00046 -0.89061 -0.44978 0.00076 -0.89314 -0.37976 -0.00036 -0.92508 -0.3767 4E-05 -0.92633 -0.32786 4E-05 -0.94472 -0.30129 0.00304 -0.95353 -0.32778 -0.00043 -0.94476 -0.24791 0.00092 -0.96878 -0.25388 -0.00058 -0.96724 -0.19388 0.00017 -0.98103 -0.19643 9E-05 -0.98052 -0.17025 9E-05 -0.9854 -0.1836 -0.0011 -0.983 -0.11986 0.00277 -0.99279 -0.12584 0.00159 -0.99205 -0.05739 -0.00075 -0.99835 -0.04978 4E-05 -0.99876 -0.01283 4E-05 -0.99992 -0.0129 4E-05 -0.99992 0.00998 4E-05 -0.99995 0.03694 0.00121 -0.99932 0.07415 -0.00314 -0.99724 0.09925 -0.00013 -0.99506 0.13928 0.0002 -0.99025 0.15115 0.00088 -0.98851 0.19003 -0.00149 -0.98178 0.19292 -0.00183 -0.98121 0.24475 0.00197 -0.96958 0.26092 5E-05 -0.96536 0.2953 5E-05 -0.9554 0.31309 -0.00072 -0.94972 0.35406 0.00278 -0.93522 0.38994 -0.00293 -0.92083 0.4209 6E-05 -0.90711 0.43982 6E-05 -0.89808 0.46798 0.00011 -0.88374 0.50805 -0.00626 -0.8613 0.48855 -0.00166 -0.87253 0.55132 0.00106 -0.83429 0.5585 6E-05 -0.82951 0.59459 6E-05 -0.80403 0.60357 -0.00078 -0.79731 0.6496 0.00204 -0.76027 0.66701 -0.00211 -0.74505 0.69746 5E-05 -0.71662 0.70745 5E-05 -0.70677 0.73454 0.00032 -0.67857 0.76615 -0.00769 -0.64261 0.74668 -0.00164 -0.66518 0.79326 0.00098 -0.60888 0.79843 7E-05 -0.60208 0.82426 7E-05 -0.56622 0.83089 -0.00085 -0.55644 0.86254 0.00207 -0.50599 0.85769 0.00368 -0.51415 0.88462 -0.00129 -0.46632 0.91093 0.00238 -0.41256 0.91718 0 -0.39848 -0.64308 0.29932 -0.70488 -0.7849 0.3101 -0.53645 -0.72821 0.30972 -0.61138 -0.94548 0.24447 -0.21518 -0.9329 0.27285 -0.23506 -0.83996 0.33241 -0.42892 -0.79135 0.40365 -0.45916 -0.7404 0.43727 -0.51049 -0.95226 0.30472 -0.01864 -0.5127 0.23352 -0.8262 -0.64339 0.29816 -0.70509 -0.37943 0.29799 -0.87592 -0.31559 0.27309 -0.90875 -0.33265 0.2388 -0.91231 -0.29398 0.26102 -0.91948 -0.26932 0.24389 -0.93166 -0.41953 0.29521 -0.8584 -0.49856 0.30909 -0.80988 -0.46955 0.31821 -0.82357 -0.55367 0.3202 -0.76871 -0.59402 0.31686 -0.73942 -0.69752 0.25197 -0.6708 -0.7568 0.25213 -0.60307 -0.70807 0.23729 -0.66508 -0.64901 0.24017 -0.72187 -0.67462 0.24144 -0.69756 -0.67337 0.25038 -0.69562 -0.39143 0.22295 -0.89279 -0.57618 0.45173 -0.68114 -0.49998 0.41552 -0.75984 -0.49888 0.41927 -0.75851 -0.46628 0.39363 -0.79224 -0.29139 0.25558 -0.92183 -0.29293 0.26791 -0.91783 -0.30337 0.26473 -0.91536 -0.30802 0.27931 -0.90946 -0.31785 0.2759 -0.90711 -0.32498 0.29269 -0.89929 -0.33608 0.28935 -0.89629 -0.34423 0.30868 -0.88669 -0.36041 0.30558 -0.88132 -0.3658 0.32795 -0.871 -0.39594 0.32576 -0.85855 -0.38792 0.35085 -0.85231 -0.27136 0.24317 -0.93125 -0.27963 0.2565 -0.92521 -0.27935 0.25804 -0.92487 -0.26336 0.23783 -0.93492 -0.26748 0.24895 -0.93085 -0.26748 0.24892 -0.93086 -0.24138 0.19082 -0.95148 -0.25075 0.24011 -0.9378 -0.25274 0.23162 -0.9394 -0.25624 0.24307 -0.93555 -0.25621 0.24209 -0.93582 -0.48117 0.39444 -0.78287 -0.48548 0.39545 -0.7797 -0.48364 0.40356 -0.77668 -0.43666 0.36033 -0.82431 -0.45252 0.35182 -0.81942 -0.59716 0.44273 -0.66888 -0.62719 0.46268 -0.62655 -0.62656 0.4643 -0.62598 -0.68605 0.47082 -0.55467 -0.68617 0.47054 -0.55476 -0.70938 0.45348 -0.53957 -0.75315 0.46929 -0.46102 -0.75534 0.46441 -0.46238 -0.89711 0.39921 -0.18927 -0.89991 0.39252 -0.18998 -0.92457 0.33848 -0.17493 -0.92556 0.36367 -0.10528 -0.9294 0.35356 -0.10587 -0.83127 0.44316 -0.33557 -0.83219 0.44133 -0.33569 -0.86277 0.39528 -0.31526 -0.86467 0.42612 -0.26602 -0.86702 0.4208 -0.26685 -0.82925 0.44759 -0.33467 -0.81289 0.41755 -0.40604 -0.80393 0.43895 -0.40128 -0.72201 0.42427 -0.54653 -0.92915 0.30836 -0.20393 -0.93619 0.32658 -0.12994 -0.94602 0.29588 -0.13227 -0.9531 0.28717 -0.09554 -0.94851 0.31675 1E-05 -0.77162 0.40688 -0.48893 -0.80823 0.41233 -0.42041 -0.81633 0.39119 -0.42494 -0.89506 0.37056 -0.24809 -0.91184 0.35936 -0.19849 -0.91413 0.36619 -0.17396 -0.875 0.35742 -0.32654 -0.85712 0.40482 -0.31854 -0.85947 0.40994 -0.3054 -0.78339 0.42829 -0.45041 -0.78118 0.43368 -0.44909 -0.71389 0.4535 -0.53358 -0.65948 0.45017 -0.60202 -0.6161 0.43204 -0.65861 -0.61913 0.42336 -0.6614 -0.5794 0.41807 -0.69965 -0.58652 0.39617 -0.70643 -0.57512 0.39452 -0.71665 -0.58037 0.37435 -0.72321 -0.68949 0.40549 -0.60015 -0.66166 0.40466 -0.63123 -0.66785 0.38692 -0.63582 -0.66316 0.38669 -0.64085 -0.66833 0.36916 -0.6458 -0.68695 0.41252 -0.59826 -0.71726 0.412 -0.56195 -0.72352 0.39499 -0.56613 -0.70131 0.3956 -0.59301 -0.70688 0.37996 -0.59661 -0.84007 0.36192 -0.4041 -0.83747 0.36932 -0.4028 -0.8829 0.33746 -0.32652 -0.89947 0.33396 -0.28182 -0.90425 0.31889 -0.28398 -0.81565 0.35781 -0.45462 -0.81125 0.3702 -0.45258 -0.85979 0.3465 -0.3751 -0.85898 0.3489 -0.37473 -0.96854 0.24082 -0.06277 -0.96202 0.2535 -0.10125 -0.96368 0.26209 -0.0512 -0.9392 0.27083 -0.21106 -0.9222 0.32812 -0.20467 -0.89557 0.32444 -0.30446 -0.88076 0.36818 -0.29782 -0.8515 0.35768 -0.38341 -0.84508 0.37594 -0.38013 -0.81929 0.3749 -0.43384 -0.81832 0.37762 -0.43332 -0.78189 0.38528 -0.49011 -0.78706 0.37103 -0.49283 -0.77479 0.37298 -0.51049 -0.77895 0.36137 -0.5125 -0.75292 0.32383 -0.57293 -0.79743 0.31459 -0.51491 -0.84296 0.30137 -0.44563 -0.62232 0.3341 -0.70788 -0.66702 0.33632 -0.66481 -0.66216 0.33694 -0.66933 -0.79361 0.31561 -0.52016 -0.79116 0.32564 -0.51771 -0.80927 0.31989 -0.4927 -0.80658 0.32999 -0.49045 -0.82521 0.32298 -0.46337 -0.66012 0.34696 -0.66622 -0.77094 0.32982 -0.54486 -0.69985 0.34738 -0.62413 -0.6977 0.35624 -0.62153 -0.89837 0.28517 -0.33409 -0.86098 0.32113 -0.39446 -0.85847 0.32929 -0.39318 -0.8799 0.31529 -0.35549 -0.93066 0.28105 -0.23428 -0.92239 0.28433 -0.26145 -0.92086 0.28954 -0.2611 -0.9123 0.29083 -0.28831 -0.91022 0.29764 -0.28795 -0.9008 0.2966 -0.31715 -0.89969 0.30037 -0.31675 -0.89056 0.29791 -0.34374 -0.88913 0.30292 -0.34304 -0.87924 0.29873 -0.37107 -0.87758 0.30485 -0.37004 -0.86643 0.29863 -0.40015 -0.86434 0.30665 -0.3986 -0.92834 0.26449 -0.26122 -0.94101 0.25775 -0.21924 -0.93982 0.25982 -0.2219 -0.93727 0.26998 -0.22056 -0.78865 0.34914 -0.50609 -0.82225 0.34013 -0.45631 -0.76803 0.3625 -0.52795 -0.85662 0.32999 -0.39662 -0.8352 0.34252 -0.43027 -0.87726 0.32431 -0.35389 -0.86964 0.32627 -0.37051 -0.89188 0.31115 -0.32824 -0.88646 0.31602 -0.3381 -0.96062 0.23097 -0.15446 -0.95621 0.23727 -0.17137 -0.78994 0.34504 -0.50689 -0.81365 0.33536 -0.47487 -0.84281 0.32336 -0.43024 -0.82248 0.33245 -0.46152 -0.72382 0.33118 -0.60531 -0.70018 0.30567 -0.64522 -0.69515 0.33154 -0.63785 -0.76188 0.27648 -0.58575 -0.69797 0.27377 -0.66173 -0.75024 0.24164 -0.61543 -0.78487 0.2502 -0.56691 -0.78481 0.2505 -0.56685 -0.75684 0.25189 -0.60312 -0.739 0.27002 -0.61723 -0.71796 0.2709 -0.64121 -0.71952 0.26055 -0.64374 -0.69663 0.26077 -0.66836 -0.45859 0.229 -0.85864 -0.50768 0.23325 -0.82937 -0.50674 0.24419 -0.82679 -0.53521 0.24633 -0.808 -0.53416 0.25842 -0.80492 -0.56237 0.25997 -0.78495 -0.56119 0.27251 -0.78154 -0.58939 0.27343 -0.76017 -0.588 0.28642 -0.75646 -0.78547 0.26881 -0.55748 -0.76116 0.28025 -0.58489 -0.73128 0.28004 -0.62194 -0.72563 0.3093 -0.61465 -0.63679 0.29586 -0.71201 -0.63663 0.29681 -0.71176 -0.62133 0.30791 -0.72051 -0.78921 0.28972 -0.54149 -0.80955 0.30969 -0.49871 -0.8132 0.29335 -0.50264 -0.77337 0.28243 -0.56757 -0.73617 0.28721 -0.61283 -0.82764 0.27385 -0.48992 -0.41965 0.22583 -0.87915 -0.41893 0.23821 -0.87622 -0.44865 0.24013 -0.86085 -0.44784 0.25396 -0.85729 -0.47846 0.25548 -0.84012 -0.47753 0.26973 -0.83619 -0.50936 0.27077 -0.81685 -0.50821 0.28545 -0.81255 -0.54132 0.28586 -0.79073 -0.46249 0.28334 -0.84013 -0.4838 0.28438 -0.82769 -0.48323 0.2922 -0.82529 -0.69805 0.25087 -0.67066 -0.76468 0.24863 -0.59451 -0.76312 0.25804 -0.5925 -0.78354 0.25765 -0.5654 -0.78208 0.26607 -0.56352 -0.80023 0.26498 -0.53797 -0.79744 0.28005 -0.53446 -0.66386 0.33155 -0.67034 -0.66958 0.30111 -0.67897 -0.75685 0.31006 -0.57536 -0.76183 0.2853 -0.58156 -0.81727 0.28221 -0.50242 -0.81626 0.28709 -0.5013 -0.83221 0.27838 -0.47951 -0.85847 0.28542 -0.42611 -0.85886 0.28369 -0.42647 -0.58402 0.32467 -0.74399 -0.58537 0.31484 -0.74714 -0.64115 0.31255 -0.70088 -0.57599 0.31525 -0.75422 -0.57275 0.31445 -0.75702 -0.52097 0.30808 -0.79604 -0.82335 0.29455 -0.48511 -0.84613 0.28787 -0.44855 -0.76895 0.30551 -0.56159 -0.80096 0.29894 -0.51874 -0.90041 0.26746 -0.34313 -0.75533 0.31267 -0.57595 -0.69708 0.32104 -0.6411 -0.69465 0.33332 -0.63746 -0.72434 0.32845 -0.60619 -0.72156 0.34074 -0.6027 -0.75153 0.33431 -0.56872 -0.74859 0.34585 -0.56569 -0.77867 0.33758 -0.52887 -0.77642 0.34559 -0.527 -0.43678 0.38322 -0.81386 -0.66459 0.29503 -0.6865 -0.69806 0.27325 -0.66185 -0.72724 0.28357 -0.62506 -0.73163 0.25947 -0.63039 -0.78459 0.25848 -0.56357 -0.78266 0.26901 -0.56131 -0.83308 0.25743 -0.4896 -0.82888 0.27898 -0.48489 -0.86627 0.26656 -0.42252 -0.86282 0.28255 -0.41917 -0.85613 0.28582 -0.43051 -0.61625 0.28664 -0.73353 -0.6146 0.29989 -0.72961 -0.53988 0.3008 -0.78616 -0.57443 0.30041 -0.76143 -0.553 0.30054 -0.77708 -0.5217 0.30066 -0.79839 -0.84893 0.30804 -0.42945 -0.85145 0.2979 -0.43161 -0.88685 0.28669 -0.36236 -0.88565 0.29143 -0.36151 -0.89885 0.28103 -0.33629 -0.89628 0.29091 -0.33476 -0.90762 0.28121 -0.31168 -0.90529 0.28978 -0.31059 -0.91536 0.28045 -0.28891 -0.91307 0.2886 -0.28812 -0.92333 0.2782 -0.26471 -0.92184 0.28331 -0.26447 -0.9299 0.27439 -0.24495 -0.92878 0.27837 -0.24469 -0.93553 0.27014 -0.2276 -0.93561 0.26985 -0.22763 -0.93591 0.26945 -0.22685 -0.93783 0.26175 -0.22795 -0.91272 0.29276 -0.28501 -0.32584 0.21617 -0.92038 -0.35298 0.21929 -0.90957 -0.35251 0.2316 -0.9067 -0.39898 0.23627 -0.886 -0.36895 0.24534 -0.89648 -0.53354 0.25802 -0.80546 -0.41435 0.25626 -0.8733 -0.41392 0.26579 -0.87064 -0.44807 0.26758 -0.85302 -0.44766 0.27506 -0.85085 -0.95353 0.24022 -0.18187 -0.94328 0.24867 -0.21996 -0.93633 0.27665 -0.21624 -0.93119 0.26939 -0.24557 -0.92694 0.28546 -0.24351 -0.91572 0.29066 -0.27745 -0.91135 0.30555 -0.27584 -0.89489 0.30879 -0.32222 -0.89224 0.31713 -0.32146 -0.87713 0.31678 -0.36097 -0.87411 0.32588 -0.3602 -0.85951 0.3225 -0.39653 -0.8581 0.327 -0.39589 -0.84474 0.32221 -0.42731 -0.84298 0.32818 -0.42625 -0.82958 0.32174 -0.45638 -0.82763 0.32875 -0.45492 -0.81353 0.32043 -0.48528 -0.81118 0.32939 -0.48321 -0.7958 0.31875 -0.51488 -0.79306 0.3299 -0.51208 -0.77591 0.31639 -0.54576 -0.77271 0.33028 -0.54207 -0.691 0.43764 -0.57532 -0.65174 0.42281 -0.62966 -0.65454 0.41495 -0.63198 -0.62083 0.41214 -0.66686 -0.62754 0.39231 -0.67252 -0.61964 0.39153 -0.68026 -0.62292 0.37989 -0.68385 -0.6102 0.37581 -0.69744 -0.61169 0.3697 -0.69939 -0.58564 0.35377 -0.7293 -0.58472 0.35836 -0.72779 -0.56189 0.34283 -0.75282 -0.56093 0.34865 -0.75087 -0.54012 0.33306 -0.77288 -0.5391 0.34038 -0.7704 -0.51937 0.32415 -0.79069 -0.51825 0.33349 -0.78753 -0.49893 0.31606 -0.80696 -0.49769 0.32796 -0.80296 -0.47839 0.30885 -0.82204 -0.47699 0.32377 -0.8171 -0.45754 0.3025 -0.83616 -0.4559 0.32087 -0.83018 -0.43625 0.29695 -0.84942 -0.43426 0.31918 -0.84234 -0.41449 0.29209 -0.86191 -0.41396 0.29799 -0.86014 -0.44283 0.31252 -0.84038 -0.35416 0.28311 -0.8913 -0.33167 0.26734 -0.90472 -0.33175 0.26578 -0.90515 -0.34776 0.28804 -0.89224 -0.34848 0.27191 -0.89701 -0.36487 0.29214 -0.88404 -0.36541 0.27907 -0.88803 -0.38224 0.29777 -0.87477 -0.3827 0.28734 -0.87805 -0.40014 0.30494 -0.86423 -0.40057 0.29678 -0.86687 -0.41891 0.31372 -0.85211 -0.41933 0.30746 -0.85419 -0.43906 0.32419 -0.83793 -0.43948 0.31939 -0.83955 -0.46141 0.3365 -0.8209 -0.46184 0.33273 -0.82219 -0.48709 0.35083 -0.79979 -0.48753 0.34785 -0.80082 -0.51756 0.36751 -0.7727 -0.51603 0.37526 -0.76999 -0.53348 0.38211 -0.75458 -0.53017 0.39577 -0.74985 -0.54531 0.39863 -0.73738 -0.53793 0.42252 -0.72946 -0.50742 0.41635 -0.75444 -0.57847 0.44524 -0.68347 -0.6937 0.24159 -0.67854 -0.74297 0.24219 -0.62397 -0.74151 0.25113 -0.62217 -0.80732 0.24725 -0.53582 -0.80584 0.25548 -0.53419 -0.87178 0.25047 -0.42102 -0.84111 0.25881 -0.47491 -0.83828 0.27322 -0.47185 -0.86516 0.26599 -0.42514 -0.86123 0.28421 -0.42131 -0.87929 0.27746 -0.38711 -0.87642 0.28949 -0.38481 -0.86819 0.29322 -0.40034 -0.86634 0.30046 -0.39897 -0.87405 0.29646 -0.3849 -0.87194 0.30429 -0.38358 -0.87983 0.29977 -0.36883 -0.87772 0.30718 -0.36777 -0.88797 0.30064 -0.34804 -0.88593 0.30732 -0.3474 -0.89618 0.29995 -0.32696 -0.89441 0.30589 -0.32628 -0.90612 0.29623 -0.30198 -0.90494 0.30042 -0.30138 -0.91353 0.29225 -0.28294 -0.91293 0.29453 -0.28253 -0.88963 0.31596 -0.32973 -0.74968 0.33073 -0.57323 -0.75346 0.31329 -0.57805 -0.83083 0.30898 -0.46288 -0.83385 0.29617 -0.46581 -0.87403 0.2864 -0.3925 -0.8742 0.28566 -0.39264 -0.88605 0.28119 -0.36857 -0.88448 0.28765 -0.36736 -0.89422 0.28146 -0.34807 -0.89214 0.2896 -0.34672 -0.90049 0.28381 -0.32951 -0.89855 0.29104 -0.32849 -0.90621 0.28524 -0.31212 -0.9043 0.29206 -0.31135 -0.91319 0.28465 -0.29164 -0.91166 0.28987 -0.2913 -0.91912 0.283 -0.27409 -0.91787 0.28738 -0.27372 -0.92551 0.27953 -0.25551 -0.92502 0.28137 -0.25529 -0.92754 0.27851 -0.24919 -0.92814 0.27618 -0.24956 -0.90399 0.30289 -0.30177 -0.96054 0.2446 -0.13244 -0.94114 0.26153 -0.21413 -0.93476 0.28561 -0.2113 -0.91533 0.29532 -0.27378 -0.91034 0.31239 -0.27148 -0.88468 0.32858 -0.33072 -0.88209 0.33653 -0.32965 -0.85381 0.33725 -0.39657 -0.8501 0.3481 -0.39516 -0.82578 0.34412 -0.44684 -0.82225 0.35416 -0.44551 -0.80073 0.34715 -0.48818 -0.79928 0.3517 -0.4873 -0.7806 0.34368 -0.52206 -0.77885 0.34964 -0.52072 -0.7614 0.34043 -0.5517 -0.75957 0.34727 -0.54997 -0.74243 0.33666 -0.57918 -0.7403 0.34533 -0.5768 -0.72275 0.33293 -0.60564 -0.72032 0.34367 -0.60252 -0.70175 0.32895 -0.63193 -0.69897 0.34234 -0.62789 -0.67899 0.32471 -0.65844 -0.67576 0.34148 -0.65326 -0.65421 0.32044 -0.68507 -0.65048 0.34108 -0.67863 -0.62741 0.31613 -0.71164 -0.62313 0.34104 -0.70385 -0.59871 0.31174 -0.73781 -0.5938 0.34119 -0.72869 -0.56838 0.3071 -0.7633 -0.56772 0.31138 -0.76206 -0.577 0.31425 -0.75387 -0.57605 0.237 -0.78231 -0.60336 0.23891 -0.76084 -0.6022 0.24883 -0.75858 -0.62873 0.25007 -0.73632 -0.62742 0.26104 -0.73362 -0.6527 0.26159 -0.71103 -0.65125 0.27301 -0.70805 -0.67534 0.27288 -0.68517 -0.67369 0.28476 -0.68195 -0.875 0.26153 -0.4074 -0.71707 0.29417 -0.63188 -0.71489 0.30677 -0.62834 -0.66997 0.31104 -0.67409 -0.66781 0.32367 -0.67027 -0.69701 0.32056 -0.64142 -0.6231 0.32949 -0.70935 -0.52005 0.323 -0.79071 -0.49326 0.31205 -0.81198 -0.49402 0.30607 -0.81379 -0.51694 0.33715 -0.78683 -0.52047 0.3105 -0.79542 -0.54284 0.33751 -0.76903 -0.54585 0.31517 -0.77634 -0.56745 0.33859 -0.75057 -0.57006 0.32023 -0.75663 -0.59079 0.34055 -0.73143 -0.59307 0.32572 -0.73633 -0.61301 0.34342 -0.71154 -0.61499 0.33166 -0.71539 -0.63438 0.34724 -0.69064 -0.63615 0.33787 -0.69366 -0.65551 0.35189 -0.66819 -0.65711 0.34438 -0.67053 -0.6772 0.35739 -0.64318 -0.67863 0.35145 -0.64494 -0.70039 0.36385 -0.61405 -0.70185 0.35855 -0.61551 -0.72656 0.3706 -0.57859 -0.72473 0.37637 -0.57716 -0.74127 0.37915 -0.55386 -0.73914 0.38501 -0.55267 -0.75615 0.38348 -0.53027 -0.75023 0.3996 -0.52676 -0.75419 0.39917 -0.52141 -0.79024 0.40655 -0.45851 -0.72615 0.41335 -0.54941 -0.7653 0.42325 -0.48495 -0.69527 0.42642 -0.57858 -0.73946 0.4396 -0.50985 -0.66384 0.43875 -0.60566 -0.71305 0.45551 -0.53298 -0.65194 0.45218 -0.60869 -0.68602 0.47103 -0.55453 -0.5777 0.55421 -0.59926 -0.58582 0.53239 -0.61105 -0.59489 0.51885 -0.61392 -0.63351 0.50623 -0.58515 -0.63282 0.50717 -0.58507 -0.62071 0.51443 -0.59167 -0.79529 0.45513 -0.40046 -0.79554 0.44628 -0.40981 -0.78733 0.45101 -0.42036 -0.79888 0.43562 -0.41476 -0.78917 0.43949 -0.42903 -0.79239 0.43135 -0.43134 -0.78519 0.43459 -0.44114 -0.785 0.4324 -0.44362 -0.77667 0.43777 -0.45293 -0.77666 0.43778 -0.45292 -0.76652 0.4425 -0.46544 -0.76432 0.44596 -0.46576 -0.75429 0.4495 -0.47854 -0.74847 0.45601 -0.4815 -0.73899 0.45859 -0.49354 -0.72968 0.46723 -0.49927 -0.71964 0.46937 -0.51168 -0.70832 0.47908 -0.51842 -0.69563 0.48124 -0.53339 -0.68907 0.48707 -0.53661 -0.66917 0.49492 -0.55432 -0.67061 0.48972 -0.55719 -0.65814 0.50253 -0.56063 -0.82135 0.49282 -0.28724 -0.8185 0.48951 -0.30074 -0.81666 0.47674 -0.32525 -0.82012 0.47411 -0.32035 -0.80772 0.47445 -0.34999 -0.82782 0.49132 -0.27078 -0.82296 0.4957 -0.27751 -0.82401 0.50863 -0.2496 -0.82252 0.51647 -0.23816 -0.83612 0.5011 -0.22316 -0.82936 0.50706 -0.23465 -0.82309 0.54512 -0.15927 -0.82139 0.54697 -0.16172 -0.82603 0.53391 -0.18061 -0.82704 0.53295 -0.17882 -0.82069 0.53285 -0.20626 -0.83513 0.51527 -0.1925 -0.82719 0.52226 -0.20737 -0.64581 0.67592 -0.35505 -0.65088 0.68142 -0.33469 -0.65163 0.68578 -0.32417 -0.62843 0.65575 -0.41841 -0.63434 0.66132 -0.40033 -0.63568 0.66774 -0.38735 -0.6395 0.66741 -0.38158 -0.64509 0.67721 -0.3539 -0.57342 0.5505 -0.60675 -0.5862 0.57814 -0.56756 -0.58826 0.57415 -0.56947 -0.59417 0.59897 -0.53684 -0.59715 0.59323 -0.53991 -0.60154 0.60805 -0.5181 -0.60165 0.61332 -0.51173 -0.61211 0.6168 -0.49485 -0.61013 0.62944 -0.4812 -0.61696 0.63242 -0.46841 -0.61971 0.64319 -0.44974 -0.61818 0.64311 -0.45196 -0.63074 0.65068 -0.42283 -0.80581 0.48488 -0.33995 -0.809 0.48057 -0.33849 -0.8181 0.45346 -0.35367 -0.81322 0.44351 -0.37679 -0.81471 0.44366 -0.37339 -0.81425 0.44017 -0.37848 -0.8066 0.44119 -0.39338 -0.80155 0.44836 -0.39558 -0.79097 0.44433 -0.42064 -0.79587 0.45219 -0.40263 -0.78083 0.45701 -0.42596 -0.68901 0.52456 -0.5001 -0.69215 0.52306 -0.49733 -0.6949 0.52203 -0.49457 -0.70286 0.52039 -0.48496 -0.70271 0.52534 -0.47981 -0.70479 0.51599 -0.48685 -0.67499 0.55366 -0.48769 -0.66026 0.56072 -0.49965 -0.67611 0.55323 -0.48663 -0.67526 0.55357 -0.48743 -0.67123 0.53857 -0.50931 -0.6589 0.53959 -0.52411 -0.68181 0.55488 -0.4767 -0.6771 0.55348 -0.48496 -0.67137 0.56892 -0.47497 -0.66828 0.57 -0.47802 -0.66701 0.56992 -0.47989 -0.68105 0.58511 -0.44024 -0.66631 0.5836 -0.46416 -0.69811 0.55246 -0.45545 -0.69263 0.55619 -0.45926 -0.67737 0.56574 -0.47022 -0.69732 0.58964 -0.40751 -0.69573 0.59085 -0.40848 -0.65883 0.60385 -0.44867 -0.65343 0.64883 -0.38993 -0.72173 0.59923 -0.34646 -0.66214 0.65998 -0.35496 -0.70829 0.66074 -0.24851 -0.7318 0.62532 -0.27099 -0.69594 0.66167 -0.27903 -0.73098 0.61367 -0.29845 -0.67078 0.6718 -0.31422 -0.7239 0.61089 -0.3206 -0.73463 0.64688 -0.20461 -0.73657 0.64412 -0.20633 -0.74507 0.63347 -0.20878 -0.7546 0.62207 -0.20883 -0.72807 0.64815 -0.22317 -0.72542 0.64309 -0.24535 -0.75349 0.62821 -0.19392 -0.75116 0.63217 -0.19006 -0.74997 0.634 -0.18861 -0.7486 0.63599 -0.18741 -0.74789 0.63691 -0.1871 -0.748 0.63677 -0.18714 -0.74362 0.64209 -0.18641 -0.73443 0.64735 -0.20383 -0.73454 0.64733 -0.20353 -0.81954 0.55185 -0.1543 -0.82468 0.54317 -0.15767 -0.82999 0.53471 -0.15876 -0.84035 0.51893 -0.15657 -0.84351 0.51205 -0.16216 -0.86754 0.47219 -0.15624 -0.86429 0.47796 -0.1567 -0.86137 0.48186 -0.16077 -0.85848 0.48826 -0.15688 -0.85228 0.49935 -0.15579 -0.86748 0.47232 -0.15617 -0.86666 0.4738 -0.15626 -0.86451 0.47717 -0.1579 -0.86436 0.47758 -0.15746 -0.8587 0.49025 -0.14929 -0.85454 0.49652 -0.15241 -0.81209 0.56673 -0.13898 -0.82034 0.55368 -0.14308 -0.82318 0.54981 -0.14175 -0.8365 0.5292 -0.14215 -0.84176 0.52131 -0.14027 -0.84323 0.51814 -0.14314 -0.84719 0.51037 -0.14762 -0.83311 0.53009 -0.15791 -0.83363 0.52954 -0.15704 -0.83433 0.52896 -0.15522 -0.83465 0.52879 -0.15406 -0.83125 0.53207 -0.16101 -0.83256 0.53044 -0.15961 -0.84419 0.50755 -0.17245 -0.83792 0.51486 -0.18112 -0.8446 0.49717 -0.19866 -0.8315 0.50941 -0.2216 -0.84411 0.49437 -0.20756 -0.84145 0.48861 -0.23069 -0.8278 0.4583 -0.32358 -0.83375 0.45741 -0.30925 -0.82249 0.48836 -0.29158 -0.8396 0.46188 -0.28591 -0.84304 0.47373 -0.25469 -0.65444 0.5191 -0.54977 -0.65426 0.52855 -0.54091 -0.68732 0.50427 -0.52278 -0.68758 0.51292 -0.51395 -0.71525 0.48967 -0.49864 -0.71584 0.49749 -0.48999 -0.73845 0.47603 -0.47758 -0.73927 0.48302 -0.46922 -0.75737 0.46387 -0.45958 -0.75835 0.47013 -0.45154 -0.77246 0.45365 -0.44441 -0.67057 0.62462 -0.40023 -0.66104 0.61885 -0.42432 -0.66296 0.61268 -0.43024 -0.65306 0.60645 -0.45358 -0.65495 0.59937 -0.46022 -0.6447 0.59269 -0.48279 -0.64645 0.58477 -0.49006 -0.63581 0.57761 -0.51197 -0.6373 0.56888 -0.51984 -0.62625 0.56123 -0.54114 -0.62741 0.55176 -0.54947 -0.6158 0.5435 -0.57044 -0.61654 0.53338 -0.57912 -0.60332 0.52374 -0.60142 -0.5874 0.53464 -0.60755 -0.72897 0.66582 -0.15899 -0.72769 0.66684 -0.16058 -0.7226 0.6651 -0.18842 -0.71991 0.66697 -0.19205 -0.71432 0.66479 -0.21863 -0.71292 0.66567 -0.22051 -0.70618 0.66278 -0.24908 -0.70613 0.6628 -0.24915 -0.69813 0.65908 -0.27968 -0.69949 0.65839 -0.27789 -0.69014 0.65374 -0.31036 -0.69296 0.65249 -0.3067 -0.68215 0.64679 -0.34107 -0.68645 0.64513 -0.33555 -0.67411 0.63828 -0.37172 -0.67992 0.63636 -0.36435 -0.6687 0.62986 -0.39511 -0.71463 0.59082 -0.37448 -0.68048 0.61372 -0.40036 -0.74123 0.65173 -0.16069 -0.75642 0.63406 -0.16059 -0.75126 0.63283 -0.18744 -0.78105 0.6021 -0.16563 -0.76643 0.61167 -0.19608 -0.80593 0.5721 -0.15221 -0.79012 0.58314 -0.18883 -0.81912 0.55058 -0.16097 -0.75665 0.63366 -0.16114 -0.78118 0.60447 -0.15614 -0.78332 0.60235 -0.1536 -0.80294 0.5744 -0.15921 -0.80526 0.5721 -0.15576 -0.81855 0.55364 -0.15314 -0.82439 0.53323 -0.18985 -0.83886 0.48937 -0.23839 -0.83844 0.48964 -0.23933 -0.84174 0.47602 -0.25471 -0.83294 0.47818 -0.27847 -0.83605 0.46478 -0.29157 -0.82186 0.46726 -0.32592 -0.82375 0.45458 -0.33881 -0.80007 0.45776 -0.38775 -0.79676 0.46158 -0.39001 -0.80596 0.46448 -0.367 -0.81365 0.44987 -0.36823 -0.80481 0.45635 -0.37952 -0.81402 0.43942 -0.37984 -0.80332 0.44403 -0.39689 -0.8081 0.43604 -0.39604 -0.79796 0.43969 -0.41222 -0.7975 0.44037 -0.41238 -0.7902 0.44425 -0.42217 -0.7887 0.44632 -0.42279 -0.7808 0.45008 -0.43332 -0.77355 0.45928 -0.43667 -0.78435 0.46134 -0.41469 -0.76042 0.47066 -0.44748 -0.76725 0.47071 -0.4356 -0.7481 0.48588 -0.45196 -0.74542 0.48585 -0.45641 -0.72566 0.50143 -0.47115 -0.72516 0.5014 -0.47196 -0.70771 0.5106 -0.48829 -0.70056 0.69531 -0.16051 -0.69637 0.6983 -0.1657 -0.68931 0.69821 -0.19326 -0.68646 0.69995 -0.19711 -0.68382 0.69813 -0.21214 -0.6777 0.6989 -0.22863 -0.67995 0.69455 -0.23509 -0.66801 0.69701 -0.26065 -0.66875 0.69496 -0.26421 -0.66294 0.68963 -0.29141 -0.65879 0.69632 -0.28483 -0.66042 0.68369 -0.31051 0.41545 0.18721 -0.89015 0.03659 0.2201 -0.97479 0.66698 0.32079 -0.67249 -0.75787 0.3593 -0.54455 -0.78641 0.35924 -0.5025 -0.46046 0.44519 -0.76797 0.69669 0.39138 -0.60121 0.23105 0.14884 -0.96149 -0.32424 0.216 -0.92098 -0.29196 0.16359 -0.94234 -0.34529 0.16915 -0.92313 -0.3806 0.19198 -0.90459 -0.07441 0.11885 -0.99012 -0.08478 0.11934 -0.98923 -0.11521 0.12829 -0.98502 -0.12911 0.12784 -0.98336 -0.17292 0.13777 -0.97525 -0.17397 0.13783 -0.97506 -0.22834 0.14648 -0.9625 -0.04861 0.11098 -0.99263 -0.04838 0.11103 -0.99264 -0.06649 0.11592 -0.99103 0.01746 0.13945 -0.99008 0.01741 0.10931 -0.99386 -0.00698 0.10594 -0.99435 0.05285 0.11242 -0.99225 0.07445 0.11779 -0.99024 0.07103 0.11805 -0.99046 0.11531 0.1252 -0.98541 0.10057 0.12759 -0.98672 0.38893 0.22186 -0.89416 0.34807 0.19357 -0.91727 0.3555 0.19444 -0.91423 0.37596 0.23451 -0.89647 0.32987 0.21222 -0.91986 0.30035 0.21488 -0.92931 0.30459 0.20849 -0.92938 0.61474 0.30974 -0.72537 0.56354 0.32925 -0.75764 0.5624 0.3198 -0.76252 0.72634 0.35568 -0.58816 0.78914 0.35849 -0.49874 0.80268 0.33841 -0.4911 0.81634 0.35302 -0.45713 0.85536 0.31863 -0.40845 0.81103 0.36511 -0.45708 0.81581 0.35711 -0.45489 0.80703 0.35509 -0.47181 0.8311 0.34354 -0.43733 0.85066 0.33009 -0.40917 0.85591 0.33124 -0.39711 0.88423 0.32115 -0.33911 0.65846 0.41089 -0.63055 0.5589 0.42959 -0.70928 0.44616 0.44586 -0.77598 0.49373 0.43432 -0.75339 0.32112 0.45964 -0.82801 0.31637 0.4593 -0.83003 0.26849 0.46416 -0.84408 0.21516 0.46145 -0.86068 0.19958 0.46604 -0.86196 -0.01339 0.47259 -0.88118 0.01041 0.47261 -0.88121 0.0729 0.4685 -0.88045 0.07724 0.4697 -0.87944 0.14443 0.47016 -0.87068 -0.20055 0.46365 -0.86302 -0.17625 0.46796 -0.866 -0.1243 0.47129 -0.87318 -0.38084 0.45473 -0.8051 -0.38746 0.45284 -0.803 -0.31635 0.46097 -0.82911 -0.33605 0.45537 -0.82444 -0.30901 0.45983 -0.83251 -0.75465 0.37636 -0.53745 -0.7349 0.38396 -0.55902 -0.72238 0.38695 -0.5731 -0.70029 0.39736 -0.59304 -0.67371 0.4026 -0.6197 -0.84939 0.33125 -0.41087 -0.82272 0.34919 -0.44856 -0.87705 0.32659 -0.3523 -0.8471 0.33322 -0.41399 -0.84366 0.3464 -0.41018 -0.84226 0.34381 -0.4152 -0.75765 0.35529 -0.54748 -0.69053 0.34893 -0.63358 -0.65442 0.33778 -0.67649 -0.61748 0.32987 -0.71408 -0.49128 0.32603 -0.80768 -0.52524 0.31573 -0.79021 -0.48817 0.28779 -0.82393 -0.52578 0.30071 -0.79569 -0.5263 0.30811 -0.79251 -0.33121 0.21334 -0.91912 -0.37844 0.23397 -0.89557 -0.37756 0.24607 -0.89269 -0.44943 0.26766 -0.85227 -0.44912 0.27514 -0.85005 -0.44953 0.27102 -0.85116 -0.48689 0.28429 -0.8259 -0.487 0.29232 -0.82303 0.47354 0.41418 -0.77731 0.50712 0.41405 -0.75591 0.53486 0.4076 -0.74013 0.44055 0.38906 -0.80904 0.47573 0.39075 -0.78803 0.50328 0.38572 -0.77326 0.53734 0.38652 -0.74958 0.56715 0.37996 -0.73073 0.76468 0.3548 -0.53795 0.7646 0.35514 -0.53783 0.78438 0.35882 -0.50596 0.78406 0.3602 -0.50547 0.77939 0.35988 -0.51287 0.73428 0.36969 -0.56935 0.697 0.40267 -0.59334 0.70117 0.38214 -0.60194 0.70205 0.38159 -0.60126 0.7059 0.36198 -0.60883 0.74321 0.34841 -0.57118 0.743 0.34943 -0.57084 0.77319 0.33902 -0.53595 0.75666 0.36174 -0.54461 0.37753 0.36066 -0.85288 0.44212 0.36715 -0.81837 0.46954 0.36335 -0.80468 0.50517 0.36603 -0.78155 0.53629 0.36072 -0.76307 0.56931 0.36255 -0.73786 0.60126 0.35591 -0.71542 0.63119 0.33688 -0.69865 0.60054 0.42328 -0.67837 0.62077 0.41635 -0.6643 0.62401 0.39672 -0.67322 0.65267 0.38746 -0.65108 0.65542 0.37125 -0.65773 0.68178 0.36315 -0.63506 0.68397 0.35091 -0.63957 0.71974 0.34034 -0.6051 0.71924 0.34282 -0.60429 0.75473 0.33291 -0.56529 0.71857 0.36634 -0.59115 0.03237 0.20013 -0.97923 0.02858 0.18168 -0.98294 0.02521 0.16427 -0.98609 0.02229 0.16592 -0.98589 0.02224 0.1409 -0.98977 0.04875 0.14124 -0.98877 0.04858 0.10343 -0.99345 0.02901 0.11347 -0.99312 0.07461 0.14373 -0.9868 0.13053 0.146 -0.98064 0.11544 0.15431 -0.98126 0.17305 0.1574 -0.97225 0.17311 0.13247 -0.97595 0.14917 0.13483 -0.97958 0.54295 0.28555 -0.78972 0.61036 0.28059 -0.74076 0.5739 0.30548 -0.75982 0.5951 0.3042 -0.74385 0.59548 0.30177 -0.74454 0.54183 0.30337 -0.78383 0.53331 0.30756 -0.78803 0.47661 0.27857 -0.83381 0.51064 0.27705 -0.81393 0.51134 0.26998 -0.81587 0.5791 0.26701 -0.77029 0.54249 0.29128 -0.78795 0.56034 0.29075 -0.77555 0.56075 0.28786 -0.77634 0.48975 0.28776 -0.82301 0.49119 0.28634 -0.82264 0.40164 0.27113 -0.87474 0.44318 0.27003 -0.85479 0.4438 0.26116 -0.85722 0.47896 0.26047 -0.8383 0.47956 0.2535 -0.84009 0.54722 0.25227 -0.79807 0.51073 0.27589 -0.81427 0.52557 0.27584 -0.8048 0.52593 0.27293 -0.80555 0.44545 0.27082 -0.85337 0.44296 0.24815 -0.86152 0.34847 0.25678 -0.90146 0.37524 0.24453 -0.89409 0.25922 0.15975 -0.95251 0.2928 0.15998 -0.9427 0.29234 0.17734 -0.93973 0.25293 0.1753 -0.95147 0.25276 0.18535 -0.94961 0.21574 0.18371 -0.95901 0.21565 0.19517 -0.95677 0.14817 0.19245 -0.97006 0.16822 0.18197 -0.96881 0.09748 0.17978 -0.97886 0.11169 0.17218 -0.97871 0.07153 0.1664 -0.98346 0.06288 0.17116 -0.98323 0.06274 0.14565 -0.98734 0.09722 0.1465 -0.98442 0.04603 0.1598 -0.98608 0.14807 0.16382 -0.97532 0.13064 0.17316 -0.97619 0.19327 0.17614 -0.96521 0.19333 0.16459 -0.96723 0.22842 0.16644 -0.95923 0.22868 0.14514 -0.96262 0.19584 0.14643 -0.96964 0.02525 0.18348 -0.9827 0.08156 0.18392 -0.97955 0.07165 0.18921 -0.97932 0.12828 0.19015 -0.97334 0.11189 0.1987 -0.97365 0.19116 0.20063 -0.96083 0.16829 0.21232 -0.9626 0.24044 0.2146 -0.94665 0.24057 0.20312 -0.94914 0.27875 0.20442 -0.93836 0.27898 0.19434 -0.94043 0.32061 0.19603 -0.9267 0.32089 0.18793 -0.92828 0.35374 0.18952 -0.91594 0.35472 0.16582 -0.92015 0.25527 0.17697 -0.95054 0.29294 0.16524 -0.94174 0.03242 0.22221 -0.97446 0.1056 0.22233 -0.96923 0.09306 0.22865 -0.96905 0.16833 0.229 -0.95876 0.14737 0.23943 -0.95967 0.24555 0.24 -0.93921 0.21692 0.25419 -0.94252 0.29767 0.25475 -0.92005 0.29792 0.24284 -0.92319 0.33636 0.24312 -0.90981 0.33672 0.23281 -0.91237 0.37988 0.23337 -0.89511 0.38031 0.22485 -0.89711 0.41606 0.22554 -0.88092 0.41647 0.21914 -0.88234 0.48227 0.22064 -0.84778 0.44597 0.2434 -0.86131 0.02862 0.2021 -0.97895 0.09292 0.20242 -0.97488 0.08169 0.20824 -0.97466 0.14718 0.20899 -0.96678 0.12848 0.21849 -0.96734 0.21699 0.21992 -0.95108 0.19119 0.23287 -0.95353 0.26779 0.23445 -0.93452 0.26797 0.22285 -0.9373 0.3066 0.22369 -0.92518 0.30688 0.21353 -0.92749 0.34974 0.21472 -0.91191 0.35009 0.20641 -0.91369 0.38489 0.20762 -0.89931 0.38521 0.20162 -0.90053 0.44917 0.20416 -0.86981 0.41271 0.22678 -0.88218 0.33016 0.26302 -0.90654 0.36797 0.2626 -0.89199 0.36842 0.25208 -0.89483 0.41107 0.25187 -0.87612 0.41159 0.24316 -0.87833 0.44741 0.24321 -0.86062 0.44791 0.23648 -0.86224 0.51493 0.23673 -0.82389 0.47859 0.25983 -0.83871 0.49082 0.26006 -0.83154 0.49244 0.24491 -0.83518 0.47639 0.24973 -0.84302 0.42121 0.22725 -0.87803 0.42235 0.21281 -0.8811 0.37856 0.20992 -0.90146 0.38029 0.18099 -0.90698 0.32668 0.1668 -0.9303 -0.32964 0.25451 -0.90915 -0.29682 0.26306 -0.91799 -0.40115 0.26194 -0.87776 -0.36668 0.27168 -0.8898 -0.47609 0.26883 -0.8373 -0.44124 0.27979 -0.85266 -0.54471 0.2752 -0.79219 -0.51022 0.28732 -0.81063 -0.59341 0.3044 -0.74512 -0.6034 0.28893 -0.74325 -0.55686 0.31155 -0.76997 -0.56207 0.27539 -0.7799 -0.52358 0.28813 -0.80178 -0.52705 0.26048 -0.80893 -0.48904 0.27229 -0.82867 -0.26752 0.21517 -0.93922 -0.23989 0.22204 -0.94507 -0.33624 0.22413 -0.91472 -0.30567 0.23216 -0.9234 -0.41099 0.23352 -0.88122 -0.37834 0.24285 -0.89324 -0.48105 0.24299 -0.84234 -0.44719 0.25361 -0.85773 -0.29743 0.2347 -0.92545 -0.26709 0.24237 -0.9327 -0.36792 0.24309 -0.89752 -0.33526 0.25193 -0.90782 -0.44323 0.25142 -0.86043 -0.40932 0.26153 -0.87411 -0.51297 0.2595 -0.81824 -0.47864 0.27085 -0.83519 -0.24019 0.19595 -0.95074 -0.21522 0.20211 -0.95542 -0.30644 0.20519 -0.92951 -0.278 0.21251 -0.93678 -0.37973 0.21534 -0.89969 -0.3484 0.22401 -0.91019 -0.44926 0.22595 -0.86436 -0.41593 0.23595 -0.87826 -0.20022 0.14675 -0.9687 -0.23505 0.14911 -0.96048 -0.29211 0.16102 -0.94273 -0.29807 0.16121 -0.94083 -0.35446 0.18388 -0.91681 -0.38098 0.18542 -0.9058 -0.04137 0.14116 -0.98912 -0.04873 0.13687 -0.98939 -0.08491 0.13785 -0.98681 -0.07457 0.14373 -0.9868 -0.13034 0.146 -0.98066 -0.11531 0.15431 -0.98127 -0.19309 0.15837 -0.96832 -0.17283 0.16342 -0.9713 -0.25262 0.16762 -0.95294 -0.22797 0.17388 -0.95802 -0.32039 0.17864 -0.93029 -0.29141 0.18634 -0.93827 -0.38628 0.19092 -0.9024 -0.35371 0.20005 -0.91371 -0.41547 0.20296 -0.88668 -0.41481 0.21236 -0.88478 0.65504 0.33838 -0.67559 0.61506 0.31747 -0.72175 0.63721 0.3152 -0.70329 0.60807 0.29684 -0.7363 0.57401 0.30021 -0.76183 0.54213 0.29295 -0.78758 0.50952 0.29536 -0.80818 0.47586 0.28786 -0.83108 0.43587 0.28994 -0.85203 0.40106 0.28216 -0.87151 0.36425 0.28337 -0.88714 0.3298 0.27554 -0.90294 0.27642 0.27633 -0.92045 0.24546 0.26153 -0.93346 0.19162 0.26186 -0.94589 0.16844 0.25073 -0.95329 0.11956 0.25085 -0.96061 0.1057 0.24416 -0.96396 0.04122 0.24425 -0.96884 0.03663 0.24203 -0.96958 -0.03668 0.24203 -0.96958 -0.03664 0.2201 -0.97479 -0.03246 0.22221 -0.97446 -0.03241 0.20013 -0.97923 -0.02865 0.2021 -0.97895 -0.02861 0.18168 -0.98294 -0.02528 0.18348 -0.9827 -0.02524 0.16427 -0.98609 -0.02231 0.16591 -0.98589 -0.02226 0.13944 -0.98998 -0.01747 0.14083 -0.98988 -0.01742 0.10916 -0.99387 -0.02935 0.10897 -0.99361 -0.78408 0.36116 -0.50476 -0.7846 0.35894 -0.50554 -0.82078 0.34007 -0.45899 -0.78608 0.36569 -0.49834 -0.82364 0.32835 -0.4624 -0.76513 0.35482 -0.53729 -0.76502 0.3553 -0.53713 -0.70232 0.38181 -0.60081 -0.72662 0.36623 -0.5813 -0.65083 0.39443 -0.64872 -0.6781 0.37877 -0.62985 -0.59377 0.40585 -0.69478 -0.75607 0.3665 -0.54224 -0.799 0.32916 -0.50325 -0.74365 0.3494 -0.57 -0.74384 0.3485 -0.57031 -0.68082 0.37042 -0.63188 -0.70753 0.35484 -0.61114 -0.62626 0.3797 -0.6809 -0.65595 0.36425 -0.6611 -0.56537 0.38784 -0.72796 -0.59856 0.37248 -0.70921 -0.5018 0.39365 -0.77022 -0.69449 0.33491 -0.63681 -0.6952 0.33113 -0.638 -0.63037 0.34559 -0.69513 -0.66133 0.3306 -0.67331 -0.56957 0.34838 -0.74446 -0.60317 0.33396 -0.72433 -0.50166 0.35005 -0.79108 -0.53794 0.33628 -0.773 -0.43301 0.34958 -0.83084 -0.47076 0.33678 -0.81545 -0.37749 0.34632 -0.85882 -0.55462 0.43443 -0.7097 -0.50405 0.43858 -0.74403 -0.50773 0.40687 -0.75939 -0.4124 0.42547 -0.80554 -0.41528 0.38575 -0.82385 -0.32495 0.39708 -0.85834 -0.6061 0.42126 -0.67467 -0.5631 0.43096 -0.70512 -0.56751 0.39936 -0.72003 -0.47246 0.42142 -0.77407 -0.47602 0.38312 -0.79159 -0.38044 0.39759 -0.83498 -0.69057 0.35204 -0.63181 -0.68861 0.36091 -0.62894 -0.74445 0.32354 -0.58404 -0.73634 0.33841 -0.5859 -0.72007 0.34277 -0.60333 -0.72055 0.34038 -0.60411 -0.65675 0.35833 -0.66353 -0.68575 0.34294 -0.64199 -0.59903 0.36431 -0.71305 -0.6309 0.34927 -0.69281 -0.53446 0.36915 -0.76031 -0.5695 0.35451 -0.74162 -0.46806 0.37171 -0.80172 -0.50523 0.35785 -0.78529 -0.37611 0.37475 -0.84741 -0.50729 0.43771 -0.74234 -0.44258 0.45233 -0.77429 -0.44641 0.41278 -0.79394 -0.38328 0.42357 -0.82078 -0.32381 0.42012 -0.84773 -0.31873 0.42173 -0.84886 -0.21637 0.43209 -0.87549 -0.21483 0.4705 -0.85585 -0.25593 0.45168 -0.85469 -0.64545 0.41403 -0.64185 -0.62041 0.41672 -0.66441 -0.62475 0.38996 -0.67648 -0.53343 0.415 -0.73704 -0.53767 0.37884 -0.75325 -0.43947 0.39674 -0.80589 -0.44332 0.33824 -0.8301 -0.38246 0.35892 -0.85141 -0.29787 0.36681 -0.88132 -0.29715 0.38856 -0.87219 -0.20044 0.39619 -0.89602 -0.19963 0.42702 -0.88193 -0.07338 0.43332 -0.89825 -0.07299 0.46592 -0.88181 -0.05982 0.46905 -0.88114 -0.65441 0.34766 -0.67148 -0.67461 0.32454 -0.663 -0.66719 0.3257 -0.66991 -0.66805 0.32082 -0.67141 -0.60211 0.33217 -0.72603 -0.63458 0.31778 -0.7045 -0.53848 0.33197 -0.77449 -0.57321 0.31834 -0.75504 -0.46776 0.33069 -0.81966 -0.50455 0.31792 -0.80272 -0.39757 0.32754 -0.85712 -0.43509 0.31585 -0.84317 -0.34273 0.3223 -0.88242 -0.34239 0.33335 -0.87843 -0.27029 0.338 -0.9015 -0.26991 0.35713 -0.89421 -0.1839 0.36212 -0.91381 -0.18343 0.39046 -0.90216 -0.06808 0.3949 -0.9162 -0.06779 0.43139 -0.89962 0.06774 0.43139 -0.89962 0.07333 0.43332 -0.89825 0.19953 0.42704 -0.88194 0.21629 0.43212 -0.87549 0.32386 0.42111 -0.84722 0.31874 0.41973 -0.84984 0.3835 0.42356 -0.82069 0.38107 0.45457 -0.80508 0.39732 0.456 -0.79637 0.63268 0.32708 -0.70195 0.60285 0.32289 -0.7296 0.57334 0.32728 -0.75111 0.54078 0.32262 -0.77684 0.50476 0.32688 -0.79898 0.46949 0.32156 -0.8223 0.43542 0.32464 -0.83965 0.39887 0.31874 -0.85983 0.34347 0.32221 -0.88216 0.3091 0.30819 -0.89971 0.24311 0.31091 -0.91882 0.2166 0.29982 -0.92908 0.15051 0.30148 -0.94152 0.13459 0.29464 -0.94608 0.05148 0.29567 -0.9539 0.04622 0.29335 -0.95489 -0.04627 0.29335 -0.95488 -0.04626 0.26856 -0.96215 -0.11969 0.26809 -0.95593 -0.11964 0.25085 -0.9606 -0.16829 0.25072 -0.95332 -0.16818 0.229 -0.95879 -0.14724 0.23942 -0.95969 -0.14705 0.20898 -0.9668 -0.12838 0.21849 -0.96736 -0.12817 0.19015 -0.97335 -0.11179 0.1987 -0.97366 -0.1116 0.17217 -0.97873 -0.09741 0.17978 -0.97887 0.60311 0.34235 -0.72046 0.57187 0.33944 -0.74683 0.53798 0.34485 -0.76919 0.50347 0.34119 -0.79379 0.47093 0.34534 -0.81177 0.43442 0.34092 -0.8337 0.37818 0.34621 -0.85856 0.34312 0.33331 -0.87817 0.27045 0.338 -0.90145 0.24294 0.32745 -0.91311 0.16704 0.33049 -0.92891 0.15043 0.32385 -0.93407 0.05697 0.32569 -0.94376 0.05147 0.3234 -0.94486 -0.05152 0.3234 -0.94486 -0.05154 0.29567 -0.9539 -0.13468 0.29464 -0.94607 -0.13468 0.27494 -0.95198 -0.19147 0.27421 -0.94241 -0.19146 0.26186 -0.94593 -0.24485 0.26154 -0.93362 -0.24494 0.24 -0.93936 -0.21639 0.2542 -0.94263 -0.21647 0.21992 -0.9512 -0.19075 0.23287 -0.95362 -0.19073 0.20063 -0.96092 -0.16794 0.21232 -0.96266 -0.16787 0.18196 -0.96887 -0.1479 0.19244 -0.9701 0.32505 0.39708 -0.85829 0.29729 0.38858 -0.87214 0.20035 0.39621 -0.89603 0.18333 0.39048 -0.90217 0.06803 0.3949 -0.9162 0.06237 0.39281 -0.9175 -0.06243 0.39281 -0.9175 -0.06259 0.35883 -0.9313 -0.16692 0.35587 -0.91951 -0.16715 0.33048 -0.9289 -0.24277 0.32743 -0.91316 -0.24294 0.31091 -0.91887 -0.30838 0.30822 -0.89995 -0.30857 0.29891 -0.90302 -0.39914 0.29506 -0.86812 -0.36259 0.30564 -0.8804 -0.47013 0.29933 -0.83029 -0.43351 0.31107 -0.84576 -0.54166 0.30225 -0.78438 -0.50635 0.315 -0.80273 -0.60596 0.30427 -0.73501 -0.57239 0.31794 -0.75583 -0.63932 0.30937 -0.70396 -0.63837 0.31519 -0.70224 -0.62047 0.31705 -0.71728 -0.61741 0.33446 -0.712 0.70088 0.33345 -0.63054 0.69352 0.33496 -0.63784 0.69425 0.3311 -0.63905 0.65946 0.33931 -0.6708 0.65765 0.3503 -0.66692 0.63062 0.357 -0.68911 0.62833 0.37198 -0.68325 0.59811 0.3799 -0.70565 0.59542 0.39862 -0.69755 0.56685 0.4065 -0.71655 0.56356 0.42968 -0.70554 0.50399 0.44036 -0.74302 0.44189 0.4609 -0.76962 0.44608 0.41952 -0.79058 0.41347 0.41873 -0.80853 0.41535 0.39286 -0.82045 0.38157 0.39048 -0.83781 0.38317 0.35886 -0.85112 0.29801 0.36681 -0.88127 0.27007 0.35714 -0.89415 0.1838 0.36214 -0.91382 0.16681 0.35588 -0.91952 0.06253 0.35883 -0.9313 0.05689 0.35662 -0.93252 -0.05695 0.35662 -0.93251 -0.05703 0.32569 -0.94375 -0.15053 0.32384 -0.93406 -0.15061 0.30147 -0.94151 -0.21644 0.29981 -0.92912 -0.21649 0.2855 -0.93361 -0.27565 0.28421 -0.91828 -0.27574 0.27636 -0.92065 -0.36374 0.27462 -0.8901 -0.3288 0.28415 -0.90064 -0.43543 0.28068 -0.85535 -0.39961 0.29139 -0.86914 -0.50909 0.28575 -0.8119 -0.47375 0.29761 -0.82885 -0.57585 0.29009 -0.76436 -0.54161 0.303 -0.78412 -0.60929 0.29689 -0.73527 -0.61159 0.28063 -0.73973 -0.57515 0.3055 -0.75886 -0.58036 0.26707 -0.76932 -0.54374 0.29132 -0.78707 -0.54848 0.25233 -0.79718 -0.51195 0.27595 -0.81349 -0.51616 0.2368 -0.82311 -0.47976 0.2599 -0.83802 -0.4813 0.24465 -0.84172 -0.49205 0.24494 -0.8354 -0.47605 0.24974 -0.84321 -0.39011 0.24501 -0.88757 -0.35955 0.25199 -0.89846 0.6919 0.34876 -0.63217 0.65897 0.3268 -0.67747 0.6661 0.32573 -0.67097 0.63816 0.30933 -0.70503 0.60407 0.31404 -0.73245 0.57302 0.30822 -0.75937 0.54196 0.31159 -0.78051 0.50858 0.30539 -0.80504 0.47048 0.30853 -0.82672 0.43512 0.30182 -0.84828 0.39959 0.30391 -0.86485 0.36375 0.29687 -0.88292 0.30929 0.29885 -0.90279 0.27633 0.2842 -0.91808 0.21666 0.2855 -0.93357 0.19163 0.27422 -0.94238 0.13459 0.27495 -0.95199 0.11961 0.2681 -0.95594 0.0462 0.26856 -0.96215 0.04125 0.26627 -0.96302 -0.0413 0.26627 -0.96301 -0.04127 0.24425 -0.96883 -0.10578 0.24416 -0.96395 -0.10567 0.22233 -0.96923 -0.09311 0.22865 -0.96905 -0.09297 0.20242 -0.97488 -0.08173 0.20824 -0.97466 -0.0816 0.18392 -0.97955 -0.07168 0.18921 -0.97932 -0.07155 0.1664 -0.98346 -0.06289 0.17116 -0.98323 -0.06281 0.15402 -0.98607 -0.09723 0.15483 -0.98314 -0.08507 0.16154 -0.98319 -0.1478 0.16381 -0.97536 -0.13045 0.17316 -0.97622 -0.21543 0.17704 -0.96034 -0.19295 0.18259 -0.96407 -0.27859 0.18635 -0.94216 -0.25216 0.19309 -0.94822 -0.34953 0.19703 -0.91597 -0.31948 0.20515 -0.92512 -0.41768 0.20856 -0.88433 -0.38482 0.21806 -0.89687 -0.44908 0.22008 -0.86596 -0.44838 0.22864 -0.86411 -0.42086 0.22725 -0.8782 -0.422 0.21281 -0.88127 -0.41368 0.2151 -0.88465 -0.36104 0.19578 -0.91177 0.88076 0.36818 -0.29783 0.94123 0.25398 -0.22266 0.71968 0.43911 -0.53781 0.26685 0.24217 -0.93281 0.42389 0.303 -0.85352 0.48544 0.30831 -0.8181 0.56288 0.30988 -0.76625 0.61444 0.28948 -0.73394 0.68153 0.26848 -0.68076 0.3295 0.21119 -0.92023 0.38036 0.22194 -0.89781 0.41956 0.22546 -0.87928 0.4857 0.23168 -0.84287 0.58227 0.23823 -0.77731 0.70114 0.25313 -0.66658 0.72361 0.25645 -0.6408 0.25628 0.24209 -0.9358 0.25611 0.24308 -0.93558 0.25062 0.23022 -0.94031 0.25084 0.24077 -0.93761 0.23968 0.18236 -0.95357 0.26753 0.24033 -0.9331 0.2564 0.24195 -0.9358 0.25643 0.24194 -0.93579 0.27879 0.25842 -0.92493 0.27954 0.2571 -0.92507 0.27955 0.24752 -0.92768 0.26698 0.24937 -0.93088 0.26747 0.24898 -0.93084 0.36917 0.31791 -0.8733 0.36707 0.32033 -0.8733 0.34353 0.30015 -0.88989 0.34309 0.30208 -0.8894 0.32377 0.28501 -0.90219 0.32369 0.28752 -0.90142 0.30755 0.27192 -0.91185 0.30736 0.27563 -0.9108 0.29403 0.26075 -0.91954 0.29483 0.25721 -0.92028 0.40902 0.34048 -0.84663 0.39109 0.34567 -0.85297 0.39031 0.33735 -0.85665 0.51444 0.41368 -0.75115 0.68198 0.45432 -0.57315 0.62639 0.46471 -0.62584 0.63295 0.44739 -0.63183 0.57156 0.45364 -0.68376 0.58052 0.44992 -0.67865 0.68621 0.47044 -0.5548 0.68606 0.4708 -0.55468 0.68602 0.47092 -0.55462 0.76007 0.46816 -0.4507 0.76142 0.46515 -0.45152 0.79495 0.42649 -0.43146 0.79498 0.45909 -0.39654 0.86586 0.42727 -0.26025 0.89557 0.40172 -0.19124 0.95105 0.28419 -0.12141 0.90259 0.38523 -0.19217 0.89893 0.3937 -0.19217 0.97241 0.20579 -0.10986 0.94456 0.24524 -0.21832 0.94651 0.24582 -0.20903 0.95813 0.23619 -0.16186 0.92558 0.27595 -0.25916 0.93783 0.26175 -0.22795 0.91272 0.29276 -0.28502 0.91545 0.28998 -0.27903 0.90418 0.3029 -0.30117 0.8534 0.32519 -0.40738 0.76786 0.36653 -0.5254 0.87932 0.31568 -0.35658 0.86217 0.32769 -0.38637 0.86122 0.33098 -0.38568 0.50726 0.3845 -0.77126 0.80792 0.32857 -0.48919 0.4856 0.36661 -0.79359 0.7454 0.33562 -0.57597 0.53047 0.34655 -0.77363 0.59039 0.31899 -0.74141 0.58909 0.32828 -0.73838 0.6421 0.32588 -0.69391 0.61491 0.34121 -0.71096 0.66905 0.31061 -0.6752 0.29522 0.2962 -0.90836 0.75553 0.25927 -0.60162 0.75804 0.24479 -0.60453 0.78628 0.24224 -0.5684 0.74243 0.24252 -0.62448 0.74293 0.24249 -0.6239 0.69903 0.2416 -0.67305 0.65067 0.24103 -0.7201 0.87178 0.25047 -0.42102 0.80585 0.25548 -0.53416 0.76291 0.25925 -0.59225 0.39024 0.26328 -0.88227 0.50932 0.27108 -0.81677 0.58946 0.27284 -0.76033 0.58795 0.28693 -0.7563 0.70024 0.2701 -0.66085 0.73132 0.26125 -0.63001 0.72879 0.27538 -0.62692 0.76501 0.25908 -0.5896 0.76116 0.28026 -0.58488 0.78547 0.26881 -0.55748 0.44783 0.25387 -0.85732 0.61265 0.26022 -0.74629 0.56242 0.25934 -0.78513 0.56113 0.27306 -0.78139 0.6754 0.27232 -0.68533 0.67368 0.28476 -0.68196 0.875 0.26153 -0.4074 0.86219 0.27995 -0.42221 0.86498 0.2669 -0.42493 0.83844 0.27245 -0.47201 0.84112 0.25881 -0.47491 0.78192 0.2671 -0.56326 0.78378 0.25633 -0.56567 0.69656 0.26135 -0.6682 0.69817 0.25014 -0.67081 0.60214 0.24948 -0.75842 0.6034 0.23869 -0.76088 0.55091 0.23576 -0.80057 0.8742 0.28566 -0.39265 0.87402 0.2864 -0.3925 0.85886 0.28369 -0.42647 0.85847 0.28542 -0.42611 0.83221 0.27838 -0.47951 0.81626 0.28709 -0.5013 0.81727 0.28221 -0.50242 0.82685 0.341 -0.44725 0.79697 0.35875 -0.48594 0.80298 0.33998 -0.48953 0.77747 0.35421 -0.51968 0.78216 0.33824 -0.52328 0.75859 0.3508 -0.54907 0.76267 0.33558 -0.55292 0.73978 0.34738 -0.57624 0.74335 0.33281 -0.58023 0.72013 0.34447 -0.60229 0.72342 0.32981 -0.60654 0.69908 0.34178 -0.62807 0.7022 0.32666 -0.63261 0.67619 0.33925 -0.65397 0.67918 0.32364 -0.65877 0.65124 0.33698 -0.67994 0.65415 0.32075 -0.68499 0.62421 0.33494 -0.70581 0.6271 0.31795 -0.71109 0.59521 0.33305 -0.7313 0.59818 0.31505 -0.73684 0.56448 0.33113 -0.75612 0.56741 0.31329 -0.76151 0.5262 0.32605 -0.78537 0.87777 0.31478 -0.36114 0.85643 0.33227 -0.39514 0.8613 0.31667 -0.39735 0.84198 0.33148 -0.42566 0.84612 0.31744 -0.42814 0.82685 0.33148 -0.45436 0.83085 0.31707 -0.45734 0.81072 0.33111 -0.48281 0.81459 0.31624 -0.48625 0.79281 0.33085 -0.51184 0.79675 0.31475 -0.51587 0.77268 0.33036 -0.54205 0.77673 0.31269 -0.54673 0.74994 0.32954 -0.57357 0.75407 0.31034 -0.57885 0.72438 0.32855 -0.60608 0.7286 0.30772 -0.61193 0.696 0.32732 -0.63909 0.70035 0.30475 -0.64548 0.66501 0.32576 -0.67204 0.66956 0.30122 -0.67894 0.63174 0.32367 -0.70437 0.63401 0.31161 -0.70777 0.58305 0.31611 -0.74842 0.30554 0.21544 -0.92748 0.4165 0.2377 -0.87751 0.41884 0.23789 -0.87635 0.44861 0.24047 -0.86077 0.53526 0.24565 -0.80818 0.5341 0.259 -0.80477 0.65276 0.26096 -0.7112 0.65116 0.27353 -0.70793 0.73907 0.26947 -0.61738 0.73623 0.28681 -0.61295 0.77327 0.28289 -0.56747 0.77012 0.29958 -0.56317 0.78652 0.29706 -0.54143 0.78432 0.30758 -0.53874 0.79971 0.30455 -0.5174 0.79742 0.3146 -0.51493 0.12904 0.25433 -0.95847 0.65262 0.29731 -0.69692 0.53988 0.3008 -0.78616 0.64315 0.29879 -0.70505 0.64114 0.31255 -0.70089 0.67002 0.31104 -0.67404 0.66786 0.32367 -0.67023 0.69708 0.32104 -0.6411 0.69474 0.33287 -0.63759 0.72423 0.32893 -0.60605 0.72166 0.34031 -0.60282 0.75142 0.33477 -0.56859 0.7487 0.34544 -0.56579 0.77856 0.33803 -0.52876 0.77633 0.34593 -0.52691 0.81972 0.33302 -0.46601 0.79452 0.34397 -0.50042 0.7928 0.34946 -0.49935 0.92333 0.2782 -0.26471 0.91307 0.2886 -0.28812 0.91536 0.28045 -0.28891 0.90529 0.28978 -0.31059 0.90762 0.28121 -0.31168 0.89627 0.29091 -0.33476 0.89885 0.28103 -0.33629 0.88565 0.29143 -0.36151 0.88685 0.28669 -0.36236 0.91295 0.28868 -0.28842 0.89847 0.30446 -0.31632 0.90226 0.29155 -0.31768 0.8883 0.30582 -0.34264 0.89192 0.29303 -0.3444 0.87679 0.30769 -0.36956 0.88066 0.29342 -0.37195 0.8637 0.30906 -0.39813 0.86782 0.29315 -0.40119 0.84836 0.31027 -0.42897 0.85287 0.29198 -0.43285 0.83035 0.31093 -0.46242 0.83526 0.28992 -0.46721 0.80927 0.3109 -0.49842 0.81449 0.28729 -0.50406 0.78484 0.31036 -0.53638 0.79032 0.2841 -0.54284 0.75703 0.30923 -0.57558 0.76278 0.28025 -0.58278 0.72602 0.3074 -0.61514 0.73208 0.27552 -0.62301 0.69221 0.30466 -0.65424 0.69714 0.27848 -0.66064 0.64691 0.30123 -0.70054 0.91196 0.28886 -0.29137 0.91273 0.28624 -0.29154 0.9047 0.29067 -0.3115 0.90582 0.28667 -0.31195 0.8989 0.28977 -0.32867 0.90005 0.28546 -0.32927 0.89253 0.28811 -0.34697 0.8937 0.2835 -0.34773 0.88494 0.2858 -0.3677 0.88606 0.28119 -0.36856 0.87542 0.28306 -0.39181 0.87652 0.27831 -0.39276 0.86349 0.27955 -0.41981 0.86527 0.2713 -0.42154 0.8297 0.27498 -0.48579 0.83181 0.2642 -0.48815 0.78371 0.2633 -0.56255 0.78599 0.25043 -0.56525 0.80704 0.24892 -0.53547 0.78509 0.24896 -0.56714 0.76443 0.25017 -0.5942 0.74175 0.24972 -0.62245 0.67326 0.25104 -0.69548 0.67473 0.24062 -0.69774 0.60753 0.23904 -0.75748 0.4 0.23657 -0.88546 0.37392 0.24442 -0.89467 0.53179 0.25737 -0.80682 0.2678 0.24898 -0.93075 0.48957 0.27005 -0.82909 0.41085 0.28078 -0.86739 0.50822 0.28516 -0.81265 0.54129 0.28617 -0.79064 0.61631 0.28608 -0.7337 0.61453 0.30039 -0.72947 0.71707 0.29417 -0.63188 0.71489 0.30677 -0.62834 0.73635 0.30457 -0.60418 0.73411 0.3161 -0.60097 0.75524 0.31307 -0.57584 0.75292 0.32383 -0.57293 0.79361 0.31561 -0.52017 0.7913 0.32505 -0.51786 0.8091 0.32054 -0.49256 0.80673 0.32942 -0.49058 0.82503 0.32362 -0.46325 0.82265 0.33186 -0.46164 0.8426 0.32403 -0.43014 0.84013 0.33188 -0.429 0.86079 0.32173 -0.39436 0.85863 0.3288 -0.39326 0.87973 0.31586 -0.35539 0.87856 0.31989 -0.35468 0.8946 0.30527 -0.32634 0.89597 0.30065 -0.32687 0.88613 0.3067 -0.34744 0.88772 0.30146 -0.34795 0.87793 0.30646 -0.36787 0.87964 0.30044 -0.36873 0.8721 0.30369 -0.38368 0.87386 0.29716 -0.38478 0.86651 0.29983 -0.39908 0.8683 0.29279 -0.40041 0.86043 0.29514 -0.41539 0.86219 0.28782 -0.41689 0.85317 0.28996 -0.43362 0.85485 0.28254 -0.43521 0.82453 0.28909 -0.4864 0.82747 0.27473 -0.48971 0.79759 0.2793 -0.53463 0.80044 0.26386 -0.53821 0.71788 0.27141 -0.64108 0.71961 0.25991 -0.6439 0.62735 0.26162 -0.73348 0.62881 0.24936 -0.73649 0.50673 0.24482 -0.82661 0.50777 0.23261 -0.82949 0.3978 0.22383 -0.88975 0.90958 0.30116 -0.2863 0.91356 0.2981 -0.27666 0.93276 0.27472 -0.23343 0.93225 0.27524 -0.23484 0.93799 0.26714 -0.22094 0.93561 0.26985 -0.22763 0.93591 0.26945 -0.22685 0.92747 0.27881 -0.24914 0.92509 0.28788 -0.24767 0.91453 0.29479 -0.27702 0.92081 0.28972 -0.26109 0.93236 0.27484 -0.23488 0.92878 0.27836 -0.24469 0.93553 0.27014 -0.2276 0.92523 0.28059 -0.25539 0.92509 0.28112 -0.25532 0.91341 0.29271 -0.28284 0.91234 0.29674 -0.28212 0.71965 0.40558 -0.56357 0.62411 0.40256 -0.66965 0.62459 0.40114 -0.67005 0.53214 0.38765 -0.7527 0.53346 0.38211 -0.75459 0.71931 0.44003 -0.53755 0.65848 0.45273 -0.6012 0.66476 0.43624 -0.60645 0.61152 0.44472 -0.65442 0.6148 0.43564 -0.65744 0.53502 0.42196 -0.73192 0.48852 0.42251 -0.76343 0.79134 0.41005 -0.45348 0.73995 0.43838 -0.51019 0.74532 0.42482 -0.51383 0.69016 0.43977 -0.5747 0.69605 0.42431 -0.5792 0.64728 0.43496 -0.62597 0.65031 0.42674 -0.62849 0.5412 0.41206 -0.73301 0.54246 0.40798 -0.73436 0.44379 0.38535 -0.80905 0.44217 0.37694 -0.81388 0.68739 0.46979 -0.55389 0.73646 0.44995 -0.50515 0.74211 0.43609 -0.50902 0.80132 0.42938 -0.41656 0.80311 0.42504 -0.41756 0.84541 0.38255 -0.37275 0.85711 0.40483 -0.31855 0.79023 0.40656 -0.45852 0.80229 0.37363 -0.46555 0.91904 0.30244 -0.25276 0.88206 0.32711 -0.33908 0.87261 0.35576 -0.33465 0.81928 0.3749 -0.43385 0.81392 0.38962 -0.43095 0.75417 0.39917 -0.52142 0.71725 0.41201 -0.56197 0.90006 0.33976 -0.27285 0.92382 0.3227 -0.20598 0.92799 0.3094 -0.20761 0.94041 0.28153 -0.19069 0.95765 0.26044 -0.12278 0.95043 0.30589 -0.05586 0.95002 0.3118 -0.0153 0.90383 0.29672 -0.30829 0.92324 0.3313 -0.1946 0.87329 0.36225 -0.32577 0.86725 0.35237 -0.35174 0.84613 0.40861 -0.3422 0.79881 0.45283 -0.39605 0.79614 0.45654 -0.39716 0.93684 0.25913 -0.2349 0.9513 0.2396 -0.19397 0.93417 0.26927 -0.23413 0.94037 0.26265 -0.21616 0.92282 0.28917 -0.25452 0.91273 0.29735 -0.28019 0.90208 0.33233 -0.27534 0.8515 0.35769 -0.38342 0.83893 0.39251 -0.37701 0.77161 0.40689 -0.48894 0.7707 0.4093 -0.48836 0.72135 0.42596 -0.54609 0.72678 0.41164 -0.54986 0.68268 0.42405 -0.59509 0.68541 0.41672 -0.59713 0.5827 0.40802 -0.70284 0.58358 0.4053 -0.70368 0.48731 0.3871 -0.78274 0.49034 0.37289 -0.78773 0.42278 0.36805 -0.82813 0.42359 0.36257 -0.83013 0.85647 0.35623 -0.37358 0.78521 0.37618 -0.49187 0.78376 0.38016 -0.49111 0.70435 0.38712 -0.595 0.70401 0.38809 -0.59477 0.62177 0.38399 -0.68261 0.62291 0.37989 -0.68386 0.84922 0.35061 -0.39484 0.81416 0.36203 -0.45395 0.8127 0.36614 -0.45327 0.74198 0.37715 -0.55428 0.74126 0.37916 -0.55387 0.6653 0.3795 -0.64293 0.66832 0.36916 -0.64582 0.61019 0.37581 -0.69745 0.61467 0.35705 -0.70335 0.58329 0.36534 -0.72547 0.58702 0.34657 -0.73164 0.56006 0.3537 -0.74915 0.56279 0.33722 -0.75469 0.53861 0.34366 -0.76928 0.54069 0.32882 -0.7743 0.51806 0.33492 -0.78704 0.51967 0.32136 -0.79162 0.49773 0.32736 -0.80318 0.49902 0.31495 -0.80733 0.47725 0.32098 -0.81805 0.47831 0.30956 -0.82182 0.45636 0.31571 -0.8319 0.4573 0.30515 -0.83532 0.43497 0.3115 -0.84485 0.43584 0.30164 -0.84797 0.41299 0.30824 -0.85699 0.41424 0.29475 -0.86112 0.38618 0.30077 -0.87201 0.29304 0.26038 -0.91996 0.33694 0.23846 -0.91083 0.32041 0.27626 -0.9061 0.33148 0.27087 -0.90374 0.33109 0.2782 -0.90166 0.34835 0.27454 -0.89626 0.34796 0.28339 -0.89365 0.36537 0.27975 -0.88783 0.36495 0.28986 -0.88476 0.38273 0.28618 -0.87842 0.38223 0.29764 -0.87482 0.40069 0.2939 -0.86779 0.40002 0.30683 -0.86362 0.4196 0.30296 -0.85566 0.41863 0.3175 -0.85085 0.43996 0.31343 -0.84154 0.43855 0.32976 -0.83602 0.46263 0.32535 -0.8247 0.46054 0.34381 -0.81835 0.48881 0.33885 -0.80389 0.48567 0.36002 -0.79656 0.52007 0.35423 -0.7772 0.51601 0.37526 -0.77001 0.58035 0.37435 -0.72323 0.57719 0.38667 -0.71926 0.66491 0.39543 -0.63367 0.66485 0.39561 -0.63362 0.75255 0.39336 -0.52815 0.75391 0.38963 -0.52896 0.83622 0.37282 -0.40218 0.84608 0.34411 -0.40711 0.86083 0.34335 -0.3756 0.88351 0.33219 -0.33024 0.88715 0.32078 -0.33175 0.89195 0.31803 -0.32139 0.44812 0.31517 -0.83658 0.49261 0.31698 -0.81047 0.49139 0.32611 -0.80759 0.51985 0.31539 -0.79391 0.51815 0.32835 -0.78975 0.54545 0.31821 -0.77539 0.54373 0.33108 -0.77119 0.56988 0.32145 -0.75624 0.56805 0.33445 -0.75197 0.59313 0.32525 -0.73649 0.5911 0.33853 -0.73212 0.61531 0.32965 -0.71605 0.61301 0.34336 -0.71157 0.63673 0.33463 -0.69469 0.63406 0.34887 -0.69012 0.658 0.34 -0.67188 0.6548 0.35513 -0.66718 0.67997 0.3457 -0.64663 0.67595 0.36241 -0.64168 0.70365 0.35183 -0.61733 0.69859 0.37026 -0.61228 0.73055 0.3576 -0.58174 0.72472 0.37637 -0.57717 0.77894 0.36137 -0.51251 0.77737 0.36579 -0.51176 0.82145 0.35637 -0.44521 0.85489 0.33402 -0.39699 0.87406 0.32602 -0.36019 0.89557 0.30659 -0.32243 0.91037 0.29714 -0.28798 0.92295 0.28239 -0.26158 0.92184 0.28331 -0.26447 0.9299 0.27439 -0.24495 0.9188 0.28415 -0.27399 0.91814 0.28646 -0.2738 0.90593 0.29694 -0.30186 0.90506 0.30002 -0.30142 0.89224 0.31085 -0.32753 0.88505 0.31704 -0.34084 0.80573 0.43999 -0.39649 0.79249 0.4313 -0.4312 0.79433 0.44024 -0.4186 0.80844 0.56046 -0.17973 0.64495 0.67657 -0.35538 0.58609 0.57799 -0.56782 0.5734 0.55046 -0.6068 0.57653 0.55317 -0.60135 0.62443 0.6202 -0.4748 0.59551 0.61124 -0.5213 0.60281 0.6126 -0.51122 0.59816 0.59656 -0.53509 0.59347 0.59531 -0.54166 0.58798 0.57428 -0.56963 0.61944 0.64213 -0.45163 0.61691 0.63226 -0.46869 0.59848 0.62445 -0.50188 0.61896 0.64368 -0.45008 0.63367 0.65205 -0.41628 0.62584 0.65368 -0.42546 0.63827 0.66583 -0.38636 0.63606 0.66974 -0.38324 0.63431 0.66119 -0.40059 0.65248 0.68975 -0.31388 0.65081 0.68135 -0.33498 0.64615 0.67629 -0.35373 0.66955 0.6957 -0.26021 0.66477 0.69133 -0.28309 0.65935 0.69259 -0.29255 0.66057 0.67863 -0.32111 0.67298 0.70763 -0.21531 0.67989 0.69443 -0.23562 0.66559 0.6975 -0.26547 0.68089 0.69606 -0.2278 0.68645 0.69995 -0.19711 0.6891 0.69834 -0.19355 0.72461 0.67032 -0.16002 0.7563 0.63405 -0.16124 0.7562 0.63423 -0.16099 0.78288 0.60231 -0.15594 0.78445 0.59934 -0.15945 0.80786 0.56948 -0.15181 0.80526 0.5721 -0.15572 0.8187 0.55342 -0.15312 0.82538 0.54447 -0.14933 0.82999 0.53495 -0.15796 0.85499 0.49474 -0.15563 0.85318 0.49758 -0.15653 0.86121 0.48384 -0.1556 0.85878 0.48695 -0.15927 0.86692 0.47382 -0.15474 0.86707 0.47326 -0.15558 0.86633 0.47457 -0.15576 0.86477 0.47777 -0.15465 0.86101 0.48429 -0.15531 0.85777 0.4923 -0.14786 0.8377 0.52282 -0.15783 0.85063 0.50681 -0.1399 0.83635 0.52917 -0.14317 0.81918 0.55633 -0.13947 0.81978 0.55526 -0.14016 0.82305 0.54518 -0.15927 0.82422 0.53302 -0.19118 0.827 0.53301 -0.17882 0.83568 0.52446 -0.16301 0.82512 0.51975 -0.22146 0.82699 0.50911 -0.23852 0.82932 0.50712 -0.23464 0.8171 0.47975 -0.31967 0.81846 0.48959 -0.30069 0.8213 0.4929 -0.28727 0.82508 0.49204 -0.27773 0.82328 0.49939 -0.26984 0.82397 0.5087 -0.24961 0.818 0.47431 -0.32545 0.80048 0.47455 -0.36612 0.81187 0.46638 -0.35124 0.79984 0.43583 -0.41268 0.79149 0.43196 -0.43238 0.77868 0.43805 -0.4492 0.77838 0.43561 -0.45207 0.71759 0.47142 -0.51266 0.72524 0.46117 -0.51122 0.72914 0.47277 -0.49482 0.74391 0.45072 -0.49341 0.74872 0.46143 -0.47591 0.75857 0.44131 -0.47939 0.76547 0.4521 -0.4579 0.76764 0.4427 -0.46341 0.70802 0.47798 -0.51985 0.69542 0.48115 -0.53375 0.69199 0.4858 -0.53399 0.6691 0.49487 -0.55444 0.67119 0.48723 -0.55867 0.58831 0.53402 -0.60722 0.60249 0.50623 -0.61704 0.59909 0.52064 -0.6083 0.63386 0.50893 -0.58242 0.63472 0.50698 -0.58318 0.65656 0.50144 -0.56346 0.66692 0.49418 -0.55768 0.81391 0.46629 -0.34659 0.80969 0.47857 -0.33966 0.80789 0.48245 -0.33847 0.82781 0.45828 -0.32359 0.81602 0.45987 -0.35017 0.817 0.45384 -0.35574 0.8169 0.45096 -0.35959 0.86886 0.40086 -0.29052 0.8047 0.52126 -0.28415 0.83535 0.45715 -0.30529 0.84312 0.49215 -0.21664 0.84143 0.48857 -0.23085 0.83852 0.4895 -0.23934 0.84275 0.51048 -0.17083 0.82701 0.526 -0.19847 0.85006 0.4944 -0.18157 0.83923 0.50271 -0.20733 0.82752 0.522 -0.20668 0.82715 0.52232 -0.20737 0.83456 0.52877 -0.15463 0.83362 0.52954 -0.15705 0.8321 0.53117 -0.1596 0.83275 0.53002 -0.16004 0.83451 0.52672 -0.16173 0.847 0.50732 -0.1588 0.84031 0.52138 -0.14851 0.84076 0.51343 -0.17177 0.82264 0.54464 -0.16319 0.82317 0.54207 -0.16897 0.802 0.57198 -0.17213 0.80157 0.57337 -0.16953 0.77831 0.60171 -0.17939 0.77818 0.60203 -0.17885 0.74812 0.63661 -0.18718 0.74969 0.63445 -0.18823 0.75205 0.63077 -0.19121 0.75098 0.63276 -0.1888 0.75762 0.62653 -0.18295 0.76385 0.62027 -0.17831 0.73504 0.64622 -0.20524 0.73448 0.64728 -0.20388 0.73802 0.64812 -0.18778 0.75058 0.63364 -0.18744 0.74822 0.63649 -0.18721 0.74153 0.63759 -0.20883 0.75456 0.62211 -0.20885 0.73396 0.64252 -0.22017 0.71298 0.65619 -0.24712 0.7127 0.65646 -0.24724 0.72624 0.63266 -0.2689 0.69975 0.65657 -0.28154 0.72501 0.62241 -0.29491 0.71357 0.6326 -0.30105 0.70243 0.63409 -0.3233 0.72784 0.60706 -0.31893 0.69258 0.63427 -0.34357 0.69939 0.57023 -0.43091 0.6302 0.62966 -0.45429 0.71084 0.578 -0.40078 0.64186 0.6431 -0.41766 0.71351 0.59182 -0.37503 0.68731 0.62106 -0.37669 0.66914 0.56977 -0.47708 0.6733 0.56799 -0.47333 0.68263 0.56258 -0.46639 0.6982 0.55237 -0.45542 0.68093 0.56924 -0.46076 0.66294 0.58993 -0.46096 0.67855 0.55385 -0.48252 0.6812 0.55477 -0.4777 0.6758 0.55351 -0.48675 0.67497 0.55367 -0.48771 0.66485 0.55741 -0.49725 0.6669 0.56977 -0.48022 0.66725 0.57002 -0.47944 0.65643 0.54128 -0.52548 0.67225 0.53916 -0.50734 0.68782 0.52538 -0.50087 0.69233 0.52277 -0.49738 0.78057 0.46064 -0.42253 0.76482 0.4741 -0.43622 0.76031 0.47063 -0.4477 0.74901 0.4919 -0.44387 0.73811 0.48264 -0.47143 0.72802 0.50805 -0.4603 0.71997 0.49915 -0.48217 0.70606 0.51314 -0.48801 0.70316 0.52053 -0.48438 0.70592 0.52061 -0.48025 0.69833 0.52119 -0.49061 0.80771 0.44964 -0.38137 0.79529 0.45103 -0.40508 0.78776 0.45565 -0.41452 0.78697 0.45636 -0.41523 0.78693 0.4564 -0.41526 0.78678 0.45655 -0.41539 0.78165 0.4615 -0.41956 0.81342 0.44182 -0.37835 0.81427 0.44037 -0.3782 0.81369 0.44016 -0.37969 0.80582 0.4422 -0.39385 0.80352 0.44566 -0.39464 0.69637 0.69926 -0.16157 0.69794 0.69806 -0.16 0.72682 0.66657 -0.1656 0.72259 0.6651 -0.18842 0.71991 0.66697 -0.19206 0.71432 0.66479 -0.21863 0.71292 0.66568 -0.22051 0.70617 0.66278 -0.24909 0.70612 0.66281 -0.24915 0.69812 0.65909 -0.27969 0.69949 0.6584 -0.2779 0.69013 0.65375 -0.31037 0.69295 0.65249 -0.30672 0.68214 0.64679 -0.34108 0.68644 0.64513 -0.33556 0.6741 0.63828 -0.37174 0.6274 0.55175 -0.54949 0.62624 0.56122 -0.54117 0.63728 0.56887 -0.51987 0.63579 0.5776 -0.512 0.64644 0.58476 -0.49008 0.64469 0.59268 -0.48281 0.65494 0.59936 -0.46024 0.65305 0.60644 -0.4536 0.66295 0.61268 -0.43026 0.66103 0.61885 -0.42434 0.67056 0.62462 -0.40025 0.66869 0.62986 -0.39513 0.67991 0.63636 -0.36437 0.71005 0.61003 -0.3517 0.71366 0.60642 -0.35065 0.81456 0.44614 -0.37073 0.8053 0.44398 -0.3929 0.81167 0.44378 -0.3798 0.80597 0.43959 -0.39644 0.79346 0.43956 -0.42096 0.79145 0.43304 -0.43138 0.78229 0.43433 -0.44652 0.80063 0.43568 -0.41131 0.79749 0.44037 -0.41241 0.78461 0.44712 -0.42951 0.78426 0.44561 -0.43171 0.77354 0.45927 -0.43669 0.77245 0.45365 -0.44444 0.75833 0.47012 -0.45157 0.75736 0.46387 -0.45961 0.73926 0.48301 -0.46925 0.73844 0.47602 -0.47761 0.71582 0.49748 -0.49001 0.71524 0.48966 -0.49867 0.68757 0.51291 -0.51398 0.68731 0.50426 -0.52281 0.65424 0.52854 -0.54094 0.65442 0.51909 -0.5498 0.61578 0.54349 -0.57047 0.61653 0.53336 -0.57915 0.59477 0.54528 -0.59069 0.5874 0.53463 -0.60756 0.80332 0.45113 -0.3888 0.78565 0.45787 -0.41607 0.79333 0.45089 -0.40907 0.81364 0.44987 -0.36826 0.8048 0.45635 -0.37954 0.82896 0.45388 -0.32682 0.81624 0.46801 -0.3387 0.84084 0.46373 -0.27919 0.82782 0.47925 -0.29161 0.84269 0.47576 -0.25206 0.82391 0.50727 -0.2527 -0.40915 0.8281 -0.38321 -0.80535 0.55314 -0.21318 -0.89822 0.43922 0.01705 -0.90779 0.41866 -0.0253 -0.33176 0.83539 -0.43824 -0.29091 0.84738 -0.4442 -0.8035 0.58819 -0.0918 -0.8736 0.42906 -0.22964 -0.87374 0.42891 -0.22937 -0.87428 0.44854 -0.18561 -0.57756 0.73507 -0.35511 -0.71469 0.66205 -0.22563 -0.82384 0.44571 -0.35019 -0.84949 0.44879 -0.2774 -0.843 0.43915 -0.31065 -0.79848 0.43082 -0.4205 -0.79843 0.42728 -0.4242 -0.79659 0.4405 -0.414 -0.85309 0.4625 -0.24154 -0.85172 0.46685 -0.23795 -0.69024 0.37781 -0.61711 -0.66854 0.53365 -0.51795 -0.41393 0.47707 -0.77528 -0.25346 0.21504 -0.94314 -0.23312 0.30731 -0.92261 -0.2436 0.42612 -0.87125 -0.17755 0.18665 -0.96625 -0.16914 0.92721 -0.33419 -0.09061 0.87604 -0.47366 -0.26059 0.33229 -0.90646 -0.14294 0.26199 -0.95443 -0.07146 0.44624 -0.89206 -0.12624 0.39755 -0.90885 -0.10224 0.92995 -0.35318 -0.3155 0.89659 -0.31079 -0.47313 0.3675 -0.80068 -0.47432 0.37175 -0.79801 -0.31962 0.87022 -0.37492 -0.77906 0.48991 -0.39122 -0.84819 0.47652 -0.2313 -0.68271 0.48691 -0.54481 -0.24761 0.72715 -0.64027 -0.35491 0.60128 -0.71589 -0.33603 0.47947 -0.81067 -0.24907 0.82788 -0.50257 -0.25434 0.78373 -0.56663 -0.24255 0.78082 -0.57575 -0.56286 0.45361 -0.69097 -0.64183 0.51451 -0.56863 -0.51366 0.45359 -0.72829 -0.79446 0.55365 -0.24961 -0.66997 0.57133 -0.47405 -0.82501 0.48208 -0.29488 -0.84134 0.51867 -0.1521 -0.92692 0.33093 -0.17693 -0.92955 0.33499 -0.15398 -0.93259 0.32808 -0.15047 -0.88426 0.37816 -0.27401 -0.85841 0.4196 -0.29508 -0.83098 0.43633 -0.34509 -0.85195 0.44194 -0.28082 -0.77916 0.41155 -0.47279 -0.86222 0.41304 -0.29321 -0.8611 0.41977 -0.28687 -0.85397 0.42429 -0.30118 -0.8569 0.42639 -0.28969 -0.84991 0.43523 -0.29703 -0.84958 0.43478 -0.29864 -0.84747 0.44484 -0.28969 -0.84779 0.44946 -0.2815 -0.84588 0.44785 -0.28967 -0.84435 0.45349 -0.28532 -0.84478 0.45269 -0.28536 -0.84478 0.45311 -0.28467 -0.84543 0.45113 -0.2859 -0.84616 0.45194 -0.28243 -0.86245 0.41429 -0.29077 -0.87233 0.38872 -0.29654 -0.83048 0.48032 -0.28213 -0.83874 0.47865 -0.25963 -0.84451 0.45263 -0.28623 -0.84423 0.45321 -0.28613 -0.84442 0.45317 -0.28563 -0.89127 0.36417 -0.27023 -0.87183 0.40555 -0.27465 -0.86142 0.42306 -0.28103 -0.92347 0.31443 -0.21986 -0.90446 0.35507 -0.23639 -0.8836 0.40425 -0.23629 -0.80626 0.52076 -0.28064 -0.94942 0.26838 -0.16303 -0.97749 0.17871 -0.11215 -0.91138 0.3665 -0.18726 -0.91507 0.35341 -0.19429 -0.9223 0.35757 -0.14662 -0.93409 0.32925 -0.1381 -0.93112 0.33763 -0.1379 -0.91704 0.35383 -0.18396 -0.9252 0.33632 -0.17575 -0.92231 0.33189 -0.19799 -0.93687 0.34676 0.04504 -0.91711 0.35267 -0.18585 -0.92045 0.33852 -0.19541 -0.90455 0.41075 -0.11433 -0.84539 0.40635 -0.34669 -0.9111 0.39826 -0.10625 -0.86927 0.39234 -0.30075 -0.90561 0.37271 -0.20237 -0.84749 0.4058 -0.34217 -0.88758 0.41008 -0.20985 -0.88686 0.41448 -0.20416 -0.79568 0.4341 -0.42244 -0.89176 0.43142 -0.13651 -0.85808 0.4818 -0.17767 -0.86261 0.47248 -0.18074 -0.87213 0.47455 -0.11911 -0.75433 0.61319 -0.2345 -0.71016 0.58881 -0.38598 -0.80321 0.58886 -0.08995 -0.73163 0.56336 -0.38385 -0.82593 0.55478 -0.10031 -0.6151 0.47531 -0.62907 -0.79742 0.53591 -0.27736 -0.83172 0.53326 -0.15451 -0.85448 0.51948 -0.00094 -0.75357 0.50274 -0.42355 -0.86947 0.49398 0.00096 -0.83058 0.49975 -0.24573 -0.82424 0.50157 -0.26279 -0.84168 0.48946 -0.22803 -0.88197 0.47067 -0.02427 -0.86252 0.47832 -0.16513 -0.85878 0.47384 -0.19487 -0.73638 0.63716 -0.22754 -0.72433 0.65376 -0.21896 -0.72465 0.65222 -0.22248 -0.73338 0.64488 -0.21515 -0.71313 0.66544 -0.22054 -0.71594 0.66386 -0.21615 -0.7111 0.66928 -0.21539 -0.72738 0.64887 -0.22337 -0.8064 0.51604 -0.28883 -0.62505 0.64485 -0.43987 -0.6348 0.64878 -0.41967 -0.68949 0.58008 -0.43371 -0.61768 0.62675 -0.47503 -0.6401 0.60199 -0.47736 -0.63592 0.6054 -0.47864 -0.63519 0.60264 -0.48307 -0.64146 0.6009 -0.47691 -0.64231 0.59888 -0.47832 -0.64325 0.59932 -0.47648 -0.64852 0.59634 -0.47307 -0.64839 0.59502 -0.47491 -0.64264 0.59784 -0.47918 -0.64142 0.60717 -0.46896 -0.66936 0.59913 -0.43932 -0.65576 0.59721 -0.46187 -0.65668 0.60612 -0.44875 -0.64513 0.61003 -0.46008 -0.64285 0.60975 -0.46362 -0.69392 0.54372 -0.47205 -0.68897 0.55716 -0.46356 -0.68264 0.54963 -0.48157 -0.70438 0.52873 -0.4736 -0.70026 0.54398 -0.46231 -0.69501 0.54469 -0.46934 -0.70649 0.54804 -0.4478 -0.71391 0.52743 -0.4606 -0.71828 0.52936 -0.4515 -0.7377 0.52501 -0.42446 -0.73758 0.50792 -0.44496 -0.76518 0.51638 -0.38452 -0.74818 0.49005 -0.44729 -0.80697 0.50298 -0.30953 -0.7808 0.48017 -0.39974 -0.80945 0.44907 -0.37832 -0.80089 0.4604 -0.38289 -0.54182 0.75778 -0.3636 -0.55124 0.73269 -0.39912 -0.61601 0.692 -0.37639 -0.62596 0.7011 -0.34151 -0.45687 0.80357 -0.38151 -0.77512 0.5667 -0.27937 -0.54882 0.77037 -0.32453 -0.55099 0.76899 -0.32414 -0.63124 0.71308 -0.30505 -0.46135 0.78168 -0.41967 -0.47504 0.79477 -0.37773 -0.46488 0.79998 -0.37938 -0.47489 0.81241 -0.33835 -0.47032 0.81479 -0.33898 -0.47669 0.82709 -0.29781 -0.47677 0.82704 -0.2978 -0.55644 0.78049 -0.28496 -0.55472 0.78162 -0.28522 -0.63989 0.72038 -0.26757 -0.63641 0.72319 -0.26828 -0.64004 0.7203 -0.26743 -0.69204 0.67528 -0.25511 -0.69104 0.66225 -0.28965 -0.74263 0.63886 -0.2009 -0.73543 0.64061 -0.22082 -0.71057 0.66982 -0.21548 -0.64674 0.72646 -0.23234 -0.64462 0.72801 -0.23336 -0.56354 0.78708 -0.25085 -0.56044 0.78888 -0.25214 -0.48387 0.83393 -0.26538 -0.47976 0.83583 -0.26689 -0.65474 0.71755 -0.23758 -0.64443 0.7261 -0.23976 -0.64172 0.72826 -0.24048 -0.56035 0.78793 -0.25531 -0.55849 0.78912 -0.25571 -0.47976 0.83586 -0.26676 -0.47889 0.83631 -0.26691 -0.63061 0.63608 -0.44466 -0.6491 0.63794 -0.41436 -0.6596 0.63979 -0.39446 -0.69435 0.63996 -0.32913 -0.63063 0.62249 -0.46348 -0.75118 0.62953 -0.19855 -0.74256 0.62914 -0.22977 -0.6385 0.5547 -0.53351 -0.53799 0.73074 -0.42022 -0.61159 0.59076 -0.52627 -0.62964 0.59753 -0.4965 -0.64122 0.60301 -0.47457 -0.66047 0.60928 -0.43881 -0.66996 0.61331 -0.41833 -0.71034 0.62276 -0.328 -0.71367 0.59385 -0.37151 -0.68924 0.57966 -0.43467 -0.73908 0.58306 -0.33733 -0.35485 0.35309 -0.86568 -0.72646 0.55776 -0.40144 -0.79546 0.55387 -0.2459 -0.36625 0.85047 -0.37757 -0.36214 0.81527 -0.45187 -0.42209 0.78922 -0.44606 -0.65237 0.70047 -0.28942 -0.60395 0.72479 -0.33155 -0.57072 0.73685 -0.36241 -0.24756 0.79267 -0.55713 -0.49391 0.77549 -0.39329 -0.42291 0.79588 -0.43328 -0.42711 0.83209 -0.35384 -0.34472 0.85854 -0.37957 -0.34824 0.89278 -0.28578 -0.54124 0.49136 -0.68237 -0.55277 0.56272 -0.61464 -0.567 0.56907 -0.59554 -0.57236 0.62303 -0.53314 -0.58638 0.626 -0.51409 -0.50291 0.64978 -0.56997 -0.44666 0.69609 -0.56209 -0.41587 0.68939 -0.59312 -0.42174 0.74141 -0.52196 -0.44023 0.63879 -0.63098 -0.47683 0.63889 -0.60369 -0.45352 0.63673 -0.62361 -0.43967 0.49549 -0.74912 -0.37845 0.55605 -0.73999 -0.38689 0.61592 -0.68626 -0.35668 0.6018 -0.71457 -0.36645 0.67865 -0.63651 -0.38562 0.46607 -0.79629 -0.49683 0.59693 -0.62995 -0.49154 0.59525 -0.63566 -0.47001 0.58598 -0.66009 -0.46774 0.58519 -0.6624 -0.44519 0.57496 -0.68645 -0.41284 0.56274 -0.71616 -0.42224 0.62999 -0.65179 -0.39363 0.6177 -0.68081 -0.40236 0.68826 -0.60365 -0.36839 0.6789 -0.63512 -0.37604 0.74403 -0.55229 -0.644 0.49825 -0.58052 -0.63869 0.4957 -0.58852 -0.67754 0.51575 -0.52434 -0.53435 0.68272 -0.49836 -0.58817 0.67574 -0.44433 -0.55925 0.67876 -0.47594 -0.55539 0.61734 -0.55717 -0.54412 0.61448 -0.57127 -0.53661 0.55354 -0.6369 -0.52472 0.54793 -0.65149 -0.51136 0.47326 -0.71731 -0.5695 0.50644 -0.64745 -0.56567 0.48658 -0.66577 -0.56016 0.48336 -0.67275 -0.5561 0.46486 -0.68896 -0.66077 0.49014 -0.56846 -0.64098 0.4813 -0.59791 -0.68486 0.50243 -0.52776 -0.67513 0.49827 -0.544 -0.71189 0.51523 -0.47723 -0.56676 0.47071 -0.67617 -0.51606 0.44034 -0.7347 -0.52016 0.45748 -0.72121 -0.46922 0.42435 -0.77444 -0.4718 0.43504 -0.76691 -0.74064 0.52764 -0.41598 -0.71185 0.51521 -0.47731 -0.71324 0.53301 -0.45517 -0.68252 0.51802 -0.51558 -0.68459 0.53736 -0.49252 -0.65308 0.52022 -0.55032 -0.65568 0.54091 -0.52678 -0.2398 0.87932 -0.41146 -0.27164 0.88372 -0.38112 -0.27462 0.91603 -0.29237 -0.26809 0.91695 -0.2955 -0.26842 0.92044 -0.28417 -0.26999 0.92005 -0.28393 -0.26756 0.9096 -0.31787 -0.27221 0.90839 -0.31738 -0.26492 0.89379 -0.36189 -0.27526 0.89115 -0.36066 -0.26388 0.87556 -0.40468 -0.28244 0.87088 -0.40223 -0.26674 0.85378 -0.44711 -0.29578 0.8464 -0.44286 -0.27457 0.82917 -0.48691 -0.25558 0.73231 -0.63118 -0.26512 0.80026 -0.53786 -0.21424 0.80295 -0.55621 -0.22087 0.85923 -0.46145 -0.4804 0.5224 -0.7045 -0.47338 0.51882 -0.71185 -0.45518 0.50751 -0.73161 -0.42241 0.49004 -0.76251 -0.43348 0.5539 -0.71083 -0.39987 0.54792 -0.73477 -0.36857 0.53501 -0.76021 -0.41651 0.74259 -0.52448 -0.47655 0.74341 -0.4693 -0.47218 0.69663 -0.54014 -0.25696 0.63531 -0.72825 -0.52981 0.65057 -0.54411 -0.52543 0.60752 -0.59569 -0.51707 0.60511 -0.60538 -0.50761 0.53784 -0.67309 -0.49814 0.53317 -0.6838 -0.48247 0.45182 -0.75039 -0.45671 0.43577 -0.77557 -0.51771 0.47169 -0.71378 -0.42173 0.40992 -0.80877 -0.3849 0.38738 -0.83773 -0.40282 0.47177 -0.78433 -0.37046 0.45383 -0.81043 -0.34614 0.41058 -0.84357 -0.39597 0.35754 -0.8458 -0.45739 0.41466 -0.78667 -0.44865 0.38119 -0.80834 -0.73969 0.50627 -0.44334 -0.7864 0.519 -0.33499 -0.7098 0.49456 -0.50159 -0.76945 0.51307 -0.38039 -0.59792 0.44722 -0.66519 -0.60563 0.53274 -0.5911 -0.68165 0.57576 -0.45151 -0.68077 0.55403 -0.47916 -0.70482 0.56752 -0.42561 -0.70416 0.54652 -0.45328 -0.72702 0.55801 -0.40008 -0.72672 0.53858 -0.42639 -0.60751 0.47741 -0.63483 -0.76941 0.53732 -0.34539 -0.77007 0.51671 -0.37417 -0.80352 0.52396 -0.28253 -0.80627 0.50152 -0.31369 -0.78771 0.49825 -0.36231 -0.82403 0.50261 -0.26147 -0.76976 0.49204 -0.40666 -0.75308 0.48785 -0.44145 -0.75342 0.50059 -0.42634 -0.85738 0.48877 -0.16128 -0.84793 0.49064 -0.20072 -0.86192 0.49388 -0.11482 -0.32087 0.78889 -0.52411 -0.32411 0.80684 -0.49392 -0.3199 0.84142 -0.43551 -0.31926 0.84017 -0.43839 -0.32423 0.87569 -0.35782 -0.23668 0.82209 -0.51784 -0.22896 0.75818 -0.61053 -0.28137 0.75859 -0.58768 -0.27483 0.71094 -0.64733 -0.29886 0.6743 -0.67528 -0.28876 0.60338 -0.74333 -0.42096 0.62759 -0.65493 -0.40155 0.51953 -0.75422 -0.43028 0.52775 -0.73236 -0.57951 0.45049 -0.67914 -0.52573 0.39293 -0.75447 -0.48702 0.41016 -0.77109 -0.47709 0.37316 -0.7957 -0.43969 0.39205 -0.80807 -0.72681 0.49041 -0.48087 -0.72586 0.47758 -0.49502 -0.78905 0.49222 -0.36759 -0.79016 0.47786 -0.38378 -0.77986 0.47575 -0.4068 -0.83804 0.47368 -0.27078 -0.82437 0.47273 -0.31137 -0.61431 0.41589 -0.67056 -0.84693 0.50917 -0.15315 -0.84546 0.50955 -0.15989 -0.84699 0.50957 -0.15149 -0.83266 0.51212 -0.21072 -0.83481 0.51282 -0.20026 -0.33395 0.5873 -0.73727 -0.30982 0.58547 -0.74916 -0.32142 0.63427 -0.70313 -0.30015 0.63435 -0.71239 -0.30224 0.46935 -0.82968 -0.31393 0.51377 -0.79843 -0.34298 0.62059 -0.70515 -0.31898 0.61946 -0.7173 -0.32847 0.66127 -0.67441 -0.30761 0.66183 -0.68363 -0.31609 0.69962 -0.64079 -0.31512 0.69971 -0.64118 -0.30095 0.67763 -0.67101 -0.3042 0.65567 -0.69106 -0.30322 0.65573 -0.69144 -0.3177 0.90613 -0.27927 -0.31699 0.90628 -0.27961 -0.31648 0.90075 -0.29748 -0.11491 0.91546 -0.38566 -0.095 0.9183 -0.38432 -0.15318 0.91045 -0.38422 -0.14019 0.89968 -0.41344 -0.10693 0.90522 -0.41126 -0.17814 0.89415 -0.4108 -0.14495 0.90039 -0.41023 -0.24981 0.87853 -0.40716 -0.39824 0.82901 -0.39262 -0.32994 0.85478 -0.40061 -0.21842 0.88665 -0.40762 -0.22697 0.89626 -0.38105 -0.16956 0.90744 -0.38445 -0.17749 0.91928 -0.3513 -0.12781 0.92617 -0.35479 -0.13374 0.93943 -0.31558 -0.31329 0.81024 -0.49534 -0.31026 0.81095 -0.49609 -0.31744 0.82561 -0.46647 -0.27716 0.51211 -0.81298 -0.34607 0.84579 -0.40604 -0.31727 0.85418 -0.41196 -0.32825 0.8654 -0.37859 -0.31119 0.87025 -0.38187 -0.31992 0.88178 -0.34659 -0.31102 0.88431 -0.34822 -0.31702 0.8962 -0.31036 -0.31402 0.89707 -0.31088 -0.31622 0.90667 -0.2792 -0.31556 0.90684 -0.27938 -0.31496 0.90037 -0.30023 -0.31654 0.90073 -0.29747 -0.31168 0.86117 -0.40155 -0.32616 0.39259 -0.85994 -0.26122 0.33247 -0.90622 -0.30144 0.47365 -0.82752 -0.31372 0.84356 -0.43587 -0.2893 0.6006 -0.74537 -0.27462 0.6326 -0.72416 -0.28872 0.63224 -0.71897 -0.27348 0.87136 -0.40737 -0.31298 0.87453 -0.37045 -0.31587 0.90007 -0.30016 -0.30126 0.90257 -0.30757 -0.3021 0.91125 -0.27994 -0.29741 0.80062 -0.52015 -0.17782 0.81948 -0.54483 -0.18573 0.86897 -0.45868 -0.18243 0.86804 -0.46176 -0.18731 0.90338 -0.38578 -0.18501 0.90293 -0.38794 -0.31811 0.9019 -0.29221 -0.31367 0.86454 -0.39267 -0.31726 0.86348 -0.3921 -0.30729 0.80291 -0.51079 -0.3067 0.80304 -0.51094 -0.28309 0.82057 -0.49652 -0.28806 0.85023 -0.44059 -0.28473 0.84969 -0.44379 -0.28935 0.88134 -0.37352 -0.28721 0.88117 -0.37555 -0.29024 0.9076 -0.30335 -0.18841 0.93241 -0.30841 -0.31773 0.78545 -0.53115 -0.31629 0.78574 -0.53158 -0.30561 0.76264 -0.57007 -0.31014 0.76184 -0.5687 -0.30149 0.74994 -0.58881 -0.29376 0.75118 -0.59113 -0.28641 0.74544 -0.60191 -0.17036 0.75681 -0.63104 -0.18133 0.81705 -0.54731 -0.11068 0.82247 -0.55794 -0.11852 0.8754 -0.46865 -0.11536 0.87425 -0.47157 -0.12028 0.91194 -0.39229 -0.28776 0.5131 -0.80866 -0.26915 0.44478 -0.85424 -0.25329 0.4422 -0.86041 -0.23358 0.37205 -0.89834 -0.13576 0.34821 -0.92754 -0.1138 0.2653 -0.95743 -0.18761 0.27052 -0.94426 -0.05457 0.37119 -0.92695 -0.06688 0.3835 -0.92111 -0.04795 0.30219 -0.95204 -0.30912 0.33458 -0.89023 -0.29783 0.29662 -0.90737 -0.35063 0.31396 -0.88232 -0.33995 0.27688 -0.89876 -0.26167 0.24632 -0.9332 -0.28824 0.23892 -0.92727 -0.34378 0.25949 -0.90249 -0.35237 0.4797 -0.80357 -0.33504 0.4127 -0.84701 -0.40655 0.43409 -0.80392 -0.3766 0.31917 -0.86966 -0.41987 0.33594 -0.84312 -0.40786 0.29377 -0.8645 -0.4072 0.29349 -0.8649 -0.21912 0.23158 -0.94782 -0.29203 0.25228 -0.92253 -0.2302 0.22794 -0.94607 -0.22514 0.20913 -0.95162 -0.28489 0.23137 -0.93022 -0.08114 0.94669 -0.31177 -0.09292 0.93718 -0.33625 -0.0901 0.91212 -0.3999 -0.16632 0.90329 -0.39549 -0.18512 0.74044 -0.64613 -0.08261 0.80224 -0.59126 -0.12349 0.83216 -0.5406 -0.08461 0.83417 -0.54498 -0.07709 0.82179 -0.56455 -0.11361 0.82054 -0.56018 -0.10269 0.75539 -0.64718 -0.17468 0.75357 -0.63373 -0.16162 0.68838 -0.70712 -0.27914 0.68425 -0.67371 -0.28871 0.69302 -0.66058 -0.29516 0.69241 -0.65837 -0.30669 0.70986 -0.63407 -0.30073 0.71054 -0.63615 -0.31532 0.74355 -0.58967 -0.30954 0.74438 -0.59167 -0.30761 0.74163 -0.59612 -0.32536 0.73928 -0.58958 -0.31444 0.68755 -0.65452 -0.33536 0.6865 -0.64517 -0.33402 0.68006 -0.65265 -0.07385 0.72869 -0.68085 -0.11113 0.72941 -0.67499 -0.13137 0.84131 -0.52434 -0.26704 0.6203 -0.73751 -0.15258 0.61687 -0.77213 -0.16701 0.68404 -0.71006 -0.09309 0.68173 -0.72566 -0.10618 0.75286 -0.64956 -0.06903 0.75234 -0.65514 -0.07689 0.76659 -0.63752 -0.15323 0.765 -0.62554 -0.15923 0.79862 -0.58039 -0.15674 0.79491 -0.58614 -0.16187 0.82543 -0.5408 -0.06405 0.64887 -0.7582 -0.05391 0.56641 -0.82236 -0.24407 0.49101 -0.83627 -0.13572 0.47482 -0.86955 -0.15093 0.53875 -0.82884 -0.07339 0.52771 -0.84625 -0.08846 0.60036 -0.79482 -0.05075 0.59586 -0.80148 -0.0563 0.60747 -0.79234 -0.14365 0.46778 -0.8721 -0.06446 0.45257 -0.88939 -0.07958 0.52228 -0.84905 -0.04165 0.51586 -0.85566 -0.04568 0.52462 -0.85011 -0.02573 0.27491 -0.96113 -0.01992 0.29398 -0.9556 -0.03183 0.34789 -0.93699 -0.0265 0.36398 -0.93103 -0.03513 0.40447 -0.91388 -0.03334 0.43805 -0.89833 -0.03565 0.44318 -0.89572 -0.04409 0.48426 -0.87381 -0.14022 0.17195 -0.97508 -0.15095 0.21471 -0.96494 -0.08142 0.189 -0.9786 -0.09245 0.2324 -0.96822 -0.0409 0.22848 -0.97269 -0.06211 0.31702 -0.94638 -0.12026 0.33309 -0.93519 -0.1401 0.41037 -0.90109 -0.23827 0.42979 -0.87092 -0.25764 0.50135 -0.826 -0.27413 0.50311 -0.8196 -0.23214 0.20126 -0.95163 -0.23249 0.20253 -0.95128 -0.29074 0.22303 -0.93044 -0.29542 0.91349 -0.27975 -0.12924 0.93987 -0.31613 -0.13172 0.95129 -0.27874 -0.1691 0.94406 -0.28312 -0.16888 0.94166 -0.29112 -0.29524 0.9114 -0.28667 -0.34089 0.88947 -0.30435 -0.30859 0.72461 -0.61621 -0.27871 0.71354 -0.64279 -0.27105 0.67936 -0.68191 -0.29819 0.65717 -0.69225 -0.29739 0.46643 -0.83307 -0.27026 0.64353 -0.71612 -0.26156 0.60747 -0.75004 -0.28706 0.5861 -0.75768 -0.26132 0.57085 -0.77836 -0.25189 0.53403 -0.80707 -0.46232 0.83764 -0.29091 -0.33636 0.8525 -0.40012 -0.34513 0.86122 -0.37308 -0.32915 0.86703 -0.37406 -0.33674 0.87687 -0.34309 -0.32847 0.87983 -0.34353 -0.334 0.8907 -0.30837 -0.3314 0.89164 -0.30848 -0.33358 0.90121 -0.27666 -0.3716 0.88665 -0.27525 -0.37081 0.8784 -0.30152 -0.37224 0.87774 -0.30169 -0.36888 0.84971 -0.37672 -0.45932 0.81233 -0.35937 -0.52739 0.76342 -0.37289 -0.56338 0.74287 -0.36159 -0.44088 0.57177 -0.69188 -0.43055 0.56992 -0.69987 -0.44676 0.63212 -0.6331 -0.43811 0.63149 -0.63975 -0.4522 0.68973 -0.5655 -0.29111 0.50037 -0.81541 -0.33633 0.4831 -0.80839 -0.34017 0.48327 -0.80668 -0.29854 0.34343 -0.89047 -0.42593 0.3639 -0.82835 -0.38831 0.25105 -0.88667 -0.54731 0.29084 -0.78477 -0.54478 0.28283 -0.78944 -0.45645 0.74126 -0.49213 -0.44517 0.69001 -0.57071 -0.55676 0.65054 -0.51654 -0.54579 0.60365 -0.58114 -0.61716 0.55344 -0.5593 -0.54946 0.54972 -0.6292 -0.52727 0.46989 -0.70795 -0.54861 0.472 -0.6901 -0.51727 0.36572 -0.77375 -0.65001 0.45246 -0.61055 -0.66615 0.45262 -0.59277 -0.64582 0.3712 -0.66718 -0.6629 0.37514 -0.64795 -0.64422 0.30606 -0.70093 -0.86966 0.36487 -0.33251 -0.3777 0.24863 -0.89192 -0.3796 0.25481 -0.88937 -0.42532 0.27076 -0.86359 -0.22839 0.37243 -0.89952 -0.30764 0.35011 -0.88475 -0.32618 0.35336 -0.87678 -0.28536 0.22727 -0.93108 -0.43514 0.26782 -0.85961 -0.42936 0.2506 -0.86767 -0.58487 0.29628 -0.75508 -0.58909 0.31095 -0.74584 -0.86973 0.33757 -0.36002 -0.87303 0.33848 -0.35108 -0.86894 0.36667 -0.33241 -0.86832 0.36659 -0.33411 -0.8161 0.38806 -0.42823 -0.2095 0.23025 -0.95031 -0.29238 0.23445 -0.92712 -0.33802 0.24714 -0.90811 -0.3297 0.22207 -0.91759 -0.48787 0.27133 -0.82968 -0.49087 0.2809 -0.82471 -0.61022 0.31852 -0.72539 -0.61457 0.33477 -0.71431 -0.63269 0.34004 -0.69575 -0.63712 0.35624 -0.6835 -0.00721 0.19307 -0.98116 -0.02089 0.20846 -0.97781 -0.05299 0.17671 -0.98284 -0.0472 0.15291 -0.98711 -0.13076 0.18355 -0.97427 -0.17818 0.18901 -0.96568 -0.2511 0.2148 -0.94383 -0.24901 0.20762 -0.94599 -0.29946 0.22059 -0.92826 -0.30145 0.22729 -0.926 -0.35414 0.2451 -0.9025 -0.54001 0.3552 -0.76304 -0.53733 0.34675 -0.76879 -0.45772 0.31695 -0.83068 -0.51612 0.33644 -0.78767 -0.40694 0.29505 -0.86449 -0.46987 0.31651 -0.82404 -0.4502 0.30912 -0.83772 -0.44855 0.30421 -0.84039 -0.47568 0.31396 -0.82168 -0.29739 0.54773 -0.78202 -0.26489 0.42756 -0.86431 -0.24282 0.42343 -0.87278 -0.27829 0.39252 -0.87663 -0.24998 0.38654 -0.88775 -0.2283 0.31203 -0.92223 -0.27797 0.31484 -0.90753 -0.26687 0.27751 -0.92291 -0.18103 0.24726 -0.95189 -0.26924 0.27334 -0.92347 -0.13289 0.22471 -0.96532 -0.2248 0.25259 -0.9411 -0.18093 0.23699 -0.95451 -0.17072 0.19752 -0.96532 -0.2025 0.21027 -0.95644 -0.19841 0.19465 -0.9606 -0.25828 0.21313 -0.94227 -0.26134 0.2235 -0.93901 -0.29521 0.23765 -0.9254 -0.35174 0.25796 -0.89985 -0.35921 0.26094 -0.89603 -0.41089 0.27877 -0.86802 -0.43038 0.28625 -0.85606 -0.47609 0.30238 -0.82577 -0.29839 0.5478 -0.78158 -0.28866 0.51049 -0.80998 -0.30246 0.4738 -0.82706 -0.30144 0.47001 -0.8296 -0.32772 0.39296 -0.85917 -0.31344 0.34251 -0.88569 -0.31184 0.34198 -0.88645 -0.40635 0.32576 -0.85367 -0.16537 0.23684 -0.95737 -0.41168 0.3089 -0.85738 -0.38858 0.30029 -0.87111 -0.38412 0.28497 -0.8782 -0.44073 0.30252 -0.84513 -0.4434 0.31105 -0.84062 -0.3473 0.27085 -0.89779 -0.40121 0.29092 -0.86856 -0.28846 0.24326 -0.92608 -0.34625 0.265 -0.89994 -0.32331 0.25538 -0.91118 -0.32283 0.25388 -0.91177 -0.35459 0.26672 -0.89617 -0.4114 0.28657 -0.86523 -0.4138 0.2875 -0.86378 -0.46636 0.30507 -0.83033 -0.47849 0.30956 -0.82172 -0.52606 0.32573 -0.7856 -0.63083 0.36034 -0.68718 -0.59435 0.34755 -0.72523 -0.59297 0.34302 -0.72851 -0.10793 0.68773 -0.7179 -0.10094 0.65157 -0.75184 -0.10291 0.64774 -0.75488 -0.09567 0.61144 -0.78548 -0.09779 0.60703 -0.78864 -0.09041 0.57101 -0.81595 -0.09263 0.56606 -0.81914 -0.08519 0.53063 -0.84331 -0.08754 0.5251 -0.84653 -0.08011 0.49058 -0.86771 -0.08257 0.48446 -0.87091 -0.07523 0.45106 -0.88932 -0.07779 0.44438 -0.89245 -0.07058 0.41225 -0.90833 -0.07324 0.40497 -0.91139 -0.06192 0.35539 -0.93266 -0.06971 0.34839 -0.93475 -0.05424 0.28303 -0.95758 -0.06287 0.27505 -0.95937 -0.04593 0.2056 -0.97756 -0.06879 0.20039 -0.9773 -0.06368 0.18034 -0.98154 -0.08823 0.17502 -0.9806 -0.08337 0.15636 -0.98418 -0.21179 0.20059 -0.95651 -0.20912 0.19143 -0.95897 -0.33193 0.2335 -0.91395 -0.33069 0.22949 -0.91541 -0.44443 0.26917 -0.85442 -0.44744 0.27888 -0.84972 -0.48573 0.29171 -0.824 -0.49095 0.30787 -0.81497 -0.53058 0.32128 -0.78439 -0.53282 0.32813 -0.78003 -0.57515 0.34187 -0.74318 -0.13442 0.93248 -0.33527 -0.20735 0.89458 -0.3959 -0.29465 0.87409 -0.38619 -0.28941 0.83972 -0.45947 -0.36892 0.81696 -0.44325 -0.36072 0.7733 -0.52143 -0.36525 0.77092 -0.5218 -0.35357 0.71627 -0.60162 -0.35959 0.71327 -0.60161 -0.34514 0.65196 -0.67515 -0.35255 0.64854 -0.67462 -0.33624 0.58432 -0.73859 -0.34485 0.5807 -0.73747 -0.31652 0.47798 -0.81936 -0.43753 0.48104 -0.75972 -0.39907 0.35525 -0.8453 -0.54087 0.37231 -0.75421 -0.51072 0.27851 -0.81339 -0.66699 0.31318 -0.67605 -0.66778 0.31627 -0.67383 -0.5542 0.29195 -0.77951 -0.7014 0.34337 -0.62461 -0.70516 0.36173 -0.60983 -0.71243 0.36402 -0.59995 -0.71576 0.37992 -0.58596 -0.72966 0.38425 -0.56563 -0.73041 0.38792 -0.56216 -0.18958 0.72151 -0.66595 -0.18269 0.68806 -0.70228 -0.18489 0.68416 -0.70551 -0.17764 0.65026 -0.73865 -0.18003 0.64572 -0.74205 -0.17251 0.61171 -0.77204 -0.17501 0.60663 -0.77548 -0.16732 0.57287 -0.80239 -0.16996 0.56718 -0.80587 -0.16219 0.53395 -0.82981 -0.16492 0.5277 -0.83326 -0.15715 0.49527 -0.85441 -0.15997 0.48846 -0.8578 -0.15226 0.45705 -0.87631 -0.15517 0.44969 -0.8796 -0.14756 0.41936 -0.89574 -0.15052 0.41151 -0.89889 -0.1383 0.36393 -0.9211 -0.14696 0.35645 -0.92269 -0.13005 0.29294 -0.94724 -0.13932 0.28475 -0.94842 -0.12041 0.21623 -0.96889 -0.14394 0.21123 -0.96678 -0.13826 0.19139 -0.97173 -0.16203 0.18661 -0.96898 -0.15743 0.17088 -0.97263 -0.24918 0.20158 -0.94725 -0.26925 0.20591 -0.9408 -0.40256 0.24901 -0.88087 -0.40389 0.25321 -0.87907 -0.52268 0.29291 -0.80063 -0.52662 0.30608 -0.79309 -0.55568 0.31529 -0.76929 -0.56056 0.3311 -0.75904 -0.66051 0.3643 -0.65652 -0.66163 0.36848 -0.65305 -0.75057 0.39381 -0.53062 -0.77031 0.39331 -0.50192 -0.87574 0.43274 -0.21407 -0.87664 0.42789 -0.22005 -0.87509 0.42806 -0.22581 -0.87673 0.41504 -0.24307 -0.87635 0.41507 -0.24441 -0.87702 0.40794 -0.25382 -0.85015 0.39552 -0.34758 -0.84971 0.41039 -0.33101 -0.81761 0.40646 -0.4078 -0.85539 0.41353 -0.31192 -0.85557 0.40739 -0.31943 -0.83619 0.40525 -0.36953 -0.71857 0.38148 -0.5815 -0.52489 0.32853 -0.78521 -0.58393 0.34568 -0.73453 -0.57707 0.34348 -0.74095 -0.62867 0.35856 -0.69007 -0.62002 0.35593 -0.69921 -0.51982 0.33201 -0.78712 -0.52095 0.33551 -0.78488 -0.5381 0.3415 -0.7706 -0.47109 0.32015 -0.82193 -0.57799 0.35797 -0.73334 -0.51699 0.33909 -0.78597 -0.58756 0.36374 -0.72282 -0.58938 0.36969 -0.71831 -0.54792 0.3547 -0.75761 -0.54918 0.35873 -0.75479 -0.50493 0.34946 -0.78926 -0.8539 0.46247 -0.23872 -0.85137 0.47039 -0.23218 -0.86498 0.46855 -0.17961 -0.68719 0.48686 -0.5392 -0.68542 0.47391 -0.55281 -0.71512 0.4847 -0.50366 -0.71263 0.46011 -0.52958 -0.79735 0.48288 -0.36203 -0.79886 0.4591 -0.38864 -0.83251 0.46346 -0.30355 -0.83432 0.4534 -0.31359 -0.83357 0.45336 -0.31564 -0.65989 0.4334 -0.61377 -0.65125 0.39773 -0.64628 -0.69578 0.41161 -0.58861 -0.69505 0.40823 -0.59182 -0.73136 0.41821 -0.53871 -0.73154 0.41934 -0.53759 -0.69513 0.40958 -0.59079 -0.51088 0.4351 -0.74141 -0.50215 0.4013 -0.76603 -0.57648 0.43808 -0.68975 -0.61608 0.42281 -0.66459 -0.61298 0.42153 -0.66825 -0.60167 0.38031 -0.7024 -0.64916 0.39657 -0.64909 -0.64719 0.38917 -0.6555 -0.68858 0.40178 -0.60368 -0.6889 0.40316 -0.6024 -0.64137 0.38893 -0.66135 -0.6937 0.40245 -0.59733 -0.7943 0.44011 -0.4188 -0.79429 0.43873 -0.42025 -0.7966 0.43914 -0.41543 -0.77432 0.43878 -0.45596 -0.7386 0.43035 -0.51891 -0.74149 0.45379 -0.49423 -0.70583 0.44297 -0.55279 -0.71078 0.47619 -0.51772 -0.6151 0.43862 -0.65518 -0.62133 0.46811 -0.62835 -0.58608 0.4516 -0.67273 -0.7299 0.4192 -0.53992 -0.72934 0.41506 -0.54387 -0.67103 0.40357 -0.62197 -0.66869 0.39292 -0.63124 -0.60931 0.37683 -0.69766 -0.4127 0.44421 -0.79521 -0.44697 0.42228 -0.7886 -0.44494 0.42145 -0.7902 -0.42037 0.326 -0.84677 -0.46556 0.34746 -0.81396 -0.47118 0.36695 -0.80208 -0.55463 0.3698 -0.74541 -0.55304 0.36458 -0.74915 -0.6003 0.3822 -0.70254 -0.59695 0.37091 -0.71139 -0.63995 0.38522 -0.66488 -0.63932 0.38297 -0.66678 -0.57972 0.36359 -0.7292 -0.63915 0.38055 -0.66833 -0.54016 0.34795 -0.76626 -0.60673 0.36765 -0.70478 -0.56639 0.35442 -0.74404 -0.65821 0.38321 -0.648 -0.54151 0.33415 -0.77144 -0.54341 0.34001 -0.76753 -0.58546 0.35052 -0.731 -0.59505 0.35202 -0.72249 -0.62993 0.36273 -0.68674 -0.73951 0.39171 -0.54744 -0.73758 0.40789 -0.53815 -0.77187 0.41557 -0.48117 -0.77077 0.40729 -0.48993 -0.70575 0.38398 -0.59538 -0.70825 0.38463 -0.59198 -0.70995 0.39195 -0.58511 -0.68168 0.38546 -0.62188 -0.62822 0.36991 -0.68448 -0.74143 0.40134 -0.53778 -0.69078 0.38841 -0.60988 -0.73689 0.40394 -0.54205 -0.6581 0.38278 -0.64837 -0.68565 0.39469 -0.61164 -0.78927 0.39775 -0.46781 -0.7899 0.40206 -0.46304 -0.60175 0.35723 -0.71435 -0.82116 0.41582 -0.39088 -0.82148 0.4232 -0.3822 -0.8298 0.4042 -0.38478 -0.83028 0.41246 -0.37485 -0.84582 0.41392 -0.33654 -0.84566 0.42511 -0.32272 -0.78731 0.42005 -0.45133 -0.7222 0.41098 -0.55634 -0.76269 0.42687 -0.48589 -0.76252 0.42413 -0.48854 -0.79407 0.43548 -0.42403 -0.79412 0.43371 -0.42576 -0.70457 0.37928 -0.59977 -0.66469 0.36824 -0.65007 -0.66633 0.37407 -0.64504 -0.61108 0.35775 -0.70611 -0.68048 0.38072 -0.6261 -0.59618 0.35571 -0.71975 -0.62833 0.3703 -0.68416 -0.59134 0.3587 -0.72225 -0.59259 0.36297 -0.71909 -0.63763 0.38357 -0.66806 -0.6568 0.38638 -0.64755 -0.65892 0.39556 -0.63981 -0.68711 0.40156 -0.6055 -0.72133 0.40526 -0.56165 -0.77106 0.41683 -0.48137 -0.77147 0.42105 -0.47702 -0.82383 0.42978 -0.36959 -0.82372 0.43312 -0.36591 -0.82942 0.43316 -0.35274 -0.82912 0.43675 -0.34902 -0.5664 0.45314 -0.68837 -0.55854 0.42079 -0.71482 -0.66971 0.46967 -0.57524 -0.66168 0.42991 -0.61429 -0.70374 0.44441 -0.55429 -0.69825 0.41557 -0.58288 -0.73658 0.42629 -0.5251 -0.73613 0.42334 -0.5281 -0.76642 0.43059 -0.47665 -0.76643 0.43077 -0.47646 -0.76786 0.43107 -0.47389 -0.76813 0.43739 -0.46762 -0.80737 0.43759 -0.39582 -0.80723 0.44012 -0.39329 -0.81839 0.44155 -0.36781 -0.81812 0.44379 -0.36569 -0.84196 0.44548 -0.30438 -0.86064 0.44432 -0.24877 -0.82563 0.48486 -0.28851 -0.82778 0.47498 -0.29862 -0.8462 0.47553 -0.24044 -0.84671 0.47395 -0.24175 -0.86389 0.47186 -0.17617 -0.85604 0.48782 -0.17095 -0.85551 0.48794 -0.17325 -0.79582 0.5098 -0.32677 -0.86323 0.49142 -0.11552 -0.85129 0.50122 -0.15519 -0.83054 0.4375 -0.34467 -0.78907 0.58763 -0.17903 -0.82969 0.5474 -0.1094 -0.81961 0.55649 -0.13621 -0.85 0.52103 -0.07767 -0.85297 0.51745 -0.06842 -0.68789 0.68708 -0.23393 -0.64884 0.71265 -0.2667 -0.63163 0.7131 -0.3042 -0.82817 0.4471 -0.338 -0.82657 0.44638 -0.34282 -0.83476 0.43626 -0.33594 -0.84203 0.43716 -0.31605 -0.84632 0.43281 -0.31051 -0.85357 0.44026 -0.27855 -0.85721 0.43694 -0.27254 -0.88085 0.43572 -0.18508 -0.89172 0.43134 -0.13701 -0.89314 0.43092 -0.12889 -0.83533 0.43903 -0.33086 -0.84011 0.43434 -0.32491 -0.86359 0.43372 -0.25708 -0.86454 0.43281 -0.25543 -0.88514 0.43073 -0.17605 -0.88448 0.43149 -0.17754 -0.90525 0.42101 -0.05717 -0.86591 0.49896 -0.03512 -0.88517 0.46276 0.04833 -0.88374 0.46506 -0.05212 -0.88067 0.46954 -0.06289 -0.89582 0.43858 -0.07176 -0.90669 0.41965 0.04261 -0.90316 0.41814 0.09725 -0.90158 0.42404 0.08565 -0.89561 0.42305 0.13749 -0.89016 0.44633 0.09167 -0.87112 0.49047 -0.02433 -0.87031 0.49175 -0.02738 -0.86967 0.49036 -0.05666 -0.84971 0.52573 -0.03995 -0.83173 0.54673 -0.09653 -0.82907 0.55207 -0.08865 -0.80725 0.58472 -0.08028 -0.81118 0.57152 -0.12391 -0.72962 0.67424 -0.11427 -0.74476 0.65013 -0.15052 -0.68486 0.68768 -0.24097 -0.62858 0.74632 -0.21886 -0.63429 0.74081 -0.22108 -0.59565 0.76659 -0.23987 -0.59735 0.76511 -0.24038 -0.52917 0.7582 -0.38093 -0.67799 0.73145 -0.07282 -0.72189 0.67817 -0.13769 -0.69228 0.70715 -0.14384 -0.6935 0.70561 -0.14553 -0.64841 0.71468 -0.26231 -0.64161 0.7221 -0.25866 -0.59397 0.73707 -0.32237 -0.4965 0.81024 -0.31143 -0.54534 0.78551 -0.29254 -0.54222 0.78781 -0.29217 -0.58127 0.76664 -0.27274 -0.5743 0.77228 -0.27158 -0.60712 0.77073 -0.19334 -0.57169 0.8009 -0.17811 -0.31233 0.85788 -0.40804 -0.40383 0.82097 -0.40365 -0.38503 0.81348 -0.43588 -0.62972 0.35663 -0.69012 -0.71877 0.38233 -0.58068 -0.68914 0.37351 -0.62095 -0.7705 0.39441 -0.50077 -0.74964 0.38894 -0.53551 -0.80689 0.40139 -0.43337 -0.80737 0.40637 -0.42781 -0.79509 0.40341 -0.45288 -0.79477 0.40041 -0.45609 -0.78928 0.39897 -0.46676 -0.78757 0.38332 -0.48249 -0.78926 0.38377 -0.47936 -0.78591 0.35295 -0.50772 -0.78255 0.35211 -0.51346 -0.77954 0.33032 -0.53217 -0.77131 0.32798 -0.54544 -0.77805 0.3689 -0.50847 -0.83918 0.37707 -0.39191 -0.76924 0.42339 -0.47855 -0.77688 0.47562 -0.41261 -0.6554 0.5368 -0.53132 -0.67054 0.61062 -0.42133 -0.62967 0.63542 -0.44694 -0.5553 0.69708 -0.45356 -0.45149 0.74197 -0.49562 -0.45927 0.78207 -0.42123 -0.36571 0.81735 -0.44519 -0.37079 0.84936 -0.37563 -0.29259 0.87429 -0.3873 -0.29545 0.89715 -0.32838 -0.1678 0.92661 -0.33652 -0.16935 0.94184 -0.29028 -0.09271 0.95235 -0.29057 -0.09293 0.95454 -0.28322 -0.15467 0.94641 -0.28354 -0.15249 0.93642 -0.31601 -0.15681 0.93564 -0.31622 -0.1512 0.92332 -0.35301 -0.1617 0.92136 -0.35348 -0.15409 0.90979 -0.38541 -0.17343 0.90597 -0.3862 -0.16482 0.89562 -0.41315 -0.19691 0.88856 -0.41434 -0.18592 0.87881 -0.43947 -0.36409 0.82742 -0.42757 -0.3558 0.8232 -0.44243 -0.39414 0.80789 -0.43813 -0.3636 0.81663 -0.44823 -0.37451 0.82213 -0.42876 -0.32158 0.84137 -0.43438 -0.33358 0.8502 -0.4073 -0.30601 0.8601 -0.40815 -0.31533 0.8697 -0.37971 -0.29873 0.87537 -0.38011 -0.30674 0.88606 -0.34759 -0.29794 0.889 -0.34772 -0.30371 0.90051 -0.31121 -0.30066 0.90152 -0.31122 -0.30283 0.91104 -0.27982 -0.15328 0.94658 -0.28371 -0.15195 0.93312 -0.32588 -0.12153 0.94243 -0.31155 -0.11797 0.91131 -0.39446 -0.0925 0.91371 -0.39569 -0.08742 0.87349 -0.47893 -0.12631 0.87054 -0.4756 -0.12902 0.86894 -0.47781 -0.20236 0.85949 -0.46939 -0.20522 0.85766 -0.4715 -0.29271 0.83959 -0.45761 -0.2868 0.80584 -0.51803 -0.31454 0.78486 -0.53391 -0.28606 0.77779 -0.55966 -0.27983 0.74713 -0.60291 -0.19396 0.7574 -0.62347 -0.18754 0.72486 -0.66287 -0.11275 0.7267 -0.67764 -0.1061 0.69104 -0.71499 -0.06692 0.6892 -0.72148 -0.06008 0.67571 -0.73472 -0.09755 0.6782 -0.72838 -0.08312 0.60485 -0.79199 -0.15889 0.61154 -0.77509 -0.14378 0.54497 -0.82603 -0.25084 0.55497 -0.79315 -0.2628 0.56318 -0.78343 -0.28003 0.56397 -0.77687 -0.2921 0.57187 -0.76658 -0.2826 0.57157 -0.77035 -0.30003 0.6012 -0.74063 -0.29103 0.6011 -0.7443 -0.29348 0.60522 -0.73999 -0.3137 0.60559 -0.73134 -0.29971 0.54911 -0.78016 -0.32443 0.55166 -0.76838 -0.32412 0.55038 -0.76944 -0.32495 0.54973 -0.76955 -0.37223 0.55689 -0.74251 -0.34273 0.61949 -0.70623 -0.88205 0.44041 -0.16741 -0.89776 0.43564 -0.06514 -0.88932 0.43425 -0.14332 -0.89918 0.43091 -0.07615 -0.89362 0.43031 -0.12759 -0.90648 0.42205 -0.01277 -0.9042 0.42278 -0.06071 -0.90545 0.42175 -0.04773 -0.90653 0.41985 -0.04396 -0.8985 0.42009 -0.12734 -0.89473 0.42511 -0.13688 -0.88349 0.42387 -0.19944 -0.87977 0.42808 -0.20678 -0.85601 0.42795 -0.29001 -0.85427 0.42982 -0.29238 -0.8615 0.42811 -0.27302 -0.91234 0.40939 -0.00552 -0.89387 0.41892 -0.15972 -0.89311 0.41979 -0.16165 -0.90893 0.40888 0.08165 -0.9023 0.41957 -0.09912 -0.90576 0.41462 -0.08769 -0.87828 0.41882 -0.23069 -0.87515 0.42164 -0.23735 -0.88105 0.42171 -0.21428 -0.85656 0.42368 -0.29462 -0.81247 0.56647 0.13784 -0.84168 0.53414 0.07915 -0.85408 0.49509 0.15946 -0.86696 0.48264 0.12427 -0.87462 0.43682 0.2103 -0.89111 0.43511 0.12883 -0.89437 0.41509 0.16671 -0.90679 0.40816 0.10556 -0.90652 0.4181 0.05852 -0.43256 0.87496 -0.21756 -0.42176 0.85361 -0.30572 -0.43406 0.84777 -0.30477 -0.47358 0.8526 -0.22089 -0.42738 0.87948 -0.20942 -0.4904 0.85192 -0.18369 -0.35773 0.88725 -0.29123 -0.48004 0.84701 -0.22835 -0.50339 0.83603 -0.21831 -0.51472 0.83572 -0.19141 -0.53802 0.8231 -0.18176 -0.33289 0.88177 -0.33417 -0.28691 0.86989 -0.40122 -0.23619 0.88509 -0.40104 -0.34097 0.85739 -0.38551 -0.36231 0.84727 -0.3884 -0.27624 0.87866 -0.38943 -0.30019 0.86903 -0.39328 -0.26831 0.8794 -0.39328 -0.42868 0.85275 -0.29841 -0.83355 0.54841 -0.06659 -0.80574 0.58441 0.09619 -0.82922 0.55886 -0.00815 -0.84436 0.532 0.0635 -0.85757 0.51417 -0.01432 -0.87454 0.48075 0.0638 -0.87955 0.47546 0.01787 -0.89435 0.43474 0.10553 -0.89695 0.43662 -0.06961 -0.90952 0.41522 -0.01903 -0.88742 0.41828 -0.19372 -0.88771 0.418 -0.19301 -0.88547 0.41925 -0.20041 -0.86483 0.41765 -0.27865 -0.8566 0.41207 -0.31053 -0.89599 0.41802 -0.1499 -0.88509 0.42923 -0.17992 -0.89989 0.43611 0.00231 -0.88242 0.46545 -0.06846 -0.88131 0.4716 -0.02989 -0.86435 0.49474 -0.09016 -0.85869 0.51177 -0.02736 -0.8407 0.5334 -0.09333 -0.82688 0.56168 -0.02802 -0.81093 0.57807 -0.09073 -0.6856 0.72285 -0.08624 -0.74038 0.63729 -0.21377 -0.7709 0.6218 -0.13815 -0.76013 0.64247 -0.09717 -0.75503 0.64589 -0.11292 -0.72142 0.69164 -0.03431 -0.7125 0.69853 -0.06639 -0.65861 0.75239 0.01174 -0.64084 0.7657 -0.055 -0.62751 0.77807 -0.029 -0.6043 0.78957 -0.10677 -0.66649 0.7307 -0.14791 -0.68003 0.71305 -0.17063 -0.70576 0.68333 -0.18699 -0.62311 0.72878 -0.28392 -0.60571 0.74465 -0.28039 -0.84291 0.42282 -0.33277 -0.83862 0.42621 -0.3392 -0.85243 0.42728 -0.30132 -0.86819 0.42726 -0.2524 -0.87189 0.42356 -0.24575 -0.88294 0.42395 -0.2017 -0.88524 0.42147 -0.19673 -0.90193 0.41878 -0.10557 -0.9024 0.41812 -0.10416 -0.91272 0.40781 0.02493 -0.90865 0.41136 0.07167 -0.9076 0.41976 -0.00814 -0.90714 0.41839 0.04511 -0.90404 0.42598 -0.03542 -0.90132 0.43073 -0.04582 -0.90094 0.43042 0.05511 -0.90078 0.43228 0.04159 -0.89098 0.45401 -0.00634 -0.87735 0.44356 0.18305 -0.86308 0.49999 0.07143 -0.85706 0.49517 0.14229 -0.82939 0.55866 0.00257 -0.81637 0.56465 0.12129 -0.79905 0.60038 0.03248 -0.78045 0.61696 0.10129 -0.77764 0.62281 0.08593 -0.79559 0.60506 0.0306 -0.78391 0.62049 -0.0219 -0.79928 0.59724 -0.0668 -0.78637 0.60712 -0.11416 -0.81491 0.54947 -0.1844 -0.82109 0.53658 -0.19466 -0.82957 0.53223 -0.16895 -0.8345 0.51975 -0.18296 -0.84598 0.51228 -0.14794 -0.84993 0.49214 -0.18819 -0.86402 0.48102 -0.1486 -0.8634 0.46748 -0.18974 -0.8778 0.45452 -0.15127 -0.8757 0.44851 -0.17888 -0.89238 0.43154 -0.132 -0.8935 0.43208 -0.12236 -0.86142 0.41357 -0.29481 -0.87882 0.45907 -0.13012 -0.88933 0.44624 -0.0998 -0.89769 0.44039 0.0145 -0.88868 0.45785 -0.02501 -0.88735 0.45491 0.07527 -0.86581 0.49971 -0.02575 -0.86601 0.49862 0.03749 -0.83132 0.54867 -0.08874 -0.82851 0.55989 0.00923 -0.80234 0.59089 -0.08431 -0.79512 0.60521 0.03864 -0.78249 0.6225 -0.01426 -0.74768 0.65814 0.08842 -0.74242 0.6671 0.06165 -0.76565 0.6432 0.00881 -0.75059 0.65854 -0.05421 -0.77231 0.62799 -0.09575 -0.75678 0.63643 -0.14917 -0.79832 0.56554 -0.20702 -0.78878 0.56813 -0.23466 -0.7992 0.54846 -0.24592 -0.79062 0.5501 -0.26891 -0.83053 0.48022 -0.28213 -0.82812 0.48059 -0.28852 -0.8746 0.39138 -0.28617 -0.86772 0.40675 -0.28568 -0.41894 0.84293 -0.33757 -0.39316 0.8574 -0.33209 -0.45519 0.82549 -0.33373 -0.42994 0.81871 -0.38061 -0.46678 0.79947 -0.3781 -0.69383 0.63966 -0.33079 -0.58295 0.74316 -0.32845 -0.52908 0.78181 -0.32993 -0.55472 0.78452 -0.27715 -0.58565 0.75931 -0.28366 -0.42193 0.80433 -0.41835 -0.44563 0.79263 -0.41613 -0.35872 0.83071 -0.42572 -0.3859 0.8193 -0.42407 -0.28412 0.85608 -0.43175 -0.31406 0.84538 -0.43208 -0.21575 0.87359 -0.43623 -0.24819 0.86423 -0.43762 -0.17931 0.88043 -0.43896 -0.21142 0.87109 -0.44328 -0.71779 0.63414 -0.2875 -0.69945 0.6344 -0.3291 -0.6867 0.64739 -0.33066 -0.67014 0.64537 -0.36661 -0.66103 0.65336 -0.36899 -0.66616 0.65452 -0.35754 -0.65174 0.66663 -0.36171 -0.66009 0.67041 -0.33887 -0.65153 0.67752 -0.34127 -0.65848 0.68289 -0.31633 -0.65509 0.68573 -0.31724 -0.661 0.69226 -0.28957 -0.66107 0.6922 -0.28956 -0.6652 0.69987 -0.26017 -0.66838 0.6971 -0.25946 -0.66998 0.70411 -0.23526 -0.6723 0.70204 -0.23484 -0.92571 0.34694 -0.15065 -0.90889 0.38416 -0.16231 -0.86774 0.45791 -0.19325 -0.8685 0.46398 -0.17445 -0.86541 0.46926 -0.17568 -0.86452 0.46499 -0.19073 -0.88782 0.42377 -0.17942 -0.88576 0.41888 -0.1999 -0.85195 0.47588 -0.21845 -0.84847 0.47148 -0.24043 -0.8444 0.47763 -0.2426 -0.84 0.474 -0.26406 -0.83712 0.4782 -0.26563 -0.83129 0.47587 -0.28725 -0.82993 0.47779 -0.28799 -0.82485 0.47721 -0.30314 -0.8245 0.47771 -0.30331 -0.82677 0.47774 -0.29702 -0.82531 0.48 -0.29742 -0.82871 0.47963 -0.28842 -0.77854 0.55741 -0.28839 -0.78645 0.55637 -0.26824 -0.74864 0.61152 -0.25609 -0.76202 0.60896 -0.22019 -0.72293 0.66358 -0.19246 -0.74077 0.65754 -0.13746 -0.70992 0.69689 -0.10176 -0.7291 0.68374 -0.03026 -0.69833 0.71554 0.01843 -0.70766 0.70397 0.06034 -0.75135 0.65907 -0.03301 -0.75687 0.65346 -0.01204 -0.78175 0.61567 -0.09903 -0.78542 0.61272 -0.08768 -0.79242 0.59574 -0.13099 -0.76411 0.61308 -0.20068 -0.73951 0.62316 -0.25456 -0.72635 0.62455 -0.28697 -0.77493 0.56223 -0.28877 -0.76408 0.56292 -0.31513 -0.7593 0.56885 -0.31602 -0.75012 0.56829 -0.33818 -0.74626 0.57253 -0.33956 -0.75152 0.57339 -0.32625 -0.74582 0.57952 -0.3285 -0.75304 0.58247 -0.30604 -0.75094 0.58475 -0.30685 -0.75671 0.58917 -0.28334 -0.75763 0.58815 -0.28299 -0.76239 0.59356 -0.25778 -0.7653 0.59025 -0.25675 -0.76856 0.59667 -0.23087 -0.7734 0.59098 -0.22932 -0.77471 0.59688 -0.20873 -0.77762 0.59335 -0.20795 -0.77601 0.58126 -0.24483 -0.86793 0.45762 -0.19309 -0.68515 0.68709 -0.24184 -0.65005 0.72723 -0.22039 -0.69281 0.68005 -0.2399 -0.67351 0.68156 -0.28611 -0.66086 0.69483 -0.28368 -0.63489 0.69394 -0.33966 -0.61356 0.71211 -0.34124 -0.59002 0.70776 -0.38853 -0.57546 0.71814 -0.3913 -0.58023 0.71955 -0.38155 -0.55708 0.73505 -0.38648 -0.56616 0.73975 -0.36364 -0.55098 0.74962 -0.36672 -0.55877 0.75601 -0.34092 -0.55079 0.76115 -0.34245 -0.55757 0.76882 -0.31311 -0.55463 0.77072 -0.31363 -0.55944 0.77954 -0.28167 -0.56062 0.77877 -0.28149 -0.56245 0.78668 -0.25453 -0.56381 0.78576 -0.25437 -0.56318 0.77925 -0.27494 -0.67181 0.69703 -0.25064 -0.77085 0.58715 -0.24706 -0.77732 0.57986 -0.24402 -0.77171 0.53243 -0.34782 -0.86632 0.43191 -0.25088 -0.89971 0.37739 -0.21932 -0.84783 0.43915 -0.2972 -0.92153 0.34198 -0.18393 -0.38844 0.82256 -0.41535 -0.42576 0.806 -0.41121 -0.32032 0.84779 -0.42266 -0.36214 0.8324 -0.41948 -0.24058 0.87103 -0.42828 -0.28661 0.8575 -0.42725 -0.16908 0.886 -0.43175 -0.21796 0.87502 -0.43224 -0.13159 0.89148 -0.43353 -0.18068 0.88139 -0.43648 -0.23597 0.86911 -0.4347 -0.23147 0.86625 -0.44275 -0.2357 0.86488 -0.44321 -0.25813 0.87706 -0.40514 -0.33852 0.84989 -0.40383 -0.39369 0.80459 -0.44457 -0.35194 0.80709 -0.47407 -0.37537 0.81937 -0.43327 -0.32635 0.82759 -0.45672 -0.34799 0.84363 -0.4089 -0.31609 0.84872 -0.42398 -0.33071 0.86378 -0.38015 -0.31215 0.8668 -0.38887 -0.32253 0.88053 -0.34732 -0.31302 0.88218 -0.35182 -0.31949 0.89496 -0.3114 -0.31737 0.89551 -0.31199 -0.31966 0.90539 -0.27946 -0.3189 0.90554 -0.27982 -0.31855 0.90175 -0.29218 -0.32014 0.90283 -0.28707 -0.31659 0.87112 -0.37538 -0.32233 0.87628 -0.35811 -0.31495 0.82623 -0.46707 -0.32166 0.83955 -0.43783 -0.31433 0.79689 -0.51591 -0.32266 0.80716 -0.49435 -0.31341 0.75831 -0.57162 -0.33008 0.75582 -0.56549 -0.32575 0.73373 -0.59626 -0.75855 0.45565 -0.46581 -0.80959 0.46549 -0.3576 -0.82852 0.45141 -0.33134 -0.80771 0.44698 -0.38447 -0.82145 0.44159 -0.36086 -0.81856 0.44118 -0.36787 -0.8152 0.44349 -0.37252 -0.79251 0.49589 -0.35499 -0.78238 0.50064 -0.37045 -0.80633 0.5049 -0.30807 -0.77185 0.52057 -0.36504 -0.7972 0.52632 -0.29573 -0.72014 0.59216 -0.36159 -0.75987 0.57837 -0.29678 -0.75235 0.57414 -0.32301 -0.80296 0.54935 -0.23124 -0.84094 0.52775 -0.11957 -0.81165 0.55239 -0.18994 -0.81908 0.55113 -0.15926 -0.7641 0.58539 -0.27107 -0.73834 0.554 -0.38463 -0.73888 0.56043 -0.37413 -0.71492 0.56672 -0.40954 -0.71328 0.57556 -0.39996 -0.69829 0.57837 -0.42176 -0.69457 0.58899 -0.41311 -0.68346 0.59031 -0.42944 -0.68449 0.58816 -0.43075 -0.66745 0.5847 -0.46112 -0.7338 0.52399 -0.43241 -0.7718 0.5422 -0.33217 -0.76957 0.53854 -0.34313 -0.79463 0.54936 -0.25839 -0.82242 0.53196 -0.2016 -0.80967 0.52755 -0.25714 -0.83623 0.50955 -0.20266 -0.81854 0.50214 -0.27902 -0.83657 0.49 -0.24505 -0.8195 0.48414 -0.30664 -0.84478 0.46627 -0.26257 -0.61408 0.68282 -0.39581 -0.6348 0.66479 -0.39381 -0.64388 0.66468 -0.37898 -0.6603 0.64776 -0.38002 -0.67029 0.64675 -0.36391 -0.68324 0.63124 -0.36704 -0.69531 0.62899 -0.34773 -0.70533 0.61505 -0.35244 -0.73067 0.6078 -0.31097 -0.73106 0.60653 -0.31254 -0.77128 0.58907 -0.24109 -0.56421 0.69814 -0.44075 -0.54127 0.70581 -0.45701 -0.53148 0.70321 -0.47226 -0.47765 0.70958 -0.51803 -0.4731 0.70786 -0.52451 -0.47918 0.70119 -0.52795 -0.50279 0.70938 -0.49395 -0.5182 0.70506 -0.48411 -0.5353 0.69579 -0.47888 -0.51391 0.68805 -0.51233 -0.55716 0.66741 -0.4941 -0.5436 0.66291 -0.51484 -0.57072 0.65119 -0.50023 -0.57708 0.65309 -0.49036 -0.59028 0.64717 -0.48242 -0.59795 0.6491 -0.47024 -0.60911 0.64252 -0.46492 -0.62086 0.64481 -0.44583 -0.57579 0.70036 -0.42185 -0.60269 0.68185 -0.41454 -0.47098 0.74294 -0.47562 -0.52252 0.74005 -0.42343 -0.51723 0.73879 -0.43204 -0.55878 0.73225 -0.38933 -0.5591 0.73229 -0.38879 -0.60345 0.71175 -0.35954 -0.60532 0.71181 -0.35625 -0.64131 0.69065 -0.33425 -0.6408 0.69069 -0.33515 -0.67121 0.66984 -0.31747 -0.67174 0.66975 -0.31655 -0.69762 0.64966 -0.30209 -0.70089 0.64878 -0.29638 -0.72294 0.62969 -0.28435 -0.73246 0.62612 -0.26734 -0.75091 0.60827 -0.25717 -0.77469 0.59591 -0.21152 -0.78853 0.58057 -0.20288 -0.82482 0.5525 -0.12007 -0.8341 0.54003 -0.11243 -0.84631 0.5269 -0.07836 -0.84351 0.5148 -0.15318 -0.85412 0.50454 -0.12616 -0.84592 0.49339 -0.20244 -0.85378 0.48661 -0.18512 -0.84258 0.47735 -0.2494 -0.8561 0.46615 -0.22317 -0.82719 0.45916 -0.32394 -0.84054 0.44833 -0.30412 -0.82192 0.4451 -0.35544 -0.82702 0.44034 -0.34947 -0.54834 0.75728 -0.35475 -0.54868 0.75538 -0.35827 -0.48314 0.73855 -0.47024 -0.42601 0.7667 -0.4803 -0.31175 0.78539 -0.53477 -0.35425 0.77124 -0.52887 -0.36446 0.77605 -0.51471 -0.37567 0.77201 -0.51272 -0.40032 0.78546 -0.47201 -0.49565 0.74217 -0.45113 -0.5137 0.75405 -0.4093 -0.53586 0.74182 -0.40319 -0.54856 0.75359 -0.36219 -0.62285 0.70346 -0.34235 -0.63088 0.71336 -0.30513 -0.54349 0.77364 -0.32572 -0.70353 0.65288 -0.28071 -0.5491 0.82161 -0.15312 -0.4962 0.85839 -0.13021 -0.51138 0.84948 -0.12989 -0.54368 0.82671 -0.14477 -0.50309 0.829 -0.24425 -0.55142 0.79452 -0.25431 -0.5189 0.79162 -0.3226 -0.52715 0.78605 -0.32287 -0.49029 0.80192 -0.34138 -0.52089 0.78232 -0.34153 -0.45176 0.78901 -0.41639 -0.45603 0.78675 -0.41601 -0.41014 0.77 -0.48876 -0.38105 0.8785 -0.28816 -0.35232 0.89156 -0.2846 -0.41371 0.87291 -0.25861 -0.44568 0.85551 -0.26356 -0.46865 0.84625 -0.25344 -0.56158 0.78295 -0.26762 -0.57574 0.78296 -0.23558 -0.63176 0.74152 -0.22587 -0.61515 0.76033 -0.20856 -0.62911 0.75806 -0.17194 -0.57193 0.80753 -0.14416 -0.5822 0.80488 -0.11492 -0.5643 0.81893 -0.10451 -0.58325 0.81107 -0.04448 -0.60961 0.7899 -0.06649 -0.65298 0.74218 -0.15093 -0.65358 0.74164 -0.15101 -0.68167 0.71058 -0.17438 -0.6472 0.73894 -0.18736 -0.64866 0.73739 -0.18841 -0.60108 0.7398 -0.30232 -0.57388 0.76263 -0.29842 -0.52968 0.75598 -0.38462 -0.53233 0.75421 -0.38444 -0.46262 0.76962 -0.44008 -0.44213 0.78019 -0.44253 -0.41177 0.76863 -0.48954 -0.33607 0.79736 -0.50127 -0.28755 0.8028 -0.52234 -0.29013 0.80207 -0.52202 -0.31404 0.81673 -0.48408 -0.36748 0.79888 -0.47619 -0.38813 0.81413 -0.43192 -0.36435 0.82255 -0.43665 -0.3795 0.8379 -0.3923 -0.36479 0.84317 -0.39497 -0.37576 0.85736 -0.35176 -0.36808 0.86017 -0.35302 -0.3751 0.87371 -0.30972 -0.37262 0.87464 -0.31009 -0.37497 0.88455 -0.27743 -0.37464 0.88467 -0.27749 -0.37431 0.88133 -0.28836 -0.41137 0.86854 -0.27642 -0.40853 0.8404 -0.35614 -0.4817 0.81149 -0.33082 -0.49693 0.80587 -0.32193 -0.56229 0.77226 -0.29572 -0.57322 0.7669 -0.28858 -0.6463 0.71932 -0.25471 -0.6527 0.7152 -0.24993 -0.71302 0.6665 -0.21769 -0.71651 0.66361 -0.215 -0.58956 0.46723 -0.65887 -0.53376 0.43624 -0.72443 -0.53769 0.45245 -0.71146 -0.48341 0.41954 -0.76831 -0.48736 0.43538 -0.75692 -0.4334 0.39995 -0.8076 -0.43699 0.41453 -0.79825 -0.40518 0.39391 -0.82503 -0.34425 0.33315 -0.87778 -0.44092 0.39221 -0.80732 -0.45828 0.46827 -0.75545 -0.45465 0.46215 -0.76139 -0.42953 0.51764 -0.73997 -0.43987 0.57645 -0.68863 -0.31653 0.54022 -0.77972 -0.33406 0.6677 -0.66527 -0.33032 0.66707 -0.66777 -0.33828 0.73273 -0.59049 -0.31712 0.73543 -0.59882 -0.3231 0.7808 -0.53474 -0.27186 0.81161 -0.5171 -0.28907 0.81745 -0.49821 -0.29308 0.84906 -0.43955 -0.22065 0.85971 -0.46065 -0.22427 0.89293 -0.39036 -0.2116 0.87881 -0.42768 -0.2164 0.92941 -0.29896 -0.20905 0.92713 -0.31102 -0.20977 0.93495 -0.28612 -0.21195 0.93474 -0.28518 -0.20946 0.92388 -0.32027 -0.21523 0.92302 -0.31891 -0.20777 0.9077 -0.36457 -0.21978 0.90602 -0.36169 -0.20797 0.88922 -0.40748 -0.22925 0.88636 -0.40225 -0.21255 0.86737 -0.45 -0.24625 0.86278 -0.44155 -0.2219 0.84195 -0.49182 -0.27107 0.83492 -0.47899 -0.25302 0.8235 -0.50777 -0.82248 0.44576 -0.35332 -0.82052 0.44462 -0.35925 -0.82501 0.43918 -0.35564 -0.82881 0.44032 -0.34523 -0.82894 0.4402 -0.34509 -0.84215 0.44558 -0.3037 -0.83818 0.44888 -0.30977 -0.85732 0.46044 -0.2302 -0.85707 0.46066 -0.23071 -0.85686 0.47771 -0.19389 -0.86323 0.47194 -0.17915 -0.85841 0.49342 -0.14022 -0.86066 0.49116 -0.13424 -0.85121 0.51491 -0.10157 -0.8502 0.516 -0.10446 -0.8302 0.53884 -0.1429 -0.81701 0.54956 -0.17459 -0.78659 0.57658 -0.22098 -0.78851 0.57546 -0.21701 -0.75061 0.60401 -0.26788 -0.76631 0.59704 -0.23729 -0.7235 0.62559 -0.29187 -0.74593 0.61787 -0.24864 -0.69872 0.64595 -0.30746 -0.72427 0.6395 -0.25782 -0.67268 0.66655 -0.32126 -0.69929 0.66235 -0.26886 -0.64318 0.68759 -0.33696 -0.66844 0.68622 -0.28686 -0.60612 0.70851 -0.36143 -0.63437 0.71005 -0.30563 -0.57504 0.71712 -0.39379 -0.61053 0.72167 -0.32627 -0.54312 0.72485 -0.42381 -0.52454 0.71992 -0.45451 -0.48004 0.74582 -0.46187 -0.39362 0.75378 -0.5262 -0.42718 0.73945 -0.52032 -0.42433 0.73829 -0.52428 -0.42149 0.73949 -0.52488 -0.43642 0.7458 -0.50331 -0.49462 0.71868 -0.48872 -0.51813 0.72961 -0.44633 -0.52331 0.72678 -0.44491 -0.70012 0.61049 -0.37032 -0.65825 0.4751 -0.58394 -0.70313 0.49493 -0.51054 -0.7016 0.48154 -0.52525 -0.73902 0.49604 -0.45583 -0.73821 0.48116 -0.47279 -0.80482 0.49784 -0.32313 -0.80669 0.48245 -0.34131 -0.74403 0.46601 -0.47881 -0.8519 0.47634 -0.21764 -0.85219 0.47551 -0.21834 -0.84816 0.47663 -0.23121 -0.85127 0.47556 -0.22176 -0.863 0.47387 -0.17514 -0.85566 0.48872 -0.17028 -0.85726 0.48834 -0.16318 -0.84567 0.50858 -0.1618 -0.84745 0.50814 -0.15373 -0.72321 0.65607 -0.21574 -0.72938 0.6509 -0.21057 -0.67164 0.69038 -0.26882 -0.67387 0.66638 -0.3191 -0.60401 0.68089 -0.4142 -0.64752 0.66978 -0.36346 -0.61766 0.6765 -0.40105 -0.61786 0.63303 -0.46639 -0.60136 0.63037 -0.49092 -0.59823 0.58393 -0.54877 -0.58198 0.57719 -0.57284 -0.57345 0.51418 -0.63779 -0.62573 0.54241 -0.56058 -0.62284 0.52121 -0.58345 -0.60616 0.51186 -0.60875 -0.60251 0.49209 -0.62835 -0.60185 0.49174 -0.62926 -0.59816 0.47373 -0.64637 -0.61434 0.4818 -0.62487 -0.61099 0.46548 -0.64032 -0.64048 0.47903 -0.60027 -0.63776 0.46452 -0.6144 -0.67199 0.47878 -0.56497 -0.66786 0.45331 -0.59032 -0.74574 0.48008 -0.46196 -0.74328 0.45099 -0.49411 -0.79709 0.46367 -0.38685 -0.79764 0.44517 -0.40693 -0.82001 0.44835 -0.35576 -0.83462 0.4469 -0.32201 -0.82705 0.44627 -0.34181 -0.82598 0.45356 -0.33473 -0.85503 0.44871 -0.25997 -0.84962 0.46699 -0.24509 -0.84409 0.4678 -0.26206 -0.87939 0.45614 -0.13643 -0.85639 0.4587 -0.23705 -0.77846 0.45071 -0.43688 -0.88704 0.43981 -0.14046 -0.86282 0.44124 -0.24669 -0.86355 0.43782 -0.25021 -0.8238 0.43405 -0.36463 -0.85109 0.43461 -0.29455 -0.85144 0.43124 -0.29847 -0.80607 0.42645 -0.41037 -0.80583 0.42088 -0.41653 -0.7965 0.41975 -0.4352 -0.79575 0.41169 -0.44419 -0.77402 0.40797 -0.4842 -0.77254 0.39857 -0.49429 -0.7476 0.39362 -0.53494 -0.74666 0.38908 -0.53955 -0.66743 0.36825 -0.64725 -0.66761 0.36887 -0.64671 -0.6195 0.35425 -0.70052 -0.57483 0.34087 -0.7439 -0.57639 0.34138 -0.74246 -0.52597 0.32546 -0.78577 -0.52358 0.32464 -0.7877 -0.46701 0.30698 -0.82926 -0.47419 0.30958 -0.8242 -0.41232 0.2893 -0.86388 -0.38258 0.27798 -0.88112 -0.38467 0.2843 -0.87818 -0.40626 0.293 -0.8655 -0.34847 0.27196 -0.897 -0.45747 0.31619 -0.83111 -0.40309 0.29671 -0.86572 -0.49048 0.33174 -0.80584 -0.49153 0.33503 -0.80384 -0.45608 0.32046 -0.83024 -0.45717 0.32401 -0.82826 -0.41238 0.30451 -0.85861 -0.4327 0.379 -0.818 -0.39024 0.36182 -0.84664 -0.42235 0.49698 -0.75804 -0.40709 0.49307 -0.76887 -0.37433 0.56672 -0.73397 -0.3756 0.56698 -0.73312 -0.38671 0.62353 -0.67946 -0.35613 0.6786 -0.64239 -0.35637 0.67984 -0.64095 -0.34528 0.73108 -0.58847 -0.34542 0.73186 -0.58742 -0.3344 0.77311 -0.53896 -0.33666 0.78607 -0.51842 -0.3267 0.8155 -0.47773 -0.33033 0.83876 -0.43286 -0.32274 0.8559 -0.40407 -0.32512 0.87398 -0.36119 -0.31842 0.89842 -0.30241 -0.32114 0.9025 -0.287 -0.32132 0.90451 -0.28037 -0.32218 0.90444 -0.27963 -0.3198 0.89422 -0.3132 -0.32325 0.89355 -0.31157 -0.3162 0.87968 -0.35522 -0.32578 0.87798 -0.35075 -0.31446 0.86298 -0.39545 -0.33292 0.85994 -0.38687 -0.31662 0.84301 -0.43484 -0.34762 0.83807 -0.42048 -0.32326 0.81961 -0.47302 -0.37042 0.812 -0.45104 -0.34319 0.79706 -0.4969 -0.38342 0.79526 -0.46962 -0.39462 0.8002 -0.45161 -0.38901 0.80258 -0.45226 -0.46233 0.79221 -0.39833 -0.4151 0.81607 -0.40215 -0.46604 0.79616 -0.38591 -0.35743 0.84802 -0.39129 -0.47094 0.80517 -0.36044 -0.36267 0.85908 -0.36117 -0.39479 0.84662 -0.3569 -0.31308 0.88097 -0.35478 -0.34831 0.86923 -0.35088 -0.29334 0.89025 -0.34844 -0.33264 0.87983 -0.33948 -0.36185 0.86771 -0.3408 -0.4009 0.87721 -0.26418 -0.4443 0.84833 -0.28797 -0.49998 0.81495 -0.29306 -0.48044 0.81178 -0.33194 -0.5075 0.79515 -0.33192 -0.48459 0.7901 -0.37538 -0.53254 0.76095 -0.37061 -0.51429 0.75615 -0.40465 -0.49466 0.76772 -0.40733 -0.49896 0.7693 -0.39902 -0.46793 0.7861 -0.40384 -0.47742 0.79168 -0.3812 -0.45649 0.80248 -0.38425 -0.46478 0.80982 -0.35802 -0.4529 0.81581 -0.35963 -0.4602 0.82451 -0.32925 -0.45459 0.82734 -0.32994 -0.45983 0.83714 -0.29622 -0.45928 0.83743 -0.29628 -0.46127 0.84602 -0.26735 -0.46174 0.84578 -0.26732 -0.46102 0.83819 -0.29138 -0.56424 0.77864 -0.27449 -0.55964 0.74471 -0.3636 -0.67165 0.66748 -0.3215 -0.66216 0.61476 -0.42849 -0.77656 0.5289 -0.34238 -0.76941 0.47877 -0.42284 -0.86794 0.40348 -0.28962 -0.86644 0.36577 -0.33986 -0.9207 0.3341 -0.20173 -0.91794 0.33662 -0.20994 -0.85219 0.45808 -0.25284 -0.838 0.46462 -0.28617 -0.84016 0.45588 -0.29377 -0.83455 0.45602 -0.30914 -0.83304 0.44916 -0.32296 -0.85343 0.47407 -0.21661 -0.84951 0.47531 -0.22892 -0.84872 0.4731 -0.23631 -0.84764 0.5021 -0.17149 -0.85305 0.48877 -0.18279 -0.85692 0.48204 -0.18254 -0.87196 0.45447 -0.18204 -0.87778 0.44849 -0.16838 -0.8712 0.45076 -0.19449 -0.88381 0.43155 -0.18068 -0.88621 0.42663 -0.18059 -0.89194 0.41338 -0.18319 -0.89204 0.41338 -0.18271 -0.89211 0.4134 -0.18233 -0.89214 0.41343 -0.18209 -0.89221 0.41348 -0.18166 -0.88891 0.41405 -0.19595 -0.88927 0.41861 -0.1843 -0.89771 0.40569 -0.17182 -0.89304 0.41505 -0.17385 -0.88987 0.41983 -0.17856 -0.89032 0.41916 -0.17788 -0.89067 0.41865 -0.17732 -0.89081 0.41845 -0.17708 -0.89112 0.418 -0.17656 -0.89145 0.41756 -0.17599 -0.89766 0.40888 -0.16441 -0.89129 0.41878 -0.17385 -0.89162 0.4183 -0.17334 -0.89171 0.41817 -0.17319 -0.89205 0.41766 -0.17262 -0.89489 0.41367 -0.1675 -0.89214 0.41918 -0.16843 -0.89266 0.41817 -0.16822 -0.89303 0.41747 -0.168 -0.89324 0.41705 -0.16787 -0.89691 0.41182 -0.16111 -0.89374 0.41612 -0.16753 -0.8943 0.41511 -0.16704 -0.89799 0.40852 -0.16347 -0.89568 0.41506 -0.15962 -0.89634 0.41332 -0.16046 -0.89751 0.41032 -0.16159 -0.89812 0.40884 -0.16196 -0.89873 0.40741 -0.16217 -0.89935 0.406 -0.16229 -0.90005 0.40445 -0.16229 -0.90556 0.39227 -0.16153 -0.90328 0.39955 -0.15636 -0.912 0.37207 -0.17272 -0.90719 0.39302 -0.15012 -0.90768 0.39118 -0.15198 -0.90821 0.38927 -0.1537 -0.90875 0.38737 -0.15526 -0.90916 0.38603 -0.15626 -0.90948 0.38494 -0.15705 -0.90513 0.38993 -0.1694 -0.9044 0.39072 -0.17145 -0.90373 0.39136 -0.17351 -0.91019 0.38262 -0.15861 -0.91108 0.37978 -0.16032 -0.90962 0.38433 -0.15777 -0.90616 0.38873 -0.16663 -0.90555 0.38944 -0.16825 -0.90288 0.39208 -0.1763 -0.90234 0.39235 -0.17843 -0.90179 0.39261 -0.18065 -0.92633 0.3481 -0.14402 -0.93284 0.32661 -0.15208 -0.92938 0.33662 -0.15144 -0.92375 0.35161 -0.15187 -0.93382 0.32385 -0.15201 -0.92511 0.35207 -0.14217 -0.92903 0.33957 -0.14693 -0.93198 0.32992 -0.15019 -0.93465 0.32109 -0.15274 -0.93493 0.32017 -0.15295 -0.93445 0.3217 -0.15268 -0.92729 0.34099 -0.15448 -0.91958 0.35349 -0.17149 -0.9199 0.35215 -0.17255 -0.91781 0.35271 -0.18229 -0.91221 0.35976 -0.19607 -0.91242 0.35904 -0.19643 -0.90659 0.36002 -0.22019 -0.90467 0.36541 -0.21922 -0.89887 0.366 -0.24099 -0.8915 0.37565 -0.25322 -0.89165 0.3706 -0.26003 -0.87463 0.3893 -0.28892 -0.87861 0.384 -0.28388 -0.88545 0.37579 -0.27343 -0.86528 0.39274 -0.31152 -0.87155 0.38544 -0.30304 -0.87484 0.38588 -0.29284 -0.8459 0.41689 -0.33265 -0.84986 0.41206 -0.32856 -0.85395 0.40783 -0.32318 -0.83754 0.41347 -0.35717 -0.84131 0.41157 -0.35044 -0.84453 0.40867 -0.34606 -0.84451 0.40663 -0.34851 -0.84352 0.40898 -0.34815 -0.84448 0.40855 -0.34633 -0.83589 0.41983 -0.35359 -0.84159 0.41708 -0.34316 -0.83785 0.43391 -0.33124 -0.83606 0.42852 -0.34259 -0.89766 0.39789 -0.18944 -0.89615 0.40086 -0.19034 -0.89588 0.40138 -0.19051 -0.89456 0.40394 -0.19133 -0.89335 0.40618 -0.19222 -0.89231 0.40809 -0.19301 -0.89137 0.40975 -0.19383 -0.8912 0.41004 -0.19398 -0.89032 0.41157 -0.19477 -0.88946 0.413 -0.19568 -0.88878 0.41412 -0.19641 -0.88814 0.41513 -0.19717 -0.88798 0.41539 -0.19737 -0.88736 0.41633 -0.19812 -0.88673 0.41728 -0.19898 -0.8861 0.4182 -0.19983 -0.88675 0.41727 -0.19887 -0.88642 0.41908 -0.19653 -0.88634 0.41952 -0.19598 -0.88627 0.41985 -0.1956 -0.88621 0.42011 -0.1953 -0.88614 0.42036 -0.19506 -0.88609 0.42057 -0.19486 -0.88601 0.42083 -0.19464 -0.88591 0.42118 -0.19436 -0.88577 0.42159 -0.19407 -0.8856 0.42213 -0.19372 -0.88533 0.42287 -0.19329 -0.88501 0.42378 -0.1928 -0.88466 0.42472 -0.19234 -0.88447 0.4252 -0.19212 -0.89142 0.41367 -0.18506 -0.89156 0.41356 -0.18465 -0.89167 0.41349 -0.18427 -0.89171 0.41347 -0.18413 -0.89183 0.4134 -0.18368 -0.89997 0.39452 -0.18549 -0.90115 0.39261 -0.18383 -0.90122 0.39261 -0.18347 -0.90128 0.39262 -0.18314 -0.87064 0.41603 -0.26249 -0.87071 0.41593 -0.26244 -0.87075 0.41586 -0.2624 -0.87073 0.41589 -0.26242 -0.87075 0.41586 -0.2624 -0.86671 0.41721 -0.27338 -0.86692 0.41774 -0.27192 -0.86702 0.41802 -0.27116 -0.86708 0.41822 -0.27067 -0.86711 0.4183 -0.27047 -0.8671 0.41828 -0.27052 -0.86708 0.41814 -0.2708 -0.86706 0.41792 -0.27121 -0.86704 0.41757 -0.2718 -0.86704 0.41711 -0.27252 -0.86705 0.41653 -0.27336 -0.86709 0.41582 -0.27432 -0.86716 0.41499 -0.27535 -0.86392 0.41919 -0.27916 -0.86677 0.4177 -0.27248 -0.86729 0.41382 -0.27669 -0.86723 0.41431 -0.27614 -0.86347 0.41939 -0.28023 -0.86294 0.4196 -0.28156 -0.86254 0.4197 -0.28262 -0.86187 0.42085 -0.28296 -0.86251 0.42078 -0.28109 -0.86316 0.42074 -0.27916 -0.86373 0.42072 -0.27743 -0.86423 0.42073 -0.27585 -0.86445 0.42074 -0.27515 -0.8679 0.42086 -0.26387 -0.86386 0.42358 -0.27264 -0.86472 0.42303 -0.27074 -0.86545 0.42258 -0.26913 -0.86611 0.42218 -0.26761 -0.86639 0.42201 -0.26696 -0.867 0.42165 -0.26556 -0.86768 0.42126 -0.26394 -0.86823 0.42095 -0.26263 -0.86878 0.42066 -0.26129 -0.86966 0.41786 -0.26284 -0.87007 0.41706 -0.26274 -0.8703 0.41663 -0.26267 -0.87051 0.41626 -0.26257 -0.87052 0.41624 -0.26256 -0.86143 0.40949 -0.30042 -0.86114 0.40994 -0.30065 -0.86086 0.41034 -0.3009 -0.86055 0.41078 -0.30119 -0.86016 0.4113 -0.30158 -0.8597 0.41191 -0.30206 -0.86018 0.41131 -0.30153 -0.86041 0.41232 -0.29949 -0.8605 0.41273 -0.29866 -0.86057 0.41318 -0.29782 -0.86063 0.41363 -0.29702 -0.86068 0.41412 -0.2962 -0.86072 0.41467 -0.29532 -0.86073 0.41529 -0.2944 -0.86073 0.41596 -0.29346 -0.8607 0.41675 -0.29243 -0.86064 0.41769 -0.29127 -0.86053 0.41875 -0.29007 -0.86008 0.42235 -0.28615 -0.85942 0.42143 -0.28947 -0.85978 0.422 -0.28756 -0.86013 0.42259 -0.28565 -0.86234 0.41975 -0.28316 -0.86209 0.41977 -0.2839 -0.85509 0.42018 -0.30375 -0.86503 0.41088 -0.28794 -0.86442 0.41143 -0.28896 -0.86397 0.41185 -0.28973 -0.86355 0.41221 -0.29047 -0.86319 0.41251 -0.2911 -0.86296 0.41269 -0.29152 -0.86279 0.41282 -0.29183 -0.85751 0.4167 -0.30172 -0.86288 0.40703 -0.2996 -0.86239 0.40792 -0.29982 -0.86202 0.40853 -0.30003 -0.86171 0.40904 -0.30022 -0.86146 0.40945 -0.30041 -0.84803 0.42327 -0.31889 -0.84762 0.41964 -0.32472 -0.85269 0.41156 -0.32178 -0.85248 0.40863 -0.32603 -0.84736 0.41643 -0.3295 -0.84729 0.41282 -0.33419 -0.8427 0.42164 -0.33478 -0.86895 0.42057 -0.26087 -0.86812 0.42101 -0.26292 -0.87535 0.41987 -0.23972 -0.87291 0.42174 -0.24526 -0.87074 0.41587 -0.26241 -0.86781 0.41968 -0.26602 -0.8744 0.41916 -0.24441 -0.87395 0.41961 -0.24524 -0.89087 0.40205 -0.21146 -0.88351 0.40294 -0.23884 -0.8831 0.40407 -0.23845 -0.87469 0.40462 -0.26684 -0.87463 0.40477 -0.26679 -0.865 0.40486 -0.29641 -0.86524 0.40418 -0.29664 -0.85857 0.40392 -0.31578 -0.85812 0.40484 -0.31582 -0.85722 0.45877 -0.23391 -0.85699 0.46876 -0.21409 -0.85485 0.47256 -0.21427 -0.84856 0.49079 -0.19766 -0.87156 0.44806 -0.19908 -0.87756 0.43684 -0.19763 -0.88204 0.43547 -0.17991 -0.88074 0.43699 -0.18257 -0.86165 0.47268 -0.18478 -0.86124 0.47317 -0.18541 -0.86201 0.4675 -0.19593 -0.85661 0.46917 -0.21471 -0.86772 0.44921 -0.21278 -0.86846 0.43801 -0.2322 -0.87773 0.43563 -0.19951 -0.88612 0.41962 -0.19676 -0.88637 0.41938 -0.19614 -0.88742 0.41738 -0.19564 -0.89133 0.41374 -0.18533 -0.84888 0.4327 -0.30359 -0.84217 0.43824 -0.31416 -0.85532 0.43631 -0.27939 -0.84234 0.42278 -0.33426 -0.83674 0.42638 -0.34361 -0.84963 0.42554 -0.31153 -0.84381 0.43016 -0.32085 -0.85477 0.42903 -0.29205 -0.85937 0.42118 -0.28997 -0.8616 0.42089 -0.28373 -0.84899 0.46222 -0.25606 -0.84993 0.46054 -0.25597 -0.84982 0.46065 -0.25615 -0.89868 0.39654 -0.18742 -0.89716 0.3989 -0.18969 -0.89167 0.39985 -0.21223 -0.88174 0.41812 -0.21841 -0.88122 0.41871 -0.21938 -0.87992 0.42108 -0.22007 -0.88097 0.42018 -0.21758 -0.86991 0.44064 -0.22158 -0.86282 0.44236 -0.24465 -0.86877 0.43773 -0.23161 -0.85673 0.44033 -0.26858 -0.86403 0.43516 -0.25316 -0.85572 0.43674 -0.2775 -0.84857 0.44948 -0.2791 -0.83827 0.45128 -0.30601 -0.84663 0.44417 -0.29314 -0.82978 0.4465 -0.33482 -0.83401 0.44358 -0.32812 -0.81972 0.48784 -0.30013 -0.92998 0.358 -0.08346 -0.81412 0.49793 -0.2988 -0.65755 0.74937 -0.07794 -0.54976 0.83533 0 -0.56801 0.82253 -0.02861 -0.62342 0.77805 -0.07735 -0.68252 0.72873 -0.0558 -0.68084 0.72957 -0.06472 -0.73019 0.67272 -0.11949 -0.77215 0.62432 -0.11839 -0.76356 0.63318 -0.12672 -0.79941 0.57062 -0.18798 -0.80243 0.57018 -0.17604 -0.8063 0.55509 -0.20435 -0.80687 0.5491 -0.21786 -0.79381 0.56365 -0.2284 -0.80217 0.55598 -0.21774 -0.80799 0.5082 -0.29813 -0.81023 0.51235 -0.28465 -0.80656 0.53153 -0.25872 -0.79985 0.53865 -0.26478 -0.80871 0.534 -0.24666 -0.80574 0.47824 -0.34939 -0.80837 0.47765 -0.34409 -0.79687 0.4642 -0.38667 -0.83188 0.46353 -0.30515 -0.83139 0.46447 -0.30505 -0.81315 0.49062 -0.31318 -0.81641 0.46725 -0.33934 -0.81698 0.46615 -0.33948 -0.84104 0.45937 -0.28572 -0.83878 0.46069 -0.29018 -0.85189 0.45323 -0.26244 -0.86825 0.44022 -0.22878 -0.89409 0.41532 -0.16763 -0.90365 0.3991 -0.15534 -0.89232 0.42685 -0.14685 -0.89777 0.40756 -0.16705 -0.89531 0.41302 -0.16685 -0.93334 0.34842 -0.0865 -0.95363 0.30091 -0.00609 -0.92026 0.38971 -0.03531 -0.9194 0.39142 -0.03877 -0.89585 0.44435 0.00184 -0.94188 0.33194 -0.05175 -0.89435 0.44451 -0.05045 -0.88716 0.45987 -0.03835 -0.87998 0.47075 -0.06342 -0.86995 0.48986 -0.0567 -0.5834 0.8117 -0.02808 -0.58804 0.80883 -1E-05 -0.62321 0.78143 -0.03133 -0.62953 0.77698 -2E-05 -0.66634 0.74484 -0.03466 -0.67447 0.7383 -3E-05 -0.71329 0.69978 -0.03908 -0.72354 0.69028 -3E-05 -0.76462 0.64291 -0.04498 -0.77752 0.62886 0.00084 -0.76526 0.6417 -0.051 -0.83541 0.54963 -8E-05 -0.83533 0.54975 -0.00039 -0.8141 0.54512 -0.20023 -0.81066 0.54693 -0.20906 -0.78817 0.59018 -0.1746 -0.78766 0.59041 -0.17608 -0.76702 0.62419 -0.14855 -0.80659 0.49909 -0.31673 -0.81129 0.50723 -0.29075 -0.80952 0.52177 -0.26913 -0.81336 0.52038 -0.2601 -0.79815 0.55511 -0.23412 -0.80417 0.5532 -0.21743 -0.79077 0.57928 -0.1978 -0.82342 0.49607 -0.27549 -0.81916 0.49816 -0.28427 -0.83003 0.51128 -0.2228 -0.8099 0.52115 -0.26921 -0.81697 0.5319 -0.22281 -0.81149 0.53438 -0.23649 -0.79287 0.57338 -0.20638 -0.79564 0.57233 -0.19848 -0.77884 0.60231 -0.17501 -0.79258 0.59404 -0.13759 -0.80824 0.57445 -0.12941 -0.79661 0.58764 -0.14172 -0.7688 0.62406 -0.13959 -0.77948 0.61231 -0.13225 -0.7204 0.68164 -0.12798 -0.7574 0.64305 -0.11327 -0.69569 0.70955 -0.11201 -0.73317 0.67298 -0.09773 -0.67394 0.73245 -0.09656 -0.7054 0.70266 -0.09321 -0.70582 0.70252 -0.09104 -0.70664 0.70169 -0.09108 -0.71099 0.69942 -0.07276 -0.8537 0.49215 -0.17024 -0.86331 0.48352 -0.14456 -0.86792 0.45091 -0.20831 -0.8801 0.44008 -0.17816 -0.86896 0.4337 -0.23835 -0.91567 0.38365 -0.1198 -0.86825 0.48211 -0.11707 -0.86722 0.48323 -0.12007 -0.8211 0.55874 -0.11666 -0.82642 0.55404 -0.1003 -0.76824 0.62536 -0.13688 -0.78446 0.61426 -0.08551 -0.73486 0.66814 -0.11648 -0.73869 0.66609 -0.10329 -0.72942 0.67632 -0.10271 -0.72685 0.67737 -0.11338 -0.75094 0.6503 -0.11494 -0.72669 0.67447 -0.13045 -0.7698 0.6241 -0.13383 -0.75091 0.64407 -0.14599 -0.78828 0.59692 -0.1493 -0.77421 0.61278 -0.15846 -0.7996 0.57855 -0.16096 -0.80084 0.57718 -0.15977 -0.92637 0.36727 -0.08335 -0.87445 0.47677 -0.08961 -0.88243 0.46614 -0.0635 -0.81949 0.56625 -0.08829 -0.83037 0.55469 -0.05304 -0.76493 0.63686 -0.09644 -0.78029 0.62377 -0.04538 -0.72309 0.68584 -0.08227 -0.73467 0.67727 -0.03954 -0.68478 0.72523 -0.07156 -0.6934 0.71969 -0.03517 -0.64952 0.75769 -0.06351 -0.65586 0.75421 -0.03187 -0.61989 0.78272 -0.05547 -0.58975 0.80707 -0.02894 -0.80171 0.56817 -0.1856 -0.77994 0.59855 -0.18285 -0.7985 0.57705 -0.17149 -0.76153 0.62615 -0.16736 -0.78522 0.60006 -0.15285 -0.74269 0.65292 -0.14871 -0.77204 0.622 -0.13063 -0.75232 0.64603 -0.12908 -0.74717 0.64828 -0.14651 -0.78968 0.60152 -0.12072 -0.77259 0.61099 -0.17262 -0.82369 0.54895 -0.14207 -0.80276 0.56227 -0.19857 -0.83317 0.5269 -0.16797 -0.83885 0.49606 -0.2242 -0.84672 0.4907 -0.20561 -0.84886 0.45917 -0.26193 -0.85854 0.45262 -0.24091 -0.84542 0.45486 -0.27994 0.88738 0.39215 -0.24241 0.85042 0.47539 -0.22537 0.3744 0.56699 -0.73372 0.39813 0.36638 -0.84099 0.44034 0.49966 -0.74595 0.34414 0.85674 -0.38415 0.7129 0.59346 -0.37362 0.58588 0.62743 -0.51291 0.70961 0.62261 -0.32986 0.8547 0.49588 -0.15358 0.86485 0.46772 -0.18241 0.62199 0.36059 -0.69506 0.76139 0.42028 -0.49361 0.76205 0.4309 -0.48332 0.57889 0.34716 -0.73781 0.88439 0.40235 -0.2366 0.88261 0.41371 -0.22324 0.43611 0.82296 -0.36408 0.27936 0.91831 -0.28046 0.27918 0.9162 -0.28748 0.17267 0.18811 -0.96685 0.10479 0.45726 -0.88314 0.91124 0.37097 -0.17898 0.31181 0.87258 -0.376 0.45232 0.31008 -0.83622 0.12929 0.54022 -0.83153 0.1722 0.86961 -0.46273 0.1642 0.81896 -0.54985 0.30946 0.3358 -0.88965 0.85057 0.47046 -0.23495 0.31965 0.90529 -0.27978 0.31738 0.84076 -0.43863 0.31872 0.90332 -0.28713 0.32163 0.87936 -0.35112 0.12986 0.89001 -0.43706 0.72772 0.63819 -0.25127 0.55181 0.7901 -0.26691 0.60707 0.76733 -0.20659 0.74304 0.65276 -0.14763 0.86512 0.41372 -0.28355 0.86482 0.42036 -0.27456 0.63147 0.71308 -0.30456 0.71812 0.66049 -0.21924 0.70953 0.67028 -0.21748 0.69942 0.67688 -0.22943 0.81971 0.44601 -0.35938 0.82856 0.444 -0.34111 0.81433 0.44089 -0.37746 0.81814 0.4404 -0.36972 0.81701 0.44179 -0.37057 0.80309 0.44562 -0.39555 0.7832 0.44543 -0.43382 0.79137 0.45715 -0.4059 0.79159 0.45714 -0.40547 0.79604 0.45697 -0.39685 0.81929 0.45344 -0.35093 0.79532 0.50567 -0.33431 0.71891 0.50036 -0.4825 0.76712 0.52302 -0.37145 0.72841 0.52125 -0.44466 0.73167 0.52874 -0.43022 0.71388 0.52737 -0.46071 0.70396 0.53536 -0.46673 0.69435 0.55223 -0.46144 0.69535 0.54407 -0.46955 0.68616 0.55766 -0.46712 0.68541 0.55539 -0.47091 0.6796 0.56355 -0.46963 0.67612 0.5636 -0.47457 0.67638 0.56517 -0.47233 0.66769 0.5764 -0.47112 0.66756 0.57557 -0.47231 0.66053 0.58433 -0.47145 0.64834 0.59371 -0.47662 0.64803 0.59496 -0.47548 0.65297 0.59449 -0.46926 0.6585 0.58242 -0.47662 0.65794 0.58491 -0.47433 0.63907 0.60274 -0.4778 0.63682 0.60261 -0.48095 0.6424 0.6001 -0.47666 0.64253 0.60297 -0.47284 0.5211 0.728 -0.44551 0.70047 0.59647 -0.39187 0.5296 0.69893 -0.48064 0.68733 0.58683 -0.42802 0.60509 0.63507 -0.48016 0.64117 0.60565 -0.47127 0.6196 0.61364 -0.48943 0.53492 0.74236 -0.40343 0.61372 0.69176 -0.38055 0.68447 0.65003 -0.33008 0.6796 0.64544 -0.34864 0.48089 0.77345 -0.41293 0.6405 0.66731 -0.38008 0.63372 0.66322 -0.39817 0.72449 0.65408 -0.21749 0.73874 0.63415 -0.22827 0.7327 0.64256 -0.22421 0.59213 0.48341 -0.64475 0.79761 0.53163 -0.28493 0.80928 0.53272 -0.24753 0.84611 0.48811 -0.21413 0.84344 0.49834 -0.20066 0.8678 0.49636 -0.02324 0.85357 0.47343 -0.21742 0.85957 0.47611 -0.18561 0.86212 0.48691 -0.14027 0.85481 0.48576 -0.18258 0.82584 0.44562 -0.34556 0.82382 0.44571 -0.35023 0.83389 0.4404 -0.33266 0.86035 0.434 -0.26729 0.86443 0.43289 -0.25568 0.84832 0.43066 -0.30804 0.89847 0.42034 -0.12678 0.87132 0.42508 -0.24519 0.88551 0.4223 -0.19372 0.88234 0.42162 -0.2091 0.85806 0.42378 -0.29007 0.85429 0.42712 -0.29625 0.86791 0.42847 -0.25129 0.8799 0.42812 -0.20611 0.87961 0.42845 -0.20668 0.8999 0.42931 -0.07663 0.82833 0.4468 -0.33798 0.83933 0.44361 -0.31422 0.8298 0.43336 -0.3516 0.86279 0.49152 -0.11829 0.88536 0.46338 0.03764 0.85137 0.51674 -0.09032 0.87022 0.4926 -0.00758 0.81778 0.55173 -0.16381 0.84971 0.52501 -0.04848 0.78862 0.57856 -0.2082 0.59381 0.73704 -0.32275 0.64141 0.72209 -0.25918 0.62432 0.74007 -0.25005 0.52245 0.78257 -0.33858 0.6487 0.71264 -0.26708 0.64503 0.71486 -0.27002 0.67163 0.71166 -0.20605 0.67025 0.71325 -0.20504 0.37766 0.79746 -0.47056 0.90637 0.41819 0.06011 0.90471 0.41346 0.10277 0.9045 0.42561 0.02722 0.90103 0.43107 -0.04828 0.88419 0.4652 -0.04235 0.88788 0.45566 0.06357 0.87026 0.49223 -0.01893 0.86574 0.49755 -0.05419 0.84956 0.52594 -0.04056 0.85312 0.51104 0.10502 0.85492 0.51587 0.05466 0.86798 0.47894 0.13126 0.86948 0.48349 0.10119 0.80701 0.58494 -0.08111 0.80767 0.58315 -0.08725 0.76579 0.60063 -0.22979 0.90004 0.4302 0.06965 0.90071 0.43271 0.03859 0.90091 0.43084 0.05231 0.90101 0.43266 0.03133 0.89055 0.44609 -0.08899 0.89728 0.44145 0.0022 0.86651 0.47208 -0.16216 0.91165 0.41096 -0.0019 0.91149 0.40032 0.09454 0.90816 0.41854 0.00772 0.90884 0.41411 0.05031 0.90489 0.42508 -0.02193 0.90376 0.42635 -0.03792 0.89887 0.43118 -0.07821 0.90171 0.4293 -0.05114 0.88412 0.44025 -0.15656 0.89628 0.43661 -0.07784 0.86135 0.4608 -0.21387 0.90238 0.41563 -0.11381 0.90121 0.4172 -0.11734 0.90062 0.4171 -0.12214 0.86352 0.43377 -0.25726 0.86871 0.43377 -0.23914 0.8698 0.43266 -0.23717 0.88805 0.42704 -0.17032 0.88711 0.42813 -0.17247 0.89367 0.4267 -0.13888 0.91042 0.4127 -0.02853 0.88486 0.42301 -0.19514 0.89991 0.41803 -0.12412 0.87779 0.42162 -0.2274 0.87952 0.42002 -0.22365 0.89202 0.41765 -0.17284 0.89101 0.41756 -0.17817 0.90639 0.41505 -0.07871 0.90934 0.41314 -0.04912 0.90821 0.41511 -0.05327 0.91291 0.40703 0.03026 0.90547 0.42186 -0.04655 0.90821 0.41842 -0.00843 0.90126 0.4272 -0.07232 0.89323 0.43055 -0.12945 0.89278 0.43112 -0.13067 0.89161 0.43147 -0.13738 0.88081 0.4358 -0.18506 0.88728 0.43455 -0.15459 0.84323 0.44928 -0.29515 0.87339 0.48149 0.07318 0.87886 0.47634 0.02655 0.88087 0.47305 -0.01697 0.88245 0.46699 -0.05658 0.87909 0.45721 -0.13476 0.87729 0.4511 -0.16394 0.86298 0.43363 -0.25928 0.85784 0.42497 -0.28899 0.86475 0.41398 -0.28431 0.88664 0.42885 -0.17306 0.88823 0.42963 -0.16267 0.89366 0.43348 -0.11603 0.89846 0.43569 -0.05424 0.89907 0.43761 0.01335 0.89877 0.4374 0.03009 0.89281 0.43632 0.11191 0.88841 0.4455 0.11067 0.87458 0.4267 0.23029 0.86755 0.47888 0.13424 0.86785 0.48283 0.1171 0.84933 0.51189 0.12884 0.83181 0.55376 0.03788 0.83481 0.55026 0.01721 0.78645 0.61764 -0.00505 0.79625 0.60275 -0.0518 0.7914 0.59805 -0.12656 0.78614 0.61086 -0.09397 0.7448 0.62176 -0.24225 0.82819 0.55543 -0.07477 0.82931 0.54913 -0.10347 0.83111 0.5487 -0.09052 0.82414 0.56626 -0.01214 0.82378 0.56674 -0.01353 0.42799 0.85008 -0.30691 0.52569 0.79076 -0.31362 0.54763 0.79275 -0.26767 0.55326 0.7885 -0.26865 0.57056 0.76605 -0.29602 0.57238 0.76461 -0.29622 0.63521 0.74424 -0.20641 0.54012 0.8251 -0.16575 0.51321 0.82648 -0.23138 0.36712 0.81519 -0.44798 0.38992 0.80608 -0.4452 0.36751 0.81861 -0.44137 0.3859 0.81124 -0.43929 0.36102 0.82295 -0.43865 0.29891 0.84477 -0.44387 0.23782 0.86442 -0.44297 0.38453 0.87659 -0.28934 0.43842 0.84505 -0.30608 0.47084 0.84947 -0.23812 0.5811 0.77088 -0.26091 0.60269 0.76994 -0.20965 0.60739 0.76574 -0.21147 0.7405 0.66744 -0.07859 0.74015 0.66792 -0.07777 0.73341 0.67976 0.00569 0.72991 0.68342 0.01323 0.71587 0.689 0.11319 0.63865 0.76747 -0.05581 0.62377 0.78114 -0.02698 0.59257 0.79519 -0.12861 0.66652 0.73607 -0.1181 0.5828 0.81133 -0.04564 0.55553 0.82132 -0.1297 0.55315 0.82311 -0.12851 0.52707 0.82683 -0.19634 0.51598 0.8385 -0.17513 0.69688 0.66655 -0.26472 0.73102 0.67191 -0.1189 0.71211 0.68034 -0.17331 0.71025 0.68297 -0.17058 0.7031 0.7025 -0.1102 0.70173 0.70418 -0.10816 0.69072 0.72227 -0.03517 0.68501 0.72804 -0.02686 0.66775 0.7419 0.06087 0.84932 0.49796 -0.17517 0.85052 0.4439 -0.28207 0.84852 0.44495 -0.28641 0.84863 0.4572 -0.26607 0.63114 0.76261 -0.14172 0.65356 0.73904 -0.16333 0.68195 0.72777 -0.07276 0.70233 0.70404 -0.10519 0.72654 0.68698 -0.01408 0.74409 0.66559 -0.05762 0.76399 0.64467 0.02691 0.77826 0.62744 -0.02527 0.7925 0.60866 0.03851 0.75519 0.63973 0.14294 0.76584 0.642 0.03625 0.7683 0.63944 0.02894 0.77102 0.63394 -0.06033 0.7711 0.63382 -0.06061 0.76953 0.6243 -0.13445 0.76118 0.64036 -0.10268 0.72251 0.64359 -0.25253 0.60133 0.7406 -0.29987 0.84144 0.46258 -0.27927 0.82476 0.49791 -0.26805 0.82074 0.49866 -0.27879 0.81983 0.50024 -0.27865 0.81602 0.5008 -0.28863 0.84749 0.45319 -0.27636 0.84636 0.45366 -0.27905 0.84521 0.45612 -0.2785 0.84526 0.45649 -0.27777 0.84354 0.45888 -0.27904 0.84342 0.46036 -0.27697 0.84264 0.45986 -0.28015 0.39795 0.87007 -0.29089 0.31682 0.91682 -0.24304 0.35722 0.88722 -0.29195 0.38127 0.87629 -0.29454 0.3597 0.87042 -0.33613 0.38206 0.86048 -0.33704 0.3554 0.85147 -0.38559 0.71332 0.63961 -0.28647 0.76083 0.58125 -0.28859 0.74824 0.58191 -0.3186 0.81053 0.50172 -0.3022 0.80662 0.50163 -0.31261 0.83905 0.53762 -0.08338 0.84434 0.51945 -0.13136 0.83038 0.52898 -0.17509 0.82794 0.5405 -0.14957 0.81569 0.54717 -0.18777 0.81139 0.55995 -0.16763 0.79833 0.56524 -0.20777 0.79258 0.57817 -0.19375 0.77904 0.58195 -0.23331 0.77259 0.59374 -0.2249 0.76078 0.59606 -0.25677 0.77522 0.57389 -0.26399 0.76566 0.5751 -0.28814 0.81566 0.50136 -0.28868 0.81041 0.50188 -0.30224 0.89537 0.35566 -0.26799 0.62795 0.68524 -0.36894 0.55996 0.73314 -0.38593 0.55476 0.73151 -0.3964 0.49726 0.76618 -0.40706 0.51587 0.77135 -0.3727 0.8716 0.40341 -0.27851 0.87258 0.40339 -0.27547 0.89022 0.37306 -0.26139 0.8765 0.39909 -0.26921 0.84171 0.46066 -0.28163 0.83974 0.46378 -0.28241 0.85789 0.42452 -0.28949 0.85709 0.42399 -0.29264 0.86315 0.41107 -0.29324 0.85912 0.42248 -0.28883 0.86736 0.40683 -0.28665 0.86516 0.41217 -0.28569 0.86594 0.41207 -0.28347 0.24252 0.86737 -0.43457 0.19276 0.87734 -0.43945 0.36731 0.82611 -0.42734 0.84994 0.42887 -0.30607 0.85565 0.44721 -0.2605 0.86416 0.47139 -0.17612 0.86419 0.48556 -0.13194 0.86382 0.49747 -0.07965 0.85724 0.5147 -0.01464 0.8565 0.51611 -0.00681 0.84243 0.53391 0.07241 0.81713 0.54581 0.18545 0.32506 0.84014 -0.43418 0.33402 0.83706 -0.43331 0.37173 0.82073 -0.43383 0.33503 0.83421 -0.43801 0.3649 0.81404 -0.45187 0.70345 0.65023 -0.28699 0.66153 0.69402 -0.2841 0.68137 0.69258 -0.2368 0.67703 0.69749 -0.23483 0.69863 0.69331 -0.17675 0.71341 0.67372 -0.19273 0.73564 0.66598 -0.1237 0.74893 0.64581 -0.14846 0.76888 0.63452 -0.07884 0.77984 0.61574 -0.11275 0.79723 0.6018 -0.04752 0.80545 0.58595 -0.08892 0.82389 0.56654 -0.01552 0.83218 0.55115 -0.06097 0.82734 0.56171 -0.00078 0.78742 0.59664 0.15492 0.79469 0.60515 0.04759 0.79969 0.5998 0.02709 0.81361 0.57384 0.09357 0.83647 0.54278 -0.07555 0.85909 0.51181 0.0038 0.85841 0.50554 0.08697 0.87585 0.48242 0.01243 0.88744 0.45523 0.07226 0.87685 0.45281 0.16152 0.89493 0.44611 0.00926 0.89041 0.44686 0.08649 0.89703 0.41832 0.14266 0.89399 0.41508 0.16879 0.90657 0.40821 0.10723 0.90777 0.41031 0.08714 0.90908 0.4164 -0.0134 0.90927 0.41612 -0.00864 0.90439 0.41804 -0.08556 0.89809 0.41883 -0.13424 0.89073 0.41785 -0.1789 0.86064 0.41303 -0.29782 0.86428 0.41765 -0.28035 0.87818 0.41912 -0.23053 0.80086 0.41558 -0.43118 0.84461 0.42232 -0.32905 0.8414 0.4249 -0.33393 0.85412 0.42746 -0.29624 0.84799 0.43099 -0.30847 0.83903 0.4373 -0.32373 0.83701 0.43737 -0.32881 0.82918 0.43917 -0.34583 0.32841 0.86146 -0.38734 0.31438 0.79706 -0.51563 0.29222 0.60579 -0.74002 0.29405 0.60179 -0.74255 0.38988 0.3675 -0.84436 0.38823 0.36133 -0.84777 0.43488 0.38022 -0.81628 0.42619 0.34712 -0.83539 0.30247 0.47013 -0.82915 0.32361 0.55224 -0.76831 0.2899 0.51144 -0.80894 0.32056 0.63479 -0.70306 0.29321 0.60581 -0.73961 0.40098 0.40331 -0.82253 0.40873 0.43525 -0.80218 0.33311 0.41265 -0.8478 0.33998 0.43854 -0.83192 0.27655 0.38106 -0.88222 0.31313 0.51444 -0.79831 0.27799 0.47094 -0.83722 0.29861 0.54859 -0.78095 0.85574 0.45371 -0.2487 0.83274 0.46223 -0.30477 0.83492 0.44989 -0.31704 0.7973 0.45888 -0.3921 0.79767 0.44356 -0.40863 0.31403 0.86932 -0.38168 0.32768 0.86479 -0.38047 0.31168 0.87087 -0.38006 0.31901 0.86848 -0.37945 0.30248 0.87419 -0.37987 0.31367 0.88344 -0.34804 0.31971 0.88146 -0.34757 0.3112 0.88462 -0.34728 0.3105 0.88484 -0.34733 0.30177 0.8878 -0.34748 0.31739 0.8955 -0.31199 0.3195 0.89495 -0.31141 0.31552 0.89658 -0.31079 0.317 0.89609 -0.31069 0.31407 0.89717 -0.31056 0.30754 0.89928 -0.31098 0.30454 0.9003 -0.311 0.1961 0.92842 -0.31557 0.31939 0.82527 -0.46576 0.31309 0.82682 -0.46726 0.31477 0.81008 -0.49465 0.30889 0.81146 -0.4961 0.31184 0.80209 -0.50931 0.29771 0.80523 -0.5128 0.30139 0.79998 -0.51884 0.31778 0.78566 -0.5308 0.3105 0.7871 -0.53297 0.31166 0.76187 -0.56782 0.30426 0.76318 -0.57007 0.3076 0.74927 -0.58649 0.29185 0.75183 -0.59125 0.29644 0.74426 -0.59849 0.2646 0.42853 -0.86392 0.28567 0.50513 -0.81439 0.25503 0.50195 -0.82644 0.26931 0.55678 -0.78579 0.17856 0.54976 -0.81602 0.28221 0.57231 -0.76995 0.29716 0.63258 -0.71522 0.27577 0.62043 -0.73418 0.17509 0.93463 -0.30953 0.19615 0.92901 -0.31378 0.18456 0.75331 -0.63124 0.18013 0.75664 -0.62853 0.19233 0.82319 -0.5342 0.21112 0.81574 -0.53851 0.22163 0.88081 -0.41838 0.30694 0.86058 -0.40643 0.30211 0.86396 -0.40286 0.31678 0.8598 -0.4005 0.31228 0.86503 -0.3927 0.31872 0.86314 -0.39167 0.31472 0.87174 -0.37552 0.32155 0.8697 -0.37447 0.3175 0.87779 -0.35871 0.32004 0.90128 -0.29202 0.31666 0.90239 -0.29226 0.31799 0.90027 -0.29731 0.31507 0.90123 -0.29753 0.31649 0.8999 -0.30004 0.30538 0.90345 -0.30086 0.30687 0.90253 -0.30211 0.2216 0.92553 -0.30706 0.21622 0.8813 -0.42018 0.16968 0.88908 -0.42515 -0.00734 0.91836 -0.39569 0.18703 0.54695 -0.816 0.17094 0.48165 -0.85953 0.26384 0.49421 -0.82834 0.24984 0.44264 -0.86119 0.22637 0.43858 -0.86972 0.23727 0.31578 -0.91869 0.25553 0.37807 -0.88981 0.27803 0.38286 -0.88098 0.07718 0.44823 -0.89058 0.06245 0.38341 -0.92147 -0.01431 0.36299 -0.93168 0.11161 0.75311 -0.64835 0.10805 0.7557 -0.64594 0.11899 0.82045 -0.5592 0.116 0.82241 -0.55694 0.12365 0.87368 -0.47053 0.12088 0.87534 -0.46816 0.1255 0.91058 -0.39382 0.12338 0.91171 -0.39188 0.12682 0.94178 -0.31139 0.12506 0.94229 -0.31056 0.27679 0.51293 -0.81258 0.29042 0.56513 -0.77219 0.26118 0.56389 -0.78346 0.27532 0.62082 -0.73402 0.19501 0.6198 -0.76014 0.15996 0.60603 -0.7792 0.14515 0.61119 -0.77806 0.08862 0.60605 -0.79048 0.12517 0.94042 -0.31615 0.16401 0.93411 -0.31707 0.15852 0.92212 -0.35295 0.16895 0.9201 -0.35338 0.1613 0.90856 -0.38536 0.18057 0.90462 -0.38608 0.13995 0.89966 -0.41355 0.1719 0.8943 -0.41313 0.20382 0.88707 -0.41421 0.30967 0.85889 -0.40794 0.33708 0.84894 -0.40703 0.31836 0.8553 -0.4088 0.34467 0.84478 -0.40932 0.3203 0.85315 -0.41175 0.34264 0.8398 -0.4211 0.62903 0.70646 -0.32439 0.53495 0.77095 -0.34563 0.52688 0.76422 -0.37198 0.45736 0.80201 -0.38419 0.44743 0.796 -0.40767 0.37937 0.82619 -0.41652 0.37452 0.82386 -0.42542 0.30579 0.84906 -0.43079 0.32965 0.85996 -0.3896 0.29715 0.87159 -0.38991 0.32497 0.88261 -0.33971 0.29871 0.89241 -0.33819 0.32646 0.87777 -0.35064 0.31983 0.88032 -0.35035 0.34928 0.86651 -0.3566 0.37228 0.85666 -0.35712 0.39887 0.84254 -0.36197 0.47329 0.80364 -0.36077 0.49363 0.80783 -0.32209 0.50015 0.8037 -0.32237 0.51741 0.78445 -0.34196 0.49344 0.79978 -0.34185 0.48089 0.773 -0.41378 0.52164 0.80801 -0.27388 0.59202 0.75514 -0.28157 0.56994 0.75345 -0.32783 0.61449 0.71849 -0.32584 0.59746 0.71637 -0.36035 0.66143 0.66386 -0.34898 0.65034 0.66222 -0.37218 0.72518 0.59422 -0.34787 0.73062 0.59518 -0.3346 0.81095 0.50334 -0.29834 0.81714 0.5058 -0.2765 0.44311 0.81121 -0.38156 0.42552 0.82138 -0.37982 0.40239 0.81303 -0.42079 0.47575 0.77755 -0.4112 0.48063 0.77942 -0.40186 0.53431 0.74899 -0.39183 0.54382 0.75407 -0.36829 0.63664 0.68931 -0.34574 -0.30057 0.88421 -0.35752 0.73027 0.6118 -0.30398 0.31086 0.88558 -0.34514 0.31958 0.88281 -0.34425 0.43195 0.83817 -0.33301 0.90512 0.37944 -0.19178 0.95268 0.26675 -0.14574 0.83101 0.50691 -0.22905 0.83535 0.50073 -0.22685 0.73779 0.62018 -0.26653 0.74008 0.6178 -0.26571 0.63521 0.71331 -0.29615 0.31363 0.8976 -0.30976 0.31647 0.89669 -0.30949 0.43629 0.84868 -0.29899 0.43729 0.84821 -0.29886 0.53492 0.79513 -0.28571 0.88976 0.39319 -0.23179 0.89482 0.38372 -0.22816 0.89732 0.38606 -0.21394 0.45704 0.84872 -0.26606 0.4459 0.85934 -0.25042 0.42974 0.85707 -0.28416 0.43649 0.85242 -0.28784 0.41327 0.84741 -0.33333 0.49178 0.80395 -0.3344 0.47051 0.8182 -0.3304 0.55156 0.76613 -0.32989 0.5309 0.7624 -0.36999 0.58644 0.72418 -0.36283 0.57125 0.72093 -0.39235 0.63942 0.67086 -0.37563 0.64483 0.67218 -0.36382 0.72277 0.60293 -0.33777 0.73434 0.60768 -0.30243 0.98808 0.11078 -0.10693 0.82722 0.50229 -0.25181 0.95336 0.25688 -0.1585 0.90398 0.37777 -0.20027 0.31892 0.90563 -0.2795 0.3177 0.90604 -0.27957 0.31702 0.90636 -0.27931 0.31624 0.90662 -0.27935 0.31559 0.90688 -0.27924 0.3067 0.90978 -0.27971 0.306 0.91003 -0.27966 0.19829 0.93832 -0.28326 0.19708 0.93859 -0.28321 0.12734 0.95044 -0.28363 0.12588 0.95066 -0.28354 0.09271 0.95456 -0.28323 0.09184 0.94574 -0.31166 0.1474 0.79116 -0.59358 0.1174 0.83275 -0.54105 0.1231 0.871 -0.47562 0.26359 0.74988 -0.6068 0.1458 0.76086 -0.63233 0.14462 0.76562 -0.62682 0.13128 0.64515 -0.75269 0.12486 0.61424 -0.77918 0.04943 0.60716 -0.79304 0.26097 0.3335 -0.90591 0.27865 0.39369 -0.87599 0.24575 0.38673 -0.88884 0.25919 0.43439 -0.86263 0.16433 0.41658 -0.89412 0.18031 0.47884 -0.85919 0.12097 0.46878 -0.875 0.13711 0.53775 -0.83188 0.07897 0.52933 -0.84473 0.09406 0.60148 -0.79333 0.05411 0.59682 -0.80055 0.0639 0.64928 -0.75786 0.13002 0.65349 -0.74568 0.27066 0.80941 -0.52115 0.188 0.82273 -0.53644 0.19416 0.86095 -0.47018 0.12002 0.86992 -0.47837 0.12512 0.90883 -0.39795 0.45911 0.33031 -0.82469 0.45383 0.31311 -0.83427 0.4073 0.29376 -0.86476 0.41187 0.30947 -0.85709 0.34929 0.28584 -0.89235 0.35568 0.30795 -0.88242 0.19295 0.25253 -0.94816 0.20313 0.28833 -0.93574 0.09834 0.25542 -0.96182 0.11878 0.33388 -0.9351 0.05636 0.31655 -0.9469 0.07035 0.37611 -0.9239 0.02649 0.36496 -0.93065 0.39014 0.28442 -0.87572 0.39408 0.29788 -0.86946 0.27255 0.25118 -0.92878 0.28014 0.27814 -0.91878 0.14208 0.22918 -0.96296 0.15218 0.2663 -0.9518 0.04667 0.23183 -0.97164 0.06514 0.30826 -0.94907 0.01997 0.29515 -0.95524 0.03184 0.34887 -0.93663 0.06583 0.35732 -0.93166 0.11352 0.47594 -0.87212 0.10569 0.4426 -0.89047 0.22551 0.46015 -0.85873 0.0295 0.20174 -0.97899 0.04016 0.20518 -0.9779 0.09363 0.1928 -0.97676 0.2378 0.20241 -0.94999 0.20106 0.19828 -0.9593 0.19743 0.18565 -0.96258 0.23018 0.21161 -0.94986 0.23334 0.22325 -0.94642 0.14391 0.18736 -0.97169 0.14454 0.18983 -0.97112 0.12405 0.18246 -0.97536 0.07762 0.15573 -0.98475 0.1499 0.18101 -0.97199 0.27657 0.87907 -0.38826 0.27857 0.87816 -0.38888 0.35111 0.856 -0.37944 0.34924 0.85699 -0.37895 0.35262 0.88528 -0.30321 0.28011 0.90888 -0.30898 0.36583 0.87353 -0.32111 0.3328 0.65406 -0.6793 0.07449 0.75275 -0.65407 0.06585 0.76665 -0.63868 0.07368 0.72899 -0.68054 0.13998 0.72957 -0.66942 0.14122 0.72367 -0.67554 0.31555 0.70877 -0.63093 0.26566 0.73133 -0.62816 0.33994 0.71938 -0.60574 0.32437 0.65262 -0.68474 0.41459 0.63919 -0.64772 0.39913 0.51273 -0.76013 0.316 0.51248 -0.79844 0.30644 0.51595 -0.79993 0.23935 0.5125 -0.82465 0.27465 0.50027 -0.82115 0.11061 0.48259 -0.86883 0.38436 0.38778 -0.83779 0.30003 0.37604 -0.87668 0.28899 0.37909 -0.87908 0.22211 0.36761 -0.90307 0.2114 0.37041 -0.90449 0.12433 0.35271 -0.92744 0.52894 0.71006 -0.46479 0.4329 0.74892 -0.50171 0.42837 0.75162 -0.50156 0.34076 0.77769 -0.52828 0.07066 0.95433 -0.29028 0.0927 0.93725 -0.3361 0.09008 0.91401 -0.39556 0.09206 0.91206 -0.3996 0.08755 0.87637 -0.47362 0.09001 0.87349 -0.47844 0.08266 0.82185 -0.56367 0.07309 0.8347 -0.54583 0.0824 0.80241 -0.59105 0.14881 0.79958 -0.58184 0.14993 0.79568 -0.58687 0.32113 0.77083 -0.55018 0.27231 0.79392 -0.54364 0.34567 0.77756 -0.52528 0.33325 0.71892 -0.60999 0.42192 0.69877 -0.57767 0.42811 0.6953 -0.5773 0.65991 0.59981 -0.45249 0.26363 0.22226 -0.93867 0.36326 0.2501 -0.89749 0.43863 0.85727 -0.26963 0.43831 0.85741 -0.26967 0.53791 0.80253 -0.25806 0.53679 0.80322 -0.25825 0.6453 0.72516 -0.24029 0.1055 0.20109 -0.97388 0.19257 0.22681 -0.95471 0.27632 0.2312 -0.93284 0.3173 0.24273 -0.91674 0.30994 0.22034 -0.92487 0.46476 0.31987 -0.82564 0.46457 0.31929 -0.82597 0.3529 0.27405 -0.89463 0.35071 0.26721 -0.89755 0.26309 0.23001 -0.93695 0.25911 0.2165 -0.94127 0.28775 0.22831 -0.93009 0.25732 0.21283 -0.9426 0.34711 0.24893 -0.90418 0.31921 0.23523 -0.91803 0.41425 0.27197 -0.86858 0.32006 0.2312 -0.91875 0.47068 0.28761 -0.83411 0.31583 0.90727 -0.27771 0.35196 0.89422 -0.27659 0.35115 0.88571 -0.30366 0.43789 0.84956 -0.29411 0.43918 0.84885 -0.29422 0.53727 0.7958 -0.27936 0.53836 0.79505 -0.27941 0.64477 0.71975 -0.25736 0.64564 0.71897 -0.25737 0.64312 0.62666 -0.4401 0.24054 0.8638 -0.4427 0.17631 0.87851 -0.444 0.1822 0.88261 -0.43337 0.1625 0.88631 -0.43365 0.17051 0.89364 -0.41514 0.1384 0.90043 -0.4124 0.14688 0.91092 -0.38556 0.12754 0.91477 -0.38332 0.13463 0.92581 -0.3532 0.12408 0.92776 -0.35195 0.12948 0.93983 -0.31614 0.12508 0.94061 -0.31561 0.12749 0.95172 -0.27924 0.16048 0.94554 -0.28318 0.16028 0.9434 -0.29035 0.16071 0.94307 -0.2912 0.15927 0.92887 -0.33442 0.16044 0.92785 -0.33668 0.15918 0.91689 -0.36602 0.19606 0.89677 -0.39669 0.19089 0.86008 -0.47311 0.27348 0.84435 -0.46075 0.27648 0.84298 -0.46146 0.34613 0.82432 -0.44798 0.34916 0.82274 -0.44855 0.55961 0.73212 -0.38836 0.43836 0.80652 -0.3967 0.53361 0.7601 -0.37082 0.53745 0.75757 -0.37046 0.64189 0.69038 -0.3337 0.13894 0.41045 -0.90124 0.26136 0.42947 -0.86443 0.23045 0.43896 -0.86845 0.29747 0.44662 -0.84382 0.30792 0.4433 -0.84183 0.53136 0.45099 -0.71712 0.41134 0.47807 -0.77605 0.49944 0.47625 -0.7237 0.51944 0.47133 -0.71276 0.62029 0.46113 -0.6345 0.63639 0.45545 -0.62255 0.75099 0.55026 -0.36499 0.74542 0.55571 -0.36815 0.75204 0.60747 -0.25575 0.41561 0.57242 -0.70683 0.64252 0.52456 -0.55857 0.52771 0.58061 -0.62001 0.6268 0.55058 -0.55135 0.64009 0.5433 -0.54324 0.74234 0.49646 -0.44996 0.42963 0.27164 -0.86118 0.42644 0.2614 -0.86592 0.46919 0.27583 -0.83892 0.46484 0.2621 -0.84571 0.51622 0.27737 -0.8103 0.51739 0.28098 -0.8083 0.61191 0.30259 -0.73075 0.21391 0.87274 -0.43883 0.20882 0.87392 -0.43892 0.21321 0.8768 -0.431 0.22947 0.87297 -0.43043 0.23977 0.88148 -0.40682 0.31961 0.85823 -0.4016 0.32851 0.86722 -0.37417 0.43067 0.8263 -0.36297 0.43813 0.8353 -0.33214 0.52925 0.78648 -0.31834 0.53419 0.79557 -0.28584 0.64156 0.71962 -0.26561 0.64322 0.72684 -0.24076 0.75221 0.62277 -0.21525 0.75183 0.61902 -0.22708 0.8545 0.47166 -0.21764 0.64469 0.688 -0.33322 0.6345 0.63294 -0.44361 0.53444 0.68324 -0.49754 0.51853 0.6124 -0.59674 0.42214 0.63529 -0.64669 0.40687 0.5765 -0.7086 0.31491 0.58291 -0.74903 0.32499 0.58559 -0.7426 0.24848 0.58711 -0.77043 0.23514 0.53395 -0.81216 0.11568 0.52309 -0.84439 0.10959 0.49599 -0.86139 0.8444 0.50288 -0.18467 0.92222 0.35948 -0.14244 0.91709 0.36844 -0.15231 0.90492 0.39203 -0.16562 0.92035 0.35719 -0.15926 0.92125 0.35059 -0.16847 0.91641 0.34837 -0.19706 0.92018 0.33856 -0.19656 0.9127 0.33975 -0.22705 0.90245 0.37522 -0.21162 0.88262 0.39985 -0.24718 0.84722 0.4399 -0.29783 0.84529 0.39014 -0.36508 0.75091 0.42756 -0.50332 0.929 0.34166 -0.14222 0.93403 0.32943 -0.1381 0.92884 0.34275 -0.14064 0.92253 0.35864 -0.14256 0.74178 0.32496 -0.58665 0.68302 0.35558 -0.63801 0.89604 0.36959 -0.24601 0.91645 0.33705 -0.21569 0.7577 0.39098 -0.52251 0.82337 0.40347 -0.39909 0.79319 0.39884 -0.4602 0.79372 0.40319 -0.45546 0.93846 0.3142 -0.14344 0.91827 0.36458 -0.15445 0.91841 0.36551 -0.15139 0.91219 0.3734 -0.16874 0.95646 0.26169 -0.12928 0.83788 0.50615 -0.2044 0.84336 0.49801 -0.20182 0.74355 0.62451 -0.23899 0.73554 0.41947 -0.532 0.73194 0.41511 -0.54032 0.69122 0.40729 -0.59693 0.68916 0.39822 -0.60538 0.78147 0.4352 -0.44711 0.73271 0.4198 -0.53564 0.69849 0.41068 -0.58604 0.69754 0.40581 -0.59056 0.64514 0.38835 -0.65801 0.64419 0.38471 -0.66107 0.58435 0.36319 -0.72569 0.5834 0.36009 -0.72799 0.4749 0.3218 -0.81909 0.47372 0.31826 -0.82116 0.38446 0.28408 -0.87834 0.3825 0.27817 -0.88109 0.40792 0.2882 -0.86634 0.34882 0.26227 -0.89974 0.45934 0.30519 -0.83418 0.40434 0.28188 -0.87009 0.51575 0.32342 -0.79335 0.46635 0.30431 -0.83061 0.56312 0.33899 -0.75365 0.51866 0.3224 -0.79187 0.57906 0.34342 -0.73943 0.57704 0.33694 -0.74397 0.61812 0.35079 -0.70347 0.61354 0.33462 -0.71526 0.59229 0.32714 -0.73632 0.58772 0.31075 -0.747 0.67896 0.33748 -0.65201 0.53231 0.28549 -0.79696 0.75643 0.34661 -0.55469 0.75275 0.32528 -0.57233 0.8486 0.33726 -0.4076 0.73714 0.43009 -0.5212 0.79662 0.4381 -0.41649 0.79658 0.44507 -0.40911 0.83473 0.44627 -0.32261 0.83357 0.45341 -0.31557 0.63755 0.3838 -0.66801 0.53988 0.33912 -0.77041 0.59097 0.35189 -0.72589 0.59333 0.35963 -0.72015 0.77643 0.43607 -0.45497 0.77627 0.43153 -0.45956 0.72248 0.41908 -0.54991 0.72165 0.41331 -0.55533 0.65888 0.39576 -0.63972 0.65678 0.38663 -0.64742 0.65572 0.38632 -0.64868 0.6039 0.35574 -0.71327 0.67414 0.37919 -0.63384 0.62296 0.3642 -0.6923 0.76443 0.3976 -0.5075 0.91166 0.34391 -0.22497 0.9077 0.36833 -0.20103 0.8414 0.36343 -0.39995 0.8416 0.3942 -0.36921 0.76964 0.37904 -0.5138 0.77184 0.39505 -0.49819 0.7125 0.37904 -0.59049 0.71359 0.38397 -0.58596 0.67523 0.37276 -0.63648 0.67454 0.37021 -0.6387 0.65541 0.36459 -0.66145 0.65579 0.36588 -0.66036 0.60883 0.3518 -0.71103 0.65597 0.36693 -0.65959 0.56737 0.33958 -0.75018 0.62108 0.3576 -0.69741 0.51692 0.32383 -0.79242 0.57877 0.34676 -0.73809 0.47062 0.30997 -0.82609 0.53897 0.33631 -0.77227 0.51884 0.32941 -0.78886 0.51978 0.33228 -0.78703 0.56631 0.35468 -0.74397 0.59133 0.35899 -0.72212 0.59257 0.36323 -0.71897 0.62563 0.37366 -0.68481 0.65353 0.37766 -0.65596 0.67535 0.38392 -0.62969 0.70291 0.39036 -0.59458 0.70139 0.38395 -0.60053 0.65708 0.37079 -0.65633 0.79564 0.42573 -0.43094 0.76778 0.42163 -0.48243 0.76708 0.41472 -0.48949 0.73277 0.40829 -0.54438 0.76583 0.40585 -0.49879 0.81496 0.41503 -0.40447 0.81538 0.42244 -0.39585 0.82056 0.42858 -0.37814 0.80167 0.42674 -0.41859 0.80135 0.42024 -0.42572 0.77841 0.41706 -0.46919 0.77736 0.40853 -0.47834 0.73711 0.3907 -0.55138 0.77951 0.40014 -0.48192 0.59019 0.35368 -0.72566 0.83972 0.41366 -0.3518 0.83974 0.42473 -0.33829 0.78091 0.41887 -0.46339 0.84799 0.43117 -0.30822 0.84752 0.43625 -0.30233 0.82042 0.4341 -0.37212 0.8479 0.43698 -0.30019 0.79574 0.43136 -0.42511 0.8354 0.4372 -0.33311 0.81862 0.43554 -0.3744 0.88259 0.42303 -0.20516 0.84471 0.46519 -0.2647 0.85181 0.46448 -0.24221 0.86529 0.46175 -0.19508 0.89971 0.43628 0.01341 0.87301 0.45288 -0.18101 0.80745 0.30231 0.50659 0.87548 0.43875 -0.20255 0.58994 0.38333 -0.71065 0.86818 0.44372 -0.22221 0.84661 0.4445 -0.2927 0.86094 0.44468 -0.24705 0.83424 0.4452 -0.32534 0.85015 0.44569 -0.28037 0.81729 0.44702 -0.3636 0.73608 0.386 -0.55606 0.75773 0.39113 -0.52236 0.77871 0.39519 -0.48727 0.81998 0.40284 -0.40664 0.82064 0.41097 -0.39706 0.86326 0.41508 -0.28723 0.86227 0.42851 -0.26993 0.90256 0.42061 -0.09198 0.54668 0.36334 -0.75441 0.88388 0.4146 -0.21647 0.87282 0.41536 -0.25626 0.87345 0.40735 -0.26675 0.85477 0.40741 -0.32155 0.86607 0.41009 -0.28593 0.86576 0.41456 -0.28036 0.83383 0.40811 -0.37171 0.84761 0.5081 -0.15296 0.79593 0.50974 -0.3266 0.84959 0.49865 -0.17191 0.86663 0.46404 -0.18335 0.84885 0.46504 -0.25138 0.85311 0.45047 -0.26321 0.82094 0.44739 -0.35483 0.8216 0.44214 -0.35983 0.76229 0.43095 -0.4829 0.76206 0.42691 -0.48683 0.72198 0.41739 -0.55185 0.72063 0.40819 -0.56043 0.68286 0.39522 -0.61442 0.68164 0.38969 -0.61928 0.73181 0.40292 -0.54964 0.68474 0.38692 -0.6176 0.73369 0.39965 -0.54952 0.73186 0.39082 -0.55825 0.69567 0.38077 -0.60915 0.69441 0.37591 -0.61358 0.70597 0.37901 -0.5983 0.70578 0.37826 -0.599 0.7349 0.38595 -0.55765 0.73563 0.38943 -0.55425 0.77976 0.4005 -0.48121 0.77925 0.39661 -0.48526 0.83611 0.40839 -0.36625 0.83598 0.39352 -0.38246 0.91183 0.39607 -0.10816 0.89265 0.39246 -0.2217 0.74515 0.6012 -0.28863 0.35507 0.84635 -0.39702 0.62164 0.70431 -0.3428 0.62487 0.70196 -0.34175 0.54079 0.75831 -0.36402 0.5477 0.75421 -0.36221 0.46407 0.80025 -0.37979 0.47419 0.81281 -0.33835 0.46954 0.81514 -0.33923 0.55003 0.76962 -0.32428 0.54785 0.77095 -0.32479 0.62972 0.71425 -0.30545 0.63002 0.71402 -0.30536 0.55285 0.76781 -0.32376 0.72209 0.63521 -0.27404 0.47602 0.82744 -0.29791 0.47589 0.82751 -0.29793 0.55376 0.78222 -0.28544 0.55547 0.78114 -0.28509 0.63519 0.72412 -0.26867 0.63868 0.72138 -0.26775 0.6673 0.69766 -0.26075 0.72115 0.64811 -0.24473 0.2745 0.82919 -0.48692 0.29571 0.84642 -0.44287 0.26666 0.8538 -0.44712 0.28235 0.87091 -0.40224 0.26382 0.87557 -0.40468 0.2752 0.89117 -0.36066 0.26482 0.89381 -0.36189 0.27212 0.90842 -0.31738 0.26746 0.90963 -0.31788 0.7285 0.65156 -0.21155 0.65128 0.70219 -0.28768 0.67084 0.68982 -0.27226 0.74582 0.62652 -0.22633 0.75241 0.62923 -0.1948 0.62852 0.62198 -0.46702 0.69352 0.63998 -0.33086 0.68103 0.57685 -0.45105 0.66923 0.5709 -0.47561 0.66932 0.61188 -0.42143 0.6597 0.61024 -0.43864 0.65893 0.63859 -0.39751 0.64829 0.63902 -0.41397 0.64643 0.67344 -0.35862 0.69048 0.66105 -0.29369 0.67282 0.66819 -0.31754 0.74186 0.63928 -0.20239 0.72301 0.65217 -0.2279 0.24494 0.79261 -0.55837 0.49316 0.77572 -0.39377 0.34792 0.89289 -0.28582 0.37388 0.8815 -0.28838 0.37421 0.88485 -0.27749 0.71106 0.66935 -0.21534 0.64342 0.72914 -0.23314 0.6455 0.7273 -0.23315 0.55944 0.78975 -0.25164 0.56253 0.78752 -0.25174 0.47901 0.8365 -0.26613 0.4831 0.83406 -0.26638 0.41087 0.86876 -0.27649 0.4078 0.83899 -0.36026 0.3661 0.85242 -0.3733 0.35978 0.80143 -0.47778 0.28797 0.81031 -0.51036 0.60067 0.62869 -0.49391 0.55501 0.61896 -0.55574 0.5717 0.62115 -0.53603 0.52514 0.60931 -0.59411 0.54351 0.61243 -0.57405 0.53643 0.55517 -0.63563 0.58122 0.57519 -0.57562 0.56665 0.57054 -0.59446 0.61088 0.58892 -0.52916 0.59772 0.58523 -0.54794 0.53734 0.73088 -0.42082 0.47611 0.74345 -0.46969 0.47173 0.6966 -0.54058 0.58754 0.68011 -0.43845 0.53339 0.68031 -0.50267 0.55873 0.67875 -0.47657 0.25537 0.63481 -0.72925 0.5293 0.65051 -0.54468 0.50253 0.6497 -0.5704 0.49672 0.5989 -0.62816 0.52405 0.54577 -0.65383 0.51024 0.46957 -0.72053 0.56941 0.508 -0.6463 0.40362 0.47603 -0.78134 0.42148 0.48575 -0.76577 0.43529 0.56659 -0.69964 0.41271 0.56267 -0.71629 0.42148 0.6246 -0.65744 0.39429 0.62314 -0.67545 0.40167 0.68268 -0.61042 0.36907 0.68465 -0.62852 0.37591 0.74401 -0.5524 0.51785 0.47342 -0.71253 0.48215 0.45159 -0.75073 0.4975 0.53097 -0.68597 0.48041 0.52423 -0.70313 0.49093 0.5929 -0.63832 0.25505 0.82077 -0.51116 0.32302 0.78081 -0.53478 0.31703 0.73542 -0.59887 0.33825 0.73273 -0.59051 0.33116 0.67339 -0.66097 0.36581 0.67254 -0.64333 0.35755 0.60771 -0.70911 0.38615 0.61014 -0.69182 0.37639 0.54325 -0.75047 0.39983 0.54791 -0.7348 0.38477 0.46182 -0.79917 0.47725 0.64578 -0.59598 0.47004 0.5881 -0.65818 0.51649 0.6029 -0.60807 0.50757 0.53961 -0.67171 0.55205 0.56062 -0.6172 0.54072 0.49101 -0.68303 0.57227 0.51055 -0.64176 0.62539 0.54375 -0.55967 0.60496 0.53232 -0.59216 0.63745 0.55134 -0.53823 0.64048 0.60134 -0.47768 0.62902 0.59868 -0.49591 0.62997 0.63464 -0.44764 0.61717 0.63427 -0.46561 0.61697 0.67658 -0.40199 0.60302 0.67906 -0.41861 0.60323 0.72327 -0.33615 0.56997 0.73913 -0.35891 0.59957 0.46095 -0.65425 0.70015 0.39037 0.59783 0.79396 0.55448 -0.24938 0.76745 0.54631 -0.3355 0.60675 0.47703 -0.63584 0.72619 0.53835 -0.42759 0.6823 0.5194 -0.51449 0.40165 0.38023 -0.83313 0.5026 0.44192 -0.74304 0.45215 0.41603 -0.78898 0.55939 0.48062 -0.67534 0.51394 0.45585 -0.72668 0.60537 0.50931 -0.61166 0.56569 0.4885 -0.66435 0.65495 0.53865 -0.52999 0.62255 0.52274 -0.58238 0.70424 0.56566 -0.42904 0.68017 0.55517 -0.4787 0.73254 0.58026 -0.35593 0.73001 0.6028 -0.32205 0.7856 0.61657 -0.05171 0.74893 0.6158 -0.24474 0.50056 0.43361 -0.74929 0.60119 0.48925 -0.63183 0.5564 0.46698 -0.68728 0.64114 0.51222 -0.57146 0.60252 0.49388 -0.62694 0.68402 0.53538 -0.49546 0.6528 0.52165 -0.54931 0.72652 0.55637 -0.40327 0.70365 0.5476 -0.45279 0.76473 0.57251 -0.29567 0.61026 0.50918 -0.60689 0.67837 0.42405 0.59999 0.67568 0.55776 -0.48203 0.26989 0.92003 -0.28409 0.26835 0.9205 -0.28401 0.2681 0.9178 -0.29287 0.27448 0.91522 -0.29501 0.27036 0.87386 -0.40407 0.20659 0.89579 -0.39354 0.293 0.84908 -0.43957 0.22094 0.85968 -0.46057 0.21681 0.82317 -0.52477 0.23451 0.80221 -0.54906 0.23228 0.78372 -0.57604 0.25157 0.75872 -0.60088 0.24764 0.72715 -0.64025 0.30118 0.69447 -0.65345 0.29694 0.66089 -0.68924 0.32713 0.61199 -0.72004 0.32432 0.59184 -0.73793 0.34766 0.55051 -0.75899 0.34354 0.52421 -0.77922 0.36109 0.49029 -0.79324 0.35256 0.4437 -0.82391 0.32047 0.84135 -0.43522 0.33225 0.85338 -0.40169 0.32192 0.78884 -0.52355 0.34082 0.81267 -0.47266 0.32687 0.73383 -0.59552 0.352 0.77078 -0.53103 0.36513 0.72991 -0.57785 0.33519 0.68031 -0.65178 0.35526 0.68011 -0.64128 0.32062 0.61999 -0.71611 0.34434 0.73217 -0.58767 0.31601 0.68783 -0.65347 0.33559 0.7864 -0.51861 0.31492 0.75832 -0.57076 0.39669 0.5183 -0.75763 0.42835 0.34824 -0.83381 0.45601 0.46288 -0.76013 0.4031 0.40421 -0.82105 0.42442 0.49789 -0.75629 0.35201 0.4782 -0.80462 0.36214 0.52044 -0.7733 0.30351 0.47035 -0.82864 0.33309 0.58779 -0.73726 0.30092 0.54991 -0.77913 0.32759 0.66172 -0.6744 0.30128 0.63487 -0.71146 0.31619 0.7 -0.64033 0.31522 0.70009 -0.64071 0.30108 0.67809 -0.67048 0.30434 0.65619 -0.6905 0.32868 0.75627 -0.56571 0.30872 0.66223 -0.68274 0.33397 0.68692 -0.64545 0.31099 0.58613 -0.74816 0.34158 0.62098 -0.70549 0.32509 0.55024 -0.76912 0.32664 0.5505 -0.76828 0.38558 0.62372 -0.67993 0.34398 0.61992 -0.70525 0.29461 0.6567 -0.69423 0.29776 0.63256 -0.71499 0.29024 0.60174 -0.74409 0.29294 0.57265 -0.76568 0.28656 0.54773 -0.78605 0.28865 0.51404 -0.80774 0.27699 0.47078 -0.83764 0.29038 0.43306 -0.85331 0.27553 0.38079 -0.88266 0.31352 0.3477 -0.88363 0.31211 0.34281 -0.88604 0.39866 0.32821 -0.85636 0.42158 0.33703 -0.84183 0.41829 0.32517 -0.84812 0.46772 0.34866 -0.81221 0.47318 0.36764 -0.80059 0.57022 0.4139 -0.7096 0.57648 0.43811 -0.68973 0.5609 0.43057 -0.70711 0.56336 0.44066 -0.69889 0.65003 0.48105 -0.58826 0.64855 0.47278 -0.59654 0.68257 0.48685 -0.54505 0.45075 0.38949 -0.8032 0.45422 0.40275 -0.79465 0.55124 0.45747 -0.69775 0.54912 0.44849 -0.70521 0.59797 0.47362 -0.64662 0.64386 0.49817 -0.58074 0.63833 0.49551 -0.58908 0.67725 0.51561 -0.52486 0.71279 0.53122 -0.45797 0.71162 0.5165 -0.47626 0.76904 0.5372 -0.3464 0.7696 0.52232 -0.36729 0.78782 0.52828 -0.31663 0.78887 0.51492 -0.33547 0.82373 0.52096 -0.22376 0.74327 0.49404 -0.45108 0.71029 0.50077 -0.4947 0.73256 0.50794 -0.45316 0.7318 0.49627 -0.4671 0.82662 0.48825 -0.27982 0.82363 0.50397 -0.2601 0.79716 0.4984 -0.34079 0.79569 0.5161 -0.31704 0.7654 0.50683 -0.39659 0.76529 0.52103 -0.37796 0.73972 0.51146 -0.43728 0.74033 0.52606 -0.41853 0.71167 0.51513 -0.47767 0.67483 0.49813 -0.54449 0.68472 0.50236 -0.52802 0.64084 0.48122 -0.59812 0.59926 0.46189 -0.65387 0.60114 0.47064 -0.64586 0.50757 0.42238 -0.75098 0.50478 0.41163 -0.75879 0.49538 0.40661 -0.76764 0.48702 0.4102 -0.77107 0.48366 0.39736 -0.77986 0.44089 0.39223 -0.80732 0.45721 0.46338 -0.7591 0.73281 0.49073 -0.47136 0.73185 0.47682 -0.48686 0.78882 0.49463 -0.36485 0.79015 0.47786 -0.3838 0.82977 0.48541 -0.27543 0.83168 0.47714 -0.28399 0.70975 0.46839 -0.52618 0.70623 0.44534 -0.55038 0.65891 0.42902 -0.61789 0.65119 0.39743 -0.64653 0.59959 0.37976 -0.70447 0.59752 0.37278 -0.70993 0.54743 0.35472 -0.75796 0.54793 0.3563 -0.75685 0.48755 0.33287 -0.80715 0.4862 0.32863 -0.8097 0.35559 0.27461 -0.89339 0.35282 0.26572 -0.89717 0.27513 0.23094 -0.93326 0.28002 0.2483 -0.92733 0.17794 0.20749 -0.96192 0.18319 0.22763 -0.95636 0.0535 0.17967 -0.98227 0.05319 0.17837 -0.98253 0.08634 0.18956 -0.97807 0.09439 0.19563 -0.97613 0.15088 0.18444 -0.97119 0.23683 0.21135 -0.94828 0.23241 0.1973 -0.9524 0.2558 0.20239 -0.9453 0.31682 0.22942 -0.92032 0.31616 0.22728 -0.92108 0.23651 0.19797 -0.95125 0.29142 0.22418 -0.92996 0.17004 0.17818 -0.9692 0.22879 0.2073 -0.95115 0.19847 0.19558 -0.96039 0.74503 0.46993 -0.47339 0.74364 0.45449 -0.49035 0.70338 0.44227 -0.55646 0.69757 0.41232 -0.58599 0.64937 0.39729 -0.64845 0.64679 0.38764 -0.65681 0.59127 0.36916 -0.71703 0.59109 0.36859 -0.71746 0.53403 0.34579 -0.77152 0.53512 0.34921 -0.76922 0.41074 0.30006 -0.86096 0.40891 0.29441 -0.86378 0.29323 0.24558 -0.92396 0.28967 0.23376 -0.92814 0.23957 0.21262 -0.94731 0.19576 0.18527 -0.96299 0.25654 0.21018 -0.9434 0.2252 0.19423 -0.95476 0.31792 0.23103 -0.91954 0.28932 0.217 -0.93231 0.36402 0.24562 -0.89842 0.36273 0.24142 -0.90008 0.38572 0.2495 -0.88824 0.38266 0.23987 -0.89221 0.40473 0.24681 -0.8805 0.4083 0.25742 -0.8758 0.48068 0.27589 -0.83236 0.63654 0.30503 -0.70836 0.63761 0.30889 -0.70572 0.55947 0.28747 -0.7774 0.56466 0.30491 -0.76694 0.50206 0.28491 -0.81656 0.50615 0.29838 -0.80918 0.5382 0.31033 -0.7836 0.54308 0.32593 -0.77384 0.47514 0.30135 -0.8267 0.5171 0.31768 -0.79479 0.41697 0.28033 -0.86461 0.46477 0.29957 -0.83322 0.34897 0.25478 -0.90184 0.40329 0.27873 -0.87159 0.28912 0.23282 -0.92855 0.34798 0.25968 -0.90082 0.32103 0.24864 -0.91385 0.32459 0.2599 -0.90945 0.41044 0.29499 -0.86286 0.41108 0.29691 -0.86189 0.52247 0.33906 -0.78235 0.52329 0.34156 -0.78071 0.64063 0.38142 -0.66642 0.64241 0.38784 -0.66098 0.69404 0.40357 -0.59619 0.69657 0.41523 -0.58513 0.73811 0.42684 -0.52249 0.74114 0.45048 -0.49777 0.79863 0.46404 -0.38322 0.79886 0.45915 -0.3886 0.82434 0.47274 -0.31142 0.85389 0.46249 -0.23869 0.85027 0.47373 -0.2294 0.86552 0.46845 -0.17727 0.85558 0.48874 -0.17064 0.66794 0.46013 -0.58492 0.66271 0.43456 -0.6099 0.61125 0.41479 -0.67404 0.60253 0.38321 -0.70008 0.55081 0.36391 -0.75111 0.54918 0.35863 -0.75484 0.51185 0.34396 -0.78721 0.45482 0.31812 -0.83183 0.4401 0.31204 -0.84199 0.43671 0.30121 -0.84768 0.31908 0.25235 -0.91351 0.32369 0.26835 -0.90731 0.22601 0.22989 -0.94661 0.23334 0.25675 -0.93789 0.09035 0.20468 -0.97465 0.09832 0.23579 -0.96682 0.00995 0.20615 -0.97847 0.02579 0.27612 -0.96078 0.05959 0.28573 -0.95646 0.04572 0.27148 -0.96136 0.13084 0.29436 -0.94669 0.12609 0.60467 -0.78644 0.11969 0.57473 -0.80954 0.0538 0.56698 -0.82197 0.04397 0.51696 -0.85488 0.08522 0.52386 -0.84753 0.07008 0.45463 -0.88792 0.12978 0.46621 -0.8751 0.10575 0.36769 -0.92392 0.17906 0.38519 -0.9053 0.14967 0.27802 -0.94884 0.28666 0.3185 -0.90354 0.27848 0.29092 -0.91532 0.2981 0.29755 -0.90697 0.1621 0.23615 -0.9581 0.41837 0.33046 -0.84602 0.41087 0.30405 -0.8595 0.45883 0.32494 -0.82698 0.46066 0.33097 -0.82356 0.56101 0.39135 -0.72946 0.56368 0.40077 -0.72225 0.6161 0.42294 -0.66448 0.62254 0.44971 -0.64047 0.61693 0.44726 -0.64758 0.61886 0.45634 -0.63934 0.69481 0.48783 -0.52845 0.69385 0.4802 -0.53665 0.76158 0.50303 -0.4086 0.76139 0.48783 -0.42698 0.8045 0.49979 -0.32092 0.80649 0.48376 -0.33992 0.84722 0.48697 -0.21233 0.85272 0.4771 -0.21269 0.84325 0.47644 -0.24886 0.85038 0.4755 -0.22528 0.84586 0.47654 -0.23965 0.84619 0.47553 -0.24048 0.83807 0.47369 -0.27067 0.77982 0.47574 -0.40687 0.77967 0.47903 -0.4033 0.71378 0.47108 -0.51826 0.71364 0.46972 -0.51969 0.67029 0.46814 -0.57581 0.66905 0.46056 -0.58332 0.79113 0.48394 -0.37406 0.8107 0.4866 -0.32555 0.77204 0.52062 -0.36457 0.79741 0.52636 -0.29509 0.76664 0.53984 -0.34762 0.77506 0.54103 -0.32646 0.73511 0.55514 -0.38914 0.74238 0.55956 -0.36848 0.81732 0.44269 -0.36879 0.81972 0.4431 -0.36293 0.81371 0.44853 -0.36974 0.83248 0.4483 -0.32559 0.80961 0.46549 -0.35756 0.8448 0.46627 -0.26249 0.81463 0.48728 -0.31456 0.8413 0.48654 -0.23557 0.73106 0.60654 -0.31251 0.76731 0.59111 -0.24864 0.76816 0.58343 -0.26372 0.8159 0.55367 -0.1666 0.81507 0.54991 -0.18235 0.81472 0.52448 -0.24728 0.83351 0.5348 -0.13876 0.82249 0.53196 -0.20132 0.79812 0.54747 -0.25156 0.79976 0.55132 -0.23755 0.75623 0.57266 -0.31651 0.7561 0.57998 -0.30321 0.73646 0.58717 -0.33595 0.79042 0.45717 -0.40772 0.76488 0.45709 -0.45391 0.77485 0.4601 -0.43349 0.80232 0.47789 -0.35764 0.83416 0.48743 -0.25807 0.77132 0.47908 -0.41898 0.76867 0.49661 -0.40314 0.78253 0.50067 -0.3701 0.8065 0.50493 -0.30757 0.8121 0.50611 -0.29043 0.84198 0.50506 -0.18969 0.46858 0.7063 -0.53063 0.48265 0.71162 -0.51054 0.41551 0.7371 -0.53294 0.43614 0.74593 -0.50337 0.39997 0.78561 -0.47207 0.37532 0.77214 -0.51277 0.36441 0.77607 -0.51471 0.34709 0.7678 -0.53853 0.69478 0.57914 -0.42646 0.69817 0.5887 -0.40742 0.67984 0.59088 -0.43437 0.68116 0.60245 -0.41602 0.66438 0.60324 -0.44125 0.66332 0.61662 -0.42401 0.64798 0.61618 -0.44772 0.64398 0.63107 -0.43249 0.62838 0.62933 -0.45725 0.62068 0.64507 -0.4457 0.60517 0.642 -0.47076 0.60141 0.65027 -0.46417 0.58595 0.64638 -0.48873 0.58082 0.65454 -0.48397 0.56593 0.65009 -0.50705 0.54783 0.66479 -0.50788 0.55334 0.66662 -0.49943 0.51697 0.68979 -0.50689 0.53467 0.69614 -0.47907 0.49389 0.71905 -0.48891 0.51742 0.73 -0.44652 0.49486 0.74258 -0.45132 0.51293 0.75448 -0.40947 0.46065 0.78202 -0.41981 0.47443 0.7952 -0.37759 0.72048 0.65947 -0.21452 0.65406 0.71812 -0.23773 0.64322 0.72709 -0.24001 0.64051 0.72925 -0.24073 0.55933 0.7886 -0.25547 0.55751 0.78975 -0.25586 0.47898 0.83628 -0.26685 0.47809 0.83674 -0.26701 0.37458 0.8847 -0.27749 0.37222 0.8748 -0.31012 0.37469 0.87387 -0.30976 0.36767 0.86033 -0.35307 0.37536 0.85752 -0.35181 0.36438 0.84332 -0.39502 0.37913 0.83805 -0.39235 0.36397 0.82269 -0.4367 0.38775 0.81428 -0.43198 0.3671 0.79902 -0.47625 0.31396 0.81676 -0.48408 0.29004 0.8021 -0.52203 0.32436 0.79186 -0.51745 0.82243 0.44426 -0.35531 0.81745 0.44488 -0.36587 0.82069 0.44099 -0.36331 0.82702 0.44034 -0.34947 0.81899 0.44778 -0.35882 0.84381 0.44556 -0.29909 0.8203 0.46446 -0.33376 0.8628 0.46014 -0.20938 0.8315 0.48573 -0.26959 0.86376 0.47723 -0.16176 0.83207 0.50425 -0.23108 0.86525 0.49224 -0.09508 0.82889 0.52714 -0.18724 0.85692 0.51346 -0.0452 0.8214 0.55175 -0.14448 0.83659 0.54064 -0.08849 0.77197 0.5904 -0.23555 0.79074 0.58581 -0.17764 0.73197 0.61635 -0.2904 0.75119 0.61802 -0.23187 0.70295 0.63613 -0.31812 0.72073 0.6426 -0.26003 0.67672 0.65452 -0.33712 0.69246 0.66542 -0.27878 0.64935 0.67294 -0.35425 0.66238 0.68836 -0.29564 0.61852 0.69169 -0.37283 0.62776 0.71178 -0.31508 0.579 0.71013 -0.40059 0.58326 0.73519 -0.34541 0.53119 0.7272 -0.43476 0.54482 0.74468 -0.38552 0.48959 0.7313 -0.47487 0.5044 0.75276 -0.423 0.44195 0.73274 -0.51747 0.4341 0.7697 -0.46811 0.48931 0.74058 -0.46056 0.50565 0.74551 -0.43421 0.74094 0.43277 -0.51353 0.75078 0.49005 -0.44292 0.90672 0.36051 -0.21883 0.84456 0.45879 -0.27609 0.84697 0.48984 -0.20664 0.84656 0.49047 -0.20682 0.84753 0.4981 -0.18326 0.74942 0.62582 -0.21613 0.74805 0.61968 -0.23751 0.63884 0.7218 -0.26625 0.63453 0.71384 -0.29633 0.53288 0.78431 -0.31765 0.5259 0.77632 -0.34749 0.44348 0.82036 -0.36102 0.43494 0.81265 -0.38785 0.34796 0.84873 -0.39822 0.33759 0.84139 -0.42201 0.27747 0.86085 -0.42654 0.27299 0.85824 -0.43463 0.24413 0.86632 -0.43576 0.26862 0.8791 -0.39373 0.24038 0.8874 -0.39337 0.2633 0.8771 -0.40171 0.26465 0.87669 -0.40171 0.28883 0.86732 -0.40538 0.32204 0.85586 -0.40472 0.34389 0.84607 -0.40732 0.40666 0.81952 -0.40375 0.36041 0.84663 -0.39157 0.42244 0.81861 -0.38912 0.45864 0.79403 -0.39894 0.41853 0.81429 -0.4022 0.43332 0.78273 -0.44673 0.43773 0.78063 -0.4461 0.4559 0.78669 -0.41625 0.44787 0.80527 -0.38852 0.52954 0.75593 -0.38492 0.82472 0.44467 -0.34944 0.8195 0.44583 -0.36007 0.82404 0.44036 -0.35644 0.83003 0.43916 -0.34379 0.82359 0.44519 -0.35142 0.84813 0.44046 -0.2944 0.82546 0.45899 -0.32856 0.86987 0.4491 -0.20402 0.8366 0.47684 -0.26969 0.87542 0.4598 -0.14909 0.8383 0.49264 -0.23357 0.87866 0.47044 -0.08157 0.83519 0.51364 -0.19655 0.87016 0.49105 -0.04123 0.82683 0.53766 -0.16516 0.8519 0.51702 -0.08343 0.78358 0.57102 -0.24483 0.81883 0.55452 -0.1484 0.74957 0.59448 -0.2911 0.78891 0.58471 -0.18903 0.72479 0.61322 -0.31407 0.76456 0.60964 -0.20925 0.70272 0.63103 -0.32861 0.74144 0.63352 -0.22117 0.67996 0.64919 -0.3409 0.71636 0.65807 -0.23188 0.65458 0.66802 -0.35395 0.68718 0.68356 -0.24601 0.62305 0.68719 -0.37359 0.65107 0.70957 -0.26948 0.58647 0.70602 -0.39697 0.62306 0.72229 -0.30016 0.55763 0.71363 -0.42401 0.59698 0.73414 -0.3235 0.55244 0.72702 -0.40774 0.25737 0.82092 -0.50976 0.25285 0.82353 -0.50781 0.26543 0.83158 -0.48787 0.22615 0.84594 -0.48295 0.24315 0.86045 -0.44778 0.21461 0.87006 -0.44378 0.22769 0.8849 -0.40634 0.20887 0.89086 -0.40341 0.219 0.90527 -0.36404 0.20798 0.90859 -0.36223 0.21486 0.92271 -0.32007 0.20935 0.9243 -0.31912 0.2117 0.93453 -0.28607 0.2096 0.93526 -0.28525 0.20921 0.93092 -0.29937 0.21594 0.9257 -0.31057 0.21316 0.89476 -0.39238 0.22245 0.87715 -0.42559 0.22041 0.85933 -0.46148 0.24868 0.828 -0.50256 0.24515 0.80165 -0.54522 0.26209 0.77992 -0.56836 0.25914 0.75878 -0.59758 0.27757 0.7328 -0.62126 0.26824 0.67099 -0.69124 0.39593 0.67998 -0.61715 0.38653 0.62281 -0.68023 0.41217 0.57416 -0.70743 0.41126 0.56917 -0.71198 0.43151 0.52831 -0.73122 0.4295 0.51772 -0.73993 0.45318 0.46584 -0.76001 0.3635 0.41993 -0.83158 0.34979 0.35736 -0.86599 0.38302 0.37938 -0.84224 0.45559 0.43024 -0.77932 0.42161 0.40982 -0.80888 0.45568 0.4321 -0.77823 0.47279 0.51661 -0.71385 0.45533 0.50944 -0.73017 0.4672 0.58276 -0.66492 0.44534 0.57724 -0.68444 0.45331 0.63667 -0.62383 0.43947 0.63511 -0.63521 0.44598 0.69118 -0.56866 0.41627 0.69444 -0.58692 0.42147 0.74141 -0.52218 0.41612 0.74261 -0.52476 0.42226 0.79602 -0.43363 0.4224 0.79598 -0.43359 0.42673 0.83383 -0.35019 0.49614 0.80494 -0.32545 0.48109 0.81306 -0.32785 0.57223 0.76655 -0.29148 0.56139 0.7737 -0.29367 0.65158 0.71547 -0.2521 0.64509 0.72075 -0.25372 0.70824 0.67068 -0.22042 0.7176 0.66213 -0.21593 0.85805 0.48181 -0.17779 0.87211 0.48603 -0.05649 0.87501 0.48361 -0.02169 0.84521 0.51034 -0.15867 0.50332 0.74687 -0.43457 0.54816 0.75724 -0.35513 0.54563 0.75909 -0.35507 0.60318 0.73776 -0.30312 0.57126 0.76453 -0.29859 0.62464 0.74005 -0.24928 0.623 0.7416 -0.2488 0.65839 0.73633 -0.156 0.65466 0.74029 -0.15295 0.58828 0.79581 -0.14353 0.58112 0.79725 -0.16338 0.51087 0.84963 -0.13093 0.47418 0.85198 -0.22201 0.38889 0.90859 -0.15243 0.43203 0.87501 -0.21843 0.49205 0.83911 -0.23192 0.48083 0.85038 -0.21367 0.65147 0.71515 -0.25329 0.57654 0.78964 -0.20992 0.63538 0.73789 -0.22763 0.61224 0.73887 -0.28149 0.64636 0.70802 -0.28447 0.62821 0.70745 -0.32382 0.68947 0.65042 -0.31872 0.75733 0.57103 -0.31683 0.7413 0.58972 -0.32047 0.73056 0.5889 -0.34565 0.80601 0.50241 -0.31295 0.81117 0.50305 -0.29822 0.88035 0.39947 -0.25575 0.89407 0.37446 -0.24581 0.91674 0.3341 -0.21899 0.91638 0.33708 -0.21594 0.84898 0.33722 -0.40684 0.84953 0.36423 -0.38162 0.7652 0.34829 -0.54144 0.76945 0.379 -0.5141 0.69278 0.35816 -0.62592 0.69658 0.37483 -0.61178 0.64342 0.35838 -0.67644 0.64504 0.36418 -0.67178 0.61661 0.35506 -0.70265 0.61611 0.35341 -0.70392 0.56213 0.33597 -0.75574 0.60894 0.35217 -0.71075 0.51489 0.32086 -0.79494 0.56744 0.3398 -0.75003 0.45819 0.30181 -0.83605 0.5174 0.32526 -0.79152 0.40688 0.28508 -0.86786 0.47113 0.31148 -0.82523 0.448 0.30296 -0.84114 0.45049 0.31037 -0.8371 0.54144 0.34297 -0.7676 0.54262 0.34665 -0.76512 0.61029 0.37168 -0.69958 0.61138 0.37557 -0.69654 0.67133 0.39624 -0.62635 0.6725 0.40162 -0.62165 0.74124 0.4202 -0.52345 0.74185 0.42529 -0.51845 0.79488 0.43653 -0.42144 0.79489 0.43939 -0.41843 0.83382 0.4462 -0.32505 0.83305 0.45106 -0.32028 0.85587 0.45142 -0.2524 0.85119 0.46691 -0.23974 0.86672 0.46488 -0.18079 0.85551 0.48794 -0.17325 0.85779 0.4874 -0.16323 0.84505 0.50965 -0.16171 0.85084 0.50798 -0.13425 0.84842 0.50747 -0.15052 0.91065 0.34158 -0.23246 0.84994 0.37249 -0.37264 0.89502 0.34406 -0.28384 0.75047 0.36903 -0.54829 0.74067 0.37196 -0.55951 0.63176 0.37149 -0.68035 0.61493 0.37438 -0.69405 0.51021 0.36606 -0.77826 0.48849 0.36815 -0.7911 0.39858 0.35636 -0.84507 0.50112 0.34812 -0.79227 0.29247 0.31107 -0.90426 0.28087 0.31384 -0.90698 0.21436 0.29898 -0.92987 0.20299 0.30161 -0.93157 0.11565 0.27994 -0.95303 0.13792 0.3649 -0.92077 0.05382 0.34558 -0.93684 0.06901 0.41281 -0.9082 0.0351 0.40534 -0.91349 0.03305 0.44343 -0.8957 0.03461 0.43915 -0.89775 0.04402 0.48497 -0.87342 0.04094 0.52448 -0.85044 0.11458 0.5352 -0.83692 0.12087 0.56388 -0.81697 0.28846 0.57167 -0.76811 0.24499 0.60833 -0.75493 0.25742 0.6609 -0.70495 0.30233 0.6419 -0.70467 0.25467 0.68119 -0.68639 0.13635 0.68495 -0.71572 0.13508 0.69205 -0.7091 0.05795 0.68897 -0.72247 0.0645 0.67643 -0.73368 0.10306 0.67887 -0.72699 0.09851 0.68246 -0.72425 0.17702 0.68449 -0.7072 0.17152 0.68891 -0.70426 0.29074 0.68373 -0.66931 0.28542 0.69379 -0.6612 0.30278 0.69211 -0.65522 0.2994 0.71111 -0.63614 0.30826 0.71009 -0.63305 0.30817 0.74488 -0.59176 0.30696 0.74505 -0.59218 0.309 0.74175 -0.59525 0.30998 0.74163 -0.59489 0.32271 0.8073 -0.49409 0.32414 0.80699 -0.49367 0.32014 0.84004 -0.43799 0.3195 0.8416 -0.43547 0.32425 0.87573 -0.35772 0.32508 0.87413 -0.36085 0.31647 0.90405 -0.28728 0.32064 0.89771 -0.30217 0.32132 0.90473 -0.27968 0.32211 0.90425 -0.28032 0.31988 0.89468 -0.31182 0.32301 0.89315 -0.31296 0.31681 0.88094 -0.35153 0.32486 0.87683 -0.35446 0.31626 0.86547 -0.38851 0.33063 0.85768 -0.39379 0.32056 0.84726 -0.42355 0.34255 0.83443 -0.43173 0.33126 0.82592 -0.4562 0.36069 0.80689 -0.46779 0.35737 0.80508 -0.47342 0.36839 0.78819 -0.493 0.38033 0.79386 -0.47449 0.4117 0.76863 -0.4896 0.41693 0.77076 -0.48177 0.34308 0.8007 -0.4911 0.39677 0.75521 -0.52175 0.43084 0.74096 -0.51513 0.42713 0.73947 -0.52033 0.48114 0.70201 -0.52506 0.51627 0.71371 -0.47336 0.51804 0.69943 -0.49237 0.55257 0.70866 -0.43872 0.55284 0.69577 -0.45856 0.58589 0.70213 -0.40466 0.59244 0.68079 -0.43075 0.62365 0.68346 -0.37938 0.6251 0.66475 -0.40909 0.65321 0.6644 -0.36315 0.65091 0.64853 -0.39462 0.67936 0.64565 -0.34872 0.67418 0.63272 -0.38098 0.70412 0.62713 -0.33304 0.69657 0.61718 -0.36591 0.72269 0.61034 -0.32434 0.71683 0.575 -0.39437 0.71154 0.56767 -0.41409 0.70406 0.53948 -0.4618 0.71445 0.53181 -0.45468 0.8746 0.40476 -0.2669 0.90146 0.36575 -0.23149 0.86776 0.3894 -0.30881 0.83737 0.42734 -0.34087 0.83827 0.45128 -0.30602 0.84888 0.4327 -0.30359 0.83779 0.43391 -0.33139 0.83756 0.43331 -0.33277 0.84038 0.4198 -0.34281 0.83898 0.41599 -0.35081 0.84432 0.4087 -0.34654 0.84453 0.40855 -0.34619 0.8445 0.40631 -0.34889 0.83669 0.41357 -0.35905 0.83857 0.41319 -0.35507 0.84179 0.41101 -0.34994 0.84394 0.40849 -0.34772 0.84356 0.42033 -0.33426 0.84591 0.41636 -0.33328 0.85159 0.41016 -0.32643 0.84752 0.41482 -0.33112 0.8452 0.41798 -0.33307 0.85818 0.40389 -0.31687 0.86009 0.4029 -0.3129 0.85585 0.40612 -0.32029 0.8913 0.37282 -0.25806 0.89012 0.37211 -0.26309 0.87271 0.39912 -0.28121 0.8739 0.39443 -0.28411 0.87515 0.38767 -0.28952 0.87299 0.38475 -0.29976 0.91142 0.36256 -0.19458 0.91113 0.35852 -0.20325 0.92283 0.34608 -0.16914 0.91756 0.36172 -0.16502 0.91991 0.35213 -0.17253 0.94344 0.30552 -0.12878 0.9429 0.3056 -0.13244 0.9429 0.3056 -0.13246 0.94313 0.30577 -0.13041 0.93991 0.31618 -0.12885 0.94196 0.30988 -0.12913 0.94272 0.30684 -0.13088 0.9274 0.34198 -0.15157 0.93255 0.33323 -0.13896 0.93711 0.32309 -0.13202 0.92651 0.34676 -0.14608 0.92681 0.34484 -0.14868 0.92662 0.34372 -0.15242 0.94362 0.30523 -0.12812 0.94326 0.30593 -0.1291 0.93121 0.33045 -0.15376 0.92542 0.35097 -0.14287 0.926 0.34889 -0.14423 0.90176 0.39256 -0.1809 0.90224 0.39245 -0.17873 0.9135 0.37549 -0.15658 0.91426 0.37258 -0.15909 0.90338 0.39169 -0.1746 0.90408 0.39102 -0.17244 0.91064 0.38428 -0.15187 0.91635 0.36488 -0.16483 0.91522 0.36907 -0.16173 0.91278 0.37825 -0.15417 0.91221 0.38058 -0.15179 0.91989 0.34313 -0.1899 0.9112 0.38355 -0.15035 0.91072 0.3856 -0.14796 0.91429 0.36846 -0.16824 0.90327 0.39831 -0.15953 0.90267 0.39996 -0.15883 0.90572 0.39147 -0.16255 0.89547 0.41369 -0.16432 0.90105 0.40283 -0.16076 0.90043 0.40439 -0.16031 0.89986 0.40582 -0.15987 0.89604 0.41241 -0.16439 0.89932 0.40727 -0.15921 0.89921 0.40758 -0.15907 0.90146 0.40137 -0.16208 0.89724 0.40989 -0.16416 0.8966 0.41124 -0.16429 0.89342 0.4158 -0.17002 0.89583 0.4127 -0.16482 0.89417 0.41667 -0.16384 0.89482 0.41514 -0.1642 0.89301 0.41634 -0.17083 0.89256 0.41695 -0.17171 0.89218 0.41749 -0.17239 0.89187 0.41793 -0.17294 0.89148 0.41851 -0.17356 0.89784 0.40885 -0.16347 0.89156 0.4174 -0.17578 0.89229 0.41362 -0.18096 0.89125 0.41783 -0.17633 0.89093 0.41827 -0.17688 0.89057 0.41879 -0.17746 0.89224 0.41353 -0.18139 0.89216 0.41343 -0.18198 0.89208 0.4134 -0.18247 0.89044 0.41899 -0.17767 0.89278 0.41555 -0.17395 0.89771 0.4057 -0.17182 0.89268 0.41348 -0.17933 0.8772 0.44472 -0.18096 0.86343 0.46801 -0.18831 0.87127 0.45323 -0.18835 0.84892 0.49581 -0.18304 0.85692 0.48204 -0.18254 0.84243 0.51097 -0.17092 0.85451 0.48775 -0.17867 0.84879 0.4922 -0.19312 0.85392 0.47434 -0.21406 0.83304 0.44916 -0.32296 0.83493 0.45788 -0.30535 0.84893 0.44976 -0.27755 0.892 0.41337 -0.18294 0.89187 0.4134 -0.18348 0.89175 0.41344 -0.184 0.89157 0.41355 -0.1846 0.89149 0.4136 -0.18485 0.88775 0.41675 -0.19548 0.88353 0.42762 -0.19108 0.88432 0.42562 -0.19191 0.88523 0.42317 -0.19311 0.88544 0.42257 -0.19347 0.88572 0.42175 -0.19396 0.88597 0.42097 -0.19452 0.88606 0.42065 -0.1948 0.88609 0.42054 -0.1949 0.88613 0.4204 -0.19502 0.88624 0.41997 -0.19547 0.88632 0.41958 -0.19592 0.88539 0.41921 -0.20087 0.88655 0.41754 -0.1992 0.88718 0.41661 -0.19838 0.8873 0.41642 -0.19822 0.88797 0.4154 -0.19735 0.88932 0.41325 -0.1958 0.89007 0.41199 -0.19506 0.89028 0.41163 -0.19485 0.89119 0.41007 -0.19395 0.89311 0.40663 -0.19236 0.89428 0.40445 -0.19155 0.89447 0.40408 -0.19142 0.8984 0.397 -0.18782 0.9011 0.39271 -0.18386 0.90058 0.39243 -0.18695 0.90113 0.39268 -0.18375 0.86772 0.42123 -0.26385 0.87036 0.41652 -0.26264 0.86841 0.42086 -0.26218 0.87007 0.41706 -0.26275 0.86981 0.41758 -0.2628 0.86807 0.42101 -0.26307 0.869 0.42054 -0.26074 0.86838 0.42088 -0.26226 0.86644 0.42197 -0.26688 0.86497 0.42287 -0.2702 0.86781 0.42101 -0.26391 0.86514 0.42078 -0.27292 0.8646 0.42073 -0.2747 0.86401 0.42073 -0.27655 0.86192 0.41977 -0.28441 0.86209 0.41978 -0.28389 0.86703 0.41686 -0.27292 0.86258 0.4197 -0.2825 0.86326 0.41948 -0.28074 0.86661 0.41795 -0.27259 0.86757 0.41183 -0.2788 0.86735 0.4133 -0.2773 0.8672 0.41458 -0.27583 0.86712 0.41538 -0.2749 0.86707 0.4161 -0.27395 0.86704 0.41775 -0.27151 0.86706 0.41797 -0.2711 0.86709 0.41821 -0.27066 0.86711 0.41833 -0.27041 0.8671 0.41827 -0.27052 0.86709 0.41825 -0.27059 0.87083 0.41575 -0.2623 0.87081 0.41578 -0.26232 0.87077 0.41584 -0.26238 0.87084 0.41574 -0.2623 0.87074 0.41587 -0.26241 0.87076 0.41584 -0.26239 0.87071 0.41592 -0.26243 0.87066 0.416 -0.26247 0.87054 0.4162 -0.26255 0.86172 0.40904 -0.30022 0.86204 0.40851 -0.30001 0.86237 0.40794 -0.29984 0.86249 0.40774 -0.29978 0.85735 0.4167 -0.30218 0.86269 0.4129 -0.29203 0.86279 0.41283 -0.29183 0.86297 0.41269 -0.29151 0.86319 0.4125 -0.2911 0.86323 0.41248 -0.29104 0.86354 0.41221 -0.29047 0.86398 0.41183 -0.28971 0.86345 0.42072 -0.2783 0.8628 0.42077 -0.28025 0.85948 0.42099 -0.28992 0.86063 0.42353 -0.28273 0.85995 0.42227 -0.28665 0.86001 0.42236 -0.28633 0.8603 0.42046 -0.28827 0.86031 0.42038 -0.28835 0.8605 0.41906 -0.2897 0.86062 0.41783 -0.29113 0.86069 0.41704 -0.29205 0.86072 0.41616 -0.29321 0.86074 0.41544 -0.29417 0.86072 0.41481 -0.29512 0.8607 0.41425 -0.29597 0.86064 0.41369 -0.29692 0.85977 0.41181 -0.302 0.86058 0.41323 -0.29772 0.86051 0.41282 -0.2985 0.86022 0.41131 -0.30141 0.85895 0.41287 -0.3029 0.85957 0.41207 -0.30221 0.86019 0.41127 -0.30155 0.86056 0.41077 -0.30119 0.86086 0.41034 -0.30089 0.86113 0.40995 -0.30066 0.86118 0.40987 -0.30062 0.86146 0.40945 -0.3004 0.86432 0.46669 -0.18749 0.85679 0.46911 -0.21411 0.85414 0.47383 -0.21433 0.86698 0.41786 -0.27155 0.8677 0.41969 -0.26638 0.8744 0.41916 -0.24441 0.87384 0.42014 -0.24474 0.87448 0.42147 -0.24008 0.89585 0.40145 -0.19048 0.89716 0.39888 -0.18975 0.89208 0.39977 -0.21064 0.91524 0.35328 -0.19369 0.90827 0.37302 -0.18948 0.88631 0.41964 -0.19584 0.8868 0.41726 -0.1987 0.88174 0.41812 -0.21841 0.89048 0.40209 -0.21299 0.88376 0.4029 -0.23797 0.90482 0.36355 -0.22166 0.90402 0.36596 -0.22097 0.88627 0.41958 -0.19619 0.88622 0.41941 -0.19672 0.8879 0.41898 -0.18996 0.88717 0.4224 -0.1858 0.86442 0.41144 -0.28896 0.8555 0.41956 -0.30346 0.86544 0.40417 -0.29608 0.86481 0.40485 -0.29699 0.87788 0.38398 -0.28616 0.88726 0.37416 -0.26976 0.88334 0.43295 -0.17963 0.88372 0.43489 -0.17294 0.87756 0.43684 -0.19763 0.87773 0.43563 -0.19951 0.87179 0.43724 -0.22092 0.88057 0.42095 -0.21773 0.88034 0.42032 -0.21985 0.88122 0.41871 -0.21938 0.87395 0.41961 -0.24524 0.88288 0.40407 -0.23927 0.87474 0.4046 -0.26671 0.89673 0.36607 -0.24874 0.89224 0.37787 -0.24724 0.83191 0.44408 -0.33274 0.83358 0.44607 -0.32582 0.84663 0.44417 -0.29314 0.83037 0.47296 -0.29461 0.85233 0.45621 -0.25574 0.84744 0.46926 -0.24827 0.84946 0.47533 -0.22908 0.857 0.46848 -0.21465 0.85722 0.45877 -0.23391 0.84988 0.46063 -0.25597 0.84993 0.46046 -0.25613 0.84857 0.44948 -0.2791 0.85602 0.43618 -0.27743 0.84217 0.43824 -0.31416 0.84963 0.42554 -0.31153 0.83851 0.4263 -0.33936 0.83882 0.42186 -0.34411 0.8706 0.4549 -0.1874 0.87156 0.44805 -0.19908 0.86772 0.44921 -0.21278 0.86831 0.44106 -0.22696 0.86677 0.44145 -0.23202 0.86494 0.43866 -0.24385 0.86175 0.43935 -0.25367 0.85919 0.43613 -0.26757 0.85535 0.4368 -0.27853 0.85477 0.42903 -0.29205 0.84381 0.43016 -0.32085 0.84803 0.42327 -0.31889 0.84762 0.41964 -0.32472 0.85269 0.41156 -0.32178 0.85248 0.40863 -0.32603 0.84892 0.41407 -0.32845 0.83859 0.41334 -0.35484 0.88017 0.46861 -0.07549 0.68077 0.72964 -0.06464 0.81768 0.46465 -0.33985 0.80023 0.47934 -0.36036 0.79793 0.46212 -0.38699 0.80806 0.5081 -0.29811 0.80023 0.51023 -0.31512 0.81209 0.49819 -0.30385 0.80267 0.55547 -0.21718 0.80787 0.54224 -0.23092 0.80876 0.5339 -0.24669 0.80326 0.53683 -0.25804 0.80783 0.52571 -0.26654 0.8103 0.51221 -0.28471 0.80248 0.56615 -0.1884 0.80635 0.555 -0.20437 0.80222 0.55589 -0.21777 0.79939 0.57921 -0.15963 0.79632 0.58895 -0.13787 0.74003 0.66258 -0.11553 0.72997 0.67388 -0.11416 0.70724 0.69991 -0.09974 0.66034 0.74682 -0.07877 0.62982 0.77297 -0.07641 0.68156 0.72926 -0.06047 0.61052 0.79006 -0.0554 0.55313 0.83309 3E-05 0.77729 0.62915 -0.00031 0.77737 0.62905 -1E-05 0.71214 0.7007 -0.0434 0.72361 0.69021 -2E-05 0.66561 0.74534 -0.03783 0.67455 0.73823 1E-05 0.62274 0.7817 -0.03366 0.62957 0.77695 3E-05 0.58295 0.81194 -0.03051 0.89609 0.44388 0.00074 0.88373 0.46185 -0.07562 0.9285 0.37131 0.0031 0.91447 0.40066 -0.05675 0.95105 0.30898 -0.00595 0.92029 0.37971 -0.09425 0.92422 0.37043 -0.09271 0.92798 0.36109 -0.09206 0.8972 0.40949 -0.16542 0.86819 0.43883 -0.23168 0.86634 0.45222 -0.212 0.88757 0.42563 -0.1762 0.89169 0.4196 -0.16977 0.84611 0.46093 -0.26766 0.86236 0.44761 -0.23662 0.86646 0.44236 -0.23146 0.83785 0.46088 -0.29256 0.84063 0.45927 -0.28709 0.84149 0.45761 -0.28722 0.83164 0.46403 -0.30504 0.83201 0.46274 -0.30599 0.5831 0.81186 -0.02964 0.59264 0.80489 -0.0305 0.59284 0.80473 -0.03069 0.65085 0.75709 -0.05662 0.65528 0.7546 -0.03433 0.68635 0.72437 -0.06484 0.69257 0.72032 -0.03848 0.76878 0.62409 -0.13958 0.77946 0.61233 -0.13224 0.75406 0.64372 -0.13048 0.79373 0.50048 -0.3457 0.82811 0.47223 -0.30206 0.81973 0.48785 -0.30009 0.80134 0.49519 -0.33561 0.8314 0.46439 -0.30515 0.80953 0.52178 -0.2691 0.82223 0.51684 -0.23834 0.79008 0.5573 -0.2553 0.81 0.55111 -0.20045 0.78554 0.58049 -0.2144 0.82394 0.49582 -0.27437 0.846 0.48327 -0.22522 0.81723 0.51785 -0.25291 0.81951 0.51676 -0.24773 0.79862 0.53949 -0.26676 0.82166 0.52962 -0.21064 0.78364 0.57648 -0.23145 0.80258 0.56942 -0.17781 0.77263 0.60411 -0.19517 0.89015 0.43347 -0.14047 0.88804 0.43585 -0.14633 0.89166 0.42831 -0.1466 0.83965 0.50314 -0.20452 0.8723 0.44219 -0.2087 0.83039 0.55468 -0.05287 0.82032 0.56948 -0.05257 0.77733 0.6291 -0.00012 0.74168 0.66093 -0.11437 0.77321 0.62137 -0.12669 0.77143 0.62431 -0.12299 0.80257 0.58096 -0.13552 0.79666 0.58758 -0.14172 0.80117 0.57634 -0.16111 0.77419 0.6128 -0.15845 0.78827 0.59694 -0.14929 0.75088 0.64411 -0.14597 0.76978 0.62413 -0.1338 0.72664 0.67452 -0.13042 0.7509 0.65034 -0.1149 0.72681 0.67743 -0.11334 0.72938 0.67637 -0.10264 0.73865 0.66614 -0.10322 0.73482 0.6682 -0.1164 0.78445 0.61429 -0.08539 0.76823 0.6254 -0.13678 0.82644 0.55405 -0.10017 0.76491 0.63689 -0.09631 0.78028 0.62379 -0.04523 0.72305 0.6859 -0.08216 0.72557 0.68423 -0.0733 0.71095 0.69948 -0.07266 0.70658 0.70175 -0.09102 0.70577 0.70258 -0.09098 0.70533 0.70273 -0.09322 0.67885 0.72797 -0.09603 0.85235 0.45237 -0.26242 0.82375 0.50517 -0.25738 0.83887 0.49606 -0.22411 0.83717 0.50771 -0.2034 0.81411 0.54513 -0.20015 0.82213 0.54054 -0.17866 0.77776 0.59454 -0.20398 0.79577 0.58639 -0.15132 0.75979 0.62683 -0.17261 0.89583 0.44439 -0.00036 0.81767 0.57246 -0.06093 0.88373 0.46369 -0.06333 0.81014 0.57471 -0.11563 0.87171 0.47504 -0.12021 0.80392 0.57155 -0.16444 0.81529 0.55482 -0.16579 0.8237 0.54896 -0.14197 0.77258 0.61103 -0.17255 0.78967 0.60155 -0.12064 0.74714 0.64833 -0.14645 0.75229 0.64608 -0.12903 0.77202 0.62204 -0.13059 0.74265 0.65296 -0.14868 0.7852 0.60009 -0.15282 0.7615 0.62619 -0.16734 0.79849 0.57707 -0.17148 0.77993 0.59857 -0.18284 0.80012 0.57046 -0.1854 0.80248 0.57011 -0.17605 1E-05 0.74313 -0.66914 -0.00197 0.74467 -0.66743 0.0022 0.71202 -0.70215 0 0.71361 -0.70055 -0.0035 0.84768 -0.5305 0.00528 0.8385 -0.54487 -0.0041 0.82395 -0.56665 2E-05 0.81816 -0.57499 2E-05 0.79873 -0.60169 -0.00638 0.80357 -0.59517 0.00867 0.7721 -0.63544 -0.00512 0.77999 -0.62577 1E-05 0.76116 -0.64856 -1E-05 0.88667 -0.4624 0.00053 0.88628 -0.46315 -0.0005 0.86853 -0.49564 -0 0.86813 -0.49633 -0 0.85547 -0.51786 -0.00295 0.95221 -0.30544 0.00456 0.9472 -0.3206 -0.0036 0.93808 -0.3464 -0 0.93473 -0.35536 -0 0.92227 -0.38654 -0.00597 0.92554 -0.3786 0.00824 0.90478 -0.42581 -0.00524 0.91048 -0.41351 -1E-05 0.89758 -0.44086 -1E-05 0.97698 -0.21331 0.00442 0.97439 -0.22482 -0.00648 0.96676 -0.25559 -0 0.96376 -0.26677 -0 0.9568 -0.29075 -1 -7E-05 3E-05 -1 -7E-05 8E-05 -1 -2E-05 4E-05 -1 -3E-05 6E-05 -1 -3E-05 0.0001 -1 1E-05 7E-05 -1 3E-05 1E-05 -0.99987 0 -0.01643 -0.99997 -0.001 -0.00744 -1 0.00052 0.00134 -1 0 0.00277 -1 -1E-05 -0.00025 -1 8E-05 -0.00035 -1 0 1E-05 -1 -7E-05 7E-05 -1 -0.00047 0.00074 -0.99974 -0 -0.0226 -0.99902 0.00217 -0.04412 -0.99197 0.00102 -0.1265 -0.99334 -1E-05 -0.11526 -0.99749 -1E-05 -0.07083 -0.9849 1E-05 -0.17313 -0.98494 -0 -0.1729 -0.98873 -0 -0.14973 -0.94558 0 -0.32538 -0.93637 0.00447 -0.351 -0.94403 0.00185 -0.32986 -0.95479 -0.00053 -0.29729 -0.97021 0.0008 -0.24225 -0.97185 0.00189 -0.23557 -0.97885 0.00036 -0.20456 -0.9813 -1E-05 -0.1925 -0.0352 -0.34181 0.93911 -0.07896 -0.34137 0.93661 -0.04133 -0.34169 0.9389 -0.12676 -0.33929 0.9321 -0.12369 -0.33939 0.93248 -0.1764 -0.33666 0.92496 -0.19481 -0.33553 0.92167 -0.25301 -0.33126 0.90898 -0.24547 -0.33177 0.91086 -0.43883 -0.30733 0.84438 -0.40163 -0.31371 0.8604 -0.36318 -0.31867 0.87553 -0.31462 -0.32465 0.89197 -0.48401 -0.29929 0.82229 -0.5352 -0.28907 0.79372 -0.54688 -0.28674 0.78658 -0.71884 -0.23776 0.65325 -0.6772 -0.25209 0.69127 -0.65971 -0.25705 0.70619 -0.59681 -0.27443 0.754 -0.80883 -0.20112 0.55258 -0.78905 -0.21062 0.5771 -0.76506 -0.22036 0.60508 -0.74357 -0.2287 0.62834 -0.84146 -0.1848 0.50773 -0.87531 -0.16555 0.45434 -0.87942 -0.16317 0.44722 -0.90893 -0.14261 0.39181 -0.92088 -0.13334 0.36634 -0.93057 -0.12532 0.34399 -0.95114 -0.10621 0.28991 -0.94579 -0.11127 0.30511 -0.96732 -0.08672 0.23826 -0.97846 -0.07061 0.194 -0.98633 -0.05693 0.15466 -0.98749 -0.05439 0.14801 -0.99329 -0.03955 0.10866 -0.99722 -0.02549 0.07004 -0.99969 -0.00864 0.02331 -1 -0.00062 0 -0.9986 0.01813 -0.04971 -0.99205 0.04299 -0.11825 -0.9864 0.05566 -0.15467 -0.98586 0.05679 -0.15765 -0.97838 0.0707 -0.19434 -0.94581 0.11114 -0.30511 -0.96144 0.09268 -0.25892 -0.94082 0.11563 -0.31859 -0.92279 0.13178 -0.36206 -0.87947 0.16278 -0.44725 -0.90634 0.14293 -0.39765 -0.87882 0.1628 -0.44853 -0.8482 0.18116 -0.49773 -0.78914 0.21006 -0.57717 -0.8195 0.19467 -0.539 -0.77338 0.21674 -0.59574 -0.73915 0.23037 -0.63293 -0.67728 0.25163 -0.69136 -0.72601 0.23347 -0.64684 -0.67992 0.25045 -0.68919 -0.62717 0.26639 -0.73191 -0.54695 0.28632 -0.78668 -0.58412 0.2765 -0.76312 -0.51607 0.29296 -0.80489 -0.40169 0.31321 -0.86055 -0.46808 0.30047 -0.83104 -0.41415 0.31085 -0.85548 -0.3529 0.31996 -0.87925 -0.33297 0.3225 -0.88607 -0.24549 0.33155 -0.91094 -0.27714 0.32786 -0.90316 -0.19764 0.33527 -0.92116 -0.04133 0.34173 -0.93889 -0.12362 0.34085 -0.93195 -0.08262 0.34085 -0.93648 -0.08264 0.34085 -0.93648 -0.1355 0.33357 -0.93294 -0.0583 0.34144 -0.93809 -0 0.34202 -0.93969 0 0.34202 -0.93969 0 0.34202 -0.93969 0 0.34202 -0.93969 -0 0.34202 -0.93969 0 0.34202 -0.93969 0 0.34202 -0.93969 -0 0.34202 -0.93969 0 0.34202 -0.93969 0 0.34202 -0.93969 0 0.34202 -0.93969 0 0.34202 -0.93969 0 0.34202 -0.93969 0 0.34202 -0.93969 -0 0.34202 -0.93969 0 0.34202 -0.93969 -0 0.34202 -0.93969 0 0.34202 -0.93969 -0 0.34202 -0.93969 3E-05 0.34202 -0.93969 -0 0.34202 -0.93969 -0 0.34202 -0.93969 0 0.34202 -0.93969 -0 0.34202 -0.93969 -0 0.34202 -0.93969 -0 0.34202 -0.93969 0 0.34202 -0.93969 -0 0.34202 -0.93969 0 0.34202 -0.93969 -0 0.34202 -0.93969 -0 0.34202 -0.93969 0 0.34202 -0.93969 -0 0.34202 -0.93969 -0 0.34202 -0.93969 0 0.34202 -0.93969 -0 0.34202 -0.93969 0 -0.34202 0.93969 0 -0.34202 0.93969 0 -0.34202 0.93969 0 -0.34202 0.93969 0 -0.34202 0.93969 -0 -0.34202 0.93969 0 -0.34202 0.93969 0 -0.34202 0.93969 -0 -0.34202 0.93969 0 -0.34202 0.93969 0 -0.34202 0.93969 -0 -0.34202 0.93969 -0 -0.34202 0.93969 0 -0.34202 0.93969 -0 -0.34202 0.93969 -0 -0.34202 0.93969 0 -0.34202 0.93969 -0 -0.34202 0.93969 0 -0.34202 0.93969 -0 -0.34202 0.93969 -0 -0.34202 0.93969 -0 -0.34202 0.93969 0 -0.34202 0.93969 -0 -0.34202 0.93969 0 -0.34202 0.93969 -0 -0.34202 0.93969 0 -0.34202 0.93969 -0 -0.34202 0.93969 -0 -0.34202 0.93969 -0 -0.34202 0.93969 0 -0.34202 0.93969 -0 -0.34202 0.93969 0 -0.34202 0.93969 -0.99939 -0 0.0349 -0.99939 0 0.0349 -0.99939 0 0.0349 -0.99939 0 0.0349 -0.99939 0 0.0349 -0.99939 -0 0.0349 -0.99939 1E-05 0.0349 -0.99939 0 0.0349 -0.99939 0 0.0349 -0.99939 0 0.0349 -0.99939 -0 0.0349 -0.99939 0 0.0349 -0.99939 -0 0.0349 -0.97613 -0.05248 0.21076 -0.96691 -0.05139 0.24988 -0.97225 -0.05187 0.2281 -0.9733 -0.05081 0.22382 -0.96964 -0.05246 0.23886 -0.9629 -0.05202 0.26479 -0.96487 -0.05047 0.25782 -0.95952 -0.05235 0.27673 -0.97825 -0.05203 0.2008 -0.97923 -0.05011 0.19648 -0.97808 -0.05152 0.20176 -0.9783 -0.05371 0.20009 -0.97898 -0.05269 0.19706 -0.97955 -0.05233 0.19428 -0.96614 -0.05232 0.25267 -0.97023 -0.05236 0.23645 -0.97214 -0.05405 0.22808 -0.97436 -0.05211 0.21888 -0.97735 -0.05255 0.20502 0.95987 -0.05235 0.2755 0.96295 -0.05114 0.2648 0.96584 -0.05234 0.2538 0.96688 -0.05196 0.24987 0.97216 -0.05378 0.22808 0.97157 -0.05307 0.23071 0.96691 -0.05195 0.24979 0.97831 -0.05359 0.2001 0.97797 -0.05305 0.20187 0.97534 -0.05196 0.21452 0.97829 -0.05127 0.2008 0.97933 -0.05236 0.1954 0.97936 -0.05236 0.19522 0.96566 -0.05236 0.25448 0.97052 -0.0523 0.23526 0.97229 -0.05125 0.22811 0.97451 -0.05254 0.2181 0.97764 -0.05205 0.20374 1 -0 0 0.99658 0.02824 -0.0776 0.99658 0.02824 -0.0776 0.9694 0.08396 -0.23068 0.9694 0.08396 -0.23068 0.91577 0.13739 -0.37747 0.91577 0.13739 -0.37747 0.83716 0.18707 -0.51397 0.83716 0.18707 -0.51397 0.73572 0.23164 -0.63644 0.73572 0.23164 -0.63644 0.61422 0.2699 -0.74155 0.47595 0.3008 -0.82643 0.47595 0.3008 -0.82643 0.3247 0.32349 -0.88878 0.3247 0.32349 -0.88878 0.16459 0.33736 -0.92688 0.16459 0.33736 -0.92688 -0.16459 0.33736 -0.92688 -0.16459 0.33736 -0.92688 -0.3247 0.32349 -0.88878 -0.3247 0.32349 -0.88878 -0.47595 0.3008 -0.82643 -0.47595 0.3008 -0.82643 -0.61422 0.2699 -0.74155 -0.73572 0.23164 -0.63644 -0.73572 0.23164 -0.63644 -0.83716 0.18707 -0.51397 -0.83716 0.18707 -0.51397 -0.91577 0.13739 -0.37747 -0.91577 0.13739 -0.37747 -0.9694 0.08396 -0.23068 -0.9694 0.08396 -0.23068 -0.99658 0.02824 -0.0776 -1 0 -0 -0 0.93969 0.34202 0 0.93969 0.34202 -0 0.93969 0.34202 -0 0.93969 0.34202 0 0.93969 0.34202 0 0.93969 0.34202 0 0.93969 0.34202 -0 0.93969 0.34202 0 0.93969 0.34202 -0 0.93969 0.34202 0 0.93969 0.34202 0 0.93969 0.34202 -0 0.93969 0.34202 0 0.93969 0.34202 -0 0.93969 0.34202 0 0.93969 0.34202 -0 0.93969 0.34202 -0 0.93969 0.34202 0 0.93969 0.34202 0 0.93969 0.34202 0 0.93969 0.34202 0 0.93969 0.34202 0 0.93969 0.34202 0 0.93969 0.34202 0 0.93969 0.34202 -0 0.93969 0.34202 -0 0.93969 0.34202 0 0.93969 0.34202 0 0.93969 0.34202 0 0.93969 0.34202 0 0.93969 0.34202 -0 0.93969 0.34202 0 0.93969 0.34202 -0 0.93969 0.34202 -0 0.93969 0.34202 0 0.93969 0.34202 -0 0.93969 0.34202 0 0.93969 0.34202 -0 0.93969 0.34202 0 0.93969 0.34202 -0 0.93969 0.34202 0 0.93969 0.34202 -0 0.93969 0.34202 -0 0.93969 0.34202 0 0.93969 0.34202 -0 0.93969 0.34202 0 0.93969 0.34202 -0 0.93969 0.34202 -0 0.93969 0.34202 0 0.93969 0.34202 0 0.93969 0.34202 -0 0.93969 0.34202 0 0.93969 0.34202 -0 0.93969 0.34202 -0 0.93969 0.34202 -0 0.93969 0.34202 -0 0.93969 0.34202 -0 0.93969 0.34202 0 -0.93969 -0.34202 -0 -0.93969 -0.34202 0 -0.93969 -0.34202 -0 -0.93969 -0.34202 0 -0.93969 -0.34202 -0 -0.93969 -0.34202 0 -0.93969 -0.34202 -0 -0.93969 -0.34202 -0 -0.93969 -0.34202 0 -0.93969 -0.34202 0 -0.93969 -0.34202 -0 -0.93969 -0.34202 -0 -0.93969 -0.34202 -0 -0.93969 -0.34202 -0 -0.93969 -0.34202 0 -0.93969 -0.34202 -0 -0.93969 -0.34202 -0 -0.93969 -0.34202 0 -0.93969 -0.34202 -0 -0.93969 -0.34202 -0 -0.93969 -0.34202 0 -0.93969 -0.34202 -0 -0.93969 -0.34202 0 -0.93969 -0.34202 -0 -0.93969 -0.34202 -0 -0.93969 -0.34202 0 -0.93969 -0.34202 -0 -0.93969 -0.34202 0 -0.93969 -0.34202 0 -0.93969 -0.34202 0 -0.93969 -0.34202 -0 -0.93969 -0.34202 0 -0.93969 -0.34202 -0 -0.93969 -0.34202 -0 -0.93969 -0.34202 0 -0.93969 -0.34202 -0 -0.93969 -0.34202 0 -0.93969 -0.34202 0 -0.93969 -0.34202 0 -0.93969 -0.34202 0 -0.93969 -0.34202 -0 -0.93969 -0.34202 -0 -0.93969 -0.34202 0 -0.93969 -0.34202 0 -0.93969 -0.34202 0 -0.93969 -0.34202 -0 -0.93969 -0.34202 0 -0.93969 -0.34202 0 -0.93969 -0.34202 -0 -0.93969 -0.34202 -0 -0.93969 -0.34202 0 -0.93969 -0.34202 -0 -0.93969 -0.34202 0 -0.93969 -0.34202 -0 -0.93969 -0.34202 -0 -0.93969 -0.34202 0 -0.93969 -0.34202 -0 -0.93969 -0.34202 0 -0.93969 -0.34202 -2E-05 -0.27563 0.96127 0 -0.27563 0.96126 -1E-05 -0.27563 0.96126 1E-05 -0.27565 0.96126 -0 -0.27564 0.96126 1E-05 -0.27564 0.96126 0 -0.27564 0.96126 0 -0.27564 0.96126 1E-05 -0.27564 0.96126 1E-05 -0.27561 0.96127 1E-05 -0.27564 0.96126 -1E-05 -0.27564 0.96126 1E-05 -0.27564 0.96126 0 -0.27564 0.96126 -0 -0.27564 0.96126 1E-05 -0.27564 0.96126 -1E-05 -0.27564 0.96126 0 -0.27564 0.96126 -0 -0.27564 0.96126 1E-05 -0.27564 0.96126 0 -0.27564 0.96126 -2E-05 -0.27564 0.96126 -3E-05 -0.27564 0.96126 -0 -0.27564 0.96126 0 -0.27564 0.96126 0 -0.27564 0.96126 1E-05 -0.27564 0.96126 1E-05 -0.27564 0.96126 2E-05 -0.27564 0.96126 -5E-05 -0.27564 0.96126 -0 -0.27564 0.96126 -1E-05 -0.27563 0.96126 -2E-05 -0.27563 0.96126 0 -0.27564 0.96126 1E-05 -0.27564 0.96126 -0 -0.27564 0.96126 0 -0.27564 0.96126 1E-05 -0.27564 0.96126 -0 -0.27564 0.96126 0 -0.27564 0.96126 -0.00051 -0.27562 0.96127 -1E-05 -0.27564 0.96126 1E-05 -0.27564 0.96126 1E-05 -0.27564 0.96126 5E-05 -0.27564 0.96126 -1E-05 -0.27564 0.96126 1E-05 -0.27564 0.96126 -2E-05 -0.27564 0.96126 -0 -0.27564 0.96126 -0 -0.27564 0.96126 -1E-05 -0.27564 0.96126 0 -0.27564 0.96126 0 -0.27564 0.96126 0 -0.27564 0.96126 -0 -0.27564 0.96126 0 -0.27564 0.96126 0 -0.27564 0.96126 0 -0.27564 0.96126 -0 -0.27564 0.96126 2E-05 -0.27565 0.96126 -0 -0.27564 0.96126 0 -0.27564 0.96126 -0 -0.27563 0.96126 -2E-05 -0.27563 0.96126 0 -0.27564 0.96126 -0 -0.27564 0.96126 0 -0.27562 0.96127 -1E-05 -0.27564 0.96126 0 -0.27564 0.96126 1E-05 -0.27563 0.96126 0 -0.27564 0.96126 -0 -0.27564 0.96126 -1E-05 -0.27563 0.96126 2E-05 -0.27565 0.96126 0 -0.27564 0.96126 1E-05 -0.27565 0.96126 -1E-05 -0.27562 0.96127 -0 -0.27564 0.96126 0 -0.27565 0.96126 -1E-05 -0.27561 0.96127 0 -0.27564 0.96126 1E-05 -0.27565 0.96126 -0 -0.27564 0.96126 0 -0.27564 0.96126 -0 -0.27564 0.96126 -0 -0.27562 0.96127 0 -0.27564 0.96126 0 -0.27564 0.96126 0 -0.27564 0.96126 -0 -0.27564 0.96126 0 -0.27564 0.96126 0 -0.27564 0.96126 0 -0.27564 0.96126 -0 -0.27564 0.96126 -0 -0.27564 0.96126 -1E-05 -0.27564 0.96126 0 -0.27564 0.96126 0 -0.27564 0.96126 1E-05 -0.27564 0.96126 -0 -0.27564 0.96126 -0 -0.27564 0.96126 -0 -0.27568 0.96125 -0 -0.27571 0.96124 1E-05 -0.27549 0.9613 0 -0.2756 0.96127 -0 -0.27566 0.96126 0 -0.27564 0.96126 -2E-05 -0.27564 0.96126 3E-05 -0.27563 0.96126 0 -0.27562 0.96127 -0 -0.27564 0.96126 -0 -0.27564 0.96126 0 -0.27564 0.96126 0 -0.27564 0.96126 0 -0.27564 0.96126 -2E-05 -0.27564 0.96126 -0 -0.27564 0.96126 1E-05 -0.27564 0.96126 -1E-05 -0.27564 0.96126 2E-05 -0.27564 0.96126 0 -0.27564 0.96126 0 -0.27562 0.96127 -0 -0.27568 0.96125 -0 -0.27565 0.96126 -5E-05 -0.27563 0.96126 3E-05 -0.27564 0.96126 5E-05 -0.27564 0.96126 0 -0.27564 0.96126 0 -0.27564 0.96126 -1E-05 -0.27566 0.96125 0 -0.27562 0.96127 1E-05 -0.27563 0.96126 -1E-05 -0.27565 0.96126 0 -0.27564 0.96126 -1E-05 -0.27564 0.96126 -0 -0.27564 0.96126 2E-05 -0.27563 0.96126 -0 -0.27564 0.96126 -0 -0.27564 0.96126 -0 -0.27564 0.96126 0 -0.27564 0.96126 0 -0.27561 0.96127 -0 -0.27565 0.96126 0 -0.27561 0.96127 0 -0.27564 0.96126 0 -0.27564 0.96126 0 -0.27564 0.96126 -1E-05 -0.27564 0.96126 -2E-05 -0.27564 0.96126 -0 -0.27564 0.96126 -0 -0.27564 0.96126 1E-05 -0.27564 0.96126 -0 -0.27564 0.96126 0 -0.27564 0.96126 -0 -0.27564 0.96126 -1E-05 -0.27564 0.96126 1E-05 -0.27564 0.96126 -0 -0.27564 0.96126 -1E-05 -0.27563 0.96126 0 -0.27564 0.96126 0 -0.27564 0.96126 -2E-05 -0.27563 0.96126 0 -0.27564 0.96126 -2E-05 -0.27562 0.96127 0 -0.27564 0.96126 3E-05 -0.27566 0.96125 1E-05 -0.27565 0.96126 -1E-05 -0.27563 0.96127 -0 -0.27564 0.96126 -0 -0.27564 0.96126 -0 -0.27564 0.96126 0 -0.27564 0.96126 2E-05 -0.27563 0.96126 0 -0.27563 0.96126 1E-05 -0.27561 0.96127 -0 -0.27565 0.96126 -1E-05 -0.27564 0.96126 0 -0.27564 0.96126 -1E-05 -0.27564 0.96126 0 -0.27564 0.96126 2E-05 -0.27563 0.96127 -0 -0.27564 0.96126 -4E-05 -0.27566 0.96126 0 -0.27564 0.96126 2E-05 -0.27562 0.96127 -0 -0.27564 0.96126 -1E-05 -0.27565 0.96126 0 -0.27564 0.96126 1E-05 -0.27563 0.96127 -0 -0.27564 0.96126 1E-05 -0.27564 0.96126 -1E-05 -0.27564 0.96126 2E-05 -0.27564 0.96126 -0 -0.27564 0.96126 -0 -0.27564 0.96126 -0 -0.27564 0.96126 -0 -0.27564 0.96126 1E-05 -0.27561 0.96127 -1E-05 -0.27565 0.96126 1E-05 -0.27562 0.96127 0 -0.27564 0.96126 -1E-05 -0.27565 0.96126 -2E-05 -0.27565 0.96126 0 -0.27564 0.96126 -2E-05 -0.27564 0.96126 1E-05 -0.27564 0.96126 -1E-05 -0.27565 0.96126 -1E-05 -0.27564 0.96126 -0 -0.27564 0.96126 2E-05 -0.27563 0.96126 0 -0.27564 0.96126 -0 -0.27564 0.96126 -0 -0.27564 0.96126 -1E-05 -0.27564 0.96126 0 -0.27564 0.96126 -1E-05 -0.27564 0.96126 1E-05 -0.27564 0.96126 0 -0.27564 0.96126 0 -0.27563 0.96126 -0 -0.27564 0.96126 0 -0.27564 0.96126 -0 -0.27564 0.96126 -0 -0.27564 0.96126 0 -0.27564 0.96126 -0 -0.27564 0.96126 -0 -0.27564 0.96126 0 -0.27564 0.96126 -0 -0.27564 0.96126 0 -0.27564 0.96126 -0 -0.27564 0.96126 1E-05 -0.27564 0.96126 0 -0.27564 0.96126 -0 -0.27564 0.96126 0 -0.27564 0.96126 -1E-05 -0.27564 0.96126 1E-05 -0.27563 0.96126 -1E-05 -0.27564 0.96126 1E-05 -0.27564 0.96126 1E-05 -0.27564 0.96126 -1E-05 -0.27564 0.96126 0 -0.27564 0.96126 0 -0.27564 0.96126 0 -0.27564 0.96126 0 -0.27564 0.96126 -0 -0.27564 0.96126 -1E-05 -0.27563 0.96127 -0 -0.27564 0.96126 1E-05 -0.27565 0.96126 0 -0.27564 0.96126 0 -0.27564 0.96126 -0 -0.27564 0.96126 0 -0.27564 0.96126 -2E-05 -0.27563 0.96127 -0 -0.27564 0.96126 0 -0.27564 0.96126 -1E-05 -0.27564 0.96126 0 -0.27564 0.96126 2E-05 -0.27564 0.96126 -0 -0.27564 0.96126 0 -0.27564 0.96126 -0 -0.27564 0.96126 1E-05 -0.27564 0.96126 -4E-05 -0.27564 0.96126 -0 -0.27564 0.96126 0 -0.27564 0.96126 -1E-05 -0.27564 0.96126 0 -0 -1 -0.28513 -0 -0.95849 -0.29254 0.00028 -0.95625 -0.29954 0.0012 -0.95408 -0.30618 0.00254 -0.95197 -0.31345 3E-05 -0.9496 -0.30754 -0.00147 -0.95153 -0.31206 0.0008 -0.95006 -0.29757 -0.00449 -0.95469 -0.31003 0.00415 -0.95072 -0.30939 0.00385 -0.95093 -0.29006 -0.00196 -0.957 -0.31284 0 -0.94981 -0.30968 -0 -0.95084 -0.30235 -0.00027 -0.9532 -0.25917 -0.0016 -0.96583 -0.29628 0.00249 -0.9551 -0.27332 -0.00704 -0.9619 -0.27835 -0.00498 -0.96047 -0.24739 -0 -0.96892 -0.25318 0 -0.96742 -0.27053 0.00013 -0.96271 -0.24015 -0.00023 -0.97074 -0.22969 -0.0008 -0.97326 -0.21781 -0.00236 -0.97599 -0.21003 -0.00414 -0.97769 -0.20676 -0.00535 -0.97838 -0.22928 0.00459 -0.97335 -0.19085 -0.00223 -0.98162 -0.17497 -0.0002 -0.98457 -0.18757 0.00016 -0.98225 -0.20418 0.00106 -0.97893 -0.169 -0.00075 -0.98562 -0.1659 -0.00133 -0.98614 -0.17218 0.00101 -0.98506 -0.13234 -0.0019 -0.9912 -0.13721 0.00931 -0.9905 -0.1233 0.00104 -0.99237 -0.10222 -0.00058 -0.99476 -0.08967 0.00159 -0.99597 -0.08465 0 -0.99641 -0.17797 -0.00457 -0.98402 -0.20296 0.00374 -0.97918 -0.18559 -0.00398 -0.98262 -0.19219 -0.0013 -0.98136 -0.15458 0 -0.98798 -0.16515 0.00126 -0.98627 -0.1604 -0.0011 -0.98705 -0.18185 0.00117 -0.98333 -0.19354 0.00638 -0.98107 -0.20333 0 -0.97911 -0.20828 -0 -0.97807 -0.21664 0.00011 -0.97625 -0.24403 -0.00091 -0.96977 -0.23022 -0.00499 -0.97313 -0.24845 0.00613 -0.96862 -0.21657 -0.00458 -0.97626 -0.23516 0.00501 -0.97194 -0.22726 0.00239 -0.97383 -0.26122 0.0003 -0.96528 -0.27237 -0.00038 -0.96219 -0.27648 0 -0.96102 0.20213 1E-05 -0.97936 0.15965 -1E-05 -0.98717 0.15879 -0.00031 -0.98731 0.17446 0.00032 -0.98466 0.18544 0.00366 -0.98265 0.19237 0.0074 -0.9813 0.17112 -0.00757 -0.98522 0.19823 0.0107 -0.9801 0.17869 -0.00716 -0.98388 0.19018 -0.00182 -0.98175 0.22615 0.002 -0.97409 0.21758 0.00053 -0.97604 0.21094 1E-05 -0.9775 0.23642 0.00549 -0.97164 0.21585 -0.00613 -0.97641 0.25046 0.00959 -0.96808 0.22911 -0.00828 -0.97337 0.24103 -0.00299 -0.97051 0.25612 -0.00012 -0.96665 0.27412 0.0001 -0.96169 0.27516 0 -0.9614 0.08695 0 -0.99621 0.27544 5E-05 -0.96132 0.30961 0.00389 -0.95086 0.29441 -0.00547 -0.95566 0.31068 0.00204 -0.95051 0.30137 -0.00501 -0.9535 0.30754 -0.00143 -0.95153 0.30741 0.00311 -0.95157 0.30341 0.00186 -0.95286 0.29168 0 -0.95652 0.31366 0.0001 -0.94954 0.31262 4E-05 -0.94988 0.30573 -6E-05 -0.95212 0.27964 -0.00472 -0.96009 0.28448 -0.00334 -0.95868 0.29349 -0.00134 -0.95596 0.30046 -0.00058 -0.95379 0.2729 -0.00701 -0.96202 0.29844 0.00608 -0.95441 0.29389 0.00435 -0.95583 0.22012 -0.00205 -0.97547 0.22431 0.0043 -0.97451 0.20655 -0.00532 -0.97842 0.21265 -0.0034 -0.97712 0.22659 -0.00119 -0.97399 0.23859 -0.00015 -0.97112 0.24978 0 -0.9683 0.14872 0.01471 -0.98877 0.15008 0.02626 -0.98832 0.15092 -0.01215 -0.98847 0.16958 -0.00208 -0.98551 0.17022 -0.00185 -0.9854 0.1716 -0.00146 -0.98517 0.17367 -0.0011 -0.9848 0.204 0.00127 -0.97897 0.19669 0.00054 -0.98046 0.1801 -0.00039 -0.98365 0.17602 -0.00076 -0.98439 0.13867 0.00539 -0.99032 0.12493 1E-05 -0.99217 0.09488 1E-05 -0.99549 0.10127 0.01023 -0.99481 0.09828 0.00548 -0.99514 -0 0 -1 0.47808 0.74683 0.46225 0.54483 0.82675 0.14017 0.54912 0.81186 -0.19839 0.49047 0.70395 -0.5137 -0.55012 -0.83077 -0.08476 -0.5137 -0.79198 -0.32997 -0.51645 -0.79528 -0.31752 -0.52958 -0.81001 -0.25183 -0.53135 -0.81274 -0.239 -0.54223 -0.82428 -0.16296 -0.49565 -0.76946 -0.40281 -0.49351 -0.76614 -0.41167 -0.47264 -0.73972 -0.47897 -0.44884 -0.70815 -0.54504 -0.44355 -0.70004 -0.55965 -0.42144 -0.67102 -0.61002 -0.31543 -0.5234 -0.79155 -0.34965 -0.57166 -0.74226 -0.38051 -0.614 -0.69153 -0.38495 -0.62091 -0.68285 -0.41504 -0.66237 -0.6237 -0.2241 -0.39166 -0.8924 -0.23133 -0.40305 -0.88546 -0.3063 -0.51044 -0.80351 -0.27303 -0.45726 -0.84638 -0.28195 -0.47136 -0.83566 -0.11021 -0.22237 -0.96871 -0.14669 -0.27998 -0.94873 -0.18769 -0.33982 -0.92157 -0.09864 -0.20385 -0.97402 -0.13456 -0.26221 -0.95558 -0.05218 -0.14061 -0.98869 -0.04215 -0.12455 -0.99132 -0.00512 -0.07051 -0.9975 0.04241 0.00073 -0.9991 0.05202 0.01634 -0.99851 0.0892 0.07133 -0.99346 0.13297 0.13779 -0.9815 0.14458 0.15684 -0.97698 0.17819 0.20691 -0.962 0.22278 0.27554 -0.93512 0.23305 0.29276 -0.92735 0.2651 0.34117 -0.90185 0.30383 0.4017 -0.8639 0.31473 0.42033 -0.85104 0.34214 0.46209 -0.81818 0.37922 0.52114 -0.76459 0.38745 0.53575 -0.75024 0.41224 0.57432 -0.70726 0.44958 0.63538 -0.62784 0.46565 0.66735 -0.58122 0.44109 0.6214 -0.64754 0.53239 0.77828 -0.33294 0.53852 0.79619 -0.27582 0.52842 0.77087 -0.35571 0.49815 0.71714 -0.4874 0.51037 0.7445 -0.43039 0.50464 0.73226 -0.45731 0.55438 0.83226 -0 0.549 0.8335 0.06224 0.55489 0.83163 -0.02206 0.55132 0.81702 -0.1689 0.55177 0.82776 -0.1018 0.55166 0.82367 -0.13133 0.51304 0.79117 0.33294 0.49584 0.77469 0.39242 0.51731 0.79634 0.31341 0.5415 0.82356 0.16889 0.52871 0.81483 0.23773 0.53408 0.81903 0.20965 0.46982 0.73602 0.48739 0.44501 0.70871 0.54744 0.45515 0.72034 0.5234 0.31447 0.52203 0.79284 0.32762 0.54117 0.77447 0.34368 0.5649 0.75018 0.35718 0.58223 0.73036 0.41308 0.65968 0.62784 0.38613 0.62781 0.67584 0.42092 0.67039 0.61107 0.27774 0.46975 0.83797 0.26524 0.45331 0.85098 0.23597 0.40975 0.88115 0.19652 0.35266 0.91488 0.17895 0.3288 0.92729 0.16366 0.30554 0.93801 0.08764 0.19476 0.97693 0.10409 0.2174 0.97052 0.1469 0.28029 0.94861 -0.00624 0.05515 0.99846 0.01021 0.07812 0.99689 0.05747 0.14847 0.98725 -0.10002 -0.08599 0.99126 -0.08124 -0.05929 0.99493 -0.0369 0.00755 0.99929 -0.19089 -0.22469 0.95555 -0.17336 -0.19951 0.96444 -0.12751 -0.12948 0.98335 -0.27632 -0.35687 0.89235 -0.25818 -0.3304 0.90784 -0.21745 -0.26732 0.93875 -0.35378 -0.47882 0.80347 -0.33874 -0.45672 0.82259 -0.29892 -0.39401 0.86914 -0.42113 -0.58694 0.69149 -0.40687 -0.56562 0.71731 -0.37482 -0.5141 0.7715 -0.49031 -0.70369 0.51422 -0.4798 -0.6845 0.54887 -0.47637 -0.67817 0.5596 -0.46338 -0.65828 0.59325 -0.43742 -0.61537 0.65573 -0.50971 -0.73726 0.44344 -0.5179 -0.7499 0.41162 -0.52652 -0.76739 0.36591 -0.53882 -0.79056 0.29101 -0.5446 -0.80001 0.25179 -0.54608 -0.80388 0.23576 -0.55037 -0.8312 -0.0788 -0.55505 -0.83114 0.03361 -0.55559 -0.82713 0.08471 -0.55392 -0.82413 0.11823 -0.5493 -0.81228 0.19615 0.83175 -0.55404 0.0349 0.83176 -0.55404 0.0349 0.83176 -0.55404 0.0349 0.83176 -0.55404 0.0349 0.83175 -0.55405 0.0349 0.83175 -0.55405 0.0349 0.83175 -0.55405 0.03491 0.83176 -0.55404 0.0349 0.83176 -0.55404 0.03489 0.83176 -0.55404 0.0349 0.83175 -0.55405 0.0349 0.83175 -0.55405 0.0349 0.83176 -0.55404 0.0349 0.83176 -0.55404 0.0349 0.83176 -0.55404 0.0349 0.83175 -0.55405 0.0349 0.83175 -0.55405 0.0349 0.83176 -0.55404 0.0349 0.83176 -0.55404 0.0349 0.83175 -0.55405 0.0349 0.83176 -0.55404 0.0349 0.83175 -0.55405 0.0349 0.83176 -0.55404 0.0349 0.83175 -0.55405 0.0349 0.83175 -0.55405 0.0349 0.83176 -0.55404 0.0349 0.83175 -0.55405 0.0349 0.83175 -0.55405 0.0349 0.83176 -0.55404 0.0349 0.83176 -0.55404 0.0349 0.83175 -0.55405 0.0349 0.83176 -0.55404 0.0349 0.83176 -0.55404 0.03491 0.83175 -0.55405 0.0349 0.83175 -0.55405 0.0349 0.83175 -0.55405 0.0349 0.83176 -0.55404 0.03489 0.83176 -0.55404 0.03489 0.83175 -0.55405 0.03491 0.83175 -0.55405 0.0349 0.83176 -0.55404 0.03489 0.83176 -0.55404 0.0349 0.83175 -0.55405 0.0349 0.83176 -0.55404 0.0349 0.83176 -0.55404 0.0349 0.83175 -0.55404 0.0349 0.83175 -0.55405 0.0349 0.83175 -0.55405 0.0349 0.83175 -0.55405 0.0349 0.83175 -0.55405 0.0349 0.83176 -0.55404 0.0349 0.83176 -0.55404 0.0349 0.83175 -0.55405 0.0349 0.83176 -0.55404 0.0349 0.83175 -0.55405 0.0349 0.83175 -0.55405 0.0349 0.83176 -0.55404 0.0349 0.83176 -0.55404 0.0349 0.83175 -0.55404 0.0349 0.83176 -0.55404 0.0349 0.83175 -0.55405 0.0349 0.83176 -0.55404 0.0349 0.83176 -0.55404 0.0349 0.83175 -0.55405 0.0349 0.83176 -0.55404 0.0349 0.83176 -0.55404 0.0349 0.83176 -0.55404 0.0349 0.83175 -0.55405 0.0349 0.83175 -0.55405 0.0349 0.83175 -0.55405 0.0349 0.83175 -0.55405 0.0349 0.83175 -0.55404 0.0349 0.83176 -0.55404 0.03489 0.83176 -0.55404 0.0349 -0.54992 -0.8309 -0.08476 -0.52918 -0.81028 -0.25182 -0.52918 -0.81028 -0.25182 -0.4932 -0.76635 -0.41165 -0.4932 -0.76635 -0.41165 -0.44305 -0.70037 -0.55963 -0.38014 -0.61425 -0.69152 -0.38014 -0.61424 -0.69152 -0.3063 -0.51045 -0.80351 -0.22365 -0.39197 -0.89238 -0.13456 -0.2622 -0.95558 -0.13456 -0.2622 -0.95558 -0.04161 -0.1249 -0.9913 -0.04161 -0.1249 -0.9913 0.05255 0.01599 -0.99849 0.05255 0.01599 -0.99849 0.14519 0.15643 -0.97696 0.14519 0.15643 -0.97696 0.23366 0.29236 -0.92732 0.23365 0.29236 -0.92732 0.3154 0.41989 -0.85101 0.3154 0.41989 -0.85101 0.38807 0.53533 -0.75022 0.38807 0.53533 -0.75021 0.44958 0.63538 -0.62784 0.49815 0.71714 -0.4874 0.53239 0.77828 -0.33294 0.55132 0.81702 -0.1689 0.55132 0.81702 -0.1689 0.55438 0.83226 0 0.55438 0.83226 -0 0.5415 0.82356 0.1689 0.5415 0.82356 0.1689 0.51304 0.79117 0.33294 0.46982 0.73601 0.4874 0.41308 0.65968 0.62784 0.41308 0.65968 0.62784 0.34446 0.56438 0.75022 0.34446 0.56438 0.75021 0.26594 0.45284 0.85101 0.26593 0.45283 0.85101 0.17975 0.32827 0.92732 0.17976 0.32827 0.92732 0.0884 0.19425 0.97696 -0.00549 0.05465 0.99849 -0.00549 0.05465 0.99849 -0.09923 -0.08652 0.9913 -0.09923 -0.08652 0.9913 -0.19011 -0.22521 0.95558 -0.27552 -0.35741 0.89238 -0.35301 -0.47933 0.80351 -0.35301 -0.47934 0.80351 -0.42034 -0.58747 0.69152 -0.42034 -0.58747 0.69152 -0.47558 -0.6787 0.55963 -0.47558 -0.6787 0.55963 -0.51713 -0.75041 0.41165 -0.51713 -0.75041 0.41165 -0.54381 -0.80053 0.25182 -0.55485 -0.82762 0.08475 -0.55485 -0.82762 0.08476 0.35595 0.5805 0.73234 0.478 0.74672 0.46252 0.54507 0.82696 0.13797 0.54881 0.81118 -0.20197 -0.55003 -0.83083 -0.08476 -0.5294 -0.81013 -0.25183 -0.53089 -0.81222 -0.24178 -0.54203 -0.82408 -0.1646 -0.49336 -0.76624 -0.41166 -0.49514 -0.76884 -0.40464 -0.51532 -0.79394 -0.32266 -0.44335 -0.70017 -0.55965 -0.44807 -0.70712 -0.547 -0.47192 -0.73878 -0.48114 -0.3803 -0.61414 -0.69152 -0.38238 -0.61729 -0.68755 -0.41818 -0.66666 -0.617 -0.30662 -0.51023 -0.80352 -0.31386 -0.52117 -0.79365 -0.34746 -0.56859 -0.74564 -0.22384 -0.39184 -0.89239 -0.22816 -0.39849 -0.88834 -0.27398 -0.46435 -0.84221 -0.10382 -0.21382 -0.97134 -0.14444 -0.27668 -0.95005 -0.18432 -0.33491 -0.92405 -0.09422 -0.19877 -0.97551 -0.13456 -0.26221 -0.95558 -0.04959 -0.13677 -0.98936 -0.0419 -0.1247 -0.99131 -0.00251 -0.06662 -0.99778 0.04343 0.00227 -0.99905 0.05222 0.01621 -0.9985 0.09024 0.07291 -0.99325 0.13346 0.13854 -0.98132 0.14478 0.15669 -0.97698 0.17867 0.20765 -0.96175 0.22104 0.27286 -0.93632 0.23322 0.29266 -0.92734 0.26344 0.33859 -0.9033 0.30245 0.39954 -0.86539 0.31493 0.4202 -0.85103 0.34084 0.46004 -0.81987 0.37635 0.51654 -0.76912 0.38759 0.53566 -0.75023 0.40959 0.57003 -0.71224 0.43925 0.61837 -0.65167 0.44907 0.63571 -0.62786 0.46645 0.6634 -0.58508 0.53239 0.77828 -0.33294 0.53874 0.79415 -0.28122 0.52744 0.76908 -0.361 0.49815 0.71714 -0.4874 0.50977 0.74093 -0.43721 0.49119 0.70518 -0.51132 0.55438 0.83226 -0 0.55016 0.833 0.05869 0.55495 0.83149 -0.02557 0.55132 0.81702 -0.1689 0.55266 0.82655 -0.10671 0.552 0.82204 -0.13982 0.51304 0.79117 0.33294 0.49665 0.77407 0.39261 0.51725 0.79627 0.31369 0.5415 0.82356 0.1689 0.52967 0.81421 0.23771 0.53507 0.81892 0.20751 0.41308 0.65968 0.62784 0.38537 0.62524 0.67864 0.41947 0.66842 0.61421 0.46982 0.73601 0.4874 0.44431 0.70614 0.55133 0.45405 0.71783 0.52779 0.26554 0.4531 0.85099 0.27502 0.46584 0.84105 0.34447 0.56438 0.75021 0.3092 0.51876 0.79705 0.32197 0.53553 0.78073 0.14348 0.27527 0.9506 0.15832 0.29731 0.94156 0.17925 0.32861 0.9273 0.19439 0.34957 0.91652 0.23312 0.40564 0.88381 0.10144 0.21349 0.97166 0.08793 0.19455 0.97694 0.05478 0.14446 0.98799 0.00831 0.07529 0.99713 -0.00597 0.05497 0.99847 -0.03881 0.00468 0.99924 -0.08254 -0.06126 0.9947 -0.09975 -0.08617 0.99127 -0.12881 -0.13147 0.98292 -0.17316 -0.19919 0.96454 -0.19064 -0.22485 0.95556 -0.21726 -0.26701 0.93888 -0.25794 -0.33003 0.90805 -0.27607 -0.35705 0.89236 -0.29868 -0.39363 0.8694 -0.33707 -0.45408 0.82474 -0.35355 -0.47897 0.80349 -0.37326 -0.5116 0.77391 -0.40581 -0.56392 0.71924 -0.42089 -0.5871 0.6915 -0.43647 -0.61381 0.65782 -0.46474 -0.66054 0.58967 -0.47612 -0.67835 0.55961 -0.48881 -0.70113 0.51912 -0.50888 -0.73581 0.44679 -0.51767 -0.75005 0.41163 -0.52586 -0.76618 0.36937 -0.5386 -0.79014 0.29257 -0.54435 -0.80017 0.25181 -0.54531 -0.8025 0.24213 -0.55026 -0.83113 -0.0803 -0.55507 -0.83101 0.03639 -0.55537 -0.82727 0.08473 -0.55382 -0.8238 0.12101 -0.54889 -0.81135 0.20107 0.83176 -0.55404 0.0349 0.83175 -0.55404 0.0349 0.83175 -0.55405 0.0349 0.83176 -0.55404 0.0349 0.83175 -0.55405 0.0349 0.83175 -0.55405 0.0349 0.83175 -0.55405 0.0349 0.83175 -0.55405 0.0349 0.83176 -0.55404 0.0349 0.83176 -0.55404 0.0349 0.83176 -0.55404 0.0349 0.83176 -0.55404 0.0349 0.83176 -0.55404 0.0349 0.83176 -0.55404 0.0349 0.83175 -0.55404 0.03491 0.83175 -0.55405 0.0349 0.83176 -0.55404 0.03489 0.83176 -0.55404 0.0349 0.83175 -0.55405 0.03491 0.83175 -0.55405 0.0349 0.83175 -0.55405 0.0349 0.83175 -0.55404 0.0349 0.83176 -0.55404 0.0349 0.83176 -0.55404 0.0349 0.83176 -0.55404 0.0349 0.83176 -0.55404 0.0349 0.83175 -0.55405 0.0349 0.83175 -0.55405 0.0349 0.83176 -0.55404 0.0349 0.83176 -0.55404 0.0349 0.83176 -0.55404 0.0349 0.83175 -0.55405 0.0349 0.83175 -0.55405 0.0349 0.83175 -0.55405 0.0349 0.83176 -0.55404 0.0349 0.83176 -0.55404 0.0349 0.83176 -0.55404 0.0349 0.83175 -0.55405 0.0349 0.83175 -0.55405 0.0349 0.83176 -0.55404 0.0349 0.83176 -0.55404 0.0349 0.83176 -0.55404 0.0349 0.83176 -0.55404 0.0349 0.83176 -0.55404 0.0349 0.83176 -0.55404 0.0349 0.83175 -0.55405 0.03489 0.83175 -0.55405 0.0349 0.83175 -0.55404 0.0349 0.83175 -0.55405 0.0349 0.83176 -0.55404 0.0349 0.83176 -0.55404 0.0349 0.83176 -0.55404 0.03489 0.83175 -0.55405 0.0349 0.83175 -0.55405 0.0349 0.83175 -0.55405 0.0349 0.83175 -0.55405 0.0349 0.83176 -0.55404 0.0349 0.83176 -0.55404 0.0349 0.83175 -0.55405 0.0349 0.83175 -0.55405 0.0349 0.83176 -0.55404 0.0349 0.83175 -0.55405 0.0349 0.83176 -0.55404 0.0349 0.83175 -0.55404 0.0349 0.83176 -0.55404 0.0349 0.83175 -0.55405 0.0349 0.83175 -0.55405 0.0349 0.83176 -0.55404 0.0349 0.83176 -0.55404 0.0349 0.83176 -0.55404 0.0349 0.83175 -0.55405 0.0349 0.83175 -0.55405 0.0349 -0.54992 -0.83091 -0.08475 -0.54992 -0.8309 -0.08476 -0.52918 -0.81028 -0.25183 -0.52918 -0.81028 -0.25182 -0.4932 -0.76635 -0.41165 -0.4932 -0.76635 -0.41165 -0.44305 -0.70037 -0.55963 -0.44305 -0.70037 -0.55963 -0.38014 -0.61424 -0.69152 -0.3063 -0.51045 -0.80351 -0.3063 -0.51044 -0.80351 -0.04161 -0.1249 -0.9913 -0.04161 -0.12491 -0.9913 0.05255 0.016 -0.99849 0.05255 0.01599 -0.99849 0.14519 0.15643 -0.97696 0.14519 0.15643 -0.97696 0.3154 0.41988 -0.85101 0.38807 0.53533 -0.75021 0.44958 0.63537 -0.62784 0.53239 0.77828 -0.33293 0.53239 0.77828 -0.33294 0.55132 0.81702 -0.1689 0.55132 0.81702 -0.1689 0.55438 0.83226 -0 0.55438 0.83226 0 0.5415 0.82356 0.1689 0.51304 0.79117 0.33294 0.46982 0.73601 0.4874 0.46982 0.73601 0.4874 0.41308 0.65968 0.62784 0.41308 0.65969 0.62783 0.34446 0.56438 0.75021 0.34446 0.56438 0.75022 0.26593 0.45284 0.85101 0.26594 0.45284 0.85101 0.17975 0.32826 0.92732 0.0884 0.19425 0.97696 -0.00549 0.05466 0.99849 -0.00549 0.05466 0.99849 -0.09923 -0.08652 0.9913 -0.09923 -0.08652 0.9913 -0.19011 -0.22521 0.95558 -0.19011 -0.22521 0.95558 -0.27552 -0.35741 0.89238 -0.42034 -0.58747 0.69152 -0.47557 -0.6787 0.55964 -0.47558 -0.6787 0.55963 -0.51713 -0.75041 0.41165 -0.51713 -0.75041 0.41165 -0.54381 -0.80053 0.25183 -0.54381 -0.80053 0.25182 -0.55485 -0.82762 0.08475 -0.55485 -0.82762 0.08476 -0.29905 0.50013 0.81267 0.24225 -0.30567 0.92081 -0.54838 0.81976 -0.16516 -0.55485 0.82762 -0.08475 -0.5449 0.80278 -0.24212 -0.54347 0.80076 -0.25185 -0.53381 0.78093 -0.32433 -0.5171 0.75044 -0.41165 -0.51737 0.75108 -0.41013 -0.47568 0.67863 -0.55963 -0.47634 0.67999 -0.55742 -0.44955 0.63532 -0.62791 -0.42031 0.58749 -0.69152 -0.42093 0.58867 -0.69014 -0.35746 0.4862 -0.79739 -0.35275 0.4795 -0.80352 -0.31884 0.42531 -0.84703 -0.31409 0.41783 -0.85251 -0.27542 0.35747 -0.89239 -0.27485 0.35648 -0.89296 -0.1946 0.232 -0.95305 -0.18987 0.22537 -0.95559 -0.14898 0.1622 -0.97545 -0.14189 0.1514 -0.97824 -0.09902 0.08666 -0.9913 -0.09543 0.08071 -0.99216 -0.00825 -0.05046 -0.99869 -0.00529 -0.05452 -0.9985 0.03837 -0.12009 -0.99202 0.04646 -0.13212 -0.99014 0.08869 -0.19406 -0.97697 0.0945 -0.20343 -0.97452 0.1785 -0.32626 -0.92828 0.17992 -0.32815 -0.92733 0.22101 -0.38815 -0.89471 0.22823 -0.39857 -0.88829 0.26622 -0.45264 -0.85102 0.27131 -0.4607 -0.84507 0.34304 -0.56222 -0.75248 0.34466 -0.56425 -0.75022 0.37785 -0.61106 -0.69559 0.38274 -0.61784 -0.68686 0.4133 -0.65954 -0.62785 0.41545 -0.66291 -0.62286 0.46745 -0.7329 -0.49431 0.47008 -0.73584 -0.48741 0.49174 -0.76449 -0.41683 0.51277 -0.79069 -0.33447 0.51317 -0.79108 -0.33294 0.52855 -0.80957 -0.25542 0.5415 -0.82356 -0.1689 0.54126 -0.82316 -0.17158 0.55396 -0.83248 -0.0104 0.55464 -0.83209 -1E-05 0.55497 -0.82829 0.07707 0.55175 -0.81809 0.16221 0.55155 -0.81687 0.16889 0.54456 -0.80207 0.24521 0.53406 -0.78143 0.32272 0.53274 -0.77804 0.33292 0.51929 -0.75427 0.40177 0.5003 -0.72086 0.47965 0.49845 -0.71694 0.48739 0.47808 -0.68292 0.55233 0.45357 -0.64198 0.61817 0.44998 -0.63511 0.62782 0.42479 -0.59472 0.68254 0.3154 -0.41989 0.85101 0.28441 -0.36507 0.88647 0.32087 -0.4285 0.84465 0.38807 -0.53533 0.75021 0.35974 -0.48348 0.79802 0.39132 -0.54056 0.74476 0.14519 -0.15643 0.97696 0.10804 -0.09352 0.98974 0.15064 -0.16475 0.97476 0.23365 -0.29236 0.92733 0.19638 -0.22807 0.95364 0.20456 -0.24202 0.94846 -0.04161 0.12491 0.9913 -0.08064 0.18931 0.9786 -0.03597 0.11635 0.99256 0.05263 -0.01594 0.99849 0.01868 0.0406 0.999 0.0616 -0.02963 0.99766 -0.22365 0.39196 0.89238 -0.25905 0.4495 0.85489 -0.21952 0.38594 0.89603 -0.13454 0.26222 0.95558 -0.16833 0.31746 0.93321 -0.12619 0.24992 0.96001 -0.33395 0.55524 0.7617 -0.30622 0.5105 0.80351 -0.37567 0.60787 0.69955 -0.37982 0.61446 0.6915 -0.4097 0.65505 0.63487 -0.43722 0.69252 0.5738 -0.44249 0.70074 0.55961 -0.46269 0.72671 0.50775 -0.49277 0.76664 0.41163 -0.48994 0.76218 0.42314 -0.46796 0.73357 0.49284 -0.52877 0.81055 0.25181 -0.52716 0.80798 0.26318 -0.51032 0.78784 0.3448 -0.55492 0.82802 -0.08029 -0.55375 0.83248 0.01845 -0.54935 0.83129 0.08473 -0.54843 0.82982 0.1031 -0.54003 0.82208 0.18046 -0.55485 0.82762 -0.08475 -0.55485 0.82762 -0.08475 -0.54381 0.80053 -0.25183 -0.54381 0.80053 -0.25182 -0.51713 0.75041 -0.41165 -0.51713 0.75041 -0.41165 -0.47558 0.6787 -0.55963 -0.47558 0.6787 -0.55963 -0.42034 0.58747 -0.69152 -0.42034 0.58747 -0.69152 -0.35301 0.47933 -0.80351 -0.27552 0.35741 -0.89238 -0.27552 0.35741 -0.89238 -0.19011 0.2252 -0.95558 -0.19011 0.2252 -0.95558 -0.09923 0.08652 -0.9913 -0.09923 0.08652 -0.9913 -0.00549 -0.05465 -0.99849 -0.00549 -0.05465 -0.99849 0.0884 -0.19425 -0.97696 0.08841 -0.19426 -0.97696 0.17975 -0.32826 -0.92732 0.17975 -0.32827 -0.92732 0.26594 -0.45284 -0.85101 0.26593 -0.45284 -0.85101 0.34446 -0.56438 -0.75022 0.34446 -0.56438 -0.75022 0.41308 -0.65968 -0.62784 0.41308 -0.65968 -0.62784 0.46982 -0.73601 -0.4874 0.46982 -0.73601 -0.4874 0.51304 -0.79117 -0.33294 0.5415 -0.82356 -0.1689 0.5415 -0.82356 -0.1689 0.55438 -0.83226 -0 0.55438 -0.83226 0 0.55132 -0.81702 0.1689 0.53239 -0.77827 0.33294 0.53239 -0.77828 0.33294 0.49815 -0.71714 0.4874 0.49815 -0.71714 0.4874 0.44958 -0.63538 0.62784 0.44958 -0.63538 0.62784 0.38807 -0.53533 0.75022 0.38807 -0.53533 0.75021 0.3154 -0.41989 0.85101 0.3154 -0.41988 0.85101 0.23366 -0.29236 0.92732 0.23366 -0.29236 0.92732 0.14519 -0.15643 0.97696 0.14519 -0.15643 0.97696 0.05255 -0.01599 0.99849 -0.04161 0.1249 0.9913 -0.04161 0.1249 0.9913 -0.13456 0.26221 0.95558 -0.13457 0.26221 0.95558 -0.22365 0.39196 0.89238 -0.3063 0.51045 0.80351 -0.38014 0.61425 0.69152 -0.38014 0.61424 0.69152 -0.44305 0.70037 0.55963 -0.49321 0.76635 0.41165 -0.49321 0.76635 0.41165 -0.52918 0.81028 0.25183 -0.54992 0.8309 0.08475 -0.54992 0.8309 0.08476 -0.83176 -0.55404 0.0349 -0.83175 -0.55405 0.0349 -0.83175 -0.55405 0.0349 -0.83176 -0.55404 0.0349 -0.83175 -0.55405 0.0349 -0.83176 -0.55404 0.0349 -0.83176 -0.55404 0.0349 -0.83175 -0.55405 0.0349 -0.83176 -0.55404 0.0349 -0.83175 -0.55405 0.0349 -0.83176 -0.55404 0.0349 -0.83175 -0.55405 0.0349 -0.83175 -0.55405 0.0349 -0.83176 -0.55404 0.0349 -0.83176 -0.55404 0.0349 -0.83176 -0.55404 0.0349 -0.83176 -0.55404 0.0349 -0.83175 -0.55405 0.0349 -0.83175 -0.55405 0.0349 -0.83175 -0.55405 0.0349 -0.83175 -0.55404 0.0349 -0.83176 -0.55404 0.03489 -0.83176 -0.55404 0.0349 -0.83176 -0.55404 0.0349 -0.83175 -0.55405 0.0349 -0.83176 -0.55405 0.0349 -0.83176 -0.55404 0.0349 -0.83176 -0.55404 0.0349 -0.83175 -0.55405 0.0349 -0.83175 -0.55405 0.0349 -0.83176 -0.55404 0.03491 -0.83176 -0.55404 0.0349 -0.83175 -0.55405 0.03489 -0.83175 -0.55405 0.0349 -0.83176 -0.55404 0.0349 -0.83175 -0.55405 0.0349 -0.83176 -0.55404 0.0349 -0.83175 -0.55405 0.0349 -0.83175 -0.55405 0.0349 -0.83176 -0.55404 0.0349 -0.83176 -0.55404 0.0349 -0.83175 -0.55405 0.0349 -0.83176 -0.55404 0.0349 -0.83176 -0.55404 0.0349 -0.83175 -0.55405 0.0349 -0.83175 -0.55405 0.0349 -0.83176 -0.55404 0.0349 -0.83176 -0.55404 0.0349 -0.83175 -0.55405 0.0349 -0.83176 -0.55404 0.0349 -0.83176 -0.55404 0.03489 -0.83175 -0.55405 0.0349 -0.83175 -0.55405 0.0349 -0.83176 -0.55404 0.0349 -0.83176 -0.55404 0.03489 -0.83175 -0.55405 0.0349 -0.83175 -0.55405 0.0349 -0.83176 -0.55404 0.0349 -0.83176 -0.55404 0.0349 -0.83175 -0.55405 0.0349 -0.83175 -0.55405 0.0349 -0.83175 -0.55405 0.0349 -0.83175 -0.55405 0.0349 -0.83175 -0.55405 0.0349 -0.83176 -0.55404 0.0349 -0.83176 -0.55404 0.0349 -0.83175 -0.55405 0.03489 -0.83175 -0.55405 0.0349 -0.83176 -0.55404 0.03491 -0.83176 -0.55404 0.0349 -0.83176 -0.55404 0.0349 -0.83176 -0.55404 0.0349 -0.83175 -0.55405 0.0349 -0.83175 -0.55404 0.0349 -0.53117 0.78123 -0.32795 -0.54381 0.80053 -0.25182 -0.53157 0.77674 -0.33781 -0.51701 0.75049 -0.41166 -0.51609 0.74856 -0.41631 -0.49734 0.71574 -0.49028 -0.47549 0.67876 -0.55964 -0.47464 0.67712 -0.56234 -0.44655 0.63039 -0.63498 -0.42013 0.58761 -0.69153 -0.417 0.58204 -0.6981 -0.38556 0.5313 -0.75436 -0.35286 0.47944 -0.80351 -0.34944 0.47356 -0.80847 -0.30695 0.40662 -0.86049 -0.27519 0.35763 -0.8924 -0.26763 0.34512 -0.89959 -0.22803 0.28365 -0.93142 -0.18987 0.22537 -0.95559 -0.18423 0.21618 -0.95881 -0.14274 0.15269 -0.97791 -0.09912 0.08659 -0.9913 -0.12863 0.13432 -0.98255 -0.00517 -0.05444 -0.9985 -0.04379 0.00281 -0.99904 -0.08653 0.06729 -0.99397 0.10246 -0.215 -0.97122 0.0611 -0.151 -0.98664 0.08855 -0.19414 -0.97697 0.04554 -0.13074 -0.99037 0.00332 -0.06783 -0.99769 0.1438 -0.27575 -0.95041 0.18009 -0.32805 -0.92734 0.18875 -0.34136 -0.92079 0.26633 -0.45257 -0.85103 0.23851 -0.41332 -0.8788 0.22737 -0.39733 -0.88906 0.38194 -0.61673 -0.68831 0.35043 -0.57276 -0.74104 0.34475 -0.56419 -0.75022 0.31267 -0.51948 -0.79522 0.27659 -0.46809 -0.83928 0.38751 -0.62442 -0.67819 0.41336 -0.6595 -0.62785 0.41814 -0.6666 -0.6171 0.44542 -0.70357 -0.55371 0.46998 -0.73591 -0.4874 0.4719 -0.73875 -0.4812 0.49437 -0.76783 -0.40748 0.51314 -0.79109 -0.33295 0.51398 -0.79231 -0.32873 0.5415 -0.82356 -0.16889 0.54128 -0.82325 -0.17107 0.55411 -0.83241 -0.0071 0.5545 -0.83218 -0 0.55493 -0.82806 0.07985 0.55158 -0.81767 0.16484 0.55142 -0.81695 0.16889 0.54425 -0.80143 0.248 0.53337 -0.78011 0.32702 0.53254 -0.77818 0.33293 0.51839 -0.75267 0.40591 0.49815 -0.71714 0.48741 0.49849 -0.71765 0.4863 0.38807 -0.53533 0.75021 0.35871 -0.48389 0.79823 0.39126 -0.54045 0.74487 0.44958 -0.63538 0.62783 0.42415 -0.58888 0.68798 0.45123 -0.63817 0.6238 0.23366 -0.29236 0.92732 0.19524 -0.22844 0.95378 0.23601 -0.29597 0.92558 0.31539 -0.4199 0.85101 0.31309 -0.41596 0.85379 0.35092 -0.47602 0.80638 0.05262 -0.01595 0.99849 0.05138 -0.01395 0.99858 0.0965 -0.08238 0.99192 0.14519 -0.15642 0.97696 0.13954 -0.14715 0.97922 0.18426 -0.21623 0.9588 -0.13451 0.26224 0.95558 -0.13724 0.26654 0.954 -0.09236 0.20009 0.97542 -0.0416 0.1249 0.9913 -0.0494 0.13736 0.98929 -0.00132 0.06481 0.9979 -0.34276 0.56198 0.75279 -0.30724 0.51196 0.80218 -0.30615 0.51054 0.8035 -0.26876 0.45689 0.84795 -0.22365 0.39196 0.89238 -0.23036 0.40246 0.88598 -0.18611 0.3375 0.92275 -0.34816 0.56957 0.74456 -0.37994 0.61439 0.6915 -0.38393 0.61945 0.68475 -0.44302 0.70039 0.55964 -0.44335 0.70078 0.55888 -0.49321 0.76635 0.41165 -0.50978 0.79121 0.3378 -0.49172 0.76445 0.41693 -0.54479 0.80238 -0.24369 -0.55483 0.82788 -0.08235 -0.55485 0.82762 -0.08475 -0.55394 0.83245 0.01359 -0.54962 0.83111 0.08474 -0.54884 0.83013 0.09825 -0.52918 0.81028 0.25183 -0.53848 0.82396 0.17646 -0.52777 0.80867 0.25983 -0.55485 0.82762 -0.08475 -0.55485 0.82762 -0.08475 -0.54381 0.80053 -0.25183 -0.51713 0.75041 -0.41165 -0.51713 0.75041 -0.41165 -0.47558 0.6787 -0.55963 -0.47557 0.6787 -0.55964 -0.42034 0.58747 -0.69152 -0.42034 0.58747 -0.69151 -0.19011 0.22521 -0.95558 -0.19011 0.22521 -0.95558 -0.09923 0.08652 -0.9913 -0.09923 0.08652 -0.9913 -0.00549 -0.05466 -0.99849 0.0884 -0.19425 -0.97696 0.0884 -0.19425 -0.97696 0.26593 -0.45284 -0.85101 0.26593 -0.45284 -0.85101 0.34446 -0.56438 -0.75021 0.34447 -0.56438 -0.75021 0.41308 -0.65968 -0.62784 0.41308 -0.65968 -0.62784 0.46982 -0.73601 -0.4874 0.51304 -0.79117 -0.33294 0.5415 -0.82356 -0.1689 0.55438 -0.83226 -0 0.55438 -0.83226 0 0.53239 -0.77828 0.33294 0.53239 -0.77828 0.33293 0.49815 -0.71714 0.4874 0.44958 -0.63537 0.62784 0.44958 -0.63538 0.62784 0.38807 -0.53533 0.75021 0.38807 -0.53533 0.75022 0.3154 -0.41988 0.85101 0.3154 -0.41989 0.85101 0.23366 -0.29236 0.92732 0.05255 -0.01599 0.99849 0.05255 -0.016 0.99849 -0.04161 0.1249 0.9913 -0.13456 0.2622 0.95558 -0.13456 0.2622 0.95558 -0.22365 0.39197 0.89238 -0.3063 0.51045 0.80351 -0.38014 0.61424 0.69152 -0.44305 0.70037 0.55964 -0.44305 0.70037 0.55963 -0.49321 0.76635 0.41165 -0.4932 0.76635 0.41165 -0.52918 0.81028 0.25183 -0.52918 0.81028 0.25182 -0.54992 0.8309 0.08476 -0.54992 0.8309 0.08475 -0.83176 -0.55404 0.03489 -0.83175 -0.55405 0.0349 -0.83175 -0.55405 0.0349 -0.83175 -0.55405 0.0349 -0.83175 -0.55405 0.0349 -0.83176 -0.55404 0.0349 -0.83176 -0.55404 0.0349 -0.83176 -0.55404 0.0349 -0.83176 -0.55404 0.0349 -0.83175 -0.55405 0.0349 -0.83176 -0.55404 0.0349 -0.83176 -0.55404 0.0349 -0.83176 -0.55404 0.0349 -0.83176 -0.55404 0.0349 -0.83176 -0.55404 0.0349 -0.83175 -0.55405 0.0349 -0.83176 -0.55404 0.0349 -0.83175 -0.55405 0.0349 -0.83175 -0.55405 0.0349 -0.83176 -0.55404 0.0349 -0.83176 -0.55404 0.0349 -0.83176 -0.55404 0.0349 -0.83176 -0.55404 0.0349 -0.83175 -0.55405 0.0349 -0.83176 -0.55404 0.0349 -0.83176 -0.55404 0.0349 -0.83176 -0.55404 0.0349 -0.83176 -0.55404 0.0349 -0.83175 -0.55405 0.0349 -0.83176 -0.55404 0.0349 -0.83175 -0.55405 0.0349 -0.83175 -0.55405 0.0349 -0.83176 -0.55404 0.0349 -0.83175 -0.55405 0.0349 -0.83175 -0.55405 0.0349 -0.83175 -0.55404 0.0349 -0.83175 -0.55405 0.0349 -0.83175 -0.55405 0.0349 -0.83175 -0.55405 0.0349 -0.83176 -0.55404 0.03491 -0.83176 -0.55404 0.0349 -0.83176 -0.55404 0.0349 -0.83176 -0.55404 0.0349 -0.83175 -0.55405 0.0349 -0.83175 -0.55405 0.0349 -0.83175 -0.55405 0.0349 -0.83176 -0.55404 0.0349 -0.83176 -0.55404 0.0349 -0.83175 -0.55405 0.0349 -0.83176 -0.55404 0.0349 -0.83175 -0.55405 0.0349 -0.83176 -0.55404 0.0349 -0.83176 -0.55404 0.0349 -0.83175 -0.55405 0.0349 -0.83176 -0.55404 0.0349 -0.83175 -0.55405 0.0349 -0.83175 -0.55405 0.0349 -0.83176 -0.55404 0.0349 -0.83175 -0.55405 0.0349 -0.83176 -0.55404 0.0349 -0.83176 -0.55404 0.0349 -0.83175 -0.55405 0.0349 -0.83175 -0.55405 0.0349 -0.83176 -0.55404 0.0349 -0.83176 -0.55404 0.0349 -0.83175 -0.55405 0.0349 -0.83176 -0.55404 0.0349 0 0.93969 0.34202 0 0.93969 0.34202 -0 0.93969 0.34202 0 0.93969 0.34202 0 0.93969 0.34202 -0 0.93969 0.34202 0 0.93969 0.34202 0 0.93969 0.34202 0 0.93969 0.34202 0 -0.93969 -0.34202 -0 -0.93969 -0.34202 0 -0.93969 -0.34202 0 -0.93969 -0.34202 0 -0.93969 -0.34202 0 -0.93969 -0.34202 -0 -0.93969 -0.34202 0 -0.93969 -0.34202 -0 -0.93969 -0.34202 -0.0848 0.34079 -0.93631 -0.0848 0.34079 -0.93631 -0.25199 0.33098 -0.90937 -0.4119 0.31166 -0.85628 -0.4119 0.31166 -0.85628 -0.55996 0.28337 -0.77855 -0.69194 0.24692 -0.67842 -0.804 0.20337 -0.55877 -0.804 0.20337 -0.55877 -0.89292 0.15398 -0.42306 -0.95617 0.10015 -0.27516 -0.95617 0.10015 -0.27516 -0.9919 0.04344 -0.11936 -0.9919 0.04344 -0.11936 -0.9991 -0.01452 0.03988 -0.97756 -0.07205 0.19797 -0.97756 -0.07205 0.19797 -0.92789 -0.12753 0.35038 -0.92789 -0.12753 0.35038 -0.85153 -0.17932 0.49269 -0.85153 -0.17932 0.49269 -0.75068 -0.22596 0.62083 -0.75068 -0.22596 0.62083 -0.62822 -0.2661 0.73112 -0.62822 -0.2661 0.73112 -0.48769 -0.29859 0.82037 -0.48769 -0.29859 0.82037 -0.33314 -0.32248 0.88601 -0.33315 -0.32248 0.88601 -0.169 -0.3371 0.92618 -0.169 -0.3371 0.92618 0.169 -0.3371 0.92618 0.169 -0.3371 0.92618 0.33314 -0.32248 0.88601 0.33315 -0.32248 0.88601 0.48769 -0.29859 0.82037 0.48769 -0.29859 0.82037 0.62822 -0.2661 0.73112 0.62822 -0.2661 0.73112 0.75067 -0.22596 0.62083 0.75067 -0.22596 0.62083 0.85153 -0.17932 0.49268 0.85153 -0.17932 0.49268 0.92789 -0.12753 0.35038 0.92789 -0.12753 0.35038 0.97756 -0.07205 0.19797 0.97756 -0.07205 0.19797 0.9991 -0.01452 0.03988 0.9919 0.04344 -0.11936 0.9919 0.04344 -0.11936 0.95617 0.10015 -0.27516 0.95617 0.10015 -0.27516 0.89292 0.15398 -0.42306 0.804 0.20337 -0.55877 0.804 0.20337 -0.55877 0.69194 0.24692 -0.67842 0.55996 0.28337 -0.77855 0.4119 0.31166 -0.85628 0.4119 0.31166 -0.85628 0.25199 0.33098 -0.90937 0.0848 0.34079 -0.93631 0.0848 0.34079 -0.93631 -0.0848 0.34079 -0.93631 -0.0848 0.34079 -0.93631 -0.85153 -0.17932 0.49268 -0.85153 -0.17932 0.49268 -0.75067 -0.22596 0.62083 -0.75067 -0.22596 0.62083 0.75068 -0.22596 0.62083 0.75068 -0.22596 0.62083 0.85153 -0.17932 0.49269 0.85153 -0.17932 0.49269 0.0848 0.34079 -0.93631 0.0848 0.34079 -0.93631 0.70711 0.24184 -0.66446 0.70711 0.24184 -0.66446 0 0.90631 -0.42262 -0.70711 0.24184 -0.66446 -0.70711 0.24184 -0.66446 -0.70711 0.24184 -0.66446 -0.70711 0.24184 -0.66446 0.70711 0.24184 -0.66446 0.70711 0.24184 -0.66446 -0.08481 0.9578 0.27464 -0.08481 0.9578 0.27464 -0.25198 0.93024 0.26674 -0.4119 0.87593 0.25117 -0.4119 0.87593 0.25117 -0.55998 0.79641 0.22837 -0.55998 0.79641 0.22837 -0.69193 0.69399 0.199 -0.69194 0.69399 0.199 -0.80399 0.5716 0.1639 -0.80399 0.5716 0.1639 -0.89293 0.43276 0.12409 -0.89293 0.43276 0.12409 -0.95617 0.28148 0.08071 -0.95617 0.28148 0.08071 -0.9919 0.1221 0.03501 -0.9991 -0.0408 -0.0117 -0.97756 -0.20251 -0.05807 -0.92789 -0.35841 -0.10277 -0.92789 -0.35841 -0.10277 -0.85153 -0.504 -0.14452 -0.85153 -0.50399 -0.14452 -0.75067 -0.63508 -0.18211 -0.62822 -0.7479 -0.21446 -0.62822 -0.7479 -0.21446 -0.48769 -0.8392 -0.24064 -0.33314 -0.90635 -0.25989 -0.169 -0.94743 -0.27167 -0.169 -0.94744 -0.27167 -0 -0.96126 -0.27564 0.169 -0.94743 -0.27167 0.169 -0.94744 -0.27167 0.33314 -0.90635 -0.25989 0.48769 -0.8392 -0.24064 0.62822 -0.7479 -0.21446 0.62822 -0.7479 -0.21446 0.75068 -0.63507 -0.1821 0.85152 -0.50401 -0.14452 0.85153 -0.504 -0.14452 0.92789 -0.35841 -0.10277 0.92789 -0.35841 -0.10277 0.97756 -0.20251 -0.05807 0.9991 -0.0408 -0.0117 0.9919 0.1221 0.03501 0.95617 0.28148 0.08071 0.95617 0.28148 0.08071 0.89292 0.43277 0.12409 0.89292 0.43277 0.12409 0.804 0.57159 0.1639 0.804 0.57159 0.1639 0.69193 0.69399 0.199 0.69194 0.69399 0.199 0.55998 0.79641 0.22837 0.55997 0.79642 0.22837 0.4119 0.87593 0.25117 0.4119 0.87593 0.25117 0.25198 0.93024 0.26674 0.0848 0.9578 0.27464 0.0848 0.9578 0.27464 1E-05 -0.27564 0.96126 0 -0.27564 0.96126 1E-05 -0.27564 0.96126 -1E-05 -0.27564 0.96126 1E-05 -0.27565 0.96126 -1E-05 -0.27562 0.96127 1E-05 -0.27564 0.96126 0 -0.27564 0.96126 0 -0.27564 0.96126 -1E-05 -0.27563 0.96127 -0 -0.27565 0.96126 0 -0.27564 0.96126 0 -0.27564 0.96126 0 -0.27564 0.96126 -1E-05 -0.27565 0.96126 1E-05 -0.27562 0.96127 -1E-05 -0.27564 0.96126 -1E-05 -0.27564 0.96126 1E-05 -0.27563 0.96126 1E-05 -0.27564 0.96126 1E-05 -0.27564 0.96126 0 -0.27564 0.96126 1E-05 -0.27565 0.96126 -0 -0.27564 0.96126 -1E-05 -0.27563 0.96126 -0 -0.27564 0.96126 0 -0.27565 0.96126 -1E-05 -0.27562 0.96127 -0 -0.27564 0.96126 -0 -0.27564 0.96126 -0 -0.27564 0.96126 1E-05 -0.27562 0.96127 -1E-05 -0.27565 0.96126 1E-05 -0.27563 0.96127 -1E-05 -0.27564 0.96126 -0 -0.27564 0.96126 -1E-05 -0.27564 0.96126 -0.08481 0.9578 0.27464 -0.25198 0.93024 0.26674 -0.4119 0.87593 0.25117 -0.41189 0.87593 0.25117 -0.55998 0.79641 0.22837 -0.55998 0.79641 0.22837 -0.69194 0.69399 0.199 -0.69194 0.69399 0.199 -0.804 0.5716 0.1639 -0.80399 0.57161 0.16391 -0.89293 0.43276 0.12409 -0.89293 0.43276 0.12409 -0.95617 0.28147 0.08071 -0.9919 0.1221 0.03501 -0.9991 -0.0408 -0.0117 -0.97756 -0.20251 -0.05807 -0.97756 -0.20251 -0.05807 -0.92789 -0.35841 -0.10277 -0.92789 -0.35841 -0.10277 -0.85153 -0.50399 -0.14452 -0.85153 -0.504 -0.14452 -0.75067 -0.63508 -0.18211 -0.62822 -0.7479 -0.21446 -0.62822 -0.74789 -0.21446 -0.4877 -0.83919 -0.24063 -0.33314 -0.90635 -0.25989 -0.169 -0.94744 -0.27167 -0 -0.96126 -0.27564 0.169 -0.94744 -0.27167 0.33314 -0.90635 -0.25989 0.4877 -0.83919 -0.24063 0.62822 -0.7479 -0.21446 0.62822 -0.74789 -0.21446 0.75068 -0.63507 -0.1821 0.85153 -0.504 -0.14452 0.85152 -0.50401 -0.14452 0.92789 -0.35841 -0.10277 0.92789 -0.35841 -0.10277 0.97756 -0.20251 -0.05807 0.97756 -0.20251 -0.05807 0.9991 -0.0408 -0.0117 0.9919 0.1221 0.03501 0.95617 0.28147 0.08071 0.89292 0.43277 0.1241 0.89292 0.43277 0.12409 0.804 0.57159 0.1639 0.804 0.5716 0.1639 0.69194 0.69399 0.199 0.69194 0.69399 0.199 0.55997 0.79642 0.22837 0.55997 0.79642 0.22837 0.4119 0.87593 0.25117 0.4119 0.87593 0.25117 0.25198 0.93024 0.26674 0.08481 0.9578 0.27464 1E-05 -0.27564 0.96126 0 -0.27564 0.96126 1E-05 -0.27564 0.96126 -1E-05 -0.27564 0.96126 1E-05 -0.27565 0.96126 0 -0.27564 0.96126 -2E-05 -0.27563 0.96126 0 -0.27564 0.96126 0 -0.27564 0.96126 -0 -0.27563 0.96126 1E-05 -0.27562 0.96127 0 -0.27564 0.96126 0 -0.27564 0.96126 0 -0.27564 0.96126 -1E-05 -0.27565 0.96126 -0 -0.27564 0.96126 2E-05 -0.27563 0.96126 -1E-05 -0.27564 0.96126 1E-05 -0.27563 0.96126 1E-05 -0.27564 0.96126 -2E-05 -0.27563 0.96126 0 -0.27564 0.96126 1E-05 -0.27565 0.96126 -0 -0.27564 0.96126 -1E-05 -0.27563 0.96126 -0 -0.27564 0.96126 -1E-05 -0.27562 0.96127 0 -0.27564 0.96126 -0 -0.27564 0.96126 -0 -0.27564 0.96126 -0 -0.27564 0.96126 -0 -0.27564 0.96126 -1E-05 -0.27565 0.96126 0 -0.27563 0.96126 -1E-05 -0.27564 0.96126 -0 -0.27564 0.96126 2E-05 -0.27563 0.96126 -0.08481 0.9578 0.27464 -0.4119 0.87593 0.25117 -0.4119 0.87593 0.25117 -0.55997 0.79642 0.22837 -0.55997 0.79642 0.22837 -0.804 0.57159 0.1639 -0.804 0.5716 0.1639 -0.89292 0.43277 0.1241 -0.89292 0.43277 0.12409 -0.85153 -0.504 -0.14452 -0.85152 -0.50401 -0.14452 -0.75068 -0.63507 -0.1821 0.75067 -0.63508 -0.18211 0.85153 -0.50399 -0.14452 0.85153 -0.504 -0.14452 0.89293 0.43276 0.12409 0.89293 0.43276 0.12409 0.804 0.5716 0.1639 0.80399 0.57161 0.16391 0.55998 0.79641 0.22837 0.55998 0.79641 0.22837 0.4119 0.87593 0.25117 0.41189 0.87593 0.25117 0.08481 0.9578 0.27464 1E-05 -0.27564 0.96126 0 -0.27564 0.96126 1E-05 -0.27564 0.96126 -1E-05 -0.27564 0.96126 1E-05 -0.27565 0.96126 0 -0.27564 0.96126 -2E-05 -0.27563 0.96126 0 -0.27564 0.96126 0 -0.27564 0.96126 -0 -0.27563 0.96126 1E-05 -0.27562 0.96127 0 -0.27564 0.96126 0 -0.27564 0.96126 0 -0.27564 0.96126 -1E-05 -0.27565 0.96126 -0 -0.27564 0.96126 2E-05 -0.27563 0.96126 -1E-05 -0.27564 0.96126 1E-05 -0.27563 0.96126 1E-05 -0.27564 0.96126 -2E-05 -0.27563 0.96126 1E-05 -0.27565 0.96126 -0 -0.27564 0.96126 -1E-05 -0.27563 0.96126 -0 -0.27564 0.96126 -1E-05 -0.27562 0.96127 0 -0.27564 0.96126 -0 -0.27564 0.96126 -0 -0.27564 0.96126 -0 -0.27564 0.96126 -0 -0.27564 0.96126 -1E-05 -0.27565 0.96126 0 -0.27563 0.96126 -1E-05 -0.27564 0.96126 -0 -0.27564 0.96126 2E-05 -0.27563 0.96126 -0.0848 0.9578 0.27464 -0.0848 0.9578 0.27464 -0.4119 0.87593 0.25117 -0.4119 0.87593 0.25117 -0.55998 0.79641 0.22837 -0.55997 0.79642 0.22837 -0.804 0.57159 0.1639 -0.804 0.57159 0.1639 -0.89292 0.43277 0.12409 -0.89292 0.43277 0.12409 -0.85152 -0.50401 -0.14452 -0.85153 -0.504 -0.14452 -0.75068 -0.63507 -0.1821 0.75067 -0.63508 -0.18211 0.85153 -0.504 -0.14452 0.85153 -0.50399 -0.14452 0.89293 0.43276 0.12409 0.89293 0.43276 0.12409 0.80399 0.5716 0.1639 0.80399 0.5716 0.1639 0.55998 0.79641 0.22837 0.55998 0.79641 0.22837 0.4119 0.87593 0.25117 0.4119 0.87593 0.25117 0.08481 0.9578 0.27464 0.08481 0.9578 0.27464 1E-05 -0.27564 0.96126 0 -0.27564 0.96126 1E-05 -0.27564 0.96126 -1E-05 -0.27564 0.96126 1E-05 -0.27565 0.96126 -1E-05 -0.27562 0.96127 1E-05 -0.27564 0.96126 0 -0.27564 0.96126 0 -0.27564 0.96126 -1E-05 -0.27563 0.96127 -0 -0.27565 0.96126 0 -0.27564 0.96126 0 -0.27564 0.96126 0 -0.27564 0.96126 -1E-05 -0.27565 0.96126 1E-05 -0.27562 0.96127 -1E-05 -0.27564 0.96126 -1E-05 -0.27564 0.96126 1E-05 -0.27563 0.96126 1E-05 -0.27564 0.96126 1E-05 -0.27564 0.96126 1E-05 -0.27565 0.96126 -0 -0.27564 0.96126 -1E-05 -0.27563 0.96126 -0 -0.27564 0.96126 0 -0.27565 0.96126 -1E-05 -0.27562 0.96127 -0 -0.27564 0.96126 -0 -0.27564 0.96126 -0 -0.27564 0.96126 1E-05 -0.27562 0.96127 -1E-05 -0.27565 0.96126 1E-05 -0.27563 0.96127 -1E-05 -0.27564 0.96126 -0 -0.27564 0.96126 -1E-05 -0.27564 0.96126</float_array>
          <technique_common>
            <accessor source="#norm_0-array" count="30774" stride="3">
              <param name="X" type="float"/>
              <param name="Y" type="float"/>
              <param name="Z" type="float"/>
            </accessor>
          </technique_common>
        </source>
        <source id="uvs_0">
          <float_array id="uvs_0-array" count="0"></float_array>
          <technique_common>
            <accessor source="#uvs_0-array" count="0" stride="2">
              <param name="S" type="float"/>
              <param name="T" type="float"/>
            </accessor>
          </technique_common>
        </source>
        <vertices id="vert_0">
          <input semantic="POSITION" source="#pos_0"/>
        </vertices>
        <triangles count="10864" material="mat_0">
          <input semantic="VERTEX" source="#vert_0" offset="0"/>
          <input semantic="NORMAL" source="#norm_0" offset="1"/>
          <p>0 0 1 0 2 0 2 1 1 1 3 1 2 2 3 2 4 2 4 3 5 3 2 3 2 4 5 4 6 4 2 5 6 5 7 5 8 6 9 6 10 6 10 7 9 7 11 7 10 8 11 8 12 8 12 9 11 9 13 9 12 10 13 10 14 10 14 11 13 11 15 11 14 12 15 12 16 12 16 13 15 13 17 13 16 14 17 14 18 14 18 15 17 15 19 15 18 16 19 16 20 16 20 17 19 17 21 17 20 18 21 18 22 18 8 19 23 19 9 19 9 20 23 20 24 20 9 21 24 21 7 21 7 22 24 22 25 22 7 23 25 23 26 23 27 24 28 24 29 24 29 25 28 25 30 25 29 26 30 26 31 26 20 27 32 27 33 27 34 28 35 28 36 28 36 29 35 29 37 29 36 30 37 30 2 30 2 31 37 31 38 31 2 32 38 32 0 32 26 33 39 33 7 33 7 34 39 34 40 34 7 35 40 35 2 35 41 36 42 36 43 36 43 37 42 37 44 37 43 38 44 38 45 38 22 39 46 39 20 39 20 40 46 40 47 40 20 41 47 41 48 41 33 42 49 42 20 42 20 43 49 43 50 43 20 44 50 44 51 44 51 45 50 45 52 45 51 46 52 46 53 46 54 47 55 47 56 47 56 48 55 48 57 48 56 49 57 49 58 49 58 50 57 50 29 50 29 51 57 51 59 51 29 52 59 52 27 52 31 53 60 53 29 53 29 54 60 54 61 54 29 55 61 55 45 55 45 56 61 56 62 56 45 57 62 57 43 57 32 58 20 58 63 58 63 59 20 59 48 59 63 60 48 60 43 60 43 61 48 61 64 61 43 62 64 62 41 62 65 63 66 63 36 63 36 64 66 64 67 64 36 65 67 65 68 65 68 66 69 66 36 66 36 67 69 67 70 67 36 68 70 68 34 68 71 69 72 69 36 69 36 70 72 70 73 70 36 71 73 71 74 71 75 72 76 72 77 72 77 73 76 73 78 73 77 74 78 74 36 74 36 75 78 75 79 75 36 76 79 76 71 76 74 77 80 77 36 77 36 78 80 78 81 78 36 79 81 79 82 79 53 80 83 80 51 80 51 81 83 81 84 81 51 82 84 82 85 82 85 83 84 83 86 83 85 84 86 84 87 84 87 85 86 85 88 85 88 86 89 86 87 86 87 87 89 87 90 87 87 88 90 88 77 88 77 89 90 89 91 89 77 90 91 90 75 90 82 91 92 91 36 91 36 92 92 92 55 92 36 93 55 93 65 93 65 94 55 94 54 94 93 95 94 95 95 95 95 96 94 96 96 96 95 97 96 97 97 97 97 98 96 98 98 98 98 99 99 99 97 99 97 100 99 100 100 100 97 101 100 101 101 101 101 102 102 102 97 102 97 103 102 103 103 103 97 104 103 104 104 104 104 105 105 105 97 105 97 106 105 106 106 106 97 107 106 107 107 107 108 108 109 108 110 108 108 109 110 109 111 109 112 110 113 110 114 110 114 111 113 111 115 111 114 112 115 112 116 112 116 113 115 113 117 113 116 114 117 114 93 114 117 115 118 115 93 115 93 116 118 116 119 116 93 117 119 117 120 117 120 118 121 118 93 118 93 119 121 119 122 119 93 120 122 120 94 120 123 121 124 121 125 121 125 122 124 122 126 122 124 123 127 123 126 123 126 124 127 124 128 124 126 125 128 125 112 125 112 126 128 126 129 126 112 127 129 127 113 127 130 128 131 128 132 128 132 129 131 129 133 129 132 130 133 130 125 130 125 131 133 131 134 131 125 132 134 132 123 132 135 133 136 133 137 133 137 134 136 134 138 134 137 135 138 135 139 135 139 136 138 136 97 136 139 137 97 137 110 137 110 138 97 138 107 138 110 139 107 139 111 139 140 140 141 140 142 140 142 141 141 141 136 141 142 142 136 142 143 142 143 143 136 143 135 143 144 144 145 144 146 144 146 145 145 145 147 145 146 146 147 146 148 146 148 147 147 147 149 147 148 148 149 148 150 148 150 149 149 149 151 149 150 150 151 150 152 150 152 151 151 151 153 151 152 152 153 152 154 152 154 153 153 153 155 153 154 154 155 154 156 154 156 155 155 155 157 155 156 156 157 156 140 156 140 157 157 157 158 157 140 158 158 158 141 158 159 159 160 159 161 159 161 160 160 160 162 160 161 161 162 161 163 161 163 162 162 162 164 162 163 163 164 163 146 163 146 164 164 164 165 164 146 165 165 165 144 165 166 166 167 166 168 166 168 167 169 167 166 167 166 168 169 168 170 168 166 169 170 169 171 169 171 170 170 170 172 170 171 171 172 171 161 171 161 172 172 172 173 172 161 173 173 173 159 173 174 174 175 174 176 174 176 175 175 175 177 175 176 176 177 176 178 176 178 177 179 177 176 177 176 178 179 178 180 178 176 179 180 179 181 179 181 180 180 180 167 180 181 181 167 181 182 181 182 182 167 182 166 182 183 183 184 183 185 183 185 184 184 184 186 184 185 185 186 185 187 185 187 186 186 186 188 186 188 187 189 187 187 187 187 188 189 188 190 188 187 189 190 189 191 189 191 190 192 190 187 190 187 191 192 191 193 191 187 192 193 192 194 192 194 193 195 193 196 193 196 194 195 194 197 194 196 195 197 195 198 195 198 196 197 196 199 196 200 197 201 197 176 197 199 198 197 198 176 198 176 199 197 199 202 199 176 200 202 200 200 200 201 201 203 201 176 201 176 202 203 202 204 202 176 203 204 203 174 203 205 204 206 204 183 204 205 205 183 205 207 205 206 206 208 206 183 206 183 207 208 207 209 207 183 208 209 208 184 208 183 209 210 209 207 209 207 210 210 210 211 210 207 211 211 211 212 211 212 212 211 212 213 212 212 213 213 213 214 213 214 214 213 214 215 214 215 215 213 215 216 215 216 216 213 216 217 216 216 217 217 217 218 217 218 218 217 218 219 218 218 219 219 219 220 219 220 220 219 220 221 220 220 221 221 221 222 221 222 222 221 222 223 222 222 223 223 223 224 223 225 224 226 224 227 224 227 225 226 225 228 225 227 226 228 226 229 226 229 227 228 227 230 227 229 228 230 228 223 228 223 229 230 229 231 229 223 230 231 230 224 230 227 231 232 231 225 231 225 232 232 232 233 232 225 233 233 233 234 233 234 234 233 234 235 234 234 235 235 235 236 235 236 236 235 236 237 236 236 237 237 237 238 237 238 238 237 238 239 238 238 239 239 239 240 239 240 240 239 240 241 240 241 241 239 241 242 241 241 242 242 242 243 242 242 243 244 243 243 243 243 244 244 244 245 244 243 245 245 245 246 245 246 246 245 246 247 246 246 247 247 247 248 247 247 248 249 248 248 248 248 249 249 249 250 249 248 250 250 250 251 250 251 251 250 251 252 251 253 252 254 252 255 252 255 253 254 253 256 253 255 254 256 254 257 254 257 255 256 255 258 255 257 256 258 256 259 256 259 257 258 257 260 257 259 258 260 258 252 258 252 259 260 259 261 259 252 260 261 260 251 260 253 261 262 261 254 261 254 262 262 262 263 262 254 263 263 263 264 263 194 264 196 264 187 264 187 265 196 265 265 265 187 266 265 266 266 266 265 267 267 267 266 267 266 268 267 268 268 268 266 269 268 269 269 269 269 270 268 270 270 270 269 271 270 271 271 271 271 272 270 272 272 272 271 273 272 273 273 273 273 274 272 274 274 274 273 275 274 275 275 275 36 276 2 276 276 276 276 277 2 277 277 277 276 278 277 278 278 278 278 279 277 279 279 279 278 280 279 280 280 280 280 281 279 281 275 281 280 282 275 282 281 282 281 283 275 283 274 283 109 284 282 284 283 284 283 285 282 285 284 285 282 286 109 286 284 286 284 287 109 287 283 287 285 288 286 288 287 288 288 289 289 289 290 289 285 290 287 290 291 290 291 291 287 291 290 291 291 292 290 292 292 292 292 293 290 293 289 293 292 294 289 294 293 294 294 295 295 295 296 295 290 296 297 296 288 296 288 297 297 297 296 297 288 298 296 298 298 298 298 299 296 299 295 299 299 300 300 300 301 300 296 301 302 301 294 301 294 302 302 302 299 302 294 303 299 303 303 303 303 304 299 304 301 304 304 305 305 305 306 305 307 306 308 306 306 306 306 307 308 307 309 307 306 308 309 308 304 308 300 309 308 309 301 309 301 310 308 310 307 310 301 311 307 311 310 311 310 312 307 312 311 312 310 313 311 313 312 313 312 314 311 314 313 314 313 315 314 315 312 315 312 316 314 316 315 316 312 317 315 317 316 317 316 318 317 318 312 318 312 319 317 319 318 319 312 320 318 320 319 320 320 321 321 321 322 321 322 322 321 322 323 322 319 323 324 323 312 323 312 324 324 324 322 324 312 325 322 325 325 325 325 326 322 326 323 326 320 327 326 327 321 327 321 328 326 328 327 328 321 329 327 329 328 329 327 330 329 330 328 330 328 331 329 331 330 331 328 332 330 332 331 332 331 333 330 333 332 333 332 334 333 334 331 334 331 335 333 335 334 335 331 336 334 336 335 336 335 337 334 337 336 337 335 338 336 338 337 338 337 339 336 339 338 339 337 340 338 340 339 340 340 341 341 341 342 341 339 342 343 342 337 342 337 343 343 343 340 343 337 344 340 344 344 344 344 345 340 345 342 345 345 346 346 346 347 346 347 347 346 347 348 347 341 348 349 348 342 348 342 349 349 349 347 349 342 350 347 350 350 350 350 351 347 351 348 351 345 352 351 352 346 352 346 353 351 353 352 353 346 354 352 354 353 354 353 355 352 355 354 355 353 356 354 356 355 356 355 357 354 357 356 357 355 358 356 358 357 358 357 359 356 359 358 359 357 360 358 360 359 360 359 361 358 361 360 361 359 362 360 362 361 362 361 363 360 363 362 363 361 364 362 364 363 364 363 365 362 365 364 365 363 366 364 366 365 366 365 367 364 367 366 367 366 368 364 368 367 368 366 369 367 369 368 369 368 370 367 370 369 370 368 371 369 371 370 371 370 372 369 372 371 372 370 373 371 373 372 373 264 374 263 374 373 374 373 375 263 375 374 375 373 376 374 376 375 376 375 377 374 377 376 377 375 378 376 378 377 378 377 379 376 379 372 379 377 380 372 380 378 380 378 381 372 381 371 381 379 382 380 382 305 382 381 383 382 383 383 383 381 384 383 384 305 384 305 385 383 385 384 385 305 386 384 386 379 386 380 387 385 387 305 387 305 388 385 388 386 388 305 389 386 389 387 389 387 390 388 390 305 390 305 391 388 391 389 391 305 392 389 392 306 392 390 393 391 393 392 393 392 394 391 394 393 394 393 395 394 395 392 395 392 396 394 396 395 396 392 397 395 397 382 397 382 398 395 398 396 398 382 399 396 399 383 399 397 400 398 400 390 400 390 401 398 401 399 401 390 402 399 402 391 402 400 403 401 403 402 403 397 404 390 404 402 404 402 405 390 405 403 405 402 406 403 406 400 406 404 407 405 407 401 407 401 408 405 408 406 408 401 409 406 409 407 409 407 410 408 410 401 410 401 411 408 411 409 411 401 412 409 412 402 412 410 413 411 413 412 413 412 414 411 414 413 414 412 415 413 415 414 415 404 416 415 416 405 416 405 417 415 417 412 417 405 418 412 418 416 418 416 419 412 419 414 419 417 420 418 420 419 420 410 421 420 421 411 421 411 422 420 422 421 422 411 423 421 423 422 423 422 424 421 424 423 424 422 425 423 425 424 425 424 426 423 426 425 426 424 427 425 427 426 427 426 428 425 428 427 428 426 429 427 429 419 429 419 430 427 430 428 430 419 431 428 431 417 431 429 432 430 432 431 432 431 433 430 433 432 433 431 434 432 434 433 434 429 435 434 435 430 435 430 436 434 436 435 436 430 437 435 437 436 437 436 438 435 438 437 438 436 439 437 439 418 439 418 440 437 440 438 440 418 441 438 441 419 441 434 442 439 442 435 442 435 443 439 443 440 443 435 444 440 444 441 444 441 445 442 445 435 445 435 446 442 446 443 446 435 447 443 447 444 447 444 448 443 448 445 448 444 449 445 449 446 449 446 450 445 450 447 450 446 451 447 451 448 451 448 452 449 452 446 452 446 453 449 453 450 453 446 454 450 454 451 454 451 455 452 455 446 455 446 456 452 456 453 456 446 457 453 457 454 457 454 458 453 458 455 458 453 459 456 459 455 459 455 460 456 460 457 460 455 461 457 461 458 461 458 462 459 462 455 462 455 463 459 463 460 463 455 464 460 464 461 464 461 465 460 465 462 465 461 466 462 466 463 466 464 467 465 467 466 467 466 468 465 468 463 468 466 469 463 469 467 469 467 470 463 470 462 470 464 471 468 471 465 471 465 472 468 472 469 472 465 473 469 473 132 473 132 474 469 474 470 474 132 475 470 475 130 475 285 476 471 476 472 476 285 477 473 477 474 477 475 478 476 478 286 478 472 479 477 479 285 479 285 480 477 480 478 480 285 481 478 481 473 481 479 482 480 482 481 482 482 483 483 483 286 483 286 484 483 484 484 484 286 485 484 485 485 485 286 486 476 486 486 486 486 487 476 487 487 487 486 488 487 488 488 488 474 489 489 489 285 489 285 490 489 490 490 490 285 491 490 491 286 491 286 492 490 492 491 492 286 493 491 493 492 493 493 494 494 494 480 494 480 495 494 495 495 495 480 496 495 496 481 496 485 497 496 497 286 497 286 498 496 498 497 498 286 499 497 499 475 499 492 500 498 500 286 500 286 501 498 501 499 501 286 502 499 502 500 502 501 503 502 503 503 503 285 504 504 504 471 504 471 505 504 505 505 505 471 506 505 506 480 506 480 507 505 507 506 507 480 508 506 508 493 508 500 509 507 509 286 509 286 510 507 510 508 510 286 511 508 511 509 511 510 512 511 512 509 512 512 513 513 513 501 513 501 514 513 514 514 514 501 515 514 515 502 515 481 516 515 516 479 516 479 517 515 517 516 517 479 518 516 518 517 518 517 519 516 519 518 519 517 520 518 520 519 520 519 521 518 521 520 521 519 522 520 522 521 522 521 523 520 523 522 523 521 524 522 524 523 524 523 525 522 525 524 525 523 526 524 526 525 526 525 527 524 527 501 527 525 528 501 528 526 528 526 529 501 529 503 529 510 530 509 530 527 530 528 531 529 531 512 531 512 532 529 532 530 532 512 533 530 533 513 533 531 534 532 534 533 534 533 535 532 535 534 535 533 536 534 536 509 536 509 537 534 537 535 537 509 538 535 538 527 538 511 539 536 539 509 539 509 540 536 540 537 540 509 541 537 541 286 541 286 542 537 542 538 542 286 543 538 543 482 543 539 544 540 544 541 544 541 545 540 545 542 545 541 546 542 546 543 546 488 547 544 547 486 547 486 548 544 548 545 548 486 549 545 549 546 549 546 550 545 550 547 550 546 551 547 551 548 551 543 552 549 552 541 552 541 553 549 553 550 553 541 554 550 554 531 554 531 555 550 555 551 555 531 556 551 556 532 556 548 557 552 557 546 557 546 558 552 558 553 558 546 559 553 559 554 559 554 560 555 560 546 560 546 561 555 561 556 561 546 562 556 562 557 562 528 563 512 563 558 563 558 564 512 564 559 564 558 565 559 565 560 565 560 566 559 566 546 566 560 567 546 567 561 567 561 568 546 568 557 568 561 569 557 569 541 569 541 570 557 570 562 570 541 571 562 571 539 571 563 572 564 572 291 572 565 573 504 573 564 573 564 574 504 574 285 574 564 575 285 575 291 575 566 576 567 576 568 576 568 577 569 577 566 577 566 578 569 578 570 578 566 579 570 579 571 579 571 580 570 580 572 580 571 581 572 581 573 581 567 582 566 582 574 582 574 583 566 583 575 583 574 584 575 584 576 584 577 585 578 585 575 585 575 586 578 586 579 586 575 587 579 587 576 587 580 588 581 588 577 588 577 589 581 589 582 589 577 590 582 590 578 590 583 591 584 591 585 591 585 592 584 592 586 592 585 593 586 593 587 593 587 594 586 594 588 594 587 595 588 595 580 595 580 596 588 596 589 596 580 597 589 597 581 597 291 598 292 598 563 598 563 599 292 599 293 599 563 600 293 600 590 600 590 601 591 601 563 601 563 602 591 602 592 602 563 603 592 603 593 603 593 604 592 604 594 604 593 605 594 605 583 605 583 606 594 606 595 606 583 607 595 607 584 607 596 608 597 608 598 608 2 609 40 609 599 609 600 610 601 610 602 610 599 611 603 611 2 611 2 612 603 612 600 612 2 613 600 613 277 613 277 614 600 614 602 614 277 615 602 615 279 615 604 616 605 616 601 616 601 617 605 617 606 617 601 618 606 618 602 618 607 619 608 619 609 619 609 620 610 620 607 620 607 621 610 621 611 621 607 622 611 622 612 622 612 623 611 623 613 623 612 624 613 624 604 624 604 625 613 625 614 625 604 626 614 626 605 626 598 627 597 627 615 627 597 628 616 628 615 628 615 629 616 629 617 629 615 630 617 630 608 630 608 631 617 631 618 631 608 632 618 632 609 632 619 633 620 633 621 633 621 634 622 634 619 634 619 635 622 635 623 635 619 636 623 636 598 636 598 637 623 637 624 637 598 638 624 638 596 638 620 639 625 639 626 639 626 640 627 640 620 640 620 641 627 641 628 641 620 642 628 642 621 642 629 643 630 643 631 643 632 643 633 643 634 643 634 643 633 643 635 643 634 643 635 643 636 643 636 643 635 643 637 643 636 643 637 643 638 643 638 644 637 644 639 644 640 643 641 643 642 643 642 643 641 643 643 643 642 643 643 643 631 643 631 643 643 643 644 643 631 643 644 643 629 643 645 643 646 643 647 643 648 643 649 643 650 643 651 643 577 643 652 643 652 643 577 643 575 643 652 643 575 643 653 643 653 643 575 643 566 643 653 643 566 643 654 643 654 643 566 643 571 643 654 643 571 643 655 643 655 643 571 643 573 643 655 643 573 643 656 643 656 643 573 643 625 643 656 643 625 643 657 643 657 643 625 643 620 643 657 643 620 643 658 643 658 643 620 643 619 643 658 643 619 643 659 643 659 643 619 643 598 643 659 643 598 643 660 643 630 643 661 643 662 643 662 643 661 643 663 643 662 643 663 643 664 643 665 643 666 643 647 643 647 643 666 643 667 643 668 643 669 643 670 643 670 643 669 643 662 643 670 643 662 643 671 643 671 643 662 643 664 643 647 643 646 643 650 643 650 643 646 643 672 643 650 643 672 643 648 643 667 643 673 643 647 643 647 643 673 643 674 643 647 643 674 643 645 643 675 643 676 643 677 643 678 643 679 643 680 643 668 643 681 643 669 643 669 643 681 643 682 643 669 643 682 643 683 643 598 643 615 643 660 643 660 643 615 643 608 643 660 643 608 643 684 643 684 643 608 643 607 643 684 643 607 643 685 643 685 643 607 643 612 643 685 643 612 643 686 643 687 643 585 643 688 643 688 643 585 643 587 643 688 643 587 643 651 643 651 643 587 643 580 643 651 643 580 643 577 643 683 643 689 643 669 643 669 643 689 643 690 643 669 643 690 643 677 643 677 643 690 643 691 643 677 643 691 643 692 643 676 643 693 643 677 643 677 643 693 643 694 643 677 643 694 643 695 643 695 643 694 643 696 643 680 643 679 643 665 643 665 643 679 643 697 643 665 643 697 643 698 643 630 643 662 643 631 643 631 643 662 643 699 643 631 643 699 643 700 643 700 643 699 643 701 643 700 643 701 643 702 643 649 643 703 643 650 643 650 645 703 645 639 645 650 646 639 646 704 646 704 647 639 647 637 647 704 643 637 643 705 643 705 643 637 643 706 643 705 643 706 643 707 643 707 643 706 643 708 643 698 643 709 643 665 643 665 643 709 643 710 643 665 643 710 643 711 643 692 643 712 643 677 643 677 643 712 643 713 643 677 643 713 643 714 643 711 643 715 643 665 643 665 643 715 643 716 643 665 643 716 643 717 643 714 643 718 643 677 643 677 643 718 643 719 643 677 643 719 643 675 643 717 643 720 643 665 643 665 643 720 643 721 643 665 643 721 643 722 643 701 643 723 643 702 643 702 643 723 643 724 643 702 643 724 643 725 643 722 643 726 643 665 643 665 643 726 643 727 643 665 643 727 643 666 643 565 643 564 643 728 643 728 643 564 643 563 643 728 643 563 643 729 643 729 643 563 643 593 643 729 643 593 643 687 643 687 643 593 643 583 643 687 643 583 643 585 643 730 643 731 643 708 643 708 643 731 643 732 643 708 643 732 643 707 643 733 643 734 643 735 643 696 643 736 643 695 643 695 643 736 643 737 643 695 643 737 643 735 643 735 643 737 643 738 643 735 643 738 643 733 643 733 643 738 643 739 643 733 643 739 643 740 643 741 643 742 643 743 643 743 643 742 643 744 643 612 643 604 643 686 643 686 643 604 643 601 643 686 643 601 643 745 643 745 643 601 643 600 643 745 643 600 643 746 643 746 643 600 643 603 643 746 643 603 643 747 643 747 643 603 643 599 643 747 643 599 643 748 643 748 643 599 643 725 643 748 643 725 643 749 643 749 643 725 643 724 643 728 643 750 643 565 643 565 643 750 643 751 643 565 643 751 643 730 643 730 643 751 643 752 643 730 643 752 643 731 643 734 643 753 643 735 643 735 643 753 643 754 643 735 643 754 643 755 643 743 643 756 643 757 643 735 643 758 643 743 643 743 643 758 643 759 643 743 643 759 643 760 643 744 643 761 643 743 643 743 643 761 643 762 643 743 643 762 643 756 643 755 643 763 643 735 643 735 643 763 643 764 643 735 643 764 643 765 643 760 643 766 643 743 643 743 643 766 643 767 643 743 643 767 643 741 643 765 643 768 643 735 643 735 643 768 643 769 643 735 643 769 643 758 643 757 643 770 643 743 643 743 643 770 643 771 643 743 643 771 643 680 643 680 643 771 643 772 643 680 643 772 643 678 643 773 648 640 648 20 648 51 649 774 649 20 649 20 650 774 650 775 650 776 651 777 651 20 651 777 652 778 652 20 652 20 653 778 653 779 653 20 654 779 654 773 654 775 655 780 655 20 655 20 656 780 656 781 656 20 657 781 657 782 657 782 658 783 658 20 658 20 659 783 659 784 659 20 660 784 660 776 660 785 661 559 661 786 661 786 662 559 662 512 662 786 663 512 663 787 663 787 664 512 664 788 664 789 665 790 665 791 665 791 666 790 666 792 666 791 667 792 667 793 667 793 668 792 668 794 668 793 669 794 669 795 669 795 670 794 670 796 670 795 671 796 671 788 671 788 672 796 672 797 672 788 673 797 673 787 673 798 674 799 674 800 674 800 675 799 675 801 675 800 676 801 676 789 676 789 677 801 677 802 677 789 678 802 678 790 678 803 679 804 679 805 679 805 680 804 680 806 680 805 681 806 681 807 681 807 682 806 682 808 682 807 683 808 683 809 683 809 684 808 684 810 684 809 685 810 685 798 685 798 686 810 686 811 686 798 687 811 687 799 687 633 688 632 688 812 688 812 689 632 689 813 689 812 690 813 690 803 690 803 691 813 691 814 691 803 692 814 692 804 692 815 693 445 693 816 693 816 694 445 694 443 694 816 695 443 695 817 695 817 696 443 696 818 696 818 697 443 697 442 697 818 698 442 698 819 698 819 699 442 699 820 699 820 700 442 700 441 700 820 701 441 701 821 701 821 702 441 702 440 702 821 703 440 703 822 703 822 704 440 704 823 704 823 705 440 705 439 705 823 706 439 706 824 706 824 707 439 707 825 707 825 708 439 708 434 708 825 709 434 709 826 709 826 710 434 710 827 710 827 711 434 711 828 711 828 712 434 712 429 712 828 713 429 713 829 713 433 714 830 714 431 714 431 715 830 715 831 715 431 716 831 716 832 716 832 717 833 717 431 717 431 718 833 718 834 718 431 719 834 719 429 719 429 720 834 720 835 720 429 721 835 721 829 721 654 722 655 722 836 722 654 723 836 723 653 723 345 724 347 724 837 724 837 725 347 725 349 725 837 726 349 726 836 726 343 727 339 727 652 727 836 728 349 728 653 728 653 729 349 729 341 729 653 730 341 730 652 730 652 731 341 731 340 731 652 732 340 732 343 732 339 733 338 733 652 733 652 734 338 734 336 734 652 735 336 735 651 735 332 736 688 736 333 736 333 737 688 737 651 737 333 738 651 738 334 738 334 739 651 739 336 739 327 740 687 740 329 740 329 741 687 741 688 741 329 742 688 742 330 742 330 743 688 743 332 743 322 744 729 744 320 744 320 745 729 745 687 745 320 746 687 746 326 746 326 747 687 747 327 747 318 748 728 748 319 748 319 749 728 749 729 749 319 750 729 750 324 750 324 751 729 751 322 751 318 752 317 752 728 752 728 753 317 753 316 753 728 754 316 754 750 754 750 755 316 755 315 755 750 756 315 756 751 756 751 757 315 757 314 757 314 758 313 758 751 758 751 759 313 759 311 759 751 760 311 760 752 760 752 761 311 761 307 761 307 762 306 762 752 762 752 763 306 763 389 763 752 764 389 764 731 764 731 765 389 765 388 765 388 766 387 766 731 766 731 767 387 767 386 767 731 768 386 768 732 768 732 769 386 769 385 769 385 770 380 770 732 770 732 771 380 771 379 771 732 772 379 772 707 772 707 773 379 773 384 773 384 774 383 774 707 774 707 775 383 775 396 775 707 776 396 776 705 776 396 777 395 777 705 777 705 778 395 778 394 778 705 779 394 779 704 779 394 780 393 780 704 780 704 781 393 781 391 781 704 782 391 782 650 782 650 783 391 783 399 783 399 784 398 784 650 784 650 785 398 785 397 785 650 786 397 786 647 786 647 787 397 787 402 787 406 788 405 788 665 788 665 789 405 789 416 789 665 790 416 790 680 790 402 791 409 791 647 791 647 792 409 792 408 792 647 793 408 793 665 793 665 794 408 794 407 794 665 795 407 795 406 795 680 796 416 796 743 796 743 797 416 797 414 797 743 798 414 798 413 798 99 799 98 799 838 799 838 800 98 800 839 800 839 801 98 801 840 801 840 802 98 802 96 802 840 803 96 803 841 803 841 804 96 804 842 804 842 805 96 805 94 805 842 806 94 806 843 806 843 807 94 807 122 807 843 808 122 808 844 808 122 809 121 809 844 809 844 810 121 810 120 810 844 811 120 811 845 811 845 812 120 812 846 812 120 813 119 813 846 813 846 814 119 814 118 814 846 815 118 815 847 815 847 816 118 816 848 816 118 817 117 817 848 817 848 818 117 818 115 818 848 819 115 819 849 819 849 820 115 820 113 820 849 821 113 821 850 821 850 822 113 822 129 822 850 823 129 823 851 823 851 824 129 824 128 824 851 825 128 825 852 825 852 826 128 826 853 826 853 827 128 827 127 827 853 828 127 828 854 828 854 829 127 829 124 829 854 830 124 830 855 830 855 831 124 831 123 831 855 832 123 832 856 832 856 833 123 833 134 833 856 834 134 834 857 834 857 835 134 835 133 835 857 836 133 836 858 836 858 837 133 837 131 837 858 838 131 838 859 838 859 839 131 839 130 839 859 840 130 840 860 840 860 841 130 841 470 841 860 842 470 842 861 842 861 843 470 843 469 843 861 844 469 844 862 844 469 845 468 845 862 845 862 846 468 846 464 846 862 847 464 847 863 847 863 848 464 848 466 848 863 849 466 849 864 849 864 850 466 850 467 850 864 851 467 851 865 851 865 852 467 852 462 852 865 853 462 853 866 853 866 854 462 854 460 854 866 855 460 855 867 855 460 856 459 856 867 856 867 857 459 857 458 857 867 858 458 858 868 858 868 859 458 859 457 859 868 860 457 860 869 860 869 861 457 861 456 861 869 862 456 862 870 862 870 863 456 863 453 863 870 864 453 864 871 864 871 865 453 865 452 865 871 866 452 866 872 866 452 867 451 867 872 867 872 868 451 868 450 868 872 869 450 869 873 869 873 870 450 870 449 870 873 871 449 871 874 871 874 872 449 872 448 872 874 873 448 873 875 873 875 874 448 874 447 874 875 875 447 875 876 875 876 876 447 876 877 876 877 877 447 877 445 877 877 878 445 878 815 878 878 879 879 879 880 879 881 880 882 880 883 880 884 881 882 881 885 881 886 882 887 882 888 882 889 883 890 883 891 883 892 884 893 884 894 884 895 885 896 885 897 885 898 886 899 886 900 886 901 887 902 887 903 887 736 888 696 888 904 888 714 889 713 889 905 889 668 890 670 890 906 890 671 891 907 891 908 891 671 892 664 892 907 892 907 893 664 893 663 893 907 894 663 894 661 894 668 895 906 895 681 895 689 896 683 896 909 896 909 897 683 897 682 897 691 898 690 898 910 898 911 899 712 899 692 899 718 900 912 900 719 900 719 901 912 901 913 901 719 902 913 902 675 902 694 903 693 903 914 903 914 904 693 904 915 904 914 905 915 905 916 905 917 906 738 906 737 906 918 907 919 907 920 907 921 908 922 908 923 908 923 909 922 909 924 909 925 910 926 910 921 910 927 911 928 911 929 911 929 912 928 912 930 912 929 913 930 913 931 913 931 914 930 914 932 914 931 915 932 915 933 915 933 916 932 916 934 916 933 917 934 917 935 917 935 918 934 918 936 918 935 919 936 919 937 919 937 920 936 920 938 920 937 921 938 921 939 921 939 922 938 922 926 922 940 923 941 923 927 923 927 924 941 924 942 924 927 925 942 925 928 925 908 926 943 926 940 926 940 927 943 927 944 927 940 928 944 928 941 928 661 929 630 929 907 929 907 930 630 930 945 930 907 931 945 931 908 931 908 932 945 932 946 932 908 933 946 933 943 933 921 934 923 934 925 934 925 935 923 935 947 935 925 936 947 936 926 936 926 937 947 937 948 937 926 938 948 938 939 938 918 939 920 939 949 939 949 940 920 940 950 940 949 941 950 941 951 941 952 942 953 942 954 942 954 943 953 943 955 943 954 944 955 944 956 944 956 945 955 945 957 945 956 946 957 946 958 946 959 947 960 947 961 947 961 948 960 948 962 948 961 949 962 949 963 949 963 950 962 950 964 950 963 951 964 951 965 951 966 952 967 952 968 952 968 953 967 953 969 953 968 954 969 954 970 954 970 955 969 955 971 955 970 956 971 956 959 956 966 957 968 957 958 957 958 958 968 958 972 958 958 959 972 959 956 959 973 960 974 960 975 960 976 961 961 961 977 961 977 962 961 962 963 962 977 963 963 963 903 963 903 964 963 964 965 964 903 965 965 965 901 965 896 966 898 966 897 966 897 967 898 967 900 967 897 968 900 968 978 968 959 969 961 969 970 969 970 970 961 970 976 970 970 971 976 971 968 971 968 972 976 972 978 972 968 973 978 973 972 973 972 974 978 974 900 974 972 975 900 975 956 975 956 976 900 976 899 976 956 977 899 977 954 977 949 978 979 978 918 978 918 979 979 979 980 979 918 980 980 980 981 980 981 981 980 981 982 981 981 982 982 982 983 982 983 983 982 983 984 983 983 984 984 984 985 984 973 985 986 985 987 985 987 986 986 986 988 986 987 987 988 987 989 987 989 988 988 988 990 988 989 989 990 989 991 989 973 990 975 990 986 990 986 991 975 991 992 991 986 992 992 992 988 992 988 993 992 993 993 993 988 994 993 994 990 994 994 995 995 995 996 995 996 996 995 996 997 996 996 997 997 997 998 997 998 998 997 998 999 998 998 999 999 999 1000 999 1001 1000 994 1000 1002 1000 1002 1001 994 1001 996 1001 1002 1002 996 1002 1003 1002 1003 1003 996 1003 998 1003 903 1004 1004 1004 977 1004 977 1005 1004 1005 1005 1005 977 1006 1005 1006 976 1006 976 1007 1005 1007 1000 1007 976 1008 1000 1008 978 1008 978 1009 1000 1009 999 1009 978 1010 999 1010 897 1010 897 1011 999 1011 997 1011 897 1012 997 1012 895 1012 895 1013 997 1013 995 1013 895 1014 995 1014 1006 1014 1006 1015 995 1015 994 1015 1006 1016 994 1016 1007 1016 1007 1017 994 1017 1001 1017 1007 1018 1001 1018 1008 1018 1009 1019 1010 1019 1011 1019 1011 1020 1012 1020 1013 1020 1013 1021 1012 1021 1014 1021 1015 1022 1016 1022 1017 1022 1017 1023 1016 1023 1018 1023 1017 1024 1018 1024 1019 1024 1011 1025 1013 1025 1009 1025 1009 1026 1013 1026 1020 1026 1009 1027 1020 1027 1021 1027 1021 1028 1020 1028 1022 1028 1021 1029 1022 1029 1023 1029 1019 1030 1018 1030 1024 1030 1024 1031 1018 1031 1025 1031 1024 1032 1025 1032 1026 1032 1026 1033 1025 1033 1027 1033 1026 1034 1027 1034 1028 1034 892 1035 894 1035 1029 1035 1029 1036 894 1036 1030 1036 1029 1037 1030 1037 1031 1037 891 1038 890 1038 1032 1038 1032 1039 890 1039 1033 1039 1032 1040 1033 1040 1034 1040 1034 1041 1033 1041 1035 1041 1034 1042 1035 1042 1036 1042 1036 1043 1035 1043 1037 1043 1036 1044 1037 1044 1038 1044 1038 1045 1037 1045 1039 1045 1038 1046 1039 1046 1040 1046 1040 1047 1039 1047 1041 1047 1040 1048 1041 1048 1042 1048 1042 1049 1041 1049 1043 1049 1042 1050 1043 1050 1044 1050 887 1051 1045 1051 888 1051 888 1052 1045 1052 889 1052 888 1053 889 1053 1046 1053 1046 1054 889 1054 891 1054 1047 1055 892 1055 1048 1055 1048 1056 892 1056 1029 1056 1048 1057 1029 1057 1049 1057 1049 1058 1029 1058 1031 1058 1049 1059 1031 1059 1050 1059 1050 1060 1031 1060 1030 1060 1050 1061 1030 1061 1051 1061 1051 1062 1030 1062 1052 1062 1051 1063 1052 1063 1053 1063 1054 1064 1055 1064 1056 1064 1056 1065 1055 1065 1057 1065 1047 1066 1058 1066 892 1066 892 1067 1058 1067 1023 1067 892 1068 1023 1068 893 1068 893 1069 1023 1069 1022 1069 885 1070 882 1070 1059 1070 1059 1071 882 1071 881 1071 1059 1072 881 1072 1060 1072 1061 1073 1062 1073 1063 1073 1063 1074 1062 1074 905 1074 676 1075 675 1075 1064 1075 1064 1076 675 1076 913 1076 1064 1077 913 1077 1065 1077 1065 1078 913 1078 912 1078 1066 1079 1067 1079 1068 1079 1068 1080 1067 1080 1069 1080 1068 1081 1069 1081 1070 1081 1070 1082 1069 1082 916 1082 737 1083 736 1083 1071 1083 1071 1084 736 1084 904 1084 1071 1085 904 1085 1072 1085 1072 1086 904 1086 1073 1086 1072 1087 1073 1087 1074 1087 1074 1088 1073 1088 1075 1088 1074 1089 1075 1089 1076 1089 1076 1090 1075 1090 1077 1090 1076 1091 1077 1091 1078 1091 1079 1092 1061 1092 1080 1092 1080 1093 1061 1093 1063 1093 1080 1094 1063 1094 1081 1094 1081 1095 1063 1095 905 1095 1081 1096 905 1096 911 1096 911 1097 905 1097 713 1097 911 1098 713 1098 712 1098 883 1099 882 1099 1082 1099 1082 1100 882 1100 884 1100 1082 1101 884 1101 1083 1101 1084 1102 1067 1102 1085 1102 1085 1103 1067 1103 1066 1103 1085 1104 1066 1104 1086 1104 737 1105 1071 1105 917 1105 917 1106 1071 1106 1072 1106 917 1107 1072 1107 1087 1107 1087 1108 1072 1108 1074 1108 1087 1109 1074 1109 1088 1109 1088 1110 1074 1110 1076 1110 1088 1111 1076 1111 1089 1111 1089 1112 1076 1112 1078 1112 1089 1113 1078 1113 1090 1113 1091 1114 1089 1114 1092 1114 1092 1115 1089 1115 1090 1115 1092 1116 1090 1116 1093 1116 916 1117 915 1117 1070 1117 1070 1118 915 1118 1094 1118 1070 1119 1094 1119 1068 1119 1068 1120 1094 1120 1095 1120 1068 1121 1095 1121 1066 1121 1066 1122 1095 1122 1096 1122 1066 1123 1096 1123 1086 1123 911 1124 1060 1124 1081 1124 1081 1125 1060 1125 881 1125 1081 1126 881 1126 1080 1126 1080 1127 881 1127 883 1127 1080 1128 883 1128 1079 1128 1079 1129 883 1129 1082 1129 1079 1130 1082 1130 1097 1130 1097 1131 1082 1131 1083 1131 1097 1132 1083 1132 1098 1132 1099 1133 1100 1133 1101 1133 1101 1134 1100 1134 1102 1134 879 1135 1101 1135 880 1135 880 1136 1101 1136 1102 1136 880 1137 1102 1137 1103 1137 1103 1138 1102 1138 1104 1138 1086 1139 1014 1139 1085 1139 1085 1140 1014 1140 1012 1140 1085 1141 1012 1141 1084 1141 1084 1142 1012 1142 1011 1142 1084 1143 1011 1143 1105 1143 1105 1144 1011 1144 1010 1144 1105 1145 1010 1145 1016 1145 1016 1146 1010 1146 1009 1146 1016 1147 1009 1147 1018 1147 1018 1148 1009 1148 1021 1148 1018 1149 1021 1149 1025 1149 1025 1150 1021 1150 1023 1150 1025 1151 1023 1151 1027 1151 1027 1152 1023 1152 1058 1152 1027 1153 1058 1153 1028 1153 714 1154 905 1154 718 1154 718 1155 905 1155 1062 1155 718 1156 1062 1156 912 1156 912 1157 1062 1157 1061 1157 912 1158 1061 1158 1065 1158 1065 1159 1061 1159 1079 1159 1065 1160 1079 1160 1106 1160 1106 1161 1079 1161 1097 1161 1106 1162 1097 1162 1107 1162 1107 1163 1097 1163 1098 1163 1107 1164 1098 1164 1108 1164 1077 1165 878 1165 1078 1165 1078 1166 878 1166 880 1166 1078 1167 880 1167 1090 1167 1090 1168 880 1168 1103 1168 1090 1169 1103 1169 1093 1169 1093 1170 1103 1170 1104 1170 1109 1171 1044 1171 1110 1171 1110 1172 1044 1172 1043 1172 1110 1173 1043 1173 1111 1173 1111 1174 1043 1174 1041 1174 1111 1175 1041 1175 1112 1175 1112 1176 1041 1176 1039 1176 1112 1177 1039 1177 1113 1177 1113 1178 1039 1178 1037 1178 1113 1179 1037 1179 1114 1179 1114 1180 1037 1180 1035 1180 1114 1181 1035 1181 1115 1181 1115 1182 1035 1182 1033 1182 1115 1183 1033 1183 1116 1183 1116 1184 1033 1184 890 1184 1116 1185 890 1185 1117 1185 1117 1186 890 1186 889 1186 1117 1187 889 1187 1118 1187 1118 1188 889 1188 1045 1188 1118 1189 1045 1189 1119 1189 739 1190 738 1190 1120 1190 1120 1191 738 1191 917 1191 1120 1192 917 1192 1121 1192 1121 1193 917 1193 1087 1193 1121 1194 1087 1194 1122 1194 1122 1195 1087 1195 1088 1195 1122 1196 1088 1196 1123 1196 1123 1197 1088 1197 1089 1197 1123 1198 1089 1198 1124 1198 1124 1199 1089 1199 1091 1199 1057 1200 886 1200 1056 1200 1056 1201 886 1201 888 1201 1056 1202 888 1202 1125 1202 1125 1203 888 1203 1046 1203 1125 1204 1046 1204 1126 1204 1126 1205 1046 1205 891 1205 1126 1206 891 1206 1127 1206 1127 1207 891 1207 1032 1207 1127 1208 1032 1208 1128 1208 1128 1209 1032 1209 1034 1209 1128 1210 1034 1210 1129 1210 1129 1211 1034 1211 1036 1211 1129 1212 1036 1212 1130 1212 1130 1213 1036 1213 1038 1213 1130 1214 1038 1214 1131 1214 1131 1215 1038 1215 1040 1215 1131 1216 1040 1216 1132 1216 1132 1217 1040 1217 1042 1217 1132 1218 1042 1218 1133 1218 1133 1219 1042 1219 1044 1219 1133 1220 1044 1220 1134 1220 1134 1221 1044 1221 1109 1221 1134 1222 1109 1222 1135 1222 979 1223 974 1223 980 1223 980 1224 974 1224 973 1224 980 1225 973 1225 982 1225 982 1226 973 1226 987 1226 982 1227 987 1227 984 1227 984 1228 987 1228 989 1228 984 1229 989 1229 985 1229 985 1230 989 1230 991 1230 985 1231 991 1231 1136 1231 1136 1232 991 1232 1137 1232 1136 1233 1137 1233 1138 1233 1138 1234 1137 1234 1139 1234 1138 1235 1139 1235 1140 1235 1140 1236 1139 1236 1141 1236 1140 1237 1141 1237 1142 1237 1142 1238 1141 1238 1143 1238 1142 1239 1143 1239 1144 1239 1144 1240 1143 1240 1145 1240 1144 1241 1145 1241 1146 1241 1146 1242 1145 1242 1147 1242 1146 1243 1147 1243 1148 1243 1148 1244 1147 1244 1149 1244 1148 1245 1149 1245 1150 1245 1150 1246 1149 1246 1151 1246 1150 1247 1151 1247 906 1247 906 1248 1151 1248 909 1248 906 1249 909 1249 681 1249 681 1250 909 1250 682 1250 670 1251 671 1251 906 1251 906 1252 671 1252 908 1252 906 1253 908 1253 1150 1253 1150 1254 908 1254 940 1254 1150 1255 940 1255 1148 1255 1148 1256 940 1256 927 1256 1148 1257 927 1257 1146 1257 1146 1258 927 1258 929 1258 1146 1259 929 1259 1144 1259 1144 1260 929 1260 931 1260 1144 1261 931 1261 1142 1261 1142 1262 931 1262 933 1262 1142 1263 933 1263 1140 1263 1140 1264 933 1264 935 1264 1140 1265 935 1265 1138 1265 1138 1266 935 1266 937 1266 1138 1267 937 1267 1136 1267 1136 1268 937 1268 939 1268 1136 1269 939 1269 985 1269 985 1270 939 1270 948 1270 985 1271 948 1271 983 1271 983 1272 948 1272 947 1272 983 1273 947 1273 981 1273 981 1274 947 1274 923 1274 981 1275 923 1275 918 1275 918 1276 923 1276 924 1276 918 1277 924 1277 919 1277 693 1278 676 1278 915 1278 915 1279 676 1279 1064 1279 915 1280 1064 1280 1094 1280 1094 1281 1064 1281 1065 1281 1094 1282 1065 1282 1095 1282 1095 1283 1065 1283 1106 1283 1095 1284 1106 1284 1096 1284 1096 1285 1106 1285 1107 1285 1096 1286 1107 1286 1086 1286 1086 1287 1107 1287 1108 1287 1086 1288 1108 1288 1014 1288 1014 1289 1108 1289 1152 1289 1014 1290 1152 1290 1013 1290 1013 1291 1152 1291 1153 1291 1013 1292 1153 1292 1020 1292 1020 1293 1153 1293 1154 1293 1020 1294 1154 1294 1022 1294 1022 1295 1154 1295 1155 1295 1022 1296 1155 1296 893 1296 893 1297 1155 1297 1156 1297 893 1298 1156 1298 894 1298 894 1299 1156 1299 1157 1299 894 1300 1157 1300 1030 1300 1030 1301 1157 1301 1158 1301 1030 1302 1158 1302 1052 1302 1052 1303 1158 1303 838 1303 1052 1304 838 1304 1053 1304 885 1305 1135 1305 884 1305 884 1306 1135 1306 1109 1306 884 1307 1109 1307 1083 1307 1083 1308 1109 1308 1110 1308 1083 1309 1110 1309 1098 1309 1098 1310 1110 1310 1111 1310 1098 1311 1111 1311 1108 1311 1108 1312 1111 1312 1112 1312 1108 1313 1112 1313 1152 1313 1152 1314 1112 1314 1113 1314 1152 1315 1113 1315 1153 1315 1153 1316 1113 1316 1114 1316 1153 1317 1114 1317 1154 1317 1154 1318 1114 1318 1115 1318 1154 1319 1115 1319 1155 1319 1155 1320 1115 1320 1116 1320 1155 1321 1116 1321 1156 1321 1156 1322 1116 1322 1117 1322 1156 1323 1117 1323 1157 1323 1157 1324 1117 1324 1118 1324 1157 1325 1118 1325 1158 1325 1158 1326 1118 1326 1119 1326 1158 1327 1119 1327 838 1327 1005 1328 1054 1328 1000 1328 1000 1329 1054 1329 1056 1329 1000 1330 1056 1330 998 1330 998 1331 1056 1331 1125 1331 998 1332 1125 1332 1003 1332 1003 1333 1125 1333 1126 1333 1003 1334 1126 1334 1002 1334 1002 1335 1126 1335 1127 1335 1002 1336 1127 1336 1001 1336 1001 1337 1127 1337 1128 1337 1001 1338 1128 1338 1008 1338 1008 1339 1128 1339 1129 1339 1008 1340 1129 1340 1159 1340 1159 1341 1129 1341 1130 1341 1159 1342 1130 1342 1160 1342 1160 1343 1130 1343 1131 1343 1160 1344 1131 1344 1161 1344 1161 1345 1131 1345 1132 1345 1161 1346 1132 1346 1162 1346 1162 1347 1132 1347 1133 1347 1162 1348 1133 1348 1163 1348 1163 1349 1133 1349 1134 1349 1163 1350 1134 1350 1164 1350 1164 1351 1134 1351 1135 1351 1164 1352 1135 1352 1165 1352 1165 1353 1135 1353 885 1353 1165 1354 885 1354 1166 1354 1166 1355 885 1355 1059 1355 1166 1356 1059 1356 1167 1356 1167 1357 1059 1357 1060 1357 1167 1358 1060 1358 910 1358 910 1359 1060 1359 911 1359 910 1360 911 1360 691 1360 691 1361 911 1361 692 1361 696 1362 694 1362 904 1362 904 1363 694 1363 914 1363 904 1364 914 1364 1073 1364 1073 1365 914 1365 916 1365 1073 1366 916 1366 1075 1366 1075 1367 916 1367 1069 1367 1075 1368 1069 1368 1077 1368 1077 1369 1069 1369 1067 1369 1077 1370 1067 1370 878 1370 878 1371 1067 1371 1084 1371 878 1372 1084 1372 879 1372 879 1373 1084 1373 1105 1373 879 1374 1105 1374 1101 1374 1101 1375 1105 1375 1016 1375 1101 1376 1016 1376 1099 1376 1099 1377 1016 1377 1015 1377 690 1378 689 1378 910 1378 910 1379 689 1379 909 1379 910 1380 909 1380 1167 1380 1167 1381 909 1381 1151 1381 1167 1382 1151 1382 1166 1382 1166 1383 1151 1383 1149 1383 1166 1384 1149 1384 1165 1384 1165 1385 1149 1385 1147 1385 1165 1386 1147 1386 1164 1386 1164 1387 1147 1387 1145 1387 1164 1388 1145 1388 1163 1388 1163 1389 1145 1389 1143 1389 1163 1390 1143 1390 1162 1390 1162 1391 1143 1391 1141 1391 1162 1392 1141 1392 1161 1392 1161 1393 1141 1393 1139 1393 1161 1394 1139 1394 1160 1394 1160 1395 1139 1395 1137 1395 1160 1396 1137 1396 1159 1396 1159 1397 1137 1397 991 1397 1159 1398 991 1398 1008 1398 1008 1399 991 1399 990 1399 1008 1400 990 1400 1007 1400 1007 1401 990 1401 993 1401 1007 1402 993 1402 1006 1402 1006 1403 993 1403 992 1403 1006 1404 992 1404 895 1404 895 1405 992 1405 975 1405 895 1406 975 1406 896 1406 896 1407 975 1407 974 1407 896 1408 974 1408 898 1408 898 1409 974 1409 979 1409 898 1410 979 1410 899 1410 899 1411 979 1411 949 1411 899 1412 949 1412 954 1412 954 1413 949 1413 951 1413 954 1414 951 1414 952 1414 1168 1415 1169 1415 643 1415 643 1416 1169 1416 644 1416 630 1417 629 1417 1170 1417 1171 1418 946 1418 1170 1418 1170 1419 946 1419 945 1419 1170 1420 945 1420 630 1420 922 1421 921 1421 1172 1421 1172 1422 921 1422 926 1422 1172 1423 926 1423 1173 1423 1173 1424 926 1424 938 1424 1173 1425 938 1425 1174 1425 1174 1426 938 1426 936 1426 1174 1427 936 1427 1175 1427 1175 1428 936 1428 934 1428 1175 1429 934 1429 1176 1429 1176 1430 934 1430 932 1430 1176 1431 932 1431 1177 1431 1177 1432 932 1432 930 1432 1177 1433 930 1433 1178 1433 1178 1434 930 1434 928 1434 1178 1435 928 1435 1179 1435 1179 1436 928 1436 942 1436 1179 1437 942 1437 1180 1437 1180 1438 942 1438 941 1438 1180 1439 941 1439 1181 1439 1181 1440 941 1440 944 1440 1181 1441 944 1441 1171 1441 1171 1442 944 1442 943 1442 1171 1443 943 1443 946 1443 1182 1444 1183 1444 1184 1444 1184 1445 1183 1445 1185 1445 1184 1446 1185 1446 1186 1446 1186 1447 1185 1447 1187 1447 1186 1448 1187 1448 1188 1448 1182 1449 1184 1449 1189 1449 1189 1450 1184 1450 1190 1450 1189 1451 1190 1451 1191 1451 1192 1452 1193 1452 1190 1452 1190 1453 1193 1453 1194 1453 1190 1454 1194 1454 1191 1454 1195 1455 1196 1455 1197 1455 1197 1456 1196 1456 1198 1456 1197 1457 1198 1457 1199 1457 1199 1458 1198 1458 1200 1458 1199 1459 1200 1459 1192 1459 1192 1460 1200 1460 1201 1460 1192 1461 1201 1461 1193 1461 1202 1462 1203 1462 1204 1462 1204 1463 1203 1463 1205 1463 1204 1464 1205 1464 1206 1464 1207 1465 1208 1465 1209 1465 1209 1466 1208 1466 1210 1466 1209 1467 1210 1467 1202 1467 1202 1468 1210 1468 1211 1468 1202 1469 1211 1469 1203 1469 643 1470 641 1470 1168 1470 1168 1471 641 1471 1212 1471 1168 1472 1212 1472 1213 1472 1213 1473 1212 1473 1214 1473 1213 1474 1214 1474 1215 1474 1215 1475 1214 1475 1216 1475 1215 1476 1216 1476 1217 1476 1217 1477 1216 1477 1218 1477 1217 1478 1218 1478 1219 1478 1219 1479 1218 1479 1220 1479 1219 1480 1220 1480 1207 1480 1207 1481 1220 1481 1221 1481 1207 1482 1221 1482 1208 1482 1222 1483 1223 1483 1224 1483 1224 1484 1223 1484 1225 1484 1224 1485 1225 1485 1226 1485 1226 1486 1225 1486 1227 1486 1225 1487 1228 1487 1227 1487 1227 1488 1228 1488 1229 1488 1227 1489 1229 1489 1230 1489 1230 1490 1229 1490 1231 1490 1229 1491 1232 1491 1231 1491 1231 1492 1232 1492 1233 1492 1231 1493 1233 1493 1234 1493 1235 1494 1236 1494 1237 1494 1237 1495 1238 1495 1235 1495 1235 1496 1238 1496 1239 1496 1235 1497 1239 1497 1240 1497 1240 1498 1239 1498 1241 1498 1240 1499 1241 1499 1242 1499 1243 1500 1244 1500 1245 1500 1246 1501 1247 1501 1245 1501 1245 1502 1247 1502 1248 1502 1245 1503 1248 1503 1243 1503 1235 1504 1249 1504 1236 1504 1236 1505 1249 1505 1245 1505 1236 1506 1245 1506 1250 1506 1250 1507 1245 1507 1244 1507 1251 1508 1252 1508 1246 1508 1246 1509 1252 1509 1253 1509 1246 1510 1253 1510 1247 1510 1254 1511 1255 1511 1256 1511 1256 1512 1255 1512 1257 1512 1256 1513 1257 1513 1246 1513 1246 1514 1257 1514 1258 1514 1246 1515 1258 1515 1251 1515 1259 1516 1260 1516 1254 1516 1254 1517 1260 1517 1261 1517 1254 1518 1261 1518 1255 1518 1262 1519 1263 1519 1264 1519 1264 1520 1263 1520 1265 1520 1264 1521 1265 1521 1266 1521 1267 1522 1268 1522 1269 1522 1269 1523 1268 1523 1270 1523 1269 1524 1270 1524 1271 1524 1271 1525 1270 1525 1266 1525 1271 1526 1266 1526 1272 1526 1272 1527 1266 1527 1265 1527 1273 1528 1274 1528 1275 1528 1274 1529 1276 1529 1275 1529 1275 1530 1276 1530 1277 1530 1275 1531 1277 1531 1267 1531 1267 1532 1277 1532 1278 1532 1267 1533 1278 1533 1268 1533 1279 1534 1280 1534 1281 1534 1280 1535 1282 1535 1281 1535 1281 1536 1282 1536 1283 1536 1281 1537 1283 1537 1284 1537 1284 1538 1285 1538 1281 1538 1281 1539 1285 1539 1286 1539 1281 1540 1286 1540 1275 1540 1275 1541 1286 1541 1287 1541 1275 1542 1287 1542 1273 1542 1288 1543 1289 1543 1290 1543 1289 1544 1291 1544 1290 1544 1290 1545 1291 1545 1292 1545 1290 1546 1292 1546 1293 1546 1293 1547 1292 1547 1294 1547 1295 1548 1296 1548 1297 1548 1297 1549 1296 1549 1298 1549 1297 1550 1298 1550 1294 1550 1294 1551 1298 1551 1299 1551 1294 1552 1299 1552 1293 1552 1297 1553 1300 1553 1295 1553 1295 1554 1300 1554 1301 1554 1295 1555 1301 1555 1302 1555 1301 1556 1303 1556 1302 1556 1302 1557 1303 1557 1304 1557 1302 1558 1304 1558 1305 1558 1306 1559 1196 1559 1307 1559 1307 1560 1196 1560 1195 1560 1307 1561 1195 1561 1308 1561 1308 1562 1195 1562 1309 1562 1308 1563 1309 1563 1304 1563 1304 1564 1309 1564 1310 1564 1304 1565 1310 1565 1305 1565 1311 1566 1312 1566 1195 1566 1312 1567 1313 1567 1195 1567 1195 1568 1313 1568 1314 1568 1195 1569 1314 1569 1309 1569 1311 1570 1195 1570 1315 1570 1315 1571 1195 1571 1197 1571 1315 1572 1197 1572 1316 1572 1316 1573 1197 1573 1199 1573 1316 1574 1199 1574 1317 1574 1317 1575 1199 1575 1318 1575 1318 1576 1199 1576 1192 1576 1318 1577 1192 1577 1319 1577 1222 1578 1320 1578 1223 1578 1223 1579 1320 1579 1321 1579 1223 1580 1321 1580 1322 1580 1322 1581 1321 1581 1323 1581 1322 1582 1323 1582 1324 1582 1170 1583 1249 1583 1171 1583 1171 1584 1249 1584 1235 1584 1171 1585 1235 1585 1181 1585 1181 1586 1235 1586 1240 1586 1181 1587 1240 1587 1180 1587 1180 1588 1240 1588 1325 1588 1180 1589 1325 1589 1179 1589 1179 1590 1325 1590 1326 1590 1179 1591 1326 1591 1178 1591 1178 1592 1326 1592 1327 1592 1178 1593 1327 1593 1177 1593 1209 1594 1259 1594 1207 1594 1207 1595 1259 1595 1254 1595 1207 1596 1254 1596 1219 1596 1219 1597 1254 1597 1256 1597 1219 1598 1256 1598 1217 1598 1217 1599 1256 1599 1246 1599 1217 1600 1246 1600 1215 1600 1215 1601 1246 1601 1245 1601 1215 1602 1245 1602 1213 1602 1213 1603 1245 1603 1249 1603 1213 1604 1249 1604 1168 1604 1168 1605 1249 1605 1170 1605 1168 1606 1170 1606 1169 1606 1169 1607 1170 1607 629 1607 1169 1608 629 1608 644 1608 1328 1609 1329 1609 1330 1609 1330 1610 1329 1610 1281 1610 1330 1611 1281 1611 1331 1611 1331 1612 1281 1612 1275 1612 1331 1613 1275 1613 1332 1613 1332 1614 1275 1614 1267 1614 1332 1615 1267 1615 1333 1615 1333 1616 1267 1616 1269 1616 1333 1617 1269 1617 1206 1617 1206 1618 1269 1618 1271 1618 1206 1619 1271 1619 1204 1619 1204 1620 1271 1620 1272 1620 1204 1621 1272 1621 1202 1621 1202 1622 1272 1622 1265 1622 1202 1623 1265 1623 1209 1623 1209 1624 1265 1624 1263 1624 1209 1625 1263 1625 1259 1625 1259 1626 1263 1626 1262 1626 1259 1627 1262 1627 1260 1627 1329 1628 1334 1628 1281 1628 1281 1629 1334 1629 1335 1629 1281 1630 1335 1630 1279 1630 1279 1631 1335 1631 1336 1631 1279 1632 1336 1632 1337 1632 1337 1633 1336 1633 1338 1633 1337 1634 1338 1634 1339 1634 1339 1635 1338 1635 1340 1635 1334 1636 1341 1636 1335 1636 1335 1637 1341 1637 1342 1637 1335 1638 1342 1638 1336 1638 1336 1639 1342 1639 1288 1639 1336 1640 1288 1640 1338 1640 1338 1641 1288 1641 1290 1641 1338 1642 1290 1642 1340 1642 1319 1643 1192 1643 1324 1643 1324 1644 1192 1644 1190 1644 1324 1645 1190 1645 1322 1645 1322 1646 1190 1646 1184 1646 1322 1647 1184 1647 1223 1647 1223 1648 1184 1648 1186 1648 1223 1649 1186 1649 1225 1649 924 1650 922 1650 1188 1650 1188 1651 922 1651 1172 1651 1188 1652 1172 1652 1186 1652 1186 1653 1172 1653 1173 1653 1186 1654 1173 1654 1225 1654 1225 1655 1173 1655 1174 1655 1225 1656 1174 1656 1228 1656 1228 1657 1174 1657 1175 1657 1228 1658 1175 1658 1229 1658 1229 1659 1175 1659 1176 1659 1229 1660 1176 1660 1232 1660 1232 1661 1176 1661 1177 1661 1232 1662 1177 1662 1233 1662 1233 1663 1177 1663 1327 1663 1233 1664 1327 1664 1234 1664 1234 1665 1327 1665 1326 1665 1234 1666 1326 1666 1343 1666 1343 1667 1326 1667 1325 1667 1343 1668 1325 1668 1344 1668 1344 1669 1325 1669 1240 1669 1344 1670 1240 1670 1345 1670 1345 1671 1240 1671 1242 1671 1346 1672 1328 1672 1347 1672 1347 1673 1328 1673 1330 1673 1347 1674 1330 1674 1348 1674 1348 1675 1330 1675 1331 1675 1348 1676 1331 1676 1349 1676 1349 1677 1331 1677 1332 1677 1349 1678 1332 1678 1350 1678 1350 1679 1332 1679 1333 1679 1350 1680 1333 1680 1351 1680 1351 1681 1333 1681 1206 1681 1351 1682 1206 1682 1352 1682 1352 1683 1206 1683 1205 1683 1353 1684 1354 1684 1355 1684 1356 1685 1357 1685 1358 1685 1359 1686 1360 1686 1361 1686 1047 1687 1048 1687 1362 1687 841 1688 842 1688 1363 1688 849 1689 850 1689 1364 1689 871 1690 872 1690 1365 1690 761 1691 744 1691 1366 1691 740 1692 739 1692 1120 1692 753 1693 734 1693 1367 1693 1367 1694 734 1694 733 1694 1367 1695 733 1695 1368 1695 1369 1696 765 1696 1370 1696 1370 1697 765 1697 764 1697 1370 1698 764 1698 1371 1698 1371 1699 764 1699 763 1699 1371 1700 763 1700 1372 1700 1372 1701 763 1701 755 1701 1372 1702 755 1702 1373 1702 1374 1703 769 1703 1369 1703 1369 1704 769 1704 768 1704 1369 1705 768 1705 765 1705 1375 1706 1376 1706 1377 1706 1377 1707 1376 1707 759 1707 1377 1708 759 1708 758 1708 760 1709 1378 1709 766 1709 766 1710 1378 1710 1379 1710 766 1711 1379 1711 767 1711 767 1712 1379 1712 1380 1712 767 1713 1380 1713 741 1713 1381 1714 771 1714 1382 1714 1382 1715 771 1715 770 1715 1382 1716 770 1716 757 1716 1381 1717 1383 1717 1384 1717 1381 1718 1384 1718 771 1718 771 1719 1384 1719 1385 1719 771 1720 1385 1720 772 1720 1386 1721 1387 1721 1388 1721 1388 1722 1387 1722 1389 1722 1388 1723 1389 1723 1390 1723 1391 1724 1392 1724 1393 1724 1394 1725 1395 1725 1396 1725 1396 1726 1395 1726 1397 1726 1396 1727 1397 1727 1398 1727 1399 1728 1400 1728 1397 1728 1397 1729 1400 1729 1401 1729 1397 1730 1401 1730 1398 1730 874 1731 875 1731 1399 1731 1399 1732 875 1732 876 1732 1399 1733 876 1733 1400 1733 1400 1734 876 1734 877 1734 1400 1735 877 1735 815 1735 871 1736 1365 1736 870 1736 868 1737 869 1737 1402 1737 866 1738 867 1738 1403 1738 1403 1739 867 1739 868 1739 865 1740 1404 1740 864 1740 864 1741 1404 1741 1405 1741 864 1742 1405 1742 863 1742 863 1743 1405 1743 1406 1743 863 1744 1406 1744 862 1744 858 1745 859 1745 1407 1745 1407 1746 859 1746 860 1746 1407 1747 860 1747 1406 1747 1406 1748 860 1748 861 1748 1406 1749 861 1749 862 1749 854 1750 855 1750 1408 1750 1408 1751 855 1751 856 1751 1408 1752 856 1752 857 1752 1364 1753 850 1753 1409 1753 1409 1754 850 1754 851 1754 1409 1755 851 1755 1410 1755 1410 1756 851 1756 852 1756 1410 1757 852 1757 853 1757 842 1758 843 1758 1363 1758 1363 1759 843 1759 844 1759 1363 1760 844 1760 1411 1760 1411 1761 844 1761 845 1761 1411 1762 845 1762 1412 1762 839 1763 840 1763 1413 1763 1413 1764 840 1764 841 1764 838 1765 839 1765 1053 1765 1053 1766 839 1766 1413 1766 1053 1767 1413 1767 1051 1767 1051 1768 1413 1768 1050 1768 1047 1769 1362 1769 1058 1769 1024 1770 1026 1770 1414 1770 1017 1771 1019 1771 1415 1771 1099 1772 1015 1772 1416 1772 1099 1773 1417 1773 1100 1773 1100 1774 1417 1774 1102 1774 1418 1775 1093 1775 1417 1775 1417 1776 1093 1776 1104 1776 1417 1777 1104 1777 1102 1777 740 1778 1120 1778 1419 1778 1419 1779 1120 1779 1121 1779 1419 1780 1121 1780 1122 1780 1123 1781 1124 1781 1420 1781 1420 1782 1124 1782 1091 1782 1420 1783 1091 1783 1418 1783 1418 1784 1091 1784 1092 1784 1418 1785 1092 1785 1093 1785 1421 1786 1422 1786 1423 1786 1423 1787 1422 1787 1424 1787 1423 1788 1424 1788 1425 1788 1426 1789 1421 1789 1427 1789 1427 1790 1421 1790 1423 1790 1427 1791 1423 1791 1428 1791 1428 1792 1423 1792 1425 1792 1428 1793 1425 1793 1429 1793 1395 1794 1430 1794 1397 1794 1397 1795 1430 1795 1431 1795 1397 1796 1431 1796 1399 1796 1399 1797 1431 1797 873 1797 1399 1798 873 1798 874 1798 872 1799 873 1799 1365 1799 1365 1800 873 1800 1431 1800 1365 1801 1431 1801 1432 1801 1432 1802 1431 1802 1430 1802 1432 1803 1430 1803 1433 1803 1433 1804 1430 1804 1395 1804 1433 1805 1395 1805 1434 1805 1434 1806 1395 1806 1394 1806 1434 1807 1394 1807 1435 1807 1436 1808 1426 1808 1437 1808 1437 1809 1426 1809 1427 1809 1437 1810 1427 1810 1438 1810 1438 1811 1427 1811 1428 1811 1438 1812 1428 1812 1439 1812 1439 1813 1428 1813 1429 1813 1439 1814 1429 1814 1440 1814 1361 1815 1441 1815 1440 1815 869 1816 870 1816 1402 1816 1402 1817 870 1817 1365 1817 1402 1818 1365 1818 1442 1818 1442 1819 1365 1819 1432 1819 1442 1820 1432 1820 1443 1820 1443 1821 1432 1821 1433 1821 1443 1822 1433 1822 1444 1822 1444 1823 1433 1823 1434 1823 1444 1824 1434 1824 1391 1824 1391 1825 1434 1825 1435 1825 1391 1826 1435 1826 1392 1826 1445 1827 1356 1827 1446 1827 1447 1828 1445 1828 1448 1828 1447 1829 1449 1829 1375 1829 1375 1830 1449 1830 1450 1830 1375 1831 1450 1831 1376 1831 1376 1832 1450 1832 1378 1832 1376 1833 1378 1833 759 1833 759 1834 1378 1834 760 1834 1378 1835 1451 1835 1379 1835 1379 1836 1451 1836 1452 1836 1379 1837 1452 1837 1380 1837 1380 1838 1452 1838 1453 1838 1380 1839 1453 1839 741 1839 741 1840 1453 1840 742 1840 1454 1841 1455 1841 1456 1841 1456 1842 1455 1842 1386 1842 1456 1843 1386 1843 1457 1843 1457 1844 1386 1844 1388 1844 1457 1845 1388 1845 1458 1845 1458 1846 1388 1846 1390 1846 1458 1847 1390 1847 1459 1847 1460 1848 1454 1848 1461 1848 1461 1849 1454 1849 1456 1849 1461 1850 1456 1850 1462 1850 1462 1851 1456 1851 1457 1851 1462 1852 1457 1852 1463 1852 1463 1853 1457 1853 1458 1853 1463 1854 1458 1854 1464 1854 1464 1855 1458 1855 1459 1855 1464 1856 1459 1856 1465 1856 1466 1857 1460 1857 1467 1857 1467 1858 1460 1858 1461 1858 1467 1859 1461 1859 1468 1859 1468 1860 1461 1860 1462 1860 1468 1861 1462 1861 1469 1861 1469 1862 1462 1862 1463 1862 1469 1863 1463 1863 1470 1863 1470 1864 1463 1864 1464 1864 1470 1865 1464 1865 1471 1865 1471 1866 1464 1866 1465 1866 1471 1867 1465 1867 1381 1867 1381 1868 1465 1868 1472 1868 1381 1869 1472 1869 1383 1869 762 1870 761 1870 1473 1870 1473 1871 761 1871 1366 1871 1473 1872 1366 1872 1474 1872 1474 1873 1366 1873 1475 1873 1474 1874 1475 1874 1476 1874 1476 1875 1475 1875 1477 1875 1476 1876 1477 1876 1478 1876 1478 1877 1477 1877 1479 1877 1478 1878 1479 1878 1480 1878 1480 1879 1479 1879 1481 1879 1480 1880 1481 1880 1482 1880 1449 1881 1482 1881 1450 1881 1450 1882 1482 1882 1481 1882 1450 1883 1481 1883 1378 1883 1378 1884 1481 1884 1479 1884 1378 1885 1479 1885 1451 1885 1451 1886 1479 1886 1477 1886 1451 1887 1477 1887 1452 1887 1452 1888 1477 1888 1475 1888 1452 1889 1475 1889 1453 1889 1453 1890 1475 1890 1366 1890 1453 1891 1366 1891 742 1891 742 1892 1366 1892 744 1892 1447 1893 1448 1893 1449 1893 1449 1894 1448 1894 1483 1894 1449 1895 1483 1895 1482 1895 1482 1896 1483 1896 1484 1896 1482 1897 1484 1897 1480 1897 1480 1898 1484 1898 1485 1898 1480 1899 1485 1899 1478 1899 1478 1900 1485 1900 1486 1900 1478 1901 1486 1901 1476 1901 1476 1902 1486 1902 1487 1902 1476 1903 1487 1903 1474 1903 1474 1904 1487 1904 1488 1904 1474 1905 1488 1905 1473 1905 1473 1906 1488 1906 1354 1906 1473 1907 1354 1907 762 1907 762 1908 1354 1908 1353 1908 762 1909 1353 1909 756 1909 1356 1910 1358 1910 1446 1910 1446 1911 1358 1911 1489 1911 1446 1912 1489 1912 1490 1912 1490 1913 1489 1913 1491 1913 1490 1914 1491 1914 1492 1914 1492 1915 1491 1915 1493 1915 1492 1916 1493 1916 1494 1916 1494 1917 1493 1917 1495 1917 1494 1918 1495 1918 1496 1918 1496 1919 1495 1919 1497 1919 1496 1920 1497 1920 1498 1920 1498 1921 1497 1921 1499 1921 1498 1922 1499 1922 1500 1922 1500 1923 1499 1923 1501 1923 1500 1924 1501 1924 1502 1924 1502 1925 1501 1925 1503 1925 1502 1926 1503 1926 1504 1926 1445 1927 1446 1927 1448 1927 1448 1928 1446 1928 1490 1928 1448 1929 1490 1929 1483 1929 1483 1930 1490 1930 1492 1930 1483 1931 1492 1931 1484 1931 1484 1932 1492 1932 1494 1932 1484 1933 1494 1933 1485 1933 1485 1934 1494 1934 1496 1934 1485 1935 1496 1935 1486 1935 1486 1936 1496 1936 1498 1936 1486 1937 1498 1937 1487 1937 1487 1938 1498 1938 1500 1938 1487 1939 1500 1939 1488 1939 1488 1940 1500 1940 1502 1940 1488 1941 1502 1941 1354 1941 1354 1942 1502 1942 1504 1942 1354 1943 1504 1943 1355 1943 1493 1944 1466 1944 1495 1944 1495 1945 1466 1945 1467 1945 1495 1946 1467 1946 1497 1946 1497 1947 1467 1947 1468 1947 1497 1948 1468 1948 1499 1948 1499 1949 1468 1949 1469 1949 1499 1950 1469 1950 1501 1950 1501 1951 1469 1951 1470 1951 1501 1952 1470 1952 1503 1952 1503 1953 1470 1953 1471 1953 1503 1954 1471 1954 1504 1954 1504 1955 1471 1955 1381 1955 1504 1956 1381 1956 1355 1956 1355 1957 1381 1957 1382 1957 1355 1958 1382 1958 1353 1958 1353 1959 1382 1959 757 1959 1353 1960 757 1960 756 1960 1505 1961 1506 1961 1507 1961 1507 1962 1506 1962 1508 1962 1507 1963 1508 1963 1509 1963 1509 1964 1508 1964 1510 1964 1509 1965 1510 1965 1511 1965 1511 1966 1510 1966 1512 1966 1511 1967 1512 1967 1513 1967 1513 1968 1512 1968 1514 1968 1416 1969 1515 1969 1099 1969 1099 1970 1515 1970 1516 1970 1099 1971 1516 1971 1417 1971 1417 1972 1516 1972 1517 1972 1417 1973 1517 1973 1418 1973 1418 1974 1517 1974 1518 1974 1418 1975 1518 1975 1420 1975 1519 1976 1520 1976 1521 1976 1521 1977 1520 1977 1522 1977 1521 1978 1522 1978 1523 1978 1523 1979 1522 1979 1524 1979 1523 1980 1524 1980 1525 1980 1525 1981 1524 1981 1526 1981 1525 1982 1526 1982 1527 1982 1527 1983 1526 1983 1528 1983 1506 1984 1519 1984 1508 1984 1508 1985 1519 1985 1521 1985 1508 1986 1521 1986 1510 1986 1510 1987 1521 1987 1523 1987 1510 1988 1523 1988 1512 1988 1512 1989 1523 1989 1525 1989 1512 1990 1525 1990 1514 1990 1514 1991 1525 1991 1527 1991 1520 1992 1529 1992 1522 1992 1522 1993 1529 1993 1530 1993 1522 1994 1530 1994 1524 1994 1524 1995 1530 1995 1531 1995 1524 1996 1531 1996 1526 1996 1526 1997 1531 1997 1532 1997 1526 1998 1532 1998 1528 1998 1528 1999 1532 1999 1533 1999 755 2000 754 2000 1373 2000 1373 2001 754 2001 753 2001 1373 2002 753 2002 1534 2002 1534 2003 753 2003 1367 2003 1534 2004 1367 2004 1535 2004 1535 2005 1367 2005 1368 2005 1536 2006 1374 2006 1537 2006 1537 2007 1374 2007 1369 2007 1537 2008 1369 2008 1538 2008 1538 2009 1369 2009 1370 2009 1538 2010 1370 2010 1539 2010 1539 2011 1370 2011 1371 2011 1539 2012 1371 2012 1540 2012 1540 2013 1371 2013 1372 2013 1540 2014 1372 2014 1541 2014 1541 2015 1372 2015 1373 2015 1541 2016 1373 2016 1542 2016 1542 2017 1373 2017 1534 2017 1542 2018 1534 2018 1543 2018 1543 2019 1534 2019 1535 2019 1543 2020 1535 2020 1544 2020 1544 2021 1535 2021 1368 2021 1545 2022 1387 2022 1546 2022 1546 2023 1387 2023 1386 2023 1546 2024 1386 2024 1547 2024 1547 2025 1386 2025 1455 2025 1547 2026 1455 2026 1548 2026 1548 2027 1455 2027 1454 2027 1548 2028 1454 2028 1549 2028 1549 2029 1454 2029 1460 2029 1549 2030 1460 2030 1550 2030 1550 2031 1460 2031 1466 2031 1550 2032 1466 2032 1551 2032 1551 2033 1466 2033 1493 2033 1551 2034 1493 2034 1552 2034 1552 2035 1493 2035 1491 2035 1552 2036 1491 2036 1553 2036 1553 2037 1491 2037 1489 2037 1553 2038 1489 2038 1554 2038 1554 2039 1489 2039 1358 2039 1554 2040 1358 2040 1555 2040 1555 2041 1358 2041 1357 2041 1555 2042 1357 2042 1556 2042 1556 2043 1357 2043 1356 2043 1556 2044 1356 2044 1557 2044 1557 2045 1356 2045 1445 2045 1557 2046 1445 2046 1558 2046 1558 2047 1445 2047 1447 2047 1558 2048 1447 2048 1559 2048 1559 2049 1447 2049 1375 2049 1559 2050 1375 2050 1536 2050 1536 2051 1375 2051 1377 2051 1536 2052 1377 2052 1374 2052 1374 2053 1377 2053 758 2053 1374 2054 758 2054 769 2054 841 2055 1363 2055 1413 2055 1413 2056 1363 2056 1560 2056 1413 2057 1560 2057 1050 2057 1049 2058 1050 2058 1561 2058 1561 2059 1050 2059 1560 2059 1561 2060 1560 2060 1562 2060 1562 2061 1560 2061 1363 2061 1562 2062 1363 2062 1563 2062 1563 2063 1363 2063 1411 2063 1563 2064 1411 2064 1564 2064 1564 2065 1411 2065 1412 2065 1564 2066 1412 2066 1565 2066 1048 2067 1049 2067 1362 2067 1362 2068 1049 2068 1561 2068 1362 2069 1561 2069 1566 2069 1566 2070 1561 2070 1562 2070 1566 2071 1562 2071 1567 2071 1567 2072 1562 2072 1563 2072 1567 2073 1563 2073 1568 2073 1568 2074 1563 2074 1564 2074 1568 2075 1564 2075 1569 2075 1569 2076 1564 2076 1565 2076 1569 2077 1565 2077 1570 2077 1414 2078 1571 2078 1572 2078 1572 2079 1571 2079 1573 2079 1572 2080 1573 2080 1574 2080 1574 2081 1573 2081 1575 2081 1574 2082 1575 2082 1576 2082 1576 2083 1575 2083 1577 2083 1576 2084 1577 2084 1578 2084 1578 2085 1577 2085 1579 2085 1578 2086 1579 2086 1580 2086 1580 2087 1579 2087 1581 2087 1580 2088 1581 2088 1582 2088 847 2089 848 2089 1583 2089 1583 2090 848 2090 1584 2090 1583 2091 1584 2091 1585 2091 1585 2092 1584 2092 1586 2092 1585 2093 1586 2093 1587 2093 1587 2094 1586 2094 1588 2094 846 2095 847 2095 1589 2095 1589 2096 847 2096 1583 2096 1589 2097 1583 2097 1590 2097 1590 2098 1583 2098 1585 2098 1590 2099 1585 2099 1591 2099 1591 2100 1585 2100 1587 2100 1026 2101 1028 2101 1414 2101 1414 2102 1028 2102 1058 2102 1414 2103 1058 2103 1571 2103 1571 2104 1058 2104 1362 2104 1571 2105 1362 2105 1573 2105 1573 2106 1362 2106 1566 2106 1573 2107 1566 2107 1575 2107 1575 2108 1566 2108 1567 2108 1575 2109 1567 2109 1577 2109 1577 2110 1567 2110 1568 2110 1577 2111 1568 2111 1579 2111 1579 2112 1568 2112 1569 2112 1579 2113 1569 2113 1581 2113 1581 2114 1569 2114 1570 2114 1581 2115 1570 2115 1582 2115 848 2116 849 2116 1584 2116 1584 2117 849 2117 1364 2117 1584 2118 1364 2118 1586 2118 1586 2119 1364 2119 1409 2119 1586 2120 1409 2120 1588 2120 1588 2121 1409 2121 1410 2121 1588 2122 1410 2122 1408 2122 1408 2123 1410 2123 853 2123 1408 2124 853 2124 854 2124 845 2125 846 2125 1412 2125 1412 2126 846 2126 1589 2126 1412 2127 1589 2127 1565 2127 1565 2128 1589 2128 1590 2128 1565 2129 1590 2129 1570 2129 1570 2130 1590 2130 1591 2130 1570 2131 1591 2131 1582 2131 1582 2132 1591 2132 1587 2132 1582 2133 1587 2133 1592 2133 1592 2134 1587 2134 1588 2134 1592 2135 1588 2135 1593 2135 1593 2136 1588 2136 1408 2136 1593 2137 1408 2137 1407 2137 1407 2138 1408 2138 857 2138 1407 2139 857 2139 858 2139 1019 2140 1024 2140 1415 2140 1415 2141 1024 2141 1414 2141 1415 2142 1414 2142 1594 2142 1594 2143 1414 2143 1572 2143 1594 2144 1572 2144 1595 2144 1595 2145 1572 2145 1574 2145 1595 2146 1574 2146 1596 2146 1596 2147 1574 2147 1576 2147 1596 2148 1576 2148 1597 2148 1597 2149 1576 2149 1578 2149 1597 2150 1578 2150 1598 2150 1598 2151 1578 2151 1580 2151 1598 2152 1580 2152 1599 2152 1599 2153 1580 2153 1582 2153 1599 2154 1582 2154 1600 2154 1600 2155 1582 2155 1592 2155 1600 2156 1592 2156 1601 2156 1601 2157 1592 2157 1593 2157 1601 2158 1593 2158 1602 2158 1602 2159 1593 2159 1407 2159 1602 2160 1407 2160 1603 2160 1603 2161 1407 2161 1406 2161 1603 2162 1406 2162 1604 2162 1604 2163 1406 2163 1405 2163 1604 2164 1405 2164 1605 2164 1605 2165 1405 2165 1404 2165 1605 2166 1404 2166 1403 2166 1403 2167 1404 2167 865 2167 1403 2168 865 2168 866 2168 1361 2169 1360 2169 1441 2169 1441 2170 1360 2170 1606 2170 1441 2171 1606 2171 1607 2171 1607 2172 1606 2172 1608 2172 1607 2173 1608 2173 1609 2173 1609 2174 1608 2174 1610 2174 1609 2175 1610 2175 1611 2175 1611 2176 1610 2176 1612 2176 1611 2177 1612 2177 1613 2177 1613 2178 1612 2178 1614 2178 1613 2179 1614 2179 1615 2179 1615 2180 1614 2180 1616 2180 1615 2181 1616 2181 1617 2181 1617 2182 1616 2182 1618 2182 1617 2183 1618 2183 1619 2183 1619 2184 1618 2184 1620 2184 1619 2185 1620 2185 1621 2185 1621 2186 1620 2186 1622 2186 1621 2187 1622 2187 1623 2187 1623 2188 1622 2188 1624 2188 1623 2189 1624 2189 1625 2189 1625 2190 1624 2190 1626 2190 1625 2191 1626 2191 1627 2191 1627 2192 1626 2192 1628 2192 1627 2193 1628 2193 1629 2193 1629 2194 1628 2194 1630 2194 1629 2195 1630 2195 1631 2195 1631 2196 1630 2196 1632 2196 1631 2197 1632 2197 1633 2197 1440 2198 1441 2198 1439 2198 1439 2199 1441 2199 1607 2199 1439 2200 1607 2200 1438 2200 1438 2201 1607 2201 1609 2201 1438 2202 1609 2202 1437 2202 1437 2203 1609 2203 1611 2203 1437 2204 1611 2204 1436 2204 1436 2205 1611 2205 1613 2205 1436 2206 1613 2206 1634 2206 1634 2207 1613 2207 1615 2207 1634 2208 1615 2208 1635 2208 1635 2209 1615 2209 1617 2209 1635 2210 1617 2210 1636 2210 1636 2211 1617 2211 1619 2211 1636 2212 1619 2212 1637 2212 1637 2213 1619 2213 1621 2213 1637 2214 1621 2214 1638 2214 1638 2215 1621 2215 1623 2215 1638 2216 1623 2216 1639 2216 1639 2217 1623 2217 1625 2217 1639 2218 1625 2218 1505 2218 1505 2219 1625 2219 1627 2219 1505 2220 1627 2220 1506 2220 1506 2221 1627 2221 1629 2221 1506 2222 1629 2222 1519 2222 1519 2223 1629 2223 1631 2223 1519 2224 1631 2224 1520 2224 1520 2225 1631 2225 1633 2225 1520 2226 1633 2226 1529 2226 1605 2227 1640 2227 1604 2227 1604 2228 1640 2228 1641 2228 1604 2229 1641 2229 1603 2229 1603 2230 1641 2230 1642 2230 1603 2231 1642 2231 1602 2231 1602 2232 1642 2232 1643 2232 1602 2233 1643 2233 1601 2233 1601 2234 1643 2234 1644 2234 1601 2235 1644 2235 1600 2235 1600 2236 1644 2236 1645 2236 1600 2237 1645 2237 1599 2237 1599 2238 1645 2238 1646 2238 1599 2239 1646 2239 1598 2239 1598 2240 1646 2240 1647 2240 1598 2241 1647 2241 1597 2241 1597 2242 1647 2242 1648 2242 1597 2243 1648 2243 1596 2243 1596 2244 1648 2244 1649 2244 1596 2245 1649 2245 1595 2245 1595 2246 1649 2246 1650 2246 1595 2247 1650 2247 1594 2247 1594 2248 1650 2248 1651 2248 1594 2249 1651 2249 1415 2249 1415 2250 1651 2250 1416 2250 1415 2251 1416 2251 1017 2251 1017 2252 1416 2252 1015 2252 1393 2253 1359 2253 1391 2253 1391 2254 1359 2254 1361 2254 1391 2255 1361 2255 1444 2255 1444 2256 1361 2256 1440 2256 1444 2257 1440 2257 1443 2257 1443 2258 1440 2258 1429 2258 1443 2259 1429 2259 1442 2259 1442 2260 1429 2260 1425 2260 1442 2261 1425 2261 1402 2261 1402 2262 1425 2262 1424 2262 1402 2263 1424 2263 868 2263 868 2264 1424 2264 1422 2264 868 2265 1422 2265 1403 2265 1403 2266 1422 2266 1421 2266 1403 2267 1421 2267 1605 2267 1605 2268 1421 2268 1426 2268 1605 2269 1426 2269 1640 2269 1640 2270 1426 2270 1436 2270 1640 2271 1436 2271 1641 2271 1641 2272 1436 2272 1634 2272 1641 2273 1634 2273 1642 2273 1642 2274 1634 2274 1635 2274 1642 2275 1635 2275 1643 2275 1643 2276 1635 2276 1636 2276 1643 2277 1636 2277 1644 2277 1644 2278 1636 2278 1637 2278 1644 2279 1637 2279 1645 2279 1645 2280 1637 2280 1638 2280 1645 2281 1638 2281 1646 2281 1646 2282 1638 2282 1639 2282 1646 2283 1639 2283 1647 2283 1647 2284 1639 2284 1505 2284 1647 2285 1505 2285 1648 2285 1648 2286 1505 2286 1507 2286 1648 2287 1507 2287 1649 2287 1649 2288 1507 2288 1509 2288 1649 2289 1509 2289 1650 2289 1650 2290 1509 2290 1511 2290 1650 2291 1511 2291 1651 2291 1651 2292 1511 2292 1513 2292 1651 2293 1513 2293 1416 2293 1416 2294 1513 2294 1514 2294 1416 2295 1514 2295 1515 2295 1515 2296 1514 2296 1527 2296 1515 2297 1527 2297 1516 2297 1516 2298 1527 2298 1528 2298 1516 2299 1528 2299 1517 2299 1517 2300 1528 2300 1533 2300 1517 2301 1533 2301 1518 2301 1518 2302 1533 2302 1652 2302 1518 2303 1652 2303 1420 2303 1420 2304 1652 2304 1419 2304 1420 2305 1419 2305 1123 2305 1123 2306 1419 2306 1122 2306 1393 2307 1545 2307 1359 2307 1359 2308 1545 2308 1546 2308 1359 2309 1546 2309 1360 2309 1360 2310 1546 2310 1547 2310 1360 2311 1547 2311 1606 2311 1606 2312 1547 2312 1548 2312 1606 2313 1548 2313 1608 2313 1608 2314 1548 2314 1549 2314 1608 2315 1549 2315 1610 2315 1610 2316 1549 2316 1550 2316 1610 2317 1550 2317 1612 2317 1612 2318 1550 2318 1551 2318 1612 2319 1551 2319 1614 2319 1614 2320 1551 2320 1552 2320 1614 2321 1552 2321 1616 2321 1616 2322 1552 2322 1553 2322 1616 2323 1553 2323 1618 2323 1618 2324 1553 2324 1554 2324 1618 2325 1554 2325 1620 2325 1620 2326 1554 2326 1555 2326 1620 2327 1555 2327 1622 2327 1622 2328 1555 2328 1556 2328 1622 2329 1556 2329 1624 2329 1624 2330 1556 2330 1557 2330 1624 2331 1557 2331 1626 2331 1626 2332 1557 2332 1558 2332 1626 2333 1558 2333 1628 2333 1628 2334 1558 2334 1559 2334 1628 2335 1559 2335 1630 2335 1630 2336 1559 2336 1536 2336 1630 2337 1536 2337 1632 2337 1632 2338 1536 2338 1537 2338 1632 2339 1537 2339 1633 2339 1633 2340 1537 2340 1538 2340 1633 2341 1538 2341 1529 2341 1529 2342 1538 2342 1539 2342 1529 2343 1539 2343 1530 2343 1530 2344 1539 2344 1540 2344 1530 2345 1540 2345 1531 2345 1531 2346 1540 2346 1541 2346 1531 2347 1541 2347 1532 2347 1532 2348 1541 2348 1542 2348 1532 2349 1542 2349 1533 2349 1533 2350 1542 2350 1543 2350 1533 2351 1543 2351 1652 2351 1652 2352 1543 2352 1544 2352 1652 2353 1544 2353 1419 2353 1419 2354 1544 2354 1368 2354 1419 2355 1368 2355 740 2355 740 2356 1368 2356 733 2356 1653 2357 1654 2357 1655 2357 818 2358 1656 2358 1657 2358 1658 2359 1659 2359 1660 2359 703 2360 649 2360 1661 2360 646 2361 645 2361 1662 2361 674 2362 673 2362 1663 2362 667 2363 666 2363 1664 2363 727 2364 726 2364 1665 2364 722 2365 721 2365 1666 2365 772 2366 1385 2366 678 2366 678 2367 1385 2367 1667 2367 678 2368 1667 2368 1668 2368 1669 2369 697 2369 679 2369 1670 2370 709 2370 698 2370 720 2371 717 2371 1671 2371 1671 2372 717 2372 716 2372 1672 2373 1673 2373 1674 2373 1674 2374 1673 2374 1675 2374 1674 2375 1675 2375 1661 2375 1661 2376 1675 2376 639 2376 1661 2377 639 2377 703 2377 1676 2378 1677 2378 1674 2378 1674 2379 1677 2379 1678 2379 1674 2380 1678 2380 1672 2380 1679 2381 1680 2381 1681 2381 1681 2382 1680 2382 1682 2382 1681 2383 1682 2383 1676 2383 1676 2384 1682 2384 1683 2384 1676 2385 1683 2385 1677 2385 1684 2386 1685 2386 1686 2386 1686 2387 1685 2387 1687 2387 1686 2388 1687 2388 1688 2388 1688 2389 1687 2389 1689 2389 1688 2390 1689 2390 1690 2390 1690 2391 1689 2391 1691 2391 1690 2392 1691 2392 1692 2392 1692 2393 1691 2393 1679 2393 1692 2394 1679 2394 1693 2394 1693 2395 1679 2395 1681 2395 1694 2396 1695 2396 1684 2396 1684 2397 1695 2397 1696 2397 1684 2398 1696 2398 1685 2398 1697 2399 1698 2399 1699 2399 1658 2400 1700 2400 1701 2400 1701 2401 1700 2401 1702 2401 1701 2402 1702 2402 1703 2402 1703 2403 1702 2403 1704 2403 1703 2404 1704 2404 1705 2404 1706 2405 1707 2405 1658 2405 1658 2406 1707 2406 1708 2406 1658 2407 1708 2407 1700 2407 1709 2408 1710 2408 1711 2408 1710 2409 1709 2409 1712 2409 1712 2410 1709 2410 1713 2410 1712 2411 1713 2411 1714 2411 1715 2412 1716 2412 1717 2412 1718 2413 1719 2413 1716 2413 1720 2414 1721 2414 1718 2414 1718 2415 1721 2415 1722 2415 1718 2416 1722 2416 1719 2416 1723 2417 821 2417 822 2417 1724 2418 819 2418 1723 2418 1723 2419 819 2419 820 2419 1723 2420 820 2420 821 2420 818 2421 1657 2421 817 2421 817 2422 1657 2422 1725 2422 817 2423 1725 2423 816 2423 816 2424 1725 2424 1400 2424 816 2425 1400 2425 815 2425 1726 2426 1394 2426 1727 2426 1727 2427 1394 2427 1396 2427 1727 2428 1396 2428 1728 2428 1728 2429 1396 2429 1398 2429 1728 2430 1398 2430 1401 2430 1392 2431 1729 2431 1393 2431 1393 2432 1729 2432 1730 2432 1393 2433 1730 2433 1545 2433 1545 2434 1730 2434 1731 2434 1545 2435 1731 2435 1387 2435 1390 2436 1389 2436 1732 2436 1732 2437 1389 2437 1387 2437 1732 2438 1387 2438 1733 2438 1733 2439 1387 2439 1731 2439 1732 2440 1734 2440 1390 2440 1390 2441 1734 2441 1459 2441 1735 2442 1671 2442 1736 2442 1736 2443 1671 2443 716 2443 1736 2444 716 2444 1737 2444 1737 2445 716 2445 715 2445 1737 2446 715 2446 1738 2446 1738 2447 715 2447 711 2447 1738 2448 711 2448 710 2448 1739 2449 1740 2449 1741 2449 1741 2450 1740 2450 1742 2450 1741 2451 1742 2451 1743 2451 1744 2452 1745 2452 1746 2452 1746 2453 1745 2453 1747 2453 1746 2454 1747 2454 1748 2454 1748 2455 1747 2455 1749 2455 721 2456 720 2456 1666 2456 1666 2457 720 2457 1671 2457 1666 2458 1671 2458 1750 2458 1750 2459 1671 2459 1735 2459 1750 2460 1735 2460 1751 2460 1751 2461 1735 2461 1752 2461 1753 2462 1744 2462 1754 2462 1754 2463 1744 2463 1746 2463 1754 2464 1746 2464 1755 2464 1755 2465 1746 2465 1748 2465 1755 2466 1748 2466 1756 2466 1756 2467 1748 2467 1749 2467 1756 2468 1749 2468 1757 2468 1758 2469 1759 2469 1760 2469 1760 2470 1759 2470 1739 2470 1760 2471 1739 2471 1761 2471 1761 2472 1739 2472 1741 2472 1761 2473 1741 2473 1762 2473 1762 2474 1741 2474 1743 2474 1762 2475 1743 2475 1763 2475 1763 2476 1743 2476 1670 2476 1763 2477 1670 2477 1669 2477 1669 2478 1670 2478 698 2478 1669 2479 698 2479 697 2479 1764 2480 1765 2480 1766 2480 1766 2481 1765 2481 1767 2481 1766 2482 1767 2482 1768 2482 1768 2483 1767 2483 1769 2483 1768 2484 1769 2484 1752 2484 1752 2485 1769 2485 1770 2485 1752 2486 1770 2486 1751 2486 1771 2487 1772 2487 1773 2487 1773 2488 1772 2488 1774 2488 1773 2489 1774 2489 1775 2489 1775 2490 1774 2490 1776 2490 1775 2491 1776 2491 1777 2491 1777 2492 1776 2492 1778 2492 1777 2493 1778 2493 1779 2493 1779 2494 1778 2494 1780 2494 1779 2495 1780 2495 1781 2495 1781 2496 1780 2496 1782 2496 1781 2497 1782 2497 1783 2497 1783 2498 1782 2498 1784 2498 1783 2499 1784 2499 1785 2499 1785 2500 1784 2500 1786 2500 1785 2501 1786 2501 1787 2501 1787 2502 1786 2502 1788 2502 1787 2503 1788 2503 1789 2503 1789 2504 1788 2504 1790 2504 1789 2505 1790 2505 1791 2505 1791 2506 1790 2506 1792 2506 1791 2507 1792 2507 1664 2507 1664 2508 1792 2508 1663 2508 1664 2509 1663 2509 667 2509 667 2510 1663 2510 673 2510 1793 2511 1771 2511 1794 2511 1794 2512 1771 2512 1773 2512 1794 2513 1773 2513 1795 2513 1795 2514 1773 2514 1775 2514 1795 2515 1775 2515 1796 2515 1796 2516 1775 2516 1777 2516 1796 2517 1777 2517 1797 2517 1797 2518 1777 2518 1779 2518 1797 2519 1779 2519 1798 2519 1798 2520 1779 2520 1781 2520 1798 2521 1781 2521 1799 2521 1799 2522 1781 2522 1783 2522 1799 2523 1783 2523 1800 2523 1800 2524 1783 2524 1785 2524 1800 2525 1785 2525 1801 2525 1801 2526 1785 2526 1787 2526 1801 2527 1787 2527 1802 2527 1802 2528 1787 2528 1789 2528 1802 2529 1789 2529 1803 2529 1803 2530 1789 2530 1791 2530 1803 2531 1791 2531 1665 2531 1665 2532 1791 2532 1664 2532 1665 2533 1664 2533 727 2533 727 2534 1664 2534 666 2534 1385 2535 1384 2535 1667 2535 1667 2536 1384 2536 1753 2536 1667 2537 1753 2537 1668 2537 1668 2538 1753 2538 1754 2538 1668 2539 1754 2539 1804 2539 1804 2540 1754 2540 1755 2540 1804 2541 1755 2541 1805 2541 1805 2542 1755 2542 1756 2542 1805 2543 1756 2543 1806 2543 1806 2544 1756 2544 1757 2544 1806 2545 1757 2545 1807 2545 1807 2546 1757 2546 1808 2546 1807 2547 1808 2547 1809 2547 1809 2548 1808 2548 1810 2548 1809 2549 1810 2549 1811 2549 1811 2550 1810 2550 1812 2550 1465 2551 1459 2551 1813 2551 1813 2552 1459 2552 1734 2552 1813 2553 1734 2553 1814 2553 1814 2554 1734 2554 1815 2554 1815 2555 1734 2555 1732 2555 1815 2556 1732 2556 1816 2556 1816 2557 1732 2557 1733 2557 1816 2558 1733 2558 1817 2558 1817 2559 1733 2559 1731 2559 1817 2560 1731 2560 1818 2560 1818 2561 1731 2561 1730 2561 1818 2562 1730 2562 1819 2562 1819 2563 1730 2563 1729 2563 1819 2564 1729 2564 1820 2564 1820 2565 1729 2565 1392 2565 1820 2566 1392 2566 1726 2566 1726 2567 1392 2567 1435 2567 1726 2568 1435 2568 1394 2568 1821 2569 1822 2569 1823 2569 1823 2570 1822 2570 1824 2570 1823 2571 1824 2571 1825 2571 1825 2572 1824 2572 1826 2572 1825 2573 1826 2573 1827 2573 1827 2574 1826 2574 1828 2574 1827 2575 1828 2575 1764 2575 1764 2576 1828 2576 1829 2576 1764 2577 1829 2577 1765 2577 1822 2578 1793 2578 1824 2578 1824 2579 1793 2579 1794 2579 1824 2580 1794 2580 1826 2580 1826 2581 1794 2581 1795 2581 1826 2582 1795 2582 1828 2582 1828 2583 1795 2583 1796 2583 1828 2584 1796 2584 1829 2584 1829 2585 1796 2585 1797 2585 1829 2586 1797 2586 1765 2586 1765 2587 1797 2587 1798 2587 1765 2588 1798 2588 1767 2588 1767 2589 1798 2589 1799 2589 1767 2590 1799 2590 1769 2590 1769 2591 1799 2591 1800 2591 1769 2592 1800 2592 1770 2592 1770 2593 1800 2593 1801 2593 1770 2594 1801 2594 1751 2594 1751 2595 1801 2595 1802 2595 1751 2596 1802 2596 1750 2596 1750 2597 1802 2597 1803 2597 1750 2598 1803 2598 1666 2598 1666 2599 1803 2599 1665 2599 1666 2600 1665 2600 722 2600 722 2601 1665 2601 726 2601 1830 2602 1821 2602 1831 2602 1831 2603 1821 2603 1823 2603 1831 2604 1823 2604 1832 2604 1832 2605 1823 2605 1825 2605 1832 2606 1825 2606 1833 2606 1833 2607 1825 2607 1827 2607 1833 2608 1827 2608 1834 2608 1834 2609 1827 2609 1764 2609 1834 2610 1764 2610 1835 2610 1835 2611 1764 2611 1766 2611 1835 2612 1766 2612 1758 2612 1758 2613 1766 2613 1768 2613 1758 2614 1768 2614 1759 2614 1759 2615 1768 2615 1752 2615 1759 2616 1752 2616 1739 2616 1739 2617 1752 2617 1735 2617 1739 2618 1735 2618 1740 2618 1740 2619 1735 2619 1736 2619 1740 2620 1736 2620 1742 2620 1742 2621 1736 2621 1737 2621 1742 2622 1737 2622 1743 2622 1743 2623 1737 2623 1738 2623 1743 2624 1738 2624 1670 2624 1670 2625 1738 2625 710 2625 1670 2626 710 2626 709 2626 1384 2627 1383 2627 1753 2627 1753 2628 1383 2628 1472 2628 1753 2629 1472 2629 1744 2629 1744 2630 1472 2630 1465 2630 1744 2631 1465 2631 1745 2631 1745 2632 1465 2632 1813 2632 1745 2633 1813 2633 1747 2633 1747 2634 1813 2634 1814 2634 1747 2635 1814 2635 1749 2635 1749 2636 1814 2636 1815 2636 1749 2637 1815 2637 1757 2637 1757 2638 1815 2638 1816 2638 1757 2639 1816 2639 1808 2639 1808 2640 1816 2640 1817 2640 1808 2641 1817 2641 1810 2641 1810 2642 1817 2642 1818 2642 1810 2643 1818 2643 1812 2643 1812 2644 1818 2644 1819 2644 1812 2645 1819 2645 1836 2645 1836 2646 1819 2646 1820 2646 1836 2647 1820 2647 1837 2647 1837 2648 1820 2648 1726 2648 1837 2649 1726 2649 1838 2649 1838 2650 1726 2650 1727 2650 1838 2651 1727 2651 1839 2651 1839 2652 1727 2652 1728 2652 1839 2653 1728 2653 1840 2653 1840 2654 1728 2654 1401 2654 1840 2655 1830 2655 1839 2655 1839 2656 1830 2656 1831 2656 1839 2657 1831 2657 1838 2657 1838 2658 1831 2658 1832 2658 1838 2659 1832 2659 1837 2659 1837 2660 1832 2660 1833 2660 1837 2661 1833 2661 1836 2661 1836 2662 1833 2662 1834 2662 1836 2663 1834 2663 1812 2663 1812 2664 1834 2664 1835 2664 1812 2665 1835 2665 1811 2665 1811 2666 1835 2666 1758 2666 1811 2667 1758 2667 1809 2667 1809 2668 1758 2668 1760 2668 1809 2669 1760 2669 1807 2669 1807 2670 1760 2670 1761 2670 1807 2671 1761 2671 1806 2671 1806 2672 1761 2672 1762 2672 1806 2673 1762 2673 1805 2673 1805 2674 1762 2674 1763 2674 1805 2675 1763 2675 1804 2675 1804 2676 1763 2676 1669 2676 1804 2677 1669 2677 1668 2677 1668 2678 1669 2678 679 2678 1668 2679 679 2679 678 2679 1841 2680 1842 2680 1843 2680 1843 2681 1842 2681 1844 2681 1843 2682 1844 2682 1656 2682 1656 2683 1844 2683 1845 2683 1656 2684 1845 2684 1657 2684 1657 2685 1845 2685 1846 2685 1657 2686 1846 2686 1725 2686 1725 2687 1846 2687 1847 2687 1725 2688 1847 2688 1400 2688 1842 2689 1848 2689 1844 2689 1844 2690 1848 2690 1849 2690 1844 2691 1849 2691 1845 2691 1845 2692 1849 2692 1850 2692 1845 2693 1850 2693 1846 2693 1846 2694 1850 2694 1851 2694 1846 2695 1851 2695 1847 2695 1847 2696 1851 2696 1852 2696 1847 2697 1852 2697 1400 2697 1853 2698 1854 2698 1855 2698 1855 2699 1854 2699 1856 2699 1855 2700 1856 2700 1857 2700 1857 2701 1856 2701 1858 2701 1857 2702 1858 2702 1694 2702 1659 2703 1658 2703 1859 2703 1859 2704 1658 2704 1701 2704 1859 2705 1701 2705 1860 2705 1860 2706 1701 2706 1703 2706 1860 2707 1703 2707 1697 2707 1697 2708 1703 2708 1705 2708 1697 2709 1705 2709 1698 2709 1655 2710 1660 2710 1861 2710 1861 2711 1660 2711 1659 2711 1861 2712 1659 2712 1862 2712 1862 2713 1659 2713 1859 2713 1862 2714 1859 2714 1863 2714 1863 2715 1859 2715 1860 2715 1863 2716 1860 2716 1864 2716 1864 2717 1860 2717 1697 2717 1864 2718 1697 2718 1865 2718 1865 2719 1697 2719 1699 2719 1865 2720 1699 2720 1866 2720 1706 2721 1658 2721 1711 2721 1711 2722 1658 2722 1660 2722 1711 2723 1660 2723 1709 2723 1709 2724 1660 2724 1655 2724 1709 2725 1655 2725 1713 2725 1713 2726 1655 2726 1654 2726 1713 2727 1654 2727 1867 2727 1868 2728 1869 2728 1870 2728 1870 2729 1869 2729 1871 2729 1843 2730 1872 2730 1841 2730 1841 2731 1872 2731 1871 2731 1841 2732 1871 2732 1873 2732 1873 2733 1871 2733 1869 2733 1873 2734 1869 2734 1853 2734 1853 2735 1869 2735 1868 2735 1853 2736 1868 2736 1854 2736 1716 2737 1715 2737 1718 2737 1718 2738 1715 2738 1723 2738 1718 2739 1723 2739 1720 2739 1720 2740 1723 2740 822 2740 1720 2741 822 2741 1721 2741 1721 2742 822 2742 823 2742 1721 2743 823 2743 824 2743 1653 2744 1723 2744 1654 2744 1654 2745 1723 2745 1715 2745 1654 2746 1715 2746 1867 2746 1867 2747 1715 2747 1717 2747 1867 2748 1717 2748 1713 2748 1713 2749 1717 2749 1874 2749 1713 2750 1874 2750 1714 2750 818 2751 819 2751 1656 2751 1656 2752 819 2752 1724 2752 1656 2753 1724 2753 1843 2753 1843 2754 1724 2754 1723 2754 1843 2755 1723 2755 1872 2755 1872 2756 1723 2756 1653 2756 1872 2757 1653 2757 1871 2757 1871 2758 1653 2758 1655 2758 1871 2759 1655 2759 1870 2759 1870 2760 1655 2760 1861 2760 1870 2761 1861 2761 1868 2761 1868 2762 1861 2762 1862 2762 1868 2763 1862 2763 1854 2763 1854 2764 1862 2764 1863 2764 1854 2765 1863 2765 1856 2765 1856 2766 1863 2766 1864 2766 1856 2767 1864 2767 1858 2767 1858 2768 1864 2768 1865 2768 1858 2769 1865 2769 1694 2769 1694 2770 1865 2770 1866 2770 1694 2771 1866 2771 1695 2771 1875 2772 1876 2772 1877 2772 1877 2773 1876 2773 1878 2773 1877 2774 1878 2774 1879 2774 1879 2775 1878 2775 1880 2775 1879 2776 1880 2776 1881 2776 1881 2777 1880 2777 1882 2777 1881 2778 1882 2778 1883 2778 1884 2779 1875 2779 1885 2779 1885 2780 1875 2780 1877 2780 1885 2781 1877 2781 1886 2781 1886 2782 1877 2782 1879 2782 1886 2783 1879 2783 1887 2783 1887 2784 1879 2784 1881 2784 1887 2785 1881 2785 1888 2785 1888 2786 1881 2786 1883 2786 1888 2787 1883 2787 1889 2787 1889 2788 1883 2788 1890 2788 1889 2789 1890 2789 1891 2789 1891 2790 1890 2790 1892 2790 1891 2791 1892 2791 1893 2791 1893 2792 1892 2792 1894 2792 1893 2793 1894 2793 1895 2793 1895 2794 1894 2794 1896 2794 1895 2795 1896 2795 1897 2795 1897 2796 1896 2796 1898 2796 1897 2797 1898 2797 1899 2797 1899 2798 1898 2798 1900 2798 1899 2799 1900 2799 1901 2799 1901 2800 1900 2800 1902 2800 1901 2801 1902 2801 1903 2801 1903 2802 1902 2802 1904 2802 1903 2803 1904 2803 1662 2803 1662 2804 1904 2804 1905 2804 1662 2805 1905 2805 646 2805 646 2806 1905 2806 672 2806 649 2807 648 2807 1661 2807 1661 2808 648 2808 672 2808 1661 2809 672 2809 1674 2809 1674 2810 672 2810 1905 2810 1674 2811 1905 2811 1676 2811 1676 2812 1905 2812 1904 2812 1676 2813 1904 2813 1681 2813 1681 2814 1904 2814 1902 2814 1681 2815 1902 2815 1693 2815 1693 2816 1902 2816 1900 2816 1693 2817 1900 2817 1692 2817 1692 2818 1900 2818 1898 2818 1692 2819 1898 2819 1690 2819 1690 2820 1898 2820 1896 2820 1690 2821 1896 2821 1688 2821 1688 2822 1896 2822 1894 2822 1688 2823 1894 2823 1686 2823 1686 2824 1894 2824 1892 2824 1686 2825 1892 2825 1684 2825 1684 2826 1892 2826 1890 2826 1684 2827 1890 2827 1694 2827 1694 2828 1890 2828 1883 2828 1694 2829 1883 2829 1857 2829 1857 2830 1883 2830 1882 2830 1857 2831 1882 2831 1855 2831 1855 2832 1882 2832 1880 2832 1855 2833 1880 2833 1853 2833 1853 2834 1880 2834 1878 2834 1853 2835 1878 2835 1873 2835 1873 2836 1878 2836 1876 2836 1873 2837 1876 2837 1841 2837 1841 2838 1876 2838 1875 2838 1841 2839 1875 2839 1842 2839 1842 2840 1875 2840 1884 2840 1842 2841 1884 2841 1848 2841 645 2842 674 2842 1662 2842 1662 2843 674 2843 1663 2843 1662 2844 1663 2844 1903 2844 1903 2845 1663 2845 1792 2845 1903 2846 1792 2846 1901 2846 1901 2847 1792 2847 1790 2847 1901 2848 1790 2848 1899 2848 1899 2849 1790 2849 1788 2849 1899 2850 1788 2850 1897 2850 1897 2851 1788 2851 1786 2851 1897 2852 1786 2852 1895 2852 1895 2853 1786 2853 1784 2853 1895 2854 1784 2854 1893 2854 1893 2855 1784 2855 1782 2855 1893 2856 1782 2856 1891 2856 1891 2857 1782 2857 1780 2857 1891 2858 1780 2858 1889 2858 1889 2859 1780 2859 1778 2859 1889 2860 1778 2860 1888 2860 1888 2861 1778 2861 1776 2861 1888 2862 1776 2862 1887 2862 1887 2863 1776 2863 1774 2863 1887 2864 1774 2864 1886 2864 1886 2865 1774 2865 1772 2865 1886 2866 1772 2866 1885 2866 1885 2867 1772 2867 1771 2867 1885 2868 1771 2868 1884 2868 1884 2869 1771 2869 1793 2869 1884 2870 1793 2870 1848 2870 1848 2871 1793 2871 1822 2871 1848 2872 1822 2872 1849 2872 1849 2873 1822 2873 1821 2873 1849 2874 1821 2874 1850 2874 1850 2875 1821 2875 1830 2875 1850 2876 1830 2876 1851 2876 1851 2877 1830 2877 1840 2877 1851 2878 1840 2878 1852 2878 1852 2879 1840 2879 1401 2879 1852 2880 1401 2880 1400 2880 1906 2881 1907 2881 1908 2881 1685 2882 1696 2882 1906 2882 1866 2883 1699 2883 1909 2883 1910 2884 1911 2884 1912 2884 801 2885 1913 2885 1914 2885 813 2886 632 2886 1915 2886 1915 2887 632 2887 634 2887 1915 2888 634 2888 636 2888 1916 2889 804 2889 1917 2889 1917 2890 804 2890 814 2890 1917 2891 814 2891 1918 2891 1918 2892 814 2892 813 2892 1918 2893 813 2893 1919 2893 1919 2894 813 2894 1915 2894 810 2895 808 2895 1916 2895 1916 2896 808 2896 806 2896 1916 2897 806 2897 804 2897 1916 2898 1920 2898 810 2898 810 2899 1920 2899 1921 2899 810 2900 1921 2900 811 2900 1913 2901 801 2901 1921 2901 1921 2902 801 2902 799 2902 1921 2903 799 2903 811 2903 792 2904 790 2904 1914 2904 1914 2905 790 2905 802 2905 1914 2906 802 2906 801 2906 1922 2907 794 2907 1923 2907 1923 2908 794 2908 792 2908 1923 2909 792 2909 1924 2909 1924 2910 792 2910 1914 2910 787 2911 797 2911 1922 2911 1922 2912 797 2912 796 2912 1922 2913 796 2913 794 2913 1922 2914 1925 2914 787 2914 787 2915 1925 2915 1926 2915 787 2916 1926 2916 786 2916 1927 2917 1928 2917 1929 2917 1929 2918 1928 2918 1930 2918 1929 2919 1930 2919 1931 2919 1931 2920 1930 2920 1932 2920 1931 2921 1932 2921 1933 2921 1933 2922 1932 2922 1934 2922 1934 2923 1932 2923 1935 2923 1934 2924 1935 2924 1936 2924 1936 2925 1935 2925 1937 2925 1936 2926 1937 2926 1938 2926 1939 2927 1940 2927 1941 2927 1941 2928 1940 2928 1942 2928 1941 2929 1942 2929 1943 2929 1942 2930 1944 2930 1943 2930 1943 2931 1944 2931 1945 2931 1943 2932 1945 2932 1946 2932 1946 2933 1945 2933 1947 2933 1946 2934 1947 2934 1948 2934 1948 2935 1947 2935 1949 2935 1948 2936 1949 2936 1950 2936 1950 2937 1949 2937 1951 2937 1951 2938 1949 2938 1952 2938 1951 2939 1952 2939 1953 2939 1954 2940 1951 2940 1910 2940 1910 2941 1951 2941 1953 2941 1910 2942 1953 2942 1911 2942 1955 2943 1956 2943 1912 2943 1912 2944 1956 2944 1957 2944 1912 2945 1957 2945 1910 2945 1958 2946 1959 2946 1960 2946 1960 2947 1959 2947 1961 2947 1960 2948 1961 2948 1962 2948 1963 2949 1964 2949 1965 2949 1964 2950 1966 2950 1965 2950 1965 2951 1966 2951 1967 2951 1965 2952 1967 2952 1961 2952 1961 2953 1967 2953 1968 2953 1961 2954 1968 2954 1962 2954 1965 2955 1969 2955 1963 2955 1963 2956 1969 2956 1970 2956 1963 2957 1970 2957 1971 2957 1866 2958 1909 2958 1695 2958 1685 2959 1906 2959 1687 2959 1972 2960 1973 2960 1687 2960 1687 2961 1973 2961 1689 2961 1682 2962 1680 2962 1974 2962 1974 2963 1680 2963 1679 2963 1974 2964 1679 2964 1975 2964 1975 2965 1679 2965 1691 2965 1975 2966 1691 2966 1976 2966 1976 2967 1691 2967 1689 2967 1976 2968 1689 2968 1977 2968 1977 2969 1689 2969 1973 2969 1682 2970 1974 2970 1683 2970 1683 2971 1974 2971 1978 2971 1683 2972 1978 2972 1677 2972 1677 2973 1978 2973 1979 2973 1677 2974 1979 2974 1678 2974 638 2975 639 2975 1980 2975 1980 2976 639 2976 1675 2976 1980 2977 1675 2977 1981 2977 1981 2978 1675 2978 1673 2978 1981 2979 1673 2979 1979 2979 1979 2980 1673 2980 1672 2980 1979 2981 1672 2981 1678 2981 1982 2982 1983 2982 1984 2982 1982 2983 1984 2983 1985 2983 1985 2984 1984 2984 1986 2984 1985 2985 1986 2985 1987 2985 1983 2986 1988 2986 1984 2986 1984 2987 1988 2987 1989 2987 1984 2988 1989 2988 1990 2988 1991 2989 1992 2989 1986 2989 1986 2990 1992 2990 1993 2990 1986 2991 1993 2991 1987 2991 1994 2992 1995 2992 1959 2992 1959 2993 1995 2993 1996 2993 1959 2994 1996 2994 1961 2994 1997 2995 1998 2995 1911 2995 1911 2996 1998 2996 1994 2996 1911 2997 1994 2997 1912 2997 1912 2998 1994 2998 1959 2998 1912 2999 1959 2999 1955 2999 1955 3000 1959 3000 1958 3000 1952 3001 1999 3001 1953 3001 1953 3002 1999 3002 2000 3002 1953 3003 2000 3003 1911 3003 1911 3004 2000 3004 2001 3004 1911 3005 2001 3005 1997 3005 1939 3006 1938 3006 1940 3006 1940 3007 1938 3007 1937 3007 1940 3008 1937 3008 2002 3008 2002 3009 1937 3009 1935 3009 2002 3010 1935 3010 2003 3010 2003 3011 1935 3011 1932 3011 2003 3012 1932 3012 2004 3012 2004 3013 1932 3013 1930 3013 2004 3014 1930 3014 2005 3014 2006 3015 2007 3015 1928 3015 2007 3016 2008 3016 1928 3016 1928 3017 2008 3017 2009 3017 1928 3018 2009 3018 1930 3018 1930 3019 2009 3019 2010 3019 1930 3020 2010 3020 2005 3020 2011 3021 2012 3021 2013 3021 2013 3022 2012 3022 2014 3022 2013 3023 2014 3023 1928 3023 1928 3024 2014 3024 2015 3024 1928 3025 2015 3025 2006 3025 2011 3026 2013 3026 2016 3026 2016 3027 2013 3027 2017 3027 2016 3028 2017 3028 2018 3028 2018 3029 2017 3029 2019 3029 2018 3030 2019 3030 2020 3030 2020 3031 2019 3031 2021 3031 2020 3032 2021 3032 2022 3032 2022 3033 2021 3033 2023 3033 2022 3034 2023 3034 2024 3034 2024 3035 2023 3035 2025 3035 2025 3036 2023 3036 2026 3036 2025 3037 2026 3037 2027 3037 2028 3038 2029 3038 2030 3038 2030 3039 2029 3039 2031 3039 2030 3040 2031 3040 2032 3040 2032 3041 2031 3041 2033 3041 2032 3042 2033 3042 2034 3042 2034 3043 2033 3043 2035 3043 2036 3044 2037 3044 2038 3044 2038 3045 2039 3045 2036 3045 2036 3046 2039 3046 2040 3046 2036 3047 2040 3047 2028 3047 2028 3048 2040 3048 2041 3048 2028 3049 2041 3049 2029 3049 2042 3050 2043 3050 2044 3050 2044 3051 2043 3051 2045 3051 2042 3052 2046 3052 2043 3052 2043 3053 2046 3053 2047 3053 2043 3054 2047 3054 2036 3054 2036 3055 2047 3055 2048 3055 2036 3056 2048 3056 2037 3056 2043 3057 2049 3057 2045 3057 2045 3058 2049 3058 2050 3058 2045 3059 2050 3059 2051 3059 2051 3060 2050 3060 2052 3060 2053 3061 2054 3061 2055 3061 2055 3062 2054 3062 2056 3062 2055 3063 2056 3063 2057 3063 2057 3064 2056 3064 2058 3064 2057 3065 2058 3065 2059 3065 2059 3066 2058 3066 2060 3066 2059 3067 2060 3067 2061 3067 2061 3068 2060 3068 2062 3068 2061 3069 2062 3069 2050 3069 2050 3070 2062 3070 2063 3070 2050 3071 2063 3071 2052 3071 2053 3072 1908 3072 2064 3072 2064 3073 2065 3073 2053 3073 2053 3074 2065 3074 2066 3074 2053 3075 2066 3075 2067 3075 2067 3076 2068 3076 2053 3076 2053 3077 2068 3077 2069 3077 2053 3078 2069 3078 2054 3078 2070 3079 2071 3079 1907 3079 1907 3080 2071 3080 2072 3080 1907 3081 2072 3081 1908 3081 1908 3082 2072 3082 2073 3082 1908 3083 2073 3083 2064 3083 785 3084 786 3084 1927 3084 1927 3085 786 3085 1926 3085 1927 3086 1926 3086 1928 3086 1928 3087 1926 3087 1925 3087 1928 3088 1925 3088 2013 3088 2013 3089 1925 3089 1922 3089 2013 3090 1922 3090 2017 3090 2017 3091 1922 3091 1923 3091 2017 3092 1923 3092 2019 3092 2019 3093 1923 3093 1924 3093 2019 3094 1924 3094 2021 3094 2021 3095 1924 3095 1914 3095 2021 3096 1914 3096 2023 3096 2023 3097 1914 3097 1913 3097 2023 3098 1913 3098 2026 3098 2026 3099 1913 3099 1921 3099 1915 3100 2049 3100 1919 3100 1919 3101 2049 3101 2043 3101 1919 3102 2043 3102 1918 3102 1918 3103 2043 3103 2036 3103 1918 3104 2036 3104 1917 3104 1917 3105 2036 3105 2028 3105 1917 3106 2028 3106 1916 3106 1916 3107 2028 3107 2030 3107 1916 3108 2030 3108 1920 3108 1920 3109 2030 3109 2032 3109 1920 3110 2032 3110 1921 3110 1921 3111 2032 3111 2034 3111 1921 3112 2034 3112 2026 3112 2026 3113 2034 3113 2035 3113 2026 3114 2035 3114 2027 3114 1990 3115 2070 3115 1984 3115 1984 3116 2070 3116 1907 3116 1984 3117 1907 3117 1909 3117 1909 3118 1907 3118 1906 3118 1909 3119 1906 3119 1695 3119 1695 3120 1906 3120 1696 3120 1687 3121 1906 3121 1972 3121 1972 3122 1906 3122 1908 3122 1972 3123 1908 3123 1973 3123 1973 3124 1908 3124 2053 3124 1973 3125 2053 3125 1977 3125 1977 3126 2053 3126 2055 3126 1977 3127 2055 3127 1976 3127 1976 3128 2055 3128 2057 3128 1976 3129 2057 3129 1975 3129 1975 3130 2057 3130 2059 3130 1975 3131 2059 3131 1974 3131 1974 3132 2059 3132 2061 3132 1974 3133 2061 3133 1978 3133 1978 3134 2061 3134 2050 3134 1978 3135 2050 3135 1979 3135 1979 3136 2050 3136 2049 3136 1979 3137 2049 3137 1981 3137 1981 3138 2049 3138 1915 3138 1981 3139 1915 3139 1980 3139 1980 3140 1915 3140 636 3140 1980 3141 636 3141 638 3141 1698 3142 1971 3142 1699 3142 1699 3143 1971 3143 1970 3143 1699 3144 1970 3144 1909 3144 1909 3145 1970 3145 1969 3145 1909 3146 1969 3146 1984 3146 1984 3147 1969 3147 1965 3147 1984 3148 1965 3148 1986 3148 1986 3149 1965 3149 1961 3149 1986 3150 1961 3150 1991 3150 1991 3151 1961 3151 1996 3151 1991 3152 1996 3152 1992 3152 2074 3153 2075 3153 2076 3153 2077 3154 2078 3154 2079 3154 2080 3155 2081 3155 2082 3155 2083 3156 2084 3156 2081 3156 2085 3157 2086 3157 2087 3157 2088 3158 2089 3158 2090 3158 2091 3159 2092 3159 2093 3159 2094 3160 2095 3160 2096 3160 2095 3161 2094 3161 2097 3161 2098 3162 2099 3162 2100 3162 2101 3163 2102 3163 2103 3163 2104 3164 2105 3164 2106 3164 2107 3165 1224 3165 2108 3165 2109 3166 2110 3166 2111 3166 2112 3167 2113 3167 2114 3167 2115 3168 2116 3168 2112 3168 2116 3169 2115 3169 2117 3169 2118 3170 2119 3170 2120 3170 2121 3171 2122 3171 2123 3171 2123 3172 2122 3172 2124 3172 2125 3173 2126 3173 2127 3173 2128 3174 2129 3174 2130 3174 2131 3175 2132 3175 2133 3175 2134 3176 2135 3176 2136 3176 2137 3177 2138 3177 2139 3177 2140 3178 2141 3178 2142 3178 2143 3179 2144 3179 2145 3179 2146 3180 2147 3180 2148 3180 2149 3181 2150 3181 2151 3181 2152 3182 2153 3182 2154 3182 2155 3183 2156 3183 2157 3183 2158 3184 2159 3184 2160 3184 2161 3185 2158 3185 2162 3185 2163 3186 2164 3186 2165 3186 2166 3187 2167 3187 2168 3187 2169 3188 2170 3188 2171 3188 2170 3189 2169 3189 2172 3189 2173 3190 2174 3190 2175 3190 2176 3191 2177 3191 2178 3191 2179 3192 2180 3192 2181 3192 2182 3193 2183 3193 2184 3193 2185 3194 2186 3194 2187 3194 2188 3195 2189 3195 2190 3195 2190 3196 2189 3196 2191 3196 2192 3197 2193 3197 2194 3197 2186 3198 2185 3198 2195 3198 2193 3199 2192 3199 2196 3199 2197 3200 2198 3200 2199 3200 2200 3201 2201 3201 2202 3201 2203 3202 2204 3202 2205 3202 2206 3203 2207 3203 2208 3203 2209 3204 2210 3204 2211 3204 2212 3205 1234 3205 1343 3205 1310 3206 1309 3206 1314 3206 2213 3207 2214 3207 2215 3207 2216 3208 2217 3208 2218 3208 2219 3209 2220 3209 2221 3209 2222 3210 2223 3210 2224 3210 2225 3211 2226 3211 2227 3211 2228 3212 2229 3212 2096 3212 2229 3213 2228 3213 1222 3213 2230 3214 2231 3214 2232 3214 2233 3215 2234 3215 2235 3215 2236 3216 2237 3216 2238 3216 2238 3217 2237 3217 2239 3217 2238 3218 2239 3218 2240 3218 2240 3219 2239 3219 2241 3219 2240 3220 2241 3220 2242 3220 2242 3221 2241 3221 2243 3221 2243 3222 2241 3222 2244 3222 2243 3223 2244 3223 2245 3223 2077 3224 2246 3224 2078 3224 2078 3225 2246 3225 2247 3225 2078 3226 2247 3226 2245 3226 2245 3227 2247 3227 2248 3227 2245 3228 2248 3228 2243 3228 2249 3229 2225 3229 2250 3229 2250 3230 2225 3230 2227 3230 2250 3231 2227 3231 2251 3231 2251 3232 2227 3232 2226 3232 2251 3233 2226 3233 2077 3233 2077 3234 2226 3234 2252 3234 2077 3235 2252 3235 2246 3235 2224 3236 2253 3236 2222 3236 2222 3237 2253 3237 2254 3237 2222 3238 2254 3238 2255 3238 2255 3239 2254 3239 2256 3239 2255 3240 2256 3240 2257 3240 2257 3241 2256 3241 2258 3241 2257 3242 2258 3242 2259 3242 2259 3243 2258 3243 2260 3243 2219 3244 2261 3244 2260 3244 2260 3245 2261 3245 2262 3245 2260 3246 2262 3246 2259 3246 2221 3247 2220 3247 2263 3247 2263 3248 2220 3248 2264 3248 2263 3249 2264 3249 2265 3249 2216 3250 2218 3250 2266 3250 2267 3251 2268 3251 2269 3251 2269 3252 2268 3252 2270 3252 2271 3253 2272 3253 2267 3253 2267 3254 2272 3254 2273 3254 2267 3255 2273 3255 2268 3255 2274 3256 2275 3256 2276 3256 2276 3257 2275 3257 2277 3257 2276 3258 2277 3258 2271 3258 2271 3259 2277 3259 2278 3259 2271 3260 2278 3260 2272 3260 2279 3261 2280 3261 2274 3261 2274 3262 2280 3262 2281 3262 2274 3263 2281 3263 2275 3263 2282 3264 2283 3264 2284 3264 2284 3265 2283 3265 2285 3265 2286 3266 2287 3266 2124 3266 2124 3267 2287 3267 2288 3267 1295 3268 1302 3268 2289 3268 2290 3269 1279 3269 2291 3269 2291 3270 1279 3270 1337 3270 2291 3271 1337 3271 2206 3271 2206 3272 1337 3272 1339 3272 2206 3273 1339 3273 2207 3273 2207 3274 1339 3274 1340 3274 2207 3275 1340 3275 2208 3275 2208 3276 1340 3276 1290 3276 2208 3277 1290 3277 2292 3277 2292 3278 1290 3278 1293 3278 2292 3279 1293 3279 2293 3279 2293 3280 1293 3280 1299 3280 2293 3281 1299 3281 2294 3281 2294 3282 1299 3282 1298 3282 2294 3283 1298 3283 2295 3283 2295 3284 1298 3284 1296 3284 2295 3285 1296 3285 1295 3285 2296 3286 1282 3286 1280 3286 1286 3287 1285 3287 2297 3287 2297 3288 1285 3288 1284 3288 2297 3289 1284 3289 1283 3289 1273 3290 1287 3290 2298 3290 1277 3291 1276 3291 2299 3291 2299 3292 1276 3292 1274 3292 2300 3293 1278 3293 1277 3293 1264 3294 1266 3294 2301 3294 1261 3295 1260 3295 2302 3295 2302 3296 1260 3296 1262 3296 1255 3297 1261 3297 2303 3297 2303 3298 2304 3298 1255 3298 1255 3299 2304 3299 2305 3299 1255 3300 2305 3300 1257 3300 1257 3301 2305 3301 1258 3301 1258 3302 2305 3302 2306 3302 1258 3303 2306 3303 1251 3303 1251 3304 2306 3304 1252 3304 1252 3305 2306 3305 2307 3305 1252 3306 2307 3306 1253 3306 1253 3307 2307 3307 2308 3307 1253 3308 2308 3308 1247 3308 2309 3309 1244 3309 2310 3309 2310 3310 1244 3310 1243 3310 2310 3311 1243 3311 2308 3311 2308 3312 1243 3312 1248 3312 2308 3313 1248 3313 1247 3313 2311 3314 1237 3314 2312 3314 2312 3315 1237 3315 1236 3315 2312 3316 1236 3316 1250 3316 1241 3317 1239 3317 2311 3317 2311 3318 1239 3318 1238 3318 2311 3319 1238 3319 1237 3319 2311 3320 2313 3320 1241 3320 1241 3321 2313 3321 2314 3321 1241 3322 2314 3322 1242 3322 1242 3323 2315 3323 1345 3323 1345 3324 2315 3324 2316 3324 1345 3325 2316 3325 1344 3325 1344 3326 2316 3326 2317 3326 1344 3327 2317 3327 1343 3327 2212 3328 1343 3328 2318 3328 1230 3329 1231 3329 2319 3329 2319 3330 1231 3330 1234 3330 2320 3331 2321 3331 2322 3331 2323 3332 1264 3332 2324 3332 2324 3333 1264 3333 2301 3333 2324 3334 2301 3334 2325 3334 2325 3335 2301 3335 1266 3335 2325 3336 1266 3336 1270 3336 2326 3337 2321 3337 2327 3337 2327 3338 2321 3338 2320 3338 2327 3339 2320 3339 2328 3339 2329 3340 2322 3340 2330 3340 2330 3341 2322 3341 2321 3341 2330 3342 2321 3342 2331 3342 2331 3343 2321 3343 2326 3343 2331 3344 2326 3344 2332 3344 2333 3345 2332 3345 2334 3345 2334 3346 2332 3346 2326 3346 2334 3347 2326 3347 2335 3347 2335 3348 2326 3348 2327 3348 2335 3349 2327 3349 2300 3349 2300 3350 2327 3350 2328 3350 2300 3351 2328 3351 1278 3351 1278 3352 2328 3352 1268 3352 2336 3353 2297 3353 2296 3353 2296 3354 2297 3354 1283 3354 2296 3355 1283 3355 1282 3355 1274 3356 2337 3356 2299 3356 2299 3357 2337 3357 2338 3357 2299 3358 2338 3358 2339 3358 2339 3359 2338 3359 2340 3359 2339 3360 2340 3360 2341 3360 2341 3361 2340 3361 2342 3361 2341 3362 2342 3362 2343 3362 1277 3363 2299 3363 2300 3363 2300 3364 2299 3364 2339 3364 2300 3365 2339 3365 2335 3365 2335 3366 2339 3366 2341 3366 2335 3367 2341 3367 2334 3367 2334 3368 2341 3368 2343 3368 2334 3369 2343 3369 2333 3369 2344 3370 2345 3370 2346 3370 2346 3371 2345 3371 2336 3371 2346 3372 2336 3372 2347 3372 2347 3373 2336 3373 2296 3373 2347 3374 2296 3374 2290 3374 2290 3375 2296 3375 1280 3375 2290 3376 1280 3376 1279 3376 2209 3377 2211 3377 2348 3377 2349 3378 2350 3378 2351 3378 2352 3379 2344 3379 2348 3379 2348 3380 2344 3380 2346 3380 2348 3381 2346 3381 2209 3381 2209 3382 2346 3382 2347 3382 2209 3383 2347 3383 2210 3383 2210 3384 2347 3384 2290 3384 2210 3385 2290 3385 2211 3385 2211 3386 2290 3386 2291 3386 2211 3387 2291 3387 2353 3387 2353 3388 2291 3388 2206 3388 2353 3389 2206 3389 2354 3389 2354 3390 2206 3390 2208 3390 2355 3391 2356 3391 2357 3391 2357 3392 2356 3392 2351 3392 2357 3393 2351 3393 2358 3393 2298 3394 2359 3394 2360 3394 2360 3395 2359 3395 2349 3395 2360 3396 2349 3396 2361 3396 2361 3397 2349 3397 2351 3397 2361 3398 2351 3398 2362 3398 2362 3399 2351 3399 2356 3399 2362 3400 2356 3400 2363 3400 2363 3401 2356 3401 2355 3401 2363 3402 2355 3402 2364 3402 2365 3403 2366 3403 2367 3403 2367 3404 2366 3404 2368 3404 2367 3405 2368 3405 2369 3405 2369 3406 2368 3406 2370 3406 2369 3407 2370 3407 2371 3407 2372 3408 2373 3408 2374 3408 2374 3409 2375 3409 2376 3409 2376 3410 2375 3410 2377 3410 2376 3411 2377 3411 2358 3411 2374 3412 2373 3412 2375 3412 2375 3413 2373 3413 2378 3413 2375 3414 2378 3414 2379 3414 2380 3415 2381 3415 2382 3415 2189 3416 2383 3416 2384 3416 2383 3417 2189 3417 2385 3417 2385 3418 2189 3418 2188 3418 2385 3419 2188 3419 2386 3419 2382 3420 2381 3420 2387 3420 2372 3421 2388 3421 2373 3421 2373 3422 2388 3422 2389 3422 2373 3423 2389 3423 2378 3423 2378 3424 2389 3424 2384 3424 2378 3425 2384 3425 2379 3425 2379 3426 2384 3426 2383 3426 2379 3427 2383 3427 2375 3427 2375 3428 2383 3428 2385 3428 2375 3429 2385 3429 2377 3429 2377 3430 2385 3430 2386 3430 2377 3431 2386 3431 2358 3431 2390 3432 2202 3432 2391 3432 2391 3433 2202 3433 2201 3433 2391 3434 2201 3434 2392 3434 2349 3435 2371 3435 2350 3435 2350 3436 2371 3436 2370 3436 2350 3437 2370 3437 2393 3437 2393 3438 2370 3438 2368 3438 2393 3439 2368 3439 2394 3439 2394 3440 2368 3440 2366 3440 2394 3441 2366 3441 2395 3441 2395 3442 2366 3442 2365 3442 2395 3443 2365 3443 2205 3443 2205 3444 2365 3444 2396 3444 2205 3445 2396 3445 2203 3445 2203 3446 2396 3446 2199 3446 2397 3447 2390 3447 2183 3447 2183 3448 2390 3448 2391 3448 2183 3449 2391 3449 2184 3449 2184 3450 2391 3450 2392 3450 2184 3451 2392 3451 2398 3451 2199 3452 2198 3452 2203 3452 2203 3453 2198 3453 2399 3453 2203 3454 2399 3454 2204 3454 2204 3455 2399 3455 2400 3455 2204 3456 2400 3456 2401 3456 2402 3457 2398 3457 2403 3457 2403 3458 2398 3458 2392 3458 2403 3459 2392 3459 2404 3459 2404 3460 2392 3460 2201 3460 2404 3461 2201 3461 2405 3461 2405 3462 2201 3462 2200 3462 2405 3463 2200 3463 2406 3463 2357 3464 2407 3464 2355 3464 2355 3465 2407 3465 2408 3465 2355 3466 2408 3466 2364 3466 2364 3467 2408 3467 2409 3467 2364 3468 2409 3468 2410 3468 2410 3469 2409 3469 2411 3469 2410 3470 2411 3470 2412 3470 2412 3471 2411 3471 2413 3471 2412 3472 2413 3472 2414 3472 2414 3473 2413 3473 2415 3473 2414 3474 2415 3474 2416 3474 2416 3475 2415 3475 2417 3475 2416 3476 2417 3476 2418 3476 2418 3477 2417 3477 2419 3477 2418 3478 2419 3478 2420 3478 2421 3479 2196 3479 2422 3479 2422 3480 2196 3480 2192 3480 2422 3481 2192 3481 2423 3481 2423 3482 2192 3482 2194 3482 2388 3483 2424 3483 2389 3483 2389 3484 2424 3484 2380 3484 2389 3485 2380 3485 2384 3485 2384 3486 2380 3486 2382 3486 2384 3487 2382 3487 2189 3487 2189 3488 2382 3488 2387 3488 2189 3489 2387 3489 2191 3489 2358 3490 2351 3490 2376 3490 2376 3491 2351 3491 2350 3491 2376 3492 2350 3492 2374 3492 2374 3493 2350 3493 2393 3493 2374 3494 2393 3494 2372 3494 2372 3495 2393 3495 2394 3495 2372 3496 2394 3496 2388 3496 2388 3497 2394 3497 2395 3497 2388 3498 2395 3498 2424 3498 2424 3499 2395 3499 2205 3499 2424 3500 2205 3500 2380 3500 2380 3501 2205 3501 2204 3501 2380 3502 2204 3502 2381 3502 2381 3503 2204 3503 2401 3503 2381 3504 2401 3504 2387 3504 2387 3505 2401 3505 2425 3505 2387 3506 2425 3506 2191 3506 2426 3507 2427 3507 2428 3507 2428 3508 2427 3508 2429 3508 2428 3509 2429 3509 2430 3509 2402 3510 2431 3510 2398 3510 2398 3511 2431 3511 2432 3511 2398 3512 2432 3512 2184 3512 2184 3513 2432 3513 2433 3513 2184 3514 2433 3514 2182 3514 2352 3515 2348 3515 2406 3515 2406 3516 2348 3516 2211 3516 2406 3517 2211 3517 2405 3517 2405 3518 2211 3518 2353 3518 2405 3519 2353 3519 2404 3519 2404 3520 2353 3520 2354 3520 2404 3521 2354 3521 2403 3521 2403 3522 2354 3522 2208 3522 2403 3523 2208 3523 2402 3523 2402 3524 2208 3524 2292 3524 2402 3525 2292 3525 2431 3525 2431 3526 2292 3526 2293 3526 2431 3527 2293 3527 2432 3527 2432 3528 2293 3528 2294 3528 2432 3529 2294 3529 2433 3529 2433 3530 2294 3530 2434 3530 2433 3531 2434 3531 2182 3531 2435 3532 2289 3532 2436 3532 2436 3533 2289 3533 1302 3533 2436 3534 1302 3534 1305 3534 2437 3535 2438 3535 2439 3535 2439 3536 2438 3536 2440 3536 2439 3537 2440 3537 2441 3537 2441 3538 2440 3538 2442 3538 2441 3539 2442 3539 2443 3539 2423 3540 2195 3540 2422 3540 2422 3541 2195 3541 2185 3541 2422 3542 2185 3542 2421 3542 2421 3543 2185 3543 2187 3543 2421 3544 2187 3544 2444 3544 2444 3545 2187 3545 2445 3545 2444 3546 2445 3546 2446 3546 2446 3547 2445 3547 2447 3547 2446 3548 2447 3548 2448 3548 2430 3549 2171 3549 2428 3549 2428 3550 2171 3550 2170 3550 2428 3551 2170 3551 2426 3551 2426 3552 2170 3552 2172 3552 2426 3553 2172 3553 2449 3553 2450 3554 2451 3554 2176 3554 2176 3555 2451 3555 2452 3555 2176 3556 2452 3556 2177 3556 2177 3557 2452 3557 2453 3557 2177 3558 2453 3558 2178 3558 2178 3559 2453 3559 2454 3559 2178 3560 2454 3560 2121 3560 2455 3561 2456 3561 2457 3561 1312 3562 2435 3562 1313 3562 1313 3563 2435 3563 2436 3563 1313 3564 2436 3564 1314 3564 1314 3565 2436 3565 1305 3565 1314 3566 1305 3566 1310 3566 2458 3567 2459 3567 2460 3567 2460 3568 2459 3568 2461 3568 2460 3569 2461 3569 2462 3569 2462 3570 2461 3570 2463 3570 2464 3571 2465 3571 2466 3571 2466 3572 2465 3572 2467 3572 2468 3573 2458 3573 2469 3573 2469 3574 2458 3574 2460 3574 2469 3575 2460 3575 2470 3575 2470 3576 2460 3576 2462 3576 2470 3577 2462 3577 2471 3577 2471 3578 2462 3578 2463 3578 2471 3579 2463 3579 2472 3579 2472 3580 2463 3580 2473 3580 2472 3581 2473 3581 2474 3581 2167 3582 2166 3582 2475 3582 2475 3583 2166 3583 2476 3583 2475 3584 2476 3584 2477 3584 2478 3585 2164 3585 2479 3585 2479 3586 2164 3586 2163 3586 2479 3587 2163 3587 2480 3587 2481 3588 2478 3588 2482 3588 2482 3589 2478 3589 2479 3589 2482 3590 2479 3590 2483 3590 2483 3591 2479 3591 2480 3591 2483 3592 2480 3592 2484 3592 2485 3593 2486 3593 2487 3593 2487 3594 2484 3594 2488 3594 2488 3595 2484 3595 2480 3595 2488 3596 2480 3596 2489 3596 2489 3597 2480 3597 2163 3597 2489 3598 2163 3598 2490 3598 2490 3599 2163 3599 2165 3599 2490 3600 2165 3600 2491 3600 2492 3601 2175 3601 2493 3601 2493 3602 2175 3602 2174 3602 2493 3603 2174 3603 2494 3603 2495 3604 2496 3604 2497 3604 2087 3605 2086 3605 2498 3605 2498 3606 2086 3606 2499 3606 2498 3607 2499 3607 2500 3607 2500 3608 2499 3608 2501 3608 2500 3609 2501 3609 2502 3609 2502 3610 2501 3610 2168 3610 2502 3611 2168 3611 2503 3611 2503 3612 2168 3612 2167 3612 2503 3613 2167 3613 2504 3613 2504 3614 2167 3614 2475 3614 2504 3615 2475 3615 2505 3615 2505 3616 2475 3616 2477 3616 2505 3617 2477 3617 2506 3617 2507 3618 2154 3618 2508 3618 2508 3619 2154 3619 2153 3619 2508 3620 2153 3620 2509 3620 2506 3621 2510 3621 2511 3621 2512 3622 2513 3622 2474 3622 2474 3623 2513 3623 2514 3623 2474 3624 2514 3624 2472 3624 2506 3625 2511 3625 2505 3625 2505 3626 2511 3626 2515 3626 2505 3627 2515 3627 2504 3627 2504 3628 2515 3628 2516 3628 2504 3629 2516 3629 2503 3629 2492 3630 2517 3630 2518 3630 2518 3631 2517 3631 2519 3631 2518 3632 2519 3632 2520 3632 2520 3633 2519 3633 2521 3633 2520 3634 2521 3634 2522 3634 2522 3635 2521 3635 2523 3635 2476 3636 2173 3636 2477 3636 2477 3637 2173 3637 2175 3637 2477 3638 2175 3638 2506 3638 2506 3639 2175 3639 2492 3639 2506 3640 2492 3640 2510 3640 2510 3641 2492 3641 2518 3641 2510 3642 2518 3642 2511 3642 2511 3643 2518 3643 2520 3643 2511 3644 2520 3644 2515 3644 2515 3645 2520 3645 2522 3645 2515 3646 2522 3646 2516 3646 2516 3647 2522 3647 2523 3647 2524 3648 2525 3648 2494 3648 2494 3649 2525 3649 2526 3649 2494 3650 2526 3650 2493 3650 2493 3651 2526 3651 2527 3651 2493 3652 2527 3652 2492 3652 2492 3653 2527 3653 2528 3653 2492 3654 2528 3654 2517 3654 2517 3655 2528 3655 2529 3655 2517 3656 2529 3656 2519 3656 2519 3657 2529 3657 2150 3657 2519 3658 2150 3658 2521 3658 2521 3659 2150 3659 2149 3659 2521 3660 2149 3660 2523 3660 2496 3661 2495 3661 2530 3661 2530 3662 2495 3662 2531 3662 2530 3663 2531 3663 2532 3663 2532 3664 2531 3664 2533 3664 2532 3665 2533 3665 2157 3665 2157 3666 2533 3666 2534 3666 2157 3667 2534 3667 2155 3667 2159 3668 2158 3668 2535 3668 2535 3669 2158 3669 2161 3669 2535 3670 2161 3670 2536 3670 2152 3671 2154 3671 2537 3671 2537 3672 2154 3672 2538 3672 2537 3673 2538 3673 2539 3673 2539 3674 2538 3674 2540 3674 2539 3675 2540 3675 2541 3675 2540 3676 2542 3676 2543 3676 2543 3677 2542 3677 2544 3677 2466 3678 2545 3678 2464 3678 2464 3679 2545 3679 2546 3679 2464 3680 2546 3680 2547 3680 2547 3681 2546 3681 2548 3681 2547 3682 2548 3682 2549 3682 2549 3683 2548 3683 2550 3683 2549 3684 2550 3684 2551 3684 2541 3685 2540 3685 2552 3685 2552 3686 2540 3686 2543 3686 2552 3687 2543 3687 2553 3687 2553 3688 2543 3688 2544 3688 2553 3689 2544 3689 2554 3689 2555 3690 2556 3690 2146 3690 2146 3691 2556 3691 2147 3691 2147 3692 2556 3692 2557 3692 2147 3693 2557 3693 2148 3693 2558 3694 2559 3694 2560 3694 2561 3695 2562 3695 2560 3695 2559 3696 2151 3696 2560 3696 2560 3697 2151 3697 2150 3697 2560 3698 2150 3698 2561 3698 2561 3699 2150 3699 2529 3699 2561 3700 2529 3700 2563 3700 2563 3701 2529 3701 2528 3701 2563 3702 2528 3702 2513 3702 2513 3703 2528 3703 2527 3703 2513 3704 2527 3704 2514 3704 2514 3705 2527 3705 2526 3705 2514 3706 2526 3706 2472 3706 2472 3707 2526 3707 2525 3707 2472 3708 2525 3708 2471 3708 2471 3709 2525 3709 2524 3709 2471 3710 2524 3710 2470 3710 2470 3711 2524 3711 2564 3711 2470 3712 2564 3712 2469 3712 2469 3713 2564 3713 2565 3713 2469 3714 2565 3714 2468 3714 2566 3715 2567 3715 2568 3715 2568 3716 2567 3716 2569 3716 2568 3717 2569 3717 2570 3717 2512 3718 2571 3718 2513 3718 2513 3719 2571 3719 2572 3719 2513 3720 2572 3720 2563 3720 2563 3721 2572 3721 2566 3721 2563 3722 2566 3722 2561 3722 2561 3723 2566 3723 2568 3723 2561 3724 2568 3724 2562 3724 2562 3725 2568 3725 2570 3725 2562 3726 2570 3726 2560 3726 2560 3727 2570 3727 2573 3727 2560 3728 2573 3728 2558 3728 2574 3729 2575 3729 2576 3729 2577 3730 2578 3730 2579 3730 2580 3731 2162 3731 2581 3731 2581 3732 2162 3732 2582 3732 2581 3733 2582 3733 2583 3733 2583 3734 2582 3734 2577 3734 2583 3735 2577 3735 2574 3735 2574 3736 2577 3736 2579 3736 2574 3737 2579 3737 2575 3737 2162 3738 2158 3738 2582 3738 2582 3739 2158 3739 2160 3739 2582 3740 2160 3740 2577 3740 2577 3741 2160 3741 2584 3741 2577 3742 2584 3742 2578 3742 2536 3743 2585 3743 2586 3743 2536 3744 2586 3744 2535 3744 2535 3745 2586 3745 2587 3745 2535 3746 2587 3746 2159 3746 2159 3747 2587 3747 2588 3747 2159 3748 2588 3748 2160 3748 2160 3749 2588 3749 2589 3749 2160 3750 2589 3750 2584 3750 2145 3751 2144 3751 2590 3751 2590 3752 2144 3752 2591 3752 2590 3753 2591 3753 2156 3753 2156 3754 2591 3754 2536 3754 2156 3755 2536 3755 2157 3755 2157 3756 2536 3756 2161 3756 2157 3757 2161 3757 2532 3757 2532 3758 2161 3758 2162 3758 2532 3759 2162 3759 2530 3759 2530 3760 2162 3760 2580 3760 2530 3761 2580 3761 2496 3761 2143 3762 2145 3762 2592 3762 2592 3763 2145 3763 2593 3763 2592 3764 2593 3764 2594 3764 2491 3765 2595 3765 2596 3765 2165 3766 2597 3766 2491 3766 2491 3767 2597 3767 2598 3767 2491 3768 2598 3768 2595 3768 2595 3769 2598 3769 2599 3769 2595 3770 2599 3770 2596 3770 2596 3771 2599 3771 2600 3771 2601 3772 2602 3772 2603 3772 2603 3773 2604 3773 2601 3773 2601 3774 2604 3774 2605 3774 2601 3775 2605 3775 2606 3775 2140 3776 2142 3776 2607 3776 2605 3777 2608 3777 2606 3777 2606 3778 2608 3778 2609 3778 2606 3779 2609 3779 2610 3779 2610 3780 2609 3780 2611 3780 2610 3781 2611 3781 2612 3781 2613 3782 2614 3782 2615 3782 2487 3783 2488 3783 2485 3783 2485 3784 2488 3784 2489 3784 2485 3785 2489 3785 2616 3785 2616 3786 2489 3786 2490 3786 2616 3787 2490 3787 2617 3787 2617 3788 2490 3788 2491 3788 2617 3789 2491 3789 2618 3789 2618 3790 2491 3790 2596 3790 2618 3791 2596 3791 2613 3791 2613 3792 2596 3792 2600 3792 2613 3793 2600 3793 2614 3793 2614 3794 2600 3794 2619 3794 2614 3795 2619 3795 2615 3795 2615 3796 2619 3796 2620 3796 2615 3797 2620 3797 2621 3797 2133 3798 2132 3798 2622 3798 2622 3799 2132 3799 2623 3799 2622 3800 2623 3800 2624 3800 2624 3801 2623 3801 2625 3801 2624 3802 2625 3802 2626 3802 2612 3803 2607 3803 2610 3803 2610 3804 2607 3804 2142 3804 2610 3805 2142 3805 2627 3805 2627 3806 2142 3806 2628 3806 2627 3807 2628 3807 2629 3807 2629 3808 2628 3808 2630 3808 2629 3809 2630 3809 2631 3809 2631 3810 2630 3810 2632 3810 2633 3811 2626 3811 2634 3811 2634 3812 2626 3812 2625 3812 2634 3813 2625 3813 2128 3813 2128 3814 2625 3814 2623 3814 2128 3815 2623 3815 2129 3815 2129 3816 2623 3816 2132 3816 2129 3817 2132 3817 2635 3817 2635 3818 2132 3818 2131 3818 2635 3819 2131 3819 2636 3819 2130 3820 2129 3820 2637 3820 2637 3821 2129 3821 2635 3821 2637 3822 2635 3822 2638 3822 2638 3823 2635 3823 2636 3823 2638 3824 2636 3824 2639 3824 2640 3825 2641 3825 2269 3825 2642 3826 2643 3826 2644 3826 2644 3827 2643 3827 2645 3827 2644 3828 2645 3828 2646 3828 2141 3829 2137 3829 2142 3829 2142 3830 2137 3830 2139 3830 2142 3831 2139 3831 2628 3831 2628 3832 2139 3832 2647 3832 2628 3833 2647 3833 2630 3833 2630 3834 2647 3834 2648 3834 2630 3835 2648 3835 2632 3835 2632 3836 2648 3836 2649 3836 2269 3837 2641 3837 2267 3837 2267 3838 2641 3838 2650 3838 2267 3839 2650 3839 2271 3839 2271 3840 2650 3840 2651 3840 2271 3841 2651 3841 2276 3841 2138 3842 2134 3842 2139 3842 2139 3843 2134 3843 2136 3843 2139 3844 2136 3844 2647 3844 2647 3845 2136 3845 2652 3845 2647 3846 2652 3846 2648 3846 2648 3847 2652 3847 2653 3847 2648 3848 2653 3848 2649 3848 2649 3849 2653 3849 2654 3849 2649 3850 2654 3850 2655 3850 2655 3851 2654 3851 2656 3851 2585 3852 2536 3852 2657 3852 2657 3853 2536 3853 2591 3853 2657 3854 2591 3854 2658 3854 2658 3855 2591 3855 2144 3855 2658 3856 2144 3856 2659 3856 2659 3857 2144 3857 2143 3857 2659 3858 2143 3858 2642 3858 2642 3859 2143 3859 2592 3859 2642 3860 2592 3860 2643 3860 2643 3861 2592 3861 2594 3861 2643 3862 2594 3862 2645 3862 2660 3863 2661 3863 2662 3863 2662 3864 2661 3864 2663 3864 2662 3865 2663 3865 2664 3865 2664 3866 2663 3866 2665 3866 2664 3867 2665 3867 2666 3867 2666 3868 2665 3868 2667 3868 2666 3869 2667 3869 2668 3869 2668 3870 2667 3870 2669 3870 2668 3871 2669 3871 2670 3871 2497 3872 2509 3872 2495 3872 2495 3873 2509 3873 2153 3873 2495 3874 2153 3874 2531 3874 2531 3875 2153 3875 2152 3875 2531 3876 2152 3876 2533 3876 2533 3877 2152 3877 2537 3877 2533 3878 2537 3878 2534 3878 2534 3879 2537 3879 2539 3879 2534 3880 2539 3880 2155 3880 2155 3881 2539 3881 2541 3881 2155 3882 2541 3882 2156 3882 2156 3883 2541 3883 2552 3883 2156 3884 2552 3884 2590 3884 2590 3885 2552 3885 2553 3885 2590 3886 2553 3886 2145 3886 2145 3887 2553 3887 2554 3887 2145 3888 2554 3888 2593 3888 2593 3889 2554 3889 2671 3889 2593 3890 2671 3890 2594 3890 2594 3891 2671 3891 2672 3891 2594 3892 2672 3892 2645 3892 2645 3893 2672 3893 2673 3893 2645 3894 2673 3894 2646 3894 2646 3895 2673 3895 2674 3895 2497 3896 2467 3896 2509 3896 2509 3897 2467 3897 2465 3897 2509 3898 2465 3898 2508 3898 2508 3899 2465 3899 2464 3899 2508 3900 2464 3900 2507 3900 2507 3901 2464 3901 2547 3901 2507 3902 2547 3902 2154 3902 2154 3903 2547 3903 2549 3903 2154 3904 2549 3904 2538 3904 2538 3905 2549 3905 2551 3905 2538 3906 2551 3906 2540 3906 2540 3907 2551 3907 2550 3907 2540 3908 2550 3908 2542 3908 2542 3909 2550 3909 2675 3909 2542 3910 2675 3910 2544 3910 2544 3911 2675 3911 2676 3911 2544 3912 2676 3912 2554 3912 2554 3913 2676 3913 2677 3913 2554 3914 2677 3914 2671 3914 2671 3915 2677 3915 2678 3915 2671 3916 2678 3916 2672 3916 2672 3917 2678 3917 2679 3917 2672 3918 2679 3918 2673 3918 2673 3919 2679 3919 2680 3919 2673 3920 2680 3920 2674 3920 2674 3921 2680 3921 2681 3921 2682 3922 2126 3922 2683 3922 2683 3923 2126 3923 2125 3923 2683 3924 2125 3924 2684 3924 2685 3925 2576 3925 2686 3925 2686 3926 2576 3926 2575 3926 2686 3927 2575 3927 2687 3927 2687 3928 2575 3928 2579 3928 2687 3929 2579 3929 2688 3929 2688 3930 2579 3930 2578 3930 2688 3931 2578 3931 2689 3931 2689 3932 2578 3932 2584 3932 2689 3933 2584 3933 2690 3933 2690 3934 2584 3934 2589 3934 2690 3935 2589 3935 2691 3935 2691 3936 2589 3936 2588 3936 2691 3937 2588 3937 2692 3937 2692 3938 2588 3938 2587 3938 2692 3939 2587 3939 2693 3939 2693 3940 2587 3940 2586 3940 2693 3941 2586 3941 2694 3941 2694 3942 2586 3942 2585 3942 2694 3943 2585 3943 2695 3943 2695 3944 2585 3944 2657 3944 2695 3945 2657 3945 2696 3945 2696 3946 2657 3946 2658 3946 2696 3947 2658 3947 2697 3947 2697 3948 2658 3948 2659 3948 2697 3949 2659 3949 2698 3949 2698 3950 2659 3950 2642 3950 2698 3951 2642 3951 2699 3951 2699 3952 2642 3952 2644 3952 2699 3953 2644 3953 2700 3953 2700 3954 2644 3954 2646 3954 2700 3955 2646 3955 2684 3955 2684 3956 2646 3956 2674 3956 2684 3957 2674 3957 2683 3957 2683 3958 2674 3958 2681 3958 2683 3959 2681 3959 2682 3959 2557 3960 2701 3960 2148 3960 2148 3961 2701 3961 2702 3961 2148 3962 2702 3962 2703 3962 2703 3963 2702 3963 2704 3963 2703 3964 2704 3964 2633 3964 2633 3965 2704 3965 2602 3965 2633 3966 2602 3966 2626 3966 2626 3967 2602 3967 2601 3967 2626 3968 2601 3968 2624 3968 2624 3969 2601 3969 2606 3969 2624 3970 2606 3970 2622 3970 2622 3971 2606 3971 2610 3971 2622 3972 2610 3972 2133 3972 2133 3973 2610 3973 2627 3973 2133 3974 2627 3974 2131 3974 2131 3975 2627 3975 2629 3975 2131 3976 2629 3976 2636 3976 2636 3977 2629 3977 2631 3977 2636 3978 2631 3978 2639 3978 2639 3979 2631 3979 2632 3979 2639 3980 2632 3980 2705 3980 2705 3981 2632 3981 2649 3981 2705 3982 2649 3982 2706 3982 2706 3983 2649 3983 2655 3983 2706 3984 2655 3984 2707 3984 2707 3985 2655 3985 2656 3985 2707 3986 2656 3986 2708 3986 2603 3987 2685 3987 2604 3987 2604 3988 2685 3988 2686 3988 2604 3989 2686 3989 2605 3989 2605 3990 2686 3990 2687 3990 2605 3991 2687 3991 2608 3991 2608 3992 2687 3992 2688 3992 2608 3993 2688 3993 2609 3993 2609 3994 2688 3994 2689 3994 2609 3995 2689 3995 2611 3995 2611 3996 2689 3996 2690 3996 2611 3997 2690 3997 2612 3997 2612 3998 2690 3998 2691 3998 2612 3999 2691 3999 2607 3999 2607 4000 2691 4000 2692 4000 2607 4001 2692 4001 2140 4001 2140 4002 2692 4002 2693 4002 2140 4003 2693 4003 2141 4003 2141 4004 2693 4004 2694 4004 2141 4005 2694 4005 2137 4005 2137 4006 2694 4006 2695 4006 2137 4007 2695 4007 2138 4007 2138 4008 2695 4008 2696 4008 2138 4009 2696 4009 2134 4009 2134 4010 2696 4010 2697 4010 2134 4011 2697 4011 2135 4011 2135 4012 2697 4012 2698 4012 2135 4013 2698 4013 2136 4013 2136 4014 2698 4014 2699 4014 2136 4015 2699 4015 2652 4015 2652 4016 2699 4016 2700 4016 2652 4017 2700 4017 2653 4017 2653 4018 2700 4018 2684 4018 2653 4019 2684 4019 2654 4019 2654 4020 2684 4020 2125 4020 2654 4021 2125 4021 2656 4021 2656 4022 2125 4022 2127 4022 2656 4023 2127 4023 2708 4023 2709 4024 2710 4024 2711 4024 2283 4025 2712 4025 2285 4025 2285 4026 2712 4026 2713 4026 2285 4027 2713 4027 2714 4027 2714 4028 2713 4028 2279 4028 2714 4029 2279 4029 2715 4029 2715 4030 2279 4030 2274 4030 2651 4031 2716 4031 2276 4031 2276 4032 2716 4032 2717 4032 2276 4033 2717 4033 2274 4033 2274 4034 2717 4034 2718 4034 2274 4035 2718 4035 2715 4035 2715 4036 2718 4036 2710 4036 2719 4037 2711 4037 2720 4037 2670 4038 2721 4038 2722 4038 2722 4039 2721 4039 2723 4039 2722 4040 2723 4040 2724 4040 2724 4041 2723 4041 2725 4041 2724 4042 2725 4042 2726 4042 2727 4043 2669 4043 2728 4043 2728 4044 2669 4044 2667 4044 2728 4045 2667 4045 2729 4045 2729 4046 2667 4046 2665 4046 2729 4047 2665 4047 2730 4047 2730 4048 2665 4048 2663 4048 2730 4049 2663 4049 2731 4049 2731 4050 2663 4050 2661 4050 2731 4051 2661 4051 2732 4051 2732 4052 2661 4052 2660 4052 2732 4053 2660 4053 2733 4053 2121 4054 2454 4054 2122 4054 2122 4055 2454 4055 2734 4055 2122 4056 2734 4056 2124 4056 2397 4057 2450 4057 2735 4057 2735 4058 2450 4058 2176 4058 2735 4059 2176 4059 2736 4059 2736 4060 2176 4060 2178 4060 2736 4061 2178 4061 2737 4061 2737 4062 2178 4062 2121 4062 2737 4063 2121 4063 2738 4063 2738 4064 2121 4064 2123 4064 2738 4065 2123 4065 2739 4065 2456 4066 2455 4066 2740 4066 2740 4067 2455 4067 2741 4067 2740 4068 2741 4068 2742 4068 2742 4069 2741 4069 2743 4069 2742 4070 2743 4070 2744 4070 2744 4071 2743 4071 2745 4071 2744 4072 2745 4072 2746 4072 2429 4073 2747 4073 2430 4073 2430 4074 2747 4074 2457 4074 2430 4075 2457 4075 2171 4075 2171 4076 2457 4076 2456 4076 2171 4077 2456 4077 2748 4077 2748 4078 2456 4078 2740 4078 2748 4079 2740 4079 2749 4079 2749 4080 2740 4080 2742 4080 2749 4081 2742 4081 2750 4081 2750 4082 2742 4082 2744 4082 2750 4083 2744 4083 2751 4083 2751 4084 2744 4084 2746 4084 2118 4085 2752 4085 2119 4085 2119 4086 2752 4086 2753 4086 2119 4087 2753 4087 2120 4087 2120 4088 2753 4088 2754 4088 2120 4089 2754 4089 2755 4089 2755 4090 2754 4090 2756 4090 2755 4091 2756 4091 2757 4091 2757 4092 2756 4092 2758 4092 2757 4093 2758 4093 2759 4093 2759 4094 2758 4094 2760 4094 2759 4095 2760 4095 2197 4095 2761 4096 2762 4096 2745 4096 2745 4097 2762 4097 2763 4097 2745 4098 2763 4098 2746 4098 2746 4099 2763 4099 2764 4099 2746 4100 2764 4100 2751 4100 2447 4101 2449 4101 2448 4101 2448 4102 2449 4102 2172 4102 2448 4103 2172 4103 2765 4103 2765 4104 2172 4104 2169 4104 2765 4105 2169 4105 2733 4105 2733 4106 2169 4106 2171 4106 2733 4107 2171 4107 2732 4107 2732 4108 2171 4108 2748 4108 2732 4109 2748 4109 2731 4109 2731 4110 2748 4110 2749 4110 2731 4111 2749 4111 2730 4111 2730 4112 2749 4112 2750 4112 2730 4113 2750 4113 2729 4113 2729 4114 2750 4114 2751 4114 2729 4115 2751 4115 2728 4115 2728 4116 2751 4116 2764 4116 2728 4117 2764 4117 2727 4117 2766 4118 2767 4118 2768 4118 2670 4119 2669 4119 2721 4119 2721 4120 2669 4120 2727 4120 2721 4121 2727 4121 2723 4121 2723 4122 2727 4122 2769 4122 2723 4123 2769 4123 2725 4123 2770 4124 2771 4124 2772 4124 2773 4125 2774 4125 2775 4125 2775 4126 2774 4126 2776 4126 2775 4127 2776 4127 2771 4127 2772 4128 2777 4128 2770 4128 2770 4129 2777 4129 2778 4129 2770 4130 2778 4130 2768 4130 2768 4131 2778 4131 2779 4131 2768 4132 2779 4132 2766 4132 2771 4133 2770 4133 2775 4133 2775 4134 2770 4134 2768 4134 2775 4135 2768 4135 2773 4135 2773 4136 2768 4136 2767 4136 2773 4137 2767 4137 2780 4137 2711 4138 2719 4138 2709 4138 2709 4139 2719 4139 2781 4139 2709 4140 2781 4140 2782 4140 2782 4141 2781 4141 2783 4141 2782 4142 2783 4142 2784 4142 2710 4143 2709 4143 2715 4143 2715 4144 2709 4144 2782 4144 2715 4145 2782 4145 2714 4145 2714 4146 2782 4146 2784 4146 2714 4147 2784 4147 2285 4147 2117 4148 2762 4148 2116 4148 2116 4149 2762 4149 2761 4149 2116 4150 2761 4150 2112 4150 2112 4151 2761 4151 2785 4151 2112 4152 2785 4152 2113 4152 2772 4153 2726 4153 2777 4153 2777 4154 2726 4154 2725 4154 2777 4155 2725 4155 2778 4155 2778 4156 2725 4156 2769 4156 2778 4157 2769 4157 2779 4157 2779 4158 2769 4158 2727 4158 2779 4159 2727 4159 2766 4159 2766 4160 2727 4160 2764 4160 2766 4161 2764 4161 2767 4161 2767 4162 2764 4162 2763 4162 2767 4163 2763 4163 2780 4163 2780 4164 2763 4164 2762 4164 2780 4165 2762 4165 2773 4165 2773 4166 2762 4166 2117 4166 2773 4167 2117 4167 2774 4167 2774 4168 2117 4168 2115 4168 2774 4169 2115 4169 2786 4169 2786 4170 2115 4170 2112 4170 2786 4171 2112 4171 2787 4171 2787 4172 2112 4172 2114 4172 2747 4173 2760 4173 2457 4173 2457 4174 2760 4174 2758 4174 2457 4175 2758 4175 2455 4175 2455 4176 2758 4176 2756 4176 2455 4177 2756 4177 2741 4177 2741 4178 2756 4178 2754 4178 2741 4179 2754 4179 2743 4179 2743 4180 2754 4180 2753 4180 2743 4181 2753 4181 2745 4181 2745 4182 2753 4182 2752 4182 2745 4183 2752 4183 2761 4183 2761 4184 2752 4184 2118 4184 2761 4185 2118 4185 2785 4185 2785 4186 2118 4186 2109 4186 2785 4187 2109 4187 2113 4187 2113 4188 2109 4188 2111 4188 2113 4189 2111 4189 2114 4189 2114 4190 2111 4190 2788 4190 2452 4191 2179 4191 2453 4191 2453 4192 2179 4192 2181 4192 2453 4193 2181 4193 2454 4193 2454 4194 2181 4194 2789 4194 2454 4195 2789 4195 2734 4195 2734 4196 2789 4196 2790 4196 2734 4197 2790 4197 2124 4197 2124 4198 2790 4198 1311 4198 2124 4199 1311 4199 2286 4199 2286 4200 1311 4200 1315 4200 2107 4201 2108 4201 2791 4201 2792 4202 2793 4202 2794 4202 2794 4203 2793 4203 2795 4203 2794 4204 2795 4204 2796 4204 2796 4205 2795 4205 2797 4205 2796 4206 2797 4206 2798 4206 2799 4207 2800 4207 2801 4207 2801 4208 2800 4208 2802 4208 2801 4209 2802 4209 2803 4209 1222 4210 1224 4210 2229 4210 2229 4211 1224 4211 2107 4211 2229 4212 2107 4212 2096 4212 2096 4213 2107 4213 2791 4213 2096 4214 2791 4214 2094 4214 2804 4215 2098 4215 2805 4215 2805 4216 2098 4216 2100 4216 2805 4217 2100 4217 2806 4217 2806 4218 2100 4218 2807 4218 2806 4219 2807 4219 2808 4219 2108 4220 2804 4220 2791 4220 2791 4221 2804 4221 2805 4221 2791 4222 2805 4222 2094 4222 2094 4223 2805 4223 2806 4223 2094 4224 2806 4224 2097 4224 2097 4225 2806 4225 2808 4225 2097 4226 2808 4226 2809 4226 2810 4227 2811 4227 2812 4227 2812 4228 2811 4228 2813 4228 2812 4229 2813 4229 2814 4229 2814 4230 2813 4230 2815 4230 2816 4231 2817 4231 2818 4231 2819 4232 2820 4232 2821 4232 2821 4233 2820 4233 2822 4233 2821 4234 2822 4234 2823 4234 2823 4235 2822 4235 2824 4235 2823 4236 2824 4236 2825 4236 2814 4237 2798 4237 2812 4237 2812 4238 2798 4238 2797 4238 2812 4239 2797 4239 2810 4239 2810 4240 2797 4240 2795 4240 2810 4241 2795 4241 2092 4241 2092 4242 2795 4242 2793 4242 2092 4243 2793 4243 2093 4243 2093 4244 2793 4244 2792 4244 2826 4245 2106 4245 2799 4245 2799 4246 2106 4246 2105 4246 2799 4247 2105 4247 2800 4247 2827 4248 2828 4248 2829 4248 2829 4249 2828 4249 2830 4249 2829 4250 2830 4250 2831 4250 2831 4251 2830 4251 2832 4251 2831 4252 2832 4252 2833 4252 2834 4253 2826 4253 2835 4253 2835 4254 2826 4254 2799 4254 2835 4255 2799 4255 2836 4255 2836 4256 2799 4256 2801 4256 2836 4257 2801 4257 2101 4257 2101 4258 2801 4258 2803 4258 2101 4259 2803 4259 2102 4259 2837 4260 2838 4260 2839 4260 2833 4261 2840 4261 2831 4261 2831 4262 2840 4262 2841 4262 2831 4263 2841 4263 2829 4263 2829 4264 2841 4264 2842 4264 2829 4265 2842 4265 2827 4265 2827 4266 2842 4266 2843 4266 2088 4267 2844 4267 2089 4267 2089 4268 2844 4268 2845 4268 2089 4269 2845 4269 2090 4269 2682 4270 2720 4270 2126 4270 2126 4271 2720 4271 2711 4271 2126 4272 2711 4272 2127 4272 2127 4273 2711 4273 2710 4273 2127 4274 2710 4274 2708 4274 2708 4275 2710 4275 2718 4275 2708 4276 2718 4276 2707 4276 2707 4277 2718 4277 2717 4277 2707 4278 2717 4278 2706 4278 2706 4279 2717 4279 2716 4279 2706 4280 2716 4280 2705 4280 2705 4281 2716 4281 2651 4281 2705 4282 2651 4282 2639 4282 2639 4283 2651 4283 2650 4283 2639 4284 2650 4284 2638 4284 2638 4285 2650 4285 2641 4285 2638 4286 2641 4286 2637 4286 2637 4287 2641 4287 2640 4287 2637 4288 2640 4288 2130 4288 2130 4289 2640 4289 2846 4289 2130 4290 2846 4290 2128 4290 2128 4291 2846 4291 2621 4291 2128 4292 2621 4292 2634 4292 2634 4293 2621 4293 2620 4293 2634 4294 2620 4294 2633 4294 2633 4295 2620 4295 2619 4295 2633 4296 2619 4296 2703 4296 2703 4297 2619 4297 2600 4297 2703 4298 2600 4298 2148 4298 2148 4299 2600 4299 2599 4299 2148 4300 2599 4300 2146 4300 2146 4301 2599 4301 2598 4301 2146 4302 2598 4302 2555 4302 2555 4303 2598 4303 2597 4303 2555 4304 2597 4304 2847 4304 2847 4305 2597 4305 2165 4305 2847 4306 2165 4306 2848 4306 2848 4307 2165 4307 2164 4307 2848 4308 2164 4308 2849 4308 2849 4309 2164 4309 2478 4309 2849 4310 2478 4310 2850 4310 2850 4311 2478 4311 2481 4311 2850 4312 2481 4312 2851 4312 2851 4313 2481 4313 2090 4313 2851 4314 2090 4314 2852 4314 2852 4315 2090 4315 2845 4315 2852 4316 2845 4316 2853 4316 2853 4317 2085 4317 2852 4317 2852 4318 2085 4318 2087 4318 2852 4319 2087 4319 2851 4319 2851 4320 2087 4320 2498 4320 2851 4321 2498 4321 2850 4321 2850 4322 2498 4322 2500 4322 2850 4323 2500 4323 2849 4323 2849 4324 2500 4324 2502 4324 2849 4325 2502 4325 2848 4325 2848 4326 2502 4326 2503 4326 2848 4327 2503 4327 2847 4327 2847 4328 2503 4328 2516 4328 2847 4329 2516 4329 2555 4329 2555 4330 2516 4330 2523 4330 2555 4331 2523 4331 2556 4331 2556 4332 2523 4332 2149 4332 2556 4333 2149 4333 2557 4333 2557 4334 2149 4334 2151 4334 2557 4335 2151 4335 2701 4335 2701 4336 2151 4336 2559 4336 2701 4337 2559 4337 2702 4337 2702 4338 2559 4338 2558 4338 2702 4339 2558 4339 2704 4339 2704 4340 2558 4340 2573 4340 2704 4341 2573 4341 2602 4341 2602 4342 2573 4342 2570 4342 2602 4343 2570 4343 2603 4343 2603 4344 2570 4344 2569 4344 2603 4345 2569 4345 2685 4345 2685 4346 2569 4346 2567 4346 2685 4347 2567 4347 2576 4347 2576 4348 2567 4348 2566 4348 2576 4349 2566 4349 2574 4349 2574 4350 2566 4350 2572 4350 2574 4351 2572 4351 2583 4351 2583 4352 2572 4352 2571 4352 2583 4353 2571 4353 2581 4353 2581 4354 2571 4354 2512 4354 2581 4355 2512 4355 2580 4355 2580 4356 2512 4356 2474 4356 2580 4357 2474 4357 2496 4357 2496 4358 2474 4358 2473 4358 2496 4359 2473 4359 2497 4359 2497 4360 2473 4360 2463 4360 2497 4361 2463 4361 2467 4361 2467 4362 2463 4362 2461 4362 2467 4363 2461 4363 2466 4363 2466 4364 2461 4364 2459 4364 2466 4365 2459 4365 2545 4365 2545 4366 2459 4366 2458 4366 2545 4367 2458 4367 2854 4367 2854 4368 2458 4368 2468 4368 2099 4369 2818 4369 2100 4369 2100 4370 2818 4370 2817 4370 2100 4371 2817 4371 2807 4371 2807 4372 2817 4372 2855 4372 2807 4373 2855 4373 2808 4373 2808 4374 2855 4374 2856 4374 2808 4375 2856 4375 2809 4375 2809 4376 2856 4376 2857 4376 2809 4377 2857 4377 2097 4377 2097 4378 2857 4378 2858 4378 2097 4379 2858 4379 2095 4379 2095 4380 2858 4380 2859 4380 2095 4381 2859 4381 2096 4381 2096 4382 2859 4382 2860 4382 2096 4383 2860 4383 2228 4383 2228 4384 2860 4384 2861 4384 2084 4385 2083 4385 2862 4385 2862 4386 2083 4386 2863 4386 2862 4387 2863 4387 2864 4387 2081 4388 2080 4388 2083 4388 2083 4389 2080 4389 2865 4389 2083 4390 2865 4390 2863 4390 2863 4391 2865 4391 2231 4391 2863 4392 2231 4392 2864 4392 2864 4393 2231 4393 2230 4393 2864 4394 2230 4394 2866 4394 2867 4395 2868 4395 2869 4395 2869 4396 2868 4396 2870 4396 2869 4397 2870 4397 2825 4397 2825 4398 2870 4398 2082 4398 2825 4399 2082 4399 2823 4399 2823 4400 2082 4400 2081 4400 2823 4401 2081 4401 2821 4401 2821 4402 2081 4402 2084 4402 2821 4403 2084 4403 2819 4403 2871 4404 2872 4404 2873 4404 2838 4405 2874 4405 2839 4405 2839 4406 2874 4406 2871 4406 2839 4407 2871 4407 2875 4407 2875 4408 2871 4408 2873 4408 2875 4409 2873 4409 2876 4409 2877 4410 2878 4410 2879 4410 2872 4411 2880 4411 2873 4411 2873 4412 2880 4412 2881 4412 2873 4413 2881 4413 2876 4413 2876 4414 2881 4414 2882 4414 2883 4415 2884 4415 2885 4415 2886 4416 2887 4416 2888 4416 2888 4417 2887 4417 2889 4417 2075 4418 2074 4418 2890 4418 2890 4419 2074 4419 2884 4419 2890 4420 2884 4420 2889 4420 2889 4421 2884 4421 2883 4421 2889 4422 2883 4422 2888 4422 2879 4423 2878 4423 2891 4423 2892 4424 2893 4424 2894 4424 2867 4425 2892 4425 2868 4425 2868 4426 2892 4426 2894 4426 2868 4427 2894 4427 2870 4427 2870 4428 2894 4428 2895 4428 2870 4429 2895 4429 2082 4429 2082 4430 2895 4430 2896 4430 2082 4431 2896 4431 2080 4431 2080 4432 2896 4432 2897 4432 2080 4433 2897 4433 2865 4433 2865 4434 2897 4434 2898 4434 2865 4435 2898 4435 2231 4435 2232 4436 2231 4436 2235 4436 2235 4437 2231 4437 2898 4437 2235 4438 2898 4438 2233 4438 2233 4439 2898 4439 2897 4439 2233 4440 2897 4440 2899 4440 2899 4441 2897 4441 2896 4441 2899 4442 2896 4442 2900 4442 2900 4443 2896 4443 2895 4443 2900 4444 2895 4444 2901 4444 2901 4445 2895 4445 2894 4445 2901 4446 2894 4446 2902 4446 2902 4447 2894 4447 2893 4447 2902 4448 2893 4448 2903 4448 2904 4449 2905 4449 2906 4449 2907 4450 2104 4450 2908 4450 2908 4451 2104 4451 2106 4451 2908 4452 2106 4452 2909 4452 2909 4453 2106 4453 2826 4453 2909 4454 2826 4454 2910 4454 2910 4455 2826 4455 2834 4455 2910 4456 2834 4456 2904 4456 2904 4457 2834 4457 2911 4457 2904 4458 2911 4458 2905 4458 2905 4459 2911 4459 2912 4459 2905 4460 2912 4460 2906 4460 2906 4461 2912 4461 2913 4461 2906 4462 2913 4462 2914 4462 2915 4463 2916 4463 2917 4463 2917 4464 2916 4464 2918 4464 2232 4465 2861 4465 2230 4465 2230 4466 2861 4466 2860 4466 2230 4467 2860 4467 2866 4467 2866 4468 2860 4468 2859 4468 2866 4469 2859 4469 2864 4469 2864 4470 2859 4470 2858 4470 2864 4471 2858 4471 2862 4471 2862 4472 2858 4472 2857 4472 2862 4473 2857 4473 2084 4473 2084 4474 2857 4474 2856 4474 2084 4475 2856 4475 2819 4475 2819 4476 2856 4476 2855 4476 2819 4477 2855 4477 2820 4477 2820 4478 2855 4478 2817 4478 2820 4479 2817 4479 2822 4479 2822 4480 2817 4480 2816 4480 2822 4481 2816 4481 2824 4481 2824 4482 2816 4482 2919 4482 2824 4483 2919 4483 2825 4483 2825 4484 2919 4484 2920 4484 2825 4485 2920 4485 2869 4485 2869 4486 2920 4486 2921 4486 2869 4487 2921 4487 2867 4487 2867 4488 2921 4488 2922 4488 2867 4489 2922 4489 2892 4489 2892 4490 2922 4490 2923 4490 2892 4491 2923 4491 2893 4491 2893 4492 2923 4492 2924 4492 2893 4493 2924 4493 2903 4493 2903 4494 2924 4494 2079 4494 2079 4495 2078 4495 2903 4495 2903 4496 2078 4496 2245 4496 2903 4497 2245 4497 2902 4497 2902 4498 2245 4498 2244 4498 2902 4499 2244 4499 2901 4499 2901 4500 2244 4500 2241 4500 2901 4501 2241 4501 2900 4501 2900 4502 2241 4502 2239 4502 2900 4503 2239 4503 2899 4503 2899 4504 2239 4504 2237 4504 2899 4505 2237 4505 2233 4505 2233 4506 2237 4506 2236 4506 2233 4507 2236 4507 2234 4507 2099 4508 2815 4508 2818 4508 2818 4509 2815 4509 2813 4509 2818 4510 2813 4510 2816 4510 2816 4511 2813 4511 2811 4511 2816 4512 2811 4512 2919 4512 2919 4513 2811 4513 2810 4513 2919 4514 2810 4514 2920 4514 2920 4515 2810 4515 2092 4515 2920 4516 2092 4516 2921 4516 2921 4517 2092 4517 2091 4517 2921 4518 2091 4518 2922 4518 2922 4519 2091 4519 2925 4519 2922 4520 2925 4520 2923 4520 2923 4521 2925 4521 2926 4521 2923 4522 2926 4522 2924 4522 2924 4523 2926 4523 2927 4523 2924 4524 2927 4524 2079 4524 2079 4525 2927 4525 2928 4525 2079 4526 2928 4526 2077 4526 2077 4527 2928 4527 2929 4527 2077 4528 2929 4528 2251 4528 2251 4529 2929 4529 2930 4529 2251 4530 2930 4530 2250 4530 2250 4531 2930 4531 2224 4531 2250 4532 2224 4532 2249 4532 2249 4533 2224 4533 2223 4533 2885 4534 2884 4534 2931 4534 2931 4535 2884 4535 2074 4535 2931 4536 2074 4536 2932 4536 2932 4537 2074 4537 2076 4537 2932 4538 2076 4538 2933 4538 2934 4539 2918 4539 2935 4539 2935 4540 2918 4540 2916 4540 2935 4541 2916 4541 2936 4541 2936 4542 2916 4542 2915 4542 2936 4543 2915 4543 2891 4543 2937 4544 2933 4544 2938 4544 2938 4545 2933 4545 2076 4545 2938 4546 2076 4546 2939 4546 2939 4547 2076 4547 2075 4547 2939 4548 2075 4548 2940 4548 2940 4549 2075 4549 2890 4549 2940 4550 2890 4550 2941 4550 2941 4551 2890 4551 2889 4551 2941 4552 2889 4552 2942 4552 2942 4553 2889 4553 2887 4553 2943 4554 2944 4554 2945 4554 2945 4555 2944 4555 2946 4555 2945 4556 2946 4556 2947 4556 2947 4557 2946 4557 2948 4557 2947 4558 2948 4558 2949 4558 2949 4559 2948 4559 2950 4559 2949 4560 2950 4560 2951 4560 2951 4561 2950 4561 2952 4561 2951 4562 2952 4562 2953 4562 2953 4563 2952 4563 2954 4563 2953 4564 2954 4564 2955 4564 2955 4565 2954 4565 2956 4565 2955 4566 2956 4566 2957 4566 2957 4567 2956 4567 2958 4567 2957 4568 2958 4568 2959 4568 2959 4569 2958 4569 2960 4569 2959 4570 2960 4570 2961 4570 2217 4571 2265 4571 2218 4571 2218 4572 2265 4572 2264 4572 2218 4573 2264 4573 2962 4573 2962 4574 2264 4574 2220 4574 2962 4575 2220 4575 2963 4575 2963 4576 2220 4576 2219 4576 2963 4577 2219 4577 2964 4577 2964 4578 2219 4578 2260 4578 2964 4579 2260 4579 2965 4579 2965 4580 2260 4580 2258 4580 2965 4581 2258 4581 2966 4581 2966 4582 2258 4582 2256 4582 2966 4583 2256 4583 2967 4583 2967 4584 2256 4584 2254 4584 2967 4585 2254 4585 2968 4585 2968 4586 2254 4586 2253 4586 2968 4587 2253 4587 2969 4587 2969 4588 2253 4588 2224 4588 2969 4589 2224 4589 2970 4589 2970 4590 2224 4590 2930 4590 2970 4591 2930 4591 2971 4591 2971 4592 2930 4592 2929 4592 2971 4593 2929 4593 2914 4593 2914 4594 2929 4594 2928 4594 2914 4595 2928 4595 2906 4595 2906 4596 2928 4596 2927 4596 2906 4597 2927 4597 2904 4597 2904 4598 2927 4598 2926 4598 2904 4599 2926 4599 2910 4599 2910 4600 2926 4600 2925 4600 2910 4601 2925 4601 2909 4601 2909 4602 2925 4602 2091 4602 2909 4603 2091 4603 2908 4603 2908 4604 2091 4604 2093 4604 2908 4605 2093 4605 2907 4605 2907 4606 2093 4606 2792 4606 2914 4607 2943 4607 2971 4607 2971 4608 2943 4608 2945 4608 2971 4609 2945 4609 2970 4609 2970 4610 2945 4610 2947 4610 2970 4611 2947 4611 2969 4611 2969 4612 2947 4612 2949 4612 2969 4613 2949 4613 2968 4613 2968 4614 2949 4614 2951 4614 2968 4615 2951 4615 2967 4615 2967 4616 2951 4616 2953 4616 2967 4617 2953 4617 2966 4617 2966 4618 2953 4618 2955 4618 2966 4619 2955 4619 2965 4619 2965 4620 2955 4620 2957 4620 2965 4621 2957 4621 2964 4621 2964 4622 2957 4622 2959 4622 2964 4623 2959 4623 2963 4623 2963 4624 2959 4624 2961 4624 2963 4625 2961 4625 2962 4625 2962 4626 2961 4626 2972 4626 2962 4627 2972 4627 2218 4627 2913 4628 2915 4628 2914 4628 2914 4629 2915 4629 2917 4629 2914 4630 2917 4630 2943 4630 2943 4631 2917 4631 2918 4631 2943 4632 2918 4632 2944 4632 2944 4633 2918 4633 2934 4633 2944 4634 2934 4634 2946 4634 2946 4635 2934 4635 2973 4635 2946 4636 2973 4636 2948 4636 2948 4637 2973 4637 2974 4637 2948 4638 2974 4638 2950 4638 2950 4639 2974 4639 2975 4639 2950 4640 2975 4640 2952 4640 2952 4641 2975 4641 2976 4641 2952 4642 2976 4642 2954 4642 2954 4643 2976 4643 2977 4643 2954 4644 2977 4644 2956 4644 2956 4645 2977 4645 2978 4645 2956 4646 2978 4646 2958 4646 2958 4647 2978 4647 2979 4647 2958 4648 2979 4648 2960 4648 2960 4649 2979 4649 2980 4649 2960 4650 2980 4650 2961 4650 2961 4651 2980 4651 2981 4651 2961 4652 2981 4652 2972 4652 2972 4653 2981 4653 2982 4653 2972 4654 2982 4654 2218 4654 2218 4655 2982 4655 2215 4655 2218 4656 2215 4656 2266 4656 2266 4657 2215 4657 2214 4657 2486 4658 2937 4658 2487 4658 2487 4659 2937 4659 2938 4659 2487 4660 2938 4660 2484 4660 2484 4661 2938 4661 2939 4661 2484 4662 2939 4662 2483 4662 2483 4663 2939 4663 2940 4663 2483 4664 2940 4664 2482 4664 2482 4665 2940 4665 2941 4665 2482 4666 2941 4666 2481 4666 2481 4667 2941 4667 2942 4667 2481 4668 2942 4668 2090 4668 2090 4669 2942 4669 2887 4669 2090 4670 2887 4670 2088 4670 2088 4671 2887 4671 2886 4671 2088 4672 2886 4672 2844 4672 2853 4673 2983 4673 2085 4673 2085 4674 2983 4674 2984 4674 2085 4675 2984 4675 2086 4675 2086 4676 2984 4676 2985 4676 2086 4677 2985 4677 2499 4677 2499 4678 2985 4678 2986 4678 2499 4679 2986 4679 2501 4679 2501 4680 2986 4680 2987 4680 2501 4681 2987 4681 2168 4681 2168 4682 2987 4682 2988 4682 2168 4683 2988 4683 2166 4683 2166 4684 2988 4684 2989 4684 2166 4685 2989 4685 2476 4685 2476 4686 2989 4686 2990 4686 2476 4687 2990 4687 2173 4687 2173 4688 2990 4688 2443 4688 2173 4689 2443 4689 2174 4689 2174 4690 2443 4690 2442 4690 2174 4691 2442 4691 2494 4691 2494 4692 2442 4692 2440 4692 2494 4693 2440 4693 2524 4693 2524 4694 2440 4694 2438 4694 2524 4695 2438 4695 2564 4695 2564 4696 2438 4696 2437 4696 2564 4697 2437 4697 2565 4697 1234 4698 2212 4698 2319 4698 2319 4699 2212 4699 2991 4699 2319 4700 2991 4700 1230 4700 1230 4701 2991 4701 2992 4701 1230 4702 2992 4702 1227 4702 1227 4703 2992 4703 2993 4703 1227 4704 2993 4704 1226 4704 1343 4705 2317 4705 2318 4705 2318 4706 2317 4706 2316 4706 2318 4707 2316 4707 2994 4707 2994 4708 2316 4708 2315 4708 2994 4709 2315 4709 2995 4709 2996 4710 2997 4710 2998 4710 2998 4711 2997 4711 2999 4711 2998 4712 2999 4712 3000 4712 3000 4713 2999 4713 3001 4713 3002 4714 3001 4714 3003 4714 3003 4715 3001 4715 2999 4715 3003 4716 2999 4716 3004 4716 3004 4717 2999 4717 2997 4717 3000 4718 2314 4718 2998 4718 2998 4719 2314 4719 2313 4719 2998 4720 2313 4720 2996 4720 2996 4721 2313 4721 2311 4721 2996 4722 2311 4722 3005 4722 3005 4723 2311 4723 2312 4723 3005 4724 2312 4724 2309 4724 2309 4725 2312 4725 1250 4725 2309 4726 1250 4726 1244 4726 1242 4727 2314 4727 2315 4727 2315 4728 2314 4728 3000 4728 2315 4729 3000 4729 2995 4729 2995 4730 3000 4730 3001 4730 2995 4731 3001 4731 2994 4731 2994 4732 3001 4732 3002 4732 2994 4733 3002 4733 2318 4733 2318 4734 3002 4734 3006 4734 2318 4735 3006 4735 2212 4735 2212 4736 3006 4736 3007 4736 2212 4737 3007 4737 2991 4737 2308 4738 3008 4738 2310 4738 2310 4739 3008 4739 3009 4739 2310 4740 3009 4740 2309 4740 2309 4741 3009 4741 3010 4741 2309 4742 3010 4742 3005 4742 3005 4743 3010 4743 3011 4743 3005 4744 3011 4744 2996 4744 2996 4745 3011 4745 3012 4745 2996 4746 3012 4746 2997 4746 2997 4747 3012 4747 3013 4747 2997 4748 3013 4748 3004 4748 3014 4749 3015 4749 3016 4749 3016 4750 3015 4750 3017 4750 3016 4751 3017 4751 3018 4751 3019 4752 3020 4752 3021 4752 3021 4753 3020 4753 3018 4753 3021 4754 3018 4754 3022 4754 3022 4755 3018 4755 3017 4755 1261 4756 2302 4756 2303 4756 2303 4757 2302 4757 3019 4757 2303 4758 3019 4758 2304 4758 2304 4759 3019 4759 3021 4759 2304 4760 3021 4760 2305 4760 2305 4761 3021 4761 3022 4761 2305 4762 3022 4762 2306 4762 2306 4763 3022 4763 3017 4763 2306 4764 3017 4764 2307 4764 2307 4765 3017 4765 3015 4765 2307 4766 3015 4766 2308 4766 2308 4767 3015 4767 3014 4767 2308 4768 3014 4768 3008 4768 3018 4769 3023 4769 3016 4769 3016 4770 3023 4770 3024 4770 3016 4771 3024 4771 3014 4771 3014 4772 3024 4772 3025 4772 3014 4773 3025 4773 3008 4773 3008 4774 3025 4774 3026 4774 3008 4775 3026 4775 3009 4775 3009 4776 3026 4776 3027 4776 3009 4777 3027 4777 3010 4777 3010 4778 3027 4778 3028 4778 3010 4779 3028 4779 3011 4779 3011 4780 3028 4780 3029 4780 3011 4781 3029 4781 3012 4781 3012 4782 3029 4782 3030 4782 3012 4783 3030 4783 3013 4783 3013 4784 3030 4784 3031 4784 3013 4785 3031 4785 3004 4785 3004 4786 3031 4786 3032 4786 3004 4787 3032 4787 3003 4787 3003 4788 3032 4788 3033 4788 3003 4789 3033 4789 3002 4789 3002 4790 3033 4790 3034 4790 3002 4791 3034 4791 3006 4791 3006 4792 3034 4792 3035 4792 3006 4793 3035 4793 3007 4793 3007 4794 3035 4794 3036 4794 3007 4795 3036 4795 2991 4795 2991 4796 3036 4796 3037 4796 2991 4797 3037 4797 2992 4797 2992 4798 3037 4798 3038 4798 2992 4799 3038 4799 2993 4799 2103 4800 2102 4800 3039 4800 3039 4801 2102 4801 3040 4801 3039 4802 3040 4802 3041 4802 3041 4803 3040 4803 3042 4803 3041 4804 3042 4804 3043 4804 3043 4805 3042 4805 3044 4805 3043 4806 3044 4806 3045 4806 3045 4807 3044 4807 3046 4807 3045 4808 3046 4808 2329 4808 2329 4809 3046 4809 2323 4809 2329 4810 2323 4810 2322 4810 2322 4811 2323 4811 2324 4811 2322 4812 2324 4812 2320 4812 2320 4813 2324 4813 2325 4813 2320 4814 2325 4814 2328 4814 2328 4815 2325 4815 1270 4815 2328 4816 1270 4816 1268 4816 2882 4817 3047 4817 2876 4817 2876 4818 3047 4818 2843 4818 2876 4819 2843 4819 2875 4819 2875 4820 2843 4820 2842 4820 2875 4821 2842 4821 2839 4821 2839 4822 2842 4822 2841 4822 2839 4823 2841 4823 2837 4823 2837 4824 2841 4824 2840 4824 2837 4825 2840 4825 3048 4825 3048 4826 2840 4826 2833 4826 3048 4827 2833 4827 3049 4827 3049 4828 2833 4828 3050 4828 3049 4829 3050 4829 3051 4829 2874 4830 2877 4830 2871 4830 2871 4831 2877 4831 2879 4831 2871 4832 2879 4832 2872 4832 2872 4833 2879 4833 2891 4833 2872 4834 2891 4834 2880 4834 2880 4835 2891 4835 2915 4835 2880 4836 2915 4836 2881 4836 2881 4837 2915 4837 2913 4837 2881 4838 2913 4838 2882 4838 2882 4839 2913 4839 2912 4839 2882 4840 2912 4840 3047 4840 3047 4841 2912 4841 2911 4841 3047 4842 2911 4842 2843 4842 2843 4843 2911 4843 2834 4843 2843 4844 2834 4844 2827 4844 2827 4845 2834 4845 2835 4845 2827 4846 2835 4846 2828 4846 2828 4847 2835 4847 2836 4847 2828 4848 2836 4848 2830 4848 2830 4849 2836 4849 2101 4849 2830 4850 2101 4850 2832 4850 2832 4851 2101 4851 2103 4851 2832 4852 2103 4852 2833 4852 2833 4853 2103 4853 3039 4853 2833 4854 3039 4854 3050 4854 3050 4855 3039 4855 3041 4855 3050 4856 3041 4856 3051 4856 3051 4857 3041 4857 3043 4857 3051 4858 3043 4858 2420 4858 2420 4859 3043 4859 3045 4859 2420 4860 3045 4860 2418 4860 2418 4861 3045 4861 2329 4861 2418 4862 2329 4862 2416 4862 2416 4863 2329 4863 2330 4863 2416 4864 2330 4864 2414 4864 2414 4865 2330 4865 2331 4865 2414 4866 2331 4866 2412 4866 2412 4867 2331 4867 2332 4867 2412 4868 2332 4868 2410 4868 2410 4869 2332 4869 2333 4869 2410 4870 2333 4870 2364 4870 2364 4871 2333 4871 2343 4871 2364 4872 2343 4872 2363 4872 2363 4873 2343 4873 2342 4873 2363 4874 2342 4874 2362 4874 2362 4875 2342 4875 2340 4875 2362 4876 2340 4876 2361 4876 2361 4877 2340 4877 2338 4877 2361 4878 2338 4878 2360 4878 2360 4879 2338 4879 2337 4879 2360 4880 2337 4880 2298 4880 2298 4881 2337 4881 1274 4881 2298 4882 1274 4882 1273 4882 2197 4883 2760 4883 2198 4883 2198 4884 2760 4884 2747 4884 2198 4885 2747 4885 2399 4885 2399 4886 2747 4886 2429 4886 2399 4887 2429 4887 2400 4887 2400 4888 2429 4888 2427 4888 2400 4889 2427 4889 2401 4889 2401 4890 2427 4890 2426 4890 2401 4891 2426 4891 2425 4891 2425 4892 2426 4892 2449 4892 2425 4893 2449 4893 2191 4893 2191 4894 2449 4894 2447 4894 2191 4895 2447 4895 2190 4895 2190 4896 2447 4896 2445 4896 2190 4897 2445 4897 2188 4897 2188 4898 2445 4898 2187 4898 2188 4899 2187 4899 2386 4899 2386 4900 2187 4900 2186 4900 2386 4901 2186 4901 2358 4901 2358 4902 2186 4902 2195 4902 2358 4903 2195 4903 2357 4903 2357 4904 2195 4904 2423 4904 2357 4905 2423 4905 2407 4905 2407 4906 2423 4906 2194 4906 2407 4907 2194 4907 2408 4907 2408 4908 2194 4908 3052 4908 2408 4909 3052 4909 2409 4909 2409 4910 3052 4910 3053 4910 2409 4911 3053 4911 2411 4911 2411 4912 3053 4912 3054 4912 2411 4913 3054 4913 2413 4913 2413 4914 3054 4914 3055 4914 2413 4915 3055 4915 2415 4915 2415 4916 3055 4916 3056 4916 2415 4917 3056 4917 2417 4917 2417 4918 3056 4918 3057 4918 2417 4919 3057 4919 2419 4919 2419 4920 3057 4920 3058 4920 2419 4921 3058 4921 2420 4921 2420 4922 3058 4922 3059 4922 2420 4923 3059 4923 3051 4923 1224 4924 1226 4924 2108 4924 2108 4925 1226 4925 2993 4925 2108 4926 2993 4926 2804 4926 2804 4927 2993 4927 3038 4927 2804 4928 3038 4928 2098 4928 2098 4929 3038 4929 3037 4929 2098 4930 3037 4930 2099 4930 2099 4931 3037 4931 3036 4931 2099 4932 3036 4932 2815 4932 2815 4933 3036 4933 3035 4933 2815 4934 3035 4934 2814 4934 2814 4935 3035 4935 3034 4935 2814 4936 3034 4936 2798 4936 2798 4937 3034 4937 3033 4937 2798 4938 3033 4938 2796 4938 2796 4939 3033 4939 3032 4939 2796 4940 3032 4940 2794 4940 2794 4941 3032 4941 3031 4941 2794 4942 3031 4942 2792 4942 2792 4943 3031 4943 3030 4943 2792 4944 3030 4944 2907 4944 2907 4945 3030 4945 3029 4945 2907 4946 3029 4946 2104 4946 2104 4947 3029 4947 3028 4947 2104 4948 3028 4948 2105 4948 2105 4949 3028 4949 3027 4949 2105 4950 3027 4950 2800 4950 2800 4951 3027 4951 3026 4951 2800 4952 3026 4952 2802 4952 2802 4953 3026 4953 3025 4953 2802 4954 3025 4954 2803 4954 2803 4955 3025 4955 3024 4955 2803 4956 3024 4956 2102 4956 2102 4957 3024 4957 3023 4957 2102 4958 3023 4958 3040 4958 3040 4959 3023 4959 3018 4959 3040 4960 3018 4960 3042 4960 3042 4961 3018 4961 3020 4961 3042 4962 3020 4962 3044 4962 3044 4963 3020 4963 3019 4963 3044 4964 3019 4964 3046 4964 3046 4965 3019 4965 2302 4965 3046 4966 2302 4966 2323 4966 2323 4967 2302 4967 1262 4967 2323 4968 1262 4968 1264 4968 2397 4969 2183 4969 2450 4969 2450 4970 2183 4970 2182 4970 2450 4971 2182 4971 2451 4971 2451 4972 2182 4972 2434 4972 2451 4973 2434 4973 2452 4973 2452 4974 2434 4974 2294 4974 2452 4975 2294 4975 2179 4975 2179 4976 2294 4976 2295 4976 2179 4977 2295 4977 2180 4977 2180 4978 2295 4978 1295 4978 2180 4979 1295 4979 2181 4979 2181 4980 1295 4980 2289 4980 2181 4981 2289 4981 2789 4981 2789 4982 2289 4982 2435 4982 2789 4983 2435 4983 2790 4983 2790 4984 2435 4984 1312 4984 2790 4985 1312 4985 1311 4985 1287 4986 1286 4986 2298 4986 2298 4987 1286 4987 2297 4987 2298 4988 2297 4988 2359 4988 2359 4989 2297 4989 2336 4989 2359 4990 2336 4990 2349 4990 2349 4991 2336 4991 2345 4991 2349 4992 2345 4992 2371 4992 2371 4993 2345 4993 2344 4993 2371 4994 2344 4994 2369 4994 2369 4995 2344 4995 2352 4995 2369 4996 2352 4996 2367 4996 2367 4997 2352 4997 2406 4997 2367 4998 2406 4998 2365 4998 2365 4999 2406 4999 2200 4999 2365 5000 2200 5000 2396 5000 2396 5001 2200 5001 2202 5001 2396 5002 2202 5002 2199 5002 2199 5003 2202 5003 2390 5003 2199 5004 2390 5004 2197 5004 2197 5005 2390 5005 2397 5005 2197 5006 2397 5006 2759 5006 2759 5007 2397 5007 2735 5007 2759 5008 2735 5008 2757 5008 2757 5009 2735 5009 2736 5009 2757 5010 2736 5010 2755 5010 2755 5011 2736 5011 2737 5011 2755 5012 2737 5012 2120 5012 2120 5013 2737 5013 2738 5013 2120 5014 2738 5014 2118 5014 2118 5015 2738 5015 2739 5015 2118 5016 2739 5016 2109 5016 2109 5017 2739 5017 2123 5017 2109 5018 2123 5018 2110 5018 2110 5019 2123 5019 2124 5019 2110 5020 2124 5020 2111 5020 2111 5021 2124 5021 2288 5021 2111 5022 2288 5022 2788 5022 2788 5023 2288 5023 2282 5023 2788 5024 2282 5024 2114 5024 2114 5025 2282 5025 2284 5025 2114 5026 2284 5026 2787 5026 2787 5027 2284 5027 2285 5027 2787 5028 2285 5028 2786 5028 2786 5029 2285 5029 2784 5029 2786 5030 2784 5030 2774 5030 2774 5031 2784 5031 2783 5031 2774 5032 2783 5032 2776 5032 2776 5033 2783 5033 2781 5033 2776 5034 2781 5034 2771 5034 2771 5035 2781 5035 2719 5035 2771 5036 2719 5036 2772 5036 2772 5037 2719 5037 2720 5037 2772 5038 2720 5038 2726 5038 2726 5039 2720 5039 2682 5039 2726 5040 2682 5040 2724 5040 2724 5041 2682 5041 2681 5041 2724 5042 2681 5042 2722 5042 2722 5043 2681 5043 2680 5043 2722 5044 2680 5044 2670 5044 2670 5045 2680 5045 2679 5045 2670 5046 2679 5046 2668 5046 2668 5047 2679 5047 2678 5047 2668 5048 2678 5048 2666 5048 2666 5049 2678 5049 2677 5049 2666 5050 2677 5050 2664 5050 2664 5051 2677 5051 2676 5051 2664 5052 2676 5052 2662 5052 2662 5053 2676 5053 2675 5053 2662 5054 2675 5054 2660 5054 2660 5055 2675 5055 2550 5055 2660 5056 2550 5056 2733 5056 2733 5057 2550 5057 2548 5057 2733 5058 2548 5058 2765 5058 2765 5059 2548 5059 2546 5059 2765 5060 2546 5060 2448 5060 2448 5061 2546 5061 2545 5061 2448 5062 2545 5062 2446 5062 2446 5063 2545 5063 2854 5063 2446 5064 2854 5064 2444 5064 2444 5065 2854 5065 2468 5065 2444 5066 2468 5066 2421 5066 2421 5067 2468 5067 2565 5067 2421 5068 2565 5068 2196 5068 2196 5069 2565 5069 2437 5069 2196 5070 2437 5070 2193 5070 2193 5071 2437 5071 2439 5071 2193 5072 2439 5072 2194 5072 2194 5073 2439 5073 2441 5073 2194 5074 2441 5074 3052 5074 3052 5075 2441 5075 2443 5075 3052 5076 2443 5076 3053 5076 3053 5077 2443 5077 2990 5077 3053 5078 2990 5078 3054 5078 3054 5079 2990 5079 2989 5079 3054 5080 2989 5080 3055 5080 3055 5081 2989 5081 2988 5081 3055 5082 2988 5082 3056 5082 3056 5083 2988 5083 2987 5083 3056 5084 2987 5084 3057 5084 3057 5085 2987 5085 2986 5085 3057 5086 2986 5086 3058 5086 3058 5087 2986 5087 2985 5087 3058 5088 2985 5088 3059 5088 3059 5089 2985 5089 2984 5089 3059 5090 2984 5090 3051 5090 3051 5091 2984 5091 2983 5091 3051 5092 2983 5092 3049 5092 3049 5093 2983 5093 2853 5093 3049 5094 2853 5094 3048 5094 3048 5095 2853 5095 2845 5095 3048 5096 2845 5096 2837 5096 2837 5097 2845 5097 2844 5097 2837 5098 2844 5098 2838 5098 2838 5099 2844 5099 2886 5099 2838 5100 2886 5100 2874 5100 2874 5101 2886 5101 2888 5101 2874 5102 2888 5102 2877 5102 2877 5103 2888 5103 2883 5103 2877 5104 2883 5104 2878 5104 2878 5105 2883 5105 2885 5105 2878 5106 2885 5106 2891 5106 2891 5107 2885 5107 2931 5107 2891 5108 2931 5108 2936 5108 2936 5109 2931 5109 2932 5109 2936 5110 2932 5110 2935 5110 2935 5111 2932 5111 2933 5111 2935 5112 2933 5112 2934 5112 2934 5113 2933 5113 2937 5113 2934 5114 2937 5114 2973 5114 2973 5115 2937 5115 2486 5115 2973 5116 2486 5116 2974 5116 2974 5117 2486 5117 2485 5117 2974 5118 2485 5118 2975 5118 2975 5119 2485 5119 2616 5119 2975 5120 2616 5120 2976 5120 2976 5121 2616 5121 2617 5121 2976 5122 2617 5122 2977 5122 2977 5123 2617 5123 2618 5123 2977 5124 2618 5124 2978 5124 2978 5125 2618 5125 2613 5125 2978 5126 2613 5126 2979 5126 2979 5127 2613 5127 2615 5127 2979 5128 2615 5128 2980 5128 2980 5129 2615 5129 2621 5129 2980 5130 2621 5130 2981 5130 2981 5131 2621 5131 2846 5131 2981 5132 2846 5132 2982 5132 2982 5133 2846 5133 2640 5133 2982 5134 2640 5134 2215 5134 2215 5135 2640 5135 2269 5135 2215 5136 2269 5136 2213 5136 2213 5137 2269 5137 2270 5137 1324 5138 1323 5138 3060 5138 3060 5139 1323 5139 1321 5139 3060 5140 1321 5140 3061 5140 3061 5141 1321 5141 1320 5141 3061 5142 1320 5142 1222 5142 1317 5143 1318 5143 3062 5143 3062 5144 1318 5144 1319 5144 3062 5145 1319 5145 1324 5145 1315 5146 1316 5146 2286 5146 2286 5147 1316 5147 3063 5147 2286 5148 3063 5148 2287 5148 2282 5149 2288 5149 3064 5149 3064 5150 2288 5150 3065 5150 3064 5151 3065 5151 3066 5151 2283 5152 3067 5152 2712 5152 2712 5153 3067 5153 2713 5153 3068 5154 3069 5154 3070 5154 3070 5155 3069 5155 3071 5155 3071 5156 3072 5156 3070 5156 3070 5157 3072 5157 3073 5157 3070 5158 3073 5158 3074 5158 2713 5159 3067 5159 2279 5159 2279 5160 3067 5160 3070 5160 2279 5161 3070 5161 2280 5161 2280 5162 3070 5162 3074 5162 2280 5163 3074 5163 3075 5163 3075 5164 3076 5164 2280 5164 2280 5165 3076 5165 3077 5165 2280 5166 3077 5166 3078 5166 3078 5167 3079 5167 2280 5167 2280 5168 3079 5168 3080 5168 2280 5169 3080 5169 2281 5169 2281 5170 3080 5170 3081 5170 2281 5171 3081 5171 3082 5171 3082 5172 3083 5172 2281 5172 2281 5173 3083 5173 3084 5173 2281 5174 3084 5174 2275 5174 2275 5175 3084 5175 3085 5175 3085 5176 3086 5176 2275 5176 2275 5177 3086 5177 3087 5177 2275 5178 3087 5178 3088 5178 3089 5179 3090 5179 2277 5179 3088 5180 3091 5180 2275 5180 2275 5181 3091 5181 3092 5181 2275 5182 3092 5182 2277 5182 2277 5183 3092 5183 3093 5183 2277 5184 3093 5184 3089 5184 3090 5185 3094 5185 2277 5185 2277 5186 3094 5186 3095 5186 2277 5187 3095 5187 3096 5187 3096 5188 3097 5188 2277 5188 2277 5189 3097 5189 3098 5189 2277 5190 3098 5190 2278 5190 2278 5191 3098 5191 3099 5191 2278 5192 3099 5192 2272 5192 3099 5193 3100 5193 2272 5193 2272 5194 3100 5194 3101 5194 2272 5195 3101 5195 3102 5195 3102 5196 3103 5196 2272 5196 2272 5197 3103 5197 3104 5197 2272 5198 3104 5198 3105 5198 3106 5199 3107 5199 3108 5199 3108 5200 3107 5200 3109 5200 3108 5201 3109 5201 3110 5201 3105 5202 3111 5202 2272 5202 2272 5203 3111 5203 3112 5203 2272 5204 3112 5204 3108 5204 3108 5205 3112 5205 3113 5205 3108 5206 3113 5206 3106 5206 3110 5207 3114 5207 3108 5207 3108 5208 3114 5208 3115 5208 3108 5209 3115 5209 3116 5209 3108 5210 2221 5210 2263 5210 2270 5211 2268 5211 3108 5211 3108 5212 2268 5212 2273 5212 3108 5213 2273 5213 2272 5213 2216 5214 2266 5214 3108 5214 2263 5215 2265 5215 3108 5215 3108 5216 2265 5216 2217 5216 3108 5217 2217 5217 2216 5217 2266 5218 2214 5218 3108 5218 3108 5219 2214 5219 2213 5219 3108 5220 2213 5220 2270 5220 2221 5221 3108 5221 2219 5221 2219 5222 3108 5222 3117 5222 2219 5223 3117 5223 2261 5223 2261 5224 3117 5224 2262 5224 2262 5225 3117 5225 3118 5225 2262 5226 3118 5226 2259 5226 2259 5227 3118 5227 3119 5227 2259 5228 3119 5228 2257 5228 2257 5229 3119 5229 2255 5229 2255 5230 3119 5230 3120 5230 2255 5231 3120 5231 2222 5231 3121 5232 2249 5232 3120 5232 3120 5233 2249 5233 2223 5233 3120 5234 2223 5234 2222 5234 2252 5235 2226 5235 3121 5235 3121 5236 2226 5236 2225 5236 3121 5237 2225 5237 2249 5237 2243 5238 2248 5238 3122 5238 3122 5239 2248 5239 2247 5239 3122 5240 2247 5240 2246 5240 2242 5241 3123 5241 2240 5241 2240 5242 3123 5242 2238 5242 2235 5243 2234 5243 3123 5243 3123 5244 2234 5244 2236 5244 3123 5245 2236 5245 2238 5245 3123 5246 3124 5246 2235 5246 2235 5247 3124 5247 3125 5247 2235 5248 3125 5248 2232 5248 3126 5249 2228 5249 3127 5249 3127 5250 2228 5250 2861 5250 3128 5251 3129 5251 3130 5251 3130 5252 3129 5252 3131 5252 3131 5253 3132 5253 3130 5253 3130 5254 3132 5254 3133 5254 3130 5255 3133 5255 3134 5255 3134 5256 3135 5256 3130 5256 3130 5257 3135 5257 3136 5257 3130 5258 3136 5258 3137 5258 3137 5259 3138 5259 3130 5259 3130 5260 3138 5260 3139 5260 3130 5261 3139 5261 3140 5261 3140 5262 3141 5262 3130 5262 3130 5263 3141 5263 3142 5263 3130 5264 3142 5264 3143 5264 3143 5265 3144 5265 3130 5265 3130 5266 3144 5266 3145 5266 3130 5267 3145 5267 3146 5267 3146 5268 3145 5268 3147 5268 3146 5269 3147 5269 3148 5269 3148 5270 3149 5270 3146 5270 3146 5271 3149 5271 3150 5271 3146 5272 3150 5272 3151 5272 3151 5273 3152 5273 3146 5273 3146 5274 3152 5274 3153 5274 3146 5275 3153 5275 3154 5275 3154 5276 3155 5276 3146 5276 3146 5277 3155 5277 3156 5277 3146 5278 3156 5278 3157 5278 3157 5279 3158 5279 3146 5279 3146 5280 3158 5280 3159 5280 3146 5281 3159 5281 3160 5281 3161 5282 3162 5282 3070 5282 3070 5283 3162 5283 3163 5283 3163 5284 3164 5284 3070 5284 3070 5285 3164 5285 3165 5285 3070 5286 3165 5286 3068 5286 3166 5287 3117 5287 3167 5287 3167 5288 3117 5288 3108 5288 3167 5289 3108 5289 3168 5289 3168 5290 3108 5290 3116 5290 3169 5291 3170 5291 3171 5291 3171 5292 3170 5292 3172 5292 3172 5293 3173 5293 3171 5293 3171 5294 3173 5294 3174 5294 3171 5295 3174 5295 3175 5295 3176 5296 3177 5296 3178 5296 3177 5297 3179 5297 3178 5297 3178 5298 3179 5298 3180 5298 3178 5299 3180 5299 3181 5299 3181 5300 3182 5300 3178 5300 3178 5301 3182 5301 3183 5301 3178 5302 3183 5302 3184 5302 3184 5303 3185 5303 3178 5303 3178 5304 3185 5304 3186 5304 3178 5305 3186 5305 3187 5305 3187 5306 3188 5306 3178 5306 3178 5307 3188 5307 3189 5307 3178 5308 3189 5308 3190 5308 3191 5309 3192 5309 3193 5309 3193 5310 3192 5310 3178 5310 3193 5311 3178 5311 3194 5311 3194 5312 3178 5312 3190 5312 3191 5313 3195 5313 3192 5313 3192 5314 3195 5314 3196 5314 3192 5315 3196 5315 3197 5315 3198 5316 3199 5316 3200 5316 3200 5317 3201 5317 3198 5317 3198 5318 3201 5318 3202 5318 3198 5319 3202 5319 3203 5319 3203 5320 3204 5320 3198 5320 3198 5321 3204 5321 3205 5321 3198 5322 3205 5322 3206 5322 3205 5323 3207 5323 3206 5323 3206 5324 3207 5324 3208 5324 3206 5325 3208 5325 3209 5325 3209 5326 3210 5326 3206 5326 3206 5327 3210 5327 3211 5327 3206 5328 3211 5328 3212 5328 3212 5329 3213 5329 3206 5329 3206 5330 3213 5330 3214 5330 3206 5331 3214 5331 3215 5331 3216 5332 3217 5332 3171 5332 3171 5333 3217 5333 3218 5333 3218 5334 3219 5334 3171 5334 3171 5335 3219 5335 3220 5335 3171 5336 3220 5336 3169 5336 3221 5337 3222 5337 3223 5337 3222 5338 3224 5338 3223 5338 3223 5339 3224 5339 3225 5339 3223 5340 3225 5340 3226 5340 3226 5341 3227 5341 3223 5341 3223 5342 3227 5342 3228 5342 3223 5343 3228 5343 3229 5343 3228 5344 3230 5344 3229 5344 3229 5345 3230 5345 3231 5345 3229 5346 3231 5346 3232 5346 3232 5347 3233 5347 3229 5347 3229 5348 3233 5348 3234 5348 3229 5349 3234 5349 3235 5349 3235 5350 3236 5350 3229 5350 3229 5351 3236 5351 3237 5351 3229 5352 3237 5352 3238 5352 3238 5353 3239 5353 3229 5353 3229 5354 3239 5354 3240 5354 3229 5355 3240 5355 3241 5355 3240 5356 3242 5356 3241 5356 3241 5357 3242 5357 3243 5357 3241 5358 3243 5358 3244 5358 3197 5359 3245 5359 3192 5359 3192 5360 3245 5360 3246 5360 3192 5361 3246 5361 3122 5361 3122 5362 3246 5362 3247 5362 3122 5363 3247 5363 3248 5363 3248 5364 3249 5364 3122 5364 3122 5365 3249 5365 3250 5365 3122 5366 3250 5366 3251 5366 3251 5367 3252 5367 3122 5367 3122 5368 3252 5368 3253 5368 3122 5369 3253 5369 3223 5369 3223 5370 3253 5370 3254 5370 3223 5371 3254 5371 3255 5371 3255 5372 3256 5372 3223 5372 3223 5373 3256 5373 3257 5373 3223 5374 3257 5374 3221 5374 3241 5375 3125 5375 3229 5375 3229 5376 3125 5376 3124 5376 3229 5377 3124 5377 3223 5377 3223 5378 3124 5378 3123 5378 3223 5379 3123 5379 3122 5379 3122 5380 3123 5380 2242 5380 3122 5381 2242 5381 2243 5381 3215 5382 3216 5382 3206 5382 3206 5383 3216 5383 3171 5383 3206 5384 3171 5384 3258 5384 3258 5385 3171 5385 3259 5385 3175 5386 3176 5386 3171 5386 3171 5387 3176 5387 3178 5387 3171 5388 3178 5388 3259 5388 3259 5389 3178 5389 3260 5389 3117 5390 3260 5390 3118 5390 3118 5391 3260 5391 3178 5391 3118 5392 3178 5392 3119 5392 3119 5393 3178 5393 3192 5393 3119 5394 3192 5394 3120 5394 3120 5395 3192 5395 3122 5395 3120 5396 3122 5396 3121 5396 3121 5397 3122 5397 2246 5397 3121 5398 2246 5398 2252 5398 3261 5399 3262 5399 3062 5399 3062 5400 3262 5400 3063 5400 3062 5401 3063 5401 1317 5401 1317 5402 3063 5402 1316 5402 3066 5403 3263 5403 3064 5403 3064 5404 3263 5404 3067 5404 3064 5405 3067 5405 2282 5405 2282 5406 3067 5406 2283 5406 2288 5407 2287 5407 3065 5407 3065 5408 2287 5408 3063 5408 3065 5409 3063 5409 3066 5409 3066 5410 3063 5410 3262 5410 3066 5411 3262 5411 3263 5411 3263 5412 3262 5412 3264 5412 3263 5413 3264 5413 3067 5413 3067 5414 3264 5414 3146 5414 3067 5415 3146 5415 3070 5415 3070 5416 3146 5416 3160 5416 3070 5417 3160 5417 3161 5417 3126 5418 3127 5418 3265 5418 3265 5419 3127 5419 3266 5419 3265 5420 3266 5420 3198 5420 2861 5421 2232 5421 3127 5421 3127 5422 2232 5422 3125 5422 3127 5423 3125 5423 3266 5423 3266 5424 3125 5424 3241 5424 3266 5425 3241 5425 3198 5425 3198 5426 3241 5426 3244 5426 3198 5427 3244 5427 3199 5427 1324 5428 3060 5428 3062 5428 3062 5429 3060 5429 3267 5429 3062 5430 3267 5430 3261 5430 3166 5431 3128 5431 3117 5431 3117 5432 3128 5432 3130 5432 3117 5433 3130 5433 3260 5433 3260 5434 3130 5434 3146 5434 3260 5435 3146 5435 3259 5435 3259 5436 3146 5436 3264 5436 3259 5437 3264 5437 3258 5437 3258 5438 3264 5438 3262 5438 3258 5439 3262 5439 3206 5439 3206 5440 3262 5440 3261 5440 3206 5441 3261 5441 3198 5441 3198 5442 3261 5442 3267 5442 3198 5443 3267 5443 3265 5443 3265 5444 3267 5444 3060 5444 3265 5445 3060 5445 3126 5445 3126 5446 3060 5446 3061 5446 3126 5447 3061 5447 2228 5447 2228 5448 3061 5448 1222 5448 3268 5449 3269 5449 3270 5449 964 5450 962 5450 3271 5450 3270 5451 3269 5451 1187 5451 3272 5452 3273 5452 3274 5452 3275 5453 282 5453 3276 5453 3277 5454 3278 5454 3275 5454 3273 5455 3279 5455 3274 5455 3274 5456 3279 5456 3280 5456 3274 5457 3280 5457 3281 5457 3282 5458 3283 5458 3284 5458 3284 5459 3283 5459 3285 5459 3284 5460 3285 5460 3286 5460 1201 5461 1200 5461 3287 5461 3287 5462 1200 5462 1198 5462 3288 5463 1193 5463 1201 5463 3289 5464 1191 5464 3288 5464 3288 5465 1191 5465 1194 5465 3288 5466 1194 5466 1193 5466 1185 5467 1183 5467 3290 5467 3290 5468 1183 5468 1182 5468 3290 5469 1182 5469 3289 5469 3289 5470 1182 5470 1189 5470 3289 5471 1189 5471 1191 5471 1187 5472 3269 5472 1188 5472 1188 5473 3269 5473 919 5473 1188 5474 919 5474 924 5474 952 5475 951 5475 3268 5475 3268 5476 951 5476 950 5476 3268 5477 950 5477 3269 5477 3269 5478 950 5478 920 5478 3269 5479 920 5479 919 5479 955 5480 953 5480 3291 5480 3291 5481 953 5481 952 5481 3291 5482 952 5482 3292 5482 3293 5483 958 5483 957 5483 3294 5484 967 5484 966 5484 959 5485 971 5485 3295 5485 3295 5486 971 5486 3294 5486 3294 5487 971 5487 969 5487 3294 5488 969 5488 967 5488 964 5489 3271 5489 965 5489 3296 5490 902 5490 901 5490 901 5491 3297 5491 3296 5491 3296 5492 3297 5492 3298 5492 3296 5493 3298 5493 3299 5493 901 5494 965 5494 3297 5494 3297 5495 965 5495 3271 5495 3297 5496 3271 5496 3298 5496 3298 5497 3271 5497 3300 5497 3298 5498 3300 5498 3299 5498 3275 5499 3276 5499 3277 5499 3277 5500 3276 5500 3301 5500 3277 5501 3301 5501 3302 5501 3302 5502 3301 5502 3303 5502 3302 5503 3303 5503 3304 5503 3304 5504 3303 5504 3305 5504 3304 5505 3305 5505 3306 5505 3306 5506 3305 5506 3307 5506 3306 5507 3307 5507 3308 5507 3308 5508 3307 5508 3309 5508 3308 5509 3309 5509 3300 5509 3300 5510 3309 5510 3310 5510 3300 5511 3310 5511 3299 5511 3311 5512 3312 5512 3313 5512 3313 5513 3312 5513 3314 5513 3313 5514 3314 5514 3315 5514 3315 5515 3314 5515 3316 5515 3315 5516 3316 5516 3317 5516 1187 5517 1185 5517 3270 5517 3270 5518 1185 5518 3290 5518 3270 5519 3290 5519 3318 5519 3318 5520 3290 5520 3289 5520 3318 5521 3289 5521 3319 5521 3319 5522 3289 5522 3288 5522 3319 5523 3288 5523 3320 5523 952 5524 3268 5524 3292 5524 3292 5525 3268 5525 3270 5525 3292 5526 3270 5526 3311 5526 3311 5527 3270 5527 3318 5527 3311 5528 3318 5528 3312 5528 3312 5529 3318 5529 3319 5529 3312 5530 3319 5530 3314 5530 3314 5531 3319 5531 3320 5531 3314 5532 3320 5532 3316 5532 1306 5533 3286 5533 1196 5533 1196 5534 3286 5534 3285 5534 1196 5535 3285 5535 3321 5535 3321 5536 3285 5536 3283 5536 3321 5537 3283 5537 3322 5537 3322 5538 3283 5538 3282 5538 3322 5539 3282 5539 3323 5539 3323 5540 3282 5540 3324 5540 3323 5541 3324 5541 3325 5541 3324 5542 3272 5542 3325 5542 3325 5543 3272 5543 3274 5543 3325 5544 3274 5544 3326 5544 3326 5545 3274 5545 3281 5545 3326 5546 3281 5546 3327 5546 3328 5547 3295 5547 3329 5547 3329 5548 3295 5548 3294 5548 3329 5549 3294 5549 3293 5549 3293 5550 3294 5550 966 5550 3293 5551 966 5551 958 5551 960 5552 959 5552 3330 5552 3330 5553 959 5553 3295 5553 3330 5554 3295 5554 3331 5554 3331 5555 3295 5555 3328 5555 3331 5556 3328 5556 3332 5556 3332 5557 3328 5557 3333 5557 3332 5558 3333 5558 3327 5558 3327 5559 3333 5559 3334 5559 3327 5560 3334 5560 3326 5560 3326 5561 3334 5561 3335 5561 3326 5562 3335 5562 3325 5562 3325 5563 3335 5563 3336 5563 3325 5564 3336 5564 3323 5564 3323 5565 3336 5565 3337 5565 3323 5566 3337 5566 3322 5566 3322 5567 3337 5567 3287 5567 3322 5568 3287 5568 3321 5568 3321 5569 3287 5569 1198 5569 3321 5570 1198 5570 1196 5570 962 5571 960 5571 3271 5571 3271 5572 960 5572 3330 5572 3271 5573 3330 5573 3300 5573 3300 5574 3330 5574 3331 5574 3300 5575 3331 5575 3308 5575 3308 5576 3331 5576 3332 5576 3308 5577 3332 5577 3306 5577 3306 5578 3332 5578 3327 5578 3306 5579 3327 5579 3304 5579 3304 5580 3327 5580 3281 5580 3304 5581 3281 5581 3302 5581 3302 5582 3281 5582 3280 5582 3302 5583 3280 5583 3277 5583 3277 5584 3280 5584 3279 5584 3277 5585 3279 5585 3278 5585 1201 5586 3287 5586 3288 5586 3288 5587 3287 5587 3337 5587 3288 5588 3337 5588 3320 5588 3320 5589 3337 5589 3336 5589 3320 5590 3336 5590 3316 5590 3316 5591 3336 5591 3335 5591 3316 5592 3335 5592 3317 5592 3317 5593 3335 5593 3334 5593 3317 5594 3334 5594 3315 5594 3315 5595 3334 5595 3333 5595 3315 5596 3333 5596 3313 5596 3313 5597 3333 5597 3328 5597 3313 5598 3328 5598 3311 5598 3311 5599 3328 5599 3329 5599 3311 5600 3329 5600 3292 5600 3292 5601 3329 5601 3293 5601 3292 5602 3293 5602 3291 5602 3291 5603 3293 5603 957 5603 3291 5604 957 5604 955 5604 3338 5605 3339 5605 3340 5605 3341 5606 3342 5606 3343 5606 3344 5607 3345 5607 3346 5607 3347 5608 3348 5608 3349 5608 3350 5609 3351 5609 3352 5609 3353 5610 3354 5610 3355 5610 3356 5611 3357 5611 3358 5611 3359 5612 3360 5612 3361 5612 3357 5613 3356 5613 3362 5613 3363 5614 2001 5614 2000 5614 3364 5615 3365 5615 3363 5615 3366 5616 3367 5616 3368 5616 3369 5617 3370 5617 3371 5617 3371 5618 3370 5618 3372 5618 3367 5619 3366 5619 3373 5619 3374 5620 3375 5620 3376 5620 3376 5621 3375 5621 3377 5621 3378 5622 3379 5622 3380 5622 3381 5623 3382 5623 3383 5623 3382 5624 3381 5624 3384 5624 3385 5625 3386 5625 3387 5625 3388 5626 3389 5626 3390 5626 3391 5627 3392 5627 3393 5627 3394 5628 3395 5628 3396 5628 3397 5629 3398 5629 3399 5629 3400 5630 3401 5630 3402 5630 3403 5631 3404 5631 3405 5631 3405 5632 3404 5632 3406 5632 3407 5633 3408 5633 3409 5633 3410 5634 3411 5634 3412 5634 3413 5635 3414 5635 3415 5635 3416 5636 3417 5636 3418 5636 3419 5637 3413 5637 3420 5637 3421 5638 3422 5638 3423 5638 3424 5639 3425 5639 3426 5639 3427 5640 3428 5640 3429 5640 3430 5641 3431 5641 3432 5641 3433 5642 3434 5642 3435 5642 3436 5643 3437 5643 3438 5643 3439 5644 3440 5644 3441 5644 3442 5645 3443 5645 3444 5645 3445 5646 3446 5646 3447 5646 2015 5647 2014 5647 3448 5647 2012 5648 2011 5648 3449 5648 2016 5649 2018 5649 3450 5649 1990 5650 1989 5650 2070 5650 2070 5651 1989 5651 3451 5651 3452 5652 2072 5652 3451 5652 3451 5653 2072 5653 2071 5653 3451 5654 2071 5654 2070 5654 2073 5655 3453 5655 2064 5655 2064 5656 3453 5656 3454 5656 3454 5657 2068 5657 2067 5657 2067 5658 2066 5658 3454 5658 3454 5659 2066 5659 2065 5659 3454 5660 2065 5660 2064 5660 2056 5661 3455 5661 2058 5661 2058 5662 3455 5662 3456 5662 2058 5663 3456 5663 2060 5663 2060 5664 3456 5664 3457 5664 2060 5665 3457 5665 2062 5665 2062 5666 3457 5666 3458 5666 2063 5667 3459 5667 2052 5667 2052 5668 3459 5668 3460 5668 2052 5669 3460 5669 2051 5669 2051 5670 3460 5670 2045 5670 2045 5671 3460 5671 3461 5671 2045 5672 3461 5672 2044 5672 2044 5673 3461 5673 2042 5673 2042 5674 3461 5674 3462 5674 2042 5675 3462 5675 2046 5675 2046 5676 3462 5676 3463 5676 2046 5677 3463 5677 2047 5677 2039 5678 2038 5678 3464 5678 3464 5679 2038 5679 2037 5679 3464 5680 2037 5680 3463 5680 3463 5681 2037 5681 2048 5681 3463 5682 2048 5682 2047 5682 3465 5683 2040 5683 3466 5683 3466 5684 2040 5684 2039 5684 3466 5685 2039 5685 3467 5685 3467 5686 2039 5686 3464 5686 3468 5687 2033 5687 3469 5687 3469 5688 2033 5688 2031 5688 3469 5689 2031 5689 3470 5689 3470 5690 2031 5690 2029 5690 3470 5691 2029 5691 3465 5691 3465 5692 2029 5692 2041 5692 3465 5693 2041 5693 2040 5693 3471 5694 3472 5694 3468 5694 3468 5695 3472 5695 3473 5695 2024 5696 2025 5696 3473 5696 3473 5697 2025 5697 2027 5697 3473 5698 2027 5698 3468 5698 3468 5699 2027 5699 2035 5699 3468 5700 2035 5700 2033 5700 3474 5701 2006 5701 2015 5701 2009 5702 2008 5702 3475 5702 3475 5703 2008 5703 2007 5703 3476 5704 2003 5704 2004 5704 3477 5705 3478 5705 2002 5705 2002 5706 3478 5706 3479 5706 1944 5707 1942 5707 3480 5707 3480 5708 1942 5708 1940 5708 3480 5709 1940 5709 3481 5709 3482 5710 3483 5710 1945 5710 1945 5711 3483 5711 1947 5711 1947 5712 3483 5712 3484 5712 1947 5713 3484 5713 1949 5713 1983 5714 1982 5714 3485 5714 3485 5715 1982 5715 3486 5715 3487 5716 3488 5716 3489 5716 3489 5717 3488 5717 3490 5717 3490 5718 3491 5718 3492 5718 3488 5719 3493 5719 3494 5719 3495 5720 3496 5720 3497 5720 3497 5721 3496 5721 3498 5721 3497 5722 3498 5722 3499 5722 3500 5723 3499 5723 3501 5723 3501 5724 3499 5724 3498 5724 3501 5725 3498 5725 3493 5725 3493 5726 3498 5726 3496 5726 3493 5727 3496 5727 3494 5727 3494 5728 3496 5728 3495 5728 3502 5729 3503 5729 3492 5729 1982 5730 1985 5730 3486 5730 3486 5731 1985 5731 3504 5731 3486 5732 3504 5732 3505 5732 3506 5733 3507 5733 3508 5733 3508 5734 3507 5734 3509 5734 3508 5735 3509 5735 3510 5735 3510 5736 3509 5736 3511 5736 3510 5737 3511 5737 3512 5737 3512 5738 3511 5738 3513 5738 3512 5739 3513 5739 3514 5739 3515 5740 3445 5740 3516 5740 3516 5741 3445 5741 3447 5741 3516 5742 3447 5742 3517 5742 3518 5743 3519 5743 3520 5743 3446 5744 3521 5744 3447 5744 3447 5745 3521 5745 3522 5745 3447 5746 3522 5746 3517 5746 3517 5747 3522 5747 3523 5747 3524 5748 3525 5748 3526 5748 3527 5749 3528 5749 3529 5749 3529 5750 3528 5750 3530 5750 3529 5751 3530 5751 3531 5751 3531 5752 3530 5752 3532 5752 3507 5753 3533 5753 3509 5753 3509 5754 3533 5754 3534 5754 3509 5755 3534 5755 3511 5755 3511 5756 3534 5756 3535 5756 3511 5757 3535 5757 3513 5757 3536 5758 3537 5758 3538 5758 3538 5759 3537 5759 3539 5759 3538 5760 3539 5760 3540 5760 3540 5761 3539 5761 3541 5761 3542 5762 3543 5762 3544 5762 3544 5763 3543 5763 3545 5763 3544 5764 3545 5764 3514 5764 3528 5765 3546 5765 3530 5765 3530 5766 3546 5766 3533 5766 3530 5767 3533 5767 3532 5767 3532 5768 3533 5768 3507 5768 3532 5769 3507 5769 3547 5769 3547 5770 3507 5770 3506 5770 3547 5771 3506 5771 3548 5771 3549 5772 3527 5772 3550 5772 3550 5773 3527 5773 3529 5773 3550 5774 3529 5774 3551 5774 3551 5775 3529 5775 3531 5775 3551 5776 3531 5776 3552 5776 3552 5777 3531 5777 3532 5777 3552 5778 3532 5778 3553 5778 3553 5779 3532 5779 3547 5779 3553 5780 3547 5780 3554 5780 3554 5781 3547 5781 3548 5781 3554 5782 3548 5782 3555 5782 3556 5783 3557 5783 3558 5783 3558 5784 3557 5784 3559 5784 3558 5785 3559 5785 3560 5785 3490 5786 3488 5786 3491 5786 3491 5787 3488 5787 3494 5787 3491 5788 3494 5788 3492 5788 3492 5789 3494 5789 3495 5789 3492 5790 3495 5790 3502 5790 3502 5791 3495 5791 3497 5791 3502 5792 3497 5792 3559 5792 3559 5793 3497 5793 3499 5793 3559 5794 3499 5794 3560 5794 3560 5795 3499 5795 3500 5795 3560 5796 3500 5796 3558 5796 3558 5797 3500 5797 3561 5797 3558 5798 3561 5798 3556 5798 3556 5799 3549 5799 3557 5799 3557 5800 3549 5800 3550 5800 3557 5801 3550 5801 3559 5801 3559 5802 3550 5802 3551 5802 3559 5803 3551 5803 3502 5803 3502 5804 3551 5804 3552 5804 3502 5805 3552 5805 3503 5805 3503 5806 3552 5806 3553 5806 3503 5807 3553 5807 3492 5807 3492 5808 3553 5808 3554 5808 3492 5809 3554 5809 3490 5809 3490 5810 3554 5810 3555 5810 3490 5811 3555 5811 3489 5811 3562 5812 3563 5812 3564 5812 3564 5813 3563 5813 3565 5813 3564 5814 3565 5814 3566 5814 3566 5815 3565 5815 3567 5815 3566 5816 3567 5816 3568 5816 3568 5817 3567 5817 3444 5817 3568 5818 3444 5818 3569 5818 3569 5819 3444 5819 3443 5819 3440 5820 3442 5820 3441 5820 3441 5821 3442 5821 3444 5821 3441 5822 3444 5822 3570 5822 3570 5823 3444 5823 3567 5823 3570 5824 3567 5824 3571 5824 3571 5825 3567 5825 3565 5825 3571 5826 3565 5826 3572 5826 3572 5827 3565 5827 3563 5827 3573 5828 3572 5828 3540 5828 3540 5829 3572 5829 3563 5829 3540 5830 3563 5830 3538 5830 3538 5831 3563 5831 3562 5831 3538 5832 3562 5832 3536 5832 3536 5833 3562 5833 3574 5833 3536 5834 3574 5834 3537 5834 3575 5835 3576 5835 3542 5835 3542 5836 3576 5836 3577 5836 3542 5837 3577 5837 3543 5837 3543 5838 3577 5838 3578 5838 3543 5839 3578 5839 3545 5839 3514 5840 3513 5840 3544 5840 3544 5841 3513 5841 3535 5841 3544 5842 3535 5842 3542 5842 3542 5843 3535 5843 3579 5843 3542 5844 3579 5844 3575 5844 3580 5845 3581 5845 3582 5845 3582 5846 3581 5846 3583 5846 3582 5847 3583 5847 3584 5847 3584 5848 3583 5848 3518 5848 3584 5849 3518 5849 3585 5849 3585 5850 3518 5850 3520 5850 3586 5851 3587 5851 3588 5851 3588 5852 3587 5852 3589 5852 3588 5853 3589 5853 3590 5853 3524 5854 3526 5854 3591 5854 3591 5855 3526 5855 3592 5855 3591 5856 3592 5856 3593 5856 3593 5857 3592 5857 3594 5857 3593 5858 3594 5858 3595 5858 3595 5859 3594 5859 3596 5859 3595 5860 3596 5860 3426 5860 3597 5861 3580 5861 3590 5861 3590 5862 3580 5862 3582 5862 3590 5863 3582 5863 3588 5863 3588 5864 3582 5864 3584 5864 3588 5865 3584 5865 3586 5865 3586 5866 3584 5866 3585 5866 3436 5867 3438 5867 3598 5867 3598 5868 3438 5868 3599 5868 3598 5869 3599 5869 3600 5869 3600 5870 3599 5870 3601 5870 3600 5871 3601 5871 3602 5871 3603 5872 3604 5872 3605 5872 3605 5873 3604 5873 3606 5873 3605 5874 3606 5874 3434 5874 3523 5875 3603 5875 3607 5875 3607 5876 3603 5876 3605 5876 3607 5877 3605 5877 3608 5877 3608 5878 3605 5878 3434 5878 3608 5879 3434 5879 3609 5879 3609 5880 3434 5880 3433 5880 3610 5881 3437 5881 3521 5881 3521 5882 3437 5882 3436 5882 3521 5883 3436 5883 3522 5883 3522 5884 3436 5884 3598 5884 3522 5885 3598 5885 3523 5885 3523 5886 3598 5886 3600 5886 3523 5887 3600 5887 3603 5887 3603 5888 3600 5888 3602 5888 3603 5889 3602 5889 3604 5889 3611 5890 3612 5890 3613 5890 3614 5891 3615 5891 3612 5891 3612 5892 3615 5892 3616 5892 3612 5893 3616 5893 3613 5893 3435 5894 3434 5894 3617 5894 3617 5895 3434 5895 3606 5895 3617 5896 3606 5896 3618 5896 3618 5897 3606 5897 3604 5897 3618 5898 3604 5898 3619 5898 3619 5899 3604 5899 3602 5899 3619 5900 3602 5900 3620 5900 3620 5901 3602 5901 3601 5901 3620 5902 3601 5902 3621 5902 3621 5903 3601 5903 3599 5903 3621 5904 3599 5904 3575 5904 3575 5905 3599 5905 3438 5905 3575 5906 3438 5906 3576 5906 3576 5907 3438 5907 3437 5907 3576 5908 3437 5908 3577 5908 3577 5909 3437 5909 3610 5909 3577 5910 3610 5910 3578 5910 3430 5911 3432 5911 3622 5911 3623 5912 3624 5912 3625 5912 3624 5913 3626 5913 3627 5913 3627 5914 3626 5914 3628 5914 3627 5915 3628 5915 3629 5915 3629 5916 3628 5916 3630 5916 3616 5917 3631 5917 3613 5917 3613 5918 3631 5918 3632 5918 3613 5919 3632 5919 3633 5919 3633 5920 3632 5920 3634 5920 3633 5921 3634 5921 3625 5921 3625 5922 3634 5922 3635 5922 3625 5923 3635 5923 3623 5923 3590 5924 3636 5924 3597 5924 3597 5925 3636 5925 3637 5925 3597 5926 3637 5926 3638 5926 3638 5927 3637 5927 3639 5927 3638 5928 3639 5928 3640 5928 3640 5929 3639 5929 3641 5929 3640 5930 3641 5930 3642 5930 3428 5931 3427 5931 3643 5931 3643 5932 3427 5932 3644 5932 3643 5933 3644 5933 3645 5933 3645 5934 3644 5934 3646 5934 3645 5935 3646 5935 3647 5935 3648 5936 3611 5936 3649 5936 3649 5937 3611 5937 3613 5937 3649 5938 3613 5938 3650 5938 3650 5939 3613 5939 3633 5939 3650 5940 3633 5940 3651 5940 3651 5941 3633 5941 3625 5941 3651 5942 3625 5942 3652 5942 3652 5943 3625 5943 3624 5943 3652 5944 3624 5944 3429 5944 3429 5945 3624 5945 3627 5945 3429 5946 3627 5946 3427 5946 3427 5947 3627 5947 3629 5947 3427 5948 3629 5948 3644 5948 3644 5949 3629 5949 3630 5949 3644 5950 3630 5950 3646 5950 3646 5951 3630 5951 3653 5951 3654 5952 3655 5952 3656 5952 3656 5953 3655 5953 3657 5953 3656 5954 3657 5954 3658 5954 3658 5955 3657 5955 3659 5955 3658 5956 3659 5956 3660 5956 3653 5957 3661 5957 3646 5957 3646 5958 3661 5958 3662 5958 3646 5959 3662 5959 3647 5959 3647 5960 3662 5960 3663 5960 3623 5961 3664 5961 3624 5961 3624 5962 3664 5962 3665 5962 3624 5963 3665 5963 3626 5963 3626 5964 3665 5964 3666 5964 3626 5965 3666 5965 3628 5965 3628 5966 3666 5966 3667 5966 3628 5967 3667 5967 3630 5967 3630 5968 3667 5968 3668 5968 3630 5969 3668 5969 3653 5969 3426 5970 3425 5970 3595 5970 3595 5971 3425 5971 3669 5971 3595 5972 3669 5972 3593 5972 3569 5973 3614 5973 3568 5973 3568 5974 3614 5974 3612 5974 3568 5975 3612 5975 3566 5975 3566 5976 3612 5976 3611 5976 3566 5977 3611 5977 3564 5977 3564 5978 3611 5978 3648 5978 3564 5979 3648 5979 3562 5979 3562 5980 3648 5980 3670 5980 3562 5981 3670 5981 3574 5981 3669 5982 3671 5982 3593 5982 3593 5983 3671 5983 3672 5983 3593 5984 3672 5984 3591 5984 3591 5985 3672 5985 3673 5985 3591 5986 3673 5986 3524 5986 3643 5987 3674 5987 3428 5987 3428 5988 3674 5988 3675 5988 3428 5989 3675 5989 3429 5989 3429 5990 3675 5990 3435 5990 3429 5991 3435 5991 3652 5991 3652 5992 3435 5992 3617 5992 3652 5993 3617 5993 3651 5993 3651 5994 3617 5994 3618 5994 3651 5995 3618 5995 3650 5995 3650 5996 3618 5996 3619 5996 3650 5997 3619 5997 3649 5997 3649 5998 3619 5998 3620 5998 3649 5999 3620 5999 3648 5999 3648 6000 3620 6000 3621 6000 3648 6001 3621 6001 3670 6001 3670 6002 3621 6002 3575 6002 3670 6003 3575 6003 3574 6003 3574 6004 3575 6004 3579 6004 3574 6005 3579 6005 3537 6005 3537 6006 3579 6006 3535 6006 3537 6007 3535 6007 3539 6007 3539 6008 3535 6008 3534 6008 3539 6009 3534 6009 3541 6009 3541 6010 3534 6010 3533 6010 3541 6011 3533 6011 3540 6011 3540 6012 3533 6012 3546 6012 3540 6013 3546 6013 3573 6013 3573 6014 3546 6014 3528 6014 3573 6015 3528 6015 3572 6015 3572 6016 3528 6016 3527 6016 3572 6017 3527 6017 3571 6017 3571 6018 3527 6018 3549 6018 3571 6019 3549 6019 3570 6019 3570 6020 3549 6020 3556 6020 3570 6021 3556 6021 3441 6021 3441 6022 3556 6022 3561 6022 3441 6023 3561 6023 3439 6023 3439 6024 3561 6024 3500 6024 3439 6025 3500 6025 3676 6025 3676 6026 3500 6026 3501 6026 3676 6027 3501 6027 3677 6027 3677 6028 3501 6028 3493 6028 3677 6029 3493 6029 3505 6029 3505 6030 3493 6030 3488 6030 3505 6031 3488 6031 3486 6031 3486 6032 3488 6032 3487 6032 3486 6033 3487 6033 3485 6033 3422 6034 3678 6034 3679 6034 3416 6035 3680 6035 3681 6035 3682 6036 3683 6036 3684 6036 3684 6037 3683 6037 3685 6037 3686 6038 3687 6038 3688 6038 3688 6039 3687 6039 3689 6039 3688 6040 3689 6040 3690 6040 3690 6041 3689 6041 3691 6041 3692 6042 3693 6042 3694 6042 3694 6043 3693 6043 3695 6043 3694 6044 3695 6044 3684 6044 3684 6045 3695 6045 3696 6045 3684 6046 3696 6046 3682 6046 3690 6047 3697 6047 3688 6047 3688 6048 3697 6048 3692 6048 3688 6049 3692 6049 3686 6049 3686 6050 3692 6050 3694 6050 3686 6051 3694 6051 3698 6051 3698 6052 3694 6052 3684 6052 3698 6053 3684 6053 3699 6053 3699 6054 3684 6054 3685 6054 3412 6055 3411 6055 3700 6055 3700 6056 3411 6056 3701 6056 3700 6057 3701 6057 3702 6057 3702 6058 3701 6058 3703 6058 3702 6059 3703 6059 3704 6059 3422 6060 3679 6060 3423 6060 3423 6061 3679 6061 3705 6061 3423 6062 3705 6062 3706 6062 3706 6063 3705 6063 3707 6063 3706 6064 3707 6064 3708 6064 3421 6065 3423 6065 3709 6065 3709 6066 3423 6066 3706 6066 3709 6067 3706 6067 3710 6067 3710 6068 3706 6068 3708 6068 3710 6069 3708 6069 3711 6069 3414 6070 3421 6070 3415 6070 3415 6071 3421 6071 3709 6071 3415 6072 3709 6072 3712 6072 3712 6073 3709 6073 3710 6073 3712 6074 3710 6074 3713 6074 3713 6075 3710 6075 3711 6075 3713 6076 3711 6076 3714 6076 3714 6077 3711 6077 3715 6077 3416 6078 3418 6078 3680 6078 3680 6079 3418 6079 3716 6079 3680 6080 3716 6080 3717 6080 3717 6081 3716 6081 3718 6081 3717 6082 3718 6082 3719 6082 3719 6083 3718 6083 3720 6083 3719 6084 3720 6084 3721 6084 3681 6085 3680 6085 3722 6085 3722 6086 3680 6086 3717 6086 3722 6087 3717 6087 3723 6087 3723 6088 3717 6088 3719 6088 3723 6089 3719 6089 3724 6089 3724 6090 3719 6090 3721 6090 3724 6091 3721 6091 3725 6091 3726 6092 3727 6092 3728 6092 3728 6093 3727 6093 3729 6093 3728 6094 3729 6094 3730 6094 3730 6095 3729 6095 3731 6095 3730 6096 3731 6096 3401 6096 3732 6097 3733 6097 3734 6097 3734 6098 3733 6098 3735 6098 3734 6099 3735 6099 3736 6099 3737 6100 3738 6100 3739 6100 3737 6101 3739 6101 3740 6101 3741 6102 3725 6102 3406 6102 3406 6103 3725 6103 3721 6103 3406 6104 3721 6104 3405 6104 3405 6105 3721 6105 3720 6105 3405 6106 3720 6106 3742 6106 3742 6107 3720 6107 3718 6107 3742 6108 3718 6108 3743 6108 3743 6109 3718 6109 3716 6109 3743 6110 3716 6110 3744 6110 3744 6111 3716 6111 3418 6111 3744 6112 3418 6112 3745 6112 3745 6113 3418 6113 3417 6113 3745 6114 3417 6114 3419 6114 3419 6115 3420 6115 3745 6115 3745 6116 3420 6116 3746 6116 3745 6117 3746 6117 3744 6117 3744 6118 3746 6118 3747 6118 3744 6119 3747 6119 3743 6119 3743 6120 3747 6120 3740 6120 3743 6121 3740 6121 3742 6121 3742 6122 3740 6122 3739 6122 3742 6123 3739 6123 3405 6123 3405 6124 3739 6124 3738 6124 3405 6125 3738 6125 3403 6125 3401 6126 3400 6126 3730 6126 3730 6127 3400 6127 3748 6127 3730 6128 3748 6128 3728 6128 3728 6129 3748 6129 3749 6129 3728 6130 3749 6130 3726 6130 3407 6131 3409 6131 3750 6131 3750 6132 3409 6132 3751 6132 3750 6133 3751 6133 3752 6133 3753 6134 3754 6134 3755 6134 3755 6135 3754 6135 3756 6135 3755 6136 3756 6136 3757 6136 3758 6137 3741 6137 3759 6137 3759 6138 3741 6138 3406 6138 3759 6139 3406 6139 3760 6139 3760 6140 3406 6140 3404 6140 3760 6141 3404 6141 3761 6141 3761 6142 3404 6142 3403 6142 3761 6143 3403 6143 3762 6143 3762 6144 3403 6144 3738 6144 3762 6145 3738 6145 3763 6145 3763 6146 3738 6146 3737 6146 3727 6147 3732 6147 3729 6147 3729 6148 3732 6148 3734 6148 3729 6149 3734 6149 3731 6149 3731 6150 3734 6150 3736 6150 3731 6151 3736 6151 3401 6151 3401 6152 3736 6152 3764 6152 3401 6153 3764 6153 3402 6153 3402 6154 3764 6154 3765 6154 3766 6155 3715 6155 3767 6155 3767 6156 3715 6156 3711 6156 3767 6157 3711 6157 3768 6157 3768 6158 3711 6158 3708 6158 3768 6159 3708 6159 3769 6159 3769 6160 3708 6160 3707 6160 3424 6161 3769 6161 3425 6161 3425 6162 3769 6162 3707 6162 3425 6163 3707 6163 3669 6163 3669 6164 3707 6164 3705 6164 3669 6165 3705 6165 3671 6165 3671 6166 3705 6166 3679 6166 3671 6167 3679 6167 3672 6167 3672 6168 3679 6168 3678 6168 3672 6169 3678 6169 3673 6169 3770 6170 3771 6170 3772 6170 3772 6171 3771 6171 3773 6171 3772 6172 3773 6172 3774 6172 3774 6173 3773 6173 3775 6173 3774 6174 3775 6174 3776 6174 3776 6175 3775 6175 3777 6175 3776 6176 3777 6176 3642 6176 3642 6177 3777 6177 3778 6177 3642 6178 3778 6178 3640 6178 3640 6179 3778 6179 3779 6179 3640 6180 3779 6180 3638 6180 3638 6181 3779 6181 3780 6181 3638 6182 3780 6182 3597 6182 3597 6183 3780 6183 3781 6183 3597 6184 3781 6184 3580 6184 3580 6185 3781 6185 3782 6185 3580 6186 3782 6186 3581 6186 3581 6187 3782 6187 3783 6187 3581 6188 3783 6188 3583 6188 3583 6189 3783 6189 3784 6189 3583 6190 3784 6190 3518 6190 3518 6191 3784 6191 3785 6191 3518 6192 3785 6192 3519 6192 3622 6193 3432 6193 3786 6193 3786 6194 3432 6194 3787 6194 3786 6195 3787 6195 3788 6195 3788 6196 3787 6196 3789 6196 3788 6197 3789 6197 3790 6197 3790 6198 3789 6198 3791 6198 3790 6199 3791 6199 3792 6199 3792 6200 3791 6200 3793 6200 3792 6201 3793 6201 3794 6201 3794 6202 3793 6202 3340 6202 3794 6203 3340 6203 3795 6203 3641 6204 3660 6204 3642 6204 3642 6205 3660 6205 3659 6205 3642 6206 3659 6206 3776 6206 3776 6207 3659 6207 3657 6207 3776 6208 3657 6208 3774 6208 3774 6209 3657 6209 3655 6209 3774 6210 3655 6210 3772 6210 3772 6211 3655 6211 3654 6211 3772 6212 3654 6212 3770 6212 3770 6213 3654 6213 3796 6213 3797 6214 3395 6214 3798 6214 3798 6215 3395 6215 3394 6215 3798 6216 3394 6216 3799 6216 3800 6217 3391 6217 3801 6217 3801 6218 3391 6218 3393 6218 3801 6219 3393 6219 3796 6219 3796 6220 3393 6220 3802 6220 3796 6221 3802 6221 3770 6221 3770 6222 3802 6222 3803 6222 3770 6223 3803 6223 3771 6223 3383 6224 3797 6224 3804 6224 3804 6225 3797 6225 3798 6225 3804 6226 3798 6226 3805 6226 3805 6227 3798 6227 3799 6227 3805 6228 3799 6228 3806 6228 3340 6229 3339 6229 3795 6229 3795 6230 3339 6230 3807 6230 3795 6231 3807 6231 3808 6231 3636 6232 3431 6232 3637 6232 3637 6233 3431 6233 3430 6233 3637 6234 3430 6234 3639 6234 3639 6235 3430 6235 3622 6235 3639 6236 3622 6236 3641 6236 3641 6237 3622 6237 3786 6237 3641 6238 3786 6238 3660 6238 3660 6239 3786 6239 3788 6239 3660 6240 3788 6240 3658 6240 3658 6241 3788 6241 3790 6241 3658 6242 3790 6242 3656 6242 3656 6243 3790 6243 3792 6243 3656 6244 3792 6244 3654 6244 3654 6245 3792 6245 3794 6245 3654 6246 3794 6246 3796 6246 3796 6247 3794 6247 3795 6247 3796 6248 3795 6248 3801 6248 3801 6249 3795 6249 3808 6249 3801 6250 3808 6250 3800 6250 3413 6251 3415 6251 3420 6251 3420 6252 3415 6252 3712 6252 3420 6253 3712 6253 3746 6253 3746 6254 3712 6254 3713 6254 3746 6255 3713 6255 3747 6255 3747 6256 3713 6256 3714 6256 3747 6257 3714 6257 3740 6257 3740 6258 3714 6258 3715 6258 3740 6259 3715 6259 3737 6259 3737 6260 3715 6260 3766 6260 3737 6261 3766 6261 3763 6261 3763 6262 3766 6262 3809 6262 3763 6263 3809 6263 3762 6263 3810 6264 3811 6264 3812 6264 3812 6265 3811 6265 3813 6265 3812 6266 3813 6266 3814 6266 3815 6267 3816 6267 3817 6267 3817 6268 3816 6268 3818 6268 3817 6269 3818 6269 3819 6269 3820 6270 3821 6270 3822 6270 3822 6271 3821 6271 3823 6271 3822 6272 3823 6272 3824 6272 3408 6273 3726 6273 3409 6273 3409 6274 3726 6274 3749 6274 3409 6275 3749 6275 3751 6275 3751 6276 3749 6276 3748 6276 3751 6277 3748 6277 3752 6277 3752 6278 3748 6278 3400 6278 3752 6279 3400 6279 3825 6279 3825 6280 3400 6280 3402 6280 3825 6281 3402 6281 3824 6281 3824 6282 3402 6282 3765 6282 3824 6283 3765 6283 3822 6283 3822 6284 3765 6284 3826 6284 3822 6285 3826 6285 3820 6285 3827 6286 3810 6286 3828 6286 3828 6287 3810 6287 3812 6287 3828 6288 3812 6288 3829 6288 3829 6289 3812 6289 3814 6289 3829 6290 3814 6290 3830 6290 3831 6291 3832 6291 3398 6291 3398 6292 3832 6292 3833 6292 3398 6293 3833 6293 3399 6293 3399 6294 3833 6294 3834 6294 3399 6295 3834 6295 3835 6295 3835 6296 3834 6296 3836 6296 3835 6297 3836 6297 3837 6297 3837 6298 3836 6298 3757 6298 3837 6299 3757 6299 3838 6299 3838 6300 3757 6300 3756 6300 3838 6301 3756 6301 3839 6301 3839 6302 3756 6302 3754 6302 3839 6303 3754 6303 3840 6303 3397 6304 3399 6304 3841 6304 3841 6305 3399 6305 3835 6305 3841 6306 3835 6306 3842 6306 3842 6307 3835 6307 3837 6307 3842 6308 3837 6308 3843 6308 3843 6309 3837 6309 3838 6309 3843 6310 3838 6310 3844 6310 3844 6311 3838 6311 3839 6311 3844 6312 3839 6312 3845 6312 3845 6313 3839 6313 3840 6313 3845 6314 3840 6314 3846 6314 3847 6315 3388 6315 3848 6315 3848 6316 3388 6316 3390 6316 3848 6317 3390 6317 3849 6317 3850 6318 3851 6318 3852 6318 3852 6319 3851 6319 3853 6319 3852 6320 3853 6320 3854 6320 3855 6321 3386 6321 3856 6321 3856 6322 3386 6322 3385 6322 3856 6323 3385 6323 3857 6323 3858 6324 3859 6324 3860 6324 3860 6325 3859 6325 3861 6325 3860 6326 3861 6326 3387 6326 3387 6327 3861 6327 3862 6327 3387 6328 3862 6328 3385 6328 3385 6329 3862 6329 3863 6329 3385 6330 3863 6330 3857 6330 3864 6331 3865 6331 3866 6331 3866 6332 3865 6332 3867 6332 3378 6333 3867 6333 3379 6333 3379 6334 3867 6334 3865 6334 3379 6335 3865 6335 3381 6335 3381 6336 3865 6336 3864 6336 3381 6337 3864 6337 3384 6337 3868 6338 3869 6338 3870 6338 3759 6339 3819 6339 3758 6339 3758 6340 3819 6340 3818 6340 3758 6341 3818 6341 3871 6341 3871 6342 3818 6342 3816 6342 3871 6343 3816 6343 3872 6343 3872 6344 3816 6344 3815 6344 3872 6345 3815 6345 3870 6345 3870 6346 3815 6346 3873 6346 3870 6347 3873 6347 3868 6347 3868 6348 3873 6348 3874 6348 3875 6349 3876 6349 3877 6349 3877 6350 3876 6350 3849 6350 3877 6351 3849 6351 3878 6351 3878 6352 3849 6352 3390 6352 3878 6353 3390 6353 3879 6353 3879 6354 3390 6354 3389 6354 3880 6355 3881 6355 3882 6355 3882 6356 3881 6356 3883 6356 3882 6357 3883 6357 3884 6357 3884 6358 3883 6358 3885 6358 3884 6359 3885 6359 3886 6359 3886 6360 3885 6360 3847 6360 3887 6361 3888 6361 3889 6361 3889 6362 3888 6362 3890 6362 3889 6363 3890 6363 3891 6363 3891 6364 3890 6364 3827 6364 3809 6365 3892 6365 3762 6365 3762 6366 3892 6366 3830 6366 3762 6367 3830 6367 3761 6367 3761 6368 3830 6368 3814 6368 3761 6369 3814 6369 3760 6369 3760 6370 3814 6370 3813 6370 3760 6371 3813 6371 3759 6371 3759 6372 3813 6372 3811 6372 3759 6373 3811 6373 3819 6373 3819 6374 3811 6374 3810 6374 3819 6375 3810 6375 3817 6375 3817 6376 3810 6376 3827 6376 3817 6377 3827 6377 3815 6377 3815 6378 3827 6378 3890 6378 3815 6379 3890 6379 3873 6379 3873 6380 3890 6380 3888 6380 3873 6381 3888 6381 3874 6381 3874 6382 3888 6382 3887 6382 3893 6383 3894 6383 3895 6383 3895 6384 3894 6384 3896 6384 3897 6385 3804 6385 3898 6385 3898 6386 3804 6386 3805 6386 3898 6387 3805 6387 3899 6387 3899 6388 3805 6388 3806 6388 3899 6389 3806 6389 3900 6389 3853 6390 3901 6390 3854 6390 3854 6391 3901 6391 3893 6391 3854 6392 3893 6392 3902 6392 3902 6393 3893 6393 3895 6393 3902 6394 3895 6394 3903 6394 3904 6395 3905 6395 3906 6395 3906 6396 3905 6396 3907 6396 3906 6397 3907 6397 3908 6397 3908 6398 3907 6398 3909 6398 3908 6399 3909 6399 3910 6399 3910 6400 3909 6400 3911 6400 3910 6401 3911 6401 3912 6401 3912 6402 3911 6402 3913 6402 3912 6403 3913 6403 3914 6403 3914 6404 3913 6404 3915 6404 3914 6405 3915 6405 3916 6405 3916 6406 3915 6406 3917 6406 3916 6407 3917 6407 3918 6407 3383 6408 3804 6408 3381 6408 3381 6409 3804 6409 3897 6409 3381 6410 3897 6410 3379 6410 3379 6411 3897 6411 3898 6411 3379 6412 3898 6412 3380 6412 3380 6413 3898 6413 3899 6413 3380 6414 3899 6414 3919 6414 3919 6415 3899 6415 3900 6415 3919 6416 3900 6416 3920 6416 3921 6417 3922 6417 3923 6417 3596 6418 3924 6418 3426 6418 3426 6419 3924 6419 3925 6419 3426 6420 3925 6420 3424 6420 3424 6421 3925 6421 3926 6421 3424 6422 3926 6422 3769 6422 3769 6423 3926 6423 3396 6423 3769 6424 3396 6424 3768 6424 3768 6425 3396 6425 3395 6425 3768 6426 3395 6426 3767 6426 3767 6427 3395 6427 3797 6427 3767 6428 3797 6428 3766 6428 3766 6429 3797 6429 3383 6429 3766 6430 3383 6430 3809 6430 3809 6431 3383 6431 3382 6431 3809 6432 3382 6432 3892 6432 3892 6433 3382 6433 3384 6433 3892 6434 3384 6434 3830 6434 3830 6435 3384 6435 3864 6435 3830 6436 3864 6436 3829 6436 3829 6437 3864 6437 3866 6437 3829 6438 3866 6438 3828 6438 3828 6439 3866 6439 3867 6439 3828 6440 3867 6440 3827 6440 3827 6441 3867 6441 3378 6441 3827 6442 3378 6442 3891 6442 3891 6443 3378 6443 3380 6443 3891 6444 3380 6444 3889 6444 3889 6445 3380 6445 3919 6445 3889 6446 3919 6446 3887 6446 3887 6447 3919 6447 3920 6447 3847 6448 3848 6448 3886 6448 3886 6449 3848 6449 3849 6449 3886 6450 3849 6450 3884 6450 3884 6451 3849 6451 3876 6451 3884 6452 3876 6452 3882 6452 3882 6453 3876 6453 3875 6453 3882 6454 3875 6454 3880 6454 3880 6455 3875 6455 3927 6455 3880 6456 3927 6456 3928 6456 3928 6457 3927 6457 3929 6457 3928 6458 3929 6458 3930 6458 3931 6459 3922 6459 3932 6459 3932 6460 3922 6460 3921 6460 3932 6461 3921 6461 3933 6461 3877 6462 3934 6462 3875 6462 3875 6463 3934 6463 3923 6463 3875 6464 3923 6464 3927 6464 3927 6465 3923 6465 3922 6465 3927 6466 3922 6466 3929 6466 3929 6467 3922 6467 3931 6467 3918 6468 3917 6468 3935 6468 3935 6469 3917 6469 3936 6469 3935 6470 3936 6470 3937 6470 3937 6471 3936 6471 3938 6471 3937 6472 3938 6472 3939 6472 3939 6473 3938 6473 3940 6473 3939 6474 3940 6474 3941 6474 3924 6475 3942 6475 3925 6475 3925 6476 3942 6476 3943 6476 3925 6477 3943 6477 3926 6477 3926 6478 3943 6478 3944 6478 3926 6479 3944 6479 3396 6479 3396 6480 3944 6480 3945 6480 3396 6481 3945 6481 3394 6481 3394 6482 3945 6482 3946 6482 3394 6483 3946 6483 3799 6483 3799 6484 3946 6484 3947 6484 3799 6485 3947 6485 3806 6485 3806 6486 3947 6486 3948 6486 3806 6487 3948 6487 3900 6487 3900 6488 3948 6488 3933 6488 3900 6489 3933 6489 3920 6489 3920 6490 3933 6490 3921 6490 3920 6491 3921 6491 3887 6491 3887 6492 3921 6492 3923 6492 3887 6493 3923 6493 3874 6493 3874 6494 3923 6494 3934 6494 3874 6495 3934 6495 3868 6495 3868 6496 3934 6496 3877 6496 3868 6497 3877 6497 3869 6497 3869 6498 3877 6498 3878 6498 3869 6499 3878 6499 3949 6499 3949 6500 3878 6500 3879 6500 3949 6501 3879 6501 3950 6501 3950 6502 3879 6502 3389 6502 3951 6503 3952 6503 3953 6503 3954 6504 3955 6504 3953 6504 3953 6505 3955 6505 3956 6505 3953 6506 3956 6506 3957 6506 3957 6507 3956 6507 3958 6507 3957 6508 3958 6508 3959 6508 3960 6509 3961 6509 3962 6509 3962 6510 3961 6510 3963 6510 3963 6511 3964 6511 3965 6511 3959 6512 3960 6512 3957 6512 3957 6513 3960 6513 3962 6513 3957 6514 3962 6514 3966 6514 3966 6515 3962 6515 3967 6515 3966 6516 3967 6516 3930 6516 3952 6517 3968 6517 3969 6517 3952 6518 3969 6518 3953 6518 3953 6519 3969 6519 3970 6519 3953 6520 3970 6520 3954 6520 3971 6521 3941 6521 3972 6521 3973 6522 3974 6522 3975 6522 3976 6523 3977 6523 3978 6523 3979 6524 3980 6524 3981 6524 3982 6525 3983 6525 3984 6525 3985 6526 3983 6526 3986 6526 3986 6527 3983 6527 3982 6527 3986 6528 3982 6528 3987 6528 3988 6529 3989 6529 3952 6529 3952 6530 3989 6530 3990 6530 3952 6531 3990 6531 3968 6531 3392 6532 3988 6532 3393 6532 3393 6533 3988 6533 3952 6533 3393 6534 3952 6534 3802 6534 3802 6535 3952 6535 3951 6535 3802 6536 3951 6536 3803 6536 3991 6537 3992 6537 3704 6537 3993 6538 3992 6538 3994 6538 3994 6539 3992 6539 3991 6539 3994 6540 3991 6540 3995 6540 3996 6541 3992 6541 3997 6541 3997 6542 3992 6542 3993 6542 3997 6543 3993 6543 3998 6543 3998 6544 3993 6544 3994 6544 3998 6545 3994 6545 3999 6545 3999 6546 3994 6546 3995 6546 3999 6547 3995 6547 4000 6547 4000 6548 3995 6548 4001 6548 4000 6549 4001 6549 4002 6549 4002 6550 4001 6550 4003 6550 4002 6551 4003 6551 4004 6551 4004 6552 4003 6552 4005 6552 4004 6553 4005 6553 4006 6553 4006 6554 4005 6554 4007 6554 4006 6555 4007 6555 4008 6555 4008 6556 4007 6556 4009 6556 4008 6557 4009 6557 4010 6557 4010 6558 4009 6558 4011 6558 4010 6559 4011 6559 4012 6559 4012 6560 4011 6560 4013 6560 4012 6561 4013 6561 4014 6561 4014 6562 4013 6562 4015 6562 4014 6563 4015 6563 3973 6563 3973 6564 4015 6564 4016 6564 3973 6565 4016 6565 3974 6565 3974 6566 4016 6566 4017 6566 3974 6567 4017 6567 3975 6567 3975 6568 4017 6568 3971 6568 3975 6569 3971 6569 4018 6569 4018 6570 3971 6570 3972 6570 4018 6571 3972 6571 3965 6571 3704 6572 3992 6572 3702 6572 3702 6573 3992 6573 3996 6573 3702 6574 3996 6574 3700 6574 3700 6575 3996 6575 4019 6575 3700 6576 4019 6576 3412 6576 4020 6577 4021 6577 4022 6577 4023 6578 3373 6578 4024 6578 4024 6579 3373 6579 3366 6579 4024 6580 3366 6580 4025 6580 4026 6581 4027 6581 4028 6581 4028 6582 4027 6582 4029 6582 4028 6583 4029 6583 4030 6583 4030 6584 4029 6584 4021 6584 4030 6585 4021 6585 4031 6585 4031 6586 4021 6586 4020 6586 4031 6587 4020 6587 4032 6587 3368 6588 4033 6588 3366 6588 3366 6589 4033 6589 4034 6589 3366 6590 4034 6590 4025 6590 4035 6591 4036 6591 4037 6591 3980 6592 3976 6592 3981 6592 3981 6593 3976 6593 3978 6593 3981 6594 3978 6594 4038 6594 4038 6595 3978 6595 4039 6595 4038 6596 4039 6596 4040 6596 4040 6597 4039 6597 4041 6597 4040 6598 4041 6598 4042 6598 4042 6599 4041 6599 4043 6599 4042 6600 4043 6600 4044 6600 4044 6601 4043 6601 4045 6601 4044 6602 4045 6602 4046 6602 4046 6603 4045 6603 4047 6603 4046 6604 4047 6604 4048 6604 4048 6605 4047 6605 3368 6605 4048 6606 3368 6606 4049 6606 4049 6607 3368 6607 3367 6607 4049 6608 3367 6608 4050 6608 4050 6609 3367 6609 3373 6609 4050 6610 3373 6610 4051 6610 4051 6611 3373 6611 4023 6611 4051 6612 4023 6612 4052 6612 4052 6613 4023 6613 4024 6613 4052 6614 4024 6614 4022 6614 4022 6615 4024 6615 4025 6615 4022 6616 4025 6616 4020 6616 4020 6617 4025 6617 4034 6617 4020 6618 4034 6618 4032 6618 4032 6619 4034 6619 4033 6619 4032 6620 4033 6620 4053 6620 4053 6621 4033 6621 3368 6621 4053 6622 3368 6622 4047 6622 4054 6623 3370 6623 4055 6623 4055 6624 3370 6624 3369 6624 4055 6625 3369 6625 4056 6625 4056 6626 3369 6626 4057 6626 4036 6627 4035 6627 4058 6627 4058 6628 4035 6628 4059 6628 4058 6629 4059 6629 4060 6629 4061 6630 4054 6630 4060 6630 4060 6631 4054 6631 4055 6631 4060 6632 4055 6632 4058 6632 4058 6633 4055 6633 4056 6633 4058 6634 4056 6634 4036 6634 4037 6635 4062 6635 4035 6635 4035 6636 4062 6636 4063 6636 4035 6637 4063 6637 4059 6637 4059 6638 4063 6638 4064 6638 4059 6639 4064 6639 4060 6639 4060 6640 4064 6640 4065 6640 4060 6641 4065 6641 4061 6641 4061 6642 4065 6642 4066 6642 4061 6643 4066 6643 4054 6643 4054 6644 4066 6644 4067 6644 4054 6645 4067 6645 3370 6645 3370 6646 4067 6646 4068 6646 3370 6647 4068 6647 3372 6647 4069 6648 4070 6648 4071 6648 3363 6649 4072 6649 4073 6649 4073 6650 4074 6650 3363 6650 3363 6651 4074 6651 4075 6651 3363 6652 4075 6652 3364 6652 3364 6653 4075 6653 4076 6653 4077 6654 4076 6654 4065 6654 4065 6655 4076 6655 4075 6655 4065 6656 4075 6656 4066 6656 4066 6657 4075 6657 4074 6657 4066 6658 4074 6658 4067 6658 4067 6659 4074 6659 4073 6659 4067 6660 4073 6660 4068 6660 4068 6661 4073 6661 4072 6661 4068 6662 4072 6662 3372 6662 4037 6663 3984 6663 4062 6663 4062 6664 3984 6664 3983 6664 4062 6665 3983 6665 4063 6665 4063 6666 3983 6666 3985 6666 4063 6667 3985 6667 4064 6667 4064 6668 3985 6668 4069 6668 4064 6669 4069 6669 4065 6669 4065 6670 4069 6670 4071 6670 4065 6671 4071 6671 4077 6671 4070 6672 4069 6672 4078 6672 4078 6673 4069 6673 3985 6673 4078 6674 3985 6674 4079 6674 4079 6675 3985 6675 3986 6675 4079 6676 3986 6676 3377 6676 3377 6677 3986 6677 3987 6677 3377 6678 3987 6678 3376 6678 1999 6679 4080 6679 2000 6679 2000 6680 4080 6680 4081 6680 2000 6681 4081 6681 3363 6681 3363 6682 4081 6682 4082 6682 3363 6683 4082 6683 4072 6683 4072 6684 4082 6684 4026 6684 4072 6685 4026 6685 3372 6685 3372 6686 4026 6686 4028 6686 3372 6687 4028 6687 3371 6687 3371 6688 4028 6688 4030 6688 3371 6689 4030 6689 3369 6689 3369 6690 4030 6690 4031 6690 3369 6691 4031 6691 4057 6691 4057 6692 4031 6692 4032 6692 4057 6693 4032 6693 4056 6693 4056 6694 4032 6694 4053 6694 4056 6695 4053 6695 4036 6695 4036 6696 4053 6696 4047 6696 4036 6697 4047 6697 4037 6697 4037 6698 4047 6698 4045 6698 4037 6699 4045 6699 3984 6699 3984 6700 4045 6700 4043 6700 3984 6701 4043 6701 3982 6701 3982 6702 4043 6702 4041 6702 3982 6703 4041 6703 3987 6703 3987 6704 4041 6704 4039 6704 3987 6705 4039 6705 3376 6705 3376 6706 4039 6706 3978 6706 3376 6707 3978 6707 3374 6707 3374 6708 3978 6708 3977 6708 2022 6709 2024 6709 4083 6709 4083 6710 2024 6710 3473 6710 4083 6711 3473 6711 4084 6711 4084 6712 3473 6712 3472 6712 4084 6713 3472 6713 4085 6713 4085 6714 3472 6714 3471 6714 4085 6715 3471 6715 4086 6715 4086 6716 4087 6716 4085 6716 4085 6717 4087 6717 4088 6717 4085 6718 4088 6718 4084 6718 4084 6719 4088 6719 4089 6719 4084 6720 4089 6720 4083 6720 4083 6721 4089 6721 4090 6721 4083 6722 4090 6722 2022 6722 2022 6723 4090 6723 2020 6723 4087 6724 4091 6724 4088 6724 4088 6725 4091 6725 4092 6725 4088 6726 4092 6726 4089 6726 4089 6727 4092 6727 4093 6727 4089 6728 4093 6728 4090 6728 4090 6729 4093 6729 3450 6729 4090 6730 3450 6730 2020 6730 2020 6731 3450 6731 2018 6731 4094 6732 4095 6732 4096 6732 4096 6733 4095 6733 4097 6733 4096 6734 4097 6734 4098 6734 4098 6735 4097 6735 4099 6735 4098 6736 4099 6736 4100 6736 4100 6737 4099 6737 4101 6737 4100 6738 4101 6738 4102 6738 4102 6739 4101 6739 4103 6739 4102 6740 4103 6740 4104 6740 2015 6741 3448 6741 3474 6741 3474 6742 3448 6742 4105 6742 3474 6743 4105 6743 4106 6743 2010 6744 2009 6744 3356 6744 3356 6745 2009 6745 3475 6745 3356 6746 3475 6746 3362 6746 3362 6747 3475 6747 4107 6747 4108 6748 3358 6748 4109 6748 4109 6749 3358 6749 3357 6749 4109 6750 3357 6750 4110 6750 4110 6751 3357 6751 3362 6751 4110 6752 3362 6752 4111 6752 4111 6753 3362 6753 4107 6753 4111 6754 4107 6754 4106 6754 4106 6755 4107 6755 3475 6755 4106 6756 3475 6756 3474 6756 3474 6757 3475 6757 2007 6757 3474 6758 2007 6758 2006 6758 4112 6759 4113 6759 4114 6759 4114 6760 4113 6760 4115 6760 3354 6761 3353 6761 4116 6761 4116 6762 3353 6762 4117 6762 4116 6763 4117 6763 4104 6763 2011 6764 4118 6764 3449 6764 3449 6765 4118 6765 4119 6765 3449 6766 4119 6766 4120 6766 4120 6767 4119 6767 4121 6767 4120 6768 4121 6768 4122 6768 4122 6769 4121 6769 4117 6769 4122 6770 4117 6770 4123 6770 4123 6771 4117 6771 3353 6771 4123 6772 3353 6772 4124 6772 4124 6773 3353 6773 3355 6773 4124 6774 3355 6774 4125 6774 4125 6775 3355 6775 4126 6775 3359 6776 3361 6776 4127 6776 4127 6777 3361 6777 4128 6777 4127 6778 4128 6778 4129 6778 4129 6779 4128 6779 4130 6779 4129 6780 4130 6780 4131 6780 4131 6781 4132 6781 4129 6781 4129 6782 4132 6782 4133 6782 4129 6783 4133 6783 4127 6783 4127 6784 4133 6784 4134 6784 4127 6785 4134 6785 3359 6785 4112 6786 4114 6786 4135 6786 4135 6787 4114 6787 4136 6787 4135 6788 4136 6788 4137 6788 3360 6789 4112 6789 3361 6789 3361 6790 4112 6790 4135 6790 3361 6791 4135 6791 4128 6791 4128 6792 4135 6792 4137 6792 4128 6793 4137 6793 4130 6793 4130 6794 4137 6794 4138 6794 4130 6795 4138 6795 4131 6795 4139 6796 4140 6796 4141 6796 4141 6797 4140 6797 4142 6797 4141 6798 4142 6798 4143 6798 4144 6799 3350 6799 4145 6799 4145 6800 3350 6800 3352 6800 4145 6801 3352 6801 4146 6801 4146 6802 3352 6802 4147 6802 4146 6803 4147 6803 4148 6803 4148 6804 4147 6804 4149 6804 4148 6805 4149 6805 4150 6805 4150 6806 4149 6806 4151 6806 4150 6807 4151 6807 4125 6807 4152 6808 4142 6808 4153 6808 4153 6809 4142 6809 4140 6809 4153 6810 4140 6810 4154 6810 4154 6811 4140 6811 4139 6811 4154 6812 4139 6812 4155 6812 4126 6813 4156 6813 4125 6813 4125 6814 4156 6814 4157 6814 4125 6815 4157 6815 4150 6815 4150 6816 4157 6816 4158 6816 4150 6817 4158 6817 4148 6817 4148 6818 4158 6818 4159 6818 4148 6819 4159 6819 4146 6819 4146 6820 4159 6820 4160 6820 4146 6821 4160 6821 4145 6821 4145 6822 4160 6822 4161 6822 4145 6823 4161 6823 4144 6823 4137 6824 4155 6824 4138 6824 4138 6825 4155 6825 4139 6825 4138 6826 4139 6826 4131 6826 4131 6827 4139 6827 4141 6827 4131 6828 4141 6828 4132 6828 4132 6829 4141 6829 4143 6829 4132 6830 4143 6830 4133 6830 4133 6831 4143 6831 4108 6831 4133 6832 4108 6832 4134 6832 4134 6833 4108 6833 4109 6833 4134 6834 4109 6834 3359 6834 3359 6835 4109 6835 4110 6835 3359 6836 4110 6836 3360 6836 3360 6837 4110 6837 4111 6837 3360 6838 4111 6838 4112 6838 4112 6839 4111 6839 4106 6839 4112 6840 4106 6840 4113 6840 4113 6841 4106 6841 4105 6841 2002 6842 2003 6842 3477 6842 3477 6843 2003 6843 3476 6843 3477 6844 3476 6844 3478 6844 3478 6845 3476 6845 4162 6845 3478 6846 4162 6846 4163 6846 4163 6847 4162 6847 4164 6847 4163 6848 4164 6848 4165 6848 3348 6849 4166 6849 3349 6849 3349 6850 4166 6850 4167 6850 3349 6851 4167 6851 4152 6851 4152 6852 4167 6852 4168 6852 4152 6853 4168 6853 4142 6853 4142 6854 4168 6854 4169 6854 4142 6855 4169 6855 4143 6855 4143 6856 4169 6856 4170 6856 4143 6857 4170 6857 4108 6857 4108 6858 4170 6858 4171 6858 4108 6859 4171 6859 3358 6859 3358 6860 4171 6860 4172 6860 3358 6861 4172 6861 3356 6861 3356 6862 4172 6862 2005 6862 3356 6863 2005 6863 2010 6863 4166 6864 4173 6864 4167 6864 4167 6865 4173 6865 4174 6865 4167 6866 4174 6866 4168 6866 4168 6867 4174 6867 4165 6867 4168 6868 4165 6868 4169 6868 4169 6869 4165 6869 4164 6869 4169 6870 4164 6870 4170 6870 4170 6871 4164 6871 4162 6871 4170 6872 4162 6872 4171 6872 4171 6873 4162 6873 3476 6873 4171 6874 3476 6874 4172 6874 4172 6875 3476 6875 2004 6875 4172 6876 2004 6876 2005 6876 4104 6877 4103 6877 4116 6877 4116 6878 4103 6878 4175 6878 4116 6879 4175 6879 3354 6879 3354 6880 4175 6880 4176 6880 3354 6881 4176 6881 3355 6881 3355 6882 4176 6882 4177 6882 3355 6883 4177 6883 4126 6883 4126 6884 4177 6884 4178 6884 4126 6885 4178 6885 4156 6885 4156 6886 4178 6886 4179 6886 4156 6887 4179 6887 4157 6887 4157 6888 4179 6888 4180 6888 4157 6889 4180 6889 4158 6889 4158 6890 4180 6890 4181 6890 4158 6891 4181 6891 4159 6891 4159 6892 4181 6892 4182 6892 4159 6893 4182 6893 4160 6893 4160 6894 4182 6894 4183 6894 4160 6895 4183 6895 4161 6895 4161 6896 4183 6896 4184 6896 4161 6897 4184 6897 4144 6897 4185 6898 4186 6898 4187 6898 4185 6899 4187 6899 4188 6899 4188 6900 4187 6900 4189 6900 4188 6901 4189 6901 4190 6901 4190 6902 4189 6902 4191 6902 4190 6903 4191 6903 4192 6903 4193 6904 4192 6904 4194 6904 4194 6905 4192 6905 4191 6905 4194 6906 4191 6906 4195 6906 4195 6907 4191 6907 4196 6907 4196 6908 4191 6908 4189 6908 4196 6909 4189 6909 4197 6909 4197 6910 4189 6910 4187 6910 4197 6911 4187 6911 4198 6911 3344 6912 3346 6912 4199 6912 3691 6913 4200 6913 3690 6913 3690 6914 4200 6914 4199 6914 3690 6915 4199 6915 3697 6915 3697 6916 4199 6916 3346 6916 3697 6917 3346 6917 3692 6917 3692 6918 3346 6918 4201 6918 3692 6919 4201 6919 3693 6919 3693 6920 4201 6920 4202 6920 3693 6921 4202 6921 3695 6921 3695 6922 4202 6922 4203 6922 3695 6923 4203 6923 3696 6923 3696 6924 4203 6924 4204 6924 3696 6925 4204 6925 3682 6925 3682 6926 4204 6926 4205 6926 3682 6927 4205 6927 3683 6927 4198 6928 4203 6928 4197 6928 4197 6929 4203 6929 4202 6929 4197 6930 4202 6930 4196 6930 4196 6931 4202 6931 4201 6931 4196 6932 4201 6932 4195 6932 4195 6933 4201 6933 3346 6933 4195 6934 3346 6934 4194 6934 4194 6935 3346 6935 3345 6935 4194 6936 3345 6936 4193 6936 4205 6937 3735 6937 3683 6937 3683 6938 3735 6938 3733 6938 3683 6939 3733 6939 3685 6939 3685 6940 3733 6940 3732 6940 3685 6941 3732 6941 3699 6941 3699 6942 3732 6942 3727 6942 3699 6943 3727 6943 3698 6943 3698 6944 3727 6944 3726 6944 3698 6945 3726 6945 3686 6945 3686 6946 3726 6946 3408 6946 3686 6947 3408 6947 3687 6947 3687 6948 3408 6948 4206 6948 3687 6949 4206 6949 3689 6949 3689 6950 4206 6950 4207 6950 3689 6951 4207 6951 3691 6951 3691 6952 4207 6952 4208 6952 3691 6953 4208 6953 4209 6953 4209 6954 4208 6954 4210 6954 4209 6955 4210 6955 4211 6955 4211 6956 4210 6956 4212 6956 4211 6957 4212 6957 4213 6957 4213 6958 4212 6958 4214 6958 4213 6959 4214 6959 4215 6959 3348 6960 4216 6960 4166 6960 4166 6961 4216 6961 4217 6961 4166 6962 4217 6962 4173 6962 4173 6963 4217 6963 4218 6963 4173 6964 4218 6964 4174 6964 4174 6965 4218 6965 4219 6965 4174 6966 4219 6966 4165 6966 4165 6967 4219 6967 4220 6967 4165 6968 4220 6968 4163 6968 4163 6969 4220 6969 4221 6969 4163 6970 4221 6970 3478 6970 3478 6971 4221 6971 4222 6971 3478 6972 4222 6972 3479 6972 3479 6973 4222 6973 3481 6973 3479 6974 3481 6974 2002 6974 2002 6975 3481 6975 1940 6975 4223 6976 4215 6976 4224 6976 4224 6977 4215 6977 4214 6977 4224 6978 4214 6978 4225 6978 1944 6979 3480 6979 4226 6979 4226 6980 3480 6980 3481 6980 4226 6981 3481 6981 4225 6981 4225 6982 3481 6982 4222 6982 4225 6983 4222 6983 4224 6983 4224 6984 4222 6984 4221 6984 4224 6985 4221 6985 4223 6985 4223 6986 4221 6986 4220 6986 4223 6987 4220 6987 4215 6987 4215 6988 4220 6988 4219 6988 4215 6989 4219 6989 4213 6989 4213 6990 4219 6990 4218 6990 4213 6991 4218 6991 4211 6991 4211 6992 4218 6992 4217 6992 4211 6993 4217 6993 4209 6993 4209 6994 4217 6994 4216 6994 4209 6995 4216 6995 3691 6995 3691 6996 4216 6996 3348 6996 3691 6997 3348 6997 4200 6997 4200 6998 3348 6998 3347 6998 4200 6999 3347 6999 4199 6999 4227 7000 4228 7000 4229 7000 4229 7001 4228 7001 4230 7001 4229 7002 4230 7002 4231 7002 4231 7003 4230 7003 3341 7003 4231 7004 3341 7004 4232 7004 4232 7005 3341 7005 3343 7005 4233 7006 4234 7006 4235 7006 4235 7007 4234 7007 4236 7007 4235 7008 4236 7008 4237 7008 4237 7009 4236 7009 4238 7009 4237 7010 4238 7010 4239 7010 4239 7011 4238 7011 4240 7011 4239 7012 4240 7012 4241 7012 4241 7013 4240 7013 4242 7013 4241 7014 4242 7014 4243 7014 4243 7015 4242 7015 4244 7015 4243 7016 4244 7016 3858 7016 3858 7017 4244 7017 4245 7017 3858 7018 4245 7018 3859 7018 3859 7019 4245 7019 4246 7019 3859 7020 4246 7020 3861 7020 3861 7021 4246 7021 3850 7021 3861 7022 3850 7022 3862 7022 3862 7023 3850 7023 3852 7023 3862 7024 3852 7024 3863 7024 3863 7025 3852 7025 3854 7025 3863 7026 3854 7026 3857 7026 3857 7027 3854 7027 3902 7027 3857 7028 3902 7028 3856 7028 3856 7029 3902 7029 3903 7029 3856 7030 3903 7030 3855 7030 3855 7031 3903 7031 4247 7031 3855 7032 4247 7032 3386 7032 3386 7033 4247 7033 4248 7033 3386 7034 4248 7034 3387 7034 3387 7035 4248 7035 4249 7035 3387 7036 4249 7036 3860 7036 4250 7037 4233 7037 4251 7037 4251 7038 4233 7038 4235 7038 4251 7039 4235 7039 4252 7039 4252 7040 4235 7040 4237 7040 4252 7041 4237 7041 4253 7041 4253 7042 4237 7042 4239 7042 4253 7043 4239 7043 3904 7043 3904 7044 4239 7044 4241 7044 3904 7045 4241 7045 3905 7045 3905 7046 4241 7046 4243 7046 3905 7047 4243 7047 3907 7047 3907 7048 4243 7048 3858 7048 3907 7049 3858 7049 3909 7049 3909 7050 3858 7050 3860 7050 3909 7051 3860 7051 3911 7051 3911 7052 3860 7052 4249 7052 3911 7053 4249 7053 3913 7053 3913 7054 4249 7054 4248 7054 3913 7055 4248 7055 3915 7055 3915 7056 4248 7056 4247 7056 3915 7057 4247 7057 3917 7057 3917 7058 4247 7058 3903 7058 3917 7059 3903 7059 3936 7059 3936 7060 3903 7060 3895 7060 3936 7061 3895 7061 3938 7061 3938 7062 3895 7062 3896 7062 3938 7063 3896 7063 3940 7063 3941 7064 3971 7064 3939 7064 3939 7065 3971 7065 4017 7065 3939 7066 4017 7066 3937 7066 3937 7067 4017 7067 4016 7067 3937 7068 4016 7068 3935 7068 3935 7069 4016 7069 4015 7069 3935 7070 4015 7070 3918 7070 3918 7071 4015 7071 4013 7071 3918 7072 4013 7072 3916 7072 3916 7073 4013 7073 4011 7073 3916 7074 4011 7074 3914 7074 3914 7075 4011 7075 4009 7075 3914 7076 4009 7076 3912 7076 3912 7077 4009 7077 4007 7077 3912 7078 4007 7078 3910 7078 3910 7079 4007 7079 4005 7079 3910 7080 4005 7080 3908 7080 3908 7081 4005 7081 4003 7081 3908 7082 4003 7082 3906 7082 3906 7083 4003 7083 4001 7083 3906 7084 4001 7084 3904 7084 3904 7085 4001 7085 3995 7085 3904 7086 3995 7086 4253 7086 4253 7087 3995 7087 3991 7087 4253 7088 3991 7088 4252 7088 4252 7089 3991 7089 3704 7089 4252 7090 3704 7090 4251 7090 4251 7091 3704 7091 3703 7091 4251 7092 3703 7092 4250 7092 4250 7093 3703 7093 3701 7093 4250 7094 3701 7094 3482 7094 3482 7095 3701 7095 3411 7095 3482 7096 3411 7096 3483 7096 3483 7097 3411 7097 3410 7097 3483 7098 3410 7098 3484 7098 4234 7099 4254 7099 4236 7099 4236 7100 4254 7100 4255 7100 4236 7101 4255 7101 4238 7101 4238 7102 4255 7102 3831 7102 4238 7103 3831 7103 4240 7103 4240 7104 3831 7104 3398 7104 4240 7105 3398 7105 4242 7105 4242 7106 3398 7106 3397 7106 4242 7107 3397 7107 4244 7107 4244 7108 3397 7108 3841 7108 4244 7109 3841 7109 4245 7109 4245 7110 3841 7110 3842 7110 4245 7111 3842 7111 4246 7111 4246 7112 3842 7112 3843 7112 4246 7113 3843 7113 3850 7113 3850 7114 3843 7114 3844 7114 3850 7115 3844 7115 3851 7115 3851 7116 3844 7116 3845 7116 3851 7117 3845 7117 3853 7117 3853 7118 3845 7118 3846 7118 3853 7119 3846 7119 3901 7119 3821 7120 4256 7120 3823 7120 3823 7121 4256 7121 4257 7121 3823 7122 4257 7122 3824 7122 3824 7123 4257 7123 3753 7123 3824 7124 3753 7124 3825 7124 3825 7125 3753 7125 3755 7125 3825 7126 3755 7126 3752 7126 3752 7127 3755 7127 3757 7127 3752 7128 3757 7128 3750 7128 3750 7129 3757 7129 3836 7129 3750 7130 3836 7130 3407 7130 3407 7131 3836 7131 3834 7131 3407 7132 3834 7132 3408 7132 3408 7133 3834 7133 3833 7133 3408 7134 3833 7134 4206 7134 4206 7135 3833 7135 3832 7135 4206 7136 3832 7136 4207 7136 4207 7137 3832 7137 3831 7137 4207 7138 3831 7138 4208 7138 4208 7139 3831 7139 4255 7139 4208 7140 4255 7140 4210 7140 4210 7141 4255 7141 4254 7141 4210 7142 4254 7142 4212 7142 4212 7143 4254 7143 4227 7143 4212 7144 4227 7144 4214 7144 4214 7145 4227 7145 4229 7145 4214 7146 4229 7146 4225 7146 4225 7147 4229 7147 4231 7147 4225 7148 4231 7148 4226 7148 4226 7149 4231 7149 4232 7149 4226 7150 4232 7150 1944 7150 1944 7151 4232 7151 3343 7151 1944 7152 3343 7152 1945 7152 1945 7153 3343 7153 3342 7153 1945 7154 3342 7154 3482 7154 3482 7155 3342 7155 3341 7155 3482 7156 3341 7156 4250 7156 4250 7157 3341 7157 4230 7157 4250 7158 4230 7158 4233 7158 4233 7159 4230 7159 4228 7159 4233 7160 4228 7160 4234 7160 4234 7161 4228 7161 4227 7161 4234 7162 4227 7162 4254 7162 4258 7163 4259 7163 4260 7163 4260 7164 4259 7164 4261 7164 3455 7165 4262 7165 3456 7165 3456 7166 4262 7166 4263 7166 3456 7167 4263 7167 3457 7167 3457 7168 4263 7168 4264 7168 3457 7169 4264 7169 3458 7169 3458 7170 4264 7170 4265 7170 2073 7171 2072 7171 3453 7171 3453 7172 2072 7172 3452 7172 3453 7173 3452 7173 3454 7173 3454 7174 3452 7174 4266 7174 3454 7175 4266 7175 4259 7175 4259 7176 4266 7176 4267 7176 4259 7177 4267 7177 4261 7177 4261 7178 4267 7178 4268 7178 4269 7179 4270 7179 4271 7179 4271 7180 4270 7180 4272 7180 4271 7181 4272 7181 4273 7181 4273 7182 4272 7182 4274 7182 4273 7183 4274 7183 4275 7183 4276 7184 4275 7184 4262 7184 4262 7185 4275 7185 4274 7185 4262 7186 4274 7186 4263 7186 4263 7187 4274 7187 4272 7187 4263 7188 4272 7188 4264 7188 4264 7189 4272 7189 4270 7189 4264 7190 4270 7190 4265 7190 4265 7191 4270 7191 4269 7191 2068 7192 3454 7192 2069 7192 2069 7193 3454 7193 4259 7193 2069 7194 4259 7194 2054 7194 2054 7195 4259 7195 4258 7195 2054 7196 4258 7196 2056 7196 2056 7197 4258 7197 4260 7197 2056 7198 4260 7198 3455 7198 3455 7199 4260 7199 4261 7199 3455 7200 4261 7200 4262 7200 4262 7201 4261 7201 4268 7201 4262 7202 4268 7202 4276 7202 4277 7203 4278 7203 4279 7203 4279 7204 4278 7204 4280 7204 4279 7205 4280 7205 4281 7205 4281 7206 4280 7206 4282 7206 4283 7207 4282 7207 4284 7207 4284 7208 4282 7208 4280 7208 4284 7209 4280 7209 4285 7209 4285 7210 4280 7210 4278 7210 3459 7211 4286 7211 3460 7211 3460 7212 4286 7212 4287 7212 3460 7213 4287 7213 3461 7213 3461 7214 4287 7214 4288 7214 3461 7215 4288 7215 3462 7215 3462 7216 4288 7216 4289 7216 3462 7217 4289 7217 3463 7217 3463 7218 4289 7218 4290 7218 3463 7219 4290 7219 3464 7219 3464 7220 4290 7220 4291 7220 3464 7221 4291 7221 3467 7221 3467 7222 4291 7222 4292 7222 3467 7223 4292 7223 3466 7223 3466 7224 4292 7224 4277 7224 3466 7225 4277 7225 3465 7225 3465 7226 4277 7226 4279 7226 3465 7227 4279 7227 3470 7227 3470 7228 4279 7228 4281 7228 3470 7229 4281 7229 3469 7229 3469 7230 4281 7230 4282 7230 3469 7231 4282 7231 3468 7231 3468 7232 4282 7232 4283 7232 3468 7233 4283 7233 3471 7233 3471 7234 4283 7234 4293 7234 3471 7235 4293 7235 4086 7235 2011 7236 2016 7236 4118 7236 4118 7237 2016 7237 3450 7237 4118 7238 3450 7238 4119 7238 4119 7239 3450 7239 4093 7239 4119 7240 4093 7240 4121 7240 4121 7241 4093 7241 4092 7241 4121 7242 4092 7242 4117 7242 4117 7243 4092 7243 4091 7243 4117 7244 4091 7244 4104 7244 4104 7245 4091 7245 4087 7245 4104 7246 4087 7246 4102 7246 4102 7247 4087 7247 4086 7247 4102 7248 4086 7248 4100 7248 4100 7249 4086 7249 4293 7249 4100 7250 4293 7250 4098 7250 4098 7251 4293 7251 4283 7251 4098 7252 4283 7252 4096 7252 4096 7253 4283 7253 4284 7253 4096 7254 4284 7254 4094 7254 4094 7255 4284 7255 4285 7255 4094 7256 4285 7256 4294 7256 1989 7257 1988 7257 3451 7257 3451 7258 1988 7258 4295 7258 3451 7259 4295 7259 3452 7259 3452 7260 4295 7260 4296 7260 3452 7261 4296 7261 4266 7261 4266 7262 4296 7262 4297 7262 4266 7263 4297 7263 4267 7263 4267 7264 4297 7264 4298 7264 4267 7265 4298 7265 4268 7265 4268 7266 4298 7266 4299 7266 4268 7267 4299 7267 4276 7267 4276 7268 4299 7268 4300 7268 4276 7269 4300 7269 4275 7269 4275 7270 4300 7270 4301 7270 4275 7271 4301 7271 4273 7271 4273 7272 4301 7272 4302 7272 4273 7273 4302 7273 4271 7273 4271 7274 4302 7274 4303 7274 4271 7275 4303 7275 4269 7275 4269 7276 4303 7276 4304 7276 4269 7277 4304 7277 4305 7277 4305 7278 4304 7278 4306 7278 4305 7279 4306 7279 4307 7279 4307 7280 4306 7280 4308 7280 4307 7281 4308 7281 4309 7281 4309 7282 4308 7282 4310 7282 4309 7283 4310 7283 4311 7283 4311 7284 4310 7284 4312 7284 4311 7285 4312 7285 4313 7285 4313 7286 4312 7286 4314 7286 4313 7287 4314 7287 4315 7287 4315 7288 4314 7288 4316 7288 4315 7289 4316 7289 4317 7289 4317 7290 4316 7290 4318 7290 4317 7291 4318 7291 4319 7291 4319 7292 4318 7292 4320 7292 4320 7293 4318 7293 4321 7293 4320 7294 4321 7294 4322 7294 3930 7295 3929 7295 3966 7295 3966 7296 3929 7296 3931 7296 3966 7297 3931 7297 3957 7297 3957 7298 3931 7298 3932 7298 3957 7299 3932 7299 3953 7299 3953 7300 3932 7300 3933 7300 3953 7301 3933 7301 3951 7301 3951 7302 3933 7302 3948 7302 3951 7303 3948 7303 3803 7303 3803 7304 3948 7304 3947 7304 3803 7305 3947 7305 3771 7305 3771 7306 3947 7306 3946 7306 3771 7307 3946 7307 3773 7307 3773 7308 3946 7308 3945 7308 3773 7309 3945 7309 3775 7309 3775 7310 3945 7310 3944 7310 3775 7311 3944 7311 3777 7311 3777 7312 3944 7312 3943 7312 3777 7313 3943 7313 3778 7313 3778 7314 3943 7314 3942 7314 3778 7315 3942 7315 3779 7315 3779 7316 3942 7316 3924 7316 3779 7317 3924 7317 3780 7317 3780 7318 3924 7318 3596 7318 3780 7319 3596 7319 3781 7319 3781 7320 3596 7320 3594 7320 3781 7321 3594 7321 3782 7321 3782 7322 3594 7322 3592 7322 3782 7323 3592 7323 3783 7323 3783 7324 3592 7324 3526 7324 3783 7325 3526 7325 3784 7325 3784 7326 3526 7326 3525 7326 3784 7327 3525 7327 3785 7327 3785 7328 3525 7328 4322 7328 3785 7329 4322 7329 3519 7329 3519 7330 4322 7330 4323 7330 3519 7331 4323 7331 3520 7331 1988 7332 1983 7332 4295 7332 4295 7333 1983 7333 3485 7333 4295 7334 3485 7334 4296 7334 4296 7335 3485 7335 3487 7335 4296 7336 3487 7336 4297 7336 4297 7337 3487 7337 3489 7337 4297 7338 3489 7338 4298 7338 4298 7339 3489 7339 3555 7339 4298 7340 3555 7340 4299 7340 4299 7341 3555 7341 3548 7341 4299 7342 3548 7342 4300 7342 4300 7343 3548 7343 3506 7343 4300 7344 3506 7344 4301 7344 4301 7345 3506 7345 3508 7345 4301 7346 3508 7346 4302 7346 4302 7347 3508 7347 3510 7347 4302 7348 3510 7348 4303 7348 4303 7349 3510 7349 3512 7349 4303 7350 3512 7350 4304 7350 4304 7351 3512 7351 3514 7351 4304 7352 3514 7352 4306 7352 4306 7353 3514 7353 3545 7353 4306 7354 3545 7354 4308 7354 4308 7355 3545 7355 3578 7355 4308 7356 3578 7356 4310 7356 4310 7357 3578 7357 3610 7357 4310 7358 3610 7358 4312 7358 4312 7359 3610 7359 3521 7359 4312 7360 3521 7360 4314 7360 4314 7361 3521 7361 3446 7361 4314 7362 3446 7362 4316 7362 4316 7363 3446 7363 3445 7363 4316 7364 3445 7364 4318 7364 4318 7365 3445 7365 3515 7365 4318 7366 3515 7366 4321 7366 4294 7367 4324 7367 4094 7367 4094 7368 4324 7368 4325 7368 4094 7369 4325 7369 4095 7369 4095 7370 4325 7370 4326 7370 4095 7371 4326 7371 4097 7371 4097 7372 4326 7372 4327 7372 4097 7373 4327 7373 4099 7373 4099 7374 4327 7374 4328 7374 4099 7375 4328 7375 4101 7375 4101 7376 4328 7376 4329 7376 4101 7377 4329 7377 4103 7377 4103 7378 4329 7378 4330 7378 4103 7379 4330 7379 4175 7379 4175 7380 4330 7380 4331 7380 4175 7381 4331 7381 4176 7381 4176 7382 4331 7382 4185 7382 4176 7383 4185 7383 4177 7383 4177 7384 4185 7384 4188 7384 4177 7385 4188 7385 4178 7385 4178 7386 4188 7386 4190 7386 4178 7387 4190 7387 4179 7387 4179 7388 4190 7388 4192 7388 4179 7389 4192 7389 4180 7389 4180 7390 4192 7390 4193 7390 4180 7391 4193 7391 4181 7391 4181 7392 4193 7392 3345 7392 4181 7393 3345 7393 4182 7393 4182 7394 3345 7394 3344 7394 4182 7395 3344 7395 4183 7395 4183 7396 3344 7396 4199 7396 4183 7397 4199 7397 4184 7397 4184 7398 4199 7398 3347 7398 4184 7399 3347 7399 4144 7399 4144 7400 3347 7400 3349 7400 4144 7401 3349 7401 3350 7401 3350 7402 3349 7402 4152 7402 3350 7403 4152 7403 3351 7403 3351 7404 4152 7404 4153 7404 3351 7405 4153 7405 3352 7405 3352 7406 4153 7406 4154 7406 3352 7407 4154 7407 4147 7407 4147 7408 4154 7408 4155 7408 4147 7409 4155 7409 4149 7409 4149 7410 4155 7410 4137 7410 4149 7411 4137 7411 4151 7411 4151 7412 4137 7412 4136 7412 4151 7413 4136 7413 4125 7413 4125 7414 4136 7414 4114 7414 4125 7415 4114 7415 4124 7415 4124 7416 4114 7416 4115 7416 4124 7417 4115 7417 4123 7417 4123 7418 4115 7418 4113 7418 4123 7419 4113 7419 4122 7419 4122 7420 4113 7420 4105 7420 4122 7421 4105 7421 4120 7421 4120 7422 4105 7422 3448 7422 4120 7423 3448 7423 3449 7423 3449 7424 3448 7424 2014 7424 3449 7425 2014 7425 2012 7425 3365 7426 4332 7426 3363 7426 3363 7427 4332 7427 4333 7427 3363 7428 4333 7428 2001 7428 2001 7429 4333 7429 1997 7429 4322 7430 4321 7430 4323 7430 4323 7431 4321 7431 3515 7431 4323 7432 3515 7432 3520 7432 3520 7433 3515 7433 3516 7433 3520 7434 3516 7434 3585 7434 3585 7435 3516 7435 3517 7435 3585 7436 3517 7436 3586 7436 3586 7437 3517 7437 3523 7437 3586 7438 3523 7438 3587 7438 3587 7439 3523 7439 3607 7439 3587 7440 3607 7440 3589 7440 3589 7441 3607 7441 3608 7441 3589 7442 3608 7442 3590 7442 3590 7443 3608 7443 3609 7443 3590 7444 3609 7444 3636 7444 3636 7445 3609 7445 3433 7445 3636 7446 3433 7446 3431 7446 3431 7447 3433 7447 3435 7447 3431 7448 3435 7448 3432 7448 3432 7449 3435 7449 3675 7449 3432 7450 3675 7450 3787 7450 3787 7451 3675 7451 3674 7451 3787 7452 3674 7452 3789 7452 3789 7453 3674 7453 3643 7453 3789 7454 3643 7454 3791 7454 3791 7455 3643 7455 3645 7455 3791 7456 3645 7456 3793 7456 3793 7457 3645 7457 3647 7457 3793 7458 3647 7458 3340 7458 3340 7459 3647 7459 3663 7459 3340 7460 3663 7460 3338 7460 3964 7461 3979 7461 3965 7461 3965 7462 3979 7462 3981 7462 3965 7463 3981 7463 4018 7463 4018 7464 3981 7464 4038 7464 4018 7465 4038 7465 3975 7465 3975 7466 4038 7466 4040 7466 3975 7467 4040 7467 3973 7467 3973 7468 4040 7468 4042 7468 3973 7469 4042 7469 4014 7469 4014 7470 4042 7470 4044 7470 4014 7471 4044 7471 4012 7471 4012 7472 4044 7472 4046 7472 4012 7473 4046 7473 4010 7473 4010 7474 4046 7474 4048 7474 4010 7475 4048 7475 4008 7475 4008 7476 4048 7476 4049 7476 4008 7477 4049 7477 4006 7477 4006 7478 4049 7478 4050 7478 4006 7479 4050 7479 4004 7479 4004 7480 4050 7480 4051 7480 4004 7481 4051 7481 4002 7481 4002 7482 4051 7482 4052 7482 4002 7483 4052 7483 4000 7483 4000 7484 4052 7484 4022 7484 4000 7485 4022 7485 3999 7485 3999 7486 4022 7486 4021 7486 3999 7487 4021 7487 3998 7487 3998 7488 4021 7488 4029 7488 3998 7489 4029 7489 3997 7489 3997 7490 4029 7490 4027 7490 3997 7491 4027 7491 3996 7491 3996 7492 4027 7492 4026 7492 3996 7493 4026 7493 4019 7493 4019 7494 4026 7494 4082 7494 4019 7495 4082 7495 3412 7495 3412 7496 4082 7496 4081 7496 3412 7497 4081 7497 3410 7497 3410 7498 4081 7498 4080 7498 3410 7499 4080 7499 3484 7499 3484 7500 4080 7500 1999 7500 3484 7501 1999 7501 1949 7501 1949 7502 1999 7502 1952 7502 3963 7503 3965 7503 3962 7503 3962 7504 3965 7504 3972 7504 3962 7505 3972 7505 3967 7505 3967 7506 3972 7506 3941 7506 3967 7507 3941 7507 3930 7507 3930 7508 3941 7508 3940 7508 3930 7509 3940 7509 3928 7509 3928 7510 3940 7510 3896 7510 3928 7511 3896 7511 3880 7511 3880 7512 3896 7512 3894 7512 3880 7513 3894 7513 3881 7513 3881 7514 3894 7514 3893 7514 3881 7515 3893 7515 3883 7515 3883 7516 3893 7516 3901 7516 3883 7517 3901 7517 3885 7517 3885 7518 3901 7518 3846 7518 3885 7519 3846 7519 3847 7519 3847 7520 3846 7520 3840 7520 3847 7521 3840 7521 3388 7521 3388 7522 3840 7522 3754 7522 3388 7523 3754 7523 3389 7523 3389 7524 3754 7524 3753 7524 3389 7525 3753 7525 3950 7525 3950 7526 3753 7526 4257 7526 3950 7527 4257 7527 3949 7527 3949 7528 4257 7528 4256 7528 3949 7529 4256 7529 3869 7529 3869 7530 4256 7530 3821 7530 3869 7531 3821 7531 3870 7531 3870 7532 3821 7532 3820 7532 3870 7533 3820 7533 3872 7533 3872 7534 3820 7534 3826 7534 3872 7535 3826 7535 3871 7535 3871 7536 3826 7536 3765 7536 3871 7537 3765 7537 3758 7537 3758 7538 3765 7538 3764 7538 3758 7539 3764 7539 3741 7539 3741 7540 3764 7540 3736 7540 3741 7541 3736 7541 3725 7541 3725 7542 3736 7542 3735 7542 3725 7543 3735 7543 3724 7543 3724 7544 3735 7544 4205 7544 3724 7545 4205 7545 3723 7545 3723 7546 4205 7546 4204 7546 3723 7547 4204 7547 3722 7547 3722 7548 4204 7548 4203 7548 3722 7549 4203 7549 3681 7549 3681 7550 4203 7550 4198 7550 3681 7551 4198 7551 3416 7551 3416 7552 4198 7552 4187 7552 3416 7553 4187 7553 3417 7553 3417 7554 4187 7554 4186 7554 3417 7555 4186 7555 3419 7555 3419 7556 4186 7556 4185 7556 3419 7557 4185 7557 3413 7557 3413 7558 4185 7558 4331 7558 3413 7559 4331 7559 3414 7559 3414 7560 4331 7560 4330 7560 3414 7561 4330 7561 3421 7561 3421 7562 4330 7562 4329 7562 3421 7563 4329 7563 3422 7563 3422 7564 4329 7564 4328 7564 3422 7565 4328 7565 3678 7565 3678 7566 4328 7566 4327 7566 3678 7567 4327 7567 3673 7567 3673 7568 4327 7568 4326 7568 3673 7569 4326 7569 3524 7569 3524 7570 4326 7570 4325 7570 3524 7571 4325 7571 3525 7571 3525 7572 4325 7572 4324 7572 3525 7573 4324 7573 4322 7573 4322 7574 4324 7574 4294 7574 4322 7575 4294 7575 4320 7575 4320 7576 4294 7576 4285 7576 4320 7577 4285 7577 4319 7577 4319 7578 4285 7578 4278 7578 4319 7579 4278 7579 4317 7579 4317 7580 4278 7580 4277 7580 4317 7581 4277 7581 4315 7581 4315 7582 4277 7582 4292 7582 4315 7583 4292 7583 4313 7583 4313 7584 4292 7584 4291 7584 4313 7585 4291 7585 4311 7585 4311 7586 4291 7586 4290 7586 4311 7587 4290 7587 4309 7587 4309 7588 4290 7588 4289 7588 4309 7589 4289 7589 4307 7589 4307 7590 4289 7590 4288 7590 4307 7591 4288 7591 4305 7591 4305 7592 4288 7592 4287 7592 4305 7593 4287 7593 4269 7593 4269 7594 4287 7594 4286 7594 4269 7595 4286 7595 4265 7595 4265 7596 4286 7596 3459 7596 4265 7597 3459 7597 3458 7597 3458 7598 3459 7598 2063 7598 3458 7599 2063 7599 2062 7599 4334 7600 4335 7600 4336 7600 3339 7601 3338 7601 4337 7601 3665 7602 3664 7602 4338 7602 3677 7603 3505 7603 4339 7603 4340 7604 4341 7604 4342 7604 4342 7605 4341 7605 4339 7605 4342 7606 4339 7606 3504 7606 3504 7607 4339 7607 3505 7607 4343 7608 4344 7608 3676 7608 3676 7609 4344 7609 3439 7609 3439 7610 4344 7610 3440 7610 3440 7611 4344 7611 4345 7611 3440 7612 4345 7612 3442 7612 4345 7613 3615 7613 3614 7613 3614 7614 3569 7614 4345 7614 4345 7615 3569 7615 3443 7615 4345 7616 3443 7616 3442 7616 4346 7617 3631 7617 3616 7617 4346 7618 3616 7618 4347 7618 3635 7619 3634 7619 4346 7619 4346 7620 3634 7620 3632 7620 4346 7621 3632 7621 3631 7621 4338 7622 3664 7622 4346 7622 4346 7623 3664 7623 3623 7623 4346 7624 3623 7624 3635 7624 3663 7625 3662 7625 4334 7625 4334 7626 3662 7626 3661 7626 3653 7627 3668 7627 4338 7627 3668 7628 3667 7628 4338 7628 4338 7629 3667 7629 3666 7629 4338 7630 3666 7630 3665 7630 3800 7631 3808 7631 4348 7631 4348 7632 3808 7632 3807 7632 4349 7633 3988 7633 4350 7633 4350 7634 3988 7634 3392 7634 4350 7635 3392 7635 3391 7635 3956 7636 3955 7636 4351 7636 3960 7637 3959 7637 4351 7637 4351 7638 3959 7638 3958 7638 4351 7639 3958 7639 3956 7639 3964 7640 3963 7640 4351 7640 4351 7641 3963 7641 3961 7641 4351 7642 3961 7642 3960 7642 4349 7643 3980 7643 4351 7643 4351 7644 3980 7644 3979 7644 4351 7645 3979 7645 3964 7645 3968 7646 3990 7646 4349 7646 4349 7647 3990 7647 3989 7647 4349 7648 3989 7648 3988 7648 3955 7649 3954 7649 4351 7649 4351 7650 3954 7650 3970 7650 4351 7651 3970 7651 4349 7651 4349 7652 3970 7652 3969 7652 4349 7653 3969 7653 3968 7653 4352 7654 4353 7654 4349 7654 4349 7655 4353 7655 4354 7655 4355 7656 4356 7656 3980 7656 4355 7657 3980 7657 4357 7657 4354 7658 4358 7658 4349 7658 4349 7659 4358 7659 4359 7659 4349 7660 4359 7660 3980 7660 3980 7661 4359 7661 4360 7661 3980 7662 4360 7662 4357 7662 4356 7663 4361 7663 3980 7663 3980 7664 4361 7664 4362 7664 3980 7665 4362 7665 3976 7665 4362 7666 4363 7666 3976 7666 3976 7667 4363 7667 4364 7667 3976 7668 4364 7668 3977 7668 4364 7669 4365 7669 3977 7669 3977 7670 4365 7670 4366 7670 3977 7671 4366 7671 3374 7671 4367 7672 4368 7672 3375 7672 4366 7673 4369 7673 3374 7673 3374 7674 4369 7674 4370 7674 3374 7675 4370 7675 4371 7675 4367 7676 3375 7676 4372 7676 4371 7677 4373 7677 3374 7677 3374 7678 4373 7678 4374 7678 3374 7679 4374 7679 3375 7679 3375 7680 4374 7680 4375 7680 3375 7681 4375 7681 4372 7681 4376 7682 3377 7682 4377 7682 4377 7683 3377 7683 3375 7683 4377 7684 3375 7684 4378 7684 4378 7685 3375 7685 4368 7685 4376 7686 4379 7686 3377 7686 3377 7687 4379 7687 4380 7687 3377 7688 4380 7688 4381 7688 4381 7689 4382 7689 3377 7689 3377 7690 4382 7690 4383 7690 3377 7691 4383 7691 4079 7691 4079 7692 4383 7692 4384 7692 4385 7693 4386 7693 4387 7693 4384 7694 4388 7694 4079 7694 4079 7695 4388 7695 4389 7695 4079 7696 4389 7696 4390 7696 4386 7697 4391 7697 4387 7697 4387 7698 4391 7698 4392 7698 4387 7699 4392 7699 4393 7699 4390 7700 4385 7700 4079 7700 4079 7701 4385 7701 4387 7701 4079 7702 4387 7702 4078 7702 4078 7703 4387 7703 4070 7703 4076 7704 4077 7704 4394 7704 3365 7705 3364 7705 4395 7705 4395 7706 3364 7706 4076 7706 4333 7707 4332 7707 4396 7707 4396 7708 4332 7708 3365 7708 1997 7709 4333 7709 1998 7709 1998 7710 4333 7710 4396 7710 1998 7711 4396 7711 1994 7711 1994 7712 4396 7712 1995 7712 1985 7713 1987 7713 4397 7713 4397 7714 1987 7714 1993 7714 4397 7715 1993 7715 1992 7715 4393 7716 4398 7716 4387 7716 4387 7717 4398 7717 4399 7717 4387 7718 4399 7718 4400 7718 4400 7719 4401 7719 4387 7719 4387 7720 4401 7720 4402 7720 4387 7721 4402 7721 4403 7721 4403 7722 4402 7722 4404 7722 4403 7723 4404 7723 4405 7723 4405 7724 4406 7724 4403 7724 4403 7725 4406 7725 4407 7725 4403 7726 4407 7726 4408 7726 4408 7727 4409 7727 4403 7727 4403 7728 4409 7728 4410 7728 4403 7729 4410 7729 4411 7729 4411 7730 4412 7730 4403 7730 4403 7731 4412 7731 4413 7731 4403 7732 4413 7732 4414 7732 4415 7733 4416 7733 4417 7733 4417 7734 4416 7734 4418 7734 4417 7735 4418 7735 4419 7735 4419 7736 4420 7736 4417 7736 4417 7737 4420 7737 4421 7737 4417 7738 4421 7738 4422 7738 4422 7739 4423 7739 4417 7739 4417 7740 4423 7740 4424 7740 4417 7741 4424 7741 4425 7741 4425 7742 4426 7742 4417 7742 4417 7743 4426 7743 4427 7743 4417 7744 4427 7744 4428 7744 4429 7745 4430 7745 4350 7745 4350 7746 4430 7746 4349 7746 4349 7747 4430 7747 4431 7747 4349 7748 4431 7748 4352 7748 4432 7749 4433 7749 4434 7749 4435 7750 4436 7750 4437 7750 4432 7751 4434 7751 4438 7751 4437 7752 4439 7752 4435 7752 4435 7753 4439 7753 4440 7753 4435 7754 4440 7754 4434 7754 4434 7755 4440 7755 4441 7755 4434 7756 4441 7756 4438 7756 4433 7757 4442 7757 4434 7757 4434 7758 4442 7758 4443 7758 4434 7759 4443 7759 4444 7759 4443 7760 4445 7760 4444 7760 4444 7761 4445 7761 4446 7761 4444 7762 4446 7762 4447 7762 4448 7763 4449 7763 4335 7763 4335 7764 4449 7764 4450 7764 4451 7765 4452 7765 4336 7765 4450 7766 4453 7766 4335 7766 4335 7767 4453 7767 4454 7767 4335 7768 4454 7768 4336 7768 4336 7769 4454 7769 4455 7769 4336 7770 4455 7770 4456 7770 4456 7771 4457 7771 4336 7771 4336 7772 4457 7772 4458 7772 4336 7773 4458 7773 4451 7773 4452 7774 4459 7774 4336 7774 4336 7775 4459 7775 4460 7775 4336 7776 4460 7776 4461 7776 4461 7777 4462 7777 4336 7777 4336 7778 4462 7778 4463 7778 4336 7779 4463 7779 4464 7779 4465 7780 4466 7780 4435 7780 4435 7781 4466 7781 4467 7781 4435 7782 4467 7782 4468 7782 4468 7783 4469 7783 4435 7783 4435 7784 4469 7784 4470 7784 4435 7785 4470 7785 4471 7785 4471 7786 4472 7786 4435 7786 4435 7787 4472 7787 4473 7787 4435 7788 4473 7788 4436 7788 4474 7789 4475 7789 4347 7789 4347 7790 4475 7790 4476 7790 4476 7791 4477 7791 4347 7791 4347 7792 4477 7792 4478 7792 4347 7793 4478 7793 4346 7793 4346 7794 4478 7794 4479 7794 4479 7795 4480 7795 4346 7795 4346 7796 4480 7796 4481 7796 4346 7797 4481 7797 4482 7797 4482 7798 4483 7798 4346 7798 4346 7799 4483 7799 4484 7799 4346 7800 4484 7800 4485 7800 4447 7801 4486 7801 4444 7801 4444 7802 4486 7802 4487 7802 4444 7803 4487 7803 4488 7803 4487 7804 4489 7804 4488 7804 4488 7805 4489 7805 4490 7805 4488 7806 4490 7806 4491 7806 4491 7807 4490 7807 4492 7807 4492 7808 4493 7808 4491 7808 4491 7809 4493 7809 4494 7809 4491 7810 4494 7810 4495 7810 4495 7811 4496 7811 4491 7811 4491 7812 4496 7812 4497 7812 4491 7813 4497 7813 4498 7813 4498 7814 4499 7814 4491 7814 4491 7815 4499 7815 4500 7815 4491 7816 4500 7816 4501 7816 4502 7817 4503 7817 4347 7817 4501 7818 4504 7818 4491 7818 4491 7819 4504 7819 4505 7819 4491 7820 4505 7820 4347 7820 4347 7821 4505 7821 4506 7821 4347 7822 4506 7822 4502 7822 4503 7823 4507 7823 4347 7823 4347 7824 4507 7824 4508 7824 4347 7825 4508 7825 4509 7825 4509 7826 4510 7826 4347 7826 4347 7827 4510 7827 4511 7827 4347 7828 4511 7828 4474 7828 3365 7829 4395 7829 4396 7829 4396 7830 4395 7830 4512 7830 4396 7831 4512 7831 1995 7831 4464 7832 4465 7832 4336 7832 4336 7833 4465 7833 4435 7833 4336 7834 4435 7834 4513 7834 4513 7835 4435 7835 4434 7835 4513 7836 4434 7836 4514 7836 4428 7837 4429 7837 4417 7837 4417 7838 4429 7838 4350 7838 4417 7839 4350 7839 4348 7839 4348 7840 4350 7840 3391 7840 4348 7841 3391 7841 3800 7841 4414 7842 4415 7842 4403 7842 4403 7843 4415 7843 4417 7843 4403 7844 4417 7844 4515 7844 4515 7845 4417 7845 4348 7845 4515 7846 4348 7846 4337 7846 4337 7847 4348 7847 3807 7847 4337 7848 3807 7848 3339 7848 4403 7849 4516 7849 4387 7849 4387 7850 4516 7850 4517 7850 4387 7851 4517 7851 4070 7851 4070 7852 4517 7852 4071 7852 4485 7853 4448 7853 4346 7853 4346 7854 4448 7854 4335 7854 4346 7855 4335 7855 4338 7855 4338 7856 4335 7856 4334 7856 4338 7857 4334 7857 3653 7857 3653 7858 4334 7858 3661 7858 4077 7859 4071 7859 4394 7859 4394 7860 4071 7860 4517 7860 4394 7861 4517 7861 4518 7861 4518 7862 4517 7862 4516 7862 4518 7863 4516 7863 4514 7863 4514 7864 4516 7864 4403 7864 4514 7865 4403 7865 4513 7865 4513 7866 4403 7866 4515 7866 4513 7867 4515 7867 4336 7867 4336 7868 4515 7868 4337 7868 4336 7869 4337 7869 4334 7869 4334 7870 4337 7870 3338 7870 4334 7871 3338 7871 3663 7871 3504 7872 1985 7872 4342 7872 4342 7873 1985 7873 4397 7873 4342 7874 4397 7874 4340 7874 4340 7875 4397 7875 1992 7875 4340 7876 1992 7876 4512 7876 4512 7877 1992 7877 1996 7877 4512 7878 1996 7878 1995 7878 4395 7879 4519 7879 4512 7879 4512 7880 4519 7880 4520 7880 4512 7881 4520 7881 4340 7881 4340 7882 4520 7882 4521 7882 4340 7883 4521 7883 4341 7883 4341 7884 4521 7884 4522 7884 4341 7885 4522 7885 4339 7885 4339 7886 4522 7886 4343 7886 4339 7887 4343 7887 3677 7887 3677 7888 4343 7888 3676 7888 4076 7889 4394 7889 4395 7889 4395 7890 4394 7890 4518 7890 4395 7891 4518 7891 4519 7891 4519 7892 4518 7892 4514 7892 4519 7893 4514 7893 4520 7893 4520 7894 4514 7894 4434 7894 4520 7895 4434 7895 4521 7895 4521 7896 4434 7896 4444 7896 4521 7897 4444 7897 4522 7897 4522 7898 4444 7898 4488 7898 4522 7899 4488 7899 4343 7899 4343 7900 4488 7900 4491 7900 4343 7901 4491 7901 4344 7901 4344 7902 4491 7902 4347 7902 4344 7903 4347 7903 4345 7903 4345 7904 4347 7904 3616 7904 4345 7905 3616 7905 3615 7905 4523 7906 4524 7906 4525 7906 4526 7907 4527 7907 4528 7907 1704 7908 4529 7908 1705 7908 1705 7909 4529 7909 1971 7909 1705 7910 1971 7910 1698 7910 1966 7911 1964 7911 4530 7911 4530 7912 1964 7912 1963 7912 4530 7913 1963 7913 4531 7913 4532 7914 4533 7914 1960 7914 1960 7915 1962 7915 4532 7915 4532 7916 1962 7916 1968 7916 4532 7917 1968 7917 4530 7917 4530 7918 1968 7918 1967 7918 4530 7919 1967 7919 1966 7919 1956 7920 1955 7920 4533 7920 4533 7921 1955 7921 1958 7921 4533 7922 1958 7922 1960 7922 1910 7923 1957 7923 4534 7923 4535 7924 1954 7924 1910 7924 4536 7925 4537 7925 4538 7925 4538 7926 4537 7926 4539 7926 4538 7927 4539 7927 4540 7927 4528 7928 4541 7928 4542 7928 4541 7929 4528 7929 4543 7929 4543 7930 4528 7930 4527 7930 4543 7931 4527 7931 4544 7931 831 7932 830 7932 4545 7932 829 7933 835 7933 4546 7933 4546 7934 835 7934 834 7934 4546 7935 834 7935 4547 7935 4547 7936 834 7936 833 7936 4547 7937 833 7937 4548 7937 4548 7938 833 7938 832 7938 4548 7939 832 7939 4549 7939 4549 7940 832 7940 831 7940 4549 7941 831 7941 4550 7941 827 7942 4524 7942 826 7942 826 7943 4524 7943 4523 7943 826 7944 4523 7944 825 7944 825 7945 4523 7945 1721 7945 825 7946 1721 7946 824 7946 1716 7947 1719 7947 4523 7947 4523 7948 1719 7948 1722 7948 4523 7949 1722 7949 1721 7949 4551 7950 1717 7950 1716 7950 4552 7951 1712 7951 1714 7951 4552 7952 1714 7952 4551 7952 4551 7953 1714 7953 1874 7953 4551 7954 1874 7954 1717 7954 4553 7955 1711 7955 4552 7955 4552 7956 1711 7956 1710 7956 4552 7957 1710 7957 1712 7957 1708 7958 1707 7958 4553 7958 4553 7959 1707 7959 1706 7959 4553 7960 1706 7960 1711 7960 1702 7961 1700 7961 4554 7961 4554 7962 1700 7962 1708 7962 831 7963 4545 7963 4550 7963 4550 7964 4545 7964 4544 7964 4550 7965 4544 7965 4549 7965 4549 7966 4544 7966 4527 7966 4549 7967 4527 7967 4548 7967 4548 7968 4527 7968 4526 7968 4548 7969 4526 7969 4547 7969 4555 7970 4556 7970 4536 7970 4536 7971 4556 7971 4557 7971 4536 7972 4557 7972 4537 7972 1963 7973 1971 7973 4531 7973 4531 7974 1971 7974 4529 7974 4531 7975 4529 7975 4554 7975 4554 7976 4529 7976 1704 7976 4554 7977 1704 7977 1702 7977 4531 7978 4558 7978 4530 7978 4530 7979 4558 7979 4559 7979 4530 7980 4559 7980 4532 7980 4532 7981 4559 7981 4560 7981 4532 7982 4560 7982 4533 7982 1708 7983 4561 7983 4554 7983 4554 7984 4561 7984 4562 7984 4554 7985 4562 7985 4531 7985 4531 7986 4562 7986 4563 7986 4531 7987 4563 7987 4558 7987 4558 7988 4563 7988 4564 7988 4558 7989 4564 7989 4559 7989 4559 7990 4564 7990 4565 7990 4559 7991 4565 7991 4560 7991 1716 7992 4523 7992 4551 7992 4551 7993 4523 7993 4525 7993 4551 7994 4525 7994 4552 7994 4552 7995 4525 7995 4566 7995 4552 7996 4566 7996 4553 7996 4567 7997 4568 7997 4546 7997 4546 7998 4568 7998 828 7998 4546 7999 828 7999 829 7999 4538 8000 4569 8000 4536 8000 4536 8001 4569 8001 4535 8001 4536 8002 4535 8002 4555 8002 4555 8003 4535 8003 1910 8003 4555 8004 1910 8004 4556 8004 4556 8005 1910 8005 4534 8005 4556 8006 4534 8006 4557 8006 4557 8007 4534 8007 4570 8007 4557 8008 4570 8008 4537 8008 4537 8009 4570 8009 4571 8009 4537 8010 4571 8010 4539 8010 4539 8011 4571 8011 4572 8011 4539 8012 4572 8012 4573 8012 4573 8013 4572 8013 4574 8013 4573 8014 4574 8014 4575 8014 4575 8015 4574 8015 4576 8015 4575 8016 4576 8016 4577 8016 4577 8017 4576 8017 4578 8017 4577 8018 4578 8018 4567 8018 4567 8019 4546 8019 4577 8019 4577 8020 4546 8020 4547 8020 4577 8021 4547 8021 4575 8021 4575 8022 4547 8022 4526 8022 4575 8023 4526 8023 4573 8023 4573 8024 4526 8024 4528 8024 4573 8025 4528 8025 4539 8025 4539 8026 4528 8026 4542 8026 4539 8027 4542 8027 4540 8027 1708 8028 4553 8028 4561 8028 4561 8029 4553 8029 4566 8029 4561 8030 4566 8030 4562 8030 4562 8031 4566 8031 4579 8031 4562 8032 4579 8032 4563 8032 4563 8033 4579 8033 4580 8033 4563 8034 4580 8034 4564 8034 4564 8035 4580 8035 4581 8035 4564 8036 4581 8036 4565 8036 827 8037 828 8037 4524 8037 4524 8038 828 8038 4568 8038 4524 8039 4568 8039 4525 8039 4525 8040 4568 8040 4567 8040 4525 8041 4567 8041 4566 8041 4566 8042 4567 8042 4578 8042 4566 8043 4578 8043 4579 8043 4579 8044 4578 8044 4576 8044 4579 8045 4576 8045 4580 8045 4580 8046 4576 8046 4574 8046 4580 8047 4574 8047 4581 8047 4581 8048 4574 8048 4572 8048 4581 8049 4572 8049 4565 8049 4565 8050 4572 8050 4571 8050 4565 8051 4571 8051 4560 8051 4560 8052 4571 8052 4570 8052 4560 8053 4570 8053 4533 8053 4533 8054 4570 8054 4534 8054 4533 8055 4534 8055 1956 8055 1956 8056 4534 8056 1957 8056 779 8057 1214 8057 773 8057 773 8058 1214 8058 1212 8058 773 8059 1212 8059 640 8059 640 8060 1212 8060 641 8060 784 8061 1208 8061 776 8061 776 8062 1208 8062 1221 8062 776 8063 1221 8063 777 8063 777 8064 1221 8064 1220 8064 777 8065 1220 8065 778 8065 778 8066 1220 8066 1218 8066 778 8067 1218 8067 779 8067 779 8068 1218 8068 1216 8068 779 8069 1216 8069 1214 8069 782 8070 1203 8070 783 8070 783 8071 1203 8071 1211 8071 783 8072 1211 8072 784 8072 784 8073 1211 8073 1210 8073 784 8074 1210 8074 1208 8074 774 8075 1349 8075 775 8075 775 8076 1349 8076 1350 8076 775 8077 1350 8077 780 8077 780 8078 1350 8078 1351 8078 780 8079 1351 8079 781 8079 781 8080 1351 8080 1352 8080 781 8081 1352 8081 782 8081 782 8082 1352 8082 1205 8082 782 8083 1205 8083 1203 8083 85 8084 1346 8084 51 8084 51 8085 1346 8085 1347 8085 51 8086 1347 8086 774 8086 774 8087 1347 8087 1348 8087 774 8088 1348 8088 1349 8088 3307 8089 3305 8089 111 8089 111 8090 3305 8090 108 8090 3305 8091 3303 8091 108 8091 108 8092 3303 8092 3301 8092 108 8093 3301 8093 109 8093 109 8094 3301 8094 3276 8094 109 8095 3276 8095 282 8095 104 8096 902 8096 105 8096 105 8097 902 8097 3296 8097 105 8098 3296 8098 106 8098 106 8099 3296 8099 3299 8099 106 8100 3299 8100 107 8100 107 8101 3299 8101 3310 8101 107 8102 3310 8102 111 8102 111 8103 3310 8103 3309 8103 111 8104 3309 8104 3307 8104 902 8105 104 8105 903 8105 903 8106 104 8106 103 8106 102 8107 1005 8107 103 8107 103 8108 1005 8108 1004 8108 103 8109 1004 8109 903 8109 101 8110 1055 8110 102 8110 102 8111 1055 8111 1054 8111 102 8112 1054 8112 1005 8112 99 8113 838 8113 100 8113 100 8114 838 8114 1119 8114 100 8115 1119 8115 1045 8115 1045 8116 887 8116 100 8116 100 8117 887 8117 886 8117 100 8118 886 8118 101 8118 101 8119 886 8119 1057 8119 101 8120 1057 8120 1055 8120 151 8121 149 8121 735 8121 735 8122 149 8122 147 8122 735 8123 147 8123 695 8123 695 8124 147 8124 145 8124 695 8125 145 8125 677 8125 677 8126 145 8126 144 8126 144 8127 165 8127 677 8127 677 8128 165 8128 164 8128 677 8129 164 8129 669 8129 159 8130 662 8130 160 8130 160 8131 662 8131 669 8131 160 8132 669 8132 162 8132 162 8133 669 8133 164 8133 159 8134 173 8134 662 8134 662 8135 173 8135 172 8135 662 8136 172 8136 699 8136 168 8137 701 8137 169 8137 169 8138 701 8138 699 8138 169 8139 699 8139 170 8139 170 8140 699 8140 172 8140 179 8141 723 8141 180 8141 180 8142 723 8142 701 8142 180 8143 701 8143 167 8143 167 8144 701 8144 168 8144 179 8145 178 8145 723 8145 723 8146 178 8146 177 8146 723 8147 177 8147 724 8147 724 8148 177 8148 175 8148 724 8149 175 8149 174 8149 174 8150 204 8150 724 8150 724 8151 204 8151 203 8151 724 8152 203 8152 749 8152 203 8153 201 8153 749 8153 749 8154 201 8154 200 8154 749 8155 200 8155 748 8155 748 8156 200 8156 202 8156 748 8157 202 8157 197 8157 197 8158 195 8158 748 8158 748 8159 195 8159 194 8159 748 8160 194 8160 747 8160 194 8161 193 8161 747 8161 747 8162 193 8162 192 8162 747 8163 192 8163 746 8163 192 8164 191 8164 746 8164 746 8165 191 8165 190 8165 746 8166 190 8166 745 8166 745 8167 190 8167 189 8167 189 8168 188 8168 745 8168 745 8169 188 8169 186 8169 745 8170 186 8170 686 8170 686 8171 186 8171 184 8171 184 8172 209 8172 686 8172 686 8173 209 8173 208 8173 686 8174 208 8174 685 8174 685 8175 208 8175 206 8175 206 8176 205 8176 685 8176 685 8177 205 8177 207 8177 685 8178 207 8178 684 8178 684 8179 207 8179 212 8179 212 8180 214 8180 684 8180 684 8181 214 8181 215 8181 684 8182 215 8182 660 8182 215 8183 216 8183 660 8183 660 8184 216 8184 218 8184 660 8185 218 8185 659 8185 659 8186 218 8186 220 8186 659 8187 220 8187 222 8187 222 8188 224 8188 659 8188 659 8189 224 8189 231 8189 659 8190 231 8190 658 8190 658 8191 231 8191 230 8191 658 8192 230 8192 228 8192 4582 8193 656 8193 657 8193 657 8194 658 8194 4582 8194 4582 8195 658 8195 228 8195 4582 8196 228 8196 4583 8196 4583 8197 228 8197 226 8197 4583 8198 226 8198 225 8198 345 8199 837 8199 351 8199 351 8200 837 8200 4584 8200 351 8201 4584 8201 352 8201 656 8202 4582 8202 655 8202 655 8202 4582 8202 4585 8202 261 8203 260 8203 4584 8203 836 8202 655 8202 4586 8202 4586 8202 655 8202 4585 8202 4586 8204 4585 8204 4584 8204 4584 8204 4585 8204 4587 8204 261 8205 4584 8205 251 8205 4587 8206 240 8206 241 8206 4583 8207 225 8207 4587 8207 4587 8208 225 8208 234 8208 241 8209 243 8209 4587 8209 4587 8210 243 8210 246 8210 4587 8211 246 8211 4584 8211 4584 8212 246 8212 248 8212 4584 8213 248 8213 251 8213 260 8214 258 8214 4584 8214 4584 8215 258 8215 256 8215 4584 8216 256 8216 254 8216 375 8217 377 8217 4584 8217 4584 8218 377 8218 378 8218 4584 8219 378 8219 371 8219 364 8220 362 8220 4584 8220 4584 8221 362 8221 360 8221 4584 8222 360 8222 358 8222 234 8223 236 8223 4587 8223 4587 8224 236 8224 238 8224 4587 8225 238 8225 240 8225 254 8226 264 8226 4584 8226 4584 8227 264 8227 373 8227 4584 8228 373 8228 375 8228 371 8229 369 8229 4584 8229 4584 8230 369 8230 367 8230 4584 8231 367 8231 364 8231 358 8232 356 8232 4584 8232 4584 8233 356 8233 354 8233 4584 8234 354 8234 352 8234 126 8235 112 8235 735 8235 735 8236 446 8236 454 8236 735 8237 463 8237 465 8237 138 8238 136 8238 735 8238 743 8239 413 8239 735 8239 735 8240 413 8240 411 8240 735 8241 411 8241 422 8241 454 8242 455 8242 735 8242 735 8243 455 8243 461 8243 735 8244 461 8244 463 8244 112 8245 114 8245 735 8245 735 8246 114 8246 116 8246 735 8247 116 8247 93 8247 419 8248 438 8248 735 8248 735 8249 438 8249 437 8249 465 8250 132 8250 735 8250 735 8251 132 8251 125 8251 735 8252 125 8252 126 8252 422 8253 424 8253 735 8253 735 8254 424 8254 426 8254 735 8255 426 8255 419 8255 437 8256 435 8256 735 8256 735 8257 435 8257 444 8257 735 8258 444 8258 446 8258 93 8259 95 8259 735 8259 735 8260 95 8260 97 8260 735 8261 97 8261 138 8261 136 8262 141 8262 735 8262 735 8263 141 8263 158 8263 735 8264 158 8264 157 8264 157 8265 155 8265 735 8265 735 8266 155 8266 153 8266 735 8267 153 8267 151 8267 788 8268 512 8268 501 8268 633 8269 812 8269 501 8269 501 8270 812 8270 803 8270 501 8271 803 8271 805 8271 791 8272 793 8272 501 8272 501 8273 793 8273 795 8273 501 8274 795 8274 788 8274 805 8275 807 8275 501 8275 501 8276 807 8276 809 8276 501 8277 809 8277 798 8277 798 8278 800 8278 501 8278 501 8279 800 8279 789 8279 501 8280 789 8280 791 8280 495 8281 494 8281 708 8281 635 8282 633 8282 501 8282 708 8283 494 8283 730 8283 494 8284 493 8284 730 8284 730 8285 493 8285 506 8285 730 8286 506 8286 565 8286 565 8287 506 8287 505 8287 565 8288 505 8288 504 8288 706 8289 515 8289 708 8289 708 8290 515 8290 481 8290 708 8291 481 8291 495 8291 637 8292 518 8292 706 8292 706 8293 518 8293 516 8293 706 8294 516 8294 515 8294 501 8295 524 8295 635 8295 635 8296 524 8296 522 8296 635 8297 522 8297 637 8297 637 8298 522 8298 520 8298 637 8299 520 8299 518 8299 599 8300 40 8300 39 8300 599 8301 39 8301 725 8301 20 8302 640 8302 18 8302 18 8303 640 8303 642 8303 631 8304 14 8304 642 8304 642 8305 14 8305 16 8305 642 8306 16 8306 18 8306 700 8307 10 8307 631 8307 631 8308 10 8308 12 8308 631 8309 12 8309 14 8309 702 8310 23 8310 700 8310 700 8311 23 8311 8 8311 700 8312 8 8312 10 8312 39 8313 26 8313 725 8313 725 8314 26 8314 25 8314 725 8315 25 8315 702 8315 702 8316 25 8316 24 8316 702 8317 24 8317 23 8317 4588 8318 4589 8318 4590 8318 4590 8318 4589 8318 4591 8318 4591 8319 4589 8319 4592 8319 4591 8320 4592 8320 4593 8320 4593 8321 4592 8321 4594 8321 4593 8322 4594 8322 4595 8322 4595 8323 4594 8323 4596 8323 4595 8324 4596 8324 4597 8324 4597 8325 4596 8325 4598 8325 4597 8326 4598 8326 4599 8326 4599 8327 4598 8327 4600 8327 4599 8328 4600 8328 4601 8328 4601 8329 4600 8329 4602 8329 4601 8329 4602 8329 4603 8329 4603 8330 4602 8330 4604 8330 4603 8331 4604 8331 4605 8331 4605 8332 4604 8332 4606 8332 4605 8333 4606 8333 4607 8333 4607 8334 4606 8334 4608 8334 4607 8335 4608 8335 4609 8335 4609 8211 4608 8211 4610 8211 4609 8211 4610 8211 4611 8211 4611 8336 4610 8336 4612 8336 4611 8337 4612 8337 4613 8337 4613 8338 4612 8338 4614 8338 4613 8339 4614 8339 4615 8339 4615 8340 4614 8340 4616 8340 4615 8341 4616 8341 4617 8341 4617 8342 4616 8342 4618 8342 4617 8342 4618 8342 4619 8342 4619 8343 4618 8343 4620 8343 4619 8344 4620 8344 4621 8344 4621 8345 4620 8345 4622 8345 4621 8346 4622 8346 4623 8346 4623 8347 4622 8347 4624 8347 4623 8348 4624 8348 4625 8348 4625 8349 4624 8349 4626 8349 4625 8350 4626 8350 4627 8350 4627 8351 4626 8351 4628 8351 4627 8351 4628 8351 4629 8351 4630 8352 4629 8352 4631 8352 4631 8352 4629 8352 4628 8352 4632 8353 4633 8353 4591 8353 4634 8354 4635 8354 4590 8354 4590 8355 4635 8355 4636 8355 4637 8356 4638 8356 4630 8356 4630 8357 4638 8357 4639 8357 4630 8358 4639 8358 4640 8358 4591 8359 4633 8359 4590 8359 4590 8360 4633 8360 4641 8360 4590 8361 4641 8361 4634 8361 4636 8362 4642 8362 4590 8362 4590 8363 4642 8363 4643 8363 4590 8364 4643 8364 4630 8364 4630 8365 4643 8365 4644 8365 4630 8366 4644 8366 4637 8366 4645 8367 4629 8367 4646 8367 4646 8368 4629 8368 4630 8368 4646 8369 4630 8369 4647 8369 4647 8370 4630 8370 4640 8370 4645 8371 4648 8371 4629 8371 4629 8372 4648 8372 4649 8372 4629 8373 4649 8373 4627 8373 4627 8374 4649 8374 4650 8374 4627 8375 4650 8375 4625 8375 4625 8376 4650 8376 4651 8376 4625 8377 4651 8377 4623 8377 4623 8378 4651 8378 4652 8378 4623 8379 4652 8379 4621 8379 4621 8380 4652 8380 4653 8380 4621 8381 4653 8381 4619 8381 4619 8382 4653 8382 4654 8382 4619 8383 4654 8383 4617 8383 4617 8384 4654 8384 4655 8384 4617 8385 4655 8385 4615 8385 4615 8386 4655 8386 4656 8386 4615 8387 4656 8387 4613 8387 4613 8388 4656 8388 4657 8388 4613 8389 4657 8389 4611 8389 4611 8390 4657 8390 4658 8390 4611 8391 4658 8391 4609 8391 4609 8391 4658 8391 4659 8391 4609 8392 4659 8392 4607 8392 4607 8393 4659 8393 4660 8393 4607 8394 4660 8394 4605 8394 4605 8395 4660 8395 4661 8395 4605 8396 4661 8396 4603 8396 4603 8397 4661 8397 4662 8397 4603 8398 4662 8398 4601 8398 4601 8399 4662 8399 4663 8399 4601 8400 4663 8400 4599 8400 4599 8401 4663 8401 4664 8401 4599 8402 4664 8402 4597 8402 4597 8403 4664 8403 4665 8403 4597 8404 4665 8404 4595 8404 4595 8405 4665 8405 4666 8405 4595 8406 4666 8406 4593 8406 4593 8407 4666 8407 4667 8407 4593 8408 4667 8408 4591 8408 4591 8409 4667 8409 4668 8409 4591 8410 4668 8410 4632 8410 4588 8411 4583 8411 4587 8411 4587 8411 4631 8411 4588 8411 4588 8412 4631 8412 4669 8412 4588 8413 4669 8413 4670 8413 4671 8414 4631 8414 4672 8414 4672 8415 4631 8415 4673 8415 4671 8416 4674 8416 4631 8416 4631 8417 4674 8417 4675 8417 4631 8418 4675 8418 4669 8418 4670 8419 4676 8419 4588 8419 4588 8420 4676 8420 4677 8420 4588 8421 4677 8421 4678 8421 4679 8422 4628 8422 4680 8422 4680 8423 4628 8423 4626 8423 4680 8424 4626 8424 4681 8424 4681 8425 4626 8425 4624 8425 4681 8426 4624 8426 4682 8426 4682 8427 4624 8427 4622 8427 4682 8428 4622 8428 4683 8428 4683 8429 4622 8429 4620 8429 4683 8430 4620 8430 4684 8430 4684 8431 4620 8431 4618 8431 4684 8432 4618 8432 4685 8432 4685 8433 4618 8433 4616 8433 4685 8434 4616 8434 4686 8434 4686 8435 4616 8435 4614 8435 4686 8436 4614 8436 4687 8436 4687 8437 4614 8437 4612 8437 4687 8438 4612 8438 4688 8438 4688 8439 4612 8439 4610 8439 4688 8440 4610 8440 4689 8440 4689 8440 4610 8440 4608 8440 4689 8441 4608 8441 4690 8441 4690 8442 4608 8442 4606 8442 4690 8443 4606 8443 4691 8443 4691 8444 4606 8444 4604 8444 4691 8445 4604 8445 4692 8445 4692 8446 4604 8446 4602 8446 4692 8447 4602 8447 4693 8447 4693 8448 4602 8448 4600 8448 4693 8449 4600 8449 4694 8449 4694 8450 4600 8450 4598 8450 4694 8451 4598 8451 4695 8451 4695 8452 4598 8452 4596 8452 4695 8453 4596 8453 4696 8453 4696 8454 4596 8454 4594 8454 4696 8455 4594 8455 4697 8455 4697 8456 4594 8456 4592 8456 4697 8457 4592 8457 4698 8457 4698 8458 4592 8458 4589 8458 4698 8459 4589 8459 4699 8459 4678 8460 4700 8460 4588 8460 4588 8461 4700 8461 4701 8461 4588 8462 4701 8462 4589 8462 4589 8463 4701 8463 4702 8463 4589 8464 4702 8464 4699 8464 4679 8465 4703 8465 4628 8465 4628 8466 4703 8466 4704 8466 4628 8467 4704 8467 4631 8467 4631 8468 4704 8468 4705 8468 4631 8469 4705 8469 4673 8469 4706 8470 4707 8470 372 8470 576 8471 579 8471 4708 8471 4709 8472 372 8472 4710 8472 4710 8473 372 8473 4711 8473 263 8474 4712 8474 374 8474 374 8475 4712 8475 4711 8475 374 8476 4711 8476 376 8476 376 8477 4711 8477 372 8477 4706 8478 372 8478 4713 8478 4714 8479 4715 8479 573 8479 4716 8480 4717 8480 625 8480 625 8481 4717 8481 4718 8481 625 8482 4718 8482 626 8482 239 8483 237 8483 4719 8483 4719 8484 237 8484 235 8484 4719 8485 235 8485 4720 8485 4720 8486 235 8486 233 8486 4720 8487 233 8487 232 8487 250 8488 249 8488 4721 8488 4721 8489 249 8489 247 8489 573 8490 4715 8490 625 8490 625 8491 4715 8491 4722 8491 625 8492 4722 8492 4716 8492 622 8493 4723 8493 623 8493 623 8494 4723 8494 4724 8494 623 8495 4724 8495 624 8495 622 8496 621 8496 4723 8496 4723 8497 621 8497 628 8497 4723 8498 628 8498 4718 8498 4718 8499 628 8499 627 8499 4718 8500 627 8500 626 8500 624 8501 4724 8501 596 8501 596 8502 4724 8502 4725 8502 596 8503 4725 8503 597 8503 597 8504 4725 8504 4726 8504 597 8505 4726 8505 616 8505 609 8506 618 8506 4727 8506 4709 8507 4728 8507 372 8507 372 8508 4728 8508 4729 8508 372 8509 4729 8509 4713 8509 4713 8510 4729 8510 4730 8510 4713 8511 4730 8511 4731 8511 4731 8512 4730 8512 4732 8512 4731 8513 4732 8513 4733 8513 4733 8514 4732 8514 4734 8514 4733 8515 4734 8515 4735 8515 4736 8516 4733 8516 4737 8516 4737 8517 4733 8517 4738 8517 4739 8518 213 8518 211 8518 223 8519 4740 8519 229 8519 229 8520 4740 8520 4720 8520 229 8521 4720 8521 227 8521 227 8522 4720 8522 232 8522 247 8523 245 8523 4721 8523 4721 8524 245 8524 244 8524 4721 8525 244 8525 4719 8525 4719 8526 244 8526 242 8526 4719 8527 242 8527 239 8527 263 8528 262 8528 4712 8528 4712 8529 262 8529 253 8529 4712 8530 253 8530 255 8530 255 8531 257 8531 4712 8531 4712 8532 257 8532 259 8532 4712 8533 259 8533 4721 8533 4721 8534 259 8534 252 8534 4721 8535 252 8535 250 8535 4741 8536 4742 8536 4707 8536 4743 8537 579 8537 4744 8537 4744 8538 579 8538 578 8538 4744 8539 578 8539 4745 8539 4745 8540 578 8540 582 8540 576 8541 4708 8541 574 8541 4726 8542 4746 8542 616 8542 616 8543 4746 8543 4747 8543 616 8544 4747 8544 617 8544 4747 8545 4748 8545 617 8545 617 8546 4748 8546 4749 8546 617 8547 4749 8547 618 8547 618 8548 4749 8548 4750 8548 618 8549 4750 8549 4727 8549 605 8550 4751 8550 606 8550 606 8551 4751 8551 4752 8551 606 8552 4752 8552 602 8552 602 8553 4752 8553 4753 8553 602 8554 4753 8554 279 8554 279 8555 4753 8555 4754 8555 279 8556 4754 8556 275 8556 275 8557 4754 8557 4755 8557 275 8558 4755 8558 273 8558 273 8559 4755 8559 4756 8559 273 8560 4756 8560 271 8560 271 8561 4756 8561 4757 8561 271 8562 4757 8562 269 8562 269 8563 4757 8563 4758 8563 269 8564 4758 8564 266 8564 4739 8565 211 8565 4759 8565 223 8566 221 8566 4740 8566 4740 8567 221 8567 219 8567 4740 8568 219 8568 4739 8568 4739 8569 219 8569 217 8569 4739 8570 217 8570 213 8570 4760 8571 4707 8571 4761 8571 4761 8572 4707 8572 4762 8572 4761 8573 4762 8573 4763 8573 4763 8574 4762 8574 4764 8574 4763 8575 4764 8575 4765 8575 4707 8576 4742 8576 372 8576 372 8577 4742 8577 4766 8577 372 8578 4766 8578 4767 8578 4765 8579 4768 8579 4763 8579 4763 8580 4768 8580 4769 8580 4763 8581 4769 8581 4770 8581 4727 8582 4771 8582 609 8582 609 8583 4771 8583 4772 8583 609 8584 4772 8584 610 8584 4735 8585 4773 8585 4733 8585 4733 8586 4773 8586 4774 8586 4733 8587 4774 8587 4775 8587 4775 8588 4776 8588 4733 8588 4733 8589 4776 8589 4777 8589 4733 8590 4777 8590 4738 8590 4760 8591 4778 8591 4707 8591 4707 8592 4778 8592 4779 8592 4707 8593 4779 8593 4780 8593 4767 8594 4781 8594 4782 8594 4782 8595 4781 8595 4783 8595 4782 8596 4783 8596 4784 8596 586 8597 584 8597 4785 8597 581 8598 589 8598 4786 8598 572 8599 570 8599 4708 8599 4708 8600 570 8600 569 8600 4758 8601 4787 8601 266 8601 266 8602 4787 8602 4788 8602 266 8603 4788 8603 187 8603 187 8604 4788 8604 4789 8604 187 8605 4789 8605 185 8605 185 8606 4789 8606 4790 8606 185 8607 4790 8607 183 8607 183 8608 4790 8608 4759 8608 183 8609 4759 8609 210 8609 210 8610 4759 8610 211 8610 4780 8611 4791 8611 4707 8611 4707 8612 4791 8612 4792 8612 4707 8613 4792 8613 4793 8613 4793 8614 4794 8614 4707 8614 4707 8615 4794 8615 4795 8615 4707 8616 4795 8616 4741 8616 4782 8617 4796 8617 4767 8617 4767 8618 4796 8618 4797 8618 4767 8619 4797 8619 4798 8619 342 8620 350 8620 4799 8620 4800 8621 323 8621 4801 8621 4801 8622 323 8622 321 8622 321 8623 328 8623 4801 8623 4801 8624 328 8624 331 8624 4801 8625 331 8625 4802 8625 4803 8626 301 8626 4804 8626 4804 8627 301 8627 310 8627 4804 8628 310 8628 4805 8628 4805 8629 310 8629 312 8629 4805 8630 312 8630 4800 8630 4800 8631 312 8631 325 8631 4800 8632 325 8632 323 8632 4785 8633 584 8633 4806 8633 4806 8634 584 8634 595 8634 4806 8635 595 8635 4807 8635 4785 8636 4808 8636 586 8636 586 8637 4808 8637 4809 8637 586 8638 4809 8638 588 8638 4770 8639 4708 8639 4763 8639 4763 8640 4708 8640 579 8640 4763 8641 579 8641 4810 8641 4810 8642 579 8642 4743 8642 572 8643 4708 8643 573 8643 573 8644 4708 8644 4811 8644 573 8645 4811 8645 4714 8645 4736 8646 4812 8646 4733 8646 4733 8647 4812 8647 4751 8647 4733 8648 4751 8648 4813 8648 4813 8649 4751 8649 605 8649 4813 8650 605 8650 4814 8650 4814 8651 605 8651 614 8651 4814 8652 614 8652 4815 8652 4815 8653 614 8653 613 8653 4815 8654 613 8654 4816 8654 4816 8655 613 8655 611 8655 4816 8656 611 8656 4817 8656 4817 8657 611 8657 610 8657 4817 8658 610 8658 4818 8658 4818 8659 610 8659 4772 8659 4798 8660 4819 8660 4767 8660 4767 8661 4819 8661 4820 8661 4767 8662 4820 8662 4821 8662 4809 8663 4822 8663 588 8663 588 8664 4822 8664 4823 8664 588 8665 4823 8665 589 8665 589 8666 4823 8666 4824 8666 589 8667 4824 8667 4786 8667 4786 8668 4825 8668 581 8668 581 8669 4825 8669 4826 8669 581 8670 4826 8670 582 8670 582 8671 4826 8671 4827 8671 582 8672 4827 8672 4745 8672 4821 8673 4828 8673 4767 8673 4767 8674 4828 8674 4829 8674 4767 8675 4829 8675 4830 8675 4831 8676 4832 8676 372 8676 372 8677 4832 8677 4833 8677 372 8678 4833 8678 370 8678 370 8679 4833 8679 4834 8679 370 8680 4834 8680 368 8680 350 8681 348 8681 4799 8681 4799 8682 348 8682 346 8682 4799 8683 346 8683 4835 8683 4835 8684 346 8684 353 8684 4835 8685 353 8685 355 8685 4836 8686 4837 8686 288 8686 569 8687 568 8687 4708 8687 4708 8688 568 8688 567 8688 4708 8689 567 8689 574 8689 355 8690 357 8690 4835 8690 4835 8691 357 8691 359 8691 4835 8692 359 8692 4834 8692 4834 8693 359 8693 361 8693 4834 8694 361 8694 363 8694 363 8695 365 8695 4834 8695 4834 8696 365 8696 366 8696 4834 8697 366 8697 368 8697 331 8698 335 8698 4802 8698 4802 8699 335 8699 337 8699 4802 8700 337 8700 4799 8700 4799 8701 337 8701 344 8701 4799 8702 344 8702 342 8702 4838 8703 4839 8703 372 8703 372 8704 4839 8704 4840 8704 372 8705 4840 8705 4831 8705 4783 8706 4841 8706 4784 8706 4784 8707 4841 8707 4842 8707 4784 8708 4842 8708 4843 8708 4843 8709 4842 8709 4836 8709 4843 8510 4836 8510 4844 8510 4844 8710 4836 8710 288 8710 4844 8711 288 8711 4845 8711 4845 8712 288 8712 298 8712 4845 8713 298 8713 4846 8713 4846 8714 298 8714 295 8714 4846 8715 295 8715 4847 8715 4847 8716 295 8716 294 8716 4847 8717 294 8717 4803 8717 4803 8718 294 8718 303 8718 4803 8719 303 8719 301 8719 595 8720 594 8720 4807 8720 4807 8721 594 8721 592 8721 4807 8722 592 8722 4837 8722 4837 8723 592 8723 591 8723 4837 8724 591 8724 590 8724 4830 8725 4848 8725 4767 8725 4767 8726 4848 8726 4849 8726 4767 8727 4849 8727 4850 8727 590 8728 293 8728 4837 8728 4837 8729 293 8729 289 8729 4837 8730 289 8730 288 8730 4850 8731 4851 8731 4767 8731 4767 8732 4851 8732 4852 8732 4767 8733 4852 8733 372 8733 372 8734 4852 8734 4853 8734 372 8735 4853 8735 4838 8735 785 8736 546 8736 559 8736 1954 8737 420 8737 410 8737 410 8738 412 8738 1954 8738 1954 8739 412 8739 415 8739 1954 8740 415 8740 404 8740 1948 8741 1950 8741 403 8741 403 8742 1950 8742 1951 8742 403 8743 1951 8743 400 8743 400 8744 1951 8744 1954 8744 400 8745 1954 8745 401 8745 401 8746 1954 8746 404 8746 392 8747 382 8747 1946 8747 1948 8748 403 8748 1946 8748 1946 8749 403 8749 390 8749 1946 8750 390 8750 392 8750 304 8751 1943 8751 305 8751 305 8752 1943 8752 1946 8752 305 8753 1946 8753 381 8753 381 8754 1946 8754 382 8754 309 8755 1939 8755 304 8755 304 8756 1939 8756 1941 8756 304 8757 1941 8757 1943 8757 309 8758 308 8758 1939 8758 1939 8759 308 8759 300 8759 1939 8760 300 8760 299 8760 299 8761 302 8761 1939 8761 1939 8762 302 8762 296 8762 1939 8763 296 8763 1938 8763 1938 8764 296 8764 297 8764 290 8765 1934 8765 297 8765 297 8766 1934 8766 1936 8766 297 8767 1936 8767 1938 8767 290 8768 287 8768 1934 8768 1934 8769 287 8769 286 8769 1934 8770 286 8770 1933 8770 1933 8771 286 8771 486 8771 1933 8772 486 8772 1931 8772 1931 8773 486 8773 1929 8773 1929 8774 486 8774 1927 8774 1927 8775 486 8775 546 8775 1927 8776 546 8776 785 8776 4545 8777 418 8777 4544 8777 4544 8778 418 8778 417 8778 4544 8779 417 8779 4543 8779 4543 8780 417 8780 4541 8780 433 8781 432 8781 830 8781 830 8782 432 8782 430 8782 830 8783 430 8783 4545 8783 4545 8784 430 8784 436 8784 4545 8785 436 8785 418 8785 4541 8786 417 8786 4542 8786 4542 8787 417 8787 428 8787 4542 8788 428 8788 427 8788 4569 8789 4538 8789 421 8789 421 8790 4538 8790 4540 8790 421 8791 4540 8791 423 8791 423 8792 4540 8792 4542 8792 423 8793 4542 8793 425 8793 425 8794 4542 8794 427 8794 4569 8795 421 8795 4535 8795 4535 8796 421 8796 420 8796 4535 8797 420 8797 1954 8797 3273 8798 3272 8798 143 8798 109 8799 282 8799 110 8799 110 8800 282 8800 3275 8800 110 8801 3275 8801 139 8801 139 8802 3275 8802 137 8802 137 8803 3275 8803 135 8803 135 8804 3275 8804 3278 8804 135 8805 3278 8805 143 8805 143 8806 3278 8806 3279 8806 143 8807 3279 8807 3273 8807 156 8808 140 8808 3272 8808 3272 8809 140 8809 142 8809 3272 8810 142 8810 143 8810 156 8811 3272 8811 154 8811 154 8812 3272 8812 3324 8812 154 8813 3324 8813 152 8813 152 8814 3324 8814 3282 8814 152 8815 3282 8815 3284 8815 3284 8816 3286 8816 152 8816 152 8817 3286 8817 1306 8817 152 8818 1306 8818 150 8818 1328 8819 1346 8819 87 8819 1297 8820 1294 8820 198 8820 163 8821 1306 8821 161 8821 161 8822 1306 8822 1307 8822 161 8823 1307 8823 171 8823 171 8824 1307 8824 1308 8824 171 8825 1308 8825 1304 8825 163 8826 146 8826 1306 8826 1306 8827 146 8827 148 8827 1306 8828 148 8828 150 8828 1304 8829 1303 8829 171 8829 171 8830 1303 8830 1301 8830 171 8831 1301 8831 166 8831 199 8832 176 8832 1301 8832 176 8833 181 8833 1301 8833 1301 8834 181 8834 182 8834 1301 8835 182 8835 166 8835 199 8836 1301 8836 198 8836 198 8837 1301 8837 1300 8837 198 8838 1300 8838 1297 8838 268 8839 267 8839 1294 8839 1292 8840 272 8840 1294 8840 1294 8841 272 8841 270 8841 1294 8842 270 8842 268 8842 267 8843 265 8843 1294 8843 1294 8844 265 8844 196 8844 1294 8845 196 8845 198 8845 77 8846 1288 8846 1342 8846 1288 8847 77 8847 1289 8847 1289 8848 77 8848 36 8848 1289 8849 36 8849 276 8849 276 8850 278 8850 1289 8850 1289 8851 278 8851 280 8851 1289 8852 280 8852 281 8852 1292 8853 1291 8853 272 8853 272 8854 1291 8854 1289 8854 272 8855 1289 8855 274 8855 274 8856 1289 8856 281 8856 1342 8857 1341 8857 77 8857 77 8858 1341 8858 1334 8858 77 8859 1334 8859 87 8859 87 8860 1334 8860 1329 8860 87 8861 1329 8861 1328 8861 1346 8862 85 8862 87 8862 3076 8863 3075 8863 4854 8863 3071 8864 3069 8864 4855 8864 3163 8865 3162 8865 4856 8865 3158 8866 3157 8866 4857 8866 4858 8867 4859 8867 3114 8867 3167 8868 3168 8868 4860 8868 4860 8869 3168 8869 3116 8869 4860 8870 3116 8870 4859 8870 4859 8871 3116 8871 3115 8871 4859 8872 3115 8872 3114 8872 3167 8873 4860 8873 3166 8873 3166 8874 4860 8874 4861 8874 3166 8875 4861 8875 3128 8875 3128 8876 4861 8876 3129 8876 3129 8877 4861 8877 4862 8877 3129 8878 4862 8878 3131 8878 3135 8879 3134 8879 4863 8879 4863 8880 3134 8880 3133 8880 4863 8881 3133 8881 4862 8881 4862 8882 3133 8882 3132 8882 4862 8883 3132 8883 3131 8883 4864 8884 3138 8884 4865 8884 4865 8885 3138 8885 3137 8885 4865 8886 3137 8886 4863 8886 4863 8887 3137 8887 3136 8887 4863 8888 3136 8888 3135 8888 3141 8889 3140 8889 4864 8889 4864 8890 3140 8890 3139 8890 4864 8891 3139 8891 3138 8891 3141 8892 4864 8892 3142 8892 3142 8893 4864 8893 4866 8893 3142 8894 4866 8894 3143 8894 3143 8895 4866 8895 4867 8895 3143 8896 4867 8896 3144 8896 3144 8897 4867 8897 3145 8897 3145 8898 4867 8898 4868 8898 3145 8899 4868 8899 3147 8899 3147 8900 4868 8900 3148 8900 3148 8901 4868 8901 4869 8901 3148 8902 4869 8902 3149 8902 3149 8903 4869 8903 3150 8903 3150 8904 4869 8904 4870 8904 3150 8905 4870 8905 3151 8905 3151 8906 4870 8906 3152 8906 3152 8907 4870 8907 4871 8907 3152 8908 4871 8908 3153 8908 3153 8909 4871 8909 3154 8909 3154 8910 4871 8910 4872 8910 3154 8911 4872 8911 3155 8911 4857 8912 3157 8912 4872 8912 4872 8913 3157 8913 3156 8913 4872 8914 3156 8914 3155 8914 4856 8915 3162 8915 4873 8915 3162 8916 3161 8916 4873 8916 4873 8917 3161 8917 3160 8917 4873 8918 3160 8918 4857 8918 4857 8919 3160 8919 3159 8919 4857 8920 3159 8920 3158 8920 4855 8921 3069 8921 4874 8921 3069 8922 3068 8922 4874 8922 4874 8923 3068 8923 3165 8923 4874 8924 3165 8924 4856 8924 4856 8925 3165 8925 3164 8925 4856 8926 3164 8926 3163 8926 4854 8927 3075 8927 4875 8927 3075 8928 3074 8928 4875 8928 4875 8929 3074 8929 3073 8929 4875 8930 3073 8930 4855 8930 4855 8931 3073 8931 3072 8931 4855 8932 3072 8932 3071 8932 4876 8933 3078 8933 4854 8933 4854 8934 3078 8934 3077 8934 4854 8935 3077 8935 3076 8935 3083 8936 3082 8936 4877 8936 4877 8937 3082 8937 3081 8937 4877 8938 3081 8938 4878 8938 4878 8939 3081 8939 3080 8939 4878 8940 3080 8940 4876 8940 4876 8941 3080 8941 3079 8941 4876 8942 3079 8942 3078 8942 3083 8943 4877 8943 3084 8943 3084 8944 4877 8944 4879 8944 3084 8945 4879 8945 3085 8945 3085 8946 4879 8946 3086 8946 3086 8947 4879 8947 4880 8947 3086 8948 4880 8948 3087 8948 4881 8949 3091 8949 4880 8949 4880 8950 3091 8950 3088 8950 4880 8951 3088 8951 3087 8951 4882 8952 3093 8952 4881 8952 4881 8953 3093 8953 3092 8953 4881 8954 3092 8954 3091 8954 4883 8955 3090 8955 4882 8955 4882 8956 3090 8956 3089 8956 4882 8957 3089 8957 3093 8957 4884 8958 3095 8958 4883 8958 4883 8959 3095 8959 3094 8959 4883 8960 3094 8960 3090 8960 4885 8961 3097 8961 4884 8961 4884 8962 3097 8962 3096 8962 4884 8963 3096 8963 3095 8963 4886 8964 3099 8964 4885 8964 4885 8965 3099 8965 3098 8965 4885 8966 3098 8966 3097 8966 4887 8967 3101 8967 4886 8967 4886 8968 3101 8968 3100 8968 4886 8969 3100 8969 3099 8969 3105 8970 3104 8970 4888 8970 4888 8971 3104 8971 3103 8971 4888 8972 3103 8972 4887 8972 4887 8973 3103 8973 3102 8973 4887 8974 3102 8974 3101 8974 3105 8975 4888 8975 3111 8975 3111 8976 4888 8976 4889 8976 3111 8977 4889 8977 3112 8977 3112 8978 4889 8978 3113 8978 3113 8979 4889 8979 4890 8979 3113 8980 4890 8980 3106 8980 3114 8981 3110 8981 4858 8981 4858 8982 3110 8982 3109 8982 4858 8983 3109 8983 4890 8983 4890 8984 3109 8984 3107 8984 4890 8985 3107 8985 3106 8985 4875 8986 4891 8986 4854 8986 4854 8987 4891 8987 4892 8987 4854 8988 4892 8988 4876 8988 4876 8989 4892 8989 4893 8989 4876 8990 4893 8990 4878 8990 4878 8991 4893 8991 4894 8991 4878 8992 4894 8992 4877 8992 4877 8993 4894 8993 4895 8993 4877 8994 4895 8994 4879 8994 4879 8995 4895 8995 4896 8995 4879 8996 4896 8996 4880 8996 4880 8997 4896 8997 4897 8997 4880 8998 4897 8998 4881 8998 4881 8999 4897 8999 4898 8999 4881 9000 4898 9000 4882 9000 4882 9001 4898 9001 4899 9001 4882 9002 4899 9002 4883 9002 4883 9003 4899 9003 4900 9003 4883 9004 4900 9004 4884 9004 4884 9005 4900 9005 4901 9005 4884 9006 4901 9006 4885 9006 4885 9007 4901 9007 4902 9007 4885 9008 4902 9008 4886 9008 4886 9009 4902 9009 4903 9009 4886 9010 4903 9010 4887 9010 4887 9011 4903 9011 4904 9011 4887 9012 4904 9012 4888 9012 4888 9013 4904 9013 4905 9013 4888 9014 4905 9014 4889 9014 4889 9015 4905 9015 4906 9015 4889 9016 4906 9016 4890 9016 4890 9017 4906 9017 4907 9017 4890 9018 4907 9018 4858 9018 4858 9019 4907 9019 4908 9019 4858 9020 4908 9020 4859 9020 4859 9021 4908 9021 4909 9021 4859 9022 4909 9022 4860 9022 4860 9023 4909 9023 4910 9023 4860 9024 4910 9024 4861 9024 4861 9025 4910 9025 4911 9025 4861 9026 4911 9026 4862 9026 4862 9027 4911 9027 4912 9027 4862 9028 4912 9028 4863 9028 4863 9029 4912 9029 4913 9029 4863 9030 4913 9030 4865 9030 4865 9031 4913 9031 4914 9031 4865 9032 4914 9032 4864 9032 4864 9033 4914 9033 4915 9033 4864 9034 4915 9034 4866 9034 4866 9035 4915 9035 4916 9035 4866 9036 4916 9036 4867 9036 4867 9037 4916 9037 4917 9037 4867 9038 4917 9038 4868 9038 4868 9039 4917 9039 4918 9039 4868 9040 4918 9040 4869 9040 4869 9041 4918 9041 4919 9041 4869 9042 4919 9042 4870 9042 4870 9043 4919 9043 4920 9043 4870 9044 4920 9044 4871 9044 4871 9045 4920 9045 4921 9045 4871 9046 4921 9046 4872 9046 4872 9047 4921 9047 4922 9047 4872 9048 4922 9048 4857 9048 4857 9049 4922 9049 4923 9049 4857 9050 4923 9050 4873 9050 4873 9051 4923 9051 4924 9051 4873 9052 4924 9052 4856 9052 4856 9053 4924 9053 4925 9053 4856 9054 4925 9054 4874 9054 4874 9055 4925 9055 4926 9055 4874 9056 4926 9056 4855 9056 4855 9057 4926 9057 4927 9057 4855 9058 4927 9058 4875 9058 4875 9059 4927 9059 4891 9059 4908 9060 53 9060 4909 9060 4909 9060 53 9060 52 9060 4909 9061 52 9061 4910 9061 4910 9062 52 9062 50 9062 4910 9063 50 9063 4911 9063 4911 9064 50 9064 49 9064 4911 9065 49 9065 4912 9065 4912 9065 49 9065 33 9065 4912 9066 33 9066 4913 9066 4913 9067 33 9067 32 9067 4913 9068 32 9068 4914 9068 4914 9068 32 9068 63 9068 4914 9069 63 9069 4915 9069 4915 9069 63 9069 43 9069 4915 9070 43 9070 4916 9070 4916 9071 43 9071 62 9071 4916 9072 62 9072 4917 9072 4917 9073 62 9073 61 9073 4917 9074 61 9074 4918 9074 4918 9075 61 9075 60 9075 4918 9076 60 9076 4919 9076 4919 9077 60 9077 31 9077 4919 9078 31 9078 4920 9078 4920 9079 31 9079 30 9079 4920 9080 30 9080 4921 9080 4921 9081 30 9081 28 9081 4921 9082 28 9082 4922 9082 4922 9083 28 9083 27 9083 4922 9084 27 9084 4923 9084 4923 9084 27 9084 59 9084 4923 9085 59 9085 4924 9085 4924 9085 59 9085 57 9085 4924 9086 57 9086 4925 9086 4925 9086 57 9086 55 9086 4925 9087 55 9087 4926 9087 4926 9088 55 9088 92 9088 4926 9089 92 9089 4927 9089 4927 9090 92 9090 82 9090 4927 9091 82 9091 4891 9091 4891 9092 82 9092 81 9092 4891 9093 81 9093 4892 9093 4892 9093 81 9093 80 9093 4892 9094 80 9094 4893 9094 4893 9094 80 9094 74 9094 4893 9095 74 9095 4894 9095 4894 9096 74 9096 73 9096 4894 9097 73 9097 4895 9097 4895 9098 73 9098 72 9098 4895 9099 72 9099 4896 9099 4896 9100 72 9100 71 9100 4896 9101 71 9101 4897 9101 4897 9102 71 9102 79 9102 4897 9103 79 9103 4898 9103 4898 9103 79 9103 78 9103 4898 9104 78 9104 4899 9104 4899 9105 78 9105 76 9105 4899 9106 76 9106 4900 9106 4900 9107 76 9107 75 9107 4900 9108 75 9108 4901 9108 4901 9108 75 9108 91 9108 4901 9109 91 9109 4902 9109 4902 9109 91 9109 90 9109 4902 9110 90 9110 4903 9110 4903 9111 90 9111 89 9111 4903 9112 89 9112 4904 9112 4904 9113 89 9113 88 9113 4904 9114 88 9114 4905 9114 4905 9115 88 9115 86 9115 4905 9116 86 9116 4906 9116 4906 9117 86 9117 84 9117 4906 9118 84 9118 4907 9118 4907 9118 84 9118 83 9118 4907 9119 83 9119 4908 9119 4908 9120 83 9120 53 9120 3214 9121 3213 9121 4928 9121 3209 9122 3208 9122 4929 9122 3203 9123 3202 9123 4930 9123 3244 9124 3243 9124 4931 9124 4932 9125 4933 9125 3196 9125 4934 9126 3245 9126 4933 9126 4933 9127 3245 9127 3197 9127 4933 9128 3197 9128 3196 9128 4935 9129 3247 9129 4934 9129 4934 9130 3247 9130 3246 9130 4934 9131 3246 9131 3245 9131 4936 9132 3249 9132 4935 9132 4935 9133 3249 9133 3248 9133 4935 9134 3248 9134 3247 9134 4937 9135 3251 9135 4936 9135 4936 9136 3251 9136 3250 9136 4936 9137 3250 9137 3249 9137 4938 9138 3253 9138 4937 9138 4937 9139 3253 9139 3252 9139 4937 9140 3252 9140 3251 9140 4939 9141 3255 9141 4938 9141 4938 9142 3255 9142 3254 9142 4938 9143 3254 9143 3253 9143 3221 9144 3257 9144 4939 9144 4939 9145 3257 9145 3256 9145 4939 9146 3256 9146 3255 9146 3221 9147 4939 9147 3222 9147 3222 9148 4939 9148 4940 9148 3222 9149 4940 9149 3224 9149 3224 9150 4940 9150 4941 9150 3224 9151 4941 9151 3225 9151 3225 9152 4941 9152 3226 9152 3226 9153 4941 9153 4942 9153 3226 9154 4942 9154 3227 9154 3227 9155 4942 9155 3228 9155 3228 9156 4942 9156 4943 9156 3228 9157 4943 9157 3230 9157 3230 9158 4943 9158 3231 9158 3231 9159 4943 9159 4944 9159 3231 9160 4944 9160 3232 9160 3232 9161 4944 9161 3233 9161 3233 9162 4944 9162 4945 9162 3233 9163 4945 9163 3234 9163 3234 9164 4945 9164 3235 9164 3235 9165 4945 9165 4946 9165 3235 9166 4946 9166 3236 9166 3236 9167 4946 9167 3237 9167 3237 9168 4946 9168 4947 9168 3237 9169 4947 9169 3238 9169 4931 9170 3243 9170 4948 9170 3243 9171 3242 9171 4948 9171 4948 9172 3242 9172 3240 9172 4948 9173 3240 9173 4947 9173 4947 9174 3240 9174 3239 9174 4947 9175 3239 9175 3238 9175 4930 9176 3202 9176 4949 9176 3202 9177 3201 9177 4949 9177 4949 9178 3201 9178 3200 9178 4949 9179 3200 9179 4931 9179 4931 9180 3200 9180 3199 9180 4931 9181 3199 9181 3244 9181 4929 9182 3208 9182 4950 9182 3208 9183 3207 9183 4950 9183 4950 9184 3207 9184 3205 9184 4950 9185 3205 9185 4930 9185 4930 9186 3205 9186 3204 9186 4930 9187 3204 9187 3203 9187 4928 9188 3213 9188 4951 9188 3213 9189 3212 9189 4951 9189 4951 9190 3212 9190 3211 9190 4951 9191 3211 9191 4929 9191 4929 9192 3211 9192 3210 9192 4929 9193 3210 9193 3209 9193 4952 9194 3217 9194 4953 9194 4953 9195 3217 9195 3216 9195 4953 9196 3216 9196 4928 9196 4928 9197 3216 9197 3215 9197 4928 9198 3215 9198 3214 9198 3169 9199 3220 9199 4954 9199 4954 9200 3220 9200 3219 9200 4954 9201 3219 9201 4952 9201 4952 9202 3219 9202 3218 9202 4952 9203 3218 9203 3217 9203 3169 9204 4954 9204 3170 9204 3170 9205 4954 9205 4955 9205 3170 9206 4955 9206 3172 9206 3172 9207 4955 9207 3173 9207 3173 9208 4955 9208 4956 9208 3173 9209 4956 9209 3174 9209 3174 9210 4956 9210 3175 9210 3175 9211 4956 9211 4957 9211 3175 9212 4957 9212 3176 9212 3176 9213 4957 9213 3177 9213 3177 9214 4957 9214 4958 9214 3177 9215 4958 9215 3179 9215 3179 9216 4958 9216 3180 9216 3180 9217 4958 9217 4959 9217 3180 9218 4959 9218 3181 9218 3181 9219 4959 9219 3182 9219 3182 9220 4959 9220 4960 9220 3182 9221 4960 9221 3183 9221 3183 9222 4960 9222 3184 9222 3184 9223 4960 9223 4961 9223 3184 9224 4961 9224 3185 9224 3185 9225 4961 9225 3186 9225 3186 9226 4961 9226 4962 9226 3186 9227 4962 9227 3187 9227 3187 9228 4962 9228 3188 9228 3188 9229 4962 9229 4963 9229 3188 9230 4963 9230 3189 9230 3189 9231 4963 9231 3190 9231 3190 9232 4963 9232 4964 9232 3190 9233 4964 9233 3194 9233 3196 9234 3195 9234 4932 9234 4932 9235 3195 9235 3191 9235 4932 9236 3191 9236 4964 9236 4964 9237 3191 9237 3193 9237 4964 9238 3193 9238 3194 9238 4943 9239 4965 9239 4944 9239 4944 9240 4965 9240 4966 9240 4944 9241 4966 9241 4945 9241 4945 9242 4966 9242 4967 9242 4945 9243 4967 9243 4946 9243 4946 9244 4967 9244 4968 9244 4946 9245 4968 9245 4947 9245 4947 9246 4968 9246 4969 9246 4947 9247 4969 9247 4948 9247 4948 9051 4969 9051 4970 9051 4948 9052 4970 9052 4931 9052 4931 9248 4970 9248 4971 9248 4931 9249 4971 9249 4949 9249 4949 9250 4971 9250 4972 9250 4949 9251 4972 9251 4930 9251 4930 9252 4972 9252 4973 9252 4930 9253 4973 9253 4950 9253 4950 9254 4973 9254 4974 9254 4950 9255 4974 9255 4929 9255 4929 9256 4974 9256 4975 9256 4929 9257 4975 9257 4951 9257 4951 9258 4975 9258 4976 9258 4951 9259 4976 9259 4928 9259 4928 9260 4976 9260 4977 9260 4928 9261 4977 9261 4953 9261 4953 9262 4977 9262 4978 9262 4953 9263 4978 9263 4952 9263 4952 9264 4978 9264 4979 9264 4952 9265 4979 9265 4954 9265 4954 9266 4979 9266 4980 9266 4954 9267 4980 9267 4955 9267 4955 9268 4980 9268 4981 9268 4955 9269 4981 9269 4956 9269 4956 9270 4981 9270 4982 9270 4956 9271 4982 9271 4957 9271 4957 9272 4982 9272 4983 9272 4957 9273 4983 9273 4958 9273 4958 9274 4983 9274 4984 9274 4958 9275 4984 9275 4959 9275 4959 9276 4984 9276 4985 9276 4959 9277 4985 9277 4960 9277 4960 9278 4985 9278 4986 9278 4960 9279 4986 9279 4961 9279 4961 9280 4986 9280 4987 9280 4961 9281 4987 9281 4962 9281 4962 9282 4987 9282 4988 9282 4962 9283 4988 9283 4963 9283 4963 9284 4988 9284 4989 9284 4963 9285 4989 9285 4964 9285 4964 9286 4989 9286 4990 9286 4964 9287 4990 9287 4932 9287 4932 9288 4990 9288 4991 9288 4932 9289 4991 9289 4933 9289 4933 9290 4991 9290 4992 9290 4933 9291 4992 9291 4934 9291 4934 9292 4992 9292 4993 9292 4934 9293 4993 9293 4935 9293 4935 9294 4993 9294 4994 9294 4935 9295 4994 9295 4936 9295 4936 9296 4994 9296 4995 9296 4936 9297 4995 9297 4937 9297 4937 9298 4995 9298 4996 9298 4937 9299 4996 9299 4938 9299 4938 9300 4996 9300 4997 9300 4938 9301 4997 9301 4939 9301 4939 9302 4997 9302 4998 9302 4939 9303 4998 9303 4940 9303 4940 9304 4998 9304 4999 9304 4940 9305 4999 9305 4941 9305 4941 9306 4999 9306 5000 9306 4941 9307 5000 9307 4942 9307 4942 9308 5000 9308 5001 9308 4942 9309 5001 9309 4943 9309 4943 9310 5001 9310 4965 9310 4991 9311 47 9311 4992 9311 4992 9312 47 9312 46 9312 4992 9313 46 9313 4993 9313 4993 9314 46 9314 22 9314 4993 9315 22 9315 4994 9315 4994 9316 22 9316 21 9316 4994 9317 21 9317 4995 9317 4995 9318 21 9318 19 9318 4995 9319 19 9319 4996 9319 4996 9319 19 9319 17 9319 4996 9320 17 9320 4997 9320 4997 9321 17 9321 15 9321 4997 9069 15 9069 4998 9069 4998 9069 15 9069 13 9069 4998 9070 13 9070 4999 9070 4999 9071 13 9071 11 9071 4999 9322 11 9322 5000 9322 5000 9323 11 9323 9 9323 5000 9324 9 9324 5001 9324 5001 9325 9 9325 7 9325 5001 9326 7 9326 4965 9326 4965 9327 7 9327 6 9327 4965 9078 6 9078 4966 9078 4966 9079 6 9079 5 9079 4966 9328 5 9328 4967 9328 4967 9328 5 9328 4 9328 4967 9329 4 9329 4968 9329 4968 9329 4 9329 3 9329 4968 9330 3 9330 4969 9330 4969 9330 3 9330 1 9330 4969 9085 1 9085 4970 9085 4970 9085 1 9085 0 9085 4970 9331 0 9331 4971 9331 4971 9332 0 9332 38 9332 4971 9333 38 9333 4972 9333 4972 9334 38 9334 37 9334 4972 9335 37 9335 4973 9335 4973 9336 37 9336 35 9336 4973 9337 35 9337 4974 9337 4974 9337 35 9337 34 9337 4974 9338 34 9338 4975 9338 4975 9338 34 9338 70 9338 4975 9339 70 9339 4976 9339 4976 9340 70 9340 69 9340 4976 9341 69 9341 4977 9341 4977 9342 69 9342 68 9342 4977 9343 68 9343 4978 9343 4978 9344 68 9344 67 9344 4978 9345 67 9345 4979 9345 4979 9346 67 9346 66 9346 4979 9347 66 9347 4980 9347 4980 9347 66 9347 65 9347 4980 9348 65 9348 4981 9348 4981 9348 65 9348 54 9348 4981 9349 54 9349 4982 9349 4982 9350 54 9350 56 9350 4982 9351 56 9351 4983 9351 4983 9352 56 9352 58 9352 4983 9353 58 9353 4984 9353 4984 9354 58 9354 29 9354 4984 9355 29 9355 4985 9355 4985 9355 29 9355 45 9355 4985 9110 45 9110 4986 9110 4986 9110 45 9110 44 9110 4986 9356 44 9356 4987 9356 4987 9356 44 9356 42 9356 4987 9357 42 9357 4988 9357 4988 9358 42 9358 41 9358 4988 9359 41 9359 4989 9359 4989 9360 41 9360 64 9360 4989 9361 64 9361 4990 9361 4990 9362 64 9362 48 9362 4990 9363 48 9363 4991 9363 4991 9364 48 9364 47 9364 4382 9365 4381 9365 5002 9365 4371 9366 4370 9366 5003 9366 4400 9367 5004 9367 4401 9367 4401 9368 5004 9368 5005 9368 4401 9369 5005 9369 4402 9369 4402 9370 5005 9370 5006 9370 4402 9371 5006 9371 4404 9371 4404 9372 5006 9372 5007 9372 4404 9373 5007 9373 4405 9373 4405 9374 5007 9374 5008 9374 4405 9375 5008 9375 4406 9375 4406 9376 5008 9376 4407 9376 4407 9377 5008 9377 5009 9377 4407 9378 5009 9378 4408 9378 4408 9379 5009 9379 4409 9379 4409 9380 5009 9380 5010 9380 4409 9381 5010 9381 4410 9381 4410 9382 5010 9382 4411 9382 4411 9383 5010 9383 5011 9383 4411 9384 5011 9384 4412 9384 4412 9385 5011 9385 4413 9385 4413 9386 5011 9386 5012 9386 4413 9387 5012 9387 4414 9387 4414 9388 5012 9388 4415 9388 4415 9389 5012 9389 5013 9389 4415 9390 5013 9390 4416 9390 4416 9391 5013 9391 4418 9391 4418 9392 5013 9392 5014 9392 4418 9393 5014 9393 4419 9393 4419 9394 5014 9394 4420 9394 4420 9395 5014 9395 5015 9395 4420 9396 5015 9396 4421 9396 4421 9397 5015 9397 4422 9397 4422 9398 5015 9398 5016 9398 4422 9399 5016 9399 4423 9399 4423 9400 5016 9400 4424 9400 4424 9401 5016 9401 5017 9401 4424 9402 5017 9402 4425 9402 4425 9403 5017 9403 4426 9403 4426 9404 5017 9404 5018 9404 4426 9405 5018 9405 4427 9405 4427 9406 5018 9406 4428 9406 4428 9407 5018 9407 5019 9407 4428 9408 5019 9408 4429 9408 4429 9409 5019 9409 4430 9409 4430 9410 5019 9410 5020 9410 4430 9411 5020 9411 4431 9411 4431 9412 5020 9412 4352 9412 4352 9413 5020 9413 5021 9413 4352 9414 5021 9414 4353 9414 4353 9415 5021 9415 5022 9415 4353 9416 5022 9416 4354 9416 4354 9417 5022 9417 4358 9417 4358 9418 5022 9418 5023 9418 4358 9419 5023 9419 4359 9419 4359 9420 5023 9420 4360 9420 4360 9421 5023 9421 5024 9421 4360 9422 5024 9422 4357 9422 4357 9423 5024 9423 4355 9423 4355 9424 5024 9424 5025 9424 4355 9425 5025 9425 4356 9425 4356 9426 5025 9426 4361 9426 4361 9427 5025 9427 5026 9427 4361 9428 5026 9428 4362 9428 4362 9429 5026 9429 4363 9429 4363 9430 5026 9430 5027 9430 4363 9431 5027 9431 4364 9431 5003 9432 4370 9432 5028 9432 4370 9433 4369 9433 5028 9433 5028 9434 4369 9434 4366 9434 5028 9435 4366 9435 5027 9435 5027 9436 4366 9436 4365 9436 5027 9437 4365 9437 4364 9437 5029 9438 5030 9438 4372 9438 4372 9439 4375 9439 5029 9439 5029 9440 4375 9440 4374 9440 5029 9441 4374 9441 5003 9441 5003 9442 4374 9442 4373 9442 5003 9443 4373 9443 4371 9443 5031 9444 5032 9444 4377 9444 4377 9445 4378 9445 5031 9445 5031 9446 4378 9446 4368 9446 5031 9447 4368 9447 5030 9447 5030 9448 4368 9448 4367 9448 5030 9449 4367 9449 4372 9449 5002 9450 4381 9450 5033 9450 4381 9451 4380 9451 5033 9451 5033 9452 4380 9452 4379 9452 5033 9453 4379 9453 5032 9453 5032 9454 4379 9454 4376 9454 5032 9455 4376 9455 4377 9455 4382 9456 5002 9456 4383 9456 4383 9457 5002 9457 5034 9457 4383 9458 5034 9458 4384 9458 4384 9459 5034 9459 5035 9459 4384 9460 5035 9460 4388 9460 4388 9461 5035 9461 4389 9461 4389 9462 5035 9462 5036 9462 4389 9463 5036 9463 4390 9463 5037 9464 4386 9464 5036 9464 5036 9465 4386 9465 4385 9465 5036 9466 4385 9466 4390 9466 5038 9467 4392 9467 5037 9467 5037 9468 4392 9468 4391 9468 5037 9469 4391 9469 4386 9469 4400 9470 4399 9470 5004 9470 5004 9471 4399 9471 4398 9471 5004 9472 4398 9472 5038 9472 5038 9473 4398 9473 4393 9473 5038 9474 4393 9474 4392 9474 5039 9475 538 9475 5040 9475 5040 9476 538 9476 537 9476 5040 9477 537 9477 5041 9477 5041 9478 537 9478 536 9478 5041 9479 536 9479 5042 9479 5042 9480 536 9480 511 9480 5042 9481 511 9481 5043 9481 5043 9482 511 9482 510 9482 5043 9483 510 9483 5044 9483 5044 9484 510 9484 527 9484 5044 9485 527 9485 5045 9485 5045 9485 527 9485 535 9485 5045 9486 535 9486 5046 9486 5046 9487 535 9487 534 9487 5046 9488 534 9488 5047 9488 5047 9489 534 9489 532 9489 5047 9490 532 9490 5048 9490 5048 9491 532 9491 551 9491 5048 9492 551 9492 5049 9492 5049 9493 551 9493 550 9493 5049 9494 550 9494 5050 9494 5050 9495 550 9495 549 9495 5050 9496 549 9496 5051 9496 5051 9497 549 9497 543 9497 5051 9498 543 9498 5052 9498 5052 9499 543 9499 542 9499 5052 9500 542 9500 5053 9500 5053 9501 542 9501 540 9501 5053 9502 540 9502 5054 9502 5054 9503 540 9503 539 9503 5054 9504 539 9504 5055 9504 5055 9505 539 9505 562 9505 5055 9506 562 9506 5056 9506 5056 9506 562 9506 557 9506 5056 9507 557 9507 5057 9507 5057 9508 557 9508 556 9508 5057 9509 556 9509 5058 9509 5058 9510 556 9510 555 9510 5058 9511 555 9511 5059 9511 5059 9511 555 9511 554 9511 5059 9512 554 9512 5060 9512 5060 9513 554 9513 553 9513 5060 9514 553 9514 5061 9514 5061 9515 553 9515 552 9515 5061 9516 552 9516 5062 9516 5062 9517 552 9517 548 9517 5062 9518 548 9518 5063 9518 5063 9519 548 9519 547 9519 5063 9520 547 9520 5064 9520 5064 9521 547 9521 545 9521 5064 9522 545 9522 5065 9522 5065 9523 545 9523 544 9523 5065 9524 544 9524 5066 9524 5066 9525 544 9525 488 9525 5066 9526 488 9526 5067 9526 5067 9526 488 9526 487 9526 5067 9527 487 9527 5068 9527 5068 9528 487 9528 476 9528 5068 9529 476 9529 5069 9529 5069 9530 476 9530 475 9530 5069 9531 475 9531 5070 9531 5070 9531 475 9531 497 9531 5070 9532 497 9532 5071 9532 5071 9532 497 9532 496 9532 5071 9533 496 9533 5072 9533 5072 9534 496 9534 485 9534 5072 9535 485 9535 5073 9535 5073 9535 485 9535 484 9535 5073 9536 484 9536 5074 9536 5074 9537 484 9537 483 9537 5074 9538 483 9538 5075 9538 5075 9538 483 9538 482 9538 5075 9539 482 9539 5039 9539 5039 9540 482 9540 538 9540 5029 9541 5065 9541 5030 9541 5030 9542 5065 9542 5066 9542 5030 9543 5066 9543 5031 9543 5031 9544 5066 9544 5067 9544 5031 9545 5067 9545 5032 9545 5032 9546 5067 9546 5068 9546 5032 9547 5068 9547 5033 9547 5033 9548 5068 9548 5069 9548 5033 9549 5069 9549 5002 9549 5002 9550 5069 9550 5070 9550 5002 9551 5070 9551 5034 9551 5034 9552 5070 9552 5071 9552 5034 9553 5071 9553 5035 9553 5035 9554 5071 9554 5072 9554 5035 9555 5072 9555 5036 9555 5036 9556 5072 9556 5073 9556 5036 9557 5073 9557 5037 9557 5037 9558 5073 9558 5074 9558 5037 9559 5074 9559 5038 9559 5038 9560 5074 9560 5075 9560 5038 9561 5075 9561 5004 9561 5004 9562 5075 9562 5039 9562 5004 9563 5039 9563 5005 9563 5005 9564 5039 9564 5040 9564 5005 9565 5040 9565 5006 9565 5006 9566 5040 9566 5041 9566 5006 9567 5041 9567 5007 9567 5007 9568 5041 9568 5042 9568 5007 9569 5042 9569 5008 9569 5008 9570 5042 9570 5043 9570 5008 9571 5043 9571 5009 9571 5009 9572 5043 9572 5044 9572 5009 9573 5044 9573 5010 9573 5010 9574 5044 9574 5045 9574 5010 9575 5045 9575 5011 9575 5011 9576 5045 9576 5046 9576 5011 9577 5046 9577 5012 9577 5012 9578 5046 9578 5047 9578 5012 9579 5047 9579 5013 9579 5013 9580 5047 9580 5048 9580 5013 9581 5048 9581 5014 9581 5014 9582 5048 9582 5049 9582 5014 9583 5049 9583 5015 9583 5015 9584 5049 9584 5050 9584 5015 9585 5050 9585 5016 9585 5016 9586 5050 9586 5051 9586 5016 9587 5051 9587 5017 9587 5017 9588 5051 9588 5052 9588 5017 9589 5052 9589 5018 9589 5018 9590 5052 9590 5053 9590 5018 9591 5053 9591 5019 9591 5019 9592 5053 9592 5054 9592 5019 9593 5054 9593 5020 9593 5020 9594 5054 9594 5055 9594 5020 9595 5055 9595 5021 9595 5021 9596 5055 9596 5056 9596 5021 9597 5056 9597 5022 9597 5022 9598 5056 9598 5057 9598 5022 9599 5057 9599 5023 9599 5023 9600 5057 9600 5058 9600 5023 9601 5058 9601 5024 9601 5024 9602 5058 9602 5059 9602 5024 9603 5059 9603 5025 9603 5025 9604 5059 9604 5060 9604 5025 9605 5060 9605 5026 9605 5026 9606 5060 9606 5061 9606 5026 9607 5061 9607 5027 9607 5027 9608 5061 9608 5062 9608 5027 9609 5062 9609 5028 9609 5028 9610 5062 9610 5063 9610 5028 9611 5063 9611 5003 9611 5003 9612 5063 9612 5064 9612 5003 9613 5064 9613 5029 9613 5029 9614 5064 9614 5065 9614 4490 9615 5076 9615 4492 9615 4492 9616 5076 9616 5077 9616 4492 9617 5077 9617 4493 9617 4493 9618 5077 9618 5078 9618 4493 9619 5078 9619 4494 9619 4494 9620 5078 9620 4495 9620 4495 9621 5078 9621 5079 9621 4495 9622 5079 9622 4496 9622 4496 9623 5079 9623 4497 9623 4497 9624 5079 9624 5080 9624 4497 9625 5080 9625 4498 9625 4498 9626 5080 9626 4499 9626 4499 9627 5080 9627 5081 9627 4499 9628 5081 9628 4500 9628 4500 9629 5081 9629 4501 9629 4501 9630 5081 9630 5082 9630 4501 9631 5082 9631 4504 9631 4504 9632 5082 9632 4505 9632 4505 9633 5082 9633 5083 9633 4505 9634 5083 9634 4506 9634 4506 9635 5083 9635 4502 9635 4502 9636 5083 9636 5084 9636 4502 9637 5084 9637 4503 9637 5085 9638 4508 9638 5084 9638 5084 9639 4508 9639 4507 9639 5084 9640 4507 9640 4503 9640 4474 9641 4511 9641 5086 9641 5086 9642 4511 9642 4510 9642 5086 9643 4510 9643 5085 9643 5085 9644 4510 9644 4509 9644 5085 9645 4509 9645 4508 9645 4474 9646 5086 9646 4475 9646 4475 9647 5086 9647 5087 9647 4475 9648 5087 9648 4476 9648 5088 9649 4478 9649 5087 9649 5087 9650 4478 9650 4477 9650 5087 9651 4477 9651 4476 9651 4482 9652 4481 9652 5089 9652 5089 9653 4481 9653 4480 9653 5089 9654 4480 9654 5088 9654 5088 9655 4480 9655 4479 9655 5088 9656 4479 9656 4478 9656 4482 9657 5089 9657 4483 9657 4483 9658 5089 9658 5090 9658 4483 9659 5090 9659 4484 9659 4484 9660 5090 9660 4485 9660 4485 9661 5090 9661 5091 9661 4485 9662 5091 9662 4448 9662 4448 9663 5091 9663 4449 9663 4449 9664 5091 9664 5092 9664 4449 9665 5092 9665 4450 9665 4450 9666 5092 9666 5093 9666 4450 9667 5093 9667 4453 9667 4453 9668 5093 9668 4454 9668 4454 9669 5093 9669 5094 9669 4454 9670 5094 9670 4455 9670 4455 9671 5094 9671 4456 9671 4456 9672 5094 9672 5095 9672 4456 9673 5095 9673 4457 9673 4457 9674 5095 9674 4458 9674 4458 9675 5095 9675 5096 9675 4458 9676 5096 9676 4451 9676 4451 9677 5096 9677 5097 9677 4451 9678 5097 9678 4452 9678 5098 9679 5099 9679 4462 9679 4462 9680 4461 9680 5098 9680 5098 9681 4461 9681 4460 9681 5098 9682 4460 9682 5097 9682 5097 9683 4460 9683 4459 9683 5097 9684 4459 9684 4452 9684 5100 9685 5101 9685 4466 9685 4466 9686 4465 9686 5100 9686 5100 9687 4465 9687 4464 9687 5100 9688 4464 9688 5099 9688 5099 9689 4464 9689 4463 9689 5099 9690 4463 9690 4462 9690 5102 9691 5103 9691 4470 9691 4470 9692 4469 9692 5102 9692 5102 9693 4469 9693 4468 9693 5102 9694 4468 9694 5101 9694 5101 9695 4468 9695 4467 9695 5101 9696 4467 9696 4466 9696 5104 9697 5105 9697 4436 9697 4436 9698 4473 9698 5104 9698 5104 9699 4473 9699 4472 9699 5104 9700 4472 9700 5103 9700 5103 9701 4472 9701 4471 9701 5103 9702 4471 9702 4470 9702 4438 9703 4441 9703 5106 9703 5106 9704 4441 9704 4440 9704 5106 9705 4440 9705 5107 9705 5107 9706 4440 9706 4439 9706 5107 9707 4439 9707 5105 9707 5105 9708 4439 9708 4437 9708 5105 9709 4437 9709 4436 9709 4438 9710 5106 9710 4432 9710 4432 9711 5106 9711 5108 9711 4432 9712 5108 9712 4433 9712 4433 9713 5108 9713 5109 9713 4433 9714 5109 9714 4442 9714 5110 9715 4445 9715 5109 9715 5109 9716 4445 9716 4443 9716 5109 9717 4443 9717 4442 9717 4490 9718 4489 9718 5076 9718 5076 9719 4489 9719 4487 9719 5076 9720 4487 9720 5111 9720 5111 9721 4487 9721 4486 9721 5111 9722 4486 9722 5112 9722 5112 9723 4486 9723 4447 9723 5112 9724 4447 9724 5110 9724 5110 9725 4447 9725 4446 9725 5110 9726 4446 9726 4445 9726 5113 9727 491 9727 5114 9727 5114 9728 491 9728 490 9728 5114 9729 490 9729 5115 9729 5115 9729 490 9729 489 9729 5115 9730 489 9730 5116 9730 5116 9731 489 9731 474 9731 5116 9732 474 9732 5117 9732 5117 9733 474 9733 473 9733 5117 9734 473 9734 5118 9734 5118 9735 473 9735 478 9735 5118 9485 478 9485 5119 9485 5119 9485 478 9485 477 9485 5119 9486 477 9486 5120 9486 5120 9486 477 9486 472 9486 5120 9736 472 9736 5121 9736 5121 9737 472 9737 471 9737 5121 9738 471 9738 5122 9738 5122 9739 471 9739 480 9739 5122 9740 480 9740 5123 9740 5123 9740 480 9740 479 9740 5123 9741 479 9741 5124 9741 5124 9742 479 9742 517 9742 5124 9497 517 9497 5125 9497 5125 9496 517 9496 519 9496 5125 9743 519 9743 5126 9743 5126 9744 519 9744 521 9744 5126 9745 521 9745 5127 9745 5127 9746 521 9746 523 9746 5127 9747 523 9747 5128 9747 5128 9748 523 9748 525 9748 5128 9504 525 9504 5129 9504 5129 9749 525 9749 526 9749 5129 9750 526 9750 5130 9750 5130 9750 526 9750 503 9750 5130 9751 503 9751 5131 9751 5131 9751 503 9751 502 9751 5131 9752 502 9752 5132 9752 5132 9753 502 9753 514 9753 5132 9511 514 9511 5133 9511 5133 9511 514 9511 513 9511 5133 9754 513 9754 5134 9754 5134 9755 513 9755 530 9755 5134 9514 530 9514 5135 9514 5135 9756 530 9756 529 9756 5135 9757 529 9757 5136 9757 5136 9758 529 9758 528 9758 5136 9759 528 9759 5137 9759 5137 9760 528 9760 558 9760 5137 9761 558 9761 5138 9761 5138 9762 558 9762 560 9762 5138 9763 560 9763 5139 9763 5139 9763 560 9763 561 9763 5139 9525 561 9525 5140 9525 5140 9524 561 9524 541 9524 5140 9764 541 9764 5141 9764 5141 9765 541 9765 531 9765 5141 9766 531 9766 5142 9766 5142 9766 531 9766 533 9766 5142 9767 533 9767 5143 9767 5143 9768 533 9768 509 9768 5143 9769 509 9769 5144 9769 5144 9769 509 9769 508 9769 5144 9770 508 9770 5145 9770 5145 9770 508 9770 507 9770 5145 9771 507 9771 5146 9771 5146 9771 507 9771 500 9771 5146 9772 500 9772 5147 9772 5147 9773 500 9773 499 9773 5147 9774 499 9774 5148 9774 5148 9775 499 9775 498 9775 5148 9776 498 9776 5149 9776 5149 9777 498 9777 492 9777 5149 9778 492 9778 5113 9778 5113 9779 492 9779 491 9779 5092 9780 5130 9780 5093 9780 5093 9598 5130 9598 5131 9598 5093 9599 5131 9599 5094 9599 5094 9600 5131 9600 5132 9600 5094 9781 5132 9781 5095 9781 5095 9782 5132 9782 5133 9782 5095 9783 5133 9783 5096 9783 5096 9784 5133 9784 5134 9784 5096 9785 5134 9785 5097 9785 5097 9786 5134 9786 5135 9786 5097 9787 5135 9787 5098 9787 5098 9788 5135 9788 5136 9788 5098 9789 5136 9789 5099 9789 5099 9790 5136 9790 5137 9790 5099 9791 5137 9791 5100 9791 5100 9792 5137 9792 5138 9792 5100 9793 5138 9793 5101 9793 5101 9794 5138 9794 5139 9794 5101 9795 5139 9795 5102 9795 5102 9796 5139 9796 5140 9796 5102 9797 5140 9797 5103 9797 5103 9798 5140 9798 5141 9798 5103 9799 5141 9799 5104 9799 5104 9800 5141 9800 5142 9800 5104 9801 5142 9801 5105 9801 5105 9802 5142 9802 5143 9802 5105 9803 5143 9803 5107 9803 5107 9804 5143 9804 5144 9804 5107 9805 5144 9805 5106 9805 5106 9806 5144 9806 5145 9806 5106 9807 5145 9807 5108 9807 5108 9808 5145 9808 5146 9808 5108 9809 5146 9809 5109 9809 5109 9810 5146 9810 5147 9810 5109 9811 5147 9811 5110 9811 5110 9812 5147 9812 5148 9812 5110 9813 5148 9813 5112 9813 5112 9814 5148 9814 5149 9814 5112 9815 5149 9815 5111 9815 5111 9816 5149 9816 5113 9816 5111 9817 5113 9817 5076 9817 5076 9818 5113 9818 5114 9818 5076 9819 5114 9819 5077 9819 5077 9820 5114 9820 5115 9820 5077 9821 5115 9821 5078 9821 5078 9822 5115 9822 5116 9822 5078 9823 5116 9823 5079 9823 5079 9824 5116 9824 5117 9824 5079 9825 5117 9825 5080 9825 5080 9826 5117 9826 5118 9826 5080 9827 5118 9827 5081 9827 5081 9828 5118 9828 5119 9828 5081 9829 5119 9829 5082 9829 5082 9576 5119 9576 5120 9576 5082 9577 5120 9577 5083 9577 5083 9578 5120 9578 5121 9578 5083 9830 5121 9830 5084 9830 5084 9831 5121 9831 5122 9831 5084 9832 5122 9832 5085 9832 5085 9833 5122 9833 5123 9833 5085 9834 5123 9834 5086 9834 5086 9835 5123 9835 5124 9835 5086 9836 5124 9836 5087 9836 5087 9837 5124 9837 5125 9837 5087 9838 5125 9838 5088 9838 5088 9839 5125 9839 5126 9839 5088 9840 5126 9840 5089 9840 5089 9841 5126 9841 5127 9841 5089 9842 5127 9842 5090 9842 5090 9843 5127 9843 5128 9843 5090 9844 5128 9844 5091 9844 5091 9594 5128 9594 5129 9594 5091 9845 5129 9845 5092 9845 5092 9846 5129 9846 5130 9846 5150 8352 5151 8352 5152 8352 5152 8352 5151 8352 5153 8352 5154 8318 5155 8318 5156 8318 5156 8318 5155 8318 5157 8318 5157 8319 5155 8319 5158 8319 5157 8320 5158 8320 5159 8320 5159 8321 5158 8321 5160 8321 5159 8322 5160 8322 5161 8322 5161 8323 5160 8323 5162 8323 5161 8324 5162 8324 5163 8324 5163 8325 5162 8325 5164 8325 5163 8326 5164 8326 5165 8326 5165 8327 5164 8327 5166 8327 5165 8328 5166 8328 5167 8328 5167 8329 5166 8329 5168 8329 5167 8329 5168 8329 5169 8329 5169 8330 5168 8330 5170 8330 5169 8331 5170 8331 5171 8331 5171 8332 5170 8332 5172 8332 5171 8333 5172 8333 5173 8333 5173 8334 5172 8334 5174 8334 5173 8335 5174 8335 5175 8335 5175 8211 5174 8211 5176 8211 5175 8211 5176 8211 5177 8211 5177 8336 5176 8336 5178 8336 5177 8337 5178 8337 5179 8337 5179 8338 5178 8338 5180 8338 5179 8339 5180 8339 5181 8339 5181 8340 5180 8340 5182 8340 5181 8341 5182 8341 5183 8341 5183 8342 5182 8342 5184 8342 5183 8342 5184 8342 5185 8342 5185 8343 5184 8343 5186 8343 5185 8344 5186 8344 5187 8344 5187 8345 5186 8345 5188 8345 5187 8346 5188 8346 5189 8346 5189 8347 5188 8347 5190 8347 5189 8348 5190 8348 5191 8348 5191 8349 5190 8349 5192 8349 5191 8350 5192 8350 5193 8350 5193 8351 5192 8351 5153 8351 5193 8351 5153 8351 5151 8351 5194 9847 5150 9847 5195 9847 5195 9848 5150 9848 5156 9848 5195 9849 5156 9849 5196 9849 5196 8363 5156 8363 5197 8363 5194 8356 5198 8356 5150 8356 5150 8357 5198 8357 5199 8357 5150 8358 5199 8358 5200 8358 5201 8354 5202 8354 5156 8354 5156 8355 5202 8355 5203 8355 5156 8362 5203 8362 5197 8362 5200 8370 5204 8370 5150 8370 5150 8369 5204 8369 5205 8369 5150 8368 5205 8368 5151 8368 5151 8367 5205 8367 5206 8367 5207 8409 5157 8409 5208 8409 5208 8408 5157 8408 5159 8408 5208 8407 5159 8407 5209 8407 5209 8406 5159 8406 5161 8406 5209 8405 5161 8405 5210 8405 5210 8404 5161 8404 5163 8404 5210 9850 5163 9850 5211 9850 5211 9851 5163 9851 5165 9851 5211 9852 5165 9852 5212 9852 5212 8400 5165 8400 5167 8400 5212 8399 5167 8399 5213 8399 5213 8398 5167 8398 5169 8398 5213 8397 5169 8397 5214 8397 5214 8396 5169 8396 5171 8396 5214 8395 5171 8395 5215 8395 5215 8394 5171 8394 5173 8394 5215 8393 5173 8393 5216 8393 5216 8392 5173 8392 5175 8392 5216 8391 5175 8391 5217 8391 5217 8391 5175 8391 5177 8391 5217 8390 5177 8390 5218 8390 5218 8389 5177 8389 5179 8389 5218 8388 5179 8388 5219 8388 5219 8387 5179 8387 5181 8387 5219 8386 5181 8386 5220 8386 5220 8385 5181 8385 5183 8385 5220 8384 5183 8384 5221 8384 5221 8383 5183 8383 5185 8383 5221 9853 5185 9853 5222 9853 5222 9854 5185 9854 5187 9854 5222 9855 5187 9855 5223 9855 5223 8379 5187 8379 5189 8379 5223 8378 5189 8378 5224 8378 5224 8377 5189 8377 5191 8377 5224 8376 5191 8376 5225 8376 5225 8375 5191 8375 5193 8375 5225 8374 5193 8374 5226 8374 5226 8373 5193 8373 5151 8373 5226 8372 5151 8372 5227 8372 5227 8371 5151 8371 5206 8371 5207 8410 5228 8410 5157 8410 5157 8353 5228 8353 5229 8353 5157 8359 5229 8359 5156 8359 5156 8360 5229 8360 5230 8360 5156 8361 5230 8361 5201 8361 4584 8411 837 8411 5154 8411 5154 8411 837 8411 5152 8411 5231 8469 5232 8469 5152 8469 5152 8415 5232 8415 5233 8415 5152 8414 5233 8414 5234 8414 5234 8416 5235 8416 5152 8416 5152 8417 5235 8417 5236 8417 5152 9856 5236 9856 5154 9856 5154 9857 5236 9857 5237 9857 5154 9858 5237 9858 5238 9858 5238 8419 5239 8419 5154 8419 5154 8420 5239 8420 5240 8420 5154 8421 5240 8421 5241 8421 5231 8468 5152 8468 5242 8468 5242 8467 5152 8467 5153 8467 5242 8466 5153 8466 5243 8466 5241 8460 5244 8460 5154 8460 5154 8461 5244 8461 5245 8461 5154 8462 5245 8462 5155 8462 5155 8463 5245 8463 5246 8463 5246 8464 5247 8464 5155 8464 5155 8459 5247 8459 5248 8459 5155 8458 5248 8458 5158 8458 5158 8457 5248 8457 5249 8457 5158 8456 5249 8456 5160 8456 5160 8455 5249 8455 5250 8455 5160 8454 5250 8454 5162 8454 5162 8453 5250 8453 5251 8453 5162 8452 5251 8452 5164 8452 5164 9859 5251 9859 5252 9859 5164 9860 5252 9860 5166 9860 5166 9861 5252 9861 5253 9861 5166 8448 5253 8448 5168 8448 5168 8447 5253 8447 5254 8447 5168 8446 5254 8446 5170 8446 5170 8445 5254 8445 5255 8445 5170 8444 5255 8444 5172 8444 5172 8443 5255 8443 5256 8443 5172 8442 5256 8442 5174 8442 5174 8441 5256 8441 5257 8441 5174 8440 5257 8440 5176 8440 5176 8440 5257 8440 5258 8440 5176 8439 5258 8439 5178 8439 5178 8438 5258 8438 5259 8438 5178 8437 5259 8437 5180 8437 5180 8436 5259 8436 5260 8436 5180 8435 5260 8435 5182 8435 5182 8434 5260 8434 5261 8434 5182 8433 5261 8433 5184 8433 5184 8432 5261 8432 5262 8432 5184 8431 5262 8431 5186 8431 5186 9862 5262 9862 5263 9862 5186 9863 5263 9863 5188 9863 5188 9864 5263 9864 5264 9864 5188 8427 5264 8427 5190 8427 5190 8426 5264 8426 5265 8426 5190 8425 5265 8425 5192 8425 5192 8424 5265 8424 5266 8424 5192 8423 5266 8423 5153 8423 5153 8422 5266 8422 5267 8422 5153 8465 5267 8465 5243 8465 5237 9865 5195 9865 5238 9865 5238 9866 5195 9866 5196 9866 5238 9867 5196 9867 5239 9867 5239 9867 5196 9867 5197 9867 5239 9868 5197 9868 5240 9868 5240 9869 5197 9869 5203 9869 5240 9870 5203 9870 5241 9870 5241 9870 5203 9870 5202 9870 5241 9871 5202 9871 5244 9871 5244 9871 5202 9871 5201 9871 5244 9872 5201 9872 5245 9872 5245 9873 5201 9873 5230 9873 5245 9874 5230 9874 5246 9874 5246 9874 5230 9874 5229 9874 5246 9875 5229 9875 5247 9875 5247 9876 5229 9876 5228 9876 5247 9877 5228 9877 5248 9877 5248 9878 5228 9878 5207 9878 5248 9879 5207 9879 5249 9879 5249 9879 5207 9879 5208 9879 5249 9880 5208 9880 5250 9880 5250 9881 5208 9881 5209 9881 5250 9882 5209 9882 5251 9882 5251 9883 5209 9883 5210 9883 5251 9884 5210 9884 5252 9884 5252 9885 5210 9885 5211 9885 5252 9886 5211 9886 5253 9886 5253 9887 5211 9887 5212 9887 5253 9888 5212 9888 5254 9888 5254 9889 5212 9889 5213 9889 5254 9890 5213 9890 5255 9890 5255 9891 5213 9891 5214 9891 5255 9892 5214 9892 5256 9892 5256 9893 5214 9893 5215 9893 5256 9894 5215 9894 5257 9894 5257 9895 5215 9895 5216 9895 5257 8239 5216 8239 5258 8239 5258 8239 5216 8239 5217 8239 5258 9896 5217 9896 5259 9896 5259 9897 5217 9897 5218 9897 5259 9898 5218 9898 5260 9898 5260 9899 5218 9899 5219 9899 5260 9900 5219 9900 5261 9900 5261 9901 5219 9901 5220 9901 5261 9902 5220 9902 5262 9902 5262 9903 5220 9903 5221 9903 5262 9904 5221 9904 5263 9904 5263 9905 5221 9905 5222 9905 5263 9906 5222 9906 5264 9906 5264 9907 5222 9907 5223 9907 5264 9908 5223 9908 5265 9908 5265 9909 5223 9909 5224 9909 5265 9910 5224 9910 5266 9910 5266 9911 5224 9911 5225 9911 5266 9912 5225 9912 5267 9912 5267 9912 5225 9912 5226 9912 5267 9913 5226 9913 5243 9913 5243 9914 5226 9914 5227 9914 5243 9915 5227 9915 5242 9915 5242 9916 5227 9916 5206 9916 5242 9917 5206 9917 5231 9917 5231 9917 5206 9917 5205 9917 5231 9918 5205 9918 5232 9918 5232 9919 5205 9919 5204 9919 5232 9920 5204 9920 5233 9920 5233 9920 5204 9920 5200 9920 5233 9921 5200 9921 5234 9921 5234 9921 5200 9921 5199 9921 5234 9922 5199 9922 5235 9922 5235 9923 5199 9923 5198 9923 5235 9924 5198 9924 5236 9924 5236 9924 5198 9924 5194 9924 5236 9925 5194 9925 5237 9925 5237 9926 5194 9926 5195 9926 4669 9927 4644 9927 4670 9927 4670 9928 4644 9928 4643 9928 4670 9867 4643 9867 4676 9867 4676 9867 4643 9867 4642 9867 4676 9868 4642 9868 4677 9868 4677 9869 4642 9869 4636 9869 4677 9870 4636 9870 4678 9870 4678 9870 4636 9870 4635 9870 4678 9871 4635 9871 4700 9871 4700 9871 4635 9871 4634 9871 4700 9872 4634 9872 4701 9872 4701 9873 4634 9873 4641 9873 4701 9874 4641 9874 4702 9874 4702 9874 4641 9874 4633 9874 4702 9875 4633 9875 4699 9875 4699 9876 4633 9876 4632 9876 4699 9877 4632 9877 4698 9877 4698 9878 4632 9878 4668 9878 4698 9879 4668 9879 4697 9879 4697 9879 4668 9879 4667 9879 4697 9880 4667 9880 4696 9880 4696 9881 4667 9881 4666 9881 4696 9882 4666 9882 4695 9882 4695 9883 4666 9883 4665 9883 4695 9929 4665 9929 4694 9929 4694 9930 4665 9930 4664 9930 4694 9931 4664 9931 4693 9931 4693 9932 4664 9932 4663 9932 4693 9888 4663 9888 4692 9888 4692 9889 4663 9889 4662 9889 4692 9890 4662 9890 4691 9890 4691 9891 4662 9891 4661 9891 4691 9892 4661 9892 4690 9892 4690 9893 4661 9893 4660 9893 4690 9894 4660 9894 4689 9894 4689 9895 4660 9895 4659 9895 4689 8239 4659 8239 4688 8239 4688 8239 4659 8239 4658 8239 4688 9896 4658 9896 4687 9896 4687 9897 4658 9897 4657 9897 4687 9898 4657 9898 4686 9898 4686 9899 4657 9899 4656 9899 4686 9900 4656 9900 4685 9900 4685 9901 4656 9901 4655 9901 4685 9902 4655 9902 4684 9902 4684 9903 4655 9903 4654 9903 4684 9933 4654 9933 4683 9933 4683 9934 4654 9934 4653 9934 4683 9935 4653 9935 4682 9935 4682 9936 4653 9936 4652 9936 4682 9908 4652 9908 4681 9908 4681 9909 4652 9909 4651 9909 4681 9910 4651 9910 4680 9910 4680 9911 4651 9911 4650 9911 4680 9912 4650 9912 4679 9912 4679 9912 4650 9912 4649 9912 4679 9913 4649 9913 4703 9913 4703 9914 4649 9914 4648 9914 4703 9915 4648 9915 4704 9915 4704 9916 4648 9916 4645 9916 4704 9917 4645 9917 4705 9917 4705 9917 4645 9917 4646 9917 4705 9918 4646 9918 4673 9918 4673 9919 4646 9919 4647 9919 4673 9920 4647 9920 4672 9920 4672 9920 4647 9920 4640 9920 4672 9921 4640 9921 4671 9921 4671 9921 4640 9921 4639 9921 4671 9922 4639 9922 4674 9922 4674 9923 4639 9923 4638 9923 4674 9924 4638 9924 4675 9924 4675 9924 4638 9924 4637 9924 4675 9937 4637 9937 4669 9937 4669 9938 4637 9938 4644 9938 4590 9939 4582 9939 4588 9939 4588 9940 4582 9940 4583 9940 4630 9941 4585 9941 4590 9941 4590 9941 4585 9941 4582 9941 4631 9942 4587 9942 4630 9942 4630 9943 4587 9943 4585 9943 836 9944 5150 9944 837 9944 837 9945 5150 9945 5152 9945 4586 9941 5156 9941 836 9941 836 9941 5156 9941 5150 9941 4584 9946 5154 9946 4586 9946 4586 9947 5154 9947 5156 9947 5268 9948 4802 9948 5269 9948 5269 9949 4802 9949 4799 9949 5269 9950 4799 9950 5270 9950 5270 9950 4799 9950 4835 9950 5270 9951 4835 9951 5271 9951 5271 9952 4835 9952 4834 9952 5271 9953 4834 9953 5272 9953 5272 9954 4834 9954 4833 9954 5272 9955 4833 9955 5273 9955 5273 9956 4833 9956 4832 9956 5273 9957 4832 9957 5274 9957 5274 9958 4832 9958 4831 9958 5274 9959 4831 9959 5275 9959 5275 9960 4831 9960 4840 9960 5275 9961 4840 9961 5276 9961 5276 9962 4840 9962 4839 9962 5276 9963 4839 9963 5277 9963 5277 9963 4839 9963 4838 9963 5277 9964 4838 9964 5278 9964 5278 9964 4838 9964 4853 9964 5278 9965 4853 9965 5279 9965 5279 9965 4853 9965 4852 9965 5279 9966 4852 9966 5280 9966 5280 9967 4852 9967 4851 9967 5280 9968 4851 9968 5281 9968 5281 9969 4851 9969 4850 9969 5281 9970 4850 9970 5282 9970 5282 9970 4850 9970 4849 9970 5282 9971 4849 9971 5283 9971 5283 9972 4849 9972 4848 9972 5283 9973 4848 9973 5284 9973 5284 9973 4848 9973 4830 9973 5284 9974 4830 9974 5285 9974 5285 9974 4830 9974 4829 9974 5285 9975 4829 9975 5286 9975 5286 9976 4829 9976 4828 9976 5286 9977 4828 9977 5287 9977 5287 9977 4828 9977 4821 9977 5287 9978 4821 9978 5288 9978 5288 9979 4821 9979 4820 9979 5288 9980 4820 9980 5289 9980 5289 9980 4820 9980 4819 9980 5289 9981 4819 9981 5290 9981 5290 9981 4819 9981 4798 9981 5290 9982 4798 9982 5291 9982 5291 9983 4798 9983 4797 9983 5291 9984 4797 9984 5292 9984 5292 9984 4797 9984 4796 9984 5292 9985 4796 9985 5293 9985 5293 9986 4796 9986 4782 9986 5293 9987 4782 9987 5294 9987 5294 9988 4782 9988 4784 9988 5294 9989 4784 9989 5295 9989 5295 9989 4784 9989 4843 9989 5295 9990 4843 9990 5296 9990 5296 9990 4843 9990 4844 9990 5296 9991 4844 9991 5297 9991 5297 9991 4844 9991 4845 9991 5297 9992 4845 9992 5298 9992 5298 9993 4845 9993 4846 9993 5298 9994 4846 9994 5299 9994 5299 9995 4846 9995 4847 9995 5299 9996 4847 9996 5300 9996 5300 9997 4847 9997 4803 9997 5300 9998 4803 9998 5301 9998 5301 9999 4803 9999 4804 9999 5301 10000 4804 10000 5302 10000 5302 10001 4804 10001 4805 10001 5302 10002 4805 10002 5303 10002 5303 10003 4805 10003 4800 10003 5303 10004 4800 10004 5304 10004 5304 10004 4800 10004 4801 10004 5304 10005 4801 10005 5268 10005 5268 10006 4801 10006 4802 10006 5268 10007 5269 10007 5305 10007 5302 10008 5303 10008 5305 10008 5305 10009 5303 10009 5304 10009 5305 10010 5304 10010 5268 10010 5299 10011 5300 10011 5305 10011 5305 10012 5300 10012 5301 10012 5305 10013 5301 10013 5302 10013 5296 10014 5297 10014 5305 10014 5305 10015 5297 10015 5298 10015 5305 10016 5298 10016 5299 10016 5293 10017 5294 10017 5305 10017 5305 10018 5294 10018 5295 10018 5305 10019 5295 10019 5296 10019 5290 10020 5291 10020 5305 10020 5305 10021 5291 10021 5292 10021 5305 10022 5292 10022 5293 10022 5287 10023 5288 10023 5305 10023 5305 10024 5288 10024 5289 10024 5305 10025 5289 10025 5290 10025 5284 10026 5285 10026 5305 10026 5305 10027 5285 10027 5286 10027 5305 10028 5286 10028 5287 10028 5281 10029 5282 10029 5305 10029 5305 10030 5282 10030 5283 10030 5305 10031 5283 10031 5284 10031 5278 10032 5279 10032 5305 10032 5305 10033 5279 10033 5280 10033 5305 10034 5280 10034 5281 10034 5275 10035 5276 10035 5305 10035 5305 10036 5276 10036 5277 10036 5305 10037 5277 10037 5278 10037 5272 10038 5273 10038 5305 10038 5305 10039 5273 10039 5274 10039 5305 10040 5274 10040 5275 10040 5269 10041 5270 10041 5305 10041 5305 10042 5270 10042 5271 10042 5305 10043 5271 10043 5272 10043 5306 10044 4842 10044 5307 10044 5307 10044 4842 10044 4841 10044 5307 10045 4841 10045 5308 10045 5308 10045 4841 10045 4783 10045 5308 10046 4783 10046 5309 10046 5309 10047 4783 10047 4781 10047 5309 10048 4781 10048 5310 10048 5310 10049 4781 10049 4767 10049 5310 10050 4767 10050 5311 10050 5311 10051 4767 10051 4766 10051 5311 10052 4766 10052 5312 10052 5312 10053 4766 10053 4742 10053 5312 10054 4742 10054 5313 10054 5313 10055 4742 10055 4741 10055 5313 10056 4741 10056 5314 10056 5314 10056 4741 10056 4795 10056 5314 10057 4795 10057 5315 10057 5315 10057 4795 10057 4794 10057 5315 10058 4794 10058 5316 10058 5316 10058 4794 10058 4793 10058 5316 10059 4793 10059 5317 10059 5317 10060 4793 10060 4792 10060 5317 10061 4792 10061 5318 10061 5318 10062 4792 10062 4791 10062 5318 10063 4791 10063 5319 10063 5319 10064 4791 10064 4780 10064 5319 10065 4780 10065 5320 10065 5320 10065 4780 10065 4779 10065 5320 10066 4779 10066 5321 10066 5321 10067 4779 10067 4778 10067 5321 10068 4778 10068 5322 10068 5322 10068 4778 10068 4760 10068 5322 10069 4760 10069 5323 10069 5323 10069 4760 10069 4761 10069 5323 10070 4761 10070 5324 10070 5324 10070 4761 10070 4763 10070 5324 10071 4763 10071 5325 10071 5325 10071 4763 10071 4810 10071 5325 10072 4810 10072 5326 10072 5326 10072 4810 10072 4743 10072 5326 10073 4743 10073 5327 10073 5327 10073 4743 10073 4744 10073 5327 10074 4744 10074 5328 10074 5328 10074 4744 10074 4745 10074 5328 10075 4745 10075 5329 10075 5329 10076 4745 10076 4827 10076 5329 10077 4827 10077 5330 10077 5330 10077 4827 10077 4826 10077 5330 10078 4826 10078 5331 10078 5331 10079 4826 10079 4825 10079 5331 10080 4825 10080 5332 10080 5332 10081 4825 10081 4786 10081 5332 10082 4786 10082 5333 10082 5333 10083 4786 10083 4824 10083 5333 10084 4824 10084 5334 10084 5334 10084 4824 10084 4823 10084 5334 10085 4823 10085 5335 10085 5335 10085 4823 10085 4822 10085 5335 10086 4822 10086 5336 10086 5336 10086 4822 10086 4809 10086 5336 10087 4809 10087 5337 10087 5337 10088 4809 10088 4808 10088 5337 10089 4808 10089 5338 10089 5338 10090 4808 10090 4785 10090 5338 10091 4785 10091 5339 10091 5339 10092 4785 10092 4806 10092 5339 10093 4806 10093 5340 10093 5340 10094 4806 10094 4807 10094 5340 10095 4807 10095 5341 10095 5341 10096 4807 10096 4837 10096 5341 10097 4837 10097 5342 10097 5342 10097 4837 10097 4836 10097 5342 10098 4836 10098 5306 10098 5306 10098 4836 10098 4842 10098 5306 10099 5307 10099 5343 10099 5340 10100 5341 10100 5343 10100 5343 10101 5341 10101 5342 10101 5343 10102 5342 10102 5306 10102 5337 10103 5338 10103 5343 10103 5343 10104 5338 10104 5339 10104 5343 10105 5339 10105 5340 10105 5334 10106 5335 10106 5343 10106 5343 10107 5335 10107 5336 10107 5343 10108 5336 10108 5337 10108 5331 10109 5332 10109 5343 10109 5343 10110 5332 10110 5333 10110 5343 10111 5333 10111 5334 10111 5328 10112 5329 10112 5343 10112 5343 10113 5329 10113 5330 10113 5343 10114 5330 10114 5331 10114 5325 10115 5326 10115 5343 10115 5343 10116 5326 10116 5327 10116 5343 10117 5327 10117 5328 10117 5322 10118 5323 10118 5343 10118 5343 10119 5323 10119 5324 10119 5343 10120 5324 10120 5325 10120 5319 10121 5320 10121 5343 10121 5343 10122 5320 10122 5321 10122 5343 10123 5321 10123 5322 10123 5316 10124 5317 10124 5343 10124 5343 10125 5317 10125 5318 10125 5343 10126 5318 10126 5319 10126 5313 10127 5314 10127 5343 10127 5343 10128 5314 10128 5315 10128 5343 10129 5315 10129 5316 10129 5310 10130 5311 10130 5343 10130 5343 10131 5311 10131 5312 10131 5343 10132 5312 10132 5313 10132 5307 10133 5308 10133 5343 10133 5343 10134 5308 10134 5309 10134 5343 10135 5309 10135 5310 10135 5344 10136 4731 10136 5345 10136 5345 10136 4731 10136 4733 10136 5345 10045 4733 10045 5346 10045 5346 10045 4733 10045 4813 10045 5346 10137 4813 10137 5347 10137 5347 10138 4813 10138 4814 10138 5347 10139 4814 10139 5348 10139 5348 10140 4814 10140 4815 10140 5348 10050 4815 10050 5349 10050 5349 10051 4815 10051 4816 10051 5349 10141 4816 10141 5350 10141 5350 10142 4816 10142 4817 10142 5350 10143 4817 10143 5351 10143 5351 10144 4817 10144 4818 10144 5351 10056 4818 10056 5352 10056 5352 10056 4818 10056 4772 10056 5352 10057 4772 10057 5353 10057 5353 10057 4772 10057 4771 10057 5353 10058 4771 10058 5354 10058 5354 10058 4771 10058 4727 10058 5354 10059 4727 10059 5355 10059 5355 10060 4727 10060 4750 10060 5355 10061 4750 10061 5356 10061 5356 10062 4750 10062 4749 10062 5356 10145 4749 10145 5357 10145 5357 10146 4749 10146 4748 10146 5357 10147 4748 10147 5358 10147 5358 10147 4748 10147 4747 10147 5358 10066 4747 10066 5359 10066 5359 10067 4747 10067 4746 10067 5359 10068 4746 10068 5360 10068 5360 10068 4746 10068 4726 10068 5360 10069 4726 10069 5361 10069 5361 10069 4726 10069 4725 10069 5361 10070 4725 10070 5362 10070 5362 10070 4725 10070 4724 10070 5362 10071 4724 10071 5363 10071 5363 10071 4724 10071 4723 10071 5363 10072 4723 10072 5364 10072 5364 10072 4723 10072 4718 10072 5364 10073 4718 10073 5365 10073 5365 10073 4718 10073 4717 10073 5365 10074 4717 10074 5366 10074 5366 10074 4717 10074 4716 10074 5366 10075 4716 10075 5367 10075 5367 10076 4716 10076 4722 10076 5367 10148 4722 10148 5368 10148 5368 10148 4722 10148 4715 10148 5368 10149 4715 10149 5369 10149 5369 10150 4715 10150 4714 10150 5369 10080 4714 10080 5370 10080 5370 10081 4714 10081 4811 10081 5370 10082 4811 10082 5371 10082 5371 10083 4811 10083 4708 10083 5371 10084 4708 10084 5372 10084 5372 10084 4708 10084 4770 10084 5372 10085 4770 10085 5373 10085 5373 10085 4770 10085 4769 10085 5373 10086 4769 10086 5374 10086 5374 10086 4769 10086 4768 10086 5374 10151 4768 10151 5375 10151 5375 10152 4768 10152 4765 10152 5375 10153 4765 10153 5376 10153 5376 10154 4765 10154 4764 10154 5376 10091 4764 10091 5377 10091 5377 10092 4764 10092 4762 10092 5377 10155 4762 10155 5378 10155 5378 10156 4762 10156 4707 10156 5378 10157 4707 10157 5379 10157 5379 10158 4707 10158 4706 10158 5379 10097 4706 10097 5380 10097 5380 10097 4706 10097 4713 10097 5380 10159 4713 10159 5344 10159 5344 10159 4713 10159 4731 10159 5344 10160 5345 10160 5381 10160 5378 10161 5379 10161 5381 10161 5381 10162 5379 10162 5380 10162 5381 10163 5380 10163 5344 10163 5375 10164 5376 10164 5381 10164 5381 10165 5376 10165 5377 10165 5381 10166 5377 10166 5378 10166 5372 10167 5373 10167 5381 10167 5381 10168 5373 10168 5374 10168 5381 10169 5374 10169 5375 10169 5369 10170 5370 10170 5381 10170 5381 10171 5370 10171 5371 10171 5381 10172 5371 10172 5372 10172 5366 10173 5367 10173 5381 10173 5381 10174 5367 10174 5368 10174 5381 10175 5368 10175 5369 10175 5363 10176 5364 10176 5381 10176 5381 10177 5364 10177 5365 10177 5381 10178 5365 10178 5366 10178 5360 10179 5361 10179 5381 10179 5381 10180 5361 10180 5362 10180 5381 10120 5362 10120 5363 10120 5357 10181 5358 10181 5381 10181 5381 10182 5358 10182 5359 10182 5381 10183 5359 10183 5360 10183 5354 10184 5355 10184 5381 10184 5381 10185 5355 10185 5356 10185 5381 10186 5356 10186 5357 10186 5351 10187 5352 10187 5381 10187 5381 10188 5352 10188 5353 10188 5381 10189 5353 10189 5354 10189 5348 10190 5349 10190 5381 10190 5381 10191 5349 10191 5350 10191 5381 10192 5350 10192 5351 10192 5345 10193 5346 10193 5381 10193 5381 10194 5346 10194 5347 10194 5381 10195 5347 10195 5348 10195 5382 10196 4740 10196 5383 10196 5383 10197 4740 10197 4739 10197 5383 9950 4739 9950 5384 9950 5384 9950 4739 9950 4759 9950 5384 10198 4759 10198 5385 10198 5385 10199 4759 10199 4790 10199 5385 10200 4790 10200 5386 10200 5386 10201 4790 10201 4789 10201 5386 9955 4789 9955 5387 9955 5387 9956 4789 9956 4788 9956 5387 10202 4788 10202 5388 10202 5388 10203 4788 10203 4787 10203 5388 10204 4787 10204 5389 10204 5389 10205 4787 10205 4758 10205 5389 9961 4758 9961 5390 9961 5390 9962 4758 9962 4757 9962 5390 9963 4757 9963 5391 9963 5391 9963 4757 9963 4756 9963 5391 9964 4756 9964 5392 9964 5392 9964 4756 9964 4755 9964 5392 9965 4755 9965 5393 9965 5393 9965 4755 9965 4754 9965 5393 9966 4754 9966 5394 9966 5394 9967 4754 9967 4753 9967 5394 10206 4753 10206 5395 10206 5395 10207 4753 10207 4752 10207 5395 10208 4752 10208 5396 10208 5396 10208 4752 10208 4751 10208 5396 9971 4751 9971 5397 9971 5397 9972 4751 9972 4812 9972 5397 9973 4812 9973 5398 9973 5398 9973 4812 9973 4736 9973 5398 9974 4736 9974 5399 9974 5399 9974 4736 9974 4737 9974 5399 9975 4737 9975 5400 9975 5400 9976 4737 9976 4738 9976 5400 9977 4738 9977 5401 9977 5401 9977 4738 9977 4777 9977 5401 9978 4777 9978 5402 9978 5402 9979 4777 9979 4776 9979 5402 9980 4776 9980 5403 9980 5403 9980 4776 9980 4775 9980 5403 9981 4775 9981 5404 9981 5404 9981 4775 9981 4774 9981 5404 9982 4774 9982 5405 9982 5405 9983 4774 9983 4773 9983 5405 10209 4773 10209 5406 10209 5406 10209 4773 10209 4735 10209 5406 10210 4735 10210 5407 10210 5407 10211 4735 10211 4734 10211 5407 9987 4734 9987 5408 9987 5408 9988 4734 9988 4732 9988 5408 9989 4732 9989 5409 9989 5409 9989 4732 9989 4730 9989 5409 9990 4730 9990 5410 9990 5410 9990 4730 9990 4729 9990 5410 9991 4729 9991 5411 9991 5411 9991 4729 9991 4728 9991 5411 9992 4728 9992 5412 9992 5412 9993 4728 9993 4709 9993 5412 10212 4709 10212 5413 10212 5413 10213 4709 10213 4710 10213 5413 10214 4710 10214 5414 10214 5414 10215 4710 10215 4711 10215 5414 9998 4711 9998 5415 9998 5415 9999 4711 9999 4712 9999 5415 10216 4712 10216 5416 10216 5416 10217 4712 10217 4721 10217 5416 10218 4721 10218 5417 10218 5417 10219 4721 10219 4719 10219 5417 10004 4719 10004 5418 10004 5418 10004 4719 10004 4720 10004 5418 10220 4720 10220 5382 10220 5382 10221 4720 10221 4740 10221 5382 10222 5383 10222 5419 10222 5416 10223 5417 10223 5419 10223 5419 10224 5417 10224 5418 10224 5419 10225 5418 10225 5382 10225 5413 10226 5414 10226 5419 10226 5419 10227 5414 10227 5415 10227 5419 10228 5415 10228 5416 10228 5410 10229 5411 10229 5419 10229 5419 10230 5411 10230 5412 10230 5419 10231 5412 10231 5413 10231 5407 10232 5408 10232 5419 10232 5419 10233 5408 10233 5409 10233 5419 10234 5409 10234 5410 10234 5404 10235 5405 10235 5419 10235 5419 10236 5405 10236 5406 10236 5419 10237 5406 10237 5407 10237 5401 10238 5402 10238 5419 10238 5419 10239 5402 10239 5403 10239 5419 10240 5403 10240 5404 10240 5398 10241 5399 10241 5419 10241 5419 10242 5399 10242 5400 10242 5419 10028 5400 10028 5401 10028 5395 10243 5396 10243 5419 10243 5419 10244 5396 10244 5397 10244 5419 10245 5397 10245 5398 10245 5392 10246 5393 10246 5419 10246 5419 10247 5393 10247 5394 10247 5419 10248 5394 10248 5395 10248 5389 10249 5390 10249 5419 10249 5419 10250 5390 10250 5391 10250 5419 10251 5391 10251 5392 10251 5386 10252 5387 10252 5419 10252 5419 10253 5387 10253 5388 10253 5419 10254 5388 10254 5389 10254 5383 10255 5384 10255 5419 10255 5419 10256 5384 10256 5385 10256 5419 10257 5385 10257 5386 10257</p>
        </triangles>
      </mesh>
    </geometry>
  </library_geometries>
  <library_visual_scenes>
    <visual_scene id="DefaultScene">
      <node id="node_b4b38ba0_a800_462c_a153_945e29a45465" type="NODE">
        <matrix>1 0 0 0 0 1 0 0 0 0 1 0 0 0 0 1</matrix>
        <node id="node_073c6663_b910_4832_8d8f_19cb92ea2fa0" type="NODE">
          <matrix>1 0 0 0 0 1 0 0 0 0 1 0 0 0 0 1</matrix>
          <node id="node_073c6663_b910_4832_8d8f_19cb92ea2fa0_mesh0" type="NODE">
            <matrix>1 0 0 0 0 1 0 0 0 0 1 0 0 0 0 1</matrix>
            <instance_geometry url="#geometry_a9152d38_2301_4f57_b26d_f5cea5cb1091">
              <bind_material>
                <technique_common>
                  <instance_material symbol="mat_0" target="#mat_0"/>
                </technique_common>
              </bind_material>
            </instance_geometry>
          </node>
        </node>
      </node>
    </visual_scene>
  </library_visual_scenes>
  <scene>
    <instance_visual_scene url="#DefaultScene"/>
  </scene>
</COLLADA>
