start spin
[INFO] [1773650490.723240107]: pose baselink2odom:
x: 0.000000, y: 0.000000, z: 0.000000, qx: 0.000000,                             qy: 0.000000, qz: 0.000000, qw: 1.000000
0 0 0 0 0 0 
Multi thread started 
p_pre->lidar_type 1
~~~~/root/ws_nav/src/go2_real/navigation_3d/fast_lio_nav/FAST_LIO_NAV/ file opened
Authorization required, but no authorization protocol specified
qt.qpa.xcb: could not connect to display :0
qt.qpa.plugin: Could not load the Qt platform plugin "xcb" in "" even though it was found.
This application failed to start because no Qt platform plugin could be initialized. Reinstalling the application may fix this problem.

Available platform plugins are: eglfs, linuxfb, minimal, minimalegl, offscreen, vnc, xcb.

[WARN] [1773650491.568878665]: No point, skip this scan!

[ERROR] [1773650492.823268720]: Client [/costmap_2d_node_my] wants topic /scan to have datatype/md5sum [sensor_msgs/LaserScan/90c7ef2dc6895d81024acba2ac42f369], but our version has [sensor_msgs/PointCloud2/1158d486dd51d683ce2f1be655c3c181]. Dropping connection.
mat_imulink2baselink_:
    1     0     0 0.119
    0     1     0     0
    0     0     1     0
    0     0     0     1
[WARN] [1773650536.232895483]: initialize finished
[INFO] [1773650536.233142501]: wait for Odometry_loc
[INFO] [1773650536.303368886]: wait for cloud_registered_1
[Open3D INFO] before sample, target size: 764118, has normal: true
[Open3D INFO] after sample, target size: 400000, has normal: true
[Open3D INFO] source size: 26180, has normal: false
[Open3D INFO] source size: 26180, has normal: false
scale i: 0 voxel_size: 0.1
scale i: 1 voxel_size: 0.4
scale i: 2 voxel_size: 0.6
[Open3D INFO] eva fitness: 0.193888
[INFO] [1773650542.504147566]: localization cost: 6080.400000 ms
[Open3D INFO] before sample, target size: 764125, has normal: true
[Open3D INFO] after sample, target size: 400000, has normal: true
[Open3D INFO] source size: 26375, has normal: false
[Open3D INFO] source size: 26375, has normal: false
scale i: 0 voxel_size: 0.1
scale i: 1 voxel_size: 0.4
scale i: 2 voxel_size: 0.6
[Open3D INFO] eva fitness: 0.203223
[INFO] [1773650548.337869935]: localization cost: 5833.598000 ms
[Open3D INFO] before sample, target size: 732741, has normal: true
[Open3D INFO] after sample, target size: 400000, has normal: true
[Open3D INFO] source size: 26371, has normal: false
[Open3D INFO] source size: 26371, has normal: false
scale i: 0 voxel_size: 0.1
scale i: 1 voxel_size: 0.4
scale i: 2 voxel_size: 0.6
[Open3D INFO] eva fitness: 0.193091
[INFO] [1773650553.651738437]: localization cost: 5313.702000 ms
[Open3D INFO] before sample, target size: 724642, has normal: true
[Open3D INFO] after sample, target size: 400000, has normal: true
[Open3D INFO] source size: 26417, has normal: false
[Open3D INFO] source size: 26417, has normal: false
scale i: 0 voxel_size: 0.1
scale i: 2 voxel_size: 0.6
scale i: 1 voxel_size: 0.4
[Open3D INFO] eva fitness: 0.197070
[INFO] [1773650559.364103943]: localization cost: 5712.248000 ms
[Open3D INFO] before sample, target size: 723649, has normal: true
[Open3D INFO] after sample, target size: 400000, has normal: true
[Open3D INFO] source size: 26207, has normal: false
[Open3D INFO] source size: 26207, has normal: false
scale i: 0 voxel_size: 0.1
scale i: 1 voxel_size: 0.4
scale i: 2 voxel_size: 0.6
[Open3D INFO] eva fitness: 0.195749
[INFO] [1773650564.622843533]: localization cost: 5258.628000 ms
[Open3D INFO] before sample, target size: 722062, has normal: true
[Open3D INFO] after sample, target size: 400000, has normal: true
[Open3D INFO] source size: 26206, has normal: false
[Open3D INFO] source size: 26206, has normal: false
scale i: 0 voxel_size: scale i: 1 voxel_size: 0.1
0.4
scale i: 2 voxel_size: 0.6
[Open3D INFO] eva fitness: 0.210295
[INFO] [1773650569.797894436]: localization cost: 5174.921000 ms
[Open3D INFO] before sample, target size: 722434, has normal: true
[Open3D INFO] after sample, target size: 400000, has normal: true
[Open3D INFO] source size: 26362, has normal: false
[Open3D INFO] source size: 26362, has normal: false
scale i: 0 voxel_size: scale i: 0.11 voxel_size: 
scale i: 2 voxel_size: 0.4
0.6
[Open3D INFO] eva fitness: 0.207382
[INFO] [1773650575.251615666]: localization cost: 5453.610000 ms
[Open3D INFO] before sample, target size: 736605, has normal: true
[Open3D INFO] after sample, target size: 400000, has normal: true
[Open3D INFO] source size: 26174, has normal: false
[Open3D INFO] source size: 26174, has normal: false
scale i: 0 voxel_size: 0.1
scale i: 1 voxel_size: scale i: 2 voxel_size: 0.4
0.6
[Open3D INFO] eva fitness: 0.210858
[INFO] [1773650580.834291286]: localization cost: 5582.561000 ms
[Open3D INFO] before sample, target size: 731055, has normal: true
[Open3D INFO] after sample, target size: 400000, has normal: true
[Open3D INFO] source size: 26577, has normal: false
[Open3D INFO] source size: 26577, has normal: false
scale i: 0 voxel_size: scale i: 1 voxel_size: 0.1
scale i: 2 voxel_size: 0.6
0.4
[Open3D INFO] eva fitness: 0.214283
[INFO] [1773650586.393426145]: localization cost: 5559.021000 ms
[Open3D INFO] before sample, target size: 726200, has normal: true
[Open3D INFO] after sample, target size: 399999, has normal: true
[Open3D INFO] source size: 26980, has normal: false
[Open3D INFO] source size: 26980, has normal: false
scale i: 0 voxel_size: scale i: 0.1
1 voxel_size: scale i: 2 voxel_size: 0.6
0.4
[Open3D INFO] eva fitness: 0.267976
[INFO] [1773650591.252294738]: localization cost: 4858.764000 ms
[Open3D INFO] before sample, target size: 729502, has normal: true
[Open3D INFO] after sample, target size: 400000, has normal: true
[Open3D INFO] source size: 26767, has normal: false
[Open3D INFO] source size: 26767, has normal: false
scale i: 0 voxel_size: 0.1
scale i: 1 voxel_size: 0.4
scale i: 2 voxel_size: 0.6
[Open3D INFO] eva fitness: 0.255389
[INFO] [1773650596.417474289]: localization cost: 5165.041000 ms
[Open3D INFO] before sample, target size: 734219, has normal: true
[Open3D INFO] after sample, target size: 400000, has normal: true
[Open3D INFO] source size: 27247, has normal: false
[Open3D INFO] source size: 27247, has normal: false
scale i: 0 voxel_size: scale i: 1 voxel_size: 0.10.4

scale i: 2 voxel_size: 0.6
[Open3D INFO] eva fitness: 0.232136
[INFO] [1773650601.643738343]: localization cost: 5226.084000 ms
[Open3D INFO] before sample, target size: 736152, has normal: true
[Open3D INFO] after sample, target size: 400000, has normal: true
[Open3D INFO] source size: 27023, has normal: false
[Open3D INFO] source size: 27023, has normal: false
scale i: 0 voxel_size: scale i: 1 voxel_size: 0.40.1

scale i: 2 voxel_size: 0.6
[Open3D INFO] eva fitness: 0.307405
[INFO] [1773650606.757932240]: localization cost: 5113.976000 ms
[Open3D INFO] before sample, target size: 726554, has normal: true
[Open3D INFO] after sample, target size: 399999, has normal: true
[Open3D INFO] source size: 26903, has normal: false
[Open3D INFO] source size: 26903, has normal: false
scale i: 0 voxel_size: scale i: 1 voxel_size: 0.10.4

scale i: 2 voxel_size: 0.6
[Open3D INFO] eva fitness: 0.249415
[INFO] [1773650612.414949535]: localization cost: 5656.876000 ms
[Open3D INFO] before sample, target size: 756970, has normal: true
[Open3D INFO] after sample, target size: 400000, has normal: true
[Open3D INFO] source size: 27122, has normal: false
[Open3D INFO] source size: 27122, has normal: false
scale i: 0 voxel_size: 0.1
scale i: 2 voxel_size: 0.6
scale i: 1 voxel_size: 0.4
[Open3D INFO] eva fitness: 0.280215
[INFO] [1773650619.189978644]: localization cost: 6774.900000 ms
[Open3D INFO] before sample, target size: 763178, has normal: true
[Open3D INFO] after sample, target size: 400000, has normal: true
[Open3D INFO] source size: 29510, has normal: false
[Open3D INFO] source size: 29510, has normal: false
scale i: 0 voxel_size: 0.1
scale i: 1 voxel_size: 0.4
scale i: 2 voxel_size: 0.6
mat_odom2map_
  0.973243  0.0205531  -0.228859    2.01271
-0.0130803   0.999332  0.0341219    1.41804
  0.229407 -0.0302153   0.972861  -0.202517
         0          0          0          1
confidence_loc_th_: 0.7 current confidence: 0
initpose:x y z, x y z w
9.05751 -1.3231 1.94706 -0.0133087 -0.026877 -0.100075 0.994528
[Open3D INFO] eva fitness: 0.377296


*** update mat_odom2map_
mat_odom2map_
[INFO] [1773650626.390918502]: localization cost: 7200.812000 ms
  0.978525    0.19977 -0.0507962    9.05751
 -0.198339   0.979616  0.0318511    -1.3231
 0.0561236 -0.0210923   0.998201    1.94706
         0          0          0          1
[Open3D INFO] before sample, target size: 772920, has normal: true
[Open3D INFO] after sample, target size: 400000, has normal: true
[Open3D INFO] source size: 30054, has normal: false
[Open3D INFO] source size: 30054, has normal: false
scale i: 0 voxel_size: scale i: 0.1
1 voxel_size: scale i: 2 voxel_size: 0.4
0.6
[Open3D INFO] eva fitness: 0.946896
[INFO] [1773650630.457400555]: localization cost: 4066.352000 ms
[Open3D INFO] before sample, target size: 908573, has normal: true
[Open3D INFO] after sample, target size: 400000, has normal: true
[Open3D INFO] source size: 29478, has normal: false
[Open3D INFO] source size: 29478, has normal: false
scale i: 0 voxel_size: scale i: 1 voxel_size: 0.10.4

scale i: 2 voxel_size: 0.6
[Open3D INFO] eva fitness: 0.970961
[INFO] [1773650634.582380839]: localization cost: 4124.749000 ms
[Open3D INFO] 


localization initialize success!!!!



[INFO] [1773650634.585699035]: time_last: 1773650631.461827
[INFO] [1773650634.585777085]: time_current: 1773650634.461827
[Open3D INFO] 

time_diff:1.77365e+09 s, localization right now
[Open3D INFO] 
***
****
***


last map update loc: x: 0.0, y: 0.0, z-5000.0,
                now loc: x: 9.07352, y: -1.51405, z2.02131, 3d distance: 5002.03, now needpdate submap
[INFO] [1773650634.713910917]: submap_cost: 127.544000 ms
[Open3D INFO] before sample, target size: 911298, has normal: true
[Open3D INFO] after sample, target size: 400000, has normal: true
[Open3D INFO] source size: 28411, maxpoints_source_: 80000
[Open3D INFO] source size after voxel downsample: 19275
[Open3D INFO] after prerpocess: 19275
[Open3D INFO] reg_result.fitness: 0.984332, eva fitness: 0.994916
[INFO] [1773650638.029182107]: localization cost: 3443.294000 ms
[Open3D INFO] 

time_diff:3.44341 s, localization right now
[Open3D INFO] before sample, target size: 911298, has normal: true
[Open3D INFO] after sample, target size: 400000, has normal: true
[Open3D INFO] source size: 28518, maxpoints_source_: 80000
[Open3D INFO] source size after voxel downsample: 19330
[Open3D INFO] after prerpocess: 19330
[Open3D INFO] reg_result.fitness: 0.983394, eva fitness: 0.997413
[INFO] [1773650638.985267448]: localization cost: 955.975000 ms
[Open3D INFO] 

time_diff:0.956131 s, localization right now
[Open3D INFO] before sample, target size: 911298, has normal: true
[Open3D INFO] after sample, target size: 400000, has normal: true
[Open3D INFO] source size: 28773, maxpoints_source_: 80000
[Open3D INFO] source size after voxel downsample: 19400
[Open3D INFO] after prerpocess: 19400
[Open3D INFO] reg_result.fitness: 0.986186, eva fitness: 0.997526
[INFO] [1773650640.131856496]: localization cost: 1146.401000 ms
[Open3D INFO] 

time_diff:1.14651 s, localization right now
[Open3D INFO] before sample, target size: 911298, has normal: true
[Open3D INFO] after sample, target size: 400000, has normal: true
[Open3D INFO] source size: 28717, maxpoints_source_: 80000
[Open3D INFO] source size after voxel downsample: 19041
[Open3D INFO] after prerpocess: 19041
[Open3D INFO] reg_result.fitness: 0.989601, eva fitness: 0.996796
[INFO] [1773650641.077969889]: localization cost: 946.004000 ms
[Open3D INFO] 

time_diff:0.94611 s, localization right now
[Open3D INFO] before sample, target size: 911298, has normal: true
[Open3D INFO] after sample, target size: 400000, has normal: true
[Open3D INFO] source size: 28915, maxpoints_source_: 80000
[Open3D INFO] source size after voxel downsample: 18811
[Open3D INFO] after prerpocess: 18811
[Open3D INFO] reg_result.fitness: 0.986869, eva fitness: 0.995641
[INFO] [1773650642.038051875]: localization cost: 959.975000 ms
[Open3D INFO] 

time_diff:0.960065 s, localization right now
[Open3D INFO] before sample, target size: 911298, has normal: true
[Open3D INFO] after sample, target size: 400000, has normal: true
[Open3D INFO] source size: 28268, maxpoints_source_: 80000
[Open3D INFO] source size after voxel downsample: 19977
[Open3D INFO] after prerpocess: 19977
[Open3D INFO] reg_result.fitness: 0.98248, eva fitness: 0.993042
[INFO] [1773650643.353266911]: localization cost: 1315.107000 ms
[Open3D INFO] 

time_diff:1.31521 s, localization right now
[Open3D INFO] before sample, target size: 911298, has normal: true
[Open3D INFO] after sample, target size: 400000, has normal: true
[Open3D INFO] source size: 24843, maxpoints_source_: 80000
[Open3D INFO] source size after voxel downsample: 17597
[Open3D INFO] after prerpocess: 17597
[Open3D INFO] reg_result.fitness: 0.987157, eva fitness: 0.994317
[INFO] [1773650644.344350759]: localization cost: 990.971000 ms
[Open3D INFO] 

time_diff:0.991075 s, localization right now
[Open3D INFO] before sample, target size: 911298, has normal: true
[Open3D INFO] after sample, target size: 400000, has normal: true
[Open3D INFO] source size: 25199, maxpoints_source_: 80000
[Open3D INFO] source size after voxel downsample: 18481
[Open3D INFO] after prerpocess: 18481
[Open3D INFO] reg_result.fitness: 0.980358, eva fitness: 0.987825
[INFO] [1773650645.454658921]: localization cost: 1110.180000 ms
[Open3D INFO] 

time_diff:1.11031 s, localization right now
[Open3D INFO] before sample, target size: 911298, has normal: true
[Open3D INFO] after sample, target size: 400000, has normal: true
[Open3D INFO] source size: 26116, maxpoints_source_: 80000
[Open3D INFO] source size after voxel downsample: 18183
[Open3D INFO] after prerpocess: 18183
[Open3D INFO] reg_result.fitness: 0.987681, eva fitness: 0.99428
[INFO] [1773650646.653456392]: localization cost: 1198.672000 ms
[Open3D INFO] 

time_diff:1.19877 s, localization right now
[Open3D INFO] before sample, target size: 911298, has normal: true
[Open3D INFO] after sample, target size: 400000, has normal: true
[Open3D INFO] source size: 27445, maxpoints_source_: 80000
[Open3D INFO] source size after voxel downsample: 19566
[Open3D INFO] after prerpocess: 19566
[Open3D INFO] reg_result.fitness: 0.988449, eva fitness: 0.996678
[INFO] [1773650647.775571955]: localization cost: 1121.998000 ms
[Open3D INFO] 

time_diff:1.12211 s, localization right now
[Open3D INFO] before sample, target size: 911298, has normal: true
[Open3D INFO] after sample, target size: 400000, has normal: true
[Open3D INFO] source size: 27333, maxpoints_source_: 80000
[Open3D INFO] source size after voxel downsample: 19855
[Open3D INFO] after prerpocess: 19855
[Open3D INFO] reg_result.fitness: 0.985696, eva fitness: 0.994007
[INFO] [1773650648.826630628]: localization cost: 1050.935000 ms
[Open3D INFO] 

time_diff:1.05106 s, localization right now
[Open3D INFO] before sample, target size: 911298, has normal: true
[Open3D INFO] after sample, target size: 400000, has normal: true
[Open3D INFO] source size: 26698, maxpoints_source_: 80000
[Open3D INFO] source size after voxel downsample: 17818
[Open3D INFO] after prerpocess: 17818
[Open3D INFO] reg_result.fitness: 0.990515, eva fitness: 0.998429
[INFO] [1773650649.742513577]: localization cost: 915.767000 ms
[Open3D INFO] 

time_diff:0.915876 s, localization right now
[Open3D INFO] before sample, target size: 911298, has normal: true
[Open3D INFO] after sample, target size: 400000, has normal: true
[Open3D INFO] source size: 26607, maxpoints_source_: 80000
[Open3D INFO] source size after voxel downsample: 17779
[Open3D INFO] after prerpocess: 17779
[Open3D INFO] reg_result.fitness: 0.980708, eva fitness: 0.992688
[INFO] [1773650650.667220659]: localization cost: 924.600000 ms
[Open3D INFO] 

time_diff:0.924685 s, localization right now
[Open3D INFO] before sample, target size: 911298, has normal: true
[Open3D INFO] after sample, target size: 400000, has normal: true
[Open3D INFO] source size: 25033, maxpoints_source_: 80000
[Open3D INFO] source size after voxel downsample: 17123
[Open3D INFO] after prerpocess: 17123
[Open3D INFO] reg_result.fitness: 0.97296, eva fitness: 0.988378
[INFO] [1773650651.665238178]: localization cost: 997.898000 ms
[Open3D INFO] 

time_diff:0.998019 s, localization right now
[Open3D INFO] before sample, target size: 911298, has normal: true
[Open3D INFO] after sample, target size: 400000, has normal: true
[Open3D INFO] source size: 24129, maxpoints_source_: 80000
[Open3D INFO] source size after voxel downsample: 17725
[Open3D INFO] after prerpocess: 17725
[Open3D INFO] reg_result.fitness: 0.986291, eva fitness: 0.993794
[INFO] [1773650652.887574191]: localization cost: 1222.184000 ms
[Open3D INFO] 

time_diff:1.22243 s, localization right now
[Open3D INFO] before sample, target size: 911298, has normal: true
[Open3D INFO] after sample, target size: 400000, has normal: true
[Open3D INFO] source size: 24285, maxpoints_source_: 80000
[Open3D INFO] source size after voxel downsample: 18585
[Open3D INFO] after prerpocess: 18585
[Open3D INFO] reg_result.fitness: 0.981544, eva fitness: 0.992144
[INFO] [1773650653.996337054]: localization cost: 1108.544000 ms
[Open3D INFO] 

time_diff:1.10864 s, localization right now
[Open3D INFO] before sample, target size: 911298, has normal: true
[Open3D INFO] after sample, target size: 400000, has normal: true
[Open3D INFO] source size: 23111, maxpoints_source_: 80000
[Open3D INFO] source size after voxel downsample: 18377
[Open3D INFO] after prerpocess: 18377
[Open3D INFO] reg_result.fitness: 0.973989, eva fitness: 0.985471
[INFO] [1773650655.188633605]: localization cost: 1192.160000 ms
[Open3D INFO] 

time_diff:1.19232 s, localization right now
[Open3D INFO] before sample, target size: 911298, has normal: true
[Open3D INFO] after sample, target size: 400000, has normal: true
[Open3D INFO] source size: 23290, maxpoints_source_: 80000
[Open3D INFO] source size after voxel downsample: 19030
[Open3D INFO] after prerpocess: 19030
[Open3D INFO] reg_result.fitness: 0.982028, eva fitness: 0.993852
[INFO] [1773650656.585651391]: localization cost: 1396.866000 ms
[Open3D INFO] 

time_diff:1.39699 s, localization right now
[Open3D INFO] before sample, target size: 911298, has normal: true
[Open3D INFO] after sample, target size: 400000, has normal: true
[Open3D INFO] source size: 22899, maxpoints_source_: 80000
[Open3D INFO] source size after voxel downsample: 18713
[Open3D INFO] after prerpocess: 18713
[Open3D INFO] reg_result.fitness: 0.976701, eva fitness: 0.995511
[INFO] [1773650657.621711678]: localization cost: 1035.828000 ms
[Open3D INFO] 

time_diff:1.03591 s, localization right now
[Open3D INFO] before sample, target size: 911298, has normal: true
[Open3D INFO] after sample, target size: 400000, has normal: true
[Open3D INFO] source size: 22500, maxpoints_source_: 80000
[Open3D INFO] source size after voxel downsample: 18057
[Open3D INFO] after prerpocess: 18057
[Open3D INFO] reg_result.fitness: 0.971147, eva fitness: 0.980340
[INFO] [1773650658.617821421]: localization cost: 996.020000 ms
[Open3D INFO] 

time_diff:0.996313 s, localization right now
[Open3D INFO] before sample, target size: 911298, has normal: true
[Open3D INFO] after sample, target size: 400000, has normal: true
[Open3D INFO] source size: 22468, maxpoints_source_: 80000
[Open3D INFO] source size after voxel downsample: 17951
[Open3D INFO] after prerpocess: 17951
[Open3D INFO] reg_result.fitness: 0.974765, eva fitness: 0.982786
[INFO] [1773650659.623697313]: localization cost: 1005.559000 ms
[Open3D INFO] 

time_diff:1.00565 s, localization right now
[Open3D INFO] 
***
****
***


last map update loc: x: 9.07352, y: -1.51405, z2.02131,
                now loc: x: 9.81695, y: -4.98958, z2.0862, 3d distance: 3.55475, now needpdate submap
[INFO] [1773650659.692520560]: submap_cost: 68.529000 ms
[Open3D INFO] before sample, target size: 921855, has normal: true
[Open3D INFO] after sample, target size: 400000, has normal: true
[Open3D INFO] source size: 23214, maxpoints_source_: 80000
[Open3D INFO] source size after voxel downsample: 18921
[Open3D INFO] after prerpocess: 18921
[Open3D INFO] reg_result.fitness: 0.983088, eva fitness: 0.992759
[INFO] [1773650660.630393872]: localization cost: 1006.596000 ms
[Open3D INFO] 

time_diff:1.00670 s, localization right now
[Open3D INFO] before sample, target size: 921855, has normal: true
[Open3D INFO] after sample, target size: 400000, has normal: true
[Open3D INFO] source size: 24524, maxpoints_source_: 80000
[Open3D INFO] source size after voxel downsample: 19168
[Open3D INFO] after prerpocess: 19168
[Open3D INFO] reg_result.fitness: 0.982419, eva fitness: 0.990922
[INFO] [1773650661.669971524]: localization cost: 1039.348000 ms
[Open3D INFO] 

time_diff:1.03945 s, localization right now
[Open3D INFO] before sample, target size: 921855, has normal: true
[Open3D INFO] after sample, target size: 400000, has normal: true
[Open3D INFO] source size: 23969, maxpoints_source_: 80000
[Open3D INFO] source size after voxel downsample: 18910
[Open3D INFO] after prerpocess: 18910
[Open3D INFO] reg_result.fitness: 0.978001, eva fitness: 0.988366
[INFO] [1773650662.940667576]: localization cost: 1270.486000 ms
[Open3D INFO] 

time_diff:1.27058 s, localization right now
[Open3D INFO] before sample, target size: 921855, has normal: true
[Open3D INFO] after sample, target size: 400000, has normal: true
[Open3D INFO] source size: 24256, maxpoints_source_: 80000
[Open3D INFO] source size after voxel downsample: 19251
[Open3D INFO] after prerpocess: 19251
[Open3D INFO] reg_result.fitness: 0.969924, eva fitness: 0.980988
[INFO] [1773650664.036453880]: localization cost: 1095.685000 ms
[Open3D INFO] 

time_diff:1.09582 s, localization right now
[Open3D INFO] before sample, target size: 921855, has normal: true
[Open3D INFO] after sample, target size: 400000, has normal: true
[Open3D INFO] source size: 24592, maxpoints_source_: 80000
[Open3D INFO] source size after voxel downsample: 19426
[Open3D INFO] after prerpocess: 19426
[Open3D INFO] reg_result.fitness: 0.969319, eva fitness: 0.979461
[INFO] [1773650665.051704803]: localization cost: 1015.106000 ms
[Open3D INFO] 

time_diff:1.01519 s, localization right now
[Open3D INFO] before sample, target size: 921855, has normal: true
[Open3D INFO] after sample, target size: 400000, has normal: true
[Open3D INFO] source size: 24858, maxpoints_source_: 80000
[Open3D INFO] source size after voxel downsample: 19910
[Open3D INFO] after prerpocess: 19910
[Open3D INFO] reg_result.fitness: 0.97775, eva fitness: 0.995982
[INFO] [1773650666.065133458]: localization cost: 1013.315000 ms
[Open3D INFO] 

time_diff:1.01344 s, localization right now
[Open3D INFO] 
***
****
***


last map update loc: x: 9.81695, y: -4.98958, z2.0862,
                now loc: x: 13.42, y: -5.33242, z2.0921, 3d distance: 3.6193, now needpdate submap
[INFO] [1773650666.147038067]: submap_cost: 81.434000 ms
[Open3D INFO] before sample, target size: 977065, has normal: true
[Open3D INFO] after sample, target size: 400000, has normal: true
[Open3D INFO] source size: 24718, maxpoints_source_: 80000
[Open3D INFO] source size after voxel downsample: 18547
[Open3D INFO] after prerpocess: 18547
[Open3D INFO] reg_result.fitness: 0.976169, eva fitness: 0.991859
[INFO] [1773650667.461148490]: localization cost: 1395.775000 ms
[Open3D INFO] 

time_diff:1.39591 s, localization right now
[Open3D INFO] before sample, target size: 977065, has normal: true
[Open3D INFO] after sample, target size: 400000, has normal: true
[Open3D INFO] source size: 25842, maxpoints_source_: 80000
[Open3D INFO] source size after voxel downsample: 18567
[Open3D INFO] after prerpocess: 18567
[Open3D INFO] reg_result.fitness: 0.977487, eva fitness: 0.984919
[INFO] [1773650668.543346215]: localization cost: 1081.919000 ms
[Open3D INFO] 

time_diff:1.08204 s, localization right now
[Open3D INFO] before sample, target size: 977065, has normal: true
[Open3D INFO] after sample, target size: 400000, has normal: true
[Open3D INFO] source size: 25398, maxpoints_source_: 80000
[Open3D INFO] source size after voxel downsample: 19479
[Open3D INFO] after prerpocess: 19479
[Open3D INFO] reg_result.fitness: 0.980543, eva fitness: 0.988706
[INFO] [1773650669.785404003]: localization cost: 1241.833000 ms
[Open3D INFO] 

time_diff:1.24195 s, localization right now
[Open3D INFO] before sample, target size: 977065, has normal: true
[Open3D INFO] after sample, target size: 400000, has normal: true
[Open3D INFO] source size: 25611, maxpoints_source_: 80000
[Open3D INFO] source size after voxel downsample: 19970
[Open3D INFO] after prerpocess: 19970
[Open3D INFO] reg_result.fitness: 0.979569, eva fitness: 0.987932
[INFO] [1773650671.143572626]: localization cost: 1357.890000 ms
[Open3D INFO] 

time_diff:1.35799 s, localization right now
[Open3D INFO] before sample, target size: 977065, has normal: true
[Open3D INFO] after sample, target size: 400000, has normal: true
[Open3D INFO] source size: 24883, maxpoints_source_: 80000
[Open3D INFO] source size after voxel downsample: 18925
[Open3D INFO] after prerpocess: 18925
[Open3D INFO] reg_result.fitness: 0.974531, eva fitness: 0.982457
[INFO] [1773650672.200672588]: localization cost: 1057.001000 ms
[Open3D INFO] 

time_diff:1.05708 s, localization right now
[Open3D INFO] before sample, target size: 977065, has normal: true
[Open3D INFO] after sample, target size: 400000, has normal: true
[Open3D INFO] source size: 25485, maxpoints_source_: 80000
[Open3D INFO] source size after voxel downsample: 19047
[Open3D INFO] after prerpocess: 19047
[Open3D INFO] reg_result.fitness: 0.976742, eva fitness: 0.98488
[INFO] [1773650673.244553743]: localization cost: 1043.780000 ms
[Open3D INFO] 

time_diff:1.04388 s, localization right now
[Open3D INFO] before sample, target size: 977065, has normal: true
[Open3D INFO] after sample, target size: 400000, has normal: true
[Open3D INFO] source size: 26078, maxpoints_source_: 80000
[Open3D INFO] source size after voxel downsample: 18776
[Open3D INFO] after prerpocess: 18776
[Open3D INFO] reg_result.fitness: 0.975341, eva fitness: 0.983543
[INFO] [1773650674.521923745]: localization cost: 1277.105000 ms
[Open3D INFO] 

time_diff:1.27726 s, localization right now
[Open3D INFO] before sample, target size: 977065, has normal: true
[Open3D INFO] after sample, target size: 400000, has normal: true
[Open3D INFO] source size: 26016, maxpoints_source_: 80000
[Open3D INFO] source size after voxel downsample: 18702
[Open3D INFO] after prerpocess: 18702
[Open3D INFO] reg_result.fitness: 0.959844, eva fitness: 0.967864
[INFO] [1773650675.842932126]: localization cost: 1320.875000 ms
[Open3D INFO] 

time_diff:1.32097 s, localization right now
[Open3D INFO] before sample, target size: 977065, has normal: true
[Open3D INFO] after sample, target size: 400000, has normal: true
[Open3D INFO] source size: 25735, maxpoints_source_: 80000
[Open3D INFO] source size after voxel downsample: 19162
[Open3D INFO] after prerpocess: 19162
[Open3D INFO] reg_result.fitness: 0.961852, eva fitness: 0.969993
[INFO] [1773650676.884535861]: localization cost: 1041.500000 ms
[Open3D INFO] 

time_diff:1.0416 s, localization right now
[Open3D INFO] before sample, target size: 977065, has normal: true
[Open3D INFO] after sample, target size: 400000, has normal: true
[Open3D INFO] source size: 25945, maxpoints_source_: 80000
[Open3D INFO] source size after voxel downsample: 18766
[Open3D INFO] after prerpocess: 18766
[Open3D INFO] reg_result.fitness: 0.972983, eva fitness: 0.981136
[INFO] [1773650677.974486354]: localization cost: 1089.797000 ms
[Open3D INFO] 

time_diff:1.09003 s, localization right now
[Open3D INFO] before sample, target size: 977065, has normal: true
[Open3D INFO] after sample, target size: 400000, has normal: true
[Open3D INFO] source size: 25795, maxpoints_source_: 80000
[Open3D INFO] source size after voxel downsample: 18768
[Open3D INFO] after prerpocess: 18768
[Open3D INFO] reg_result.fitness: 0.960411, eva fitness: 0.969842
[INFO] [1773650679.021754854]: localization cost: 1047.058000 ms
[Open3D INFO] 

time_diff:1.04717 s, localization right now
[Open3D INFO] before sample, target size: 977065, has normal: true
[Open3D INFO] after sample, target size: 400000, has normal: true
[Open3D INFO] source size: 25420, maxpoints_source_: 80000
[Open3D INFO] source size after voxel downsample: 18390
[Open3D INFO] after prerpocess: 18390
[Open3D INFO] reg_result.fitness: 0.965035, eva fitness: 0.975204
[INFO] [1773650680.058418584]: localization cost: 1036.548000 ms
[Open3D INFO] 

time_diff:1.0367 s, localization right now
[Open3D INFO] before sample, target size: 977065, has normal: true
[Open3D INFO] after sample, target size: 400000, has normal: true
[Open3D INFO] source size: 25906, maxpoints_source_: 80000
[Open3D INFO] source size after voxel downsample: 18113
[Open3D INFO] after prerpocess: 18113
[Open3D INFO] reg_result.fitness: 0.964445, eva fitness: 0.977751
[INFO] [1773650681.448399561]: localization cost: 1389.829000 ms
[Open3D INFO] 

time_diff:1.38993 s, localization right now
[Open3D INFO] before sample, target size: 977065, has normal: true
[Open3D INFO] after sample, target size: 400000, has normal: true
[Open3D INFO] source size: 26251, maxpoints_source_: 80000
[Open3D INFO] source size after voxel downsample: 18513
[Open3D INFO] after prerpocess: 18513
[Open3D INFO] reg_result.fitness: 0.982715, eva fitness: 0.997029
[INFO] [1773650682.728076360]: localization cost: 1279.535000 ms
[Open3D INFO] 

time_diff:1.2797 s, localization right now
[Open3D INFO] before sample, target size: 977065, has normal: true
[Open3D INFO] after sample, target size: 400000, has normal: true
[Open3D INFO] source size: 25625, maxpoints_source_: 80000
[Open3D INFO] source size after voxel downsample: 18146
[Open3D INFO] after prerpocess: 18146
[Open3D INFO] reg_result.fitness: 0.980712, eva fitness: 0.993167
[INFO] [1773650684.047195045]: localization cost: 1318.977000 ms
[Open3D INFO] 

time_diff:1.3194 s, localization right now
[Open3D INFO] before sample, target size: 977065, has normal: true
[Open3D INFO] after sample, target size: 400000, has normal: true
[Open3D INFO] source size: 25182, maxpoints_source_: 80000
[Open3D INFO] source size after voxel downsample: 17925
[Open3D INFO] after prerpocess: 17925
[Open3D INFO] reg_result.fitness: 0.980251, eva fitness: 0.995816
[INFO] [1773650685.211455336]: localization cost: 1163.808000 ms
[Open3D INFO] 

time_diff:1.16394 s, localization right now
[Open3D INFO] before sample, target size: 977065, has normal: true
[Open3D INFO] after sample, target size: 400000, has normal: true
[Open3D INFO] source size: 25136, maxpoints_source_: 80000
[Open3D INFO] source size after voxel downsample: 17786
[Open3D INFO] after prerpocess: 17786
[Open3D INFO] reg_result.fitness: 0.972731, eva fitness: 0.994265
[INFO] [1773650686.233326832]: localization cost: 1021.622000 ms
[Open3D INFO] 

time_diff:1.02172 s, localization right now
[Open3D INFO] 
***
****
***


last map update loc: x: 13.42, y: -5.33242, z2.0921,
                now loc: x: 12.4544, y: -8.82172, z2.14259, 3d distance: 3.62079, now needpdate submap
[INFO] [1773650686.304255845]: submap_cost: 70.638000 ms
[Open3D INFO] before sample, target size: 966696, has normal: true
[Open3D INFO] after sample, target size: 400000, has normal: true
[Open3D INFO] source size: 22644, maxpoints_source_: 80000
[Open3D INFO] source size after voxel downsample: 15960
[Open3D INFO] after prerpocess: 15960
[Open3D INFO] reg_result.fitness: 0.968421, eva fitness: 0.988471
[INFO] [1773650687.302640288]: localization cost: 1069.206000 ms
[Open3D INFO] 

time_diff:1.06931 s, localization right now
[Open3D INFO] before sample, target size: 966696, has normal: true
[Open3D INFO] after sample, target size: 400000, has normal: true
[Open3D INFO] source size: 22075, maxpoints_source_: 80000
[Open3D INFO] source size after voxel downsample: 15848
[Open3D INFO] after prerpocess: 15848
[Open3D INFO] reg_result.fitness: 0.977726, eva fitness: 0.990724
[INFO] [1773650688.268079923]: localization cost: 965.321000 ms
[Open3D INFO] 

time_diff:0.965476 s, localization right now
[Open3D INFO] before sample, target size: 966696, has normal: true
[Open3D INFO] after sample, target size: 400000, has normal: true
[Open3D INFO] source size: 24606, maxpoints_source_: 80000
[Open3D INFO] source size after voxel downsample: 16196
[Open3D INFO] after prerpocess: 16196
[Open3D INFO] reg_result.fitness: 0.984688, eva fitness: 0.995184
[INFO] [1773650689.502298924]: localization cost: 1234.045000 ms
[Open3D INFO] 

time_diff:1.23416 s, localization right now
[Open3D INFO] before sample, target size: 966696, has normal: true
[Open3D INFO] after sample, target size: 400000, has normal: true
[Open3D INFO] source size: 25220, maxpoints_source_: 80000
[Open3D INFO] source size after voxel downsample: 15886
[Open3D INFO] after prerpocess: 15886
[Open3D INFO] reg_result.fitness: 0.971044, eva fitness: 0.988795
[INFO] [1773650690.737403297]: localization cost: 1235.001000 ms
[Open3D INFO] 

time_diff:1.23508 s, localization right now
[Open3D INFO] before sample, target size: 966696, has normal: true
[Open3D INFO] after sample, target size: 400000, has normal: true
[Open3D INFO] source size: 25115, maxpoints_source_: 80000
[Open3D INFO] source size after voxel downsample: 16380
[Open3D INFO] after prerpocess: 16380
[Open3D INFO] reg_result.fitness: 0.969475, eva fitness: 0.990842
[INFO] [1773650691.963205729]: localization cost: 1225.693000 ms
[Open3D INFO] 

time_diff:1.22582 s, localization right now
[Open3D INFO] before sample, target size: 966696, has normal: true
[Open3D INFO] after sample, target size: 400000, has normal: true
[Open3D INFO] source size: 24759, maxpoints_source_: 80000
[Open3D INFO] source size after voxel downsample: 15259
[Open3D INFO] after prerpocess: 15259
[Open3D INFO] reg_result.fitness: 0.97739, eva fitness: 0.994364
[INFO] [1773650693.568183355]: localization cost: 1604.849000 ms
[Open3D INFO] 

time_diff:1.60496 s, localization right now
[Open3D INFO] 
***
****
***


last map update loc: x: 12.4544, y: -8.82172, z2.14259,
                now loc: x: 10.88, y: -11.9966, z2.20390, 3d distance: 3.54432, now needpdate submap
[INFO] [1773650693.684118472]: submap_cost: 115.501000 ms
[Open3D INFO] before sample, target size: 921298, has normal: true
[Open3D INFO] after sample, target size: 400000, has normal: true
[Open3D INFO] source size: 25325, maxpoints_source_: 80000
[Open3D INFO] source size after voxel downsample: 14968
[Open3D INFO] after prerpocess: 14968
[Open3D INFO] reg_result.fitness: 0.977953, eva fitness: 0.995056
[INFO] [1773650694.900054176]: localization cost: 1331.756000 ms
[Open3D INFO] 

time_diff:1.33185 s, localization right now
[Open3D INFO] before sample, target size: 921298, has normal: true
[Open3D INFO] after sample, target size: 400000, has normal: true
[Open3D INFO] source size: 25920, maxpoints_source_: 80000
[Open3D INFO] source size after voxel downsample: 14364
[Open3D INFO] after prerpocess: 14364
[Open3D INFO] reg_result.fitness: 0.973406, eva fitness: 0.983431
[INFO] [1773650695.808050751]: localization cost: 907.895000 ms
[Open3D INFO] 

time_diff:0.907985 s, localization right now
[Open3D INFO] before sample, target size: 921298, has normal: true
[Open3D INFO] after sample, target size: 400000, has normal: true
[Open3D INFO] source size: 26907, maxpoints_source_: 80000
[Open3D INFO] source size after voxel downsample: 14391
[Open3D INFO] after prerpocess: 14391
[Open3D INFO] reg_result.fitness: 0.974637, eva fitness: 0.984921
[INFO] [1773650696.806174289]: localization cost: 998.018000 ms
[Open3D INFO] 

time_diff:0.998164 s, localization right now
[Open3D INFO] before sample, target size: 921298, has normal: true
[Open3D INFO] after sample, target size: 400000, has normal: true
[Open3D INFO] source size: 28549, maxpoints_source_: 80000
[Open3D INFO] source size after voxel downsample: 15231
[Open3D INFO] after prerpocess: 15231
[Open3D INFO] reg_result.fitness: 0.975839, eva fitness: 0.989167
[INFO] [1773650697.755159810]: localization cost: 948.838000 ms
[Open3D INFO] 

time_diff:0.948925 s, localization right now
[Open3D INFO] before sample, target size: 921298, has normal: true
[Open3D INFO] after sample, target size: 400000, has normal: true
[Open3D INFO] source size: 29428, maxpoints_source_: 80000
[Open3D INFO] source size after voxel downsample: 15451
[Open3D INFO] after prerpocess: 15451
[Open3D INFO] reg_result.fitness: 0.978319, eva fitness: 0.991522
[INFO] [1773650698.714894712]: localization cost: 959.628000 ms
[Open3D INFO] 

time_diff:0.959793 s, localization right now
[Open3D INFO] before sample, target size: 921298, has normal: true
[Open3D INFO] after sample, target size: 400000, has normal: true
[Open3D INFO] source size: 29715, maxpoints_source_: 80000
[Open3D INFO] source size after voxel downsample: 15535
[Open3D INFO] after prerpocess: 15535
[Open3D INFO] reg_result.fitness: 0.979079, eva fitness: 0.989958
[INFO] [1773650699.722381954]: localization cost: 1007.319000 ms
[Open3D INFO] 

time_diff:1.00742 s, localization right now
[Open3D INFO] 
***
****
***


last map update loc: x: 10.88, y: -11.9966, z2.20390,
                now loc: x: 10.581, y: -15.8399, z2.2715, 3d distance: 3.85551, now needpdate submap
[INFO] [1773650699.793790151]: submap_cost: 71.062000 ms
[Open3D INFO] before sample, target size: 894596, has normal: true
[Open3D INFO] after sample, target size: 400000, has normal: true
[Open3D INFO] source size: 29768, maxpoints_source_: 80000
[Open3D INFO] source size after voxel downsample: 15519
[Open3D INFO] after prerpocess: 15519
[Open3D INFO] reg_result.fitness: 0.988401, eva fitness: 0.99768
[INFO] [1773650700.778612031]: localization cost: 1056.121000 ms
[Open3D INFO] 

time_diff:1.05622 s, localization right now
[Open3D INFO] before sample, target size: 894596, has normal: true
[Open3D INFO] after sample, target size: 400000, has normal: true
[Open3D INFO] source size: 29465, maxpoints_source_: 80000
[Open3D INFO] source size after voxel downsample: 15058
[Open3D INFO] after prerpocess: 15058
[Open3D INFO] reg_result.fitness: 0.988312, eva fitness: 0.997609
[INFO] [1773650701.875299612]: localization cost: 1096.453000 ms
[Open3D INFO] 

time_diff:1.09656 s, localization right now
[Open3D INFO] before sample, target size: 894596, has normal: true
[Open3D INFO] after sample, target size: 400000, has normal: true
[Open3D INFO] source size: 29356, maxpoints_source_: 80000
[Open3D INFO] source size after voxel downsample: 14527
[Open3D INFO] after prerpocess: 14527
[Open3D INFO] reg_result.fitness: 0.988366, eva fitness: 0.997797
[INFO] [1773650702.994202428]: localization cost: 1118.782000 ms
[Open3D INFO] 

time_diff:1.1189 s, localization right now
[Open3D INFO] before sample, target size: 894596, has normal: true
[Open3D INFO] after sample, target size: 400000, has normal: true
[Open3D INFO] source size: 29293, maxpoints_source_: 80000
[Open3D INFO] source size after voxel downsample: 14620
[Open3D INFO] after prerpocess: 14620
[Open3D INFO] reg_result.fitness: 0.989535, eva fitness: 0.997606
[INFO] [1773650704.178242289]: localization cost: 1183.899000 ms
[Open3D INFO] 

time_diff:1.18403 s, localization right now
[Open3D INFO] before sample, target size: 894596, has normal: true
[Open3D INFO] after sample, target size: 400000, has normal: true
[Open3D INFO] source size: 28963, maxpoints_source_: 80000
[Open3D INFO] source size after voxel downsample: 14433
[Open3D INFO] after prerpocess: 14433
[Open3D INFO] reg_result.fitness: 0.985311, eva fitness: 0.99515
[INFO] [1773650705.448392147]: localization cost: 1270.029000 ms
[Open3D INFO] 

time_diff:1.27014 s, localization right now
[Open3D INFO] before sample, target size: 894596, has normal: true
[Open3D INFO] after sample, target size: 400000, has normal: true
[Open3D INFO] source size: 28768, maxpoints_source_: 80000
[Open3D INFO] source size after voxel downsample: 14664
[Open3D INFO] after prerpocess: 14664
[Open3D INFO] reg_result.fitness: 0.98943, eva fitness: 0.99775
[INFO] [1773650706.980134218]: localization cost: 1531.621000 ms
[Open3D INFO] 

time_diff:1.53179 s, localization right now
[Open3D INFO] before sample, target size: 894596, has normal: true
[Open3D INFO] after sample, target size: 400000, has normal: true
[Open3D INFO] source size: 29054, maxpoints_source_: 80000
[Open3D INFO] source size after voxel downsample: 15348
[Open3D INFO] after prerpocess: 15348
[Open3D INFO] reg_result.fitness: 0.975697, eva fitness: 0.992377
[INFO] [1773650708.337168596]: localization cost: 1356.709000 ms
[Open3D INFO] 

time_diff:1.3568 s, localization right now
[Open3D INFO] before sample, target size: 894596, has normal: true
[Open3D INFO] after sample, target size: 400000, has normal: true
[Open3D INFO] source size: 29672, maxpoints_source_: 80000
[Open3D INFO] source size after voxel downsample: 15529
[Open3D INFO] after prerpocess: 15529
[Open3D INFO] reg_result.fitness: 0.9622, eva fitness: 0.987443
[INFO] [1773650709.494423726]: localization cost: 1157.072000 ms
[Open3D INFO] 

time_diff:1.15738 s, localization right now
[Open3D INFO] before sample, target size: 894596, has normal: true
[Open3D INFO] after sample, target size: 400000, has normal: true
[Open3D INFO] source size: 29209, maxpoints_source_: 80000
[Open3D INFO] source size after voxel downsample: 15149
[Open3D INFO] after prerpocess: 15149
[Open3D INFO] reg_result.fitness: 0.97617, eva fitness: 0.990296
[INFO] [1773650710.431450706]: localization cost: 936.603000 ms
[Open3D INFO] 

time_diff:0.936682 s, localization right now
[Open3D INFO] before sample, target size: 894596, has normal: true
[Open3D INFO] after sample, target size: 400000, has normal: true
[Open3D INFO] source size: 26388, maxpoints_source_: 80000
[Open3D INFO] source size after voxel downsample: 14246
[Open3D INFO] after prerpocess: 14246
[Open3D INFO] reg_result.fitness: 0.976765, eva fitness: 0.992138
[INFO] [1773650711.371055819]: localization cost: 939.506000 ms
[Open3D INFO] 

time_diff:0.939642 s, localization right now
[Open3D INFO] 
***
****
***


last map update loc: x: 10.581, y: -15.8399, z2.2715,
                now loc: x: 10.5162, y: -19.3848, z2.30881, 3d distance: 3.54573, now needpdate submap
[INFO] [1773650711.450594879]: submap_cost: 79.171000 ms
[Open3D INFO] before sample, target size: 920267, has normal: true
[Open3D INFO] after sample, target size: 400000, has normal: true
[Open3D INFO] source size: 23785, maxpoints_source_: 80000
[Open3D INFO] source size after voxel downsample: 13182
[Open3D INFO] after prerpocess: 13182
[Open3D INFO] reg_result.fitness: 0.978911, eva fitness: 0.989986
[INFO] [1773650712.471042711]: localization cost: 1099.825000 ms
[Open3D INFO] 

time_diff:1.09994 s, localization right now
[Open3D INFO] before sample, target size: 920267, has normal: true
[Open3D INFO] after sample, target size: 400000, has normal: true
[Open3D INFO] source size: 30050, maxpoints_source_: 80000
[Open3D INFO] source size after voxel downsample: 16148
[Open3D INFO] after prerpocess: 16148
[Open3D INFO] reg_result.fitness: 0.981917, eva fitness: 0.993064
[INFO] [1773650713.619259461]: localization cost: 1148.085000 ms
[Open3D INFO] 

time_diff:1.14821 s, localization right now
[Open3D INFO] before sample, target size: 920267, has normal: true
[Open3D INFO] after sample, target size: 400000, has normal: true
[Open3D INFO] source size: 26649, maxpoints_source_: 80000
[Open3D INFO] source size after voxel downsample: 14677
[Open3D INFO] after prerpocess: 14677
[Open3D INFO] reg_result.fitness: 0.966001, eva fitness: 0.983375
[INFO] [1773650714.679709262]: localization cost: 1060.222000 ms
[Open3D INFO] 

time_diff:1.06032 s, localization right now
[Open3D INFO] before sample, target size: 920267, has normal: true
[Open3D INFO] after sample, target size: 400000, has normal: true
[Open3D INFO] source size: 27776, maxpoints_source_: 80000
[Open3D INFO] source size after voxel downsample: 16415
[Open3D INFO] after prerpocess: 16415
[Open3D INFO] reg_result.fitness: 0.951508, eva fitness: 0.965276
[INFO] [1773650716.028186843]: localization cost: 1348.360000 ms
[Open3D INFO] 

time_diff:1.34848 s, localization right now
[Open3D INFO] before sample, target size: 920267, has normal: true
[Open3D INFO] after sample, target size: 400000, has normal: true
[Open3D INFO] source size: 28964, maxpoints_source_: 80000
[Open3D INFO] source size after voxel downsample: 15431
[Open3D INFO] after prerpocess: 15431
[Open3D INFO] reg_result.fitness: 0.963256, eva fitness: 0.981142
[INFO] [1773650717.214449882]: localization cost: 1185.991000 ms
[Open3D INFO] 

time_diff:1.1861 s, localization right now
[Open3D INFO] before sample, target size: 920267, has normal: true
[Open3D INFO] after sample, target size: 400000, has normal: true
[Open3D INFO] source size: 29004, maxpoints_source_: 80000
[Open3D INFO] source size after voxel downsample: 14921
[Open3D INFO] after prerpocess: 14921
[Open3D INFO] reg_result.fitness: 0.971584, eva fitness: 0.988071
[INFO] [1773650718.398383083]: localization cost: 1183.817000 ms
[Open3D INFO] 

time_diff:1.18392 s, localization right now
[Open3D INFO] before sample, target size: 920267, has normal: true
[Open3D INFO] after sample, target size: 400000, has normal: true
[Open3D INFO] source size: 28614, maxpoints_source_: 80000
[Open3D INFO] source size after voxel downsample: 14901
[Open3D INFO] after prerpocess: 14901
[Open3D INFO] reg_result.fitness: 0.982954, eva fitness: 0.991947
[INFO] [1773650719.864575936]: localization cost: 1466.072000 ms
[Open3D INFO] 

time_diff:1.46619 s, localization right now
[Open3D INFO] 
***
****
***


last map update loc: x: 10.5162, y: -19.3848, z2.30881,
                now loc: x: 10.4116, y: -23.5846, z2.37080, 3d distance: 4.20154, now needpdate submap
[INFO] [1773650719.959005090]: submap_cost: 94.077000 ms
[Open3D INFO] before sample, target size: 821875, has normal: true
[Open3D INFO] after sample, target size: 400000, has normal: true
[Open3D INFO] source size: 28175, maxpoints_source_: 80000
[Open3D INFO] source size after voxel downsample: 14815
[Open3D INFO] after prerpocess: 14815
[Open3D INFO] reg_result.fitness: 0.980020, eva fitness: 0.99757
[INFO] [1773650721.083802182]: localization cost: 1219.101000 ms
[Open3D INFO] 

time_diff:1.21927 s, localization right now
[Open3D INFO] before sample, target size: 821875, has normal: true
[Open3D INFO] after sample, target size: 400000, has normal: true
[Open3D INFO] source size: 28451, maxpoints_source_: 80000
[Open3D INFO] source size after voxel downsample: 15152
[Open3D INFO] after prerpocess: 15152
[Open3D INFO] reg_result.fitness: 0.956441, eva fitness: 0.967001
[INFO] [1773650722.245145896]: localization cost: 1161.157000 ms
[Open3D INFO] 

time_diff:1.16129 s, localization right now
[Open3D INFO] before sample, target size: 821875, has normal: true
[Open3D INFO] after sample, target size: 400000, has normal: true
[Open3D INFO] source size: 28058, maxpoints_source_: 80000
[Open3D INFO] source size after voxel downsample: 15229
[Open3D INFO] after prerpocess: 15229
[Open3D INFO] reg_result.fitness: 0.947994, eva fitness: 0.956924
[INFO] [1773650723.323918130]: localization cost: 1078.639000 ms
[Open3D INFO] 

time_diff:1.07873 s, localization right now
[Open3D INFO] before sample, target size: 821875, has normal: true
[Open3D INFO] after sample, target size: 400000, has normal: true
[Open3D INFO] source size: 27256, maxpoints_source_: 80000
[Open3D INFO] source size after voxel downsample: 15365
[Open3D INFO] after prerpocess: 15365
[Open3D INFO] reg_result.fitness: 0.946176, eva fitness: 0.951578
[INFO] [1773650724.398109284]: localization cost: 1074.056000 ms
[Open3D INFO] 

time_diff:1.07419 s, localization right now
[Open3D INFO] before sample, target size: 821875, has normal: true
[Open3D INFO] after sample, target size: 400000, has normal: true
[Open3D INFO] source size: 26882, maxpoints_source_: 80000
[Open3D INFO] source size after voxel downsample: 15479
[Open3D INFO] after prerpocess: 15479
[Open3D INFO] reg_result.fitness: 0.931843, eva fitness: 0.936947
[INFO] [1773650725.377054681]: localization cost: 978.834000 ms
[Open3D INFO] 

time_diff:0.978934 s, localization right now
[Open3D INFO] before sample, target size: 821875, has normal: true
[Open3D INFO] after sample, target size: 400000, has normal: true
[Open3D INFO] source size: 26850, maxpoints_source_: 80000
[Open3D INFO] source size after voxel downsample: 15811
[Open3D INFO] after prerpocess: 15811
[Open3D INFO] reg_result.fitness: 0.926001, eva fitness: 0.930681
[INFO] [1773650726.266201989]: localization cost: 889.039000 ms
[Open3D INFO] 

time_diff:0.88914 s, localization right now
[Open3D INFO] 
***
****
***


last map update loc: x: 10.4116, y: -23.5846, z2.37080,
                now loc: x: 11.1058, y: -27.3957, z2.45074, 3d distance: 3.87459, now needpdate submap
[INFO] [1773650726.333865326]: submap_cost: 67.343000 ms
[Open3D INFO] before sample, target size: 802255, has normal: true
[Open3D INFO] after sample, target size: 400000, has normal: true
[Open3D INFO] source size: 26750, maxpoints_source_: 80000
[Open3D INFO] source size after voxel downsample: 16246
[Open3D INFO] after prerpocess: 16246
[Open3D INFO] reg_result.fitness: 0.995753, eva fitness: 0.998584
[INFO] [1773650727.419228115]: localization cost: 1152.930000 ms
[Open3D INFO] 

time_diff:1.15301 s, localization right now
[Open3D INFO] before sample, target size: 802255, has normal: true
[Open3D INFO] after sample, target size: 400000, has normal: true
[Open3D INFO] source size: 26789, maxpoints_source_: 80000
[Open3D INFO] source size after voxel downsample: 16590
[Open3D INFO] after prerpocess: 16590
[Open3D INFO] reg_result.fitness: 0.984629, eva fitness: 0.98915
[INFO] [1773650728.397013473]: localization cost: 977.686000 ms
[Open3D INFO] 

time_diff:0.977781 s, localization right now
[Open3D INFO] before sample, target size: 802255, has normal: true
[Open3D INFO] after sample, target size: 400000, has normal: true
[Open3D INFO] source size: 26691, maxpoints_source_: 80000
[Open3D INFO] source size after voxel downsample: 17025
[Open3D INFO] after prerpocess: 17025
[Open3D INFO] reg_result.fitness: 0.975389, eva fitness: 0.980910
[INFO] [1773650729.476983923]: localization cost: 1079.826000 ms
[Open3D INFO] 

time_diff:1.08008 s, localization right now
[Open3D INFO] before sample, target size: 802255, has normal: true
[Open3D INFO] after sample, target size: 400000, has normal: true
[Open3D INFO] source size: 26218, maxpoints_source_: 80000
[Open3D INFO] source size after voxel downsample: 17235
[Open3D INFO] after prerpocess: 17235
[Open3D INFO] reg_result.fitness: 0.966057, eva fitness: 0.971976
[INFO] [1773650730.691478396]: localization cost: 1214.075000 ms
[Open3D INFO] 

time_diff:1.21427 s, localization right now
[Open3D INFO] before sample, target size: 802255, has normal: true
[Open3D INFO] after sample, target size: 400000, has normal: true
[Open3D INFO] source size: 25441, maxpoints_source_: 80000
[Open3D INFO] source size after voxel downsample: 16994
[Open3D INFO] after prerpocess: 16994
[Open3D INFO] reg_result.fitness: 0.953278, eva fitness: 0.961575
[INFO] [1773650732.133692948]: localization cost: 1440.984000 ms
[Open3D INFO] 

time_diff:1.44136 s, localization right now
[Open3D INFO] 
***
****
***


last map update loc: x: 11.1058, y: -27.3957, z2.45074,
                now loc: x: 12.3188, y: -30.7153, z2.48291, 3d distance: 3.53443, now needpdate submap
[INFO] [1773650732.262840472]: submap_cost: 128.544000 ms
[Open3D INFO] before sample, target size: 779138, has normal: true
[Open3D INFO] after sample, target size: 399999, has normal: true
[Open3D INFO] source size: 23706, maxpoints_source_: 80000
[Open3D INFO] source size after voxel downsample: 16360
[Open3D INFO] after prerpocess: 16360
[Open3D INFO] reg_result.fitness: 0.986186, eva fitness: 0.996271
[INFO] [1773650733.368522337]: localization cost: 1234.688000 ms
[Open3D INFO] 

time_diff:1.23479 s, localization right now
[Open3D INFO] before sample, target size: 779138, has normal: true
[Open3D INFO] after sample, target size: 399999, has normal: true
[Open3D INFO] source size: 23120, maxpoints_source_: 80000
[Open3D INFO] source size after voxel downsample: 16016
[Open3D INFO] after prerpocess: 16016
[Open3D INFO] reg_result.fitness: 0.95798, eva fitness: 0.986451
[INFO] [1773650734.343482737]: localization cost: 974.870000 ms
[Open3D INFO] 

time_diff:0.974951 s, localization right now
[Open3D INFO] before sample, target size: 779138, has normal: true
[Open3D INFO] after sample, target size: 399999, has normal: true
[Open3D INFO] source size: 22445, maxpoints_source_: 80000
[Open3D INFO] source size after voxel downsample: 15245
[Open3D INFO] after prerpocess: 15245
[Open3D INFO] reg_result.fitness: 0.957429, eva fitness: 0.98288
[INFO] [1773650735.326703764]: localization cost: 983.130000 ms
[Open3D INFO] 

time_diff:0.983219 s, localization right now
[Open3D INFO] before sample, target size: 779138, has normal: true
[Open3D INFO] after sample, target size: 399999, has normal: true
[Open3D INFO] source size: 20432, maxpoints_source_: 80000
[Open3D INFO] source size after voxel downsample: 14205
[Open3D INFO] after prerpocess: 14205
[Open3D INFO] reg_result.fitness: 0.96114, eva fitness: 0.979233
[INFO] [1773650736.257147005]: localization cost: 930.344000 ms
[Open3D INFO] 

time_diff:0.930430 s, localization right now
[Open3D INFO] before sample, target size: 779138, has normal: true
[Open3D INFO] after sample, target size: 399999, has normal: true
[Open3D INFO] source size: 19181, maxpoints_source_: 80000
[Open3D INFO] source size after voxel downsample: 13806
[Open3D INFO] after prerpocess: 13806
[Open3D INFO] reg_result.fitness: 0.920252, eva fitness: 0.940026
[INFO] [1773650737.309402870]: localization cost: 1052.146000 ms
[Open3D INFO] 

time_diff:1.05226 s, localization right now
[Open3D INFO] before sample, target size: 779138, has normal: true
[Open3D INFO] after sample, target size: 399999, has normal: true
[Open3D INFO] source size: 20512, maxpoints_source_: 80000
[Open3D INFO] source size after voxel downsample: 13307
[Open3D INFO] after prerpocess: 13307
[Open3D INFO] reg_result.fitness: 0.966183, eva fitness: 0.980386
[INFO] [1773650738.496181605]: localization cost: 1186.639000 ms
[Open3D INFO] 

time_diff:1.18738 s, localization right now
[Open3D INFO] before sample, target size: 779138, has normal: true
[Open3D INFO] after sample, target size: 399999, has normal: true
[Open3D INFO] source size: 18253, maxpoints_source_: 80000
[Open3D INFO] source size after voxel downsample: 12989
[Open3D INFO] after prerpocess: 12989
[Open3D INFO] reg_result.fitness: 0.959196, eva fitness: 0.96728
[INFO] [1773650739.754716102]: localization cost: 1256.746000 ms
[Open3D INFO] 

time_diff:1.25687 s, localization right now
[Open3D INFO] before sample, target size: 779138, has normal: true
[Open3D INFO] after sample, target size: 399999, has normal: true
[Open3D INFO] source size: 19834, maxpoints_source_: 80000
[Open3D INFO] source size after voxel downsample: 15126
[Open3D INFO] after prerpocess: 15126
[Open3D INFO] reg_result.fitness: 0.922385, eva fitness: 0.937062
[INFO] [1773650741.148391601]: localization cost: 1393.531000 ms
[Open3D INFO] 

time_diff:1.39365 s, localization right now
[Open3D INFO] before sample, target size: 779138, has normal: true
[Open3D INFO] after sample, target size: 399999, has normal: true
[Open3D INFO] source size: 23152, maxpoints_source_: 80000
[Open3D INFO] source size after voxel downsample: 16139
[Open3D INFO] after prerpocess: 16139
[Open3D INFO] reg_result.fitness: 0.922548, eva fitness: 0.942747
[INFO] [1773650742.264597207]: localization cost: 1115.956000 ms
[Open3D INFO] 

time_diff:1.11617 s, localization right now
[Open3D INFO] before sample, target size: 779138, has normal: true
[Open3D INFO] after sample, target size: 399999, has normal: true
[Open3D INFO] source size: 25495, maxpoints_source_: 80000
[Open3D INFO] source size after voxel downsample: 16316
[Open3D INFO] after prerpocess: 16316
[Open3D INFO] reg_result.fitness: 0.967517, eva fitness: 0.978426
[INFO] [1773650743.460423027]: localization cost: 1195.603000 ms
[Open3D INFO] 

time_diff:1.1957 s, localization right now
[Open3D INFO] before sample, target size: 779138, has normal: true
[Open3D INFO] after sample, target size: 399999, has normal: true
[Open3D INFO] source size: 23387, maxpoints_source_: 80000
[Open3D INFO] source size after voxel downsample: 15676
[Open3D INFO] after prerpocess: 15676
[Open3D INFO] reg_result.fitness: 0.955856, eva fitness: 0.970847
[INFO] [1773650744.457655048]: localization cost: 997.128000 ms
[Open3D INFO] 

time_diff:0.997226 s, localization right now
[Open3D INFO] before sample, target size: 779138, has normal: true
[Open3D INFO] after sample, target size: 399999, has normal: true
[Open3D INFO] source size: 23927, maxpoints_source_: 80000
[Open3D INFO] source size after voxel downsample: 16370
[Open3D INFO] after prerpocess: 16370
[Open3D INFO] reg_result.fitness: 0.951985, eva fitness: 0.969151
[INFO] [1773650745.627580839]: localization cost: 1169.798000 ms
[Open3D INFO] 

time_diff:1.16993 s, localization right now
[Open3D INFO] before sample, target size: 779138, has normal: true
[Open3D INFO] after sample, target size: 399999, has normal: true
[Open3D INFO] source size: 22878, maxpoints_source_: 80000
[Open3D INFO] source size after voxel downsample: 17003
[Open3D INFO] after prerpocess: 17003
[Open3D INFO] reg_result.fitness: 0.928013, eva fitness: 0.944833
[INFO] [1773650746.709480665]: localization cost: 1081.766000 ms
[Open3D INFO] 

time_diff:1.08188 s, localization right now
[Open3D INFO] before sample, target size: 779138, has normal: true
[Open3D INFO] after sample, target size: 399999, has normal: true
[Open3D INFO] source size: 22314, maxpoints_source_: 80000
[Open3D INFO] source size after voxel downsample: 16110
[Open3D INFO] after prerpocess: 16110
[Open3D INFO] reg_result.fitness: 0.932092, eva fitness: 0.951831
[INFO] [1773650747.718599321]: localization cost: 1009.011000 ms
[Open3D INFO] 

time_diff:1.00911 s, localization right now
[Open3D INFO] before sample, target size: 779138, has normal: true
[Open3D INFO] after sample, target size: 399999, has normal: true
[Open3D INFO] source size: 22740, maxpoints_source_: 80000
[Open3D INFO] source size after voxel downsample: 15768
[Open3D INFO] after prerpocess: 15768
[Open3D INFO] reg_result.fitness: 0.917237, eva fitness: 0.940830
[INFO] [1773650748.832535828]: localization cost: 1113.820000 ms
[Open3D INFO] 

time_diff:1.11393 s, localization right now
[Open3D INFO] before sample, target size: 779138, has normal: true
[Open3D INFO] after sample, target size: 399999, has normal: true
[Open3D INFO] source size: 22901, maxpoints_source_: 80000
[Open3D INFO] source size after voxel downsample: 15578
[Open3D INFO] after prerpocess: 15578
[Open3D INFO] reg_result.fitness: 0.920850, eva fitness: 0.942868
[INFO] [1773650749.983881770]: localization cost: 1151.015000 ms
[Open3D INFO] 

time_diff:1.15122 s, localization right now
[Open3D INFO] before sample, target size: 779138, has normal: true
[Open3D INFO] after sample, target size: 399999, has normal: true
[Open3D INFO] source size: 23198, maxpoints_source_: 80000
[Open3D INFO] source size after voxel downsample: 15849
[Open3D INFO] after prerpocess: 15849
[Open3D INFO] reg_result.fitness: 0.910026, eva fitness: 0.930406
[INFO] [1773650751.070110892]: localization cost: 1086.080000 ms
[Open3D INFO] 

time_diff:1.08618 s, localization right now
[Open3D INFO] before sample, target size: 779138, has normal: true
[Open3D INFO] after sample, target size: 399999, has normal: true
[Open3D INFO] source size: 22850, maxpoints_source_: 80000
[Open3D INFO] source size after voxel downsample: 15601
[Open3D INFO] after prerpocess: 15601
[Open3D INFO] reg_result.fitness: 0.902314, eva fitness: 0.935261
[INFO] [1773650752.161726497]: localization cost: 1091.509000 ms
[Open3D INFO] 

time_diff:1.09187 s, localization right now
[Open3D INFO] before sample, target size: 779138, has normal: true
[Open3D INFO] after sample, target size: 399999, has normal: true
[Open3D INFO] source size: 22320, maxpoints_source_: 80000
[Open3D INFO] source size after voxel downsample: 15540
[Open3D INFO] after prerpocess: 15540
[Open3D INFO] reg_result.fitness: 0.922201, eva fitness: 0.954311
[INFO] [1773650753.331616799]: localization cost: 1169.520000 ms
[Open3D INFO] 

time_diff:1.16962 s, localization right now
[Open3D INFO] before sample, target size: 779138, has normal: true
[Open3D INFO] after sample, target size: 399999, has normal: true
[Open3D INFO] source size: 22998, maxpoints_source_: 80000
[Open3D INFO] source size after voxel downsample: 17248
[Open3D INFO] after prerpocess: 17248
[Open3D INFO] reg_result.fitness: 0.894133, eva fitness: 0.917092
[INFO] [1773650754.303240832]: localization cost: 971.519000 ms
[Open3D INFO] 

time_diff:0.971615 s, localization right now
[Open3D INFO] before sample, target size: 779138, has normal: true
[Open3D INFO] after sample, target size: 399999, has normal: true
[Open3D INFO] source size: 22170, maxpoints_source_: 80000
[Open3D INFO] source size after voxel downsample: 15673
[Open3D INFO] after prerpocess: 15673
[Open3D INFO] reg_result.fitness: 0.924073, eva fitness: 0.947298
[INFO] [1773650755.501335944]: localization cost: 1197.889000 ms
[Open3D INFO] 

time_diff:1.19843 s, localization right now
[Open3D INFO] 
***
****
***


last map update loc: x: 12.3188, y: -30.7153, z2.48291,
                now loc: x: 14.0388, y: -33.9666, z2.48056, 3d distance: 3.67822, now needpdate submap
[INFO] [1773650755.603557485]: submap_cost: 101.211000 ms
[Open3D INFO] before sample, target size: 746874, has normal: true
[Open3D INFO] after sample, target size: 400000, has normal: true
[Open3D INFO] source size: 22265, maxpoints_source_: 80000
[Open3D INFO] source size after voxel downsample: 16948
[Open3D INFO] after prerpocess: 16948
[Open3D INFO] reg_result.fitness: 0.971442, eva fitness: 0.987432
[INFO] [1773650756.907591989]: localization cost: 1405.577000 ms
[Open3D INFO] 

time_diff:1.40567 s, localization right now
[Open3D INFO] before sample, target size: 746874, has normal: true
[Open3D INFO] after sample, target size: 400000, has normal: true
[Open3D INFO] source size: 21643, maxpoints_source_: 80000
[Open3D INFO] source size after voxel downsample: 15810
[Open3D INFO] after prerpocess: 15810
[Open3D INFO] reg_result.fitness: 0.921695, eva fitness: 0.970145
[INFO] [1773650757.904090257]: localization cost: 996.372000 ms
[Open3D INFO] 

time_diff:0.996499 s, localization right now
[Open3D INFO] before sample, target size: 746874, has normal: true
[Open3D INFO] after sample, target size: 400000, has normal: true
[Open3D INFO] source size: 22285, maxpoints_source_: 80000
[Open3D INFO] source size after voxel downsample: 15508
[Open3D INFO] after prerpocess: 15508
[Open3D INFO] reg_result.fitness: 0.921202, eva fitness: 0.974852
[INFO] [1773650758.869268413]: localization cost: 965.052000 ms
[Open3D INFO] 

time_diff:0.965165 s, localization right now
[Open3D INFO] before sample, target size: 746874, has normal: true
[Open3D INFO] after sample, target size: 400000, has normal: true
[Open3D INFO] source size: 21435, maxpoints_source_: 80000
[Open3D INFO] source size after voxel downsample: 15137
[Open3D INFO] after prerpocess: 15137
[Open3D INFO] reg_result.fitness: 0.943582, eva fitness: 0.980379
[INFO] [1773650759.911040921]: localization cost: 1041.656000 ms
[Open3D INFO] 

time_diff:1.04178 s, localization right now
[Open3D INFO] before sample, target size: 746874, has normal: true
[Open3D INFO] after sample, target size: 400000, has normal: true
[Open3D INFO] source size: 26409, maxpoints_source_: 80000
[Open3D INFO] source size after voxel downsample: 18063
[Open3D INFO] after prerpocess: 18063
[Open3D INFO] reg_result.fitness: 0.940541, eva fitness: 0.968721
[INFO] [1773650761.154575911]: localization cost: 1243.365000 ms
[Open3D INFO] 

time_diff:1.24353 s, localization right now
[Open3D INFO] before sample, target size: 746874, has normal: true
[Open3D INFO] after sample, target size: 400000, has normal: true
[Open3D INFO] source size: 24412, maxpoints_source_: 80000
[Open3D INFO] source size after voxel downsample: 16189
[Open3D INFO] after prerpocess: 16189
[Open3D INFO] reg_result.fitness: 0.939712, eva fitness: 0.96442
[INFO] [1773650762.662723566]: localization cost: 1507.822000 ms
[Open3D INFO] 

time_diff:1.50801 s, localization right now
[Open3D INFO] before sample, target size: 746874, has normal: true
[Open3D INFO] after sample, target size: 400000, has normal: true
[Open3D INFO] source size: 24096, maxpoints_source_: 80000
[Open3D INFO] source size after voxel downsample: 15952
[Open3D INFO] after prerpocess: 15952
[Open3D INFO] reg_result.fitness: 0.926843, eva fitness: 0.953235
[INFO] [1773650763.919257676]: localization cost: 1256.228000 ms
[Open3D INFO] 

time_diff:1.25633 s, localization right now
[Open3D INFO] 
***
****
***


last map update loc: x: 14.0388, y: -33.9666, z2.48056,
                now loc: x: 17.0146, y: -36.3936, z2.43966, 3d distance: 3.84021, now needpdate submap
[INFO] [1773650763.992850682]: submap_cost: 73.292000 ms
[Open3D INFO] before sample, target size: 713208, has normal: true
[Open3D INFO] after sample, target size: 400000, has normal: true
[Open3D INFO] source size: 24016, maxpoints_source_: 80000
[Open3D INFO] source size after voxel downsample: 15646
[Open3D INFO] after prerpocess: 15646
[Open3D INFO] reg_result.fitness: 0.945801, eva fitness: 0.978141
[INFO] [1773650764.996051732]: localization cost: 1076.691000 ms
[Open3D INFO] 

time_diff:1.07679 s, localization right now
[Open3D INFO] before sample, target size: 713208, has normal: true
[Open3D INFO] after sample, target size: 400000, has normal: true
[Open3D INFO] source size: 23570, maxpoints_source_: 80000
[Open3D INFO] source size after voxel downsample: 16081
[Open3D INFO] after prerpocess: 16081
[Open3D INFO] reg_result.fitness: 0.945837, eva fitness: 0.983645
[INFO] [1773650765.979429052]: localization cost: 983.269000 ms
[Open3D INFO] 

time_diff:0.983371 s, localization right now
[Open3D INFO] before sample, target size: 713208, has normal: true
[Open3D INFO] after sample, target size: 400000, has normal: true
[Open3D INFO] source size: 22436, maxpoints_source_: 80000
[Open3D INFO] source size after voxel downsample: 15004
[Open3D INFO] after prerpocess: 15004
[Open3D INFO] reg_result.fitness: 0.939549, eva fitness: 0.979272
[INFO] [1773650767.132301029]: localization cost: 1152.770000 ms
[Open3D INFO] 

time_diff:1.15285 s, localization right now
[Open3D INFO] before sample, target size: 713208, has normal: true
[Open3D INFO] after sample, target size: 400000, has normal: true
[Open3D INFO] source size: 25810, maxpoints_source_: 80000
[Open3D INFO] source size after voxel downsample: 16271
[Open3D INFO] after prerpocess: 16271
[Open3D INFO] reg_result.fitness: 0.955381, eva fitness: 0.978121
[INFO] [1773650768.110854477]: localization cost: 978.437000 ms
[Open3D INFO] 

time_diff:0.978561 s, localization right now
[Open3D INFO] before sample, target size: 713208, has normal: true
[Open3D INFO] after sample, target size: 400000, has normal: true
[Open3D INFO] source size: 24743, maxpoints_source_: 80000
[Open3D INFO] source size after voxel downsample: 14793
[Open3D INFO] after prerpocess: 14793
[Open3D INFO] reg_result.fitness: 0.940715, eva fitness: 0.970662
[INFO] [1773650769.100415714]: localization cost: 989.422000 ms
[Open3D INFO] 

time_diff:0.989562 s, localization right now
[Open3D INFO] before sample, target size: 713208, has normal: true
[Open3D INFO] after sample, target size: 400000, has normal: true
[Open3D INFO] source size: 24530, maxpoints_source_: 80000
[Open3D INFO] source size after voxel downsample: 15886
[Open3D INFO] after prerpocess: 15886
[Open3D INFO] reg_result.fitness: 0.9351, eva fitness: 0.96626
[INFO] [1773650770.029100241]: localization cost: 928.549000 ms
[Open3D INFO] 

time_diff:0.928652 s, localization right now
[Open3D INFO] before sample, target size: 713208, has normal: true
[Open3D INFO] after sample, target size: 400000, has normal: true
[Open3D INFO] source size: 24070, maxpoints_source_: 80000
[Open3D INFO] source size after voxel downsample: 15405
[Open3D INFO] after prerpocess: 15405
[Open3D INFO] reg_result.fitness: 0.937163, eva fitness: 0.961181
[INFO] [1773650771.026713778]: localization cost: 997.506000 ms
[Open3D INFO] 

time_diff:0.997604 s, localization right now
[Open3D INFO] 
***
****
***


last map update loc: x: 17.0146, y: -36.3936, z2.43966,
                now loc: x: 20.298, y: -38.1316, z2.41004, 3d distance: 3.71523, now needpdate submap
[INFO] [1773650771.095049265]: submap_cost: 68.043000 ms
[Open3D INFO] before sample, target size: 673441, has normal: true
[Open3D INFO] after sample, target size: 400000, has normal: true
[Open3D INFO] source size: 23405, maxpoints_source_: 80000
[Open3D INFO] source size after voxel downsample: 15687
[Open3D INFO] after prerpocess: 15687
[Open3D INFO] reg_result.fitness: 0.966788, eva fitness: 0.986039
[INFO] [1773650772.030134004]: localization cost: 1003.316000 ms
[Open3D INFO] 

time_diff:1.00342 s, localization right now
[Open3D INFO] before sample, target size: 673441, has normal: true
[Open3D INFO] after sample, target size: 400000, has normal: true
[Open3D INFO] source size: 23755, maxpoints_source_: 80000
[Open3D INFO] source size after voxel downsample: 15649
[Open3D INFO] after prerpocess: 15649
[Open3D INFO] reg_result.fitness: 0.948559, eva fitness: 0.978401
[INFO] [1773650772.926389261]: localization cost: 896.138000 ms
[Open3D INFO] 

time_diff:0.896236 s, localization right now
[Open3D INFO] before sample, target size: 673441, has normal: true
[Open3D INFO] after sample, target size: 400000, has normal: true
[Open3D INFO] source size: 24859, maxpoints_source_: 80000
[Open3D INFO] source size after voxel downsample: 16037
[Open3D INFO] after prerpocess: 16037
[Open3D INFO] reg_result.fitness: 0.940824, eva fitness: 0.979672
[INFO] [1773650773.886350827]: localization cost: 959.868000 ms
[Open3D INFO] 

time_diff:0.960112 s, localization right now
[Open3D INFO] before sample, target size: 673441, has normal: true
[Open3D INFO] after sample, target size: 400000, has normal: true
[Open3D INFO] source size: 19652, maxpoints_source_: 80000
[Open3D INFO] source size after voxel downsample: 12088
[Open3D INFO] after prerpocess: 12088
[Open3D INFO] reg_result.fitness: 0.955659, eva fitness: 0.976009
[INFO] [1773650774.798525333]: localization cost: 911.914000 ms
[Open3D INFO] 

time_diff:0.911998 s, localization right now
[Open3D INFO] before sample, target size: 673441, has normal: true
[Open3D INFO] after sample, target size: 400000, has normal: true
[Open3D INFO] source size: 18511, maxpoints_source_: 80000
[Open3D INFO] source size after voxel downsample: 11778
[Open3D INFO] after prerpocess: 11778
[Open3D INFO] reg_result.fitness: 0.934030, eva fitness: 0.954491
[INFO] [1773650775.971189679]: localization cost: 1172.563000 ms
[Open3D INFO] 

time_diff:1.17267 s, localization right now
[Open3D INFO] before sample, target size: 673441, has normal: true
[Open3D INFO] after sample, target size: 400000, has normal: true
[Open3D INFO] source size: 23569, maxpoints_source_: 80000
[Open3D INFO] source size after voxel downsample: 15129
[Open3D INFO] after prerpocess: 15129
[Open3D INFO] reg_result.fitness: 0.936942, eva fitness: 0.957631
[INFO] [1773650777.206650160]: localization cost: 1235.345000 ms
[Open3D INFO] 

time_diff:1.23545 s, localization right now
[Open3D INFO] 
***
****
***


last map update loc: x: 20.298, y: -38.1316, z2.41004,
                now loc: x: 23.7675, y: -39.1236, z2.40109, 3d distance: 3.60850, now needpdate submap
[INFO] [1773650777.312929020]: submap_cost: 105.904000 ms
[Open3D INFO] before sample, target size: 675649, has normal: true
[Open3D INFO] after sample, target size: 400000, has normal: true
[Open3D INFO] source size: 25119, maxpoints_source_: 80000
[Open3D INFO] source size after voxel downsample: 17177
[Open3D INFO] after prerpocess: 17177
[Open3D INFO] reg_result.fitness: 0.949293, eva fitness: 0.972289
[INFO] [1773650778.608975419]: localization cost: 1402.219000 ms
[Open3D INFO] 

time_diff:1.40231 s, localization right now
[Open3D INFO] before sample, target size: 675649, has normal: true
[Open3D INFO] after sample, target size: 400000, has normal: true
[Open3D INFO] source size: 25500, maxpoints_source_: 80000
[Open3D INFO] source size after voxel downsample: 17812
[Open3D INFO] after prerpocess: 17812
[Open3D INFO] reg_result.fitness: 0.933135, eva fitness: 0.953065
[INFO] [1773650779.835082854]: localization cost: 1225.948000 ms
[Open3D INFO] 

time_diff:1.22613 s, localization right now
[Open3D INFO] before sample, target size: 675649, has normal: true
[Open3D INFO] after sample, target size: 400000, has normal: true
[Open3D INFO] source size: 26350, maxpoints_source_: 80000
[Open3D INFO] source size after voxel downsample: 18602
[Open3D INFO] after prerpocess: 18602
[Open3D INFO] reg_result.fitness: 0.949253, eva fitness: 0.965165
[INFO] [1773650781.060014537]: localization cost: 1224.796000 ms
[Open3D INFO] 

time_diff:1.22489 s, localization right now
[Open3D INFO] before sample, target size: 675649, has normal: true
[Open3D INFO] after sample, target size: 400000, has normal: true
[Open3D INFO] source size: 26644, maxpoints_source_: 80000
[Open3D INFO] source size after voxel downsample: 18436
[Open3D INFO] after prerpocess: 18436
[Open3D INFO] reg_result.fitness: 0.947657, eva fitness: 0.970926
[INFO] [1773650782.402910013]: localization cost: 1342.795000 ms
[Open3D INFO] 

time_diff:1.34289 s, localization right now
[Open3D INFO] before sample, target size: 675649, has normal: true
[Open3D INFO] after sample, target size: 400000, has normal: true
[Open3D INFO] source size: 26354, maxpoints_source_: 80000
[Open3D INFO] source size after voxel downsample: 18430
[Open3D INFO] after prerpocess: 18430
[Open3D INFO] reg_result.fitness: 0.950244, eva fitness: 0.965057
[INFO] [1773650783.533589252]: localization cost: 1130.579000 ms
[Open3D INFO] 

time_diff:1.13068 s, localization right now
[Open3D INFO] 
***
****
***


last map update loc: x: 23.7675, y: -39.1236, z2.40109,
                now loc: x: 27.5336, y: -39.7036, z2.39911, 3d distance: 3.81051, now needpdate submap
[INFO] [1773650783.613959955]: submap_cost: 80.050000 ms
[Open3D INFO] before sample, target size: 679583, has normal: true
[Open3D INFO] after sample, target size: 399999, has normal: true
[Open3D INFO] source size: 25226, maxpoints_source_: 80000
[Open3D INFO] source size after voxel downsample: 17435
[Open3D INFO] after prerpocess: 17435
[Open3D INFO] reg_result.fitness: 0.959105, eva fitness: 0.973157
[INFO] [1773650784.753478368]: localization cost: 1219.777000 ms
[Open3D INFO] 

time_diff:1.21988 s, localization right now
[Open3D INFO] before sample, target size: 679583, has normal: true
[Open3D INFO] after sample, target size: 399999, has normal: true
[Open3D INFO] source size: 24853, maxpoints_source_: 80000
[Open3D INFO] source size after voxel downsample: 17575
[Open3D INFO] after prerpocess: 17575
[Open3D INFO] reg_result.fitness: 0.960683, eva fitness: 0.976216
[INFO] [1773650785.648174277]: localization cost: 894.600000 ms
[Open3D INFO] 

time_diff:0.894684 s, localization right now
[Open3D INFO] before sample, target size: 679583, has normal: true
[Open3D INFO] after sample, target size: 399999, has normal: true
[Open3D INFO] source size: 25015, maxpoints_source_: 80000
[Open3D INFO] source size after voxel downsample: 17420
[Open3D INFO] after prerpocess: 17420
[Open3D INFO] reg_result.fitness: 0.945408, eva fitness: 0.964753
[INFO] [1773650786.757874067]: localization cost: 1109.485000 ms
[Open3D INFO] 

time_diff:1.10964 s, localization right now
[Open3D INFO] before sample, target size: 679583, has normal: true
[Open3D INFO] after sample, target size: 399999, has normal: true
[Open3D INFO] source size: 25505, maxpoints_source_: 80000
[Open3D INFO] source size after voxel downsample: 17587
[Open3D INFO] after prerpocess: 17587
[Open3D INFO] reg_result.fitness: 0.932052, eva fitness: 0.952806
[INFO] [1773650788.044507641]: localization cost: 1286.461000 ms
[Open3D INFO] 

time_diff:1.28659 s, localization right now
[Open3D INFO] before sample, target size: 679583, has normal: true
[Open3D INFO] after sample, target size: 399999, has normal: true
[Open3D INFO] source size: 25365, maxpoints_source_: 80000
[Open3D INFO] source size after voxel downsample: 16991
[Open3D INFO] after prerpocess: 16991
[Open3D INFO] reg_result.fitness: 0.908658, eva fitness: 0.931022
[INFO] [1773650789.186868708]: localization cost: 1142.164000 ms
[Open3D INFO] 

time_diff:1.14234 s, localization right now
[Open3D INFO] before sample, target size: 679583, has normal: true
[Open3D INFO] after sample, target size: 399999, has normal: true
[Open3D INFO] source size: 26730, maxpoints_source_: 80000
[Open3D INFO] source size after voxel downsample: 17606
[Open3D INFO] after prerpocess: 17606
[Open3D INFO] reg_result.fitness: 0.888277, eva fitness: 0.910031
[INFO] [1773650790.480460209]: localization cost: 1293.258000 ms
[Open3D INFO] 

time_diff:1.2934 s, localization right now
[Open3D INFO] before sample, target size: 679583, has normal: true
[Open3D INFO] after sample, target size: 399999, has normal: true
[Open3D INFO] source size: 27012, maxpoints_source_: 80000
[Open3D INFO] source size after voxel downsample: 16956
[Open3D INFO] after prerpocess: 16956
[Open3D INFO] reg_result.fitness: 0.885586, eva fitness: 0.911064
[INFO] [1773650791.612654315]: localization cost: 1131.873000 ms
[Open3D INFO] 

time_diff:1.13198 s, localization right now
[Open3D INFO] before sample, target size: 679583, has normal: true
[Open3D INFO] after sample, target size: 399999, has normal: true
[Open3D INFO] source size: 27107, maxpoints_source_: 80000
[Open3D INFO] source size after voxel downsample: 16706
[Open3D INFO] after prerpocess: 16706
[Open3D INFO] reg_result.fitness: 0.882497, eva fitness: 0.908775
[INFO] [1773650792.708938715]: localization cost: 1096.164000 ms
[Open3D INFO] 

time_diff:1.09626 s, localization right now
[Open3D INFO] before sample, target size: 679583, has normal: true
[Open3D INFO] after sample, target size: 399999, has normal: true
[Open3D INFO] source size: 27028, maxpoints_source_: 80000
[Open3D INFO] source size after voxel downsample: 16888
[Open3D INFO] after prerpocess: 16888
[Open3D INFO] reg_result.fitness: 0.86973, eva fitness: 0.898093
[INFO] [1773650793.789224984]: localization cost: 1080.157000 ms
[Open3D INFO] 

time_diff:1.08037 s, localization right now
[Open3D INFO] before sample, target size: 679583, has normal: true
[Open3D INFO] after sample, target size: 399999, has normal: true
[Open3D INFO] source size: 26550, maxpoints_source_: 80000
[Open3D INFO] source size after voxel downsample: 16459
[Open3D INFO] after prerpocess: 16459
[Open3D INFO] reg_result.fitness: 0.869737, eva fitness: 0.902303
[INFO] [1773650794.995928413]: localization cost: 1206.440000 ms
[Open3D INFO] 

time_diff:1.20661 s, localization right now
[Open3D INFO] before sample, target size: 679583, has normal: true
[Open3D INFO] after sample, target size: 399999, has normal: true
[Open3D INFO] source size: 25743, maxpoints_source_: 80000
[Open3D INFO] source size after voxel downsample: 16663
[Open3D INFO] after prerpocess: 16663
[Open3D INFO] reg_result.fitness: 0.893837, eva fitness: 0.930265
[INFO] [1773650796.155427202]: localization cost: 1159.377000 ms
[Open3D INFO] 

time_diff:1.15947 s, localization right now
[Open3D INFO] before sample, target size: 679583, has normal: true
[Open3D INFO] after sample, target size: 399999, has normal: true
[Open3D INFO] source size: 27065, maxpoints_source_: 80000
[Open3D INFO] source size after voxel downsample: 16863
[Open3D INFO] after prerpocess: 16863
[Open3D INFO] reg_result.fitness: 0.908676, eva fitness: 0.944672
[INFO] [1773650797.274955127]: localization cost: 1119.397000 ms
[Open3D INFO] 

time_diff:1.11954 s, localization right now
[Open3D INFO] before sample, target size: 679583, has normal: true
[Open3D INFO] after sample, target size: 399999, has normal: true
[Open3D INFO] source size: 27666, maxpoints_source_: 80000
[Open3D INFO] source size after voxel downsample: 17179
[Open3D INFO] after prerpocess: 17179
[Open3D INFO] reg_result.fitness: 0.862914, eva fitness: 0.895978
[INFO] [1773650798.396740951]: localization cost: 1121.666000 ms
[Open3D INFO] 

time_diff:1.12175 s, localization right now
[Open3D INFO] before sample, target size: 679583, has normal: true
[Open3D INFO] after sample, target size: 399999, has normal: true
[Open3D INFO] source size: 26842, maxpoints_source_: 80000
[Open3D INFO] source size after voxel downsample: 17158
[Open3D INFO] after prerpocess: 17158
[Open3D INFO] reg_result.fitness: 0.854295, eva fitness: 0.900047
[INFO] [1773650799.421573536]: localization cost: 1024.728000 ms
[Open3D INFO] 

time_diff:1.02483 s, localization right now
[Open3D INFO] before sample, target size: 679583, has normal: true
[Open3D INFO] after sample, target size: 399999, has normal: true
[Open3D INFO] source size: 28118, maxpoints_source_: 80000
[Open3D INFO] source size after voxel downsample: 17262
[Open3D INFO] after prerpocess: 17262
[Open3D INFO] reg_result.fitness: 0.87626, eva fitness: 0.910555
[INFO] [1773650800.588842631]: localization cost: 1167.158000 ms
[Open3D INFO] 

time_diff:1.16726 s, localization right now
[Open3D INFO] before sample, target size: 679583, has normal: true
[Open3D INFO] after sample, target size: 399999, has normal: true
[Open3D INFO] source size: 27960, maxpoints_source_: 80000
[Open3D INFO] source size after voxel downsample: 17534
[Open3D INFO] after prerpocess: 17534
[Open3D INFO] reg_result.fitness: 0.906981, eva fitness: 0.940573
[INFO] [1773650801.802650681]: localization cost: 1213.693000 ms
[Open3D INFO] 

time_diff:1.2138 s, localization right now
[Open3D INFO] 
***
****
***


last map update loc: x: 27.5336, y: -39.7036, z2.39911,
                now loc: x: 31.0245, y: -40.3315, z2.39021, 3d distance: 3.5469, now needpdate submap
[INFO] [1773650801.882934053]: submap_cost: 79.964000 ms
[Open3D INFO] before sample, target size: 669104, has normal: true
[Open3D INFO] after sample, target size: 400000, has normal: true
[Open3D INFO] source size: 25277, maxpoints_source_: 80000
[Open3D INFO] source size after voxel downsample: 14608
[Open3D INFO] after prerpocess: 14608
[Open3D INFO] reg_result.fitness: 0.925863, eva fitness: 0.960980
[INFO] [1773650803.033588228]: localization cost: 1230.817000 ms
[Open3D INFO] 

time_diff:1.23093 s, localization right now
[Open3D INFO] before sample, target size: 669104, has normal: true
[Open3D INFO] after sample, target size: 400000, has normal: true
[Open3D INFO] source size: 24702, maxpoints_source_: 80000
[Open3D INFO] source size after voxel downsample: 13793
[Open3D INFO] after prerpocess: 13793
[Open3D INFO] reg_result.fitness: 0.919887, eva fitness: 0.94867
[INFO] [1773650804.262768117]: localization cost: 1229.064000 ms
[Open3D INFO] 

time_diff:1.22917 s, localization right now
[Open3D INFO] before sample, target size: 669104, has normal: true
[Open3D INFO] after sample, target size: 400000, has normal: true
[Open3D INFO] source size: 22946, maxpoints_source_: 80000
[Open3D INFO] source size after voxel downsample: 11848
[Open3D INFO] after prerpocess: 11848
[Open3D INFO] reg_result.fitness: 0.898548, eva fitness: 0.926232
[INFO] [1773650805.315446876]: localization cost: 1052.549000 ms
[Open3D INFO] 

time_diff:1.05265 s, localization right now
[Open3D INFO] before sample, target size: 669104, has normal: true
[Open3D INFO] after sample, target size: 400000, has normal: true
[Open3D INFO] source size: 25795, maxpoints_source_: 80000
[Open3D INFO] source size after voxel downsample: 13609
[Open3D INFO] after prerpocess: 13609
[Open3D INFO] reg_result.fitness: 0.918951, eva fitness: 0.941362
[INFO] [1773650806.400831266]: localization cost: 1085.166000 ms
[Open3D INFO] 

time_diff:1.08526 s, localization right now
[Open3D INFO] before sample, target size: 669104, has normal: true
[Open3D INFO] after sample, target size: 400000, has normal: true
[Open3D INFO] source size: 26481, maxpoints_source_: 80000
[Open3D INFO] source size after voxel downsample: 14093
[Open3D INFO] after prerpocess: 14093
[Open3D INFO] reg_result.fitness: 0.930817, eva fitness: 0.949762
[INFO] [1773650807.465991368]: localization cost: 1065.045000 ms
[Open3D INFO] 

time_diff:1.06515 s, localization right now
[Open3D INFO] before sample, target size: 669104, has normal: true
[Open3D INFO] after sample, target size: 400000, has normal: true
[Open3D INFO] source size: 24631, maxpoints_source_: 80000
[Open3D INFO] source size after voxel downsample: 13921
[Open3D INFO] after prerpocess: 13921
[Open3D INFO] reg_result.fitness: 0.925077, eva fitness: 0.94361
[INFO] [1773650808.439483431]: localization cost: 972.845000 ms
[Open3D INFO] 

time_diff:0.972948 s, localization right now
[Open3D INFO] before sample, target size: 669104, has normal: true
[Open3D INFO] after sample, target size: 400000, has normal: true
[Open3D INFO] source size: 21206, maxpoints_source_: 80000
[Open3D INFO] source size after voxel downsample: 13355
[Open3D INFO] after prerpocess: 13355
[Open3D INFO] reg_result.fitness: 0.926245, eva fitness: 0.940846
[INFO] [1773650809.404836600]: localization cost: 965.128000 ms
[Open3D INFO] 

time_diff:0.965293 s, localization right now
[Open3D INFO] before sample, target size: 669104, has normal: true
[Open3D INFO] after sample, target size: 400000, has normal: true
[Open3D INFO] source size: 20872, maxpoints_source_: 80000
[Open3D INFO] source size after voxel downsample: 13727
[Open3D INFO] after prerpocess: 13727
[Open3D INFO] reg_result.fitness: 0.93225, eva fitness: 0.950390
[INFO] [1773650810.450830913]: localization cost: 1045.655000 ms
[Open3D INFO] 

time_diff:1.04575 s, localization right now
[Open3D INFO] before sample, target size: 669104, has normal: true
[Open3D INFO] after sample, target size: 400000, has normal: true
[Open3D INFO] source size: 23753, maxpoints_source_: 80000
[Open3D INFO] source size after voxel downsample: 15348
[Open3D INFO] after prerpocess: 15348
[Open3D INFO] reg_result.fitness: 0.939732, eva fitness: 0.965272
[INFO] [1773650811.556550187]: localization cost: 1105.610000 ms
[Open3D INFO] 

time_diff:1.10571 s, localization right now
[Open3D INFO] before sample, target size: 669104, has normal: true
[Open3D INFO] after sample, target size: 400000, has normal: true
[Open3D INFO] source size: 22157, maxpoints_source_: 80000
[Open3D INFO] source size after voxel downsample: 13663
[Open3D INFO] after prerpocess: 13663
[Open3D INFO] reg_result.fitness: 0.896948, eva fitness: 0.926956
[INFO] [1773650812.670838514]: localization cost: 1114.027000 ms
[Open3D INFO] 

time_diff:1.11413 s, localization right now
[Open3D INFO] before sample, target size: 669104, has normal: true
[Open3D INFO] after sample, target size: 400000, has normal: true
[Open3D INFO] source size: 21080, maxpoints_source_: 80000
[Open3D INFO] source size after voxel downsample: 12119
[Open3D INFO] after prerpocess: 12119
[Open3D INFO] reg_result.fitness: 0.923921, eva fitness: 0.94653
[INFO] [1773650813.756482144]: localization cost: 1085.536000 ms
[Open3D INFO] 

time_diff:1.08562 s, localization right now
[Open3D INFO] before sample, target size: 669104, has normal: true
[Open3D INFO] after sample, target size: 400000, has normal: true
[Open3D INFO] source size: 20761, maxpoints_source_: 80000
[Open3D INFO] source size after voxel downsample: 12833
[Open3D INFO] after prerpocess: 12833
[Open3D INFO] reg_result.fitness: 0.942882, eva fitness: 0.962129
[INFO] [1773650814.769745609]: localization cost: 1013.017000 ms
[Open3D INFO] 

time_diff:1.01321 s, localization right now
[Open3D INFO] before sample, target size: 669104, has normal: true
[Open3D INFO] after sample, target size: 400000, has normal: true
[Open3D INFO] source size: 18782, maxpoints_source_: 80000
[Open3D INFO] source size after voxel downsample: 11220
[Open3D INFO] after prerpocess: 11220
[Open3D INFO] reg_result.fitness: 0.959626, eva fitness: 0.974599
[INFO] [1773650815.646839173]: localization cost: 876.932000 ms
[Open3D INFO] 

time_diff:0.877023 s, localization right now
[Open3D INFO] before sample, target size: 669104, has normal: true
[Open3D INFO] after sample, target size: 400000, has normal: true
[Open3D INFO] source size: 18459, maxpoints_source_: 80000
[Open3D INFO] source size after voxel downsample: 11006
[Open3D INFO] after prerpocess: 11006
[Open3D INFO] reg_result.fitness: 0.943304, eva fitness: 0.961839
[INFO] [1773650816.588605863]: localization cost: 941.248000 ms
[Open3D INFO] 

time_diff:0.941769 s, localization right now
[Open3D INFO] before sample, target size: 669104, has normal: true
[Open3D INFO] after sample, target size: 400000, has normal: true
[Open3D INFO] source size: 18378, maxpoints_source_: 80000
[Open3D INFO] source size after voxel downsample: 11049
[Open3D INFO] after prerpocess: 11049
[Open3D INFO] reg_result.fitness: 0.926238, eva fitness: 0.948774
[INFO] [1773650817.879236753]: localization cost: 1290.498000 ms
[Open3D INFO] 

time_diff:1.29061 s, localization right now
[Open3D INFO] before sample, target size: 669104, has normal: true
[Open3D INFO] after sample, target size: 400000, has normal: true
[Open3D INFO] source size: 18045, maxpoints_source_: 80000
[Open3D INFO] source size after voxel downsample: 11072
[Open3D INFO] after prerpocess: 11072
[Open3D INFO] reg_result.fitness: 0.940119, eva fitness: 0.959718
[INFO] [1773650819.285751559]: localization cost: 1406.399000 ms
[Open3D INFO] 

time_diff:1.40650 s, localization right now
[Open3D INFO] before sample, target size: 669104, has normal: true
[Open3D INFO] after sample, target size: 400000, has normal: true
[Open3D INFO] source size: 17849, maxpoints_source_: 80000
[Open3D INFO] source size after voxel downsample: 10845
[Open3D INFO] after prerpocess: 10845
[Open3D INFO] reg_result.fitness: 0.952144, eva fitness: 0.975104
[INFO] [1773650820.483301565]: localization cost: 1197.278000 ms
[Open3D INFO] 

time_diff:1.19746 s, localization right now
[Open3D INFO] before sample, target size: 669104, has normal: true
[Open3D INFO] after sample, target size: 400000, has normal: true
[Open3D INFO] source size: 18357, maxpoints_source_: 80000
[Open3D INFO] source size after voxel downsample: 11077
[Open3D INFO] after prerpocess: 11077
[Open3D INFO] reg_result.fitness: 0.936084, eva fitness: 0.963799
[INFO] [1773650821.968438119]: localization cost: 1484.968000 ms
[Open3D INFO] 

time_diff:1.48508 s, localization right now
[Open3D INFO] before sample, target size: 669104, has normal: true
[Open3D INFO] after sample, target size: 400000, has normal: true
[Open3D INFO] source size: 21765, maxpoints_source_: 80000
[Open3D INFO] source size after voxel downsample: 13684
[Open3D INFO] after prerpocess: 13684
[Open3D INFO] reg_result.fitness: 0.919468, eva fitness: 0.949138
[INFO] [1773650823.135878548]: localization cost: 1167.306000 ms
[Open3D INFO] 

time_diff:1.16742 s, localization right now
[Open3D INFO] before sample, target size: 669104, has normal: true
[Open3D INFO] after sample, target size: 400000, has normal: true
[Open3D INFO] source size: 23301, maxpoints_source_: 80000
[Open3D INFO] source size after voxel downsample: 15011
[Open3D INFO] after prerpocess: 15011
[Open3D INFO] reg_result.fitness: 0.932849, eva fitness: 0.953967
[INFO] [1773650824.407453798]: localization cost: 1271.455000 ms
[Open3D INFO] 

time_diff:1.27158 s, localization right now
[Open3D INFO] before sample, target size: 669104, has normal: true
[Open3D INFO] after sample, target size: 400000, has normal: true
[Open3D INFO] source size: 24114, maxpoints_source_: 80000
[Open3D INFO] source size after voxel downsample: 14730
[Open3D INFO] after prerpocess: 14730
[Open3D INFO] reg_result.fitness: 0.923557, eva fitness: 0.950373
[INFO] [1773650825.837102141]: localization cost: 1429.307000 ms
[Open3D INFO] 

time_diff:1.42951 s, localization right now
[Open3D INFO] 
***
****
***


last map update loc: x: 31.0245, y: -40.3315, z2.39021,
                now loc: x: 35.1665, y: -39.7744, z2.38245, 3d distance: 4.17932, now needpdate submap
[INFO] [1773650825.985753513]: submap_cost: 148.064000 ms
[Open3D INFO] before sample, target size: 677616, has normal: true
[Open3D INFO] after sample, target size: 400000, has normal: true
[Open3D INFO] source size: 23019, maxpoints_source_: 80000
[Open3D INFO] source size after voxel downsample: 15794
[Open3D INFO] after prerpocess: 15794
[Open3D INFO] reg_result.fitness: 0.939977, eva fitness: 0.962011
[INFO] [1773650826.895481985]: localization cost: 1058.184000 ms
[Open3D INFO] 

time_diff:1.05835 s, localization right now
[Open3D INFO] before sample, target size: 677616, has normal: true
[Open3D INFO] after sample, target size: 400000, has normal: true
[Open3D INFO] source size: 23428, maxpoints_source_: 80000
[Open3D INFO] source size after voxel downsample: 16244
[Open3D INFO] after prerpocess: 16244
[Open3D INFO] reg_result.fitness: 0.936284, eva fitness: 0.960416
[INFO] [1773650827.829852396]: localization cost: 934.248000 ms
[Open3D INFO] 

time_diff:0.934331 s, localization right now
[Open3D INFO] before sample, target size: 677616, has normal: true
[Open3D INFO] after sample, target size: 400000, has normal: true
[Open3D INFO] source size: 23555, maxpoints_source_: 80000
[Open3D INFO] source size after voxel downsample: 15675
[Open3D INFO] after prerpocess: 15675
[Open3D INFO] reg_result.fitness: 0.925423, eva fitness: 0.957895
[INFO] [1773650828.898099641]: localization cost: 1068.150000 ms
[Open3D INFO] 

time_diff:1.06825 s, localization right now
[Open3D INFO] before sample, target size: 677616, has normal: true
[Open3D INFO] after sample, target size: 400000, has normal: true
[Open3D INFO] source size: 22693, maxpoints_source_: 80000
[Open3D INFO] source size after voxel downsample: 15305
[Open3D INFO] after prerpocess: 15305
[Open3D INFO] reg_result.fitness: 0.949428, eva fitness: 0.970140
[INFO] [1773650830.168496483]: localization cost: 1270.285000 ms
[Open3D INFO] 

time_diff:1.27039 s, localization right now
[Open3D INFO] before sample, target size: 677616, has normal: true
[Open3D INFO] after sample, target size: 400000, has normal: true
[Open3D INFO] source size: 24175, maxpoints_source_: 80000
[Open3D INFO] source size after voxel downsample: 15504
[Open3D INFO] after prerpocess: 15504
[Open3D INFO] reg_result.fitness: 0.932469, eva fitness: 0.962074
[INFO] [1773650831.482611323]: localization cost: 1313.970000 ms
[Open3D INFO] 

time_diff:1.31426 s, localization right now
[Open3D INFO] before sample, target size: 677616, has normal: true
[Open3D INFO] after sample, target size: 400000, has normal: true
[Open3D INFO] source size: 24450, maxpoints_source_: 80000
[Open3D INFO] source size after voxel downsample: 15025
[Open3D INFO] after prerpocess: 15025
[Open3D INFO] reg_result.fitness: 0.952879, eva fitness: 0.978436
[INFO] [1773650832.633723920]: localization cost: 1150.833000 ms
[Open3D INFO] 

time_diff:1.15092 s, localization right now
[Open3D INFO] before sample, target size: 677616, has normal: true
[Open3D INFO] after sample, target size: 400000, has normal: true
[Open3D INFO] source size: 23258, maxpoints_source_: 80000
[Open3D INFO] source size after voxel downsample: 15637
[Open3D INFO] after prerpocess: 15637
[Open3D INFO] reg_result.fitness: 0.931892, eva fitness: 0.954659
[INFO] [1773650833.596541665]: localization cost: 962.721000 ms
[Open3D INFO] 

time_diff:0.962816 s, localization right now
[Open3D INFO] before sample, target size: 677616, has normal: true
[Open3D INFO] after sample, target size: 400000, has normal: true
[Open3D INFO] source size: 23066, maxpoints_source_: 80000
[Open3D INFO] source size after voxel downsample: 15674
[Open3D INFO] after prerpocess: 15674
[Open3D INFO] reg_result.fitness: 0.933074, eva fitness: 0.959806
[INFO] [1773650834.543604243]: localization cost: 946.964000 ms
[Open3D INFO] 

time_diff:0.947050 s, localization right now
[Open3D INFO] before sample, target size: 677616, has normal: true
[Open3D INFO] after sample, target size: 400000, has normal: true
[Open3D INFO] source size: 21334, maxpoints_source_: 80000
[Open3D INFO] source size after voxel downsample: 16136
[Open3D INFO] after prerpocess: 16136
[Open3D INFO] reg_result.fitness: 0.946579, eva fitness: 0.967092
[INFO] [1773650835.479075881]: localization cost: 935.368000 ms
[Open3D INFO] 

time_diff:0.935468 s, localization right now
[Open3D INFO] 
***
****
***


last map update loc: x: 35.1665, y: -39.7744, z2.38245,
                now loc: x: 38.8201, y: -40.4073, z2.36323, 3d distance: 3.70802, now needpdate submap
[INFO] [1773650835.542210883]: submap_cost: 62.838000 ms
[Open3D INFO] before sample, target size: 635394, has normal: true
[Open3D INFO] after sample, target size: 400000, has normal: true
[Open3D INFO] source size: 20920, maxpoints_source_: 80000
[Open3D INFO] source size after voxel downsample: 16072
[Open3D INFO] after prerpocess: 16072
[Open3D INFO] reg_result.fitness: 0.962481, eva fitness: 0.978845
[INFO] [1773650836.444942990]: localization cost: 965.763000 ms
[Open3D INFO] 

time_diff:0.965855 s, localization right now
[Open3D INFO] before sample, target size: 635394, has normal: true
[Open3D INFO] after sample, target size: 400000, has normal: true
[Open3D INFO] source size: 20576, maxpoints_source_: 80000
[Open3D INFO] source size after voxel downsample: 16259
[Open3D INFO] after prerpocess: 16259
[Open3D INFO] reg_result.fitness: 0.924042, eva fitness: 0.952642
[INFO] [1773650837.459791726]: localization cost: 1014.740000 ms
[Open3D INFO] 

time_diff:1.01501 s, localization right now
[Open3D INFO] before sample, target size: 635394, has normal: true
[Open3D INFO] after sample, target size: 400000, has normal: true
[Open3D INFO] source size: 21125, maxpoints_source_: 80000
[Open3D INFO] source size after voxel downsample: 16581
[Open3D INFO] after prerpocess: 16581
[Open3D INFO] reg_result.fitness: 0.921657, eva fitness: 0.949762
[INFO] [1773650838.911239484]: localization cost: 1451.017000 ms
[Open3D INFO] 

time_diff:1.45112 s, localization right now
[Open3D INFO] before sample, target size: 635394, has normal: true
[Open3D INFO] after sample, target size: 400000, has normal: true
[Open3D INFO] source size: 24317, maxpoints_source_: 80000
[Open3D INFO] source size after voxel downsample: 16736
[Open3D INFO] after prerpocess: 16736
[Open3D INFO] reg_result.fitness: 0.927701, eva fitness: 0.951422
[INFO] [1773650840.348314242]: localization cost: 1436.941000 ms
[Open3D INFO] 

time_diff:1.43707 s, localization right now
[Open3D INFO] before sample, target size: 635394, has normal: true
[Open3D INFO] after sample, target size: 400000, has normal: true
[Open3D INFO] source size: 25306, maxpoints_source_: 80000
[Open3D INFO] source size after voxel downsample: 17274
[Open3D INFO] after prerpocess: 17274
[Open3D INFO] reg_result.fitness: 0.888098, eva fitness: 0.914033
[INFO] [1773650841.537526416]: localization cost: 1189.100000 ms
[Open3D INFO] 

time_diff:1.1892 s, localization right now
[Open3D INFO] before sample, target size: 635394, has normal: true
[Open3D INFO] after sample, target size: 400000, has normal: true
[Open3D INFO] source size: 21429, maxpoints_source_: 80000
[Open3D INFO] source size after voxel downsample: 14468
[Open3D INFO] after prerpocess: 14468
[Open3D INFO] reg_result.fitness: 0.918786, eva fitness: 0.946986
[INFO] [1773650842.915240524]: localization cost: 1377.598000 ms
[Open3D INFO] 

time_diff:1.37777 s, localization right now
[Open3D INFO] 
***
****
***


last map update loc: x: 38.8201, y: -40.4073, z2.36323,
                now loc: x: 41.9861, y: -38.7993, z2.37186, 3d distance: 3.55096, now needpdate submap
[INFO] [1773650843.011153747]: submap_cost: 95.399000 ms
[Open3D INFO] before sample, target size: 672023, has normal: true
[Open3D INFO] after sample, target size: 400000, has normal: true
[Open3D INFO] source size: 23482, maxpoints_source_: 80000
[Open3D INFO] source size after voxel downsample: 16454
[Open3D INFO] after prerpocess: 16454
[Open3D INFO] reg_result.fitness: 0.975872, eva fitness: 0.989364
[INFO] [1773650844.183655935]: localization cost: 1268.079000 ms
[Open3D INFO] 

time_diff:1.2682 s, localization right now
[Open3D INFO] before sample, target size: 672023, has normal: true
[Open3D INFO] after sample, target size: 400000, has normal: true
[Open3D INFO] source size: 24263, maxpoints_source_: 80000
[Open3D INFO] source size after voxel downsample: 15579
[Open3D INFO] after prerpocess: 15579
[Open3D INFO] reg_result.fitness: 0.924129, eva fitness: 0.955838
[INFO] [1773650845.178167217]: localization cost: 994.401000 ms
[Open3D INFO] 

time_diff:0.994489 s, localization right now
[Open3D INFO] before sample, target size: 672023, has normal: true
[Open3D INFO] after sample, target size: 400000, has normal: true
[Open3D INFO] source size: 25411, maxpoints_source_: 80000
[Open3D INFO] source size after voxel downsample: 17079
[Open3D INFO] after prerpocess: 17079
[Open3D INFO] reg_result.fitness: 0.926518, eva fitness: 0.943674
[INFO] [1773650846.089347905]: localization cost: 911.077000 ms
[Open3D INFO] 

time_diff:0.911178 s, localization right now
[Open3D INFO] before sample, target size: 672023, has normal: true
[Open3D INFO] after sample, target size: 400000, has normal: true
[Open3D INFO] source size: 23395, maxpoints_source_: 80000
[Open3D INFO] source size after voxel downsample: 16054
[Open3D INFO] after prerpocess: 16054
[Open3D INFO] reg_result.fitness: 0.942507, eva fitness: 0.959574
[INFO] [1773650846.999484712]: localization cost: 910.027000 ms
[Open3D INFO] 

time_diff:0.910124 s, localization right now
[Open3D INFO] before sample, target size: 672023, has normal: true
[Open3D INFO] after sample, target size: 400000, has normal: true
[Open3D INFO] source size: 19491, maxpoints_source_: 80000
[Open3D INFO] source size after voxel downsample: 14355
[Open3D INFO] after prerpocess: 14355
[Open3D INFO] reg_result.fitness: 0.950610, eva fitness: 0.968234
[INFO] [1773650848.124795230]: localization cost: 1125.194000 ms
[Open3D INFO] 

time_diff:1.12531 s, localization right now
[Open3D INFO] before sample, target size: 672023, has normal: true
[Open3D INFO] after sample, target size: 400000, has normal: true
[Open3D INFO] source size: 20529, maxpoints_source_: 80000
[Open3D INFO] source size after voxel downsample: 14588
[Open3D INFO] after prerpocess: 14588
[Open3D INFO] reg_result.fitness: 0.956608, eva fitness: 0.978613
[INFO] [1773650849.583192087]: localization cost: 1458.240000 ms
[Open3D INFO] 

time_diff:1.45841 s, localization right now
[Open3D INFO] before sample, target size: 672023, has normal: true
[Open3D INFO] after sample, target size: 400000, has normal: true
[Open3D INFO] source size: 19633, maxpoints_source_: 80000
[Open3D INFO] source size after voxel downsample: 14488
[Open3D INFO] after prerpocess: 14488
[Open3D INFO] reg_result.fitness: 0.949613, eva fitness: 0.971839
[INFO] [1773650850.988286447]: localization cost: 1404.801000 ms
[Open3D INFO] 

time_diff:1.40489 s, localization right now
[Open3D INFO] before sample, target size: 672023, has normal: true
[Open3D INFO] after sample, target size: 400000, has normal: true
[Open3D INFO] source size: 22768, maxpoints_source_: 80000
[Open3D INFO] source size after voxel downsample: 15562
[Open3D INFO] after prerpocess: 15562
[Open3D INFO] reg_result.fitness: 0.947243, eva fitness: 0.971212
[INFO] [1773650852.511028434]: localization cost: 1522.639000 ms
[Open3D INFO] 

time_diff:1.52273 s, localization right now
[Open3D INFO] 
***
****
***


last map update loc: x: 41.9861, y: -38.7993, z2.37186,
                now loc: x: 45.6151, y: -37.5274, z2.38014, 3d distance: 3.84545, now needpdate submap
[INFO] [1773650852.588153318]: submap_cost: 76.841000 ms
[Open3D INFO] before sample, target size: 635214, has normal: true
[Open3D INFO] after sample, target size: 399999, has normal: true
[Open3D INFO] source size: 22934, maxpoints_source_: 80000
[Open3D INFO] source size after voxel downsample: 15688
[Open3D INFO] after prerpocess: 15688
[Open3D INFO] reg_result.fitness: 0.951619, eva fitness: 0.970742
[INFO] [1773650854.108107869]: localization cost: 1596.961000 ms
[Open3D INFO] 

time_diff:1.59708 s, localization right now
[Open3D INFO] before sample, target size: 635214, has normal: true
[Open3D INFO] after sample, target size: 399999, has normal: true
[Open3D INFO] source size: 21245, maxpoints_source_: 80000
[Open3D INFO] source size after voxel downsample: 15004
[Open3D INFO] after prerpocess: 15004
[Open3D INFO] reg_result.fitness: 0.944681, eva fitness: 0.962677
[INFO] [1773650855.076653226]: localization cost: 968.431000 ms
[Open3D INFO] 

time_diff:0.968527 s, localization right now
[Open3D INFO] before sample, target size: 635214, has normal: true
[Open3D INFO] after sample, target size: 399999, has normal: true
[Open3D INFO] source size: 20602, maxpoints_source_: 80000
[Open3D INFO] source size after voxel downsample: 14400
[Open3D INFO] after prerpocess: 14400
[Open3D INFO] reg_result.fitness: 0.938472, eva fitness: 0.966806
[INFO] [1773650856.244531812]: localization cost: 1167.763000 ms
[Open3D INFO] 

time_diff:1.16787 s, localization right now
[Open3D INFO] before sample, target size: 635214, has normal: true
[Open3D INFO] after sample, target size: 399999, has normal: true
[Open3D INFO] source size: 18688, maxpoints_source_: 80000
[Open3D INFO] source size after voxel downsample: 13592
[Open3D INFO] after prerpocess: 13592
[Open3D INFO] reg_result.fitness: 0.963067, eva fitness: 0.983299
[INFO] [1773650857.499026368]: localization cost: 1254.385000 ms
[Open3D INFO] 

time_diff:1.25448 s, localization right now
[Open3D INFO] before sample, target size: 635214, has normal: true
[Open3D INFO] after sample, target size: 399999, has normal: true
[Open3D INFO] source size: 19801, maxpoints_source_: 80000
[Open3D INFO] source size after voxel downsample: 14011
[Open3D INFO] after prerpocess: 14011
[Open3D INFO] reg_result.fitness: 0.950467, eva fitness: 0.971023
[INFO] [1773650858.793791623]: localization cost: 1294.665000 ms
[Open3D INFO] 

time_diff:1.29494 s, localization right now
[Open3D INFO] before sample, target size: 635214, has normal: true
[Open3D INFO] after sample, target size: 399999, has normal: true
[Open3D INFO] source size: 20304, maxpoints_source_: 80000
[Open3D INFO] source size after voxel downsample: 14098
[Open3D INFO] after prerpocess: 14098
[Open3D INFO] reg_result.fitness: 0.966024, eva fitness: 0.978933
[INFO] [1773650860.072086838]: localization cost: 1277.997000 ms
[Open3D INFO] 

time_diff:1.27816 s, localization right now
[Open3D INFO] 
***
****
***


last map update loc: x: 45.6151, y: -37.5274, z2.38014,
                now loc: x: 47.5175, y: -34.473, z2.44093, 3d distance: 3.59888, now needpdate submap
[INFO] [1773650860.157128475]: submap_cost: 84.333000 ms
[Open3D INFO] before sample, target size: 637703, has normal: true
[Open3D INFO] after sample, target size: 400000, has normal: true
[Open3D INFO] source size: 21325, maxpoints_source_: 80000
[Open3D INFO] source size after voxel downsample: 13913
[Open3D INFO] after prerpocess: 13913
[Open3D INFO] reg_result.fitness: 0.962841, eva fitness: 0.983253
[INFO] [1773650861.431602166]: localization cost: 1359.176000 ms
[Open3D INFO] 

time_diff:1.35927 s, localization right now
[Open3D INFO] before sample, target size: 637703, has normal: true
[Open3D INFO] after sample, target size: 400000, has normal: true
[Open3D INFO] source size: 22729, maxpoints_source_: 80000
[Open3D INFO] source size after voxel downsample: 16982
[Open3D INFO] after prerpocess: 16982
[Open3D INFO] reg_result.fitness: 0.963491, eva fitness: 0.982393
[INFO] [1773650862.940715661]: localization cost: 1509.009000 ms
[Open3D INFO] 

time_diff:1.50917 s, localization right now
[Open3D INFO] before sample, target size: 637703, has normal: true
[Open3D INFO] after sample, target size: 400000, has normal: true
[Open3D INFO] source size: 23689, maxpoints_source_: 80000
[Open3D INFO] source size after voxel downsample: 18536
[Open3D INFO] after prerpocess: 18536
[Open3D INFO] reg_result.fitness: 0.949666, eva fitness: 0.967577
[INFO] [1773650864.350365588]: localization cost: 1409.238000 ms
[Open3D INFO] 

time_diff:1.40934 s, localization right now
[Open3D INFO] before sample, target size: 637703, has normal: true
[Open3D INFO] after sample, target size: 400000, has normal: true
[Open3D INFO] source size: 23641, maxpoints_source_: 80000
[Open3D INFO] source size after voxel downsample: 17959
[Open3D INFO] after prerpocess: 17959
[Open3D INFO] reg_result.fitness: 0.949273, eva fitness: 0.968874
[INFO] [1773650865.712957867]: localization cost: 1362.472000 ms
[Open3D INFO] 

time_diff:1.36259 s, localization right now
[Open3D INFO] before sample, target size: 637703, has normal: true
[Open3D INFO] after sample, target size: 400000, has normal: true
[Open3D INFO] source size: 18680, maxpoints_source_: 80000
[Open3D INFO] source size after voxel downsample: 15093
[Open3D INFO] after prerpocess: 15093
[Open3D INFO] reg_result.fitness: 0.946598, eva fitness: 0.963692
[INFO] [1773650867.080084399]: localization cost: 1366.864000 ms
[Open3D INFO] 

time_diff:1.36696 s, localization right now
[Open3D INFO] before sample, target size: 637703, has normal: true
[Open3D INFO] after sample, target size: 400000, has normal: true
[Open3D INFO] source size: 22221, maxpoints_source_: 80000
[Open3D INFO] source size after voxel downsample: 16522
[Open3D INFO] after prerpocess: 16522
[Open3D INFO] reg_result.fitness: 0.924767, eva fitness: 0.951096
[INFO] [1773650868.252046343]: localization cost: 1171.842000 ms
[Open3D INFO] 

time_diff:1.17196 s, localization right now
[Open3D INFO] 
***
****
***


last map update loc: x: 47.5175, y: -34.473, z2.44093,
                now loc: x: 49.2738, y: -30.91, z2.4354, 3d distance: 3.9724, now needpdate submap
[INFO] [1773650868.350565618]: submap_cost: 98.047000 ms
[Open3D INFO] before sample, target size: 665378, has normal: true
[Open3D INFO] after sample, target size: 400000, has normal: true
[Open3D INFO] source size: 22805, maxpoints_source_: 80000
[Open3D INFO] source size after voxel downsample: 16550
[Open3D INFO] after prerpocess: 16550
[Open3D INFO] reg_result.fitness: 0.954985, eva fitness: 0.980785
[INFO] [1773650869.634282000]: localization cost: 1382.082000 ms
[Open3D INFO] 

time_diff:1.38216 s, localization right now
[Open3D INFO] before sample, target size: 665378, has normal: true
[Open3D INFO] after sample, target size: 400000, has normal: true
[Open3D INFO] source size: 23722, maxpoints_source_: 80000
[Open3D INFO] source size after voxel downsample: 17471
[Open3D INFO] after prerpocess: 17471
[Open3D INFO] reg_result.fitness: 0.941389, eva fitness: 0.966516
[INFO] [1773650870.820435945]: localization cost: 1186.050000 ms
[Open3D INFO] 

time_diff:1.18616 s, localization right now
[Open3D INFO] before sample, target size: 665378, has normal: true
[Open3D INFO] after sample, target size: 400000, has normal: true
[Open3D INFO] source size: 24046, maxpoints_source_: 80000
[Open3D INFO] source size after voxel downsample: 17398
[Open3D INFO] after prerpocess: 17398
[Open3D INFO] reg_result.fitness: 0.916082, eva fitness: 0.949822
[INFO] [1773650872.213853121]: localization cost: 1393.292000 ms
[Open3D INFO] 

time_diff:1.39341 s, localization right now
[Open3D INFO] before sample, target size: 665378, has normal: true
[Open3D INFO] after sample, target size: 400000, has normal: true
[Open3D INFO] source size: 20322, maxpoints_source_: 80000
[Open3D INFO] source size after voxel downsample: 15562
[Open3D INFO] after prerpocess: 15562
[Open3D INFO] reg_result.fitness: 0.926295, eva fitness: 0.946022
[INFO] [1773650873.587259543]: localization cost: 1373.292000 ms
[Open3D INFO] 

time_diff:1.37345 s, localization right now
[Open3D INFO] before sample, target size: 665378, has normal: true
[Open3D INFO] after sample, target size: 400000, has normal: true
[Open3D INFO] source size: 22545, maxpoints_source_: 80000
[Open3D INFO] source size after voxel downsample: 16451
[Open3D INFO] after prerpocess: 16451
[Open3D INFO] reg_result.fitness: 0.93666, eva fitness: 0.951796
[INFO] [1773650874.866240288]: localization cost: 1278.796000 ms
[Open3D INFO] 

time_diff:1.27892 s, localization right now
[Open3D INFO] before sample, target size: 665378, has normal: true
[Open3D INFO] after sample, target size: 400000, has normal: true
[Open3D INFO] source size: 22751, maxpoints_source_: 80000
[Open3D INFO] source size after voxel downsample: 15611
[Open3D INFO] after prerpocess: 15611
[Open3D INFO] reg_result.fitness: 0.940170, eva fitness: 0.958619
[INFO] [1773650875.945312388]: localization cost: 1078.967000 ms
[Open3D INFO] 

time_diff:1.07905 s, localization right now
[Open3D INFO] before sample, target size: 665378, has normal: true
[Open3D INFO] after sample, target size: 400000, has normal: true
[Open3D INFO] source size: 23788, maxpoints_source_: 80000
[Open3D INFO] source size after voxel downsample: 16837
[Open3D INFO] after prerpocess: 16837
[Open3D INFO] reg_result.fitness: 0.940785, eva fitness: 0.957534
[INFO] [1773650876.926270606]: localization cost: 980.865000 ms
[Open3D INFO] 

time_diff:0.980944 s, localization right now
[Open3D INFO] 
***
****
***


last map update loc: x: 49.2738, y: -30.91, z2.4354,
                now loc: x: 50.376, y: -27.1589, z2.37827, 3d distance: 3.91011, now needpdate submap
[INFO] [1773650876.992094896]: submap_cost: 65.549000 ms
[Open3D INFO] before sample, target size: 634761, has normal: true
[Open3D INFO] after sample, target size: 400000, has normal: true
[Open3D INFO] source size: 23062, maxpoints_source_: 80000
[Open3D INFO] source size after voxel downsample: 16515
[Open3D INFO] after prerpocess: 16515
[Open3D INFO] reg_result.fitness: 0.949743, eva fitness: 0.968513
[INFO] [1773650877.947874546]: localization cost: 1021.497000 ms
[Open3D INFO] 

time_diff:1.0216 s, localization right now
[Open3D INFO] before sample, target size: 634761, has normal: true
[Open3D INFO] after sample, target size: 400000, has normal: true
[Open3D INFO] source size: 22732, maxpoints_source_: 80000
[Open3D INFO] source size after voxel downsample: 16066
[Open3D INFO] after prerpocess: 16066
[Open3D INFO] reg_result.fitness: 0.950330, eva fitness: 0.973173
[INFO] [1773650878.932663631]: localization cost: 984.681000 ms
[Open3D INFO] 

time_diff:0.98478 s, localization right now
[Open3D INFO] before sample, target size: 634761, has normal: true
[Open3D INFO] after sample, target size: 400000, has normal: true
[Open3D INFO] source size: 22604, maxpoints_source_: 80000
[Open3D INFO] source size after voxel downsample: 15969
[Open3D INFO] after prerpocess: 15969
[Open3D INFO] reg_result.fitness: 0.959922, eva fitness: 0.978145
[INFO] [1773650880.013441653]: localization cost: 1080.666000 ms
[Open3D INFO] 

time_diff:1.08078 s, localization right now
[Open3D INFO] before sample, target size: 634761, has normal: true
[Open3D INFO] after sample, target size: 400000, has normal: true
[Open3D INFO] source size: 23377, maxpoints_source_: 80000
[Open3D INFO] source size after voxel downsample: 16348
[Open3D INFO] after prerpocess: 16348
[Open3D INFO] reg_result.fitness: 0.933448, eva fitness: 0.956508
[INFO] [1773650881.576330847]: localization cost: 1562.714000 ms
[Open3D INFO] 

time_diff:1.56288 s, localization right now
[Open3D INFO] before sample, target size: 634761, has normal: true
[Open3D INFO] after sample, target size: 400000, has normal: true
[Open3D INFO] source size: 23373, maxpoints_source_: 80000
[Open3D INFO] source size after voxel downsample: 16258
[Open3D INFO] after prerpocess: 16258
[Open3D INFO] reg_result.fitness: 0.932649, eva fitness: 0.944089
[INFO] [1773650882.848884944]: localization cost: 1272.434000 ms
[Open3D INFO] 

time_diff:1.27253 s, localization right now
[Open3D INFO] 
***
****
***


last map update loc: x: 50.376, y: -27.1589, z2.37827,
                now loc: x: 51.8169, y: -23.8865, z2.34083, 3d distance: 3.57578, now needpdate submap
[INFO] [1773650882.914134972]: submap_cost: 64.978000 ms
[Open3D INFO] before sample, target size: 624996, has normal: true
[Open3D INFO] after sample, target size: 400000, has normal: true
[Open3D INFO] source size: 21196, maxpoints_source_: 80000
[Open3D INFO] source size after voxel downsample: 14504
[Open3D INFO] after prerpocess: 14504
[Open3D INFO] reg_result.fitness: 0.932363, eva fitness: 0.94829
[INFO] [1773650883.872922482]: localization cost: 1023.941000 ms
[Open3D INFO] 

time_diff:1.02403 s, localization right now
[Open3D INFO] before sample, target size: 624996, has normal: true
[Open3D INFO] after sample, target size: 400000, has normal: true
[Open3D INFO] source size: 19463, maxpoints_source_: 80000
[Open3D INFO] source size after voxel downsample: 14316
[Open3D INFO] after prerpocess: 14316
[Open3D INFO] reg_result.fitness: 0.921277, eva fitness: 0.93846
[INFO] [1773650884.935291252]: localization cost: 1062.269000 ms
[Open3D INFO] 

time_diff:1.06237 s, localization right now
[Open3D INFO] before sample, target size: 624996, has normal: true
[Open3D INFO] after sample, target size: 400000, has normal: true
[Open3D INFO] source size: 22291, maxpoints_source_: 80000
[Open3D INFO] source size after voxel downsample: 15259
[Open3D INFO] after prerpocess: 15259
[Open3D INFO] reg_result.fitness: 0.923062, eva fitness: 0.936824
[INFO] [1773650886.086379849]: localization cost: 1150.807000 ms
[Open3D INFO] 

time_diff:1.15091 s, localization right now
[Open3D INFO] before sample, target size: 624996, has normal: true
[Open3D INFO] after sample, target size: 400000, has normal: true
[Open3D INFO] source size: 22197, maxpoints_source_: 80000
[Open3D INFO] source size after voxel downsample: 14410
[Open3D INFO] after prerpocess: 14410
[Open3D INFO] reg_result.fitness: 0.95746, eva fitness: 0.975364
[INFO] [1773650886.984071762]: localization cost: 897.432000 ms
[Open3D INFO] 

time_diff:0.897556 s, localization right now
[Open3D INFO] before sample, target size: 624996, has normal: true
[Open3D INFO] after sample, target size: 400000, has normal: true
[Open3D INFO] source size: 24198, maxpoints_source_: 80000
[Open3D INFO] source size after voxel downsample: 15491
[Open3D INFO] after prerpocess: 15491
[Open3D INFO] reg_result.fitness: 0.941256, eva fitness: 0.965141
[INFO] [1773650887.953458975]: localization cost: 969.160000 ms
[Open3D INFO] 

time_diff:0.969243 s, localization right now
[Open3D INFO] before sample, target size: 624996, has normal: true
[Open3D INFO] after sample, target size: 400000, has normal: true
[Open3D INFO] source size: 22682, maxpoints_source_: 80000
[Open3D INFO] source size after voxel downsample: 14883
[Open3D INFO] after prerpocess: 14883
[Open3D INFO] reg_result.fitness: 0.925821, eva fitness: 0.938319
[INFO] [1773650888.938603338]: localization cost: 985.053000 ms
[Open3D INFO] 

time_diff:0.985135 s, localization right now
[Open3D INFO] before sample, target size: 624996, has normal: true
[Open3D INFO] after sample, target size: 400000, has normal: true
[Open3D INFO] source size: 22969, maxpoints_source_: 80000
[Open3D INFO] source size after voxel downsample: 14745
[Open3D INFO] after prerpocess: 14745
[Open3D INFO] reg_result.fitness: 0.949746, eva fitness: 0.964327
[INFO] [1773650890.058400556]: localization cost: 1119.668000 ms
[Open3D INFO] 

time_diff:1.11982 s, localization right now
[Open3D INFO] before sample, target size: 624996, has normal: true
[Open3D INFO] after sample, target size: 400000, has normal: true
[Open3D INFO] source size: 23248, maxpoints_source_: 80000
[Open3D INFO] source size after voxel downsample: 14845
[Open3D INFO] after prerpocess: 14845
[Open3D INFO] reg_result.fitness: 0.931425, eva fitness: 0.945234
[INFO] [1773650891.181956799]: localization cost: 1123.428000 ms
[Open3D INFO] 

time_diff:1.12381 s, localization right now
[Open3D INFO] before sample, target size: 624996, has normal: true
[Open3D INFO] after sample, target size: 400000, has normal: true
[Open3D INFO] source size: 24008, maxpoints_source_: 80000
[Open3D INFO] source size after voxel downsample: 16283
[Open3D INFO] after prerpocess: 16283
[Open3D INFO] reg_result.fitness: 0.937726, eva fitness: 0.951545
[INFO] [1773650892.382958354]: localization cost: 1200.565000 ms
[Open3D INFO] 

time_diff:1.20072 s, localization right now
[Open3D INFO] before sample, target size: 624996, has normal: true
[Open3D INFO] after sample, target size: 400000, has normal: true
[Open3D INFO] source size: 21317, maxpoints_source_: 80000
[Open3D INFO] source size after voxel downsample: 14840
[Open3D INFO] after prerpocess: 14840
[Open3D INFO] reg_result.fitness: 0.961253, eva fitness: 0.972305
[INFO] [1773650893.758979181]: localization cost: 1375.875000 ms
[Open3D INFO] 

time_diff:1.37602 s, localization right now
[Open3D INFO] 
***
****
***


last map update loc: x: 51.8169, y: -23.8865, z2.34083,
                now loc: x: 52.0135, y: -20.048, z2.2955, 3d distance: 3.84379, now needpdate submap
[INFO] [1773650893.870334021]: submap_cost: 110.637000 ms
[Open3D INFO] before sample, target size: 637165, has normal: true
[Open3D INFO] after sample, target size: 399999, has normal: true
[Open3D INFO] source size: 24675, maxpoints_source_: 80000
[Open3D INFO] source size after voxel downsample: 15426
[Open3D INFO] after prerpocess: 15426
[Open3D INFO] reg_result.fitness: 0.968171, eva fitness: 0.9871
[INFO] [1773650895.231903677]: localization cost: 1472.477000 ms
[Open3D INFO] 

time_diff:1.4727 s, localization right now
[Open3D INFO] before sample, target size: 637165, has normal: true
[Open3D INFO] after sample, target size: 399999, has normal: true
[Open3D INFO] source size: 24330, maxpoints_source_: 80000
[Open3D INFO] source size after voxel downsample: 15122
[Open3D INFO] after prerpocess: 15122
[Open3D INFO] reg_result.fitness: 0.945774, eva fitness: 0.988494
[INFO] [1773650896.461172412]: localization cost: 1228.822000 ms
[Open3D INFO] 

time_diff:1.22891 s, localization right now
[Open3D INFO] before sample, target size: 637165, has normal: true
[Open3D INFO] after sample, target size: 399999, has normal: true
[Open3D INFO] source size: 22515, maxpoints_source_: 80000
[Open3D INFO] source size after voxel downsample: 12967
[Open3D INFO] after prerpocess: 12967
[Open3D INFO] reg_result.fitness: 0.940002, eva fitness: 0.98126
[INFO] [1773650897.577930134]: localization cost: 1116.659000 ms
[Open3D INFO] 

time_diff:1.11675 s, localization right now
[Open3D INFO] before sample, target size: 637165, has normal: true
[Open3D INFO] after sample, target size: 399999, has normal: true
[Open3D INFO] source size: 19710, maxpoints_source_: 80000
[Open3D INFO] source size after voxel downsample: 12768
[Open3D INFO] after prerpocess: 12768
[Open3D INFO] reg_result.fitness: 0.968045, eva fitness: 0.982221
[INFO] [1773650898.915680544]: localization cost: 1337.637000 ms
[Open3D INFO] 

time_diff:1.33774 s, localization right now
[Open3D INFO] before sample, target size: 637165, has normal: true
[Open3D INFO] after sample, target size: 399999, has normal: true
[Open3D INFO] source size: 22645, maxpoints_source_: 80000
[Open3D INFO] source size after voxel downsample: 13809
[Open3D INFO] after prerpocess: 13809
[Open3D INFO] reg_result.fitness: 0.961402, eva fitness: 0.972627
[INFO] [1773650900.118562337]: localization cost: 1202.776000 ms
[Open3D INFO] 

time_diff:1.20287 s, localization right now
[Open3D INFO] before sample, target size: 637165, has normal: true
[Open3D INFO] after sample, target size: 399999, has normal: true
[Open3D INFO] source size: 21516, maxpoints_source_: 80000
[Open3D INFO] source size after voxel downsample: 12520
[Open3D INFO] after prerpocess: 12520
[Open3D INFO] reg_result.fitness: 0.974441, eva fitness: 0.989696
[INFO] [1773650901.218904255]: localization cost: 1100.210000 ms
[Open3D INFO] 

time_diff:1.10036 s, localization right now
[Open3D INFO] 
***
****
***


last map update loc: x: 52.0135, y: -20.048, z2.2955,
                now loc: x: 52.7599, y: -16.5507, z2.26718, 3d distance: 3.57619, now needpdate submap
[INFO] [1773650901.303353638]: submap_cost: 83.991000 ms
[Open3D INFO] before sample, target size: 643996, has normal: true
[Open3D INFO] after sample, target size: 400000, has normal: true
[Open3D INFO] source size: 20112, maxpoints_source_: 80000
[Open3D INFO] source size after voxel downsample: 10517
[Open3D INFO] after prerpocess: 10517
[Open3D INFO] reg_result.fitness: 0.957878, eva fitness: 0.99382
[INFO] [1773650902.463287112]: localization cost: 1244.220000 ms
[Open3D INFO] 

time_diff:1.24434 s, localization right now
[Open3D INFO] before sample, target size: 643996, has normal: true
[Open3D INFO] after sample, target size: 400000, has normal: true
[Open3D INFO] source size: 19913, maxpoints_source_: 80000
[Open3D INFO] source size after voxel downsample: 10390
[Open3D INFO] after prerpocess: 10390
[Open3D INFO] reg_result.fitness: 0.961983, eva fitness: 0.985852
[INFO] [1773650903.613039200]: localization cost: 1149.634000 ms
[Open3D INFO] 

time_diff:1.14974 s, localization right now
[Open3D INFO] before sample, target size: 643996, has normal: true
[Open3D INFO] after sample, target size: 400000, has normal: true
[Open3D INFO] source size: 21213, maxpoints_source_: 80000
[Open3D INFO] source size after voxel downsample: 11460
[Open3D INFO] after prerpocess: 11460
[Open3D INFO] reg_result.fitness: 0.946946, eva fitness: 0.98281
[INFO] [1773650905.024844382]: localization cost: 1411.361000 ms
[Open3D INFO] 

time_diff:1.41169 s, localization right now
[Open3D INFO] before sample, target size: 643996, has normal: true
[Open3D INFO] after sample, target size: 400000, has normal: true
[Open3D INFO] source size: 20770, maxpoints_source_: 80000
[Open3D INFO] source size after voxel downsample: 11984
[Open3D INFO] after prerpocess: 11984
[Open3D INFO] reg_result.fitness: 0.946345, eva fitness: 0.975885
[INFO] [1773650906.037732032]: localization cost: 1012.734000 ms
[Open3D INFO] 

time_diff:1.01282 s, localization right now
[Open3D INFO] before sample, target size: 643996, has normal: true
[Open3D INFO] after sample, target size: 400000, has normal: true
[Open3D INFO] source size: 20819, maxpoints_source_: 80000
[Open3D INFO] source size after voxel downsample: 12150
[Open3D INFO] after prerpocess: 12150
[Open3D INFO] reg_result.fitness: 0.921399, eva fitness: 0.946584
[INFO] [1773650907.260225817]: localization cost: 1222.399000 ms
[Open3D INFO] 

time_diff:1.22249 s, localization right now
[Open3D INFO] 
***
****
***


last map update loc: x: 52.7599, y: -16.5507, z2.26718,
                now loc: x: 52.6957, y: -13.0147, z2.21547, 3d distance: 3.53695, now needpdate submap
[INFO] [1773650907.361720181]: submap_cost: 100.931000 ms
[Open3D INFO] before sample, target size: 710646, has normal: true
[Open3D INFO] after sample, target size: 400000, has normal: true
[Open3D INFO] source size: 21858, maxpoints_source_: 80000
[Open3D INFO] source size after voxel downsample: 13073
[Open3D INFO] after prerpocess: 13073
[Open3D INFO] reg_result.fitness: 0.91471, eva fitness: 0.942247
[INFO] [1773650908.632398137]: localization cost: 1372.052000 ms
[Open3D INFO] 

time_diff:1.37218 s, localization right now
[Open3D INFO] before sample, target size: 710646, has normal: true
[Open3D INFO] after sample, target size: 400000, has normal: true
[Open3D INFO] source size: 22935, maxpoints_source_: 80000
[Open3D INFO] source size after voxel downsample: 13727
[Open3D INFO] after prerpocess: 13727
[Open3D INFO] reg_result.fitness: 0.929191, eva fitness: 0.955052
[INFO] [1773650909.957416149]: localization cost: 1324.894000 ms
[Open3D INFO] 

time_diff:1.32498 s, localization right now
[Open3D INFO] before sample, target size: 710646, has normal: true
[Open3D INFO] after sample, target size: 400000, has normal: true
[Open3D INFO] source size: 22958, maxpoints_source_: 80000
[Open3D INFO] source size after voxel downsample: 13188
[Open3D INFO] after prerpocess: 13188
[Open3D INFO] reg_result.fitness: 0.944116, eva fitness: 0.976342
[INFO] [1773650911.026952554]: localization cost: 1069.439000 ms
[Open3D INFO] 

time_diff:1.06952 s, localization right now
[Open3D INFO] before sample, target size: 710646, has normal: true
[Open3D INFO] after sample, target size: 400000, has normal: true
[Open3D INFO] source size: 22935, maxpoints_source_: 80000
[Open3D INFO] source size after voxel downsample: 13646
[Open3D INFO] after prerpocess: 13646
[Open3D INFO] reg_result.fitness: 0.914041, eva fitness: 0.953173
[INFO] [1773650912.128317455]: localization cost: 1101.262000 ms
[Open3D INFO] 

time_diff:1.10136 s, localization right now
[Open3D INFO] before sample, target size: 710646, has normal: true
[Open3D INFO] after sample, target size: 400000, has normal: true
[Open3D INFO] source size: 22851, maxpoints_source_: 80000
[Open3D INFO] source size after voxel downsample: 13638
[Open3D INFO] after prerpocess: 13638
[Open3D INFO] reg_result.fitness: 0.894486, eva fitness: 0.924549
[INFO] [1773650913.166511077]: localization cost: 1038.036000 ms
[Open3D INFO] 

time_diff:1.03822 s, localization right now
[Open3D INFO] before sample, target size: 710646, has normal: true
[Open3D INFO] after sample, target size: 400000, has normal: true
[Open3D INFO] source size: 22828, maxpoints_source_: 80000
[Open3D INFO] source size after voxel downsample: 13816
[Open3D INFO] after prerpocess: 13816
[Open3D INFO] reg_result.fitness: 0.913144, eva fitness: 0.942675
[INFO] [1773650914.363474562]: localization cost: 1196.751000 ms
[Open3D INFO] 

time_diff:1.19696 s, localization right now
[Open3D INFO] before sample, target size: 710646, has normal: true
[Open3D INFO] after sample, target size: 400000, has normal: true
[Open3D INFO] source size: 21279, maxpoints_source_: 80000
[Open3D INFO] source size after voxel downsample: 13455
[Open3D INFO] after prerpocess: 13455
[Open3D INFO] reg_result.fitness: 0.929543, eva fitness: 0.949907
[INFO] [1773650915.533256097]: localization cost: 1169.424000 ms
[Open3D INFO] 

time_diff:1.16952 s, localization right now
[Open3D INFO] 
***
****
***


last map update loc: x: 52.6957, y: -13.0147, z2.21547,
                now loc: x: 51.2539, y: -9.77792, z2.16377, 3d distance: 3.54375, now needpdate submap
[INFO] [1773650915.603543076]: submap_cost: 70.002000 ms
[Open3D INFO] before sample, target size: 718533, has normal: true
[Open3D INFO] after sample, target size: 400000, has normal: true
[Open3D INFO] source size: 23164, maxpoints_source_: 80000
[Open3D INFO] source size after voxel downsample: 13863
[Open3D INFO] after prerpocess: 13863
[Open3D INFO] reg_result.fitness: 0.958018, eva fitness: 0.983048
[INFO] [1773650916.723057608]: localization cost: 1189.657000 ms
[Open3D INFO] 

time_diff:1.18987 s, localization right now
[Open3D INFO] before sample, target size: 718533, has normal: true
[Open3D INFO] after sample, target size: 400000, has normal: true
[Open3D INFO] source size: 24331, maxpoints_source_: 80000
[Open3D INFO] source size after voxel downsample: 14203
[Open3D INFO] after prerpocess: 14203
[Open3D INFO] reg_result.fitness: 0.92396, eva fitness: 0.949377
[INFO] [1773650917.979193368]: localization cost: 1255.767000 ms
[Open3D INFO] 

time_diff:1.25589 s, localization right now
[Open3D INFO] before sample, target size: 718533, has normal: true
[Open3D INFO] after sample, target size: 400000, has normal: true
[Open3D INFO] source size: 23823, maxpoints_source_: 80000
[Open3D INFO] source size after voxel downsample: 15241
[Open3D INFO] after prerpocess: 15241
[Open3D INFO] reg_result.fitness: 0.918509, eva fitness: 0.947182
[INFO] [1773650918.933639459]: localization cost: 954.155000 ms
[Open3D INFO] 

time_diff:0.954329 s, localization right now
[Open3D INFO] before sample, target size: 718533, has normal: true
[Open3D INFO] after sample, target size: 400000, has normal: true
[Open3D INFO] source size: 24858, maxpoints_source_: 80000
[Open3D INFO] source size after voxel downsample: 16355
[Open3D INFO] after prerpocess: 16355
[Open3D INFO] reg_result.fitness: 0.917884, eva fitness: 0.941058
[INFO] [1773650920.106237743]: localization cost: 1172.447000 ms
[Open3D INFO] 

time_diff:1.17255 s, localization right now
[Open3D INFO] before sample, target size: 718533, has normal: true
[Open3D INFO] after sample, target size: 400000, has normal: true
[Open3D INFO] source size: 26497, maxpoints_source_: 80000
[Open3D INFO] source size after voxel downsample: 17263
[Open3D INFO] after prerpocess: 17263
[Open3D INFO] reg_result.fitness: 0.913688, eva fitness: 0.941609
[INFO] [1773650921.348982041]: localization cost: 1242.640000 ms
[Open3D INFO] 

time_diff:1.24293 s, localization right now
[Open3D INFO] before sample, target size: 718533, has normal: true
[Open3D INFO] after sample, target size: 400000, has normal: true
[Open3D INFO] source size: 24878, maxpoints_source_: 80000
[Open3D INFO] source size after voxel downsample: 16471
[Open3D INFO] after prerpocess: 16471
[Open3D INFO] reg_result.fitness: 0.916277, eva fitness: 0.942566
[INFO] [1773650922.560110618]: localization cost: 1210.815000 ms
[Open3D INFO] 

time_diff:1.211 s, localization right now
[Open3D INFO] before sample, target size: 718533, has normal: true
[Open3D INFO] after sample, target size: 400000, has normal: true
[Open3D INFO] source size: 28360, maxpoints_source_: 80000
[Open3D INFO] source size after voxel downsample: 16938
[Open3D INFO] after prerpocess: 16938
[Open3D INFO] reg_result.fitness: 0.932341, eva fitness: 0.958555
[INFO] [1773650923.792879041]: localization cost: 1232.586000 ms
[Open3D INFO] 

time_diff:1.23267 s, localization right now
[Open3D INFO] before sample, target size: 718533, has normal: true
[Open3D INFO] after sample, target size: 400000, has normal: true
[Open3D INFO] source size: 28541, maxpoints_source_: 80000
[Open3D INFO] source size after voxel downsample: 15439
[Open3D INFO] after prerpocess: 15439
[Open3D INFO] reg_result.fitness: 0.942937, eva fitness: 0.968845
[INFO] [1773650924.766479506]: localization cost: 973.481000 ms
[Open3D INFO] 

time_diff:0.973606 s, localization right now
[Open3D INFO] 
***
****
***


last map update loc: x: 51.2539, y: -9.77792, z2.16377,
                now loc: x: 49.4154, y: -6.56619, z2.10067, 3d distance: 3.70126, now needpdate submap
[INFO] [1773650924.835387903]: submap_cost: 68.590000 ms
[Open3D INFO] before sample, target size: 721927, has normal: true
[Open3D INFO] after sample, target size: 400000, has normal: true
[Open3D INFO] source size: 25968, maxpoints_source_: 80000
[Open3D INFO] source size after voxel downsample: 15487
[Open3D INFO] after prerpocess: 15487
[Open3D INFO] reg_result.fitness: 0.945438, eva fitness: 0.970814
[INFO] [1773650925.824236254]: localization cost: 1057.638000 ms
[Open3D INFO] 

time_diff:1.05774 s, localization right now
[Open3D INFO] before sample, target size: 721927, has normal: true
[Open3D INFO] after sample, target size: 400000, has normal: true
[Open3D INFO] source size: 24190, maxpoints_source_: 80000
[Open3D INFO] source size after voxel downsample: 15704
[Open3D INFO] after prerpocess: 15704
[Open3D INFO] reg_result.fitness: 0.930591, eva fitness: 0.956444
[INFO] [1773650926.943974731]: localization cost: 1119.629000 ms
[Open3D INFO] 

time_diff:1.11973 s, localization right now
[Open3D INFO] before sample, target size: 721927, has normal: true
[Open3D INFO] after sample, target size: 400000, has normal: true
[Open3D INFO] source size: 24196, maxpoints_source_: 80000
[Open3D INFO] source size after voxel downsample: 16024
[Open3D INFO] after prerpocess: 16024
[Open3D INFO] reg_result.fitness: 0.930354, eva fitness: 0.958874
[INFO] [1773650928.072607633]: localization cost: 1128.524000 ms
[Open3D INFO] 

time_diff:1.12862 s, localization right now
[Open3D INFO] before sample, target size: 721927, has normal: true
[Open3D INFO] after sample, target size: 400000, has normal: true
[Open3D INFO] source size: 24139, maxpoints_source_: 80000
[Open3D INFO] source size after voxel downsample: 16433
[Open3D INFO] after prerpocess: 16433
[Open3D INFO] reg_result.fitness: 0.914623, eva fitness: 0.941885
[INFO] [1773650929.264824597]: localization cost: 1192.108000 ms
[Open3D INFO] 

time_diff:1.19221 s, localization right now
[Open3D INFO] before sample, target size: 721927, has normal: true
[Open3D INFO] after sample, target size: 400000, has normal: true
[Open3D INFO] source size: 24112, maxpoints_source_: 80000
[Open3D INFO] source size after voxel downsample: 16824
[Open3D INFO] after prerpocess: 16824
[Open3D INFO] reg_result.fitness: 0.908642, eva fitness: 0.93331
[INFO] [1773650930.504072599]: localization cost: 1239.136000 ms
[Open3D INFO] 

time_diff:1.23924 s, localization right now
[Open3D INFO] before sample, target size: 721927, has normal: true
[Open3D INFO] after sample, target size: 400000, has normal: true
[Open3D INFO] source size: 25149, maxpoints_source_: 80000
[Open3D INFO] source size after voxel downsample: 17032
[Open3D INFO] after prerpocess: 17032
[Open3D INFO] reg_result.fitness: 0.907703, eva fitness: 0.935944
[INFO] [1773650931.731965474]: localization cost: 1227.778000 ms
[Open3D INFO] 

time_diff:1.22788 s, localization right now
[Open3D INFO] before sample, target size: 721927, has normal: true
[Open3D INFO] after sample, target size: 400000, has normal: true
[Open3D INFO] source size: 27298, maxpoints_source_: 80000
[Open3D INFO] source size after voxel downsample: 17119
[Open3D INFO] after prerpocess: 17119
[Open3D INFO] reg_result.fitness: 0.914423, eva fitness: 0.945791
[INFO] [1773650932.942595856]: localization cost: 1210.516000 ms
[Open3D INFO] 

time_diff:1.21062 s, localization right now
[Open3D INFO] before sample, target size: 721927, has normal: true
[Open3D INFO] after sample, target size: 400000, has normal: true
[Open3D INFO] source size: 29427, maxpoints_source_: 80000
[Open3D INFO] source size after voxel downsample: 17409
[Open3D INFO] after prerpocess: 17409
[Open3D INFO] reg_result.fitness: 0.927394, eva fitness: 0.958010
[INFO] [1773650934.027241677]: localization cost: 1084.384000 ms
[Open3D INFO] 

time_diff:1.08452 s, localization right now
[Open3D INFO] before sample, target size: 721927, has normal: true
[Open3D INFO] after sample, target size: 400000, has normal: true
[Open3D INFO] source size: 29427, maxpoints_source_: 80000
[Open3D INFO] source size after voxel downsample: 16841
[Open3D INFO] after prerpocess: 16841
[Open3D INFO] reg_result.fitness: 0.927973, eva fitness: 0.961582
[INFO] [1773650935.036097171]: localization cost: 1008.620000 ms
[Open3D INFO] 

time_diff:1.00872 s, localization right now
[Open3D INFO] before sample, target size: 721927, has normal: true
[Open3D INFO] after sample, target size: 400000, has normal: true
[Open3D INFO] source size: 29109, maxpoints_source_: 80000
[Open3D INFO] source size after voxel downsample: 17327
[Open3D INFO] after prerpocess: 17327
[Open3D INFO] reg_result.fitness: 0.927685, eva fitness: 0.964564
[INFO] [1773650936.028214097]: localization cost: 992.018000 ms
[Open3D INFO] 

time_diff:0.992101 s, localization right now
[Open3D INFO] before sample, target size: 721927, has normal: true
[Open3D INFO] after sample, target size: 400000, has normal: true
[Open3D INFO] source size: 28299, maxpoints_source_: 80000
[Open3D INFO] source size after voxel downsample: 16986
[Open3D INFO] after prerpocess: 16986
[Open3D INFO] reg_result.fitness: 0.942776, eva fitness: 0.976157
[INFO] [1773650937.225807302]: localization cost: 1197.488000 ms
[Open3D INFO] 

time_diff:1.19758 s, localization right now
[Open3D INFO] before sample, target size: 721927, has normal: true
[Open3D INFO] after sample, target size: 400000, has normal: true
[Open3D INFO] source size: 27562, maxpoints_source_: 80000
[Open3D INFO] source size after voxel downsample: 16988
[Open3D INFO] after prerpocess: 16988
[Open3D INFO] reg_result.fitness: 0.938898, eva fitness: 0.972392
[INFO] [1773650938.267812880]: localization cost: 1041.901000 ms
[Open3D INFO] 

time_diff:1.04202 s, localization right now
[Open3D INFO] before sample, target size: 721927, has normal: true
[Open3D INFO] after sample, target size: 400000, has normal: true
[Open3D INFO] source size: 27552, maxpoints_source_: 80000
[Open3D INFO] source size after voxel downsample: 16752
[Open3D INFO] after prerpocess: 16752
[Open3D INFO] reg_result.fitness: 0.943828, eva fitness: 0.977197
[INFO] [1773650939.219195556]: localization cost: 951.261000 ms
[Open3D INFO] 

time_diff:0.951343 s, localization right now
[Open3D INFO] before sample, target size: 721927, has normal: true
[Open3D INFO] after sample, target size: 400000, has normal: true
[Open3D INFO] source size: 26738, maxpoints_source_: 80000
[Open3D INFO] source size after voxel downsample: 15702
[Open3D INFO] after prerpocess: 15702
[Open3D INFO] reg_result.fitness: 0.93625, eva fitness: 0.973952
[INFO] [1773650940.195695972]: localization cost: 976.391000 ms
[Open3D INFO] 

time_diff:0.9765 s, localization right now
[Open3D INFO] before sample, target size: 721927, has normal: true
[Open3D INFO] after sample, target size: 400000, has normal: true
[Open3D INFO] source size: 27478, maxpoints_source_: 80000
[Open3D INFO] source size after voxel downsample: 16288
[Open3D INFO] after prerpocess: 16288
[Open3D INFO] reg_result.fitness: 0.954813, eva fitness: 0.984406
[INFO] [1773650941.409277892]: localization cost: 1213.474000 ms
[Open3D INFO] 

time_diff:1.21357 s, localization right now
[Open3D INFO] before sample, target size: 721927, has normal: true
[Open3D INFO] after sample, target size: 400000, has normal: true
[Open3D INFO] source size: 28276, maxpoints_source_: 80000
[Open3D INFO] source size after voxel downsample: 16988
[Open3D INFO] after prerpocess: 16988
[Open3D INFO] reg_result.fitness: 0.947139, eva fitness: 0.98187
[INFO] [1773650942.516488076]: localization cost: 1107.098000 ms
[Open3D INFO] 

time_diff:1.10720 s, localization right now
[Open3D INFO] before sample, target size: 721927, has normal: true
[Open3D INFO] after sample, target size: 400000, has normal: true
[Open3D INFO] source size: 28179, maxpoints_source_: 80000
[Open3D INFO] source size after voxel downsample: 17317
[Open3D INFO] after prerpocess: 17317
[Open3D INFO] reg_result.fitness: 0.947912, eva fitness: 0.980770
[INFO] [1773650943.576047198]: localization cost: 1059.454000 ms
[Open3D INFO] 

time_diff:1.05954 s, localization right now
[Open3D INFO] before sample, target size: 721927, has normal: true
[Open3D INFO] after sample, target size: 400000, has normal: true
[Open3D INFO] source size: 27574, maxpoints_source_: 80000
[Open3D INFO] source size after voxel downsample: 16991
[Open3D INFO] after prerpocess: 16991
[Open3D INFO] reg_result.fitness: 0.945618, eva fitness: 0.975752
[INFO] [1773650944.810318240]: localization cost: 1234.166000 ms
[Open3D INFO] 

time_diff:1.23432 s, localization right now
[Open3D INFO] before sample, target size: 721927, has normal: true
[Open3D INFO] after sample, target size: 400000, has normal: true
[Open3D INFO] source size: 27021, maxpoints_source_: 80000
[Open3D INFO] source size after voxel downsample: 16932
[Open3D INFO] after prerpocess: 16932
[Open3D INFO] reg_result.fitness: 0.949917, eva fitness: 0.976908
[INFO] [1773650945.772416466]: localization cost: 961.611000 ms
[Open3D INFO] 

time_diff:0.961701 s, localization right now
[Open3D INFO] before sample, target size: 721927, has normal: true
[Open3D INFO] after sample, target size: 400000, has normal: true
[Open3D INFO] source size: 26839, maxpoints_source_: 80000
[Open3D INFO] source size after voxel downsample: 16765
[Open3D INFO] after prerpocess: 16765
[Open3D INFO] reg_result.fitness: 0.953892, eva fitness: 0.978109
[INFO] [1773650946.754923292]: localization cost: 982.406000 ms
[Open3D INFO] 

time_diff:0.9825 s, localization right now
[Open3D INFO] 
***
****
***


last map update loc: x: 49.4154, y: -6.56619, z2.10067,
                now loc: x: 46.139, y: -4.35451, z2.04162, 3d distance: 3.95343, now needpdate submap
[INFO] [1773650946.829870707]: submap_cost: 74.627000 ms
[Open3D INFO] before sample, target size: 803674, has normal: true
[Open3D INFO] after sample, target size: 400000, has normal: true
[Open3D INFO] source size: 27515, maxpoints_source_: 80000
[Open3D INFO] source size after voxel downsample: 17439
[Open3D INFO] after prerpocess: 17439
[Open3D INFO] reg_result.fitness: 0.951889, eva fitness: 0.97345
[INFO] [1773650947.773824487]: localization cost: 1018.809000 ms
[Open3D INFO] 

time_diff:1.01889 s, localization right now
[Open3D INFO] before sample, target size: 803674, has normal: true
[Open3D INFO] after sample, target size: 400000, has normal: true
[Open3D INFO] source size: 28212, maxpoints_source_: 80000
[Open3D INFO] source size after voxel downsample: 18019
[Open3D INFO] after prerpocess: 18019
[Open3D INFO] reg_result.fitness: 0.946501, eva fitness: 0.965925
[INFO] [1773650948.941236651]: localization cost: 1167.307000 ms
[Open3D INFO] 

time_diff:1.16742 s, localization right now
[Open3D INFO] before sample, target size: 803674, has normal: true
[Open3D INFO] after sample, target size: 400000, has normal: true
[Open3D INFO] source size: 29278, maxpoints_source_: 80000
[Open3D INFO] source size after voxel downsample: 18989
[Open3D INFO] after prerpocess: 18989
[Open3D INFO] reg_result.fitness: 0.939070, eva fitness: 0.958186
[INFO] [1773650950.118507692]: localization cost: 1177.167000 ms
[Open3D INFO] 

time_diff:1.17725 s, localization right now
[Open3D INFO] before sample, target size: 803674, has normal: true
[Open3D INFO] after sample, target size: 400000, has normal: true
[Open3D INFO] source size: 25990, maxpoints_source_: 80000
[Open3D INFO] source size after voxel downsample: 18194
[Open3D INFO] after prerpocess: 18194
[Open3D INFO] reg_result.fitness: 0.958173, eva fitness: 0.976311
[INFO] [1773650951.109066317]: localization cost: 990.472000 ms
[Open3D INFO] 

time_diff:0.990554 s, localization right now
[Open3D INFO] before sample, target size: 803674, has normal: true
[Open3D INFO] after sample, target size: 400000, has normal: true
[Open3D INFO] source size: 26056, maxpoints_source_: 80000
[Open3D INFO] source size after voxel downsample: 17353
[Open3D INFO] after prerpocess: 17353
[Open3D INFO] reg_result.fitness: 0.966115, eva fitness: 0.990895
[INFO] [1773650952.081969539]: localization cost: 972.814000 ms
[Open3D INFO] 

time_diff:0.972896 s, localization right now
[Open3D INFO] before sample, target size: 803674, has normal: true
[Open3D INFO] after sample, target size: 400000, has normal: true
[Open3D INFO] source size: 26248, maxpoints_source_: 80000
[Open3D INFO] source size after voxel downsample: 17165
[Open3D INFO] after prerpocess: 17165
[Open3D INFO] reg_result.fitness: 0.966618, eva fitness: 0.989047
[INFO] [1773650953.044454181]: localization cost: 962.387000 ms
[Open3D INFO] 

time_diff:0.962484 s, localization right now
[Open3D INFO] before sample, target size: 803674, has normal: true
[Open3D INFO] after sample, target size: 400000, has normal: true
[Open3D INFO] source size: 25610, maxpoints_source_: 80000
[Open3D INFO] source size after voxel downsample: 15484
[Open3D INFO] after prerpocess: 15484
[Open3D INFO] reg_result.fitness: 0.969194, eva fitness: 0.994317
[INFO] [1773650954.220239821]: localization cost: 1175.673000 ms
[Open3D INFO] 

time_diff:1.17579 s, localization right now
[Open3D INFO] before sample, target size: 803674, has normal: true
[Open3D INFO] after sample, target size: 400000, has normal: true
[Open3D INFO] source size: 27060, maxpoints_source_: 80000
[Open3D INFO] source size after voxel downsample: 16208
[Open3D INFO] after prerpocess: 16208
[Open3D INFO] reg_result.fitness: 0.965449, eva fitness: 0.990252
[INFO] [1773650955.288010589]: localization cost: 1067.608000 ms
[Open3D INFO] 

time_diff:1.06774 s, localization right now
[Open3D INFO] before sample, target size: 803674, has normal: true
[Open3D INFO] after sample, target size: 400000, has normal: true
[Open3D INFO] source size: 28024, maxpoints_source_: 80000
[Open3D INFO] source size after voxel downsample: 16256
[Open3D INFO] after prerpocess: 16256
[Open3D INFO] reg_result.fitness: 0.972256, eva fitness: 0.99471
[INFO] [1773650956.312042383]: localization cost: 1023.723000 ms
[Open3D INFO] 

time_diff:1.02382 s, localization right now
[Open3D INFO] before sample, target size: 803674, has normal: true
[Open3D INFO] after sample, target size: 400000, has normal: true
[Open3D INFO] source size: 30171, maxpoints_source_: 80000
[Open3D INFO] source size after voxel downsample: 17339
[Open3D INFO] after prerpocess: 17339
[Open3D INFO] reg_result.fitness: 0.974797, eva fitness: 0.996136
[INFO] [1773650957.432664958]: localization cost: 1120.524000 ms
[Open3D INFO] 

time_diff:1.12061 s, localization right now
[Open3D INFO] 
***
****
***


last map update loc: x: 46.139, y: -4.35451, z2.04162,
                now loc: x: 42.5309, y: -4.1382, z2.05134, 3d distance: 3.61458, now needpdate submap
[INFO] [1773650957.506303458]: submap_cost: 73.292000 ms
[Open3D INFO] before sample, target size: 931974, has normal: true
[Open3D INFO] after sample, target size: 400000, has normal: true
[Open3D INFO] source size: 32161, maxpoints_source_: 80000
[Open3D INFO] source size after voxel downsample: 19099
[Open3D INFO] after prerpocess: 19099
[Open3D INFO] reg_result.fitness: 0.977224, eva fitness: 0.997068
[INFO] [1773650958.516393208]: localization cost: 1083.618000 ms
[Open3D INFO] 

time_diff:1.08373 s, localization right now
[Open3D INFO] before sample, target size: 931974, has normal: true
[Open3D INFO] after sample, target size: 400000, has normal: true
[Open3D INFO] source size: 31571, maxpoints_source_: 80000
[Open3D INFO] source size after voxel downsample: 18250
[Open3D INFO] after prerpocess: 18250
[Open3D INFO] reg_result.fitness: 0.965863, eva fitness: 0.994795
[INFO] [1773650959.779700350]: localization cost: 1263.168000 ms
[Open3D INFO] 

time_diff:1.2633 s, localization right now
[Open3D INFO] before sample, target size: 931974, has normal: true
[Open3D INFO] after sample, target size: 400000, has normal: true
[Open3D INFO] source size: 29343, maxpoints_source_: 80000
[Open3D INFO] source size after voxel downsample: 16995
[Open3D INFO] after prerpocess: 16995
[Open3D INFO] reg_result.fitness: 0.969932, eva fitness: 0.993763
[INFO] [1773650960.932065491]: localization cost: 1152.240000 ms
[Open3D INFO] 

time_diff:1.15235 s, localization right now
[Open3D INFO] before sample, target size: 931974, has normal: true
[Open3D INFO] after sample, target size: 400000, has normal: true
[Open3D INFO] source size: 24896, maxpoints_source_: 80000
[Open3D INFO] source size after voxel downsample: 14295
[Open3D INFO] after prerpocess: 14295
[Open3D INFO] reg_result.fitness: 0.965722, eva fitness: 0.987128
[INFO] [1773650962.086134425]: localization cost: 1153.930000 ms
[Open3D INFO] 

time_diff:1.15408 s, localization right now
[Open3D INFO] before sample, target size: 931974, has normal: true
[Open3D INFO] after sample, target size: 400000, has normal: true
[Open3D INFO] source size: 31712, maxpoints_source_: 80000
[Open3D INFO] source size after voxel downsample: 16644
[Open3D INFO] after prerpocess: 16644
[Open3D INFO] reg_result.fitness: 0.975066, eva fitness: 0.993391
[INFO] [1773650963.158848766]: localization cost: 1072.425000 ms
[Open3D INFO] 

time_diff:1.07253 s, localization right now
[Open3D INFO] before sample, target size: 931974, has normal: true
[Open3D INFO] after sample, target size: 400000, has normal: true
[Open3D INFO] source size: 32483, maxpoints_source_: 80000
[Open3D INFO] source size after voxel downsample: 17839
[Open3D INFO] after prerpocess: 17839
[Open3D INFO] reg_result.fitness: 0.986995, eva fitness: 0.99787
[INFO] [1773650964.353085885]: localization cost: 1194.104000 ms
[Open3D INFO] 

time_diff:1.19424 s, localization right now
[Open3D INFO] before sample, target size: 931974, has normal: true
[Open3D INFO] after sample, target size: 400000, has normal: true
[Open3D INFO] source size: 32963, maxpoints_source_: 80000
[Open3D INFO] source size after voxel downsample: 17901
[Open3D INFO] after prerpocess: 17901
[Open3D INFO] reg_result.fitness: 0.972851, eva fitness: 0.995363
[INFO] [1773650965.702713902]: localization cost: 1349.339000 ms
[Open3D INFO] 

time_diff:1.34943 s, localization right now
[Open3D INFO] 
***
****
***


last map update loc: x: 42.5309, y: -4.1382, z2.05134,
                now loc: x: 38.2543, y: -4.20563, z2.05196, 3d distance: 4.27711, now needpdate submap
[INFO] [1773650965.777729547]: submap_cost: 74.691000 ms
[Open3D INFO] before sample, target size: 959890, has normal: true
[Open3D INFO] after sample, target size: 400000, has normal: true
[Open3D INFO] source size: 29876, maxpoints_source_: 80000
[Open3D INFO] source size after voxel downsample: 17310
[Open3D INFO] after prerpocess: 17310
[Open3D INFO] reg_result.fitness: 0.972328, eva fitness: 0.996072
[INFO] [1773650966.789261104]: localization cost: 1086.446000 ms
[Open3D INFO] 

time_diff:1.08654 s, localization right now
[Open3D INFO] before sample, target size: 959890, has normal: true
[Open3D INFO] after sample, target size: 400000, has normal: true
[Open3D INFO] source size: 24738, maxpoints_source_: 80000
[Open3D INFO] source size after voxel downsample: 14798
[Open3D INFO] after prerpocess: 14798
[Open3D INFO] reg_result.fitness: 0.982836, eva fitness: 0.997838
[INFO] [1773650967.836308375]: localization cost: 1046.823000 ms
[Open3D INFO] 

time_diff:1.04693 s, localization right now
[Open3D INFO] before sample, target size: 959890, has normal: true
[Open3D INFO] after sample, target size: 400000, has normal: true
[Open3D INFO] source size: 32254, maxpoints_source_: 80000
[Open3D INFO] source size after voxel downsample: 18808
[Open3D INFO] after prerpocess: 18808
[Open3D INFO] reg_result.fitness: 0.987824, eva fitness: 0.99883
[INFO] [1773650968.882499927]: localization cost: 1046.081000 ms
[Open3D INFO] 

time_diff:1.04618 s, localization right now
[Open3D INFO] before sample, target size: 959890, has normal: true
[Open3D INFO] after sample, target size: 400000, has normal: true
[Open3D INFO] source size: 34917, maxpoints_source_: 80000
[Open3D INFO] source size after voxel downsample: 19754
[Open3D INFO] after prerpocess: 19754
[Open3D INFO] reg_result.fitness: 0.984611, eva fitness: 0.997773
[INFO] [1773650970.033359018]: localization cost: 1150.735000 ms
[Open3D INFO] 

time_diff:1.15087 s, localization right now
[Open3D INFO] before sample, target size: 959890, has normal: true
[Open3D INFO] after sample, target size: 400000, has normal: true
[Open3D INFO] source size: 35656, maxpoints_source_: 80000
[Open3D INFO] source size after voxel downsample: 19355
[Open3D INFO] after prerpocess: 19355
[Open3D INFO] reg_result.fitness: 0.972307, eva fitness: 0.994885
[INFO] [1773650971.070201883]: localization cost: 1036.709000 ms
[Open3D INFO] 

time_diff:1.03681 s, localization right now
[Open3D INFO] before sample, target size: 959890, has normal: true
[Open3D INFO] after sample, target size: 400000, has normal: true
[Open3D INFO] source size: 32665, maxpoints_source_: 80000
[Open3D INFO] source size after voxel downsample: 18401
[Open3D INFO] after prerpocess: 18401
[Open3D INFO] reg_result.fitness: 0.977284, eva fitness: 0.99375
[INFO] [1773650972.062502155]: localization cost: 992.185000 ms
[Open3D INFO] 

time_diff:0.992305 s, localization right now
[Open3D INFO] before sample, target size: 959890, has normal: true
[Open3D INFO] after sample, target size: 400000, has normal: true
[Open3D INFO] source size: 33456, maxpoints_source_: 80000
[Open3D INFO] source size after voxel downsample: 19062
[Open3D INFO] after prerpocess: 19062
[Open3D INFO] reg_result.fitness: 0.973822, eva fitness: 0.986832
[INFO] [1773650973.297801036]: localization cost: 1234.934000 ms
[Open3D INFO] 

time_diff:1.2351 s, localization right now
[Open3D INFO] 
***
****
***


last map update loc: x: 38.2543, y: -4.20563, z2.05196,
                now loc: x: 34.7255, y: -4.62702, z2.07147, 3d distance: 3.55394, now needpdate submap
[INFO] [1773650973.403699479]: submap_cost: 105.311000 ms
[Open3D INFO] before sample, target size: 1041889, has normal: true
[Open3D INFO] after sample, target size: 400000, has normal: true
[Open3D INFO] source size: 36401, maxpoints_source_: 80000
[Open3D INFO] source size after voxel downsample: 19435
[Open3D INFO] after prerpocess: 19435
[Open3D INFO] reg_result.fitness: 0.982351, eva fitness: 0.996707
[INFO] [1773650974.629178132]: localization cost: 1331.214000 ms
[Open3D INFO] 

time_diff:1.33133 s, localization right now
[Open3D INFO] before sample, target size: 1041889, has normal: true
[Open3D INFO] after sample, target size: 400000, has normal: true
[Open3D INFO] source size: 33022, maxpoints_source_: 80000
[Open3D INFO] source size after voxel downsample: 17937
[Open3D INFO] after prerpocess: 17937
[Open3D INFO] reg_result.fitness: 0.974299, eva fitness: 0.996376
[INFO] [1773650975.882918503]: localization cost: 1253.619000 ms
[Open3D INFO] 

time_diff:1.25373 s, localization right now
[Open3D INFO] before sample, target size: 1041889, has normal: true
[Open3D INFO] after sample, target size: 400000, has normal: true
[Open3D INFO] source size: 33320, maxpoints_source_: 80000
[Open3D INFO] source size after voxel downsample: 18288
[Open3D INFO] after prerpocess: 18288
[Open3D INFO] reg_result.fitness: 0.979987, eva fitness: 0.995735
[INFO] [1773650977.026057686]: localization cost: 1143.024000 ms
[Open3D INFO] 

time_diff:1.14313 s, localization right now
[Open3D INFO] before sample, target size: 1041889, has normal: true
[Open3D INFO] after sample, target size: 400000, has normal: true
[Open3D INFO] source size: 32019, maxpoints_source_: 80000
[Open3D INFO] source size after voxel downsample: 18013
[Open3D INFO] after prerpocess: 18013
[Open3D INFO] reg_result.fitness: 0.9698, eva fitness: 0.993338
[INFO] [1773650978.595096506]: localization cost: 1568.923000 ms
[Open3D INFO] 

time_diff:1.56904 s, localization right now
[Open3D INFO] before sample, target size: 1041889, has normal: true
[Open3D INFO] after sample, target size: 400000, has normal: true
[Open3D INFO] source size: 33748, maxpoints_source_: 80000
[Open3D INFO] source size after voxel downsample: 17507
[Open3D INFO] after prerpocess: 17507
[Open3D INFO] reg_result.fitness: 0.966071, eva fitness: 0.981379
[INFO] [1773650980.334824017]: localization cost: 1739.587000 ms
[Open3D INFO] 

time_diff:1.73973 s, localization right now
[Open3D INFO] before sample, target size: 1041889, has normal: true
[Open3D INFO] after sample, target size: 400000, has normal: true
[Open3D INFO] source size: 33529, maxpoints_source_: 80000
[Open3D INFO] source size after voxel downsample: 15011
[Open3D INFO] after prerpocess: 15011
[Open3D INFO] reg_result.fitness: 0.97282, eva fitness: 0.98661
[INFO] [1773650981.653177281]: localization cost: 1318.219000 ms
[Open3D INFO] 

time_diff:1.31832 s, localization right now
[Open3D INFO] before sample, target size: 1041889, has normal: true
[Open3D INFO] after sample, target size: 400000, has normal: true
[Open3D INFO] source size: 33672, maxpoints_source_: 80000
[Open3D INFO] source size after voxel downsample: 14800
[Open3D INFO] after prerpocess: 14800
[Open3D INFO] reg_result.fitness: 0.973986, eva fitness: 0.987027
[INFO] [1773650982.763760214]: localization cost: 1110.473000 ms
[Open3D INFO] 

time_diff:1.11074 s, localization right now
[Open3D INFO] before sample, target size: 1041889, has normal: true
[Open3D INFO] after sample, target size: 400000, has normal: true
[Open3D INFO] source size: 33706, maxpoints_source_: 80000
[Open3D INFO] source size after voxel downsample: 14598
[Open3D INFO] after prerpocess: 14598
[Open3D INFO] reg_result.fitness: 0.973969, eva fitness: 0.986505
[INFO] [1773650983.975385781]: localization cost: 1211.330000 ms
[Open3D INFO] 

time_diff:1.21146 s, localization right now
[Open3D INFO] before sample, target size: 1041889, has normal: true
[Open3D INFO] after sample, target size: 400000, has normal: true
[Open3D INFO] source size: 33473, maxpoints_source_: 80000
[Open3D INFO] source size after voxel downsample: 14692
[Open3D INFO] after prerpocess: 14692
[Open3D INFO] reg_result.fitness: 0.973591, eva fitness: 0.986659
[INFO] [1773650985.211188782]: localization cost: 1235.519000 ms
[Open3D INFO] 

time_diff:1.23564 s, localization right now
[Open3D INFO] before sample, target size: 1041889, has normal: true
[Open3D INFO] after sample, target size: 400000, has normal: true
[Open3D INFO] source size: 33464, maxpoints_source_: 80000
[Open3D INFO] source size after voxel downsample: 14507
[Open3D INFO] after prerpocess: 14507
[Open3D INFO] reg_result.fitness: 0.974426, eva fitness: 0.986558
[INFO] [1773650986.517187302]: localization cost: 1305.729000 ms
[Open3D INFO] 

time_diff:1.30583 s, localization right now
[Open3D INFO] before sample, target size: 1041889, has normal: true
[Open3D INFO] after sample, target size: 400000, has normal: true
[Open3D INFO] source size: 33582, maxpoints_source_: 80000
[Open3D INFO] source size after voxel downsample: 14921
[Open3D INFO] after prerpocess: 14921
[Open3D INFO] reg_result.fitness: 0.973125, eva fitness: 0.988272
[INFO] [1773650987.486010172]: localization cost: 968.711000 ms
[Open3D INFO] 

time_diff:0.968823 s, localization right now
[Open3D INFO] before sample, target size: 1041889, has normal: true
[Open3D INFO] after sample, target size: 400000, has normal: true
[Open3D INFO] source size: 33325, maxpoints_source_: 80000
[Open3D INFO] source size after voxel downsample: 14790
[Open3D INFO] after prerpocess: 14790
[Open3D INFO] reg_result.fitness: 0.973631, eva fitness: 0.986883
[INFO] [1773650988.613859820]: localization cost: 1127.730000 ms
[Open3D INFO] 

time_diff:1.12794 s, localization right now
[Open3D INFO] before sample, target size: 1041889, has normal: true
[Open3D INFO] after sample, target size: 400000, has normal: true
[Open3D INFO] source size: 33545, maxpoints_source_: 80000
[Open3D INFO] source size after voxel downsample: 14618
[Open3D INFO] after prerpocess: 14618
[Open3D INFO] reg_result.fitness: 0.972705, eva fitness: 0.987413
[INFO] [1773650989.719980626]: localization cost: 1105.676000 ms
[Open3D INFO] 

time_diff:1.10576 s, localization right now
[Open3D INFO] before sample, target size: 1041889, has normal: true
[Open3D INFO] after sample, target size: 400000, has normal: true
[Open3D INFO] source size: 31758, maxpoints_source_: 80000
[Open3D INFO] source size after voxel downsample: 13583
[Open3D INFO] after prerpocess: 13583
[Open3D INFO] reg_result.fitness: 0.970699, eva fitness: 0.987043
[INFO] [1773650990.981912446]: localization cost: 1261.809000 ms
[Open3D INFO] 

time_diff:1.26194 s, localization right now
[Open3D INFO] before sample, target size: 1041889, has normal: true
[Open3D INFO] after sample, target size: 400000, has normal: true
[Open3D INFO] source size: 33475, maxpoints_source_: 80000
[Open3D INFO] source size after voxel downsample: 14595
[Open3D INFO] after prerpocess: 14595
[Open3D INFO] reg_result.fitness: 0.972799, eva fitness: 0.987187
[INFO] [1773650992.191683400]: localization cost: 1209.650000 ms
[Open3D INFO] 

time_diff:1.20975 s, localization right now
[Open3D INFO] before sample, target size: 1041889, has normal: true
[Open3D INFO] after sample, target size: 400000, has normal: true
[Open3D INFO] source size: 33431, maxpoints_source_: 80000
[Open3D INFO] source size after voxel downsample: 14410
[Open3D INFO] after prerpocess: 14410
[Open3D INFO] reg_result.fitness: 0.973976, eva fitness: 0.987509
[INFO] [1773650993.424040546]: localization cost: 1232.196000 ms
[Open3D INFO] 

time_diff:1.23236 s, localization right now
[Open3D INFO] before sample, target size: 1041889, has normal: true
[Open3D INFO] after sample, target size: 400000, has normal: true
[Open3D INFO] source size: 33389, maxpoints_source_: 80000
[Open3D INFO] source size after voxel downsample: 14516
[Open3D INFO] after prerpocess: 14516
[Open3D INFO] reg_result.fitness: 0.974718, eva fitness: 0.989047
[INFO] [1773650994.626067880]: localization cost: 1201.910000 ms
[Open3D INFO] 

time_diff:1.20201 s, localization right now
[Open3D INFO] before sample, target size: 1041889, has normal: true
[Open3D INFO] after sample, target size: 400000, has normal: true
[Open3D INFO] source size: 33021, maxpoints_source_: 80000
[Open3D INFO] source size after voxel downsample: 14404
[Open3D INFO] after prerpocess: 14404
[Open3D INFO] reg_result.fitness: 0.974104, eva fitness: 0.987851
[INFO] [1773650995.744730384]: localization cost: 1118.558000 ms
[Open3D INFO] 

time_diff:1.11871 s, localization right now
[Open3D INFO] before sample, target size: 1041889, has normal: true
[Open3D INFO] after sample, target size: 400000, has normal: true
[Open3D INFO] source size: 32934, maxpoints_source_: 80000
[Open3D INFO] source size after voxel downsample: 14420
[Open3D INFO] after prerpocess: 14420
[Open3D INFO] reg_result.fitness: 0.972885, eva fitness: 0.986408
[INFO] [1773650996.943756684]: localization cost: 1198.757000 ms
[Open3D INFO] 

time_diff:1.19886 s, localization right now
[Open3D INFO] before sample, target size: 1041889, has normal: true
[Open3D INFO] after sample, target size: 400000, has normal: true
[Open3D INFO] source size: 32810, maxpoints_source_: 80000
[Open3D INFO] source size after voxel downsample: 14387
[Open3D INFO] after prerpocess: 14387
[Open3D INFO] reg_result.fitness: 0.973448, eva fitness: 0.987211
[INFO] [1773650998.112957835]: localization cost: 1169.094000 ms
[Open3D INFO] 

time_diff:1.16918 s, localization right now
[Open3D INFO] before sample, target size: 1041889, has normal: true
[Open3D INFO] after sample, target size: 400000, has normal: true
[Open3D INFO] source size: 33789, maxpoints_source_: 80000
[Open3D INFO] source size after voxel downsample: 14792
[Open3D INFO] after prerpocess: 14792
[Open3D INFO] reg_result.fitness: 0.966604, eva fitness: 0.983099
[INFO] [1773650999.186766050]: localization cost: 1073.710000 ms
[Open3D INFO] 

time_diff:1.07381 s, localization right now
[Open3D INFO] before sample, target size: 1041889, has normal: true
[Open3D INFO] after sample, target size: 400000, has normal: true
[Open3D INFO] source size: 34044, maxpoints_source_: 80000
[Open3D INFO] source size after voxel downsample: 14545
[Open3D INFO] after prerpocess: 14545
[Open3D INFO] reg_result.fitness: 0.976487, eva fitness: 0.988656
[INFO] [1773651000.302353725]: localization cost: 1115.319000 ms
[Open3D INFO] 

time_diff:1.11547 s, localization right now
[Open3D INFO] before sample, target size: 1041889, has normal: true
[Open3D INFO] after sample, target size: 400000, has normal: true
[Open3D INFO] source size: 34075, maxpoints_source_: 80000
[Open3D INFO] source size after voxel downsample: 14608
[Open3D INFO] after prerpocess: 14608
[Open3D INFO] reg_result.fitness: 0.975904, eva fitness: 0.988499
[INFO] [1773651001.435344984]: localization cost: 1132.819000 ms
[Open3D INFO] 

time_diff:1.13299 s, localization right now
[Open3D INFO] before sample, target size: 1041889, has normal: true
[Open3D INFO] after sample, target size: 400000, has normal: true
[Open3D INFO] source size: 33903, maxpoints_source_: 80000
[Open3D INFO] source size after voxel downsample: 14841
[Open3D INFO] after prerpocess: 14841
[Open3D INFO] reg_result.fitness: 0.976349, eva fitness: 0.989017
[INFO] [1773651002.504978128]: localization cost: 1069.303000 ms
[Open3D INFO] 

time_diff:1.0694 s, localization right now
[Open3D INFO] before sample, target size: 1041889, has normal: true
[Open3D INFO] after sample, target size: 400000, has normal: true
[Open3D INFO] source size: 33994, maxpoints_source_: 80000
[Open3D INFO] source size after voxel downsample: 14858
[Open3D INFO] after prerpocess: 14858
[Open3D INFO] reg_result.fitness: 0.976847, eva fitness: 0.990039
[INFO] [1773651003.585272050]: localization cost: 1080.191000 ms
[Open3D INFO] 

time_diff:1.08029 s, localization right now
[Open3D INFO] before sample, target size: 1041889, has normal: true
[Open3D INFO] after sample, target size: 400000, has normal: true
[Open3D INFO] source size: 34002, maxpoints_source_: 80000
[Open3D INFO] source size after voxel downsample: 15268
[Open3D INFO] after prerpocess: 15268
[Open3D INFO] reg_result.fitness: 0.977273, eva fitness: 0.988931
[INFO] [1773651005.047342810]: localization cost: 1461.777000 ms
[Open3D INFO] 

time_diff:1.46191 s, localization right now
[Open3D INFO] 
***
****
***


last map update loc: x: 34.7255, y: -4.62702, z2.07147,
                now loc: x: 31.2353, y: -5.58289, z2.12552, 3d distance: 3.61909, now needpdate submap
[INFO] [1773651005.174126727]: submap_cost: 126.336000 ms
[Open3D INFO] before sample, target size: 1090390, has normal: true
[Open3D INFO] after sample, target size: 400000, has normal: true
[Open3D INFO] source size: 32996, maxpoints_source_: 80000
[Open3D INFO] source size after voxel downsample: 16764
[Open3D INFO] after prerpocess: 16764
[Open3D INFO] reg_result.fitness: 0.984848, eva fitness: 0.997316
[INFO] [1773651006.519151939]: localization cost: 1471.702000 ms
[Open3D INFO] 

time_diff:1.47179 s, localization right now
[Open3D INFO] before sample, target size: 1090390, has normal: true
[Open3D INFO] after sample, target size: 400000, has normal: true
[Open3D INFO] source size: 33768, maxpoints_source_: 80000
[Open3D INFO] source size after voxel downsample: 16261
[Open3D INFO] after prerpocess: 16261
[Open3D INFO] reg_result.fitness: 0.986655, eva fitness: 0.996187
[INFO] [1773651007.656280637]: localization cost: 1137.018000 ms
[Open3D INFO] 

time_diff:1.13713 s, localization right now
[Open3D INFO] before sample, target size: 1090390, has normal: true
[Open3D INFO] after sample, target size: 400000, has normal: true
[Open3D INFO] source size: 33907, maxpoints_source_: 80000
[Open3D INFO] source size after voxel downsample: 15716
[Open3D INFO] after prerpocess: 15716
[Open3D INFO] reg_result.fitness: 0.956096, eva fitness: 0.974357
[INFO] [1773651008.739531943]: localization cost: 1083.137000 ms
[Open3D INFO] 

time_diff:1.08323 s, localization right now
[Open3D INFO] before sample, target size: 1090390, has normal: true
[Open3D INFO] after sample, target size: 400000, has normal: true
[Open3D INFO] source size: 32932, maxpoints_source_: 80000
[Open3D INFO] source size after voxel downsample: 15811
[Open3D INFO] after prerpocess: 15811
[Open3D INFO] reg_result.fitness: 0.961419, eva fitness: 0.985516
[INFO] [1773651009.723408851]: localization cost: 983.773000 ms
[Open3D INFO] 

time_diff:0.983861 s, localization right now
[Open3D INFO] before sample, target size: 1090390, has normal: true
[Open3D INFO] after sample, target size: 400000, has normal: true
[Open3D INFO] source size: 31953, maxpoints_source_: 80000
[Open3D INFO] source size after voxel downsample: 15601
[Open3D INFO] after prerpocess: 15601
[Open3D INFO] reg_result.fitness: 0.95199, eva fitness: 0.972053
[INFO] [1773651010.747148042]: localization cost: 1023.633000 ms
[Open3D INFO] 

time_diff:1.02373 s, localization right now
[Open3D INFO] before sample, target size: 1090390, has normal: true
[Open3D INFO] after sample, target size: 400000, has normal: true
[Open3D INFO] source size: 30985, maxpoints_source_: 80000
[Open3D INFO] source size after voxel downsample: 15931
[Open3D INFO] after prerpocess: 15931
[Open3D INFO] reg_result.fitness: 0.940368, eva fitness: 0.96171
[INFO] [1773651011.891416044]: localization cost: 1144.164000 ms
[Open3D INFO] 

time_diff:1.14427 s, localization right now
[Open3D INFO] 
***
****
***


last map update loc: x: 31.2353, y: -5.58289, z2.12552,
                now loc: x: 27.1626, y: -5.6844, z2.08782, 3d distance: 4.07419, now needpdate submap
[INFO] [1773651012.016573742]: submap_cost: 124.804000 ms
[Open3D INFO] before sample, target size: 1150237, has normal: true
[Open3D INFO] after sample, target size: 400000, has normal: true
[Open3D INFO] source size: 29585, maxpoints_source_: 80000
[Open3D INFO] source size after voxel downsample: 15253
[Open3D INFO] after prerpocess: 15253
[Open3D INFO] reg_result.fitness: 0.977054, eva fitness: 0.997181
[INFO] [1773651013.269394838]: localization cost: 1377.853000 ms
[Open3D INFO] 

time_diff:1.37797 s, localization right now
[Open3D INFO] before sample, target size: 1150237, has normal: true
[Open3D INFO] after sample, target size: 400000, has normal: true
[Open3D INFO] source size: 27522, maxpoints_source_: 80000
[Open3D INFO] source size after voxel downsample: 14330
[Open3D INFO] after prerpocess: 14330
[Open3D INFO] reg_result.fitness: 0.985973, eva fitness: 0.992533
[INFO] [1773651014.590792115]: localization cost: 1321.277000 ms
[Open3D INFO] 

time_diff:1.32139 s, localization right now
[Open3D INFO] before sample, target size: 1150237, has normal: true
[Open3D INFO] after sample, target size: 400000, has normal: true
[Open3D INFO] source size: 28005, maxpoints_source_: 80000
[Open3D INFO] source size after voxel downsample: 15319
[Open3D INFO] after prerpocess: 15319
[Open3D INFO] reg_result.fitness: 0.987532, eva fitness: 0.998564
[INFO] [1773651015.824900573]: localization cost: 1233.985000 ms
[Open3D INFO] 

time_diff:1.2341 s, localization right now
[Open3D INFO] before sample, target size: 1150237, has normal: true
[Open3D INFO] after sample, target size: 400000, has normal: true
[Open3D INFO] source size: 27839, maxpoints_source_: 80000
[Open3D INFO] source size after voxel downsample: 14217
[Open3D INFO] after prerpocess: 14217
[Open3D INFO] reg_result.fitness: 0.984596, eva fitness: 0.998031
[INFO] [1773651017.124167744]: localization cost: 1298.962000 ms
[Open3D INFO] 

time_diff:1.29913 s, localization right now
[Open3D INFO] before sample, target size: 1150237, has normal: true
[Open3D INFO] after sample, target size: 400000, has normal: true
[Open3D INFO] source size: 27669, maxpoints_source_: 80000
[Open3D INFO] source size after voxel downsample: 13362
[Open3D INFO] after prerpocess: 13362
[Open3D INFO] reg_result.fitness: 0.986005, eva fitness: 0.996707
[INFO] [1773651018.532957203]: localization cost: 1408.641000 ms
[Open3D INFO] 

time_diff:1.40880 s, localization right now
[Open3D INFO] before sample, target size: 1150237, has normal: true
[Open3D INFO] after sample, target size: 400000, has normal: true
[Open3D INFO] source size: 27935, maxpoints_source_: 80000
[Open3D INFO] source size after voxel downsample: 13374
[Open3D INFO] after prerpocess: 13374
[Open3D INFO] reg_result.fitness: 0.982204, eva fitness: 0.996635
[INFO] [1773651019.735186275]: localization cost: 1202.056000 ms
[Open3D INFO] 

time_diff:1.20216 s, localization right now
[Open3D INFO] before sample, target size: 1150237, has normal: true
[Open3D INFO] after sample, target size: 400000, has normal: true
[Open3D INFO] source size: 28002, maxpoints_source_: 80000
[Open3D INFO] source size after voxel downsample: 12751
[Open3D INFO] after prerpocess: 12751
[Open3D INFO] reg_result.fitness: 0.981335, eva fitness: 0.996236
[INFO] [1773651020.691328913]: localization cost: 956.037000 ms
[Open3D INFO] 

time_diff:0.956141 s, localization right now
[Open3D INFO] before sample, target size: 1150237, has normal: true
[Open3D INFO] after sample, target size: 400000, has normal: true
[Open3D INFO] source size: 27772, maxpoints_source_: 80000
[Open3D INFO] source size after voxel downsample: 12450
[Open3D INFO] after prerpocess: 12450
[Open3D INFO] reg_result.fitness: 0.984578, eva fitness: 0.995904
[INFO] [1773651021.650209854]: localization cost: 958.781000 ms
[Open3D INFO] 

time_diff:0.958864 s, localization right now
[Open3D INFO] before sample, target size: 1150237, has normal: true
[Open3D INFO] after sample, target size: 400000, has normal: true
[Open3D INFO] source size: 27392, maxpoints_source_: 80000
[Open3D INFO] source size after voxel downsample: 12534
[Open3D INFO] after prerpocess: 12534
[Open3D INFO] reg_result.fitness: 0.984841, eva fitness: 0.995851
[INFO] [1773651022.626240065]: localization cost: 975.939000 ms
[Open3D INFO] 

time_diff:0.976023 s, localization right now
[Open3D INFO] before sample, target size: 1150237, has normal: true
[Open3D INFO] after sample, target size: 400000, has normal: true
[Open3D INFO] source size: 28164, maxpoints_source_: 80000
[Open3D INFO] source size after voxel downsample: 13339
[Open3D INFO] after prerpocess: 13339
[Open3D INFO] reg_result.fitness: 0.983432, eva fitness: 0.995427
[INFO] [1773651023.700374823]: localization cost: 1074.021000 ms
[Open3D INFO] 

time_diff:1.07414 s, localization right now
[Open3D INFO] before sample, target size: 1150237, has normal: true
[Open3D INFO] after sample, target size: 400000, has normal: true
[Open3D INFO] source size: 29111, maxpoints_source_: 80000
[Open3D INFO] source size after voxel downsample: 13643
[Open3D INFO] after prerpocess: 13643
[Open3D INFO] reg_result.fitness: 0.984388, eva fitness: 0.996408
[INFO] [1773651024.846572802]: localization cost: 1145.899000 ms
[Open3D INFO] 

time_diff:1.146 s, localization right now
[Open3D INFO] before sample, target size: 1150237, has normal: true
[Open3D INFO] after sample, target size: 400000, has normal: true
[Open3D INFO] source size: 29135, maxpoints_source_: 80000
[Open3D INFO] source size after voxel downsample: 13474
[Open3D INFO] after prerpocess: 13474
[Open3D INFO] reg_result.fitness: 0.98345, eva fitness: 0.995027
[INFO] [1773651025.945347606]: localization cost: 1098.518000 ms
[Open3D INFO] 

time_diff:1.09861 s, localization right now
[Open3D INFO] before sample, target size: 1150237, has normal: true
[Open3D INFO] after sample, target size: 400000, has normal: true
[Open3D INFO] source size: 29321, maxpoints_source_: 80000
[Open3D INFO] source size after voxel downsample: 13961
[Open3D INFO] after prerpocess: 13961
[Open3D INFO] reg_result.fitness: 0.979514, eva fitness: 0.995201
[INFO] [1773651027.177475307]: localization cost: 1232.007000 ms
[Open3D INFO] 

time_diff:1.23213 s, localization right now
[Open3D INFO] before sample, target size: 1150237, has normal: true
[Open3D INFO] after sample, target size: 400000, has normal: true
[Open3D INFO] source size: 28996, maxpoints_source_: 80000
[Open3D INFO] source size after voxel downsample: 14846
[Open3D INFO] after prerpocess: 14846
[Open3D INFO] reg_result.fitness: 0.981611, eva fitness: 0.996699
[INFO] [1773651028.303618028]: localization cost: 1126.024000 ms
[Open3D INFO] 

time_diff:1.12618 s, localization right now
[Open3D INFO] before sample, target size: 1150237, has normal: true
[Open3D INFO] after sample, target size: 400000, has normal: true
[Open3D INFO] source size: 29135, maxpoints_source_: 80000
[Open3D INFO] source size after voxel downsample: 15930
[Open3D INFO] after prerpocess: 15930
[Open3D INFO] reg_result.fitness: 0.977589, eva fitness: 0.995857
[INFO] [1773651029.359871306]: localization cost: 1055.340000 ms
[Open3D INFO] 

time_diff:1.05545 s, localization right now
[Open3D INFO] before sample, target size: 1150237, has normal: true
[Open3D INFO] after sample, target size: 400000, has normal: true
[Open3D INFO] source size: 29336, maxpoints_source_: 80000
[Open3D INFO] source size after voxel downsample: 16691
[Open3D INFO] after prerpocess: 16691
[Open3D INFO] reg_result.fitness: 0.975676, eva fitness: 0.996345
[INFO] [1773651030.332888034]: localization cost: 972.918000 ms
[Open3D INFO] 

time_diff:0.973001 s, localization right now
[Open3D INFO] before sample, target size: 1150237, has normal: true
[Open3D INFO] after sample, target size: 400000, has normal: true
[Open3D INFO] source size: 28271, maxpoints_source_: 80000
[Open3D INFO] source size after voxel downsample: 16547
[Open3D INFO] after prerpocess: 16547
[Open3D INFO] reg_result.fitness: 0.973228, eva fitness: 0.994682
[INFO] [1773651031.342058958]: localization cost: 1009.057000 ms
[Open3D INFO] 

time_diff:1.00918 s, localization right now
[Open3D INFO] 
***
****
***


last map update loc: x: 27.1626, y: -5.6844, z2.08782,
                now loc: x: 23.1836, y: -5.07917, z2.05833, 3d distance: 4.02483, now needpdate submap
[INFO] [1773651031.452143173]: submap_cost: 109.758000 ms
[Open3D INFO] before sample, target size: 1114192, has normal: true
[Open3D INFO] after sample, target size: 400000, has normal: true
[Open3D INFO] source size: 27523, maxpoints_source_: 80000
[Open3D INFO] source size after voxel downsample: 16611
[Open3D INFO] after prerpocess: 16611
[Open3D INFO] reg_result.fitness: 0.975498, eva fitness: 0.996207
[INFO] [1773651032.619081436]: localization cost: 1276.889000 ms
[Open3D INFO] 

time_diff:1.27702 s, localization right now
[Open3D INFO] before sample, target size: 1114192, has normal: true
[Open3D INFO] after sample, target size: 400000, has normal: true
[Open3D INFO] source size: 28070, maxpoints_source_: 80000
[Open3D INFO] source size after voxel downsample: 17356
[Open3D INFO] after prerpocess: 17356
[Open3D INFO] reg_result.fitness: 0.987036, eva fitness: 0.997926
[INFO] [1773651033.885862898]: localization cost: 1266.425000 ms
[Open3D INFO] 

time_diff:1.2666 s, localization right now
[Open3D INFO] before sample, target size: 1114192, has normal: true
[Open3D INFO] after sample, target size: 400000, has normal: true
[Open3D INFO] source size: 27642, maxpoints_source_: 80000
[Open3D INFO] source size after voxel downsample: 17543
[Open3D INFO] after prerpocess: 17543
[Open3D INFO] reg_result.fitness: 0.989797, eva fitness: 0.998461
[INFO] [1773651034.867415171]: localization cost: 981.201000 ms
[Open3D INFO] 

time_diff:0.981394 s, localization right now
[Open3D INFO] before sample, target size: 1114192, has normal: true
[Open3D INFO] after sample, target size: 400000, has normal: true
[Open3D INFO] source size: 27241, maxpoints_source_: 80000
[Open3D INFO] source size after voxel downsample: 17441
[Open3D INFO] after prerpocess: 17441
[Open3D INFO] reg_result.fitness: 0.98171, eva fitness: 0.993062
[INFO] [1773651036.313015443]: localization cost: 1445.194000 ms
[Open3D INFO] 

time_diff:1.44542 s, localization right now
[Open3D INFO] before sample, target size: 1114192, has normal: true
[Open3D INFO] after sample, target size: 400000, has normal: true
[Open3D INFO] source size: 27959, maxpoints_source_: 80000
[Open3D INFO] source size after voxel downsample: 18308
[Open3D INFO] after prerpocess: 18308
[Open3D INFO] reg_result.fitness: 0.962093, eva fitness: 0.974383
[INFO] [1773651037.528262336]: localization cost: 1215.086000 ms
[Open3D INFO] 

time_diff:1.21518 s, localization right now
[Open3D INFO] 
***
****
***


last map update loc: x: 23.1836, y: -5.07917, z2.05833,
                now loc: x: 20.2247, y: -3.14172, z2.03926, 3d distance: 3.53686, now needpdate submap
[INFO] [1773651037.622711509]: submap_cost: 94.136000 ms
[Open3D INFO] before sample, target size: 1092400, has normal: true
[Open3D INFO] after sample, target size: 400000, has normal: true
[Open3D INFO] source size: 27328, maxpoints_source_: 80000
[Open3D INFO] source size after voxel downsample: 17858
[Open3D INFO] after prerpocess: 17858
[Open3D INFO] reg_result.fitness: 0.971889, eva fitness: 0.987625
[INFO] [1773651038.588226285]: localization cost: 1059.867000 ms
[Open3D INFO] 

time_diff:1.05995 s, localization right now
[Open3D INFO] before sample, target size: 1092400, has normal: true
[Open3D INFO] after sample, target size: 400000, has normal: true
[Open3D INFO] source size: 26376, maxpoints_source_: 80000
[Open3D INFO] source size after voxel downsample: 18622
[Open3D INFO] after prerpocess: 18622
[Open3D INFO] reg_result.fitness: 0.986575, eva fitness: 0.997422
[INFO] [1773651039.836340792]: localization cost: 1247.969000 ms
[Open3D INFO] 

time_diff:1.24814 s, localization right now
[Open3D INFO] before sample, target size: 1092400, has normal: true
[Open3D INFO] after sample, target size: 400000, has normal: true
[Open3D INFO] source size: 28564, maxpoints_source_: 80000
[Open3D INFO] source size after voxel downsample: 18657
[Open3D INFO] after prerpocess: 18657
[Open3D INFO] reg_result.fitness: 0.98392, eva fitness: 0.997588
[INFO] [1773651041.128659158]: localization cost: 1292.176000 ms
[Open3D INFO] 

time_diff:1.29228 s, localization right now
[Open3D INFO] before sample, target size: 1092400, has normal: true
[Open3D INFO] after sample, target size: 400000, has normal: true
[Open3D INFO] source size: 28944, maxpoints_source_: 80000
[Open3D INFO] source size after voxel downsample: 18455
[Open3D INFO] after prerpocess: 18455
[Open3D INFO] reg_result.fitness: 0.979084, eva fitness: 0.992468
[INFO] [1773651042.432291751]: localization cost: 1303.500000 ms
[Open3D INFO] 

time_diff:1.30363 s, localization right now
[Open3D INFO] before sample, target size: 1092400, has normal: true
[Open3D INFO] after sample, target size: 400000, has normal: true
[Open3D INFO] source size: 28402, maxpoints_source_: 80000
[Open3D INFO] source size after voxel downsample: 18500
[Open3D INFO] after prerpocess: 18500
[Open3D INFO] reg_result.fitness: 0.983081, eva fitness: 0.99227
[INFO] [1773651043.656458531]: localization cost: 1224.040000 ms
[Open3D INFO] 

time_diff:1.22416 s, localization right now
[Open3D INFO] before sample, target size: 1092400, has normal: true
[Open3D INFO] after sample, target size: 400000, has normal: true
[Open3D INFO] source size: 27642, maxpoints_source_: 80000
[Open3D INFO] source size after voxel downsample: 17825
[Open3D INFO] after prerpocess: 17825
[Open3D INFO] reg_result.fitness: 0.974362, eva fitness: 0.990687
[INFO] [1773651044.828135616]: localization cost: 1171.565000 ms
[Open3D INFO] 

time_diff:1.1717 s, localization right now
[Open3D INFO] before sample, target size: 1092400, has normal: true
[Open3D INFO] after sample, target size: 400000, has normal: true
[Open3D INFO] source size: 24248, maxpoints_source_: 80000
[Open3D INFO] source size after voxel downsample: 16644
[Open3D INFO] after prerpocess: 16644
[Open3D INFO] reg_result.fitness: 0.983658, eva fitness: 0.990207
[INFO] [1773651045.827104631]: localization cost: 998.707000 ms
[Open3D INFO] 

time_diff:0.9988 s, localization right now
[Open3D INFO] 
***
****
***


last map update loc: x: 20.2247, y: -3.14172, z2.03926,
                now loc: x: 19.0853, y: 0.258232, z2.03335, 3d distance: 3.5858, now needpdate submap
[INFO] [1773651045.900407735]: submap_cost: 73.011000 ms
[Open3D INFO] before sample, target size: 1043645, has normal: true
[Open3D INFO] after sample, target size: 400000, has normal: true
[Open3D INFO] source size: 24902, maxpoints_source_: 80000
[Open3D INFO] source size after voxel downsample: 17312
[Open3D INFO] after prerpocess: 17312
[Open3D INFO] reg_result.fitness: 0.982324, eva fitness: 0.994281
[INFO] [1773651046.940730850]: localization cost: 1113.525000 ms
[Open3D INFO] 

time_diff:1.11362 s, localization right now
[Open3D INFO] before sample, target size: 1043645, has normal: true
[Open3D INFO] after sample, target size: 400000, has normal: true
[Open3D INFO] source size: 25380, maxpoints_source_: 80000
[Open3D INFO] source size after voxel downsample: 17175
[Open3D INFO] after prerpocess: 17175
[Open3D INFO] reg_result.fitness: 0.978341, eva fitness: 0.991092
[INFO] [1773651047.991783872]: localization cost: 1050.839000 ms
[Open3D INFO] 

time_diff:1.05093 s, localization right now
[Open3D INFO] before sample, target size: 1043645, has normal: true
[Open3D INFO] after sample, target size: 400000, has normal: true
[Open3D INFO] source size: 26741, maxpoints_source_: 80000
[Open3D INFO] source size after voxel downsample: 16248
[Open3D INFO] after prerpocess: 16248
[Open3D INFO] reg_result.fitness: 0.983136, eva fitness: 0.99563
[INFO] [1773651049.096796590]: localization cost: 1104.887000 ms
[Open3D INFO] 

time_diff:1.10499 s, localization right now
[Open3D INFO] before sample, target size: 1043645, has normal: true
[Open3D INFO] after sample, target size: 400000, has normal: true
[Open3D INFO] source size: 29502, maxpoints_source_: 80000
[Open3D INFO] source size after voxel downsample: 16499
[Open3D INFO] after prerpocess: 16499
[Open3D INFO] reg_result.fitness: 0.982969, eva fitness: 0.997091
[INFO] [1773651050.580537120]: localization cost: 1483.473000 ms
[Open3D INFO] 

time_diff:1.48364 s, localization right now
[Open3D INFO] before sample, target size: 1043645, has normal: true
[Open3D INFO] after sample, target size: 400000, has normal: true
[Open3D INFO] source size: 30700, maxpoints_source_: 80000
[Open3D INFO] source size after voxel downsample: 16862
[Open3D INFO] after prerpocess: 16862
[Open3D INFO] reg_result.fitness: 0.975685, eva fitness: 0.992172
[INFO] [1773651052.172252789]: localization cost: 1591.559000 ms
[Open3D INFO] 

time_diff:1.59168 s, localization right now
[Open3D INFO] before sample, target size: 1043645, has normal: true
[Open3D INFO] after sample, target size: 400000, has normal: true
[Open3D INFO] source size: 31873, maxpoints_source_: 80000
[Open3D INFO] source size after voxel downsample: 17414
[Open3D INFO] after prerpocess: 17414
[Open3D INFO] reg_result.fitness: 0.980131, eva fitness: 0.991788
[INFO] [1773651053.535298212]: localization cost: 1361.956000 ms
[Open3D INFO] 

time_diff:1.36223 s, localization right now
[Open3D INFO] 
***
****
***


last map update loc: x: 19.0853, y: 0.258232, z2.03335,
                now loc: x: 19.2659, y: 4.10656, z1.91957, 3d distance: 3.85425, now needpdate submap
[INFO] [1773651053.637500070]: submap_cost: 101.405000 ms
[Open3D INFO] before sample, target size: 971998, has normal: true
[Open3D INFO] after sample, target size: 400000, has normal: true
[Open3D INFO] source size: 33534, maxpoints_source_: 80000
[Open3D INFO] source size after voxel downsample: 18186
[Open3D INFO] after prerpocess: 18186
[Open3D INFO] reg_result.fitness: 0.970472, eva fitness: 0.991917
[INFO] [1773651054.813906826]: localization cost: 1278.129000 ms
[Open3D INFO] 

time_diff:1.27822 s, localization right now
[Open3D INFO] before sample, target size: 971998, has normal: true
[Open3D INFO] after sample, target size: 400000, has normal: true
[Open3D INFO] source size: 34872, maxpoints_source_: 80000
[Open3D INFO] source size after voxel downsample: 18503
[Open3D INFO] after prerpocess: 18503
[Open3D INFO] reg_result.fitness: 0.972491, eva fitness: 0.994001
[INFO] [1773651055.840800236]: localization cost: 1026.789000 ms
[Open3D INFO] 

time_diff:1.02689 s, localization right now
[Open3D INFO] before sample, target size: 971998, has normal: true
[Open3D INFO] after sample, target size: 400000, has normal: true
[Open3D INFO] source size: 34682, maxpoints_source_: 80000
[Open3D INFO] source size after voxel downsample: 18214
[Open3D INFO] after prerpocess: 18214
[Open3D INFO] reg_result.fitness: 0.969968, eva fitness: 0.9832
[INFO] [1773651056.893289146]: localization cost: 1052.384000 ms
[Open3D INFO] 

time_diff:1.05272 s, localization right now
[Open3D INFO] before sample, target size: 971998, has normal: true
[Open3D INFO] after sample, target size: 400000, has normal: true
[Open3D INFO] source size: 27988, maxpoints_source_: 80000
[Open3D INFO] source size after voxel downsample: 15064
[Open3D INFO] after prerpocess: 15064
[Open3D INFO] reg_result.fitness: 0.95539, eva fitness: 0.962892
[INFO] [1773651057.868264639]: localization cost: 974.612000 ms
[Open3D INFO] 

time_diff:0.974707 s, localization right now
[Open3D INFO] before sample, target size: 971998, has normal: true
[Open3D INFO] after sample, target size: 400000, has normal: true
[Open3D INFO] source size: 28975, maxpoints_source_: 80000
[Open3D INFO] source size after voxel downsample: 13476
[Open3D INFO] after prerpocess: 13476
[Open3D INFO] reg_result.fitness: 0.978183, eva fitness: 0.9836
[INFO] [1773651059.083965349]: localization cost: 1215.597000 ms
[Open3D INFO] 

time_diff:1.21571 s, localization right now
[Open3D INFO] before sample, target size: 971998, has normal: true
[Open3D INFO] after sample, target size: 400000, has normal: true
[Open3D INFO] source size: 30096, maxpoints_source_: 80000
[Open3D INFO] source size after voxel downsample: 15692
[Open3D INFO] after prerpocess: 15692
[Open3D INFO] reg_result.fitness: 0.959852, eva fitness: 0.967436
[INFO] [1773651060.218487959]: localization cost: 1134.408000 ms
[Open3D INFO] 

time_diff:1.13451 s, localization right now
[Open3D INFO] before sample, target size: 971998, has normal: true
[Open3D INFO] after sample, target size: 400000, has normal: true
[Open3D INFO] source size: 31328, maxpoints_source_: 80000
[Open3D INFO] source size after voxel downsample: 16794
[Open3D INFO] after prerpocess: 16794
[Open3D INFO] reg_result.fitness: 0.975289, eva fitness: 0.986126
[INFO] [1773651061.675409850]: localization cost: 1456.808000 ms
[Open3D INFO] 

time_diff:1.45691 s, localization right now
[Open3D INFO] 
***
****
***


last map update loc: x: 19.2659, y: 4.10656, z1.91957,
                now loc: x: 19.6106, y: 7.74547, z1.8826, 3d distance: 3.65539, now needpdate submap
[INFO] [1773651061.760030925]: submap_cost: 84.241000 ms
[Open3D INFO] before sample, target size: 893685, has normal: true
[Open3D INFO] after sample, target size: 400000, has normal: true
[Open3D INFO] source size: 35441, maxpoints_source_: 80000
[Open3D INFO] source size after voxel downsample: 17870
[Open3D INFO] after prerpocess: 17870
[Open3D INFO] reg_result.fitness: 0.979127, eva fitness: 0.9892
[INFO] [1773651062.978493389]: localization cost: 1302.958000 ms
[Open3D INFO] 

time_diff:1.30308 s, localization right now
[Open3D INFO] before sample, target size: 893685, has normal: true
[Open3D INFO] after sample, target size: 400000, has normal: true
[Open3D INFO] source size: 37292, maxpoints_source_: 80000
[Open3D INFO] source size after voxel downsample: 18118
[Open3D INFO] after prerpocess: 18118
[Open3D INFO] reg_result.fitness: 0.974225, eva fitness: 0.985263
[INFO] [1773651064.169015903]: localization cost: 1190.408000 ms
[Open3D INFO] 

time_diff:1.19050 s, localization right now
[Open3D INFO] before sample, target size: 893685, has normal: true
[Open3D INFO] after sample, target size: 400000, has normal: true
[Open3D INFO] source size: 37757, maxpoints_source_: 80000
[Open3D INFO] source size after voxel downsample: 19573
[Open3D INFO] after prerpocess: 19573
[Open3D INFO] reg_result.fitness: 0.969908, eva fitness: 0.981352
[INFO] [1773651065.310042137]: localization cost: 1140.924000 ms
[Open3D INFO] 

time_diff:1.14102 s, localization right now
[Open3D INFO] before sample, target size: 893685, has normal: true
[Open3D INFO] after sample, target size: 400000, has normal: true
[Open3D INFO] source size: 37028, maxpoints_source_: 80000
[Open3D INFO] source size after voxel downsample: 20198
[Open3D INFO] after prerpocess: 20198
[Open3D INFO] reg_result.fitness: 0.972671, eva fitness: 0.983662
[INFO] [1773651066.506264488]: localization cost: 1196.105000 ms
[Open3D INFO] 

time_diff:1.19621 s, localization right now
[Open3D INFO] before sample, target size: 893685, has normal: true
[Open3D INFO] after sample, target size: 400000, has normal: true
[Open3D INFO] source size: 36806, maxpoints_source_: 80000
[Open3D INFO] source size after voxel downsample: 20334
[Open3D INFO] after prerpocess: 20334
[Open3D INFO] reg_result.fitness: 0.964345, eva fitness: 0.978411
[INFO] [1773651067.618201877]: localization cost: 1111.808000 ms
[Open3D INFO] 

time_diff:1.11192 s, localization right now
[Open3D INFO] before sample, target size: 893685, has normal: true
[Open3D INFO] after sample, target size: 400000, has normal: true
[Open3D INFO] source size: 36658, maxpoints_source_: 80000
[Open3D INFO] source size after voxel downsample: 20399
[Open3D INFO] after prerpocess: 20399
[Open3D INFO] reg_result.fitness: 0.954753, eva fitness: 0.974067
[INFO] [1773651069.047300434]: localization cost: 1428.981000 ms
[Open3D INFO] 

time_diff:1.42909 s, localization right now
[Open3D INFO] 
***
****
***


last map update loc: x: 19.6106, y: 7.74547, z1.8826,
                now loc: x: 20.0504, y: 11.3741, z1.85456, 3d distance: 3.65534, now needpdate submap
[INFO] [1773651069.175700321]: submap_cost: 127.897000 ms
[Open3D INFO] before sample, target size: 895056, has normal: true
[Open3D INFO] after sample, target size: 400000, has normal: true
[Open3D INFO] source size: 35258, maxpoints_source_: 80000
[Open3D INFO] source size after voxel downsample: 19917
[Open3D INFO] after prerpocess: 19917
[Open3D INFO] reg_result.fitness: 0.954762, eva fitness: 0.977908
[INFO] [1773651070.317292059]: localization cost: 1269.874000 ms
[Open3D INFO] 

time_diff:1.26998 s, localization right now
[Open3D INFO] before sample, target size: 895056, has normal: true
[Open3D INFO] after sample, target size: 400000, has normal: true
[Open3D INFO] source size: 34062, maxpoints_source_: 80000
[Open3D INFO] source size after voxel downsample: 19911
[Open3D INFO] after prerpocess: 19911
[Open3D INFO] reg_result.fitness: 0.955502, eva fitness: 0.982070
[INFO] [1773651071.410807723]: localization cost: 1093.404000 ms
[Open3D INFO] 

time_diff:1.0935 s, localization right now
[Open3D INFO] before sample, target size: 895056, has normal: true
[Open3D INFO] after sample, target size: 400000, has normal: true
[Open3D INFO] source size: 33014, maxpoints_source_: 80000
[Open3D INFO] source size after voxel downsample: 20287
[Open3D INFO] after prerpocess: 20287
[Open3D INFO] reg_result.fitness: 0.955292, eva fitness: 0.984522
[INFO] [1773651072.511430213]: localization cost: 1100.510000 ms
[Open3D INFO] 

time_diff:1.10062 s, localization right now
[Open3D INFO] before sample, target size: 895056, has normal: true
[Open3D INFO] after sample, target size: 400000, has normal: true
[Open3D INFO] source size: 32602, maxpoints_source_: 80000
[Open3D INFO] source size after voxel downsample: 20849
[Open3D INFO] after prerpocess: 20849
[Open3D INFO] reg_result.fitness: 0.963068, eva fitness: 0.984795
[INFO] [1773651073.689690256]: localization cost: 1177.502000 ms
[Open3D INFO] 

time_diff:1.17827 s, localization right now
[Open3D INFO] before sample, target size: 895056, has normal: true
[Open3D INFO] after sample, target size: 400000, has normal: true
[Open3D INFO] source size: 32507, maxpoints_source_: 80000
[Open3D INFO] source size after voxel downsample: 21003
[Open3D INFO] after prerpocess: 21003
[Open3D INFO] reg_result.fitness: 0.950102, eva fitness: 0.978384
[INFO] [1773651074.980240876]: localization cost: 1290.329000 ms
[Open3D INFO] 

time_diff:1.29044 s, localization right now
[Open3D INFO] before sample, target size: 895056, has normal: true
[Open3D INFO] after sample, target size: 400000, has normal: true
[Open3D INFO] source size: 31434, maxpoints_source_: 80000
[Open3D INFO] source size after voxel downsample: 19682
[Open3D INFO] after prerpocess: 19682
[Open3D INFO] reg_result.fitness: 0.944569, eva fitness: 0.973427
[INFO] [1773651076.107792603]: localization cost: 1127.275000 ms
[Open3D INFO] 

time_diff:1.12739 s, localization right now
[Open3D INFO] before sample, target size: 895056, has normal: true
[Open3D INFO] after sample, target size: 400000, has normal: true
[Open3D INFO] source size: 31449, maxpoints_source_: 80000
[Open3D INFO] source size after voxel downsample: 19810
[Open3D INFO] after prerpocess: 19810
[Open3D INFO] reg_result.fitness: 0.944271, eva fitness: 0.97895
[INFO] [1773651077.306624218]: localization cost: 1198.706000 ms
[Open3D INFO] 

time_diff:1.19878 s, localization right now
[Open3D INFO] 
***
****
***


last map update loc: x: 20.0504, y: 11.3741, z1.85456,
                now loc: x: 17.4691, y: 14.34, z1.79172, 3d distance: 3.93234, now needpdate submap
[INFO] [1773651077.381432557]: submap_cost: 74.468000 ms
[Open3D INFO] before sample, target size: 806334, has normal: true
[Open3D INFO] after sample, target size: 400000, has normal: true
[Open3D INFO] source size: 31360, maxpoints_source_: 80000
[Open3D INFO] source size after voxel downsample: 19855
[Open3D INFO] after prerpocess: 19855
[Open3D INFO] reg_result.fitness: 0.959557, eva fitness: 0.989977
[INFO] [1773651078.406884736]: localization cost: 1100.169000 ms
[Open3D INFO] 

time_diff:1.10026 s, localization right now
[Open3D INFO] before sample, target size: 806334, has normal: true
[Open3D INFO] after sample, target size: 400000, has normal: true
[Open3D INFO] source size: 30552, maxpoints_source_: 80000
[Open3D INFO] source size after voxel downsample: 19908
[Open3D INFO] after prerpocess: 19908
[Open3D INFO] reg_result.fitness: 0.952632, eva fitness: 0.977949
[INFO] [1773651079.461359868]: localization cost: 1054.372000 ms
[Open3D INFO] 

time_diff:1.05447 s, localization right now
[Open3D INFO] before sample, target size: 806334, has normal: true
[Open3D INFO] after sample, target size: 400000, has normal: true
[Open3D INFO] source size: 30079, maxpoints_source_: 80000
[Open3D INFO] source size after voxel downsample: 20404
[Open3D INFO] after prerpocess: 20404
[Open3D INFO] reg_result.fitness: 0.952362, eva fitness: 0.986522
[INFO] [1773651080.551116540]: localization cost: 1089.653000 ms
[Open3D INFO] 

time_diff:1.08974 s, localization right now
[Open3D INFO] before sample, target size: 806334, has normal: true
[Open3D INFO] after sample, target size: 400000, has normal: true
[Open3D INFO] source size: 29789, maxpoints_source_: 80000
[Open3D INFO] source size after voxel downsample: 20982
[Open3D INFO] after prerpocess: 20982
[Open3D INFO] reg_result.fitness: 0.940520, eva fitness: 0.977219
[INFO] [1773651081.586033724]: localization cost: 1034.820000 ms
[Open3D INFO] 

time_diff:1.03491 s, localization right now
[Open3D INFO] before sample, target size: 806334, has normal: true
[Open3D INFO] after sample, target size: 400000, has normal: true
[Open3D INFO] source size: 30113, maxpoints_source_: 80000
[Open3D INFO] source size after voxel downsample: 20474
[Open3D INFO] after prerpocess: 20474
[Open3D INFO] reg_result.fitness: 0.936896, eva fitness: 0.973967
[INFO] [1773651082.585275137]: localization cost: 999.137000 ms
[Open3D INFO] 

time_diff:0.999233 s, localization right now
[Open3D INFO] before sample, target size: 806334, has normal: true
[Open3D INFO] after sample, target size: 400000, has normal: true
[Open3D INFO] source size: 29625, maxpoints_source_: 80000
[Open3D INFO] source size after voxel downsample: 18045
[Open3D INFO] after prerpocess: 18045
[Open3D INFO] reg_result.fitness: 0.93555, eva fitness: 0.969188
[INFO] [1773651083.738099978]: localization cost: 1152.615000 ms
[Open3D INFO] 

time_diff:1.15271 s, localization right now
[Open3D INFO] before sample, target size: 806334, has normal: true
[Open3D INFO] after sample, target size: 400000, has normal: true
[Open3D INFO] source size: 29101, maxpoints_source_: 80000
[Open3D INFO] source size after voxel downsample: 20409
[Open3D INFO] after prerpocess: 20409
[Open3D INFO] reg_result.fitness: 0.950659, eva fitness: 0.988436
[INFO] [1773651085.056078998]: localization cost: 1317.865000 ms
[Open3D INFO] 

time_diff:1.31797 s, localization right now
[Open3D INFO] before sample, target size: 806334, has normal: true
[Open3D INFO] after sample, target size: 400000, has normal: true
[Open3D INFO] source size: 28502, maxpoints_source_: 80000
[Open3D INFO] source size after voxel downsample: 19829
[Open3D INFO] after prerpocess: 19829
[Open3D INFO] reg_result.fitness: 0.949367, eva fitness: 0.988552
[INFO] [1773651086.247178825]: localization cost: 1190.981000 ms
[Open3D INFO] 

time_diff:1.1911 s, localization right now
[Open3D INFO] before sample, target size: 806334, has normal: true
[Open3D INFO] after sample, target size: 400000, has normal: true
[Open3D INFO] source size: 28917, maxpoints_source_: 80000
[Open3D INFO] source size after voxel downsample: 19450
[Open3D INFO] after prerpocess: 19450
[Open3D INFO] reg_result.fitness: 0.941234, eva fitness: 0.980977
[INFO] [1773651087.356965503]: localization cost: 1109.510000 ms
[Open3D INFO] 

time_diff:1.10961 s, localization right now
[Open3D INFO] before sample, target size: 806334, has normal: true
[Open3D INFO] after sample, target size: 400000, has normal: true
[Open3D INFO] source size: 28713, maxpoints_source_: 80000
[Open3D INFO] source size after voxel downsample: 19356
[Open3D INFO] after prerpocess: 19356
[Open3D INFO] reg_result.fitness: 0.947406, eva fitness: 0.977526
[INFO] [1773651088.351770927]: localization cost: 994.708000 ms
[Open3D INFO] 

time_diff:0.994794 s, localization right now
[Open3D INFO] 
***
****
***


last map update loc: x: 17.4691, y: 14.34, z1.79172,
                now loc: x: 14.3040, y: 12.7022, z1.82908, 3d distance: 3.56395, now needpdate submap
[INFO] [1773651088.422118155]: submap_cost: 70.016000 ms
[Open3D INFO] before sample, target size: 787359, has normal: true
[Open3D INFO] after sample, target size: 400000, has normal: true
[Open3D INFO] source size: 28526, maxpoints_source_: 80000
[Open3D INFO] source size after voxel downsample: 18335
[Open3D INFO] after prerpocess: 18335
[Open3D INFO] reg_result.fitness: 0.958986, eva fitness: 0.981674
[INFO] [1773651089.481347316]: localization cost: 1129.469000 ms
[Open3D INFO] 

time_diff:1.12957 s, localization right now
[Open3D INFO] before sample, target size: 787359, has normal: true
[Open3D INFO] after sample, target size: 400000, has normal: true
[Open3D INFO] source size: 27933, maxpoints_source_: 80000
[Open3D INFO] source size after voxel downsample: 17326
[Open3D INFO] after prerpocess: 17326
[Open3D INFO] reg_result.fitness: 0.96941, eva fitness: 0.994863
[INFO] [1773651090.573293365]: localization cost: 1091.730000 ms
[Open3D INFO] 

time_diff:1.09182 s, localization right now
[Open3D INFO] before sample, target size: 787359, has normal: true
[Open3D INFO] after sample, target size: 400000, has normal: true
[Open3D INFO] source size: 28079, maxpoints_source_: 80000
[Open3D INFO] source size after voxel downsample: 17280
[Open3D INFO] after prerpocess: 17280
[Open3D INFO] reg_result.fitness: 0.969618, eva fitness: 0.995428
[INFO] [1773651091.697630173]: localization cost: 1124.223000 ms
[Open3D INFO] 

time_diff:1.12433 s, localization right now
[Open3D INFO] before sample, target size: 787359, has normal: true
[Open3D INFO] after sample, target size: 400000, has normal: true
[Open3D INFO] source size: 29399, maxpoints_source_: 80000
[Open3D INFO] source size after voxel downsample: 17822
[Open3D INFO] after prerpocess: 17822
[Open3D INFO] reg_result.fitness: 0.957019, eva fitness: 0.995511
[INFO] [1773651093.048194036]: localization cost: 1350.441000 ms
[Open3D INFO] 

time_diff:1.35055 s, localization right now
[Open3D INFO] before sample, target size: 787359, has normal: true
[Open3D INFO] after sample, target size: 400000, has normal: true
[Open3D INFO] source size: 28985, maxpoints_source_: 80000
[Open3D INFO] source size after voxel downsample: 17223
[Open3D INFO] after prerpocess: 17223
[Open3D INFO] reg_result.fitness: 0.958776, eva fitness: 0.994832
[INFO] [1773651094.498706386]: localization cost: 1450.408000 ms
[Open3D INFO] 

time_diff:1.45049 s, localization right now
[Open3D INFO] 
***
****
***


last map update loc: x: 14.3040, y: 12.7022, z1.82908,
                now loc: x: 13.4856, y: 9.1997, z1.87875, 3d distance: 3.5972, now needpdate submap
[INFO] [1773651094.568728460]: submap_cost: 69.720000 ms
[Open3D INFO] before sample, target size: 815849, has normal: true
[Open3D INFO] after sample, target size: 400000, has normal: true
[Open3D INFO] source size: 28077, maxpoints_source_: 80000
[Open3D INFO] source size after voxel downsample: 15885
[Open3D INFO] after prerpocess: 15885
[Open3D INFO] reg_result.fitness: 0.974504, eva fitness: 0.999056
[INFO] [1773651095.552795536]: localization cost: 1053.992000 ms
[Open3D INFO] 

time_diff:1.05409 s, localization right now
[Open3D INFO] before sample, target size: 815849, has normal: true
[Open3D INFO] after sample, target size: 400000, has normal: true
[Open3D INFO] source size: 26546, maxpoints_source_: 80000
[Open3D INFO] source size after voxel downsample: 16729
[Open3D INFO] after prerpocess: 16729
[Open3D INFO] reg_result.fitness: 0.970291, eva fitness: 0.997728
[INFO] [1773651096.711335240]: localization cost: 1158.394000 ms
[Open3D INFO] 

time_diff:1.15856 s, localization right now
[Open3D INFO] before sample, target size: 815849, has normal: true
[Open3D INFO] after sample, target size: 400000, has normal: true
[Open3D INFO] source size: 29582, maxpoints_source_: 80000
[Open3D INFO] source size after voxel downsample: 18204
[Open3D INFO] after prerpocess: 18204
[Open3D INFO] reg_result.fitness: 0.96281, eva fitness: 0.993463
[INFO] [1773651098.034039949]: localization cost: 1322.556000 ms
[Open3D INFO] 

time_diff:1.32266 s, localization right now
[Open3D INFO] before sample, target size: 815849, has normal: true
[Open3D INFO] after sample, target size: 400000, has normal: true
[Open3D INFO] source size: 30019, maxpoints_source_: 80000
[Open3D INFO] source size after voxel downsample: 17913
[Open3D INFO] after prerpocess: 17913
[Open3D INFO] reg_result.fitness: 0.964272, eva fitness: 0.989561
[INFO] [1773651099.035823047]: localization cost: 1001.675000 ms
[Open3D INFO] 

time_diff:1.00179 s, localization right now
[Open3D INFO] before sample, target size: 815849, has normal: true
[Open3D INFO] after sample, target size: 400000, has normal: true
[Open3D INFO] source size: 29285, maxpoints_source_: 80000
[Open3D INFO] source size after voxel downsample: 18024
[Open3D INFO] after prerpocess: 18024
[Open3D INFO] reg_result.fitness: 0.968875, eva fitness: 0.992843
[INFO] [1773651100.186093104]: localization cost: 1150.130000 ms
[Open3D INFO] 

time_diff:1.15025 s, localization right now
[Open3D INFO] before sample, target size: 815849, has normal: true
[Open3D INFO] after sample, target size: 400000, has normal: true
[Open3D INFO] source size: 29349, maxpoints_source_: 80000
[Open3D INFO] source size after voxel downsample: 18941
[Open3D INFO] after prerpocess: 18941
[Open3D INFO] reg_result.fitness: 0.964733, eva fitness: 0.988755
[INFO] [1773651101.416339265]: localization cost: 1230.107000 ms
[Open3D INFO] 

time_diff:1.23022 s, localization right now
[Open3D INFO] before sample, target size: 815849, has normal: true
[Open3D INFO] after sample, target size: 400000, has normal: true
[Open3D INFO] source size: 27983, maxpoints_source_: 80000
[Open3D INFO] source size after voxel downsample: 18791
[Open3D INFO] after prerpocess: 18791
[Open3D INFO] reg_result.fitness: 0.977596, eva fitness: 0.994838
[INFO] [1773651102.588674792]: localization cost: 1172.217000 ms
[Open3D INFO] 

time_diff:1.17233 s, localization right now
[Open3D INFO] before sample, target size: 815849, has normal: true
[Open3D INFO] after sample, target size: 400000, has normal: true
[Open3D INFO] source size: 29206, maxpoints_source_: 80000
[Open3D INFO] source size after voxel downsample: 19411
[Open3D INFO] after prerpocess: 19411
[Open3D INFO] reg_result.fitness: 0.978466, eva fitness: 0.991603
[INFO] [1773651103.928114073]: localization cost: 1339.323000 ms
[Open3D INFO] 

time_diff:1.33942 s, localization right now
[Open3D INFO] before sample, target size: 815849, has normal: true
[Open3D INFO] after sample, target size: 400000, has normal: true
[Open3D INFO] source size: 29153, maxpoints_source_: 80000
[Open3D INFO] source size after voxel downsample: 18989
[Open3D INFO] after prerpocess: 18989
[Open3D INFO] reg_result.fitness: 0.972089, eva fitness: 0.989994
[INFO] [1773651105.162962149]: localization cost: 1234.742000 ms
[Open3D INFO] 

time_diff:1.23484 s, localization right now
[Open3D INFO] before sample, target size: 815849, has normal: true
[Open3D INFO] after sample, target size: 400000, has normal: true
[Open3D INFO] source size: 30739, maxpoints_source_: 80000
[Open3D INFO] source size after voxel downsample: 19733
[Open3D INFO] after prerpocess: 19733
[Open3D INFO] reg_result.fitness: 0.975321, eva fitness: 0.991892
[INFO] [1773651106.375166279]: localization cost: 1212.055000 ms
[Open3D INFO] 

time_diff:1.2123 s, localization right now
[Open3D INFO] before sample, target size: 815849, has normal: true
[Open3D INFO] after sample, target size: 400000, has normal: true
[Open3D INFO] source size: 30925, maxpoints_source_: 80000
[Open3D INFO] source size after voxel downsample: 19957
[Open3D INFO] after prerpocess: 19957
[Open3D INFO] reg_result.fitness: 0.968633, eva fitness: 0.991331
[INFO] [1773651107.567426315]: localization cost: 1191.837000 ms
[Open3D INFO] 

time_diff:1.19197 s, localization right now
[Open3D INFO] 
***
****
***


last map update loc: x: 13.4856, y: 9.1997, z1.87875,
                now loc: x: 14.8067, y: 13.014, z1.81694, 3d distance: 4.03709, now needpdate submap
[INFO] [1773651107.666431691]: submap_cost: 98.459000 ms
[Open3D INFO] before sample, target size: 787926, has normal: true
[Open3D INFO] after sample, target size: 400000, has normal: true
[Open3D INFO] source size: 30628, maxpoints_source_: 80000
[Open3D INFO] source size after voxel downsample: 20332
[Open3D INFO] after prerpocess: 20332
[Open3D INFO] reg_result.fitness: 0.972654, eva fitness: 0.994836
[INFO] [1773651108.939233025]: localization cost: 1371.668000 ms
[Open3D INFO] 

time_diff:1.37178 s, localization right now
[Open3D INFO] before sample, target size: 787926, has normal: true
[Open3D INFO] after sample, target size: 400000, has normal: true
[Open3D INFO] source size: 30443, maxpoints_source_: 80000
[Open3D INFO] source size after voxel downsample: 21112
[Open3D INFO] after prerpocess: 21112
[Open3D INFO] reg_result.fitness: 0.966749, eva fitness: 0.992374
[INFO] [1773651110.289070785]: localization cost: 1349.698000 ms
[Open3D INFO] 

time_diff:1.34984 s, localization right now
[Open3D INFO] before sample, target size: 787926, has normal: true
[Open3D INFO] after sample, target size: 400000, has normal: true
[Open3D INFO] source size: 29670, maxpoints_source_: 80000
[Open3D INFO] source size after voxel downsample: 21950
[Open3D INFO] after prerpocess: 21950
[Open3D INFO] reg_result.fitness: 0.96287, eva fitness: 0.989339
[INFO] [1773651111.616012389]: localization cost: 1326.803000 ms
[Open3D INFO] 

time_diff:1.32691 s, localization right now
[Open3D INFO] before sample, target size: 787926, has normal: true
[Open3D INFO] after sample, target size: 400000, has normal: true
[Open3D INFO] source size: 30130, maxpoints_source_: 80000
[Open3D INFO] source size after voxel downsample: 21351
[Open3D INFO] after prerpocess: 21351
[Open3D INFO] reg_result.fitness: 0.960330, eva fitness: 0.993256
[INFO] [1773651112.826046340]: localization cost: 1209.923000 ms
[Open3D INFO] 

time_diff:1.21002 s, localization right now
[Open3D INFO] before sample, target size: 787926, has normal: true
[Open3D INFO] after sample, target size: 400000, has normal: true
[Open3D INFO] source size: 30964, maxpoints_source_: 80000
[Open3D INFO] source size after voxel downsample: 19305
[Open3D INFO] after prerpocess: 19305
[Open3D INFO] reg_result.fitness: 0.958923, eva fitness: 0.991971
[INFO] [1773651114.107315159]: localization cost: 1281.121000 ms
[Open3D INFO] 

time_diff:1.28134 s, localization right now
[Open3D INFO] before sample, target size: 787926, has normal: true
[Open3D INFO] after sample, target size: 400000, has normal: true
[Open3D INFO] source size: 31125, maxpoints_source_: 80000
[Open3D INFO] source size after voxel downsample: 19161
[Open3D INFO] after prerpocess: 19161
[Open3D INFO] reg_result.fitness: 0.960493, eva fitness: 0.992693
[INFO] [1773651115.419560584]: localization cost: 1312.040000 ms
[Open3D INFO] 

time_diff:1.31215 s, localization right now
[Open3D INFO] before sample, target size: 787926, has normal: true
[Open3D INFO] after sample, target size: 400000, has normal: true
[Open3D INFO] source size: 31766, maxpoints_source_: 80000
[Open3D INFO] source size after voxel downsample: 18591
[Open3D INFO] after prerpocess: 18591
[Open3D INFO] reg_result.fitness: 0.959981, eva fitness: 0.992362
[INFO] [1773651116.645577722]: localization cost: 1225.912000 ms
[Open3D INFO] 

time_diff:1.22602 s, localization right now
[Open3D INFO] before sample, target size: 787926, has normal: true
[Open3D INFO] after sample, target size: 400000, has normal: true
[Open3D INFO] source size: 31886, maxpoints_source_: 80000
[Open3D INFO] source size after voxel downsample: 18882
[Open3D INFO] after prerpocess: 18882
[Open3D INFO] reg_result.fitness: 0.961339, eva fitness: 0.99285
[INFO] [1773651118.028648482]: localization cost: 1382.961000 ms
[Open3D INFO] 

time_diff:1.38305 s, localization right now
[Open3D INFO] before sample, target size: 787926, has normal: true
[Open3D INFO] after sample, target size: 400000, has normal: true
[Open3D INFO] source size: 31932, maxpoints_source_: 80000
[Open3D INFO] source size after voxel downsample: 18678
[Open3D INFO] after prerpocess: 18678
[Open3D INFO] reg_result.fitness: 0.958025, eva fitness: 0.991969
[INFO] [1773651119.184327074]: localization cost: 1155.574000 ms
[Open3D INFO] 

time_diff:1.15568 s, localization right now
[Open3D INFO] before sample, target size: 787926, has normal: true
[Open3D INFO] after sample, target size: 400000, has normal: true
[Open3D INFO] source size: 32197, maxpoints_source_: 80000
[Open3D INFO] source size after voxel downsample: 18990
[Open3D INFO] after prerpocess: 18990
[Open3D INFO] reg_result.fitness: 0.958557, eva fitness: 0.991048
[INFO] [1773651120.383024811]: localization cost: 1198.579000 ms
[Open3D INFO] 

time_diff:1.19868 s, localization right now
[Open3D INFO] before sample, target size: 787926, has normal: true
[Open3D INFO] after sample, target size: 400000, has normal: true
[Open3D INFO] source size: 31260, maxpoints_source_: 80000
[Open3D INFO] source size after voxel downsample: 18617
[Open3D INFO] after prerpocess: 18617
[Open3D INFO] reg_result.fitness: 0.950153, eva fitness: 0.989096
[INFO] [1773651121.608614973]: localization cost: 1225.478000 ms
[Open3D INFO] 

time_diff:1.22558 s, localization right now
[Open3D INFO] before sample, target size: 787926, has normal: true
[Open3D INFO] after sample, target size: 400000, has normal: true
[Open3D INFO] source size: 31391, maxpoints_source_: 80000
[Open3D INFO] source size after voxel downsample: 19298
[Open3D INFO] after prerpocess: 19298
[Open3D INFO] reg_result.fitness: 0.953208, eva fitness: 0.990258
[INFO] [1773651122.683723402]: localization cost: 1075.008000 ms
[Open3D INFO] 

time_diff:1.07511 s, localization right now
[Open3D INFO] before sample, target size: 787926, has normal: true
[Open3D INFO] after sample, target size: 400000, has normal: true
[Open3D INFO] source size: 30828, maxpoints_source_: 80000
[Open3D INFO] source size after voxel downsample: 18971
[Open3D INFO] after prerpocess: 18971
[Open3D INFO] reg_result.fitness: 0.956618, eva fitness: 0.992778
[INFO] [1773651123.768111506]: localization cost: 1084.274000 ms
[Open3D INFO] 

time_diff:1.08437 s, localization right now
[Open3D INFO] before sample, target size: 787926, has normal: true
[Open3D INFO] after sample, target size: 400000, has normal: true
[Open3D INFO] source size: 29958, maxpoints_source_: 80000
[Open3D INFO] source size after voxel downsample: 18870
[Open3D INFO] after prerpocess: 18870
[Open3D INFO] reg_result.fitness: 0.962904, eva fitness: 0.994171
[INFO] [1773651125.015752577]: localization cost: 1247.528000 ms
[Open3D INFO] 

time_diff:1.24764 s, localization right now
[Open3D INFO] before sample, target size: 787926, has normal: true
[Open3D INFO] after sample, target size: 400000, has normal: true
[Open3D INFO] source size: 28925, maxpoints_source_: 80000
[Open3D INFO] source size after voxel downsample: 17566
[Open3D INFO] after prerpocess: 17566
[Open3D INFO] reg_result.fitness: 0.953774, eva fitness: 0.990778
[INFO] [1773651126.323769875]: localization cost: 1307.717000 ms
[Open3D INFO] 

time_diff:1.30782 s, localization right now
[Open3D INFO] before sample, target size: 787926, has normal: true
[Open3D INFO] after sample, target size: 400000, has normal: true
[Open3D INFO] source size: 25127, maxpoints_source_: 80000
[Open3D INFO] source size after voxel downsample: 15684
[Open3D INFO] after prerpocess: 15684
[Open3D INFO] reg_result.fitness: 0.963338, eva fitness: 0.992413
[INFO] [1773651127.448141150]: localization cost: 1124.256000 ms
[Open3D INFO] 

time_diff:1.12437 s, localization right now
[Open3D INFO] before sample, target size: 787926, has normal: true
[Open3D INFO] after sample, target size: 400000, has normal: true
[Open3D INFO] source size: 20577, maxpoints_source_: 80000
[Open3D INFO] source size after voxel downsample: 13543
[Open3D INFO] after prerpocess: 13543
[Open3D INFO] reg_result.fitness: 0.964262, eva fitness: 0.992395
[INFO] [1773651128.647571582]: localization cost: 1199.303000 ms
[Open3D INFO] 

time_diff:1.19942 s, localization right now
[Open3D INFO] before sample, target size: 787926, has normal: true
[Open3D INFO] after sample, target size: 400000, has normal: true
[Open3D INFO] source size: 17388, maxpoints_source_: 80000
[Open3D INFO] source size after voxel downsample: 11089
[Open3D INFO] after prerpocess: 11089
[Open3D INFO] reg_result.fitness: 0.959419, eva fitness: 0.990712
[INFO] [1773651129.830300916]: localization cost: 1182.609000 ms
[Open3D INFO] 

time_diff:1.18271 s, localization right now
[Open3D INFO] before sample, target size: 787926, has normal: true
[Open3D INFO] after sample, target size: 400000, has normal: true
[Open3D INFO] source size: 16969, maxpoints_source_: 80000
[Open3D INFO] source size after voxel downsample: 10661
[Open3D INFO] after prerpocess: 10661
[Open3D INFO] reg_result.fitness: 0.959854, eva fitness: 0.991652
[INFO] [1773651131.210331318]: localization cost: 1379.919000 ms
[Open3D INFO] 

time_diff:1.38003 s, localization right now
[Open3D INFO] before sample, target size: 787926, has normal: true
[Open3D INFO] after sample, target size: 400000, has normal: true
[Open3D INFO] source size: 24040, maxpoints_source_: 80000
[Open3D INFO] source size after voxel downsample: 15025
[Open3D INFO] after prerpocess: 15025
[Open3D INFO] reg_result.fitness: 0.964526, eva fitness: 0.994276
[INFO] [1773651132.249106674]: localization cost: 1038.661000 ms
[Open3D INFO] 

time_diff:1.03876 s, localization right now
[Open3D INFO] before sample, target size: 787926, has normal: true
[Open3D INFO] after sample, target size: 400000, has normal: true
[Open3D INFO] source size: 29358, maxpoints_source_: 80000
[Open3D INFO] source size after voxel downsample: 16647
[Open3D INFO] after prerpocess: 16647
[Open3D INFO] reg_result.fitness: 0.967562, eva fitness: 0.994894
[INFO] [1773651133.308825464]: localization cost: 1059.617000 ms
[Open3D INFO] 

time_diff:1.05976 s, localization right now
[Open3D INFO] before sample, target size: 787926, has normal: true
[Open3D INFO] after sample, target size: 400000, has normal: true
[Open3D INFO] source size: 28707, maxpoints_source_: 80000
[Open3D INFO] source size after voxel downsample: 17201
[Open3D INFO] after prerpocess: 17201
[Open3D INFO] reg_result.fitness: 0.959712, eva fitness: 0.994826
[INFO] [1773651134.335925188]: localization cost: 1026.843000 ms
[Open3D INFO] 

time_diff:1.02692 s, localization right now
[Open3D INFO] before sample, target size: 787926, has normal: true
[Open3D INFO] after sample, target size: 400000, has normal: true
[Open3D INFO] source size: 28739, maxpoints_source_: 80000
[Open3D INFO] source size after voxel downsample: 17634
[Open3D INFO] after prerpocess: 17634
[Open3D INFO] reg_result.fitness: 0.962289, eva fitness: 0.994272
[INFO] [1773651135.621873465]: localization cost: 1285.834000 ms
[Open3D INFO] 

time_diff:1.28601 s, localization right now
[Open3D INFO] before sample, target size: 787926, has normal: true
[Open3D INFO] after sample, target size: 400000, has normal: true
[Open3D INFO] source size: 28709, maxpoints_source_: 80000
[Open3D INFO] source size after voxel downsample: 17355
[Open3D INFO] after prerpocess: 17355
[Open3D INFO] reg_result.fitness: 0.96779, eva fitness: 0.995563
[INFO] [1773651136.658205981]: localization cost: 1036.149000 ms
[Open3D INFO] 

time_diff:1.03631 s, localization right now
[Open3D INFO] before sample, target size: 787926, has normal: true
[Open3D INFO] after sample, target size: 400000, has normal: true
[Open3D INFO] source size: 28557, maxpoints_source_: 80000
[Open3D INFO] source size after voxel downsample: 17046
[Open3D INFO] after prerpocess: 17046
[Open3D INFO] reg_result.fitness: 0.962513, eva fitness: 0.994192
[INFO] [1773651137.949329303]: localization cost: 1290.944000 ms
[Open3D INFO] 

time_diff:1.29105 s, localization right now
[Open3D INFO] before sample, target size: 787926, has normal: true
[Open3D INFO] after sample, target size: 400000, has normal: true
[Open3D INFO] source size: 28627, maxpoints_source_: 80000
[Open3D INFO] source size after voxel downsample: 17180
[Open3D INFO] after prerpocess: 17180
[Open3D INFO] reg_result.fitness: 0.965425, eva fitness: 0.996333
[INFO] [1773651139.210451965]: localization cost: 1260.820000 ms
[Open3D INFO] 

time_diff:1.26094 s, localization right now
[Open3D INFO] before sample, target size: 787926, has normal: true
[Open3D INFO] after sample, target size: 400000, has normal: true
[Open3D INFO] source size: 28843, maxpoints_source_: 80000
[Open3D INFO] source size after voxel downsample: 17078
[Open3D INFO] after prerpocess: 17078
[Open3D INFO] reg_result.fitness: 0.969024, eva fitness: 0.995608
[INFO] [1773651140.506221557]: localization cost: 1295.635000 ms
[Open3D INFO] 

time_diff:1.29579 s, localization right now
[Open3D INFO] before sample, target size: 787926, has normal: true
[Open3D INFO] after sample, target size: 400000, has normal: true
[Open3D INFO] source size: 28765, maxpoints_source_: 80000
[Open3D INFO] source size after voxel downsample: 17272
[Open3D INFO] after prerpocess: 17272
[Open3D INFO] reg_result.fitness: 0.966362, eva fitness: 0.9967
[INFO] [1773651141.564379045]: localization cost: 1058.007000 ms
[Open3D INFO] 

time_diff:1.0581 s, localization right now
[Open3D INFO] before sample, target size: 787926, has normal: true
[Open3D INFO] after sample, target size: 400000, has normal: true
[Open3D INFO] source size: 28538, maxpoints_source_: 80000
[Open3D INFO] source size after voxel downsample: 17855
[Open3D INFO] after prerpocess: 17855
[Open3D INFO] reg_result.fitness: 0.961579, eva fitness: 0.989415
[INFO] [1773651142.616955632]: localization cost: 1052.475000 ms
[Open3D INFO] 

time_diff:1.05257 s, localization right now
[Open3D INFO] before sample, target size: 787926, has normal: true
[Open3D INFO] after sample, target size: 400000, has normal: true
[Open3D INFO] source size: 26908, maxpoints_source_: 80000
[Open3D INFO] source size after voxel downsample: 17238
[Open3D INFO] after prerpocess: 17238
[Open3D INFO] reg_result.fitness: 0.970414, eva fitness: 0.992052
[INFO] [1773651143.718664432]: localization cost: 1101.493000 ms
[Open3D INFO] 

time_diff:1.10158 s, localization right now
[Open3D INFO] before sample, target size: 787926, has normal: true
[Open3D INFO] after sample, target size: 400000, has normal: true
[Open3D INFO] source size: 29813, maxpoints_source_: 80000
[Open3D INFO] source size after voxel downsample: 17667
[Open3D INFO] after prerpocess: 17667
[Open3D INFO] reg_result.fitness: 0.971982, eva fitness: 0.994906
[INFO] [1773651144.740003691]: localization cost: 1021.106000 ms
[Open3D INFO] 

time_diff:1.02121 s, localization right now
[Open3D INFO] before sample, target size: 787926, has normal: true
[Open3D INFO] after sample, target size: 400000, has normal: true
[Open3D INFO] source size: 29697, maxpoints_source_: 80000
[Open3D INFO] source size after voxel downsample: 17520
[Open3D INFO] after prerpocess: 17520
[Open3D INFO] reg_result.fitness: 0.972546, eva fitness: 0.994635
[INFO] [1773651146.020382140]: localization cost: 1280.147000 ms
[Open3D INFO] 

time_diff:1.28028 s, localization right now
[Open3D INFO] before sample, target size: 787926, has normal: true
[Open3D INFO] after sample, target size: 400000, has normal: true
[Open3D INFO] source size: 29686, maxpoints_source_: 80000
[Open3D INFO] source size after voxel downsample: 17471
[Open3D INFO] after prerpocess: 17471
[Open3D INFO] reg_result.fitness: 0.975731, eva fitness: 0.995078
[INFO] [1773651147.244452156]: localization cost: 1223.813000 ms
[Open3D INFO] 

time_diff:1.22393 s, localization right now
[Open3D INFO] before sample, target size: 787926, has normal: true
[Open3D INFO] after sample, target size: 400000, has normal: true
[Open3D INFO] source size: 29902, maxpoints_source_: 80000
[Open3D INFO] source size after voxel downsample: 17526
[Open3D INFO] after prerpocess: 17526
[Open3D INFO] reg_result.fitness: 0.972612, eva fitness: 0.993895
[INFO] [1773651148.629793614]: localization cost: 1385.206000 ms
[Open3D INFO] 

time_diff:1.38533 s, localization right now
[Open3D INFO] before sample, target size: 787926, has normal: true
[Open3D INFO] after sample, target size: 400000, has normal: true
[Open3D INFO] source size: 30455, maxpoints_source_: 80000
[Open3D INFO] source size after voxel downsample: 17854
[Open3D INFO] after prerpocess: 17854
[Open3D INFO] reg_result.fitness: 0.972611, eva fitness: 0.988798
[INFO] [1773651149.997262782]: localization cost: 1367.347000 ms
[Open3D INFO] 

time_diff:1.36748 s, localization right now
[Open3D INFO] before sample, target size: 787926, has normal: true
[Open3D INFO] after sample, target size: 400000, has normal: true
[Open3D INFO] source size: 29607, maxpoints_source_: 80000
[Open3D INFO] source size after voxel downsample: 18202
[Open3D INFO] after prerpocess: 18202
[Open3D INFO] reg_result.fitness: 0.974453, eva fitness: 0.993078
[INFO] [1773651151.406472822]: localization cost: 1408.880000 ms
[Open3D INFO] 

time_diff:1.40900 s, localization right now
[Open3D INFO] before sample, target size: 787926, has normal: true
[Open3D INFO] after sample, target size: 400000, has normal: true
[Open3D INFO] source size: 27686, maxpoints_source_: 80000
[Open3D INFO] source size after voxel downsample: 18135
[Open3D INFO] after prerpocess: 18135
[Open3D INFO] reg_result.fitness: 0.982299, eva fitness: 0.996747
[INFO] [1773651152.616707747]: localization cost: 1210.106000 ms
[Open3D INFO] 

time_diff:1.21021 s, localization right now
[Open3D INFO] before sample, target size: 787926, has normal: true
[Open3D INFO] after sample, target size: 400000, has normal: true
[Open3D INFO] source size: 27998, maxpoints_source_: 80000
[Open3D INFO] source size after voxel downsample: 17551
[Open3D INFO] after prerpocess: 17551
[Open3D INFO] reg_result.fitness: 0.96946, eva fitness: 0.992821
[INFO] [1773651153.832815147]: localization cost: 1215.995000 ms
[Open3D INFO] 

time_diff:1.2161 s, localization right now
[Open3D INFO] before sample, target size: 787926, has normal: true
[Open3D INFO] after sample, target size: 400000, has normal: true
[Open3D INFO] source size: 29232, maxpoints_source_: 80000
[Open3D INFO] source size after voxel downsample: 18920
[Open3D INFO] after prerpocess: 18920
[Open3D INFO] reg_result.fitness: 0.967283, eva fitness: 0.988372
[INFO] [1773651155.175023981]: localization cost: 1342.092000 ms
[Open3D INFO] 

time_diff:1.3422 s, localization right now
[Open3D INFO] before sample, target size: 787926, has normal: true
[Open3D INFO] after sample, target size: 400000, has normal: true
[Open3D INFO] source size: 29858, maxpoints_source_: 80000
[Open3D INFO] source size after voxel downsample: 20040
[Open3D INFO] after prerpocess: 20040
[Open3D INFO] reg_result.fitness: 0.969112, eva fitness: 0.991766
[INFO] [1773651156.476607579]: localization cost: 1301.452000 ms
[Open3D INFO] 

time_diff:1.30201 s, localization right now
[Open3D INFO] before sample, target size: 787926, has normal: true
[Open3D INFO] after sample, target size: 400000, has normal: true
[Open3D INFO] source size: 28661, maxpoints_source_: 80000
[Open3D INFO] source size after voxel downsample: 20261
[Open3D INFO] after prerpocess: 20261
[Open3D INFO] reg_result.fitness: 0.975766, eva fitness: 0.996693
[INFO] [1773651157.559130838]: localization cost: 1081.962000 ms
[Open3D INFO] 

time_diff:1.0821 s, localization right now
[Open3D INFO] before sample, target size: 787926, has normal: true
[Open3D INFO] after sample, target size: 400000, has normal: true
[Open3D INFO] source size: 28442, maxpoints_source_: 80000
[Open3D INFO] source size after voxel downsample: 18710
[Open3D INFO] after prerpocess: 18710
[Open3D INFO] reg_result.fitness: 0.979209, eva fitness: 0.996419
[INFO] [1773651158.655554024]: localization cost: 1096.279000 ms
[Open3D INFO] 

time_diff:1.09636 s, localization right now
[Open3D INFO] before sample, target size: 787926, has normal: true
[Open3D INFO] after sample, target size: 400000, has normal: true
[Open3D INFO] source size: 28176, maxpoints_source_: 80000
[Open3D INFO] source size after voxel downsample: 18365
[Open3D INFO] after prerpocess: 18365
[Open3D INFO] reg_result.fitness: 0.97713, eva fitness: 0.995481
[INFO] [1773651159.718708880]: localization cost: 1063.039000 ms
[Open3D INFO] 

time_diff:1.06317 s, localization right now
[Open3D INFO] before sample, target size: 787926, has normal: true
[Open3D INFO] after sample, target size: 400000, has normal: true
[Open3D INFO] source size: 27813, maxpoints_source_: 80000
[Open3D INFO] source size after voxel downsample: 18043
[Open3D INFO] after prerpocess: 18043
[Open3D INFO] reg_result.fitness: 0.976445, eva fitness: 0.994181
[INFO] [1773651160.760498479]: localization cost: 1041.671000 ms
[Open3D INFO] 

time_diff:1.04177 s, localization right now
[Open3D INFO] before sample, target size: 787926, has normal: true
[Open3D INFO] after sample, target size: 400000, has normal: true
[Open3D INFO] source size: 27690, maxpoints_source_: 80000
[Open3D INFO] source size after voxel downsample: 17976
[Open3D INFO] after prerpocess: 17976
[Open3D INFO] reg_result.fitness: 0.967067, eva fitness: 0.991044
[INFO] [1773651161.810804720]: localization cost: 1050.199000 ms
[Open3D INFO] 

time_diff:1.05030 s, localization right now
[Open3D INFO] before sample, target size: 787926, has normal: true
[Open3D INFO] after sample, target size: 400000, has normal: true
[Open3D INFO] source size: 28857, maxpoints_source_: 80000
[Open3D INFO] source size after voxel downsample: 19653
[Open3D INFO] after prerpocess: 19653
[Open3D INFO] reg_result.fitness: 0.960210, eva fitness: 0.980817
[INFO] [1773651162.903157743]: localization cost: 1092.245000 ms
[Open3D INFO] 

time_diff:1.09234 s, localization right now
[Open3D INFO] before sample, target size: 787926, has normal: true
[Open3D INFO] after sample, target size: 400000, has normal: true
[Open3D INFO] source size: 28831, maxpoints_source_: 80000
[Open3D INFO] source size after voxel downsample: 19209
[Open3D INFO] after prerpocess: 19209
[Open3D INFO] reg_result.fitness: 0.968556, eva fitness: 0.992399
[INFO] [1773651164.203476830]: localization cost: 1300.088000 ms
[Open3D INFO] 

time_diff:1.30027 s, localization right now
[Open3D INFO] before sample, target size: 787926, has normal: true
[Open3D INFO] after sample, target size: 400000, has normal: true
[Open3D INFO] source size: 29135, maxpoints_source_: 80000
[Open3D INFO] source size after voxel downsample: 17602
[Open3D INFO] after prerpocess: 17602
[Open3D INFO] reg_result.fitness: 0.958243, eva fitness: 0.990172
[INFO] [1773651165.430547263]: localization cost: 1226.879000 ms
[Open3D INFO] 

time_diff:1.22699 s, localization right now
[Open3D INFO] before sample, target size: 787926, has normal: true
[Open3D INFO] after sample, target size: 400000, has normal: true
[Open3D INFO] source size: 30066, maxpoints_source_: 80000
[Open3D INFO] source size after voxel downsample: 16541
[Open3D INFO] after prerpocess: 16541
[Open3D INFO] reg_result.fitness: 0.957197, eva fitness: 0.989662
[INFO] [1773651166.701116429]: localization cost: 1270.406000 ms
[Open3D INFO] 

time_diff:1.27084 s, localization right now
[Open3D INFO] before sample, target size: 787926, has normal: true
[Open3D INFO] after sample, target size: 400000, has normal: true
[Open3D INFO] source size: 30127, maxpoints_source_: 80000
[Open3D INFO] source size after voxel downsample: 15954
[Open3D INFO] after prerpocess: 15954
[Open3D INFO] reg_result.fitness: 0.969914, eva fitness: 0.992416
[INFO] [1773651168.043770832]: localization cost: 1342.243000 ms
[Open3D INFO] 

time_diff:1.34234 s, localization right now
[Open3D INFO] before sample, target size: 787926, has normal: true
[Open3D INFO] after sample, target size: 400000, has normal: true
[Open3D INFO] source size: 31343, maxpoints_source_: 80000
[Open3D INFO] source size after voxel downsample: 15518
[Open3D INFO] after prerpocess: 15518
[Open3D INFO] reg_result.fitness: 0.968746, eva fitness: 0.990592
[INFO] [1773651169.324977503]: localization cost: 1281.096000 ms
[Open3D INFO] 

time_diff:1.28139 s, localization right now
[Open3D INFO] before sample, target size: 787926, has normal: true
[Open3D INFO] after sample, target size: 400000, has normal: true
[Open3D INFO] source size: 31147, maxpoints_source_: 80000
[Open3D INFO] source size after voxel downsample: 15741
[Open3D INFO] after prerpocess: 15741
[Open3D INFO] reg_result.fitness: 0.97173, eva fitness: 0.991297
[INFO] [1773651170.423871723]: localization cost: 1098.467000 ms
[Open3D INFO] 

time_diff:1.09856 s, localization right now
[Open3D INFO] before sample, target size: 787926, has normal: true
[Open3D INFO] after sample, target size: 400000, has normal: true
[Open3D INFO] source size: 31695, maxpoints_source_: 80000
[Open3D INFO] source size after voxel downsample: 15443
[Open3D INFO] after prerpocess: 15443
[Open3D INFO] reg_result.fitness: 0.968529, eva fitness: 0.991582
[INFO] [1773651171.557403496]: localization cost: 1133.430000 ms
[Open3D INFO] 

time_diff:1.13354 s, localization right now
[Open3D INFO] before sample, target size: 787926, has normal: true
[Open3D INFO] after sample, target size: 400000, has normal: true
[Open3D INFO] source size: 32071, maxpoints_source_: 80000
[Open3D INFO] source size after voxel downsample: 15149
[Open3D INFO] after prerpocess: 15149
[Open3D INFO] reg_result.fitness: 0.969371, eva fitness: 0.991947
[INFO] [1773651172.654330912]: localization cost: 1096.814000 ms
[Open3D INFO] 

time_diff:1.0969 s, localization right now
[Open3D INFO] before sample, target size: 787926, has normal: true
[Open3D INFO] after sample, target size: 400000, has normal: true
[Open3D INFO] source size: 31752, maxpoints_source_: 80000
[Open3D INFO] source size after voxel downsample: 14867
[Open3D INFO] after prerpocess: 14867
[Open3D INFO] reg_result.fitness: 0.972288, eva fitness: 0.992467
[INFO] [1773651173.701541047]: localization cost: 1047.094000 ms
[Open3D INFO] 

time_diff:1.04735 s, localization right now
[Open3D INFO] before sample, target size: 787926, has normal: true
[Open3D INFO] after sample, target size: 400000, has normal: true
[Open3D INFO] source size: 31407, maxpoints_source_: 80000
[Open3D INFO] source size after voxel downsample: 14533
[Open3D INFO] after prerpocess: 14533
[Open3D INFO] reg_result.fitness: 0.974059, eva fitness: 0.992637
[INFO] [1773651175.344291140]: localization cost: 1642.281000 ms
[Open3D INFO] 

time_diff:1.64248 s, localization right now
[Open3D INFO] before sample, target size: 787926, has normal: true
[Open3D INFO] after sample, target size: 400000, has normal: true
[Open3D INFO] source size: 31487, maxpoints_source_: 80000
[Open3D INFO] source size after voxel downsample: 14702
[Open3D INFO] after prerpocess: 14702
[Open3D INFO] reg_result.fitness: 0.978574, eva fitness: 0.994286
[INFO] [1773651176.682461270]: localization cost: 1337.883000 ms
[Open3D INFO] 

time_diff:1.33805 s, localization right now
[Open3D INFO] before sample, target size: 787926, has normal: true
[Open3D INFO] after sample, target size: 400000, has normal: true
[Open3D INFO] source size: 31711, maxpoints_source_: 80000
[Open3D INFO] source size after voxel downsample: 14519
[Open3D INFO] after prerpocess: 14519
[Open3D INFO] reg_result.fitness: 0.973001, eva fitness: 0.993939
[INFO] [1773651178.159243983]: localization cost: 1476.511000 ms
[Open3D INFO] 

time_diff:1.47688 s, localization right now
[Open3D INFO] before sample, target size: 787926, has normal: true
[Open3D INFO] after sample, target size: 400000, has normal: true
[Open3D INFO] source size: 31490, maxpoints_source_: 80000
[Open3D INFO] source size after voxel downsample: 14654
[Open3D INFO] after prerpocess: 14654
mat_odom2map_
  0.981255   0.182164 -0.0628904    9.15478
 -0.181441   0.983254  0.0170827   -1.51748
  0.064949 -0.0053516   0.997874    1.97523
         0          0          0          1
confidence_loc_th_: 0.7 current confidence: 0.993939
mat_odom2map_
  0.981255   0.182164 -0.0628904    9.15478
 -0.181441   0.983254  0.0170827   -1.51748
  0.064949 -0.0053516   0.997874    1.97523
         0          0          0          1
[Open3D INFO] reg_result.fitness: 0.972362, eva fitness: 0.995633
[INFO] [1773651180.154776934]: localization cost: 1995.253000 ms
[Open3D INFO] 

time_diff:1.99537 s, localization right now
[Open3D INFO] before sample, target size: 787926, has normal: true
[Open3D INFO] after sample, target size: 400000, has normal: true
[Open3D INFO] source size: 31002, maxpoints_source_: 80000
[Open3D INFO] source size after voxel downsample: 14495
[Open3D INFO] after prerpocess: 14495
[Open3D INFO] reg_result.fitness: 0.968748, eva fitness: 0.9891
[INFO] [1773651181.408914558]: localization cost: 1254.002000 ms
[Open3D INFO] 

time_diff:1.25412 s, localization right now
[Open3D INFO] before sample, target size: 787926, has normal: true
[Open3D INFO] after sample, target size: 400000, has normal: true
[Open3D INFO] source size: 31269, maxpoints_source_: 80000
[Open3D INFO] source size after voxel downsample: 14595
[Open3D INFO] after prerpocess: 14595
[Open3D INFO] reg_result.fitness: 0.980199, eva fitness: 0.997122
[INFO] [1773651182.546952206]: localization cost: 1137.815000 ms
[Open3D INFO] 

time_diff:1.13804 s, localization right now
[Open3D INFO] before sample, target size: 787926, has normal: true
[Open3D INFO] after sample, target size: 400000, has normal: true
[Open3D INFO] source size: 31302, maxpoints_source_: 80000
[Open3D INFO] source size after voxel downsample: 14420
[Open3D INFO] after prerpocess: 14420
[Open3D INFO] reg_result.fitness: 0.975312, eva fitness: 0.99681
[INFO] [1773651183.859629343]: localization cost: 1312.545000 ms
[Open3D INFO] 

time_diff:1.31264 s, localization right now
[Open3D INFO] before sample, target size: 787926, has normal: true
[Open3D INFO] after sample, target size: 400000, has normal: true
[Open3D INFO] source size: 30919, maxpoints_source_: 80000
[Open3D INFO] source size after voxel downsample: 14324
[Open3D INFO] after prerpocess: 14324
[Open3D INFO] reg_result.fitness: 0.974728, eva fitness: 0.997207
[INFO] [1773651185.099433120]: localization cost: 1239.699000 ms
[Open3D INFO] 

time_diff:1.2398 s, localization right now
[Open3D INFO] before sample, target size: 787926, has normal: true
[Open3D INFO] after sample, target size: 400000, has normal: true
[Open3D INFO] source size: 31059, maxpoints_source_: 80000
[Open3D INFO] source size after voxel downsample: 14260
[Open3D INFO] after prerpocess: 14260
[Open3D INFO] reg_result.fitness: 0.971038, eva fitness: 0.996143
[INFO] [1773651186.439100450]: localization cost: 1339.549000 ms
[Open3D INFO] 

time_diff:1.33966 s, localization right now
[Open3D INFO] before sample, target size: 787926, has normal: true
[Open3D INFO] after sample, target size: 400000, has normal: true
[Open3D INFO] source size: 31075, maxpoints_source_: 80000
[Open3D INFO] source size after voxel downsample: 14441
[Open3D INFO] after prerpocess: 14441
[Open3D INFO] reg_result.fitness: 0.970985, eva fitness: 0.99633
[INFO] [1773651187.697984864]: localization cost: 1258.757000 ms
[Open3D INFO] 

time_diff:1.25886 s, localization right now
[Open3D INFO] before sample, target size: 787926, has normal: true
[Open3D INFO] after sample, target size: 400000, has normal: true
[Open3D INFO] source size: 31193, maxpoints_source_: 80000
[Open3D INFO] source size after voxel downsample: 14373
[Open3D INFO] after prerpocess: 14373
[Open3D INFO] reg_result.fitness: 0.975023, eva fitness: 0.996452
[INFO] [1773651188.713835070]: localization cost: 1015.742000 ms
[Open3D INFO] 

time_diff:1.01582 s, localization right now
[Open3D INFO] before sample, target size: 787926, has normal: true
[Open3D INFO] after sample, target size: 400000, has normal: true
[Open3D INFO] source size: 31245, maxpoints_source_: 80000
[Open3D INFO] source size after voxel downsample: 14430
[Open3D INFO] after prerpocess: 14430
[Open3D INFO] reg_result.fitness: 0.972696, eva fitness: 0.996812
[INFO] [1773651189.728572007]: localization cost: 1014.647000 ms
[Open3D INFO] 

time_diff:1.01473 s, localization right now
[Open3D INFO] before sample, target size: 787926, has normal: true
[Open3D INFO] after sample, target size: 400000, has normal: true
[Open3D INFO] source size: 30778, maxpoints_source_: 80000
[Open3D INFO] source size after voxel downsample: 15101
[Open3D INFO] after prerpocess: 15101
[Open3D INFO] reg_result.fitness: 0.976425, eva fitness: 0.997219
[INFO] [1773651190.819034424]: localization cost: 1090.356000 ms
[Open3D INFO] 

time_diff:1.09046 s, localization right now
[Open3D INFO] before sample, target size: 787926, has normal: true
[Open3D INFO] after sample, target size: 400000, has normal: true
[Open3D INFO] source size: 30063, maxpoints_source_: 80000
[Open3D INFO] source size after voxel downsample: 15608
[Open3D INFO] after prerpocess: 15608
[Open3D INFO] reg_result.fitness: 0.968862, eva fitness: 0.996668
[INFO] [1773651191.990149956]: localization cost: 1171.004000 ms
[Open3D INFO] 

time_diff:1.17118 s, localization right now
[Open3D INFO] before sample, target size: 787926, has normal: true
[Open3D INFO] after sample, target size: 400000, has normal: true
[Open3D INFO] source size: 28977, maxpoints_source_: 80000
[Open3D INFO] source size after voxel downsample: 15790
[Open3D INFO] after prerpocess: 15790
[Open3D INFO] reg_result.fitness: 0.971944, eva fitness: 0.99563
[INFO] [1773651193.135668359]: localization cost: 1145.189000 ms
[Open3D INFO] 

time_diff:1.14526 s, localization right now
[Open3D INFO] before sample, target size: 787926, has normal: true
[Open3D INFO] after sample, target size: 400000, has normal: true
[Open3D INFO] source size: 28980, maxpoints_source_: 80000
[Open3D INFO] source size after voxel downsample: 15696
[Open3D INFO] after prerpocess: 15696
[Open3D INFO] reg_result.fitness: 0.978593, eva fitness: 0.996814
[INFO] [1773651194.171612526]: localization cost: 1035.831000 ms
[Open3D INFO] 

time_diff:1.03596 s, localization right now
[Open3D INFO] before sample, target size: 787926, has normal: true
[Open3D INFO] after sample, target size: 400000, has normal: true
[Open3D INFO] source size: 29042, maxpoints_source_: 80000
[Open3D INFO] source size after voxel downsample: 15707
[Open3D INFO] after prerpocess: 15707
[Open3D INFO] reg_result.fitness: 0.97517, eva fitness: 0.995925
[INFO] [1773651195.201883786]: localization cost: 1030.032000 ms
[Open3D INFO] 

time_diff:1.03013 s, localization right now
[Open3D INFO] before sample, target size: 787926, has normal: true
[Open3D INFO] after sample, target size: 400000, has normal: true
[Open3D INFO] source size: 29393, maxpoints_source_: 80000
[Open3D INFO] source size after voxel downsample: 16088
[Open3D INFO] after prerpocess: 16088
[Open3D INFO] reg_result.fitness: 0.972277, eva fitness: 0.995027
[INFO] [1773651196.234265444]: localization cost: 1032.267000 ms
[Open3D INFO] 

time_diff:1.03238 s, localization right now
[Open3D INFO] before sample, target size: 787926, has normal: true
[Open3D INFO] after sample, target size: 400000, has normal: true
[Open3D INFO] source size: 29903, maxpoints_source_: 80000
[Open3D INFO] source size after voxel downsample: 16354
[Open3D INFO] after prerpocess: 16354
[Open3D INFO] reg_result.fitness: 0.971567, eva fitness: 0.988321
[INFO] [1773651197.466135152]: localization cost: 1231.753000 ms
[Open3D INFO] 

time_diff:1.23186 s, localization right now
[Open3D INFO] before sample, target size: 787926, has normal: true
[Open3D INFO] after sample, target size: 400000, has normal: true
[Open3D INFO] source size: 28562, maxpoints_source_: 80000
[Open3D INFO] source size after voxel downsample: 16093
[Open3D INFO] after prerpocess: 16093
[Open3D INFO] reg_result.fitness: 0.980053, eva fitness: 0.99447
[INFO] [1773651198.718884895]: localization cost: 1252.448000 ms
[Open3D INFO] 

time_diff:1.25255 s, localization right now
[Open3D INFO] before sample, target size: 787926, has normal: true
[Open3D INFO] after sample, target size: 400000, has normal: true
[Open3D INFO] source size: 28425, maxpoints_source_: 80000
[Open3D INFO] source size after voxel downsample: 16691
[Open3D INFO] after prerpocess: 16691
[Open3D INFO] reg_result.fitness: 0.981966, eva fitness: 0.996405
[INFO] [1773651200.036000159]: localization cost: 1316.860000 ms
[Open3D INFO] 

time_diff:1.31697 s, localization right now
[Open3D INFO] before sample, target size: 787926, has normal: true
[Open3D INFO] after sample, target size: 400000, has normal: true
[Open3D INFO] source size: 27757, maxpoints_source_: 80000
[Open3D INFO] source size after voxel downsample: 17269
[Open3D INFO] after prerpocess: 17269
[Open3D INFO] reg_result.fitness: 0.976316, eva fitness: 0.992646
[INFO] [1773651201.239355687]: localization cost: 1203.234000 ms
[Open3D INFO] 

time_diff:1.20334 s, localization right now
[Open3D INFO] before sample, target size: 787926, has normal: true
[Open3D INFO] after sample, target size: 400000, has normal: true
[Open3D INFO] source size: 29002, maxpoints_source_: 80000
[Open3D INFO] source size after voxel downsample: 19253
[Open3D INFO] after prerpocess: 19253
[Open3D INFO] reg_result.fitness: 0.967849, eva fitness: 0.988314
[INFO] [1773651202.312307217]: localization cost: 1072.721000 ms
[Open3D INFO] 

time_diff:1.07283 s, localization right now
[Open3D INFO] before sample, target size: 787926, has normal: true
[Open3D INFO] after sample, target size: 400000, has normal: true
[Open3D INFO] source size: 28506, maxpoints_source_: 80000
[Open3D INFO] source size after voxel downsample: 19471
[Open3D INFO] after prerpocess: 19471
[Open3D INFO] reg_result.fitness: 0.97694, eva fitness: 0.99245
[INFO] [1773651203.433934861]: localization cost: 1121.519000 ms
[Open3D INFO] 

time_diff:1.12161 s, localization right now
[Open3D INFO] before sample, target size: 787926, has normal: true
[Open3D INFO] after sample, target size: 400000, has normal: true
[Open3D INFO] source size: 28504, maxpoints_source_: 80000
[Open3D INFO] source size after voxel downsample: 20039
[Open3D INFO] after prerpocess: 20039
[Open3D INFO] reg_result.fitness: 0.973801, eva fitness: 0.992365
[INFO] [1773651204.446898129]: localization cost: 1012.855000 ms
[Open3D INFO] 

time_diff:1.01295 s, localization right now
[Open3D INFO] before sample, target size: 787926, has normal: true
[Open3D INFO] after sample, target size: 400000, has normal: true
[Open3D INFO] source size: 27358, maxpoints_source_: 80000
[Open3D INFO] source size after voxel downsample: 18908
[Open3D INFO] after prerpocess: 18908
[Open3D INFO] reg_result.fitness: 0.973979, eva fitness: 0.993389
[INFO] [1773651205.766491467]: localization cost: 1319.323000 ms
[Open3D INFO] 

time_diff:1.31948 s, localization right now
[Open3D INFO] before sample, target size: 787926, has normal: true
[Open3D INFO] after sample, target size: 400000, has normal: true
[Open3D INFO] source size: 28048, maxpoints_source_: 80000
[Open3D INFO] source size after voxel downsample: 17874
[Open3D INFO] after prerpocess: 17874
[Open3D INFO] reg_result.fitness: 0.975607, eva fitness: 0.993734
[INFO] [1773651207.021689139]: localization cost: 1255.042000 ms
[Open3D INFO] 

time_diff:1.25517 s, localization right now
[Open3D INFO] before sample, target size: 787926, has normal: true
[Open3D INFO] after sample, target size: 400000, has normal: true
[Open3D INFO] source size: 28047, maxpoints_source_: 80000
[Open3D INFO] source size after voxel downsample: 17841
[Open3D INFO] after prerpocess: 17841
[Open3D INFO] reg_result.fitness: 0.974441, eva fitness: 0.99333
[INFO] [1773651208.134748170]: localization cost: 1112.945000 ms
[Open3D INFO] 

time_diff:1.11303 s, localization right now
[Open3D INFO] before sample, target size: 787926, has normal: true
[Open3D INFO] after sample, target size: 400000, has normal: true
[Open3D INFO] source size: 28134, maxpoints_source_: 80000
[Open3D INFO] source size after voxel downsample: 18581
[Open3D INFO] after prerpocess: 18581
[Open3D INFO] reg_result.fitness: 0.975674, eva fitness: 0.991766
[INFO] [1773651209.397674617]: localization cost: 1262.799000 ms
[Open3D INFO] 

time_diff:1.26294 s, localization right now
[Open3D INFO] before sample, target size: 787926, has normal: true
[Open3D INFO] after sample, target size: 400000, has normal: true
[Open3D INFO] source size: 28362, maxpoints_source_: 80000
[Open3D INFO] source size after voxel downsample: 20335
[Open3D INFO] after prerpocess: 20335
[Open3D INFO] reg_result.fitness: 0.973445, eva fitness: 0.993804
[INFO] [1773651210.680049856]: localization cost: 1282.248000 ms
[Open3D INFO] 

time_diff:1.28235 s, localization right now
[Open3D INFO] before sample, target size: 787926, has normal: true
[Open3D INFO] after sample, target size: 400000, has normal: true
[Open3D INFO] source size: 27346, maxpoints_source_: 80000
[Open3D INFO] source size after voxel downsample: 19072
[Open3D INFO] after prerpocess: 19072
[Open3D INFO] reg_result.fitness: 0.963559, eva fitness: 0.984952
[INFO] [1773651211.939445956]: localization cost: 1259.282000 ms
[Open3D INFO] 

time_diff:1.25938 s, localization right now
[Open3D INFO] before sample, target size: 787926, has normal: true
[Open3D INFO] after sample, target size: 400000, has normal: true
[Open3D INFO] source size: 28486, maxpoints_source_: 80000
[Open3D INFO] source size after voxel downsample: 18620
[Open3D INFO] after prerpocess: 18620
[Open3D INFO] reg_result.fitness: 0.975779, eva fitness: 0.995328
[INFO] [1773651213.131567166]: localization cost: 1191.887000 ms
[Open3D INFO] 

time_diff:1.19198 s, localization right now
[Open3D INFO] before sample, target size: 787926, has normal: true
[Open3D INFO] after sample, target size: 400000, has normal: true
[Open3D INFO] source size: 29058, maxpoints_source_: 80000
[Open3D INFO] source size after voxel downsample: 19318
[Open3D INFO] after prerpocess: 19318
[Open3D INFO] reg_result.fitness: 0.973703, eva fitness: 0.994306
[INFO] [1773651214.559336683]: localization cost: 1427.656000 ms
[Open3D INFO] 

time_diff:1.42776 s, localization right now
[Open3D INFO] before sample, target size: 787926, has normal: true
[Open3D INFO] after sample, target size: 400000, has normal: true
[Open3D INFO] source size: 27484, maxpoints_source_: 80000
[Open3D INFO] source size after voxel downsample: 18511
[Open3D INFO] after prerpocess: 18511
[Open3D INFO] reg_result.fitness: 0.953919, eva fitness: 0.984712
[INFO] [1773651216.141854176]: localization cost: 1582.391000 ms
[Open3D INFO] 

time_diff:1.58251 s, localization right now
[Open3D INFO] before sample, target size: 787926, has normal: true
[Open3D INFO] after sample, target size: 400000, has normal: true
[Open3D INFO] source size: 29881, maxpoints_source_: 80000
[Open3D INFO] source size after voxel downsample: 19122
[Open3D INFO] after prerpocess: 19122
[Open3D INFO] reg_result.fitness: 0.957222, eva fitness: 0.988652
[INFO] [1773651217.716493923]: localization cost: 1574.531000 ms
[Open3D INFO] 

time_diff:1.57462 s, localization right now
[Open3D INFO] before sample, target size: 787926, has normal: true
[Open3D INFO] after sample, target size: 400000, has normal: true
[Open3D INFO] source size: 31466, maxpoints_source_: 80000
[Open3D INFO] source size after voxel downsample: 20880
[Open3D INFO] after prerpocess: 20880
[Open3D INFO] reg_result.fitness: 0.960680, eva fitness: 0.98932
[INFO] [1773651219.138250443]: localization cost: 1421.647000 ms
[Open3D INFO] 

time_diff:1.42175 s, localization right now
[Open3D INFO] before sample, target size: 787926, has normal: true
[Open3D INFO] after sample, target size: 400000, has normal: true
[Open3D INFO] source size: 29772, maxpoints_source_: 80000
[Open3D INFO] source size after voxel downsample: 20915
[Open3D INFO] after prerpocess: 20915
[Open3D INFO] reg_result.fitness: 0.951231, eva fitness: 0.985322
[INFO] [1773651220.467960319]: localization cost: 1329.586000 ms
[Open3D INFO] 

time_diff:1.32969 s, localization right now
[Open3D INFO] before sample, target size: 787926, has normal: true
[Open3D INFO] after sample, target size: 400000, has normal: true
[Open3D INFO] source size: 29774, maxpoints_source_: 80000
[Open3D INFO] source size after voxel downsample: 19529
[Open3D INFO] after prerpocess: 19529
[Open3D INFO] reg_result.fitness: 0.953198, eva fitness: 0.984382
[INFO] [1773651221.553618823]: localization cost: 1085.547000 ms
[Open3D INFO] 

time_diff:1.08565 s, localization right now
[Open3D INFO] before sample, target size: 787926, has normal: true
[Open3D INFO] after sample, target size: 400000, has normal: true
[Open3D INFO] source size: 29613, maxpoints_source_: 80000
[Open3D INFO] source size after voxel downsample: 18526
[Open3D INFO] after prerpocess: 18526
[Open3D INFO] reg_result.fitness: 0.954334, eva fitness: 0.983105
[INFO] [1773651222.655727557]: localization cost: 1101.998000 ms
[Open3D INFO] 

time_diff:1.10209 s, localization right now
[Open3D INFO] before sample, target size: 787926, has normal: true
[Open3D INFO] after sample, target size: 400000, has normal: true
[Open3D INFO] source size: 29346, maxpoints_source_: 80000
[Open3D INFO] source size after voxel downsample: 18501
[Open3D INFO] after prerpocess: 18501
[Open3D INFO] reg_result.fitness: 0.953462, eva fitness: 0.981785
[INFO] [1773651223.761693926]: localization cost: 1105.711000 ms
[Open3D INFO] 

time_diff:1.10587 s, localization right now
[Open3D INFO] before sample, target size: 787926, has normal: true
[Open3D INFO] after sample, target size: 400000, has normal: true
[Open3D INFO] source size: 29350, maxpoints_source_: 80000
[Open3D INFO] source size after voxel downsample: 18988
[Open3D INFO] after prerpocess: 18988
[Open3D INFO] reg_result.fitness: 0.951601, eva fitness: 0.983095
[INFO] [1773651224.908195059]: localization cost: 1146.211000 ms
[Open3D INFO] 

time_diff:1.14654 s, localization right now
[Open3D INFO] before sample, target size: 787926, has normal: true
[Open3D INFO] after sample, target size: 400000, has normal: true
[Open3D INFO] source size: 29943, maxpoints_source_: 80000
[Open3D INFO] source size after voxel downsample: 20523
[Open3D INFO] after prerpocess: 20523
[Open3D INFO] reg_result.fitness: 0.949812, eva fitness: 0.981728
[INFO] [1773651226.080575838]: localization cost: 1171.916000 ms
[Open3D INFO] 

time_diff:1.17203 s, localization right now
[Open3D INFO] before sample, target size: 787926, has normal: true
[Open3D INFO] after sample, target size: 400000, has normal: true
[Open3D INFO] source size: 31628, maxpoints_source_: 80000
[Open3D INFO] source size after voxel downsample: 22605
[Open3D INFO] after prerpocess: 22605
[Open3D INFO] reg_result.fitness: 0.960186, eva fitness: 0.98695
[INFO] [1773651227.402663956]: localization cost: 1321.977000 ms
[Open3D INFO] 

time_diff:1.32208 s, localization right now
[Open3D INFO] before sample, target size: 787926, has normal: true
[Open3D INFO] after sample, target size: 400000, has normal: true
[Open3D INFO] source size: 30298, maxpoints_source_: 80000
[Open3D INFO] source size after voxel downsample: 22169
[Open3D INFO] after prerpocess: 22169
[Open3D INFO] reg_result.fitness: 0.948983, eva fitness: 0.979070
[INFO] [1773651228.670421390]: localization cost: 1267.603000 ms
[Open3D INFO] 

time_diff:1.26775 s, localization right now
[Open3D INFO] before sample, target size: 787926, has normal: true
[Open3D INFO] after sample, target size: 400000, has normal: true
[Open3D INFO] source size: 29902, maxpoints_source_: 80000
[Open3D INFO] source size after voxel downsample: 21604
[Open3D INFO] after prerpocess: 21604
[Open3D INFO] reg_result.fitness: 0.95436, eva fitness: 0.984864
[INFO] [1773651230.095365863]: localization cost: 1424.677000 ms
[Open3D INFO] 

time_diff:1.42497 s, localization right now
[Open3D INFO] before sample, target size: 787926, has normal: true
[Open3D INFO] after sample, target size: 400000, has normal: true
[Open3D INFO] source size: 30386, maxpoints_source_: 80000
[Open3D INFO] source size after voxel downsample: 22454
[Open3D INFO] after prerpocess: 22454
[Open3D INFO] reg_result.fitness: 0.944375, eva fitness: 0.982498
[INFO] [1773651231.418058282]: localization cost: 1322.276000 ms
[Open3D INFO] 

time_diff:1.32238 s, localization right now
[Open3D INFO] before sample, target size: 787926, has normal: true
[Open3D INFO] after sample, target size: 400000, has normal: true
[Open3D INFO] source size: 28596, maxpoints_source_: 80000
[Open3D INFO] source size after voxel downsample: 19350
[Open3D INFO] after prerpocess: 19350
[Open3D INFO] reg_result.fitness: 0.936072, eva fitness: 0.983514
[INFO] [1773651232.702188470]: localization cost: 1284.029000 ms
[Open3D INFO] 

time_diff:1.28412 s, localization right now
[Open3D INFO] before sample, target size: 787926, has normal: true
[Open3D INFO] after sample, target size: 400000, has normal: true
[Open3D INFO] source size: 28251, maxpoints_source_: 80000
[Open3D INFO] source size after voxel downsample: 17725
[Open3D INFO] after prerpocess: 17725
[Open3D INFO] reg_result.fitness: 0.957518, eva fitness: 0.983639
[INFO] [1773651233.880547235]: localization cost: 1178.244000 ms
[Open3D INFO] 

time_diff:1.17836 s, localization right now
[Open3D INFO] before sample, target size: 787926, has normal: true
[Open3D INFO] after sample, target size: 400000, has normal: true
[Open3D INFO] source size: 29107, maxpoints_source_: 80000
[Open3D INFO] source size after voxel downsample: 19855
[Open3D INFO] after prerpocess: 19855
[Open3D INFO] reg_result.fitness: 0.964744, eva fitness: 0.990179
[INFO] [1773651235.160519733]: localization cost: 1279.825000 ms
[Open3D INFO] 

time_diff:1.28003 s, localization right now
[Open3D INFO] before sample, target size: 787926, has normal: true
[Open3D INFO] after sample, target size: 400000, has normal: true
[Open3D INFO] source size: 29193, maxpoints_source_: 80000
[Open3D INFO] source size after voxel downsample: 19781
[Open3D INFO] after prerpocess: 19781
[Open3D INFO] reg_result.fitness: 0.963197, eva fitness: 0.99181
[INFO] [1773651236.396483732]: localization cost: 1235.748000 ms
[Open3D INFO] 

time_diff:1.23589 s, localization right now
[Open3D INFO] before sample, target size: 787926, has normal: true
[Open3D INFO] after sample, target size: 400000, has normal: true
[Open3D INFO] source size: 29185, maxpoints_source_: 80000
[Open3D INFO] source size after voxel downsample: 18694
[Open3D INFO] after prerpocess: 18694
[Open3D INFO] reg_result.fitness: 0.961431, eva fitness: 0.991709
[INFO] [1773651237.608627058]: localization cost: 1211.828000 ms
[Open3D INFO] 

time_diff:1.21193 s, localization right now
[Open3D INFO] before sample, target size: 787926, has normal: true
[Open3D INFO] after sample, target size: 400000, has normal: true
[Open3D INFO] source size: 29173, maxpoints_source_: 80000
[Open3D INFO] source size after voxel downsample: 18308
[Open3D INFO] after prerpocess: 18308
[Open3D INFO] reg_result.fitness: 0.968211, eva fitness: 0.994702
[INFO] [1773651238.866751798]: localization cost: 1257.996000 ms
[Open3D INFO] 

time_diff:1.25813 s, localization right now
[Open3D INFO] before sample, target size: 787926, has normal: true
[Open3D INFO] after sample, target size: 400000, has normal: true
[Open3D INFO] source size: 29265, maxpoints_source_: 80000
[Open3D INFO] source size after voxel downsample: 18161
[Open3D INFO] after prerpocess: 18161
[Open3D INFO] reg_result.fitness: 0.963713, eva fitness: 0.993392
[INFO] [1773651239.965313801]: localization cost: 1098.430000 ms
[Open3D INFO] 

time_diff:1.09854 s, localization right now
[Open3D INFO] before sample, target size: 787926, has normal: true
[Open3D INFO] after sample, target size: 400000, has normal: true
[Open3D INFO] source size: 29092, maxpoints_source_: 80000
[Open3D INFO] source size after voxel downsample: 18510
[Open3D INFO] after prerpocess: 18510
[Open3D INFO] reg_result.fitness: 0.974608, eva fitness: 0.996056
[INFO] [1773651241.221408405]: localization cost: 1255.980000 ms
[Open3D INFO] 

time_diff:1.25609 s, localization right now
[Open3D INFO] 
***
****
***


last map update loc: x: 14.8067, y: 13.014, z1.81694,
                now loc: x: 13.0337, y: 9.49726, z1.88147, 3d distance: 3.93893, now needpdate submap
[INFO] [1773651241.303988193]: submap_cost: 82.242000 ms
[Open3D INFO] before sample, target size: 806423, has normal: true
[Open3D INFO] after sample, target size: 400000, has normal: true
[Open3D INFO] source size: 28594, maxpoints_source_: 80000
[Open3D INFO] source size after voxel downsample: 18205
[Open3D INFO] after prerpocess: 18205
[Open3D INFO] reg_result.fitness: 0.977204, eva fitness: 0.998077
[INFO] [1773651242.549471469]: localization cost: 1327.929000 ms
[Open3D INFO] 

time_diff:1.32806 s, localization right now
[Open3D INFO] before sample, target size: 806423, has normal: true
[Open3D INFO] after sample, target size: 400000, has normal: true
[Open3D INFO] source size: 28143, maxpoints_source_: 80000
[Open3D INFO] source size after voxel downsample: 18716
[Open3D INFO] after prerpocess: 18716
[Open3D INFO] reg_result.fitness: 0.981406, eva fitness: 0.996527
[INFO] [1773651243.790949676]: localization cost: 1241.204000 ms
[Open3D INFO] 

time_diff:1.24151 s, localization right now
[Open3D INFO] before sample, target size: 806423, has normal: true
[Open3D INFO] after sample, target size: 400000, has normal: true
[Open3D INFO] source size: 27213, maxpoints_source_: 80000
[Open3D INFO] source size after voxel downsample: 18563
[Open3D INFO] after prerpocess: 18563
[Open3D INFO] reg_result.fitness: 0.981038, eva fitness: 0.991812
[INFO] [1773651245.098418005]: localization cost: 1307.080000 ms
[Open3D INFO] 

time_diff:1.30716 s, localization right now
[Open3D INFO] before sample, target size: 806423, has normal: true
[Open3D INFO] after sample, target size: 400000, has normal: true
[Open3D INFO] source size: 26194, maxpoints_source_: 80000
[Open3D INFO] source size after voxel downsample: 18029
[Open3D INFO] after prerpocess: 18029
[Open3D INFO] reg_result.fitness: 0.977481, eva fitness: 0.988962
[INFO] [1773651246.182298294]: localization cost: 1083.787000 ms
[Open3D INFO] 

time_diff:1.08388 s, localization right now
[Open3D INFO] before sample, target size: 806423, has normal: true
[Open3D INFO] after sample, target size: 400000, has normal: true
[Open3D INFO] source size: 25867, maxpoints_source_: 80000
[Open3D INFO] source size after voxel downsample: 17888
[Open3D INFO] after prerpocess: 17888
[Open3D INFO] reg_result.fitness: 0.975458, eva fitness: 0.986304
[INFO] [1773651247.327323189]: localization cost: 1144.911000 ms
[Open3D INFO] 

time_diff:1.14503 s, localization right now
[Open3D INFO] before sample, target size: 806423, has normal: true
[Open3D INFO] after sample, target size: 400000, has normal: true
[Open3D INFO] source size: 25656, maxpoints_source_: 80000
[Open3D INFO] source size after voxel downsample: 17513
[Open3D INFO] after prerpocess: 17513
[Open3D INFO] reg_result.fitness: 0.975675, eva fitness: 0.985839
[INFO] [1773651248.503401622]: localization cost: 1175.886000 ms
[Open3D INFO] 

time_diff:1.17612 s, localization right now
[Open3D INFO] 
***
****
***


last map update loc: x: 13.0337, y: 9.49726, z1.88147,
                now loc: x: 12.271, y: 5.86593, z1.92872, 3d distance: 3.71086, now needpdate submap
[INFO] [1773651248.598765156]: submap_cost: 94.919000 ms
[Open3D INFO] before sample, target size: 877804, has normal: true
[Open3D INFO] after sample, target size: 400000, has normal: true
[Open3D INFO] source size: 25194, maxpoints_source_: 80000
[Open3D INFO] source size after voxel downsample: 17105
[Open3D INFO] after prerpocess: 17105
[Open3D INFO] reg_result.fitness: 0.987898, eva fitness: 0.997369
[INFO] [1773651249.684272704]: localization cost: 1180.696000 ms
[Open3D INFO] 

time_diff:1.18081 s, localization right now
[Open3D INFO] before sample, target size: 877804, has normal: true
[Open3D INFO] after sample, target size: 400000, has normal: true
[Open3D INFO] source size: 24324, maxpoints_source_: 80000
[Open3D INFO] source size after voxel downsample: 16420
[Open3D INFO] after prerpocess: 16420
[Open3D INFO] reg_result.fitness: 0.990865, eva fitness: 0.996711
[INFO] [1773651250.754851832]: localization cost: 1070.468000 ms
[Open3D INFO] 

time_diff:1.07056 s, localization right now
[Open3D INFO] before sample, target size: 877804, has normal: true
[Open3D INFO] after sample, target size: 400000, has normal: true
[Open3D INFO] source size: 24092, maxpoints_source_: 80000
[Open3D INFO] source size after voxel downsample: 16382
[Open3D INFO] after prerpocess: 16382
[Open3D INFO] reg_result.fitness: 0.988036, eva fitness: 0.995666
[INFO] [1773651251.814427378]: localization cost: 1059.377000 ms
[Open3D INFO] 

time_diff:1.05959 s, localization right now
[Open3D INFO] before sample, target size: 877804, has normal: true
[Open3D INFO] after sample, target size: 400000, has normal: true
[Open3D INFO] source size: 24241, maxpoints_source_: 80000
[Open3D INFO] source size after voxel downsample: 16800
[Open3D INFO] after prerpocess: 16800
[Open3D INFO] reg_result.fitness: 0.986071, eva fitness: 0.994702
[INFO] [1773651252.995076844]: localization cost: 1180.512000 ms
[Open3D INFO] 

time_diff:1.18071 s, localization right now
[Open3D INFO] before sample, target size: 877804, has normal: true
[Open3D INFO] after sample, target size: 400000, has normal: true
[Open3D INFO] source size: 23643, maxpoints_source_: 80000
[Open3D INFO] source size after voxel downsample: 17101
[Open3D INFO] after prerpocess: 17101
[Open3D INFO] reg_result.fitness: 0.980294, eva fitness: 0.99234
[INFO] [1773651254.181465398]: localization cost: 1186.187000 ms
[Open3D INFO] 

time_diff:1.18629 s, localization right now
[Open3D INFO] before sample, target size: 877804, has normal: true
[Open3D INFO] after sample, target size: 400000, has normal: true
[Open3D INFO] source size: 23470, maxpoints_source_: 80000
[Open3D INFO] source size after voxel downsample: 17124
[Open3D INFO] after prerpocess: 17124
[Open3D INFO] reg_result.fitness: 0.983181, eva fitness: 0.993284
[INFO] [1773651255.289724451]: localization cost: 1108.142000 ms
[Open3D INFO] 

time_diff:1.10825 s, localization right now
[Open3D INFO] before sample, target size: 877804, has normal: true
[Open3D INFO] after sample, target size: 400000, has normal: true
[Open3D INFO] source size: 24682, maxpoints_source_: 80000
[Open3D INFO] source size after voxel downsample: 18783
[Open3D INFO] after prerpocess: 18783
[Open3D INFO] reg_result.fitness: 0.975563, eva fitness: 0.991854
[INFO] [1773651256.400261596]: localization cost: 1110.426000 ms
[Open3D INFO] 

time_diff:1.11052 s, localization right now
[Open3D INFO] 
***
****
***


last map update loc: x: 12.271, y: 5.86593, z1.92872,
                now loc: x: 10.2625, y: 2.48198, z1.98129, 3d distance: 3.9355, now needpdate submap
[INFO] [1773651256.473540171]: submap_cost: 72.865000 ms
[Open3D INFO] before sample, target size: 938916, has normal: true
[Open3D INFO] after sample, target size: 400000, has normal: true
[Open3D INFO] source size: 26286, maxpoints_source_: 80000
[Open3D INFO] source size after voxel downsample: 20444
[Open3D INFO] after prerpocess: 20444
[Open3D INFO] reg_result.fitness: 0.976913, eva fitness: 0.992907
[INFO] [1773651257.510183494]: localization cost: 1109.695000 ms
[Open3D INFO] 

time_diff:1.10982 s, localization right now
[Open3D INFO] before sample, target size: 938916, has normal: true
[Open3D INFO] after sample, target size: 400000, has normal: true
[Open3D INFO] source size: 26669, maxpoints_source_: 80000
[Open3D INFO] source size after voxel downsample: 20693
[Open3D INFO] after prerpocess: 20693
[Open3D INFO] reg_result.fitness: 0.976417, eva fitness: 0.995022
[INFO] [1773651258.561835084]: localization cost: 1051.388000 ms
[Open3D INFO] 

time_diff:1.05148 s, localization right now
[Open3D INFO] before sample, target size: 938916, has normal: true
[Open3D INFO] after sample, target size: 400000, has normal: true
[Open3D INFO] source size: 26933, maxpoints_source_: 80000
[Open3D INFO] source size after voxel downsample: 20855
[Open3D INFO] after prerpocess: 20855
[Open3D INFO] reg_result.fitness: 0.983745, eva fitness: 0.995589
[INFO] [1773651259.823743214]: localization cost: 1261.767000 ms
[Open3D INFO] 

time_diff:1.26193 s, localization right now
[Open3D INFO] before sample, target size: 938916, has normal: true
[Open3D INFO] after sample, target size: 400000, has normal: true
[Open3D INFO] source size: 26526, maxpoints_source_: 80000
[Open3D INFO] source size after voxel downsample: 20052
[Open3D INFO] after prerpocess: 20052
[Open3D INFO] reg_result.fitness: 0.988879, eva fitness: 0.997506
[INFO] [1773651261.162527982]: localization cost: 1338.632000 ms
[Open3D INFO] 

time_diff:1.33884 s, localization right now
[Open3D INFO] before sample, target size: 938916, has normal: true
[Open3D INFO] after sample, target size: 400000, has normal: true
[Open3D INFO] source size: 26742, maxpoints_source_: 80000
[Open3D INFO] source size after voxel downsample: 19784
[Open3D INFO] after prerpocess: 19784
[Open3D INFO] reg_result.fitness: 0.976648, eva fitness: 0.992772
[INFO] [1773651262.336468782]: localization cost: 1173.723000 ms
[Open3D INFO] 

time_diff:1.17384 s, localization right now
[Open3D INFO] before sample, target size: 938916, has normal: true
[Open3D INFO] after sample, target size: 400000, has normal: true
[Open3D INFO] source size: 26352, maxpoints_source_: 80000
[Open3D INFO] source size after voxel downsample: 19383
[Open3D INFO] after prerpocess: 19383
[Open3D INFO] reg_result.fitness: 0.974359, eva fitness: 0.987463
[INFO] [1773651263.598454837]: localization cost: 1261.863000 ms
[Open3D INFO] 

time_diff:1.26196 s, localization right now
[Open3D INFO] before sample, target size: 938916, has normal: true
[Open3D INFO] after sample, target size: 400000, has normal: true
[Open3D INFO] source size: 27005, maxpoints_source_: 80000
[Open3D INFO] source size after voxel downsample: 19786
[Open3D INFO] after prerpocess: 19786
[Open3D INFO] reg_result.fitness: 0.985747, eva fitness: 0.996765
[INFO] [1773651264.887247392]: localization cost: 1288.698000 ms
[Open3D INFO] 

time_diff:1.28879 s, localization right now
[Open3D INFO] before sample, target size: 938916, has normal: true
[Open3D INFO] after sample, target size: 400000, has normal: true
[Open3D INFO] source size: 27056, maxpoints_source_: 80000
[Open3D INFO] source size after voxel downsample: 20625
[Open3D INFO] after prerpocess: 20625
                                                                                                                                                                                                                                                                                                                                                                                                                                                                                                                                                                                                                                                                                                                                                                                                                      