<?xml version="1.0" encoding="UTF-8"?>
<COLLADA xmlns="http://www.collada.org/2005/11/COLLADASchema" version="1.4.1">
<!--
# File generated by ImageToStl.com - Free Image and 3D model conversion tools
-->
  <asset>
    <contributor>
      <author>ImageToStl.com</author>
      <authoring_tool>ImageToStl.com</authoring_tool>
    </contributor>
    <created>2025-05-11T01:35:40</created>
    <modified>2025-05-11T01:35:40</modified>
    <up_axis>Z_UP</up_axis>
  </asset>
  <library_effects>
    <effect id="effect_0">
        <profile_COMMON>
          <technique sid="common">
            <phong>
              <diffuse>
                <color>0.85 0.85 0.85 1</color>
              </diffuse>
              <specular>
                <color>0.05 0.05 0.05 1</color>
              </specular>
              <shininess>
                <float>64</float>
              </shininess>
            </phong>
          </technique>
        </profile_COMMON>
    </effect>
  </library_effects>
  <library_materials>
    <material id="mat_0">
      <instance_effect url="#effect_0"/>
    </material>
  </library_materials>
  <library_geometries>
    <geometry id="geometry_ca15eacd_6505_4deb_9333_412a4c971a13">
      <mesh>
        <source id="pos_0">
          <float_array id="pos_0-array" count="23262">151.51812744 415.68652344 133.60140991 151.47512817 415.93728638 133.60140991 151.47512817 415.93728638 138 151.46972656 416.06451416 133.60140991 151.47512817 416.19171143 138 151.47512817 416.19171143 133.60140991 151.51812744 416.44244385 138 151.51812744 416.44244385 133.60140991 151.60287476 416.68237305 138 151.60287476 416.68237305 133.60140991 151.72695923 416.90444946 138 151.72695923 416.90444946 133.60140991 151.88677979 417.10238647 138 151.88677979 417.10238647 133.60140991 152.07777405 417.27047729 138 152.07777405 417.27047729 133.60140991 152.29441833 417.40386963 138 152.29441833 417.40386963 133.60140991 152.53048706 417.49874878 138 152.53048706 417.49874878 133.60140991 152.77919006 417.55233765 138 152.77919006 417.55233765 133.60140991 153.03338623 417.56314087 138 153.03338623 417.56314087 133.60140991 153.28573608 417.53082275 138 153.28573608 417.53082275 133.60140991 153.52900696 417.45632935 138 153.52900696 417.45632935 133.60140991 153.75617981 417.34179688 138 153.75617981 417.34179688 133.60140991 153.96073914 417.19049072 138 153.96073914 417.19049072 133.60140991 154.13677979 417.00680542 138 154.13677979 417.00680542 133.60140991 154.27923584 416.79602051 138 154.27923584 416.79602051 133.60140991 154.3840332 416.56420898 138 154.3840332 416.56420898 133.60140991 154.44815063 416.31799316 138 154.44815063 416.31799316 133.60140991 154.46972656 416.06451416 138 154.46972656 416.06451416 133.60140991 154.44815063 415.81100464 138 154.44815063 415.81100464 133.60140991 154.3840332 415.56478882 138 154.3840332 415.56478882 133.60140991 154.27923584 415.33294678 138 154.27923584 415.33294678 133.60140991 154.13677979 415.12219238 138 154.13677979 415.12219238 133.60140991 153.96073914 414.93847656 138 153.96073914 414.93847656 133.60140991 153.75617981 414.78720093 138 153.75617981 414.78720093 133.60140991 153.52900696 414.67266846 138 153.52900696 414.67266846 133.60140991 153.28573608 414.59817505 138 153.28573608 414.59817505 133.60140991 153.03338623 414.56585693 138 153.03338623 414.56585693 133.60140991 152.77919006 414.57666016 138 152.77919006 414.57666016 133.60140991 152.53048706 414.63024902 138 152.53048706 414.63024902 133.60140991 152.29441833 414.72509766 138 152.29441833 414.72509766 133.60140991 152.07777405 414.85848999 138 152.07777405 414.85848999 133.60140991 151.88677979 415.02658081 138 151.88677979 415.02658081 133.60140991 151.72695923 415.22451782 138 151.72695923 415.22451782 133.60140991 151.60287476 415.44662476 138 151.60287476 415.44662476 133.60140991 151.51812744 415.68652344 138 151.51812744 234.08096313 133.60140991 151.47512817 234.33174133 133.60140991 151.47512817 234.33174133 138 151.46972656 234.4589386 133.60140991 151.47512817 234.58615112 138 151.47512817 234.58615112 133.60140991 151.51812744 234.8368988 138 151.51812744 234.8368988 133.60140991 151.60287476 235.07679749 138 151.60287476 235.07679749 133.60140991 151.72695923 235.29890442 138 151.72695923 235.29890442 133.60140991 151.88677979 235.49684143 138 151.88677979 235.49684143 133.60140991 152.07777405 235.66493225 138 152.07777405 235.66493225 133.60140991 152.29441833 235.79832458 138 152.29441833 235.79832458 133.60140991 152.53048706 235.89318848 138 152.53048706 235.89318848 133.60140991 152.77919006 235.9467926 138 152.77919006 235.9467926 133.60140991 153.03338623 235.95759583 138 153.03338623 235.95759583 133.60140991 153.28573608 235.92527771 138 153.28573608 235.92527771 133.60140991 153.52900696 235.8507843 138 153.52900696 235.8507843 133.60140991 153.75617981 235.73623657 138 153.75617981 235.73623657 133.60140991 153.96073914 235.58496094 138 153.96073914 235.58496094 133.60140991 154.13677979 235.40127563 138 154.13677979 235.40127563 133.60140991 154.27923584 235.19047546 138 154.27923584 235.19047546 133.60140991 154.3840332 234.95864868 138 154.3840332 234.95864868 133.60140991 154.44815063 234.71244812 138 154.44815063 234.71244812 133.60140991 154.46972656 234.4589386 138 154.46972656 234.4589386 133.60140991 154.44815063 234.20544434 138 154.44815063 234.20544434 133.60140991 154.3840332 233.95922852 138 154.3840332 233.95922852 133.60140991 154.27923584 233.72740173 138 154.27923584 233.72740173 133.60140991 154.13677979 233.51661682 138 154.13677979 233.51661682 133.60140991 153.96073914 233.33293152 138 153.96073914 233.33293152 133.60140991 153.75617981 233.18165588 138 153.75617981 233.18165588 133.60140991 153.52900696 233.06710815 138 153.52900696 233.06710815 133.60140991 153.28573608 232.99259949 138 153.28573608 232.99259949 133.60140991 153.03338623 232.96029663 138 153.03338623 232.96029663 133.60140991 152.77919006 232.97108459 138 152.77919006 232.97108459 133.60140991 152.53048706 233.02470398 138 152.53048706 233.02470398 133.60140991 152.29441833 233.11956787 138 152.29441833 233.11956787 133.60140991 152.07777405 233.25294495 138 152.07777405 233.25294495 133.60140991 151.88677979 233.42103577 138 151.88677979 233.42103577 133.60140991 151.72695923 233.61898804 138 151.72695923 233.61898804 133.60140991 151.60287476 233.84109497 138 151.60287476 233.84109497 133.60140991 151.51812744 234.08096313 138 29.51811981 234.08096313 133.60140991 29.47512627 234.33174133 133.60140991 29.47512627 234.33174133 138 29.46972084 234.4589386 133.60140991 29.47512627 234.58615112 138 29.47512627 234.58615112 133.60140991 29.51811981 234.8368988 138 29.51811981 234.8368988 133.60140991 29.60287857 235.07679749 138 29.60287857 235.07679749 133.60140991 29.72695541 235.29890442 138 29.72695541 235.29890442 133.60140991 29.88678551 235.49684143 138 29.88678551 235.49684143 133.60140991 30.07777023 235.66493225 138 30.07777023 235.66493225 133.60140991 30.29441452 235.79832458 138 30.29441452 235.79832458 133.60140991 30.53048706 235.89318848 138 30.53048706 235.89318848 133.60140991 30.77919388 235.9467926 138 30.77919388 235.9467926 133.60140991 31.03338242 235.95759583 138 31.03338242 235.95759583 133.60140991 31.2857399 235.92527771 138 31.2857399 235.92527771 133.60140991 31.52900505 235.8507843 138 31.52900505 235.8507843 133.60140991 31.75618172 235.73623657 138 31.75618172 235.73623657 133.60140991 31.96073341 235.58496094 138 31.96073341 235.58496094 133.60140991 32.13677597 235.40127563 138 32.13677597 235.40127563 133.60140991 32.27924347 235.19047546 138 32.27924347 235.19047546 133.60140991 32.38403702 234.95864868 138 32.38403702 234.95864868 133.60140991 32.44814682 234.71244812 138 32.44814682 234.71244812 133.60140991 32.46971893 234.4589386 138 32.46971893 234.4589386 133.60140991 32.44814682 234.20544434 138 32.44814682 234.20544434 133.60140991 32.38403702 233.95922852 138 32.38403702 233.95922852 133.60140991 32.27924347 233.72740173 138 32.27924347 233.72740173 133.60140991 32.13677597 233.51661682 138 32.13677597 233.51661682 133.60140991 31.96073341 233.33293152 138 31.96073341 233.33293152 133.60140991 31.75618172 233.18165588 138 31.75618172 233.18165588 133.60140991 31.52900505 233.06710815 138 31.52900505 233.06710815 133.60140991 31.2857399 232.99259949 138 31.2857399 232.99259949 133.60140991 31.03338242 232.96029663 138 31.03338242 232.96029663 133.60140991 30.77919388 232.97108459 138 30.77919388 232.97108459 133.60140991 30.53048706 233.02470398 138 30.53048706 233.02470398 133.60140991 30.29441452 233.11956787 138 30.29441452 233.11956787 133.60140991 30.07777023 233.25294495 138 30.07777023 233.25294495 133.60140991 29.88678551 233.42103577 138 29.88678551 233.42103577 133.60140991 29.72695541 233.61898804 138 29.72695541 233.61898804 133.60140991 29.60287857 233.84109497 138 29.60287857 233.84109497 133.60140991 29.51811981 234.08096313 138 29.51811981 415.68652344 133.60140991 29.47512627 415.93728638 133.60140991 29.47512627 415.93728638 138 29.46972084 416.06451416 133.60140991 29.47512627 416.19171143 138 29.47512627 416.19171143 133.60140991 29.51811981 416.44244385 138 29.51811981 416.44244385 133.60140991 29.60287857 416.68237305 138 29.60287857 416.68237305 133.60140991 29.72695541 416.90444946 138 29.72695541 416.90444946 133.60140991 29.88678551 417.10238647 138 29.88678551 417.10238647 133.60140991 30.07777023 417.27047729 138 30.07777023 417.27047729 133.60140991 30.29441452 417.40386963 138 30.29441452 417.40386963 133.60140991 30.53048706 417.49874878 138 30.53048706 417.49874878 133.60140991 30.77919388 417.55233765 138 30.77919388 417.55233765 133.60140991 31.03338242 417.56314087 138 31.03338242 417.56314087 133.60140991 31.2857399 417.53082275 138 31.2857399 417.53082275 133.60140991 31.52900505 417.45632935 138 31.52900505 417.45632935 133.60140991 31.75618172 417.34179688 138 31.75618172 417.34179688 133.60140991 31.96073341 417.19049072 138 31.96073341 417.19049072 133.60140991 32.13677597 417.00680542 138 32.13677597 417.00680542 133.60140991 32.27924347 416.79602051 138 32.27924347 416.79602051 133.60140991 32.38403702 416.56420898 138 32.38403702 416.56420898 133.60140991 32.44814682 416.31799316 138 32.44814682 416.31799316 133.60140991 32.46971893 416.06451416 138 32.46971893 416.06451416 133.60140991 32.44814682 415.81100464 138 32.44814682 415.81100464 133.60140991 32.38403702 415.56478882 138 32.38403702 415.56478882 133.60140991 32.27924347 415.33294678 138 32.27924347 415.33294678 133.60140991 32.13677597 415.12219238 138 32.13677597 415.12219238 133.60140991 31.96073341 414.93847656 138 31.96073341 414.93847656 133.60140991 31.75618172 414.78720093 138 31.75618172 414.78720093 133.60140991 31.52900505 414.67266846 138 31.52900505 414.67266846 133.60140991 31.2857399 414.59817505 138 31.2857399 414.59817505 133.60140991 31.03338242 414.56585693 138 31.03338242 414.56585693 133.60140991 30.77919388 414.57666016 138 30.77919388 414.57666016 133.60140991 30.53048706 414.63024902 138 30.53048706 414.63024902 133.60140991 30.29441452 414.72509766 138 30.29441452 414.72509766 133.60140991 30.07777023 414.85848999 138 30.07777023 414.85848999 133.60140991 29.88678551 415.02658081 138 29.88678551 415.02658081 133.60140991 29.72695541 415.22451782 138 29.72695541 415.22451782 133.60140991 29.60287857 415.44662476 138 29.60287857 415.44662476 133.60140991 29.51811981 415.68652344 138 60.51812363 368.44247437 133.60140991 60.47512436 368.19171143 133.60140991 57.71972275 383.06451416 133.60140991 60.51812363 398.44247437 133.60140991 60.47512436 398.19171143 133.60140991 57.71972275 400.31451416 133.60140991 56.81965637 409.7359314 133.60140991 57.67023087 408.95288086 133.60140991 57.71972275 404.27069092 133.60140991 57.71972275 322.81542969 133.60140991 53.96972275 322.81542969 133.60140991 52.46971893 330.16421509 133.60140991 53.3439827 322.76617432 133.60140991 52.73365402 322.61965942 133.60140991 133.77394104 271.5793457 133.60140991 139.46972656 256.93994141 133.60140991 133.53375244 270.99945068 133.60140991 133.20579529 270.46426392 133.60140991 133.92047119 319.44116211 133.60140991 133.77394104 320.05148315 133.60140991 139.46972656 330.16421509 133.60140991 133.53375244 320.63137817 133.60140991 130.59545898 268.86465454 133.60140991 131.20579529 269.01119995 133.60140991 131.78569031 269.25140381 133.60140991 133.20579529 321.16656494 133.60140991 132.79814148 321.64385986 133.60140991 132.32086182 322.05148315 133.60140991 132.32086182 269.5793457 133.60140991 132.79814148 269.98699951 133.60140991 131.78569031 322.37942505 133.60140991 131.20579529 322.61965942 133.60140991 126.21971893 330.16421509 133.60140991 130.59545898 322.76617432 133.60140991 129.96972656 322.81542969 133.60140991 133.92047119 272.18966675 133.60140991 133.96972656 272.81542969 133.60140991 133.96972656 318.81542969 133.60140991 129.96972656 268.81542969 133.60140991 126.21971893 256.93994141 133.60140991 126.21971893 268.81542969 133.60140991 91.96971893 256.93994141 133.60140991 91.96971893 268.81542969 133.60140991 57.71972275 256.93994141 133.60140991 57.71972275 268.81542969 133.60140991 53.96972275 268.81542969 133.60140991 52.46971893 256.93994141 133.60140991 53.3439827 268.86465454 133.60140991 38.96972275 256.93994141 133.60140991 52.153759 269.25140381 133.60140991 52.73365402 269.01119995 133.60140991 50.16549683 320.05148315 133.60140991 38.96972275 330.16421509 133.60140991 50.40569687 320.63137817 133.60140991 50.73365021 321.16656494 133.60140991 52.153759 322.37942505 133.60140991 51.61857986 322.05148315 133.60140991 51.14129639 321.64385986 133.60140991 50.01896667 272.18966675 133.60140991 50.16549683 271.5793457 133.60140991 50.40569687 270.99945068 133.60140991 50.73365021 270.46426392 133.60140991 51.14129639 269.98699951 133.60140991 51.61857986 269.5793457 133.60140991 50.01896667 319.44116211 133.60140991 49.96972275 318.81542969 133.60140991 49.96972275 272.81542969 133.60140991 144.96972656 256.93994141 133.60140991 144.96972656 248.0644989 133.60140991 139.46972656 240.51171875 133.60140991 145.01063538 247.57070923 133.60140991 145.13226318 247.09039307 133.60140991 145.33129883 246.63665771 133.60140991 145.60229492 246.22186279 133.60140991 145.93788147 245.85733032 133.60140991 146.32887268 245.55300903 133.60140991 146.76463318 245.31716919 133.60140991 147.23326111 245.15629578 133.60140991 151.21972656 240.51171875 133.60140991 147.72198486 245.07475281 133.60140991 148.217453 245.07475281 133.60140991 148.70617676 245.15629578 133.60140991 149.17480469 245.31716919 133.60140991 149.61056519 245.55300903 133.60140991 150.00157166 245.85733032 133.60140991 150.33714294 246.22186279 133.60140991 150.60813904 246.63665771 133.60140991 150.80717468 247.09039307 133.60140991 145.60229492 399.90713501 133.60140991 145.33129883 399.49234009 133.60140991 139.46972656 400.31451416 133.60140991 145.13226318 399.03857422 133.60140991 144.96972656 330.16421509 133.60140991 144.96972656 359.03875732 133.60140991 139.46972656 359.03875732 133.60140991 144.96972656 383.06451416 133.60140991 139.46972656 383.06451416 133.60140991 144.96972656 398.06448364 133.60140991 145.01063538 398.55828857 133.60140991 139.46972656 404.27069092 133.60140991 146.32887268 400.57598877 133.60140991 145.93788147 400.271698 133.60140991 151.21972656 400.31451416 133.60140991 150.00157166 400.271698 133.60140991 151.21972656 404.27069092 133.60140991 149.61056519 400.57598877 133.60140991 149.17480469 400.81182861 133.60140991 148.70617676 400.97268677 133.60140991 148.217453 401.05426025 133.60140991 147.72198486 401.05426025 133.60140991 147.23326111 400.97268677 133.60140991 146.76463318 400.81182861 133.60140991 150.80717468 399.03857422 133.60140991 150.60813904 399.49234009 133.60140991 150.33714294 399.90713501 133.60140991 151.21972656 383.06451416 133.60140991 150.96972656 398.06448364 133.60140991 150.92880249 398.55828857 133.60140991 150.92880249 247.57070923 133.60140991 150.96972656 248.0644989 133.60140991 151.21972656 256.93994141 133.60140991 150.96972656 256.93994141 133.60140991 151.21972656 330.16421509 133.60140991 150.96972656 330.16421509 133.60140991 151.21972656 359.03875732 133.60140991 150.96972656 359.03875732 133.60140991 150.96972656 383.06451416 133.60140991 33.13227081 247.09039307 133.60140991 33.33130264 246.63665771 133.60140991 32.71971893 240.51171875 133.60140991 37.61056519 245.55300903 133.60140991 38.00156784 245.85733032 133.60140991 52.46971893 240.51171875 133.60140991 38.33714294 246.22186279 133.60140991 38.60814285 246.63665771 133.60140991 33.60230255 246.22186279 133.60140991 33.93787384 245.85733032 133.60140991 34.3288765 245.55300903 133.60140991 34.76463699 245.31716919 133.60140991 35.23326111 245.15629578 133.60140991 35.72198486 245.07475281 133.60140991 36.21745682 245.07475281 133.60140991 36.70617676 245.15629578 133.60140991 37.17480469 245.31716919 133.60140991 38.80717087 247.09039307 133.60140991 38.9288063 247.57070923 133.60140991 38.96972275 248.0644989 133.60140991 32.71971893 256.93994141 133.60140991 32.96971893 248.0644989 133.60140991 33.01063538 247.57070923 133.60140991 33.33130264 399.49234009 133.60140991 33.13227081 399.03857422 133.60140991 32.71971893 400.31451416 133.60140991 33.60230255 399.90713501 133.60140991 33.01063538 398.55828857 133.60140991 32.96971893 398.06448364 133.60140991 32.71971893 383.06451416 133.60140991 32.96971893 383.06451416 133.60140991 32.71971893 359.03875732 133.60140991 32.96971893 359.03875732 133.60140991 32.71971893 330.16421509 133.60140991 32.96971893 330.16421509 133.60140991 32.96971893 256.93994141 133.60140991 36.70617676 400.97268677 133.60140991 36.21745682 401.05426025 133.60140991 32.71971893 404.27069092 133.60140991 35.72198486 401.05426025 133.60140991 35.23326111 400.97268677 133.60140991 34.76463699 400.81182861 133.60140991 34.3288765 400.57598877 133.60140991 33.93787384 400.271698 133.60140991 38.96972275 398.06448364 133.60140991 52.46971893 400.31451416 133.60140991 38.96972275 383.06451416 133.60140991 52.46971893 383.06451416 133.60140991 38.96972275 359.03875732 133.60140991 38.9288063 398.55828857 133.60140991 38.80717087 399.03857422 133.60140991 38.60814285 399.49234009 133.60140991 38.33714294 399.90713501 133.60140991 38.00156784 400.271698 133.60140991 52.46971893 404.27069092 133.60140991 37.61056519 400.57598877 133.60140991 37.17480469 400.81182861 133.60140991 52.46971893 359.03875732 133.60140991 127.11978912 349.2539978 133.60140991 126.26921082 350.03704834 133.60140991 126.21971893 359.03875732 133.60140991 125.30135345 350.66934204 133.60140991 124.24262238 351.13375854 133.60140991 127.82988739 348.3416748 133.60140991 128.38014221 347.32492065 133.60140991 128.75552368 346.23144531 133.60140991 127.82988739 340.68441772 133.60140991 128.38014221 341.70117188 133.60140991 128.75552368 342.79464722 133.60140991 128.94581604 343.93499756 133.60140991 128.94581604 345.09109497 133.60140991 124.24262238 337.89233398 133.60140991 125.30135345 338.35671997 133.60140991 126.26921082 338.98907471 133.60140991 127.11978912 339.77206421 133.60140991 56.81965637 339.77206421 133.60140991 57.67023087 338.98907471 133.60140991 57.71972275 330.16421509 133.60140991 58.63808823 338.35671997 133.60140991 59.69682312 337.89233398 133.60140991 60.81755829 337.60852051 133.60140991 61.96972275 337.51306152 133.60140991 91.96971893 330.16421509 133.60140991 121.96971893 337.51306152 133.60140991 123.12188721 337.60852051 133.60140991 56.10955429 348.3416748 133.60140991 55.5593071 347.32492065 133.60140991 55.18392181 342.79464722 133.60140991 55.5593071 341.70117188 133.60140991 56.10955429 340.68441772 133.60140991 91.96971893 322.81542969 133.60140991 126.21971893 322.81542969 133.60140991 55.18392181 346.23144531 133.60140991 54.99362946 345.09109497 133.60140991 54.99362946 343.93499756 133.60140991 59.69682312 351.13375854 133.60140991 58.63808823 350.66934204 133.60140991 57.71972275 359.03875732 133.60140991 57.67023087 350.03704834 133.60140991 56.81965637 349.2539978 133.60140991 123.12188721 351.41757202 133.60140991 121.96971893 351.51306152 133.60140991 91.96971893 359.03875732 133.60140991 61.96972275 351.51306152 133.60140991 60.81755829 351.41757202 133.60140991 125.30135345 420.63320923 133.60140991 124.24262238 421.09759521 133.60140991 126.21971893 428.06448364 133.60140991 128.38014221 417.28875732 133.60140991 127.82988739 418.30551147 133.60140991 139.46972656 428.06448364 133.60140991 127.11978912 419.21786499 133.60140991 126.26921082 420.00088501 133.60140991 128.75552368 412.7585144 133.60140991 139.46972656 411.02069092 133.60140991 128.38014221 411.66500854 133.60140991 127.82988739 410.64825439 133.60140991 128.94581604 413.89883423 133.60140991 128.94581604 415.05496216 133.60140991 128.75552368 416.19528198 133.60140991 127.11978912 409.7359314 133.60140991 126.26921082 408.95288086 133.60140991 121.96971893 407.47686768 133.60140991 123.12188721 407.57235718 133.60140991 126.21971893 404.27069092 133.60140991 124.24262238 407.85617065 133.60140991 125.30135345 408.32058716 133.60140991 58.63808823 408.32058716 133.60140991 59.69682312 407.85617065 133.60140991 60.81755829 407.57235718 133.60140991 52.46971893 411.02069092 133.60140991 56.10955429 410.64825439 133.60140991 56.10955429 418.30551147 133.60140991 55.5593071 417.28875732 133.60140991 52.46971893 428.06448364 133.60140991 55.18392181 416.19528198 133.60140991 54.99362946 415.05496216 133.60140991 54.99362946 413.89883423 133.60140991 55.18392181 412.7585144 133.60140991 55.5593071 411.66500854 133.60140991 59.69682312 421.09759521 133.60140991 58.63808823 420.63320923 133.60140991 57.71972275 428.06448364 133.60140991 57.67023087 420.00088501 133.60140991 56.81965637 419.21786499 133.60140991 123.12188721 421.38140869 133.60140991 121.96971893 421.47689819 133.60140991 91.96971893 428.06448364 133.60140991 61.96972275 421.47689819 133.60140991 60.81755829 421.38140869 133.60140991 32.71971893 222.4589386 133.60140991 25.23057938 222.4589386 133.60140991 23.12405396 227.70895386 133.60140991 25.01045227 222.46989441 133.60140991 24.90110779 222.48355103 133.60140991 24.66707611 222.53181458 133.60140991 24.57971191 222.55677795 133.60140991 24.33586121 222.64826965 133.60140991 23.12405396 224.45895386 133.60140991 24.27431107 222.67684937 133.60140991 24.0348587 222.81231689 133.60140991 23.77049637 223.01722717 133.60140991 23.74105835 223.04463196 133.60140991 23.14838791 224.15583801 133.60140991 23.21946716 223.86380005 133.60140991 23.23378563 223.82180786 133.60140991 23.54699326 223.25679016 133.60140991 23.36163902 223.53616333 133.60140991 157.64254761 222.4589386 133.60140991 160.81538391 224.45895386 133.60140991 160.81495667 224.41871643 133.60140991 160.07933044 222.94000244 133.60140991 160.02485657 222.89717102 133.60140991 159.94692993 222.84075928 133.60140991 159.74639893 222.71829224 133.60140991 159.6651001 222.67684937 133.60140991 159.43515015 222.58154297 133.60140991 158.7088623 222.4589386 133.60140991 159.39352417 222.56750488 133.60140991 159.0587616 222.48672485 133.60140991 160.78523254 224.12171936 133.60140991 160.77070618 224.04914856 133.60140991 160.71226501 223.84078979 133.60140991 160.54780579 223.48335266 133.60140991 160.50392151 223.4122467 133.60140991 160.41294861 223.28312683 133.60140991 160.68296814 223.76097107 133.60140991 160.58573914 223.55081177 133.60140991 160.31330872 223.16290283 133.60140991 160.19824219 223.04449463 133.60140991 157.64254761 428.06448364 133.60140991 158.7088623 428.06448364 133.60140991 157.64254761 411.02069092 133.60140991 158.9289856 428.05355835 133.60140991 159.03833008 428.03988647 133.60140991 159.27236938 427.99163818 133.60140991 159.35972595 427.96664429 133.60140991 159.60357666 427.87518311 133.60140991 160.81538391 426.06448364 133.60140991 159.66513062 427.84658813 133.60140991 159.90458679 427.71112061 133.60140991 160.16894531 427.50619507 133.60140991 160.19837952 427.4788208 133.60140991 160.7910614 426.36761475 133.60140991 160.7199707 426.65963745 133.60140991 160.70565796 426.70162964 133.60140991 160.3924408 427.2666626 133.60140991 160.57780457 426.98730469 133.60140991 23.12405396 411.02069092 133.60140991 32.71971893 411.02069092 133.60140991 32.71971893 428.06448364 133.60140991 23.12448692 426.10473633 133.60140991 23.12405396 426.06448364 133.60140991 25.23057938 428.06448364 133.60140991 24.88067818 428.03671265 133.60140991 24.54592323 427.95596313 133.60140991 23.25647354 426.76245117 133.60140991 23.35369492 426.97262573 133.60140991 23.86010361 427.58343506 133.60140991 23.91459084 427.62628174 133.60140991 23.99251556 427.68267822 133.60140991 24.19304085 427.80511475 133.60140991 24.27433395 427.84661865 133.60140991 24.50429726 427.94189453 133.60140991 23.15421486 426.4017334 133.60140991 23.16874313 426.47427368 133.60140991 23.22717667 426.68264771 133.60140991 23.39163399 427.0401001 133.60140991 23.43551826 427.11117554 133.60140991 23.52648926 427.24032593 133.60140991 23.62612724 427.36053467 133.60140991 23.7412014 427.47894287 133.60140991 151.21972656 411.02069092 133.60140991 151.21972656 428.06448364 133.60140991 61.96972275 407.47686768 133.60140991 91.96971893 404.27069092 133.60140991 91.96971893 400.31451416 133.60140991 126.21971893 400.31451416 133.60140991 61.07777023 399.27050781 133.60140991 60.88678741 399.10241699 133.60140991 61.77919388 396.57662964 133.60140991 62.03338242 396.56585693 133.60140991 61.29441452 399.40390015 133.60140991 60.72695923 397.22454834 133.60140991 60.88678741 397.02661133 133.60140991 61.07777023 396.85852051 133.60140991 61.29441452 396.72512817 133.60140991 61.53048706 396.63024902 133.60140991 62.03338242 399.56314087 133.60140991 61.77919388 399.55233765 133.60140991 61.53048706 399.49874878 133.60140991 60.72695923 398.90447998 133.60140991 60.60287857 398.68234253 133.60140991 60.47512436 397.93728638 133.60140991 60.51812363 397.68655396 133.60140991 60.60287857 397.44662476 133.60140991 62.96073151 396.93850708 133.60140991 63.13677597 397.12216187 133.60140991 91.96971893 383.06451416 133.60140991 62.2857399 396.59817505 133.60140991 62.52900696 396.67266846 133.60140991 62.75618362 396.78720093 133.60140991 62.96073151 399.19052124 133.60140991 62.75618362 399.34179688 133.60140991 62.52900696 399.45632935 133.60140991 62.2857399 399.53082275 133.60140991 63.38403702 398.56420898 133.60140991 63.44814301 398.31799316 133.60140991 63.46972275 398.06448364 133.60140991 63.27923965 398.79605103 133.60140991 63.13677597 399.00680542 133.60140991 63.27923965 397.33297729 133.60140991 63.38403702 397.56478882 133.60140991 63.44814301 397.81100464 133.60140991 121.07777405 399.27050781 133.60140991 120.88678741 399.10241699 133.60140991 120.72695923 397.22454834 133.60140991 120.88678741 397.02661133 133.60140991 121.29441833 399.40390015 133.60140991 121.77919769 396.57662964 133.60140991 122.03338623 396.56585693 133.60140991 126.21971893 383.06451416 133.60140991 122.28574371 396.59817505 133.60140991 122.52900696 396.67266846 133.60140991 122.28574371 399.53082275 133.60140991 122.03338623 399.56314087 133.60140991 121.77919769 399.55233765 133.60140991 121.53048706 399.49874878 133.60140991 120.60287476 397.44662476 133.60140991 122.75617981 396.78720093 133.60140991 122.96073151 396.93850708 133.60140991 123.13677216 397.12216187 133.60140991 123.3840332 398.56420898 133.60140991 123.44814301 398.31799316 133.60140991 123.46971893 398.06448364 133.60140991 123.27924347 398.79605103 133.60140991 123.13677216 399.00680542 133.60140991 122.96073151 399.19052124 133.60140991 122.75617981 399.34179688 133.60140991 122.52900696 399.45632935 133.60140991 120.72695923 398.90447998 133.60140991 120.60287476 398.68234253 133.60140991 120.51811981 398.44247437 133.60140991 120.47512817 398.19171143 133.60140991 120.47512817 397.93728638 133.60140991 120.51811981 397.68655396 133.60140991 121.07777405 396.85852051 133.60140991 121.29441833 396.72512817 133.60140991 121.53048706 396.63024902 133.60140991 123.27924347 397.33297729 133.60140991 123.3840332 397.56478882 133.60140991 123.44814301 397.81100464 133.60140991 61.07777023 369.27050781 133.60140991 60.88678741 369.10241699 133.60140991 61.29441452 369.40390015 133.60140991 62.2857399 369.53082275 133.60140991 62.03338242 369.56314087 133.60140991 60.47512436 367.93728638 133.60140991 60.51812363 367.68655396 133.60140991 60.60287857 367.44662476 133.60140991 61.07777023 366.85852051 133.60140991 61.29441452 366.72512817 133.60140991 61.53048706 366.63024902 133.60140991 61.77919388 366.57662964 133.60140991 61.77919388 369.55233765 133.60140991 61.53048706 369.49874878 133.60140991 60.72695923 368.90447998 133.60140991 60.60287857 368.68234253 133.60140991 60.72695923 367.22454834 133.60140991 60.88678741 367.02661133 133.60140991 62.96073151 369.19052124 133.60140991 62.75618362 369.34179688 133.60140991 63.44814301 368.31799316 133.60140991 63.38403702 368.56420898 133.60140991 62.52900696 369.45632935 133.60140991 62.03338242 366.56585693 133.60140991 62.2857399 366.59814453 133.60140991 62.52900696 366.67266846 133.60140991 62.75618362 366.78720093 133.60140991 62.96073151 366.93850708 133.60140991 63.13677597 367.12216187 133.60140991 63.27923965 367.33297729 133.60140991 63.38403702 367.56478882 133.60140991 63.44814301 367.81100464 133.60140991 63.46972275 368.06448364 133.60140991 63.27923965 368.79605103 133.60140991 63.13677597 369.00683594 133.60140991 121.77919769 369.55233765 133.60140991 121.53048706 369.49874878 133.60140991 121.07777405 369.27050781 133.60140991 120.88678741 369.10241699 133.60140991 121.77919769 366.57662964 133.60140991 122.03338623 366.56585693 133.60140991 120.51811981 368.44247437 133.60140991 120.47512817 368.19171143 133.60140991 120.47512817 367.93728638 133.60140991 120.51811981 367.68655396 133.60140991 121.29441833 369.40390015 133.60140991 120.72695923 368.90447998 133.60140991 120.60287476 368.68234253 133.60140991 120.60287476 367.44662476 133.60140991 120.72695923 367.22454834 133.60140991 120.88678741 367.02661133 133.60140991 121.07777405 366.85852051 133.60140991 121.29441833 366.72512817 133.60140991 121.53048706 366.63024902 133.60140991 122.75617981 366.78720093 133.60140991 122.96073151 366.93850708 133.60140991 123.3840332 368.56420898 133.60140991 123.27924347 368.79605103 133.60140991 122.75617981 369.34179688 133.60140991 122.52900696 369.45632935 133.60140991 122.28574371 366.59814453 133.60140991 122.52900696 366.67266846 133.60140991 122.28574371 369.53082275 133.60140991 122.03338623 369.56314087 133.60140991 123.13677216 367.12216187 133.60140991 123.27924347 367.33297729 133.60140991 123.3840332 367.56478882 133.60140991 123.13677216 369.00683594 133.60140991 122.96073151 369.19052124 133.60140991 123.44814301 367.81100464 133.60140991 123.46971893 368.06448364 133.60140991 123.44814301 368.31799316 133.60140991 126.21971893 240.51171875 133.60140991 91.96971893 240.51171875 133.60140991 57.71972275 240.51171875 133.60140991 157.64254761 404.27069092 133.60140991 157.64254761 400.31451416 133.60140991 157.64254761 383.06451416 133.60140991 157.64254761 359.03875732 133.60140991 157.64254761 330.16421509 133.60140991 157.64254761 256.93994141 133.60140991 157.64254761 240.51171875 133.60140991 32.71971893 227.70895386 133.60140991 23.12405396 240.51171875 133.60140991 23.12405396 256.93994141 133.60140991 23.12405396 330.16421509 133.60140991 23.12405396 359.03875732 133.60140991 23.12405396 383.06451416 133.60140991 23.12405396 400.31451416 133.60140991 23.12405396 404.27069092 133.60140991 52.46971893 227.70895386 133.60140991 57.71972275 227.70895386 133.60140991 91.96971893 227.70895386 133.60140991 126.21971893 227.70895386 133.60140991 139.46972656 227.70895386 133.60140991 151.21972656 227.70895386 133.60140991 157.64254761 227.70895386 133.60140991 160.81538391 227.70895386 133.60140991 160.81538391 240.51171875 133.60140991 160.81538391 256.93994141 133.60140991 160.81538391 330.16421509 133.60140991 160.81538391 359.03875732 133.60140991 160.81538391 383.06451416 133.60140991 160.81538391 400.31451416 133.60140991 160.81538391 404.27069092 133.60140991 160.81538391 411.02069092 133.60140991 52.46971893 222.4589386 133.60140991 57.71972275 222.4589386 133.60140991 91.96971893 222.4589386 133.60140991 126.21971893 222.4589386 133.60140991 139.46972656 222.4589386 133.60140991 151.21972656 222.4589386 133.60140991 126.21971893 268.81542969 142 129.96972656 268.81542969 142 129.96972656 269.1282959 141.97537231 129.96972656 270.81542969 140 53.96972275 270.81542969 140 53.96972275 270.790802 140.31286621 91.96971893 268.81542969 142 53.96972275 269.1282959 141.97537231 57.71972275 268.81542969 142 53.96972275 268.81542969 142 129.96972656 270.790802 140.31286621 53.96972275 270.7175293 140.61804199 129.96972656 270.7175293 140.61804199 53.96972275 270.59744263 140.9079895 129.96972656 270.59744263 140.9079895 53.96972275 270.43344116 141.17556763 129.96972656 270.43344116 141.17556763 53.96972275 270.22964478 141.41421509 129.96972656 270.22964478 141.41421509 53.96972275 269.99099731 141.61802673 129.96972656 269.99099731 141.61802673 53.96972275 269.72341919 141.78201294 129.96972656 269.72341919 141.78201294 53.96972275 269.43347168 141.90211487 129.96972656 269.43347168 141.90211487 53.65685272 270.84005737 140 53.65299988 270.81573486 140.31286621 53.64154053 270.74337769 140.61804199 53.62275314 270.62475586 140.9079895 53.5970993 270.46276855 141.17556763 53.56521606 270.26147461 141.41421509 53.52788544 270.02575684 141.61802673 53.48602295 269.76147461 141.78201294 53.44066238 269.47509766 141.90211487 53.39292908 269.17367554 141.97537231 53.3439827 268.86465454 142 53.35168457 270.91329956 140 53.34407806 270.8899231 140.31286621 53.32144165 270.82022095 140.61804199 53.28432465 270.70599365 140.9079895 53.23365402 270.55004883 141.17556763 53.17066956 270.35620117 141.41421509 53.09692383 270.12924194 141.61802673 53.01423264 269.87475586 141.78201294 52.92463684 269.59899902 141.90211487 52.83033371 269.30874634 141.97537231 52.73365402 269.01119995 142 53.06173706 271.03341675 140 53.05056381 271.01147461 140.31286621 53.01729965 270.94619751 140.61804199 52.96277618 270.83917236 140.9079895 52.88832855 270.6930542 141.17556763 52.79579926 270.51147461 141.41421509 52.68745804 270.29882812 141.61802673 52.56597137 270.0604248 141.78201294 52.43434143 269.80206299 141.90211487 52.29579926 269.53018188 141.97537231 52.153759 269.25140381 142 52.79415131 271.1973877 140 52.77967834 271.17745972 140.31286621 52.73661423 271.11819458 140.61804199 52.66601944 271.02102661 140.9079895 52.56963348 270.88839722 141.17556763 52.44983292 270.72348022 141.41421509 52.30956268 270.53039551 141.61802673 52.15227509 270.31390381 141.78201294 51.98184967 270.0793457 141.90211487 51.80247879 269.8324585 141.97537231 51.61857986 269.5793457 142 52.55550766 271.4012146 140 52.53809738 271.38378906 140.31286621 52.48628998 271.33200073 140.61804199 52.40136719 271.24707031 140.9079895 52.28541946 271.13113403 141.17556763 52.14129257 270.98699951 141.41421509 51.97254944 270.81826782 141.61802673 51.78333282 270.62905884 141.78201294 51.57830811 270.42401123 141.90211487 51.36252594 270.20825195 141.97537231 51.14129639 269.98699951 142 52.35168839 271.63986206 140 52.33176804 271.62536621 140.31286621 52.27249527 271.58230591 140.61804199 52.17533112 271.51171875 140.9079895 52.0426712 271.41534424 141.17556763 51.87777328 271.29553223 141.41421509 51.68471146 271.15527344 141.61802673 51.46822357 270.99798584 141.78201294 51.23365402 270.82757568 141.90211487 50.98677063 270.64819336 141.97537231 50.73365021 270.46426392 142 52.18770599 271.90744019 140 52.16576767 271.89627075 140.31286621 52.10049057 271.86300659 140.61804199 51.99348068 271.80847168 140.9079895 51.84737396 271.73403931 141.17556763 51.66576767 271.64147949 141.41421509 51.45313644 271.53317261 141.61802673 51.21471405 271.41168213 141.78201294 50.95636749 271.28005981 141.90211487 50.6844635 271.14151001 141.97537231 50.40569687 270.99945068 142 52.06760788 272.1973877 140 52.04418945 272.18978882 140.31286621 51.97451401 272.16714478 140.61804199 51.86029053 272.1300354 140.9079895 51.70433426 272.0793457 141.17556763 51.51049042 272.01638794 141.41421509 51.28352737 271.94262695 141.61802673 51.02903748 271.85995483 141.78201294 50.75328064 271.77032471 141.90211487 50.46305084 271.67602539 141.97537231 50.16549683 271.5793457 142 51.99434662 272.50256348 140 51.97002411 272.49868774 140.31286621 51.89766312 272.48724365 140.61804199 51.77904129 272.46844482 140.9079895 51.61708069 272.44281006 141.17556763 51.41577148 272.41091919 141.41421509 51.18006516 272.37359619 141.61802673 50.91577148 272.33172607 141.78201294 50.62939072 272.28634644 141.90211487 50.32798767 272.23864746 141.97537231 50.01896667 272.18966675 142 51.96972275 272.81542969 140 51.94509888 272.81542969 140.31286621 51.8718338 272.81542969 140.61804199 51.75173187 272.81542969 140.9079895 51.58775711 272.81542969 141.17556763 51.38393402 272.81542969 141.41421509 51.14529419 272.81542969 141.61802673 50.87770081 272.81542969 141.78201294 50.5877533 272.81542969 141.90211487 50.28258896 272.81542969 141.97537231 49.96972275 272.81542969 142 131.96972656 272.81542969 140 131.94509888 272.50256348 140 131.99433899 272.81542969 140.31286621 131.96942139 272.49868774 140.31286621 132.06761169 272.81542969 140.61804199 132.04177856 272.48724365 140.61804199 132.18771362 272.81542969 140.9079895 132.16040039 272.46844482 140.9079895 132.35168457 272.81542969 141.17556763 132.32235718 272.44281006 141.17556763 132.55551147 272.81542969 141.41421509 132.52366638 272.41091919 141.41421509 132.79414368 272.81542969 141.61802673 132.75938416 272.37359619 141.61802673 133.06173706 272.81542969 141.78201294 133.02366638 272.33172607 141.78201294 133.35168457 272.81542969 141.90211487 133.31004333 272.28634644 141.90211487 133.65684509 272.81542969 141.97537231 133.6114502 272.23864746 141.97537231 133.96972656 272.81542969 142 133.92047119 272.18966675 142 131.87184143 272.1973877 140 131.89524841 272.18978882 140.31286621 131.9649353 272.16714478 140.61804199 132.07914734 272.1300354 140.9079895 132.23510742 272.0793457 141.17556763 132.42895508 272.01638794 141.41421509 132.65591431 271.94262695 141.61802673 132.91040039 271.85995483 141.78201294 133.18615723 271.77032471 141.90211487 133.47639465 271.67602539 141.97537231 133.77394104 271.5793457 142 131.7517395 271.90744019 140 131.77366638 271.89627075 140.31286621 131.83895874 271.86300659 140.61804199 131.94595337 271.80847168 140.9079895 132.09207153 271.73403931 141.17556763 132.27368164 271.64147949 141.41421509 132.48631287 271.53317261 141.61802673 132.72473145 271.41168213 141.78201294 132.983078 271.28005981 141.90211487 133.25497437 271.14151001 141.97537231 133.53375244 270.99945068 142 131.5877533 271.63986206 140 131.60768127 271.62536621 140.31286621 131.66694641 271.58230591 140.61804199 131.76411438 271.51171875 140.9079895 131.89677429 271.41534424 141.17556763 132.06166077 271.29553223 141.41421509 132.25473022 271.15527344 141.61802673 132.47122192 270.99798584 141.78201294 132.70579529 270.82757568 141.90211487 132.95266724 270.64819336 141.97537231 133.20579529 270.46426392 142 131.38392639 271.4012146 140 131.40135193 271.38378906 140.31286621 131.45315552 271.33200073 140.61804199 131.53807068 271.24707031 140.9079895 131.65402222 271.13113403 141.17556763 131.79814148 270.98699951 141.41421509 131.96688843 270.81826782 141.61802673 132.15611267 270.62905884 141.78201294 132.36112976 270.42401123 141.90211487 132.57691956 270.20825195 141.97537231 132.79814148 269.98699951 142 131.14529419 271.1973877 140 131.15975952 271.17745972 140.31286621 131.20283508 271.11819458 140.61804199 131.27342224 271.02102661 140.9079895 131.36981201 270.88839722 141.17556763 131.48960876 270.72348022 141.41421509 131.62988281 270.53039551 141.61802673 131.78717041 270.31390381 141.78201294 131.95759583 270.0793457 141.90211487 132.13696289 269.8324585 141.97537231 132.32086182 269.5793457 142 130.87770081 271.03341675 140 130.8888855 271.01147461 140.31286621 130.92214966 270.94619751 140.61804199 130.97666931 270.83917236 140.9079895 131.05111694 270.6930542 141.17556763 131.14364624 270.51147461 141.41421509 131.25198364 270.29882812 141.61802673 131.37347412 270.0604248 141.78201294 131.50509644 269.80206299 141.90211487 131.64364624 269.53018188 141.97537231 131.78569031 269.25140381 142 130.5877533 270.91329956 140 130.59536743 270.8899231 140.31286621 130.61799622 270.82022095 140.61804199 130.65512085 270.70599365 140.9079895 130.70579529 270.55004883 141.17556763 130.76876831 270.35620117 141.41421509 130.84251404 270.12924194 141.61802673 130.92520142 269.87475586 141.78201294 131.01480103 269.59899902 141.90211487 131.10910034 269.30874634 141.97537231 131.20579529 269.01119995 142 130.28259277 270.84005737 140 130.28643799 270.81573486 140.31286621 130.29789734 270.74337769 140.61804199 130.31669617 270.62475586 140.9079895 130.34234619 270.46276855 141.17556763 130.3742218 270.26147461 141.41421509 130.41156006 270.02575684 141.61802673 130.45341492 269.76147461 141.78201294 130.4987793 269.47509766 141.90211487 130.54650879 269.17367554 141.97537231 130.59545898 268.86465454 142 51.96972275 318.81542969 140 51.94509888 318.81542969 140.31286621 51.8718338 318.81542969 140.61804199 51.75173187 318.81542969 140.9079895 51.58775711 318.81542969 141.17556763 51.38393402 318.81542969 141.41421509 51.14529419 318.81542969 141.61802673 50.87770081 318.81542969 141.78201294 50.5877533 318.81542969 141.90211487 50.28258896 318.81542969 141.97537231 49.96972275 318.81542969 142 131.96972656 318.81542969 140 131.99433899 318.81542969 140.31286621 132.06761169 318.81542969 140.61804199 132.18771362 318.81542969 140.9079895 132.35168457 318.81542969 141.17556763 132.55551147 318.81542969 141.41421509 132.79414368 318.81542969 141.61802673 133.06173706 318.81542969 141.78201294 133.35168457 318.81542969 141.90211487 133.65684509 318.81542969 141.97537231 133.96972656 318.81542969 142 51.99434662 319.1282959 140 51.97002411 319.13214111 140.31286621 51.89766312 319.14358521 140.61804199 51.77904129 319.16238403 140.9079895 51.61708069 319.18804932 141.17556763 51.41577148 319.21990967 141.41421509 51.18006516 319.25726318 141.61802673 50.91577148 319.2991333 141.78201294 50.62939072 319.34448242 141.90211487 50.32798767 319.39224243 141.97537231 50.01896667 319.44116211 142 52.06760788 319.43344116 140 52.04418945 319.44107056 140.31286621 51.97451401 319.4637146 140.61804199 51.86029053 319.50082397 140.9079895 51.70433426 319.55148315 141.17556763 51.51049042 319.61447144 141.41421509 51.28352737 319.68823242 141.61802673 51.02903748 319.77090454 141.78201294 50.75328064 319.86050415 141.90211487 50.46305084 319.95480347 141.97537231 50.16549683 320.05148315 142 52.18770599 319.72338867 140 52.16576767 319.73455811 140.31286621 52.10049057 319.76782227 140.61804199 51.99348068 319.82235718 140.9079895 51.84737396 319.89682007 141.17556763 51.66576767 319.98934937 141.41421509 51.45313644 320.09768677 141.61802673 51.21471405 320.21914673 141.78201294 50.95636749 320.35079956 141.90211487 50.6844635 320.48934937 141.97537231 50.40569687 320.63137817 142 52.35168839 319.99099731 140 52.33176804 320.00546265 140.31286621 52.27249527 320.04855347 140.61804199 52.17533112 320.11911011 140.9079895 52.0426712 320.21551514 141.17556763 51.87777328 320.33529663 141.41421509 51.68471146 320.47558594 141.61802673 51.46822357 320.63287354 141.78201294 51.23365402 320.80328369 141.90211487 50.98677063 320.98266602 141.97537231 50.73365021 321.16656494 142 52.55550766 320.22964478 140 52.53809738 320.24703979 140.31286621 52.48628998 320.29885864 140.61804199 52.40136719 320.38378906 140.9079895 52.28541946 320.49972534 141.17556763 52.14129257 320.64382935 141.41421509 51.97254944 320.81262207 141.61802673 51.78333282 321.00183105 141.78201294 51.57830811 321.20684814 141.90211487 51.36252594 321.42260742 141.97537231 51.14129639 321.64385986 142 52.79415131 320.43347168 140 52.77967834 320.45336914 140.31286621 52.73661423 320.51266479 140.61804199 52.66601944 320.60980225 140.9079895 52.56963348 320.74249268 141.17556763 52.44983292 320.90737915 141.41421509 52.30956268 321.10043335 141.61802673 52.15227509 321.31692505 141.78201294 51.98184967 321.55151367 141.90211487 51.80247879 321.79837036 141.97537231 51.61857986 322.05148315 142 53.06173706 320.59744263 140 53.05056381 320.61938477 140.31286621 53.01729965 320.68463135 140.61804199 52.96277618 320.79165649 140.9079895 52.88832855 320.93777466 141.17556763 52.79579926 321.11935425 141.41421509 52.68745804 321.33200073 141.61802673 52.56597137 321.57043457 141.78201294 52.43434143 321.82879639 141.90211487 52.29579926 322.10067749 141.97537231 52.153759 322.37942505 142 53.35168457 320.7175293 140 53.34407806 320.7409668 140.31286621 53.32144165 320.81063843 140.61804199 53.28432465 320.92483521 140.9079895 53.23365402 321.08081055 141.17556763 53.17066956 321.2746582 141.41421509 53.09692383 321.50161743 141.61802673 53.01423264 321.75613403 141.78201294 52.92463684 322.03186035 141.90211487 52.83033371 322.32211304 141.97537231 52.73365402 322.61965942 142 53.65685272 320.790802 140 53.65299988 320.81512451 140.31286621 53.64154053 320.88748169 140.61804199 53.62275314 321.00613403 140.9079895 53.5970993 321.1680603 141.17556763 53.56521606 321.36938477 141.41421509 53.52788544 321.60507202 141.61802673 53.48602295 321.86938477 141.78201294 53.44066238 322.1557312 141.90211487 53.39292908 322.45715332 141.97537231 53.3439827 322.76617432 142 53.96972275 320.81539917 140 53.96972275 320.84005737 140.31286621 53.96972275 320.91333008 140.61804199 53.96972275 321.03341675 140.9079895 53.96972275 321.1973877 141.17556763 53.96972275 321.4012146 141.41421509 53.96972275 321.63986206 141.61802673 53.96972275 321.90744019 141.78201294 53.96972275 322.1973877 141.90211487 53.96972275 322.50256348 141.97537231 53.96972275 322.81542969 142 129.96972656 320.81539917 140 130.28259277 320.790802 140 129.96972656 320.84005737 140.31286621 130.28643799 320.81512451 140.31286621 129.96972656 320.91333008 140.61804199 130.29789734 320.88748169 140.61804199 129.96972656 321.03341675 140.9079895 130.31669617 321.00613403 140.9079895 129.96972656 321.1973877 141.17556763 130.34234619 321.1680603 141.17556763 129.96972656 321.4012146 141.41421509 130.3742218 321.36938477 141.41421509 129.96972656 321.63986206 141.61802673 130.41156006 321.60507202 141.61802673 129.96972656 321.90744019 141.78201294 130.45341492 321.86938477 141.78201294 129.96972656 322.1973877 141.90211487 130.4987793 322.1557312 141.90211487 129.96972656 322.50256348 141.97537231 130.54650879 322.45715332 141.97537231 129.96972656 322.81542969 142 130.59545898 322.76617432 142 130.5877533 320.7175293 140 130.59536743 320.7409668 140.31286621 130.61799622 320.81063843 140.61804199 130.65512085 320.92483521 140.9079895 130.70579529 321.08081055 141.17556763 130.76876831 321.2746582 141.41421509 130.84251404 321.50161743 141.61802673 130.92520142 321.75613403 141.78201294 131.01480103 322.03186035 141.90211487 131.10910034 322.32211304 141.97537231 131.20579529 322.61965942 142 130.87770081 320.59744263 140 130.8888855 320.61938477 140.31286621 130.92214966 320.68463135 140.61804199 130.97666931 320.79165649 140.9079895 131.05111694 320.93777466 141.17556763 131.14364624 321.11935425 141.41421509 131.25198364 321.33200073 141.61802673 131.37347412 321.57043457 141.78201294 131.50509644 321.82879639 141.90211487 131.64364624 322.10067749 141.97537231 131.78569031 322.37942505 142 131.14529419 320.43347168 140 131.15975952 320.45336914 140.31286621 131.20283508 320.51266479 140.61804199 131.27342224 320.60980225 140.9079895 131.36981201 320.74249268 141.17556763 131.48960876 320.90737915 141.41421509 131.62988281 321.10043335 141.61802673 131.78717041 321.31692505 141.78201294 131.95759583 321.55151367 141.90211487 132.13696289 321.79837036 141.97537231 132.32086182 322.05148315 142 131.38392639 320.22964478 140 131.40135193 320.24703979 140.31286621 131.45315552 320.29885864 140.61804199 131.53807068 320.38378906 140.9079895 131.65402222 320.49972534 141.17556763 131.79814148 320.64382935 141.41421509 131.96688843 320.81262207 141.61802673 132.15611267 321.00183105 141.78201294 132.36112976 321.20684814 141.90211487 132.57691956 321.42260742 141.97537231 132.79814148 321.64385986 142 131.5877533 319.99099731 140 131.60768127 320.00546265 140.31286621 131.66694641 320.04855347 140.61804199 131.76411438 320.11911011 140.9079895 131.89677429 320.21551514 141.17556763 132.06166077 320.33529663 141.41421509 132.25473022 320.47558594 141.61802673 132.47122192 320.63287354 141.78201294 132.70579529 320.80328369 141.90211487 132.95266724 320.98266602 141.97537231 133.20579529 321.16656494 142 131.7517395 319.72338867 140 131.77366638 319.73455811 140.31286621 131.83895874 319.76782227 140.61804199 131.94595337 319.82235718 140.9079895 132.09207153 319.89682007 141.17556763 132.27368164 319.98934937 141.41421509 132.48631287 320.09768677 141.61802673 132.72473145 320.21914673 141.78201294 132.983078 320.35079956 141.90211487 133.25497437 320.48934937 141.97537231 133.53375244 320.63137817 142 131.87184143 319.43344116 140 131.89524841 319.44107056 140.31286621 131.9649353 319.4637146 140.61804199 132.07914734 319.50082397 140.9079895 132.23510742 319.55148315 141.17556763 132.42895508 319.61447144 141.41421509 132.65591431 319.68823242 141.61802673 132.91040039 319.77090454 141.78201294 133.18615723 319.86050415 141.90211487 133.47639465 319.95480347 141.97537231 133.77394104 320.05148315 142 131.94509888 319.1282959 140 131.96942139 319.13214111 140.31286621 132.04177856 319.14358521 140.61804199 132.16040039 319.16238403 140.9079895 132.32235718 319.18804932 141.17556763 132.52366638 319.21990967 141.41421509 132.75938416 319.25726318 141.61802673 133.02366638 319.2991333 141.78201294 133.31004333 319.34448242 141.90211487 133.6114502 319.39224243 141.97537231 133.92047119 319.44116211 142 57.71972275 322.81542969 142 126.21971893 322.81542969 142 91.96971893 322.81542969 142 53.96972275 270.81542969 135.60140991 129.96972656 270.81542969 135.60140991 53.65685272 270.84005737 135.60140991 53.35168457 270.91329956 135.60140991 53.06173706 271.03341675 135.60140991 52.79415131 271.1973877 135.60140991 52.55550766 271.4012146 135.60140991 52.35168839 271.63986206 135.60140991 52.18770599 271.90744019 135.60140991 52.06760788 272.1973877 135.60140991 51.99434662 272.50256348 135.60140991 51.96972275 272.81542969 135.60140991 131.96972656 272.81542969 135.60140991 131.94509888 272.50256348 135.60140991 131.87184143 272.1973877 135.60140991 131.7517395 271.90744019 135.60140991 131.5877533 271.63986206 135.60140991 131.38392639 271.4012146 135.60140991 131.14529419 271.1973877 135.60140991 130.87770081 271.03341675 135.60140991 130.5877533 270.91329956 135.60140991 130.28259277 270.84005737 135.60140991 53.96972275 269.1282959 133.62602234 129.96972656 269.1282959 133.62602234 53.96972275 269.43347168 133.69929504 129.96972656 269.43347168 133.69929504 53.96972275 269.72341919 133.81939697 129.96972656 269.72341919 133.81939697 53.96972275 269.99099731 133.98336792 129.96972656 269.99099731 133.98336792 53.96972275 270.22964478 134.18719482 129.96972656 270.22964478 134.18719482 53.96972275 270.43344116 134.42584229 129.96972656 270.43344116 134.42584229 53.96972275 270.59744263 134.69343567 129.96972656 270.59744263 134.69343567 53.96972275 270.7175293 134.98338318 129.96972656 270.7175293 134.98338318 53.96972275 270.790802 135.2885437 129.96972656 270.790802 135.2885437 51.96972275 318.81542969 135.60140991 53.39292908 269.17367554 133.62602234 53.44066238 269.47509766 133.69929504 53.48602295 269.76147461 133.81939697 53.52788544 270.02575684 133.98336792 53.56521606 270.26147461 134.18719482 53.5970993 270.46276855 134.42584229 53.62275314 270.62475586 134.69343567 53.64154053 270.74337769 134.98338318 53.65299988 270.81573486 135.2885437 52.83033371 269.30874634 133.62602234 52.92463684 269.59899902 133.69929504 53.01423264 269.87475586 133.81939697 53.09692383 270.12924194 133.98336792 53.17066956 270.35620117 134.18719482 53.23365402 270.55004883 134.42584229 53.28432465 270.70599365 134.69343567 53.32144165 270.82022095 134.98338318 53.34407806 270.8899231 135.2885437 52.29579926 269.53018188 133.62602234 52.43434143 269.80206299 133.69929504 52.56597137 270.0604248 133.81939697 52.68745804 270.29882812 133.98336792 52.79579926 270.51147461 134.18719482 52.88832855 270.6930542 134.42584229 52.96277618 270.83917236 134.69343567 53.01729965 270.94619751 134.98338318 53.05056381 271.01147461 135.2885437 51.80247879 269.8324585 133.62602234 51.98184967 270.0793457 133.69929504 52.15227509 270.31390381 133.81939697 52.30956268 270.53039551 133.98336792 52.44983292 270.72348022 134.18719482 52.56963348 270.88839722 134.42584229 52.66601944 271.02102661 134.69343567 52.73661423 271.11819458 134.98338318 52.77967834 271.17745972 135.2885437 51.36252594 270.20825195 133.62602234 51.57830811 270.42401123 133.69929504 51.78333282 270.62905884 133.81939697 51.97254944 270.81826782 133.98336792 52.14129257 270.98699951 134.18719482 52.28541946 271.13113403 134.42584229 52.40136719 271.24707031 134.69343567 52.48628998 271.33200073 134.98338318 52.53809738 271.38378906 135.2885437 50.98677063 270.64819336 133.62602234 51.23365402 270.82757568 133.69929504 51.46822357 270.99798584 133.81939697 51.68471146 271.15527344 133.98336792 51.87777328 271.29553223 134.18719482 52.0426712 271.41534424 134.42584229 52.17533112 271.51171875 134.69343567 52.27249527 271.58230591 134.98338318 52.33176804 271.62536621 135.2885437 50.6844635 271.14151001 133.62602234 50.95636749 271.28005981 133.69929504 51.21471405 271.41168213 133.81939697 51.45313644 271.53317261 133.98336792 51.66576767 271.64147949 134.18719482 51.84737396 271.73403931 134.42584229 51.99348068 271.80847168 134.69343567 52.10049057 271.86300659 134.98338318 52.16576767 271.89627075 135.2885437 50.46305084 271.67602539 133.62602234 50.75328064 271.77032471 133.69929504 51.02903748 271.85995483 133.81939697 51.28352737 271.94262695 133.98336792 51.51049042 272.01638794 134.18719482 51.70433426 272.0793457 134.42584229 51.86029053 272.1300354 134.69343567 51.97451401 272.16714478 134.98338318 52.04418945 272.18978882 135.2885437 50.32798767 272.23864746 133.62602234 50.62939072 272.28634644 133.69929504 50.91577148 272.33172607 133.81939697 51.18006516 272.37359619 133.98336792 51.41577148 272.41091919 134.18719482 51.61708069 272.44281006 134.42584229 51.77904129 272.46844482 134.69343567 51.89766312 272.48724365 134.98338318 51.97002411 272.49868774 135.2885437 50.28258896 272.81542969 133.62602234 50.5877533 272.81542969 133.69929504 50.87770081 272.81542969 133.81939697 51.14529419 272.81542969 133.98336792 51.38393402 272.81542969 134.18719482 51.58775711 272.81542969 134.42584229 51.75173187 272.81542969 134.69343567 51.8718338 272.81542969 134.98338318 51.94509888 272.81542969 135.2885437 131.96972656 318.81542969 135.60140991 133.65684509 272.81542969 133.62602234 133.6114502 272.23864746 133.62602234 133.35168457 272.81542969 133.69929504 133.31004333 272.28634644 133.69929504 133.06173706 272.81542969 133.81939697 133.02366638 272.33172607 133.81939697 132.79414368 272.81542969 133.98336792 132.75938416 272.37359619 133.98336792 132.55551147 272.81542969 134.18719482 132.52366638 272.41091919 134.18719482 132.35168457 272.81542969 134.42584229 132.32235718 272.44281006 134.42584229 132.18771362 272.81542969 134.69343567 132.16040039 272.46844482 134.69343567 132.06761169 272.81542969 134.98338318 132.04177856 272.48724365 134.98338318 131.99433899 272.81542969 135.2885437 131.96942139 272.49868774 135.2885437 133.47639465 271.67602539 133.62602234 133.18615723 271.77032471 133.69929504 132.91040039 271.85995483 133.81939697 132.65591431 271.94262695 133.98336792 132.42895508 272.01638794 134.18719482 132.23510742 272.0793457 134.42584229 132.07914734 272.1300354 134.69343567 131.9649353 272.16714478 134.98338318 131.89524841 272.18978882 135.2885437 133.25497437 271.14151001 133.62602234 132.983078 271.28005981 133.69929504 132.72473145 271.41168213 133.81939697 132.48631287 271.53317261 133.98336792 132.27368164 271.64147949 134.18719482 132.09207153 271.73403931 134.42584229 131.94595337 271.80847168 134.69343567 131.83895874 271.86300659 134.98338318 131.77366638 271.89627075 135.2885437 132.95266724 270.64819336 133.62602234 132.70579529 270.82757568 133.69929504 132.47122192 270.99798584 133.81939697 132.25473022 271.15527344 133.98336792 132.06166077 271.29553223 134.18719482 131.89677429 271.41534424 134.42584229 131.76411438 271.51171875 134.69343567 131.66694641 271.58230591 134.98338318 131.60768127 271.62536621 135.2885437 132.57691956 270.20825195 133.62602234 132.36112976 270.42401123 133.69929504 132.15611267 270.62905884 133.81939697 131.96688843 270.81826782 133.98336792 131.79814148 270.98699951 134.18719482 131.65402222 271.13113403 134.42584229 131.53807068 271.24707031 134.69343567 131.45315552 271.33200073 134.98338318 131.40135193 271.38378906 135.2885437 132.13696289 269.8324585 133.62602234 131.95759583 270.0793457 133.69929504 131.78717041 270.31390381 133.81939697 131.62988281 270.53039551 133.98336792 131.48960876 270.72348022 134.18719482 131.36981201 270.88839722 134.42584229 131.27342224 271.02102661 134.69343567 131.20283508 271.11819458 134.98338318 131.15975952 271.17745972 135.2885437 131.64364624 269.53018188 133.62602234 131.50509644 269.80206299 133.69929504 131.37347412 270.0604248 133.81939697 131.25198364 270.29882812 133.98336792 131.14364624 270.51147461 134.18719482 131.05111694 270.6930542 134.42584229 130.97666931 270.83917236 134.69343567 130.92214966 270.94619751 134.98338318 130.8888855 271.01147461 135.2885437 131.10910034 269.30874634 133.62602234 131.01480103 269.59899902 133.69929504 130.92520142 269.87475586 133.81939697 130.84251404 270.12924194 133.98336792 130.76876831 270.35620117 134.18719482 130.70579529 270.55004883 134.42584229 130.65512085 270.70599365 134.69343567 130.61799622 270.82022095 134.98338318 130.59536743 270.8899231 135.2885437 130.54650879 269.17367554 133.62602234 130.4987793 269.47509766 133.69929504 130.45341492 269.76147461 133.81939697 130.41156006 270.02575684 133.98336792 130.3742218 270.26147461 134.18719482 130.34234619 270.46276855 134.42584229 130.31669617 270.62475586 134.69343567 130.29789734 270.74337769 134.98338318 130.28643799 270.81573486 135.2885437 51.99434662 319.1282959 135.60140991 52.06760788 319.43344116 135.60140991 52.18770599 319.72338867 135.60140991 52.35168839 319.99099731 135.60140991 52.55550766 320.22964478 135.60140991 52.79415131 320.43347168 135.60140991 53.06173706 320.59744263 135.60140991 53.35168457 320.7175293 135.60140991 53.65685272 320.790802 135.60140991 53.96972275 320.81539917 135.60140991 50.28258896 318.81542969 133.62602234 50.5877533 318.81542969 133.69929504 50.87770081 318.81542969 133.81939697 51.14529419 318.81542969 133.98336792 51.38393402 318.81542969 134.18719482 51.58775711 318.81542969 134.42584229 51.75173187 318.81542969 134.69343567 51.8718338 318.81542969 134.98338318 51.94509888 318.81542969 135.2885437 129.96972656 320.81539917 135.60140991 130.28259277 320.790802 135.60140991 130.5877533 320.7175293 135.60140991 130.87770081 320.59744263 135.60140991 131.14529419 320.43347168 135.60140991 131.38392639 320.22964478 135.60140991 131.5877533 319.99099731 135.60140991 131.7517395 319.72338867 135.60140991 131.87184143 319.43344116 135.60140991 131.94509888 319.1282959 135.60140991 133.65684509 318.81542969 133.62602234 133.35168457 318.81542969 133.69929504 133.06173706 318.81542969 133.81939697 132.79414368 318.81542969 133.98336792 132.55551147 318.81542969 134.18719482 132.35168457 318.81542969 134.42584229 132.18771362 318.81542969 134.69343567 132.06761169 318.81542969 134.98338318 131.99433899 318.81542969 135.2885437 129.96972656 322.50256348 133.62602234 130.54650879 322.45715332 133.62602234 129.96972656 322.1973877 133.69929504 130.4987793 322.1557312 133.69929504 129.96972656 321.90744019 133.81939697 130.45341492 321.86938477 133.81939697 129.96972656 321.63986206 133.98336792 130.41156006 321.60507202 133.98336792 129.96972656 321.4012146 134.18719482 130.3742218 321.36938477 134.18719482 129.96972656 321.1973877 134.42584229 130.34234619 321.1680603 134.42584229 129.96972656 321.03341675 134.69343567 130.31669617 321.00613403 134.69343567 129.96972656 320.91333008 134.98338318 130.29789734 320.88748169 134.98338318 129.96972656 320.84005737 135.2885437 130.28643799 320.81512451 135.2885437 131.10910034 322.32211304 133.62602234 131.01480103 322.03186035 133.69929504 130.92520142 321.75613403 133.81939697 130.84251404 321.50161743 133.98336792 130.76876831 321.2746582 134.18719482 130.70579529 321.08081055 134.42584229 130.65512085 320.92483521 134.69343567 130.61799622 320.81063843 134.98338318 130.59536743 320.7409668 135.2885437 131.64364624 322.10067749 133.62602234 131.50509644 321.82879639 133.69929504 131.37347412 321.57043457 133.81939697 131.25198364 321.33200073 133.98336792 131.14364624 321.11935425 134.18719482 131.05111694 320.93777466 134.42584229 130.97666931 320.79165649 134.69343567 130.92214966 320.68463135 134.98338318 130.8888855 320.61938477 135.2885437 132.13696289 321.79837036 133.62602234 131.95759583 321.55151367 133.69929504 131.78717041 321.31692505 133.81939697 131.62988281 321.10043335 133.98336792 131.48960876 320.90737915 134.18719482 131.36981201 320.74249268 134.42584229 131.27342224 320.60980225 134.69343567 131.20283508 320.51266479 134.98338318 131.15975952 320.45336914 135.2885437 132.57691956 321.42260742 133.62602234 132.36112976 321.20684814 133.69929504 132.15611267 321.00183105 133.81939697 131.96688843 320.81262207 133.98336792 131.79814148 320.64382935 134.18719482 131.65402222 320.49972534 134.42584229 131.53807068 320.38378906 134.69343567 131.45315552 320.29885864 134.98338318 131.40135193 320.24703979 135.2885437 132.95266724 320.98266602 133.62602234 132.70579529 320.80328369 133.69929504 132.47122192 320.63287354 133.81939697 132.25473022 320.47558594 133.98336792 132.06166077 320.33529663 134.18719482 131.89677429 320.21551514 134.42584229 131.76411438 320.11911011 134.69343567 131.66694641 320.04855347 134.98338318 131.60768127 320.00546265 135.2885437 133.25497437 320.48934937 133.62602234 132.983078 320.35079956 133.69929504 132.72473145 320.21914673 133.81939697 132.48631287 320.09768677 133.98336792 132.27368164 319.98934937 134.18719482 132.09207153 319.89682007 134.42584229 131.94595337 319.82235718 134.69343567 131.83895874 319.76782227 134.98338318 131.77366638 319.73455811 135.2885437 133.47639465 319.95480347 133.62602234 133.18615723 319.86050415 133.69929504 132.91040039 319.77090454 133.81939697 132.65591431 319.68823242 133.98336792 132.42895508 319.61447144 134.18719482 132.23510742 319.55148315 134.42584229 132.07914734 319.50082397 134.69343567 131.9649353 319.4637146 134.98338318 131.89524841 319.44107056 135.2885437 133.6114502 319.39224243 133.62602234 133.31004333 319.34448242 133.69929504 133.02366638 319.2991333 133.81939697 132.75938416 319.25726318 133.98336792 132.52366638 319.21990967 134.18719482 132.32235718 319.18804932 134.42584229 132.16040039 319.16238403 134.69343567 132.04177856 319.14358521 134.98338318 131.96942139 319.13214111 135.2885437 50.32798767 319.39224243 133.62602234 50.62939072 319.34448242 133.69929504 50.91577148 319.2991333 133.81939697 51.18006516 319.25726318 133.98336792 51.41577148 319.21990967 134.18719482 51.61708069 319.18804932 134.42584229 51.77904129 319.16238403 134.69343567 51.89766312 319.14358521 134.98338318 51.97002411 319.13214111 135.2885437 50.46305084 319.95480347 133.62602234 50.75328064 319.86050415 133.69929504 51.02903748 319.77090454 133.81939697 51.28352737 319.68823242 133.98336792 51.51049042 319.61447144 134.18719482 51.70433426 319.55148315 134.42584229 51.86029053 319.50082397 134.69343567 51.97451401 319.4637146 134.98338318 52.04418945 319.44107056 135.2885437 50.6844635 320.48934937 133.62602234 50.95636749 320.35079956 133.69929504 51.21471405 320.21914673 133.81939697 51.45313644 320.09768677 133.98336792 51.66576767 319.98934937 134.18719482 51.84737396 319.89682007 134.42584229 51.99348068 319.82235718 134.69343567 52.10049057 319.76782227 134.98338318 52.16576767 319.73455811 135.2885437 50.98677063 320.98266602 133.62602234 51.23365402 320.80328369 133.69929504 51.46822357 320.63287354 133.81939697 51.68471146 320.47558594 133.98336792 51.87777328 320.33529663 134.18719482 52.0426712 320.21551514 134.42584229 52.17533112 320.11911011 134.69343567 52.27249527 320.04855347 134.98338318 52.33176804 320.00546265 135.2885437 51.36252594 321.42260742 133.62602234 51.57830811 321.20684814 133.69929504 51.78333282 321.00183105 133.81939697 51.97254944 320.81262207 133.98336792 52.14129257 320.64382935 134.18719482 52.28541946 320.49972534 134.42584229 52.40136719 320.38378906 134.69343567 52.48628998 320.29885864 134.98338318 52.53809738 320.24703979 135.2885437 51.80247879 321.79837036 133.62602234 51.98184967 321.55151367 133.69929504 52.15227509 321.31692505 133.81939697 52.30956268 321.10043335 133.98336792 52.44983292 320.90737915 134.18719482 52.56963348 320.74249268 134.42584229 52.66601944 320.60980225 134.69343567 52.73661423 320.51266479 134.98338318 52.77967834 320.45336914 135.2885437 52.29579926 322.10067749 133.62602234 52.43434143 321.82879639 133.69929504 52.56597137 321.57043457 133.81939697 52.68745804 321.33200073 133.98336792 52.79579926 321.11935425 134.18719482 52.88832855 320.93777466 134.42584229 52.96277618 320.79165649 134.69343567 53.01729965 320.68463135 134.98338318 53.05056381 320.61938477 135.2885437 52.83033371 322.32211304 133.62602234 52.92463684 322.03186035 133.69929504 53.01423264 321.75613403 133.81939697 53.09692383 321.50161743 133.98336792 53.17066956 321.2746582 134.18719482 53.23365402 321.08081055 134.42584229 53.28432465 320.92483521 134.69343567 53.32144165 320.81063843 134.98338318 53.34407806 320.7409668 135.2885437 53.39292908 322.45715332 133.62602234 53.44066238 322.1557312 133.69929504 53.48602295 321.86938477 133.81939697 53.52788544 321.60507202 133.98336792 53.56521606 321.36938477 134.18719482 53.5970993 321.1680603 134.42584229 53.62275314 321.00613403 134.69343567 53.64154053 320.88748169 134.98338318 53.65299988 320.81512451 135.2885437 53.96972275 322.50256348 133.62602234 53.96972275 322.1973877 133.69929504 53.96972275 321.90744019 133.81939697 53.96972275 321.63986206 133.98336792 53.96972275 321.4012146 134.18719482 53.96972275 321.1973877 134.42584229 53.96972275 321.03341675 134.69343567 53.96972275 320.91333008 134.98338318 53.96972275 320.84005737 135.2885437 121.96971893 351.51306152 142 121.96971893 351.20019531 141.97537231 123.07038879 351.10897827 141.97537231 121.96971893 350.89501953 141.90211487 123.02015686 350.80795288 141.90211487 121.96971893 350.60507202 141.78201294 122.972435 350.52197266 141.78201294 121.96971893 350.33746338 141.61802673 122.9283905 350.25805664 141.61802673 121.96971893 350.09884644 141.41421509 122.88911438 350.02264404 141.41421509 121.96971893 349.89498901 141.17556763 122.8555603 349.82159424 141.17556763 121.96971893 349.73101807 140.9079895 122.82857513 349.65985107 140.9079895 121.96971893 349.6109314 140.61804199 122.80880737 349.54138184 140.61804199 121.96971893 349.53765869 140.31286621 122.7967453 349.46914673 140.31286621 121.96971893 349.51306152 140 122.79269409 349.44485474 140 123.59321594 349.24212646 140 123.60121155 349.26541138 140.31286621 124.34945679 348.91043091 140 124.36117554 348.93206787 140.31286621 125.04078674 348.45874023 140 125.0559082 348.47817993 140.31286621 125.64833832 347.8994751 140 125.66645813 347.9161377 140.31286621 126.15555573 347.24777222 140 126.17617035 347.26126099 140.31286621 126.54859161 346.52151489 140 126.57113647 346.53143311 140.31286621 126.81672668 345.74047852 140 126.84059143 345.746521 140.31286621 126.95264435 344.92593384 140 126.97718048 344.92797852 140.31286621 126.95264435 344.10015869 140 126.97718048 344.09811401 140.31286621 126.81672668 343.28561401 140 126.84059143 343.27957153 140.31286621 126.54859161 342.50454712 140 126.57113647 342.49465942 140.31286621 126.15555573 341.77832031 140 126.17617035 341.76483154 140.31286621 125.64833832 341.12664795 140 125.66645813 341.10995483 140.31286621 125.04078674 340.56735229 140 125.0559082 340.5479126 140.31286621 124.34945679 340.11566162 140 124.36117554 340.09402466 140.31286621 123.59321594 339.78396606 140 123.60121155 339.76065063 140.31286621 122.79269409 339.58123779 140 122.7967453 339.55697632 140.31286621 121.96971893 339.51303101 140 121.96971893 339.48840332 140.31286621 123.625 349.3347168 140.61804199 124.3960495 348.996521 140.61804199 125.10090637 348.53598022 140.61804199 125.7203598 347.96575928 140.61804199 126.23750305 347.30133057 140.61804199 126.63822937 346.56082153 140.61804199 126.91161346 345.76452637 140.61804199 127.05019379 344.934021 140.61804199 127.05019379 344.09207153 140.61804199 126.91161346 343.26159668 140.61804199 126.63822937 342.46524048 140.61804199 126.23750305 341.72476196 140.61804199 125.7203598 341.06033325 140.61804199 125.10090637 340.4901123 140.61804199 124.3960495 340.02960205 140.61804199 123.625 339.69137573 140.61804199 122.80880737 339.48468018 140.61804199 121.96971893 339.41516113 140.61804199 123.66400146 349.44833374 140.9079895 124.45320892 349.10214233 140.9079895 125.17467499 348.63079834 140.9079895 125.80871582 348.04711914 140.9079895 126.33804321 347.36700439 140.9079895 126.74821472 346.60910034 140.9079895 127.02803802 345.79400635 140.9079895 127.16988373 344.94393921 140.9079895 127.16988373 344.08215332 140.9079895 127.02803802 343.23208618 140.9079895 126.74821472 342.41699219 140.9079895 126.33804321 341.65905762 140.9079895 125.80871582 340.97900391 140.9079895 125.17467499 340.39532471 140.9079895 124.45320892 339.92398071 140.9079895 123.66400146 339.57778931 140.9079895 122.82857513 339.36624146 140.9079895 121.96971893 339.29507446 140.9079895 123.71723938 349.60342407 141.17556763 124.53125763 349.24633789 141.17556763 125.27539062 348.76019287 141.17556763 125.92935944 348.15814209 141.17556763 126.47532654 347.45669556 141.17556763 126.89838409 346.67495728 141.17556763 127.18699646 345.83425903 141.17556763 127.33330536 344.95748901 141.17556763 127.33330536 344.06860352 141.17556763 127.18699646 343.19186401 141.17556763 126.89838409 342.35113525 141.17556763 126.47532654 341.56939697 141.17556763 125.92935944 340.86795044 141.17556763 125.27539062 340.26593018 141.17556763 124.53125763 339.77975464 141.17556763 123.71723938 339.42269897 141.17556763 122.8555603 339.20449829 141.17556763 121.96971893 339.131073 141.17556763 123.78342438 349.7961731 141.41421509 124.62825775 349.42562866 141.41421509 125.40058136 348.92102051 141.41421509 126.07931519 348.29620361 141.41421509 126.64595032 347.56817627 141.41421509 127.08503723 346.75683594 141.41421509 127.38458252 345.88427734 141.41421509 127.53643036 344.9743042 141.41421509 127.53643036 344.05178833 141.41421509 127.38458252 343.14181519 141.41421509 127.08503723 342.26925659 141.41421509 126.64595032 341.45791626 141.41421509 126.07931519 340.72988892 141.41421509 125.40058136 340.10507202 141.41421509 124.62825775 339.60049438 141.41421509 123.78342438 339.22991943 141.41421509 122.88911438 339.00344849 141.41421509 121.96971893 338.92727661 141.41421509 123.86090851 350.02191162 141.61802673 124.74184418 349.63546753 141.61802673 125.54715729 349.10934448 141.61802673 126.25489044 348.45782471 141.61802673 126.84574127 347.69873047 141.61802673 127.30358124 346.85269165 141.61802673 127.61592865 345.94284058 141.61802673 127.77425385 344.99404907 141.61802673 127.77425385 344.03207397 141.61802673 127.61592865 343.08322144 141.61802673 127.30358124 342.17340088 141.61802673 126.84574127 341.32739258 141.61802673 126.25489044 340.56826782 141.61802673 125.54715729 339.91677856 141.61802673 124.74184418 339.39059448 141.61802673 123.86090851 339.00418091 141.61802673 122.9283905 338.76806641 141.61802673 121.96971893 338.68859863 141.61802673 123.94779205 350.2749939 141.78201294 124.86920166 349.87081909 141.78201294 125.71151733 349.32049561 141.78201294 126.45176697 348.6390686 141.78201294 127.06975555 347.84509277 141.78201294 127.54862976 346.96017456 141.78201294 127.87532806 346.00854492 141.78201294 128.04093933 345.01611328 141.78201294 128.04093933 344.00997925 141.78201294 127.87532806 343.01754761 141.78201294 127.54862976 342.06588745 141.78201294 127.06975555 341.18103027 141.78201294 126.45176697 340.38705444 141.78201294 125.71151733 339.70559692 141.78201294 124.86920166 339.15527344 141.78201294 123.94779205 338.75109863 141.78201294 122.972435 338.50411987 141.78201294 121.96971893 338.42102051 141.78201294 124.04193878 350.54922485 141.90211487 125.00720215 350.12582397 141.90211487 125.88961029 349.54931641 141.90211487 126.66508484 348.83544922 141.90211487 127.31249237 348.00366211 141.90211487 127.81415558 347.07666016 141.90211487 128.15640259 346.07974243 141.90211487 128.32989502 345.04003906 141.90211487 128.32989502 343.98602295 141.90211487 128.15640259 342.94638062 141.90211487 127.81415558 341.94943237 141.90211487 127.31249237 341.02243042 141.90211487 126.66508484 340.19064331 141.90211487 125.88961029 339.47680664 141.90211487 125.00720215 338.90026855 141.90211487 124.04193878 338.47686768 141.90211487 123.02015686 338.21810913 141.90211487 121.96971893 338.131073 141.90211487 124.14102936 350.83786011 141.97537231 125.15244293 350.39419556 141.97537231 126.07704163 349.79013062 141.97537231 126.88960266 349.04211426 141.97537231 127.56796265 348.17056274 141.97537231 128.09361267 347.19921875 141.97537231 128.45222473 346.15463257 141.97537231 128.63401794 345.0652771 141.97537231 128.63401794 343.96081543 141.97537231 128.45222473 342.87145996 141.97537231 128.09361267 341.82684326 141.97537231 127.56796265 340.85552979 141.97537231 126.88960266 339.98397827 141.97537231 126.07704163 339.23596191 141.97537231 125.15244293 338.63189697 141.97537231 124.14102936 338.18823242 141.97537231 123.07038879 337.91711426 141.97537231 121.96971893 337.82592773 141.97537231 123.12188721 351.41757202 142 124.24262238 351.13375854 142 125.30135345 350.66934204 142 126.26921082 350.03704834 142 127.11978912 349.2539978 142 127.82988739 348.3416748 142 128.38014221 347.32492065 142 128.75552368 346.23144531 142 128.94581604 345.09109497 142 128.94581604 343.93499756 142 128.75552368 342.79464722 142 128.38014221 341.70117188 142 127.82988739 340.68441772 142 127.11978912 339.77206421 142 126.26921082 338.98907471 142 125.30135345 338.35671997 142 124.24262238 337.89233398 142 123.12188721 337.60852051 142 121.96971893 337.51306152 142 61.96972275 339.51303101 140 61.96972275 339.48840332 140.31286621 61.96972275 339.41516113 140.61804199 61.96972275 339.29507446 140.9079895 61.96972275 339.131073 141.17556763 61.96972275 338.92727661 141.41421509 61.96972275 338.68859863 141.61802673 61.96972275 338.42102051 141.78201294 61.96972275 338.131073 141.90211487 61.96972275 337.82592773 141.97537231 61.96972275 337.51306152 142 61.96972275 349.51306152 140 61.96972275 349.53765869 140.31286621 61.96972275 349.6109314 140.61804199 61.96972275 349.73101807 140.9079895 61.96972275 349.89498901 141.17556763 61.96972275 350.09884644 141.41421509 61.96972275 350.33746338 141.61802673 61.96972275 350.60507202 141.78201294 61.96972275 350.89501953 141.90211487 61.96972275 351.20019531 141.97537231 61.96972275 351.51306152 142 60.8690567 337.91711426 141.97537231 60.91928482 338.21810913 141.90211487 60.96700668 338.50411987 141.78201294 61.01105118 338.76806641 141.61802673 61.05033112 339.00344849 141.41421509 61.08387756 339.20449829 141.17556763 61.11087036 339.36624146 140.9079895 61.13063812 339.48468018 140.61804199 61.14269638 339.55697632 140.31286621 61.14674759 339.58123779 140 60.34622192 339.78396606 140 60.33823013 339.76065063 140.31286621 59.58998489 340.11566162 140 59.57826614 340.09402466 140.31286621 58.89865875 340.56735229 140 58.88353348 340.5479126 140.31286621 58.29109955 341.12664795 140 58.27298355 341.10995483 140.31286621 57.78388596 341.77832031 140 57.76327515 341.76483154 140.31286621 57.39085388 342.50454712 140 57.36830521 342.49465942 140.31286621 57.12271881 343.28561401 140 57.09885025 343.27957153 140.31286621 56.98679733 344.10015869 140 56.96225739 344.09811401 140.31286621 56.98679733 344.92593384 140 56.96225739 344.92797852 140.31286621 57.12271881 345.74047852 140 57.09885025 345.746521 140.31286621 57.39085388 346.52151489 140 57.36830521 346.53143311 140.31286621 57.78388596 347.24777222 140 57.76327515 347.26126099 140.31286621 58.29109955 347.8994751 140 58.27298355 347.9161377 140.31286621 58.89865875 348.45874023 140 58.88353348 348.47817993 140.31286621 59.58998489 348.91043091 140 59.57826614 348.93206787 140.31286621 60.34622192 349.24212646 140 60.33823013 349.26541138 140.31286621 61.14674759 349.44485474 140 61.14269638 349.46914673 140.31286621 60.31443787 339.69137573 140.61804199 59.54339218 340.02960205 140.61804199 58.83853531 340.4901123 140.61804199 58.21908188 341.06033325 140.61804199 57.70194244 341.72476196 140.61804199 57.30121231 342.46524048 140.61804199 57.02782822 343.26159668 140.61804199 56.88924789 344.09207153 140.61804199 56.88924789 344.934021 140.61804199 57.02782822 345.76452637 140.61804199 57.30121231 346.56082153 140.61804199 57.70194244 347.30133057 140.61804199 58.21908188 347.96575928 140.61804199 58.83853531 348.53598022 140.61804199 59.54339218 348.996521 140.61804199 60.31443787 349.3347168 140.61804199 61.13063812 349.54138184 140.61804199 60.27544403 339.57778931 140.9079895 59.48623276 339.92398071 140.9079895 58.76476669 340.39532471 140.9079895 58.13072205 340.97900391 140.9079895 57.60139465 341.65905762 140.9079895 57.19122696 342.41699219 140.9079895 56.91139984 343.23208618 140.9079895 56.76955795 344.08215332 140.9079895 56.76955795 344.94393921 140.9079895 56.91139984 345.79400635 140.9079895 57.19122696 346.60910034 140.9079895 57.60139465 347.36700439 140.9079895 58.13072205 348.04711914 140.9079895 58.76476669 348.63079834 140.9079895 59.48623276 349.10214233 140.9079895 60.27544403 349.44833374 140.9079895 61.11087036 349.65985107 140.9079895 60.2222023 339.42269897 141.17556763 59.40818787 339.77975464 141.17556763 58.66405106 340.26593018 141.17556763 58.01007843 340.86795044 141.17556763 57.46411896 341.56939697 141.17556763 57.0410614 342.35113525 141.17556763 56.75244141 343.19186401 141.17556763 56.60613632 344.06860352 141.17556763 56.60613632 344.95748901 141.17556763 56.75244141 345.83425903 141.17556763 57.0410614 346.67495728 141.17556763 57.46411896 347.45669556 141.17556763 58.01007843 348.15814209 141.17556763 58.66405106 348.76019287 141.17556763 59.40818787 349.24633789 141.17556763 60.2222023 349.60342407 141.17556763 61.08387756 349.82159424 141.17556763 60.1560173 339.22991943 141.41421509 59.31118011 339.60049438 141.41421509 58.53886032 340.10507202 141.41421509 57.8601265 340.72988892 141.41421509 57.29349136 341.45791626 141.41421509 56.85440826 342.26925659 141.41421509 56.55485916 343.14181519 141.41421509 56.40301132 344.05178833 141.41421509 56.40301132 344.9743042 141.41421509 56.55485916 345.88427734 141.41421509 56.85440826 346.75683594 141.41421509 57.29349136 347.56817627 141.41421509 57.8601265 348.29620361 141.41421509 58.53886032 348.92102051 141.41421509 59.31118011 349.42562866 141.41421509 60.1560173 349.7961731 141.41421509 61.05033112 350.02264404 141.41421509 60.07853317 339.00418091 141.61802673 59.1975975 339.39059448 141.61802673 58.39228439 339.91677856 141.61802673 57.68454742 340.56826782 141.61802673 57.09370041 341.32739258 141.61802673 56.63586426 342.17340088 141.61802673 56.32351685 343.08322144 141.61802673 56.16518402 344.03207397 141.61802673 56.16518402 344.99404907 141.61802673 56.32351685 345.94284058 141.61802673 56.63586426 346.85269165 141.61802673 57.09370041 347.69873047 141.61802673 57.68454742 348.45782471 141.61802673 58.39228439 349.10934448 141.61802673 59.1975975 349.63546753 141.61802673 60.07853317 350.02191162 141.61802673 61.01105118 350.25805664 141.61802673 59.99164581 338.75109863 141.78201294 59.07024002 339.15527344 141.78201294 58.22792816 339.70559692 141.78201294 57.48767853 340.38705444 141.78201294 56.86968613 341.18103027 141.78201294 56.39081192 342.06588745 141.78201294 56.06411743 343.01754761 141.78201294 55.89850998 344.00997925 141.78201294 55.89850998 345.01611328 141.78201294 56.06411743 346.00854492 141.78201294 56.39081192 346.96017456 141.78201294 56.86968613 347.84509277 141.78201294 57.48767853 348.6390686 141.78201294 58.22792816 349.32049561 141.78201294 59.07024002 349.87081909 141.78201294 59.99164581 350.2749939 141.78201294 60.96700668 350.52197266 141.78201294 59.8975029 338.47686768 141.90211487 58.93223953 338.90026855 141.90211487 58.04983521 339.47680664 141.90211487 57.27435684 340.19064331 141.90211487 56.62695312 341.02243042 141.90211487 56.1252861 341.94943237 141.90211487 55.78303909 342.94638062 141.90211487 55.60955429 343.98602295 141.90211487 55.60955429 345.04003906 141.90211487 55.78303909 346.07974243 141.90211487 56.1252861 347.07666016 141.90211487 56.62695312 348.00366211 141.90211487 57.27435684 348.83544922 141.90211487 58.04983521 349.54931641 141.90211487 58.93223953 350.12582397 141.90211487 59.8975029 350.54922485 141.90211487 60.91928482 350.80795288 141.90211487 59.79841232 338.18823242 141.97537231 58.78699875 338.63189697 141.97537231 57.86240005 339.23596191 141.97537231 57.04983521 339.98397827 141.97537231 56.37147903 340.85552979 141.97537231 55.84582138 341.82684326 141.97537231 55.48721695 342.87145996 141.97537231 55.30542755 343.96081543 141.97537231 55.30542755 345.0652771 141.97537231 55.48721695 346.15463257 141.97537231 55.84582138 347.19921875 141.97537231 56.37147903 348.17056274 141.97537231 57.04983521 349.04211426 141.97537231 57.86240005 349.79013062 141.97537231 58.78699875 350.39419556 141.97537231 59.79841232 350.83786011 141.97537231 60.8690567 351.10897827 141.97537231 60.81755829 337.60852051 142 59.69682312 337.89233398 142 58.63808823 338.35671997 142 57.67023087 338.98907471 142 56.81965637 339.77206421 142 56.10955429 340.68441772 142 55.5593071 341.70117188 142 55.18392181 342.79464722 142 54.99362946 343.93499756 142 54.99362946 345.09109497 142 55.18392181 346.23144531 142 55.5593071 347.32492065 142 56.10955429 348.3416748 142 56.81965637 349.2539978 142 57.67023087 350.03704834 142 58.63808823 350.66934204 142 59.69682312 351.13375854 142 60.81755829 351.41757202 142 121.96971893 339.51303101 135.60140991 122.79269409 339.58123779 135.60140991 123.59321594 339.78396606 135.60140991 124.34945679 340.11566162 135.60140991 125.04078674 340.56735229 135.60140991 125.64833832 341.12664795 135.60140991 126.15555573 341.77832031 135.60140991 126.54859161 342.50454712 135.60140991 126.81672668 343.28561401 135.60140991 126.95264435 344.10015869 135.60140991 126.95264435 344.92593384 135.60140991 126.81672668 345.74047852 135.60140991 126.54859161 346.52151489 135.60140991 126.15555573 347.24777222 135.60140991 125.64833832 347.8994751 135.60140991 125.04078674 348.45874023 135.60140991 124.34945679 348.91043091 135.60140991 123.59321594 349.24212646 135.60140991 122.79269409 349.44485474 135.60140991 121.96971893 349.51306152 135.60140991 61.96972275 339.51303101 135.60140991 61.96972275 349.51306152 135.60140991 121.96971893 349.53765869 135.2885437 122.7967453 349.46914673 135.2885437 121.96971893 349.6109314 134.98338318 122.80880737 349.54138184 134.98338318 121.96971893 349.73101807 134.69343567 122.82857513 349.65985107 134.69343567 121.96971893 349.89498901 134.42584229 122.8555603 349.82159424 134.42584229 121.96971893 350.09884644 134.18719482 122.88911438 350.02264404 134.18719482 121.96971893 350.33746338 133.98336792 122.9283905 350.25805664 133.98336792 121.96971893 350.60507202 133.81939697 122.972435 350.52197266 133.81939697 121.96971893 350.89501953 133.69929504 123.02015686 350.80795288 133.69929504 121.96971893 351.20019531 133.62602234 123.07038879 351.10897827 133.62602234 124.14102936 350.83786011 133.62602234 125.15244293 350.39419556 133.62602234 126.07704163 349.79013062 133.62602234 126.88960266 349.04211426 133.62602234 127.56796265 348.17056274 133.62602234 128.09361267 347.19921875 133.62602234 128.45222473 346.15463257 133.62602234 128.63401794 345.0652771 133.62602234 128.63401794 343.96081543 133.62602234 128.45222473 342.87145996 133.62602234 128.09361267 341.82684326 133.62602234 127.56796265 340.85552979 133.62602234 126.88960266 339.98397827 133.62602234 126.07704163 339.23596191 133.62602234 125.15244293 338.63189697 133.62602234 124.14102936 338.18823242 133.62602234 123.07038879 337.91711426 133.62602234 121.96971893 337.82592773 133.62602234 124.04193878 350.54922485 133.69929504 125.00720215 350.12582397 133.69929504 125.88961029 349.54931641 133.69929504 126.66508484 348.83544922 133.69929504 127.31249237 348.00366211 133.69929504 127.81415558 347.07666016 133.69929504 128.15640259 346.07974243 133.69929504 128.32989502 345.04003906 133.69929504 128.32989502 343.98602295 133.69929504 128.15640259 342.94638062 133.69929504 127.81415558 341.94943237 133.69929504 127.31249237 341.02243042 133.69929504 126.66508484 340.19064331 133.69929504 125.88961029 339.47680664 133.69929504 125.00720215 338.90026855 133.69929504 124.04193878 338.47686768 133.69929504 123.02015686 338.21810913 133.69929504 121.96971893 338.131073 133.69929504 123.94779205 350.2749939 133.81939697 124.86920166 349.87081909 133.81939697 125.71151733 349.32049561 133.81939697 126.45176697 348.6390686 133.81939697 127.06975555 347.84509277 133.81939697 127.54862976 346.96017456 133.81939697 127.87532806 346.00854492 133.81939697 128.04093933 345.01611328 133.81939697 128.04093933 344.00997925 133.81939697 127.87532806 343.01754761 133.81939697 127.54862976 342.06588745 133.81939697 127.06975555 341.18103027 133.81939697 126.45176697 340.38705444 133.81939697 125.71151733 339.70559692 133.81939697 124.86920166 339.15527344 133.81939697 123.94779205 338.75109863 133.81939697 122.972435 338.50411987 133.81939697 121.96971893 338.42102051 133.81939697 123.86090851 350.02191162 133.98336792 124.74184418 349.63546753 133.98336792 125.54715729 349.10934448 133.98336792 126.25489044 348.45782471 133.98336792 126.84574127 347.69873047 133.98336792 127.30358124 346.85269165 133.98336792 127.61592865 345.94284058 133.98336792 127.77425385 344.99404907 133.98336792 127.77425385 344.03207397 133.98336792 127.61592865 343.08322144 133.98336792 127.30358124 342.17340088 133.98336792 126.84574127 341.32739258 133.98336792 126.25489044 340.56826782 133.98336792 125.54715729 339.91677856 133.98336792 124.74184418 339.39059448 133.98336792 123.86090851 339.00418091 133.98336792 122.9283905 338.76806641 133.98336792 121.96971893 338.68859863 133.98336792 123.78342438 349.7961731 134.18719482 124.62825775 349.42562866 134.18719482 125.40058136 348.92102051 134.18719482 126.07931519 348.29620361 134.18719482 126.64595032 347.56817627 134.18719482 127.08503723 346.75683594 134.18719482 127.38458252 345.88427734 134.18719482 127.53643036 344.9743042 134.18719482 127.53643036 344.05178833 134.18719482 127.38458252 343.14181519 134.18719482 127.08503723 342.26925659 134.18719482 126.64595032 341.45791626 134.18719482 126.07931519 340.72988892 134.18719482 125.40058136 340.10507202 134.18719482 124.62825775 339.60049438 134.18719482 123.78342438 339.22991943 134.18719482 122.88911438 339.00344849 134.18719482 121.96971893 338.92727661 134.18719482 123.71723938 349.60342407 134.42584229 124.53125763 349.24633789 134.42584229 125.27539062 348.76019287 134.42584229 125.92935944 348.15814209 134.42584229 126.47532654 347.45669556 134.42584229 126.89838409 346.67495728 134.42584229 127.18699646 345.83425903 134.42584229 127.33330536 344.95748901 134.42584229 127.33330536 344.06860352 134.42584229 127.18699646 343.19186401 134.42584229 126.89838409 342.35113525 134.42584229 126.47532654 341.56939697 134.42584229 125.92935944 340.86795044 134.42584229 125.27539062 340.26593018 134.42584229 124.53125763 339.77975464 134.42584229 123.71723938 339.42269897 134.42584229 122.8555603 339.20449829 134.42584229 121.96971893 339.131073 134.42584229 123.66400146 349.44833374 134.69343567 124.45320892 349.10214233 134.69343567 125.17467499 348.63079834 134.69343567 125.80871582 348.04711914 134.69343567 126.33804321 347.36700439 134.69343567 126.74821472 346.60910034 134.69343567 127.02803802 345.79400635 134.69343567 127.16988373 344.94393921 134.69343567 127.16988373 344.08215332 134.69343567 127.02803802 343.23208618 134.69343567 126.74821472 342.41699219 134.69343567 126.33804321 341.65905762 134.69343567 125.80871582 340.97900391 134.69343567 125.17467499 340.39532471 134.69343567 124.45320892 339.92398071 134.69343567 123.66400146 339.57778931 134.69343567 122.82857513 339.36624146 134.69343567 121.96971893 339.29507446 134.69343567 123.625 349.3347168 134.98338318 124.3960495 348.996521 134.98338318 125.10090637 348.53598022 134.98338318 125.7203598 347.96575928 134.98338318 126.23750305 347.30133057 134.98338318 126.63822937 346.56082153 134.98338318 126.91161346 345.76452637 134.98338318 127.05019379 344.934021 134.98338318 127.05019379 344.09207153 134.98338318 126.91161346 343.26159668 134.98338318 126.63822937 342.46524048 134.98338318 126.23750305 341.72476196 134.98338318 125.7203598 341.06033325 134.98338318 125.10090637 340.4901123 134.98338318 124.3960495 340.02960205 134.98338318 123.625 339.69137573 134.98338318 122.80880737 339.48468018 134.98338318 121.96971893 339.41516113 134.98338318 123.60121155 349.26541138 135.2885437 124.36117554 348.93206787 135.2885437 125.0559082 348.47817993 135.2885437 125.66645813 347.9161377 135.2885437 126.17617035 347.26126099 135.2885437 126.57113647 346.53143311 135.2885437 126.84059143 345.746521 135.2885437 126.97718048 344.92797852 135.2885437 126.97718048 344.09811401 135.2885437 126.84059143 343.27957153 135.2885437 126.57113647 342.49465942 135.2885437 126.17617035 341.76483154 135.2885437 125.66645813 341.10995483 135.2885437 125.0559082 340.5479126 135.2885437 124.36117554 340.09402466 135.2885437 123.60121155 339.76065063 135.2885437 122.7967453 339.55697632 135.2885437 121.96971893 339.48840332 135.2885437 61.14674759 349.44485474 135.60140991 60.34622192 349.24212646 135.60140991 59.58998489 348.91043091 135.60140991 58.89865875 348.45874023 135.60140991 58.29109955 347.8994751 135.60140991 57.78388596 347.24777222 135.60140991 57.39085388 346.52151489 135.60140991 57.12271881 345.74047852 135.60140991 56.98679733 344.92593384 135.60140991 56.98679733 344.10015869 135.60140991 57.12271881 343.28561401 135.60140991 57.39085388 342.50454712 135.60140991 57.78388596 341.77832031 135.60140991 58.29109955 341.12664795 135.60140991 58.89865875 340.56735229 135.60140991 59.58998489 340.11566162 135.60140991 60.34622192 339.78396606 135.60140991 61.14674759 339.58123779 135.60140991 61.96972275 351.20019531 133.62602234 61.96972275 350.89501953 133.69929504 61.96972275 350.60507202 133.81939697 61.96972275 350.33746338 133.98336792 61.96972275 350.09884644 134.18719482 61.96972275 349.89498901 134.42584229 61.96972275 349.73101807 134.69343567 61.96972275 349.6109314 134.98338318 61.96972275 349.53765869 135.2885437 61.96972275 337.82592773 133.62602234 61.96972275 338.131073 133.69929504 61.96972275 338.42102051 133.81939697 61.96972275 338.68859863 133.98336792 61.96972275 338.92727661 134.18719482 61.96972275 339.131073 134.42584229 61.96972275 339.29507446 134.69343567 61.96972275 339.41516113 134.98338318 61.96972275 339.48840332 135.2885437 61.14269638 339.55697632 135.2885437 61.13063812 339.48468018 134.98338318 61.11087036 339.36624146 134.69343567 61.08387756 339.20449829 134.42584229 61.05033112 339.00344849 134.18719482 61.01105118 338.76806641 133.98336792 60.96700668 338.50411987 133.81939697 60.91928482 338.21810913 133.69929504 60.8690567 337.91711426 133.62602234 59.79841232 338.18823242 133.62602234 58.78699875 338.63189697 133.62602234 57.86240005 339.23596191 133.62602234 57.04983521 339.98397827 133.62602234 56.37147903 340.85552979 133.62602234 55.84582138 341.82684326 133.62602234 55.48721695 342.87145996 133.62602234 55.30542755 343.96081543 133.62602234 55.30542755 345.0652771 133.62602234 55.48721695 346.15463257 133.62602234 55.84582138 347.19921875 133.62602234 56.37147903 348.17056274 133.62602234 57.04983521 349.04211426 133.62602234 57.86240005 349.79013062 133.62602234 58.78699875 350.39419556 133.62602234 59.79841232 350.83786011 133.62602234 60.8690567 351.10897827 133.62602234 59.8975029 338.47686768 133.69929504 58.93223953 338.90026855 133.69929504 58.04983521 339.47680664 133.69929504 57.27435684 340.19064331 133.69929504 56.62695312 341.02243042 133.69929504 56.1252861 341.94943237 133.69929504 55.78303909 342.94638062 133.69929504 55.60955429 343.98602295 133.69929504 55.60955429 345.04003906 133.69929504 55.78303909 346.07974243 133.69929504 56.1252861 347.07666016 133.69929504 56.62695312 348.00366211 133.69929504 57.27435684 348.83544922 133.69929504 58.04983521 349.54931641 133.69929504 58.93223953 350.12582397 133.69929504 59.8975029 350.54922485 133.69929504 60.91928482 350.80795288 133.69929504 59.99164581 338.75109863 133.81939697 59.07024002 339.15527344 133.81939697 58.22792816 339.70559692 133.81939697 57.48767853 340.38705444 133.81939697 56.86968613 341.18103027 133.81939697 56.39081192 342.06588745 133.81939697 56.06411743 343.01754761 133.81939697 55.89850998 344.00997925 133.81939697 55.89850998 345.01611328 133.81939697 56.06411743 346.00854492 133.81939697 56.39081192 346.96017456 133.81939697 56.86968613 347.84509277 133.81939697 57.48767853 348.6390686 133.81939697 58.22792816 349.32049561 133.81939697 59.07024002 349.87081909 133.81939697 59.99164581 350.2749939 133.81939697 60.96700668 350.52197266 133.81939697 60.07853317 339.00418091 133.98336792 59.1975975 339.39059448 133.98336792 58.39228439 339.91677856 133.98336792 57.68454742 340.56826782 133.98336792 57.09370041 341.32739258 133.98336792 56.63586426 342.17340088 133.98336792 56.32351685 343.08322144 133.98336792 56.16518402 344.03207397 133.98336792 56.16518402 344.99404907 133.98336792 56.32351685 345.94284058 133.98336792 56.63586426 346.85269165 133.98336792 57.09370041 347.69873047 133.98336792 57.68454742 348.45782471 133.98336792 58.39228439 349.10934448 133.98336792 59.1975975 349.63546753 133.98336792 60.07853317 350.02191162 133.98336792 61.01105118 350.25805664 133.98336792 60.1560173 339.22991943 134.18719482 59.31118011 339.60049438 134.18719482 58.53886032 340.10507202 134.18719482 57.8601265 340.72988892 134.18719482 57.29349136 341.45791626 134.18719482 56.85440826 342.26925659 134.18719482 56.55485916 343.14181519 134.18719482 56.40301132 344.05178833 134.18719482 56.40301132 344.9743042 134.18719482 56.55485916 345.88427734 134.18719482 56.85440826 346.75683594 134.18719482 57.29349136 347.56817627 134.18719482 57.8601265 348.29620361 134.18719482 58.53886032 348.92102051 134.18719482 59.31118011 349.42562866 134.18719482 60.1560173 349.7961731 134.18719482 61.05033112 350.02264404 134.18719482 60.2222023 339.42269897 134.42584229 59.40818787 339.77975464 134.42584229 58.66405106 340.26593018 134.42584229 58.01007843 340.86795044 134.42584229 57.46411896 341.56939697 134.42584229 57.0410614 342.35113525 134.42584229 56.75244141 343.19186401 134.42584229 56.60613632 344.06860352 134.42584229 56.60613632 344.95748901 134.42584229 56.75244141 345.83425903 134.42584229 57.0410614 346.67495728 134.42584229 57.46411896 347.45669556 134.42584229 58.01007843 348.15814209 134.42584229 58.66405106 348.76019287 134.42584229 59.40818787 349.24633789 134.42584229 60.2222023 349.60342407 134.42584229 61.08387756 349.82159424 134.42584229 60.27544403 339.57778931 134.69343567 59.48623276 339.92398071 134.69343567 58.76476669 340.39532471 134.69343567 58.13072205 340.97900391 134.69343567 57.60139465 341.65905762 134.69343567 57.19122696 342.41699219 134.69343567 56.91139984 343.23208618 134.69343567 56.76955795 344.08215332 134.69343567 56.76955795 344.94393921 134.69343567 56.91139984 345.79400635 134.69343567 57.19122696 346.60910034 134.69343567 57.60139465 347.36700439 134.69343567 58.13072205 348.04711914 134.69343567 58.76476669 348.63079834 134.69343567 59.48623276 349.10214233 134.69343567 60.27544403 349.44833374 134.69343567 61.11087036 349.65985107 134.69343567 60.31443787 339.69137573 134.98338318 59.54339218 340.02960205 134.98338318 58.83853531 340.4901123 134.98338318 58.21908188 341.06033325 134.98338318 57.70194244 341.72476196 134.98338318 57.30121231 342.46524048 134.98338318 57.02782822 343.26159668 134.98338318 56.88924789 344.09207153 134.98338318 56.88924789 344.934021 134.98338318 57.02782822 345.76452637 134.98338318 57.30121231 346.56082153 134.98338318 57.70194244 347.30133057 134.98338318 58.21908188 347.96575928 134.98338318 58.83853531 348.53598022 134.98338318 59.54339218 348.996521 134.98338318 60.31443787 349.3347168 134.98338318 61.13063812 349.54138184 134.98338318 60.33823013 339.76065063 135.2885437 59.57826614 340.09402466 135.2885437 58.88353348 340.5479126 135.2885437 58.27298355 341.10995483 135.2885437 57.76327515 341.76483154 135.2885437 57.36830521 342.49465942 135.2885437 57.09885025 343.27957153 135.2885437 56.96225739 344.09811401 135.2885437 56.96225739 344.92797852 135.2885437 57.09885025 345.746521 135.2885437 57.36830521 346.53143311 135.2885437 57.76327515 347.26126099 135.2885437 58.27298355 347.9161377 135.2885437 58.88353348 348.47817993 135.2885437 59.57826614 348.93206787 135.2885437 60.33823013 349.26541138 135.2885437 61.14269638 349.46914673 135.2885437 121.96971893 421.47689819 142 121.96971893 421.16400146 141.97537231 123.07038879 421.07281494 141.97537231 121.96971893 420.8588562 141.90211487 123.02015686 420.77182007 141.90211487 121.96971893 420.56890869 141.78201294 122.972435 420.48580933 141.78201294 121.96971893 420.30133057 141.61802673 122.9283905 420.22186279 141.61802673 121.96971893 420.06265259 141.41421509 122.88911438 419.98648071 141.41421509 121.96971893 419.8588562 141.17556763 122.8555603 419.78543091 141.17556763 121.96971893 419.69488525 140.9079895 122.82857513 419.62368774 140.9079895 121.96971893 419.57476807 140.61804199 122.80880737 419.50524902 140.61804199 121.96971893 419.50152588 140.31286621 122.7967453 419.43295288 140.31286621 121.96971893 419.47689819 140 122.79269409 419.40869141 140 123.59321594 419.20596313 140 123.60121155 419.22927856 140.31286621 124.34945679 418.87426758 140 124.36117554 418.89590454 140.31286621 125.04078674 418.4225769 140 125.0559082 418.4420166 140.31286621 125.64833832 417.86328125 140 125.66645813 417.87997437 140.31286621 126.15555573 417.21160889 140 126.17617035 417.22509766 140.31286621 126.54859161 416.48538208 140 126.57113647 416.49526978 140.31286621 126.81672668 415.70431519 140 126.84059143 415.71035767 140.31286621 126.95264435 414.88977051 140 126.97718048 414.89181519 140.31286621 126.95264435 414.06399536 140 126.97718048 414.06195068 140.31286621 126.81672668 413.24945068 140 126.84059143 413.2434082 140.31286621 126.54859161 412.46841431 140 126.57113647 412.45849609 140.31286621 126.15555573 411.74215698 140 126.17617035 411.72866821 140.31286621 125.64833832 411.09048462 140 125.66645813 411.0737915 140.31286621 125.04078674 410.53118896 140 125.0559082 410.51174927 140.31286621 124.34945679 410.07949829 140 124.36117554 410.05786133 140.31286621 123.59321594 409.74780273 140 123.60121155 409.72451782 140.31286621 122.79269409 409.54510498 140 122.7967453 409.52081299 140.31286621 121.96971893 409.47686768 140 121.96971893 409.45227051 140.31286621 123.625 419.29855347 140.61804199 124.3960495 418.96032715 140.61804199 125.10090637 418.49981689 140.61804199 125.7203598 417.92959595 140.61804199 126.23750305 417.26516724 140.61804199 126.63822937 416.52468872 140.61804199 126.91161346 415.72833252 140.61804199 127.05019379 414.89785767 140.61804199 127.05019379 414.0559082 140.61804199 126.91161346 413.22543335 140.61804199 126.63822937 412.42910767 140.61804199 126.23750305 411.68859863 140.61804199 125.7203598 411.02416992 140.61804199 125.10090637 410.45394897 140.61804199 124.3960495 409.99343872 140.61804199 123.625 409.6552124 140.61804199 122.80880737 409.44854736 140.61804199 121.96971893 409.3789978 140.61804199 123.66400146 419.41213989 140.9079895 124.45320892 419.065979 140.9079895 125.17467499 418.59460449 140.9079895 125.80871582 418.01092529 140.9079895 126.33804321 417.33087158 140.9079895 126.74821472 416.57293701 140.9079895 127.02803802 415.75784302 140.9079895 127.16988373 414.90777588 140.9079895 127.16988373 414.04598999 140.9079895 127.02803802 413.19592285 140.9079895 126.74821472 412.38085938 140.9079895 126.33804321 411.6229248 140.9079895 125.80871582 410.94284058 140.9079895 125.17467499 410.35916138 140.9079895 124.45320892 409.88778687 140.9079895 123.66400146 409.54162598 140.9079895 122.82857513 409.33007812 140.9079895 121.96971893 409.25891113 140.9079895 123.71723938 419.56726074 141.17556763 124.53125763 419.21020508 141.17556763 125.27539062 418.72399902 141.17556763 125.92935944 418.12197876 141.17556763 126.47532654 417.42053223 141.17556763 126.89838409 416.63879395 141.17556763 127.18699646 415.79806519 141.17556763 127.33330536 414.92132568 141.17556763 127.33330536 414.0324707 141.17556763 127.18699646 413.15570068 141.17556763 126.89838409 412.31497192 141.17556763 126.47532654 411.53323364 141.17556763 125.92935944 410.83178711 141.17556763 125.27539062 410.22976685 141.17556763 124.53125763 409.74359131 141.17556763 123.71723938 409.38650513 141.17556763 122.8555603 409.16833496 141.17556763 121.96971893 409.09494019 141.17556763 123.78342438 419.76000977 141.41421509 124.62825775 419.38943481 141.41421509 125.40058136 418.88485718 141.41421509 126.07931519 418.26004028 141.41421509 126.64595032 417.53201294 141.41421509 127.08503723 416.72067261 141.41421509 127.38458252 415.84811401 141.41421509 127.53643036 414.93814087 141.41421509 127.53643036 414.015625 141.41421509 127.38458252 413.10565186 141.41421509 127.08503723 412.23312378 141.41421509 126.64595032 411.42175293 141.41421509 126.07931519 410.69372559 141.41421509 125.40058136 410.06893921 141.41421509 124.62825775 409.56433105 141.41421509 123.78342438 409.1937561 141.41421509 122.88911438 408.96728516 141.41421509 121.96971893 408.89111328 141.41421509 123.86090851 419.98574829 141.61802673 124.74184418 419.59933472 141.61802673 125.54715729 419.07318115 141.61802673 126.25489044 418.42166138 141.61802673 126.84574127 417.66256714 141.61802673 127.30358124 416.81652832 141.61802673 127.61592865 415.90670776 141.61802673 127.77425385 414.95785522 141.61802673 127.77425385 413.99591064 141.61802673 127.61592865 413.04708862 141.61802673 127.30358124 412.13723755 141.61802673 126.84574127 411.29119873 141.61802673 126.25489044 410.53210449 141.61802673 125.54715729 409.88058472 141.61802673 124.74184418 409.35446167 141.61802673 123.86090851 408.96801758 141.61802673 122.9283905 408.73190308 141.61802673 121.96971893 408.65246582 141.61802673 123.94779205 420.23883057 141.78201294 124.86920166 419.83465576 141.78201294 125.71151733 419.28433228 141.78201294 126.45176697 418.60287476 141.78201294 127.06975555 417.80889893 141.78201294 127.54862976 416.92404175 141.78201294 127.87532806 415.97238159 141.78201294 128.04093933 414.97994995 141.78201294 128.04093933 413.97381592 141.78201294 127.87532806 412.98138428 141.78201294 127.54862976 412.02975464 141.78201294 127.06975555 411.14489746 141.78201294 126.45176697 410.3508606 141.78201294 125.71151733 409.66943359 141.78201294 124.86920166 409.11914062 141.78201294 123.94779205 408.7149353 141.78201294 122.972435 408.46795654 141.78201294 121.96971893 408.38485718 141.78201294 124.04193878 420.51306152 141.90211487 125.00720215 420.08966064 141.90211487 125.88961029 419.51315308 141.90211487 126.66508484 418.79928589 141.90211487 127.31249237 417.96749878 141.90211487 127.81415558 417.04049683 141.90211487 128.15640259 416.0435791 141.90211487 128.32989502 415.00390625 141.90211487 128.32989502 413.94989014 141.90211487 128.15640259 412.91018677 141.90211487 127.81415558 411.91326904 141.90211487 127.31249237 410.98626709 141.90211487 126.66508484 410.15447998 141.90211487 125.88961029 409.44061279 141.90211487 125.00720215 408.86410522 141.90211487 124.04193878 408.44070435 141.90211487 123.02015686 408.18197632 141.90211487 121.96971893 408.09490967 141.90211487 124.14102936 420.80169678 141.97537231 125.15244293 420.35803223 141.97537231 126.07704163 419.75396729 141.97537231 126.88960266 419.00595093 141.97537231 127.56796265 418.13439941 141.97537231 128.09361267 417.16308594 141.97537231 128.45222473 416.11846924 141.97537231 128.63401794 415.02911377 141.97537231 128.63401794 413.9246521 141.97537231 128.45222473 412.83529663 141.97537231 128.09361267 411.79071045 141.97537231 127.56796265 410.81936646 141.97537231 126.88960266 409.94781494 141.97537231 126.07704163 409.19979858 141.97537231 125.15244293 408.59573364 141.97537231 124.14102936 408.15206909 141.97537231 123.07038879 407.88095093 141.97537231 121.96971893 407.7897644 141.97537231 123.12188721 421.38140869 142 124.24262238 421.09759521 142 125.30135345 420.63320923 142 126.26921082 420.00088501 142 127.11978912 419.21786499 142 127.82988739 418.30551147 142 128.38014221 417.28875732 142 128.75552368 416.19528198 142 128.94581604 415.05496216 142 128.94581604 413.89883423 142 128.75552368 412.7585144 142 128.38014221 411.66500854 142 127.82988739 410.64825439 142 127.11978912 409.7359314 142 126.26921082 408.95288086 142 125.30135345 408.32058716 142 124.24262238 407.85617065 142 123.12188721 407.57235718 142 121.96971893 407.47686768 142 61.96972275 409.47686768 140 61.96972275 409.45227051 140.31286621 61.96972275 409.3789978 140.61804199 61.96972275 409.25891113 140.9079895 61.96972275 409.09494019 141.17556763 61.96972275 408.89111328 141.41421509 61.96972275 408.65246582 141.61802673 61.96972275 408.38485718 141.78201294 61.96972275 408.09490967 141.90211487 61.96972275 407.7897644 141.97537231 61.96972275 407.47686768 142 61.96972275 419.47689819 140 61.96972275 419.50152588 140.31286621 61.96972275 419.57476807 140.61804199 61.96972275 419.69488525 140.9079895 61.96972275 419.8588562 141.17556763 61.96972275 420.06265259 141.41421509 61.96972275 420.30133057 141.61802673 61.96972275 420.56890869 141.78201294 61.96972275 420.8588562 141.90211487 61.96972275 421.16400146 141.97537231 61.96972275 421.47689819 142 60.8690567 407.88095093 141.97537231 60.91928482 408.18197632 141.90211487 60.96700668 408.46795654 141.78201294 61.01105118 408.73190308 141.61802673 61.05033112 408.96728516 141.41421509 61.08387756 409.16833496 141.17556763 61.11087036 409.33007812 140.9079895 61.13063812 409.44854736 140.61804199 61.14269638 409.52081299 140.31286621 61.14674759 409.54510498 140 60.34622192 409.74780273 140 60.33823013 409.72451782 140.31286621 59.58998489 410.07949829 140 59.57826614 410.05786133 140.31286621 58.89865875 410.53118896 140 58.88353348 410.51174927 140.31286621 58.29109955 411.09048462 140 58.27298355 411.0737915 140.31286621 57.78388596 411.74215698 140 57.76327515 411.72866821 140.31286621 57.39085388 412.46841431 140 57.36830521 412.45849609 140.31286621 57.12271881 413.24945068 140 57.09885025 413.2434082 140.31286621 56.98679733 414.06399536 140 56.96225739 414.06195068 140.31286621 56.98679733 414.88977051 140 56.96225739 414.89181519 140.31286621 57.12271881 415.70431519 140 57.09885025 415.71035767 140.31286621 57.39085388 416.48538208 140 57.36830521 416.49526978 140.31286621 57.78388596 417.21160889 140 57.76327515 417.22509766 140.31286621 58.29109955 417.86328125 140 58.27298355 417.87997437 140.31286621 58.89865875 418.4225769 140 58.88353348 418.4420166 140.31286621 59.58998489 418.87426758 140 59.57826614 418.89590454 140.31286621 60.34622192 419.20596313 140 60.33823013 419.22927856 140.31286621 61.14674759 419.40869141 140 61.14269638 419.43295288 140.31286621 60.31443787 409.6552124 140.61804199 59.54339218 409.99343872 140.61804199 58.83853531 410.45394897 140.61804199 58.21908188 411.02416992 140.61804199 57.70194244 411.68859863 140.61804199 57.30121231 412.42910767 140.61804199 57.02782822 413.22543335 140.61804199 56.88924789 414.0559082 140.61804199 56.88924789 414.89785767 140.61804199 57.02782822 415.72833252 140.61804199 57.30121231 416.52468872 140.61804199 57.70194244 417.26516724 140.61804199 58.21908188 417.92959595 140.61804199 58.83853531 418.49981689 140.61804199 59.54339218 418.96032715 140.61804199 60.31443787 419.29855347 140.61804199 61.13063812 419.50524902 140.61804199 60.27544403 409.54162598 140.9079895 59.48623276 409.88778687 140.9079895 58.76476669 410.35916138 140.9079895 58.13072205 410.94284058 140.9079895 57.60139465 411.6229248 140.9079895 57.19122696 412.38085938 140.9079895 56.91139984 413.19592285 140.9079895 56.76955795 414.04598999 140.9079895 56.76955795 414.90777588 140.9079895 56.91139984 415.75784302 140.9079895 57.19122696 416.57293701 140.9079895 57.60139465 417.33087158 140.9079895 58.13072205 418.01092529 140.9079895 58.76476669 418.59460449 140.9079895 59.48623276 419.065979 140.9079895 60.27544403 419.41213989 140.9079895 61.11087036 419.62368774 140.9079895 60.2222023 409.38650513 141.17556763 59.40818787 409.74359131 141.17556763 58.66405106 410.22976685 141.17556763 58.01007843 410.83178711 141.17556763 57.46411896 411.53323364 141.17556763 57.0410614 412.31497192 141.17556763 56.75244141 413.15570068 141.17556763 56.60613632 414.0324707 141.17556763 56.60613632 414.92132568 141.17556763 56.75244141 415.79806519 141.17556763 57.0410614 416.63879395 141.17556763 57.46411896 417.42053223 141.17556763 58.01007843 418.12197876 141.17556763 58.66405106 418.72399902 141.17556763 59.40818787 419.21020508 141.17556763 60.2222023 419.56726074 141.17556763 61.08387756 419.78543091 141.17556763 60.1560173 409.1937561 141.41421509 59.31118011 409.56433105 141.41421509 58.53886032 410.06893921 141.41421509 57.8601265 410.69372559 141.41421509 57.29349136 411.42175293 141.41421509 56.85440826 412.23312378 141.41421509 56.55485916 413.10565186 141.41421509 56.40301132 414.015625 141.41421509 56.40301132 414.93814087 141.41421509 56.55485916 415.84811401 141.41421509 56.85440826 416.72067261 141.41421509 57.29349136 417.53201294 141.41421509 57.8601265 418.26004028 141.41421509 58.53886032 418.88485718 141.41421509 59.31118011 419.38943481 141.41421509 60.1560173 419.76000977 141.41421509 61.05033112 419.98648071 141.41421509 60.07853317 408.96801758 141.61802673 59.1975975 409.35446167 141.61802673 58.39228439 409.88058472 141.61802673 57.68454742 410.53210449 141.61802673 57.09370041 411.29119873 141.61802673 56.63586426 412.13723755 141.61802673 56.32351685 413.04708862 141.61802673 56.16518402 413.99591064 141.61802673 56.16518402 414.95785522 141.61802673 56.32351685 415.90670776 141.61802673 56.63586426 416.81652832 141.61802673 57.09370041 417.66256714 141.61802673 57.68454742 418.42166138 141.61802673 58.39228439 419.07318115 141.61802673 59.1975975 419.59933472 141.61802673 60.07853317 419.98574829 141.61802673 61.01105118 420.22186279 141.61802673 59.99164581 408.7149353 141.78201294 59.07024002 409.11914062 141.78201294 58.22792816 409.66943359 141.78201294 57.48767853 410.3508606 141.78201294 56.86968613 411.14489746 141.78201294 56.39081192 412.02975464 141.78201294 56.06411743 412.98138428 141.78201294 55.89850998 413.97381592 141.78201294 55.89850998 414.97994995 141.78201294 56.06411743 415.97238159 141.78201294 56.39081192 416.92404175 141.78201294 56.86968613 417.80889893 141.78201294 57.48767853 418.60287476 141.78201294 58.22792816 419.28433228 141.78201294 59.07024002 419.83465576 141.78201294 59.99164581 420.23883057 141.78201294 60.96700668 420.48580933 141.78201294 59.8975029 408.44070435 141.90211487 58.93223953 408.86410522 141.90211487 58.04983521 409.44061279 141.90211487 57.27435684 410.15447998 141.90211487 56.62695312 410.98626709 141.90211487 56.1252861 411.91326904 141.90211487 55.78303909 412.91018677 141.90211487 55.60955429 413.94989014 141.90211487 55.60955429 415.00390625 141.90211487 55.78303909 416.0435791 141.90211487 56.1252861 417.04049683 141.90211487 56.62695312 417.96749878 141.90211487 57.27435684 418.79928589 141.90211487 58.04983521 419.51315308 141.90211487 58.93223953 420.08966064 141.90211487 59.8975029 420.51306152 141.90211487 60.91928482 420.77182007 141.90211487 59.79841232 408.15206909 141.97537231 58.78699875 408.59573364 141.97537231 57.86240005 409.19979858 141.97537231 57.04983521 409.94781494 141.97537231 56.37147903 410.81936646 141.97537231 55.84582138 411.79071045 141.97537231 55.48721695 412.83529663 141.97537231 55.30542755 413.9246521 141.97537231 55.30542755 415.02911377 141.97537231 55.48721695 416.11846924 141.97537231 55.84582138 417.16308594 141.97537231 56.37147903 418.13439941 141.97537231 57.04983521 419.00595093 141.97537231 57.86240005 419.75396729 141.97537231 58.78699875 420.35803223 141.97537231 59.79841232 420.80169678 141.97537231 60.8690567 421.07281494 141.97537231 60.81755829 407.57235718 142 59.69682312 407.85617065 142 58.63808823 408.32058716 142 57.67023087 408.95288086 142 56.81965637 409.7359314 142 56.10955429 410.64825439 142 55.5593071 411.66500854 142 55.18392181 412.7585144 142 54.99362946 413.89883423 142 54.99362946 415.05496216 142 55.18392181 416.19528198 142 55.5593071 417.28875732 142 56.10955429 418.30551147 142 56.81965637 419.21786499 142 57.67023087 420.00088501 142 58.63808823 420.63320923 142 59.69682312 421.09759521 142 60.81755829 421.38140869 142 121.96971893 409.47686768 135.60140991 122.79269409 409.54510498 135.60140991 123.59321594 409.74780273 135.60140991 124.34945679 410.07949829 135.60140991 125.04078674 410.53118896 135.60140991 125.64833832 411.09048462 135.60140991 126.15555573 411.74215698 135.60140991 126.54859161 412.46841431 135.60140991 126.81672668 413.24945068 135.60140991 126.95264435 414.06399536 135.60140991 126.95264435 414.88977051 135.60140991 126.81672668 415.70431519 135.60140991 126.54859161 416.48538208 135.60140991 126.15555573 417.21160889 135.60140991 125.64833832 417.86328125 135.60140991 125.04078674 418.4225769 135.60140991 124.34945679 418.87426758 135.60140991 123.59321594 419.20596313 135.60140991 122.79269409 419.40869141 135.60140991 121.96971893 419.47689819 135.60140991 61.96972275 409.47686768 135.60140991 61.96972275 419.47689819 135.60140991 121.96971893 419.50152588 135.2885437 122.7967453 419.43295288 135.2885437 121.96971893 419.57476807 134.98338318 122.80880737 419.50524902 134.98338318 121.96971893 419.69488525 134.69343567 122.82857513 419.62368774 134.69343567 121.96971893 419.8588562 134.42584229 122.8555603 419.78543091 134.42584229 121.96971893 420.06265259 134.18719482 122.88911438 419.98648071 134.18719482 121.96971893 420.30133057 133.98336792 122.9283905 420.22186279 133.98336792 121.96971893 420.56890869 133.81939697 122.972435 420.48580933 133.81939697 121.96971893 420.8588562 133.69929504 123.02015686 420.77182007 133.69929504 121.96971893 421.16400146 133.62602234 123.07038879 421.07281494 133.62602234 124.14102936 420.80169678 133.62602234 125.15244293 420.35803223 133.62602234 126.07704163 419.75396729 133.62602234 126.88960266 419.00595093 133.62602234 127.56796265 418.13439941 133.62602234 128.09361267 417.16308594 133.62602234 128.45222473 416.11846924 133.62602234 128.63401794 415.02911377 133.62602234 128.63401794 413.9246521 133.62602234 128.45222473 412.83529663 133.62602234 128.09361267 411.79071045 133.62602234 127.56796265 410.81936646 133.62602234 126.88960266 409.94781494 133.62602234 126.07704163 409.19979858 133.62602234 125.15244293 408.59573364 133.62602234 124.14102936 408.15206909 133.62602234 123.07038879 407.88095093 133.62602234 121.96971893 407.7897644 133.62602234 124.04193878 420.51306152 133.69929504 125.00720215 420.08966064 133.69929504 125.88961029 419.51315308 133.69929504 126.66508484 418.79928589 133.69929504 127.31249237 417.96749878 133.69929504 127.81415558 417.04049683 133.69929504 128.15640259 416.0435791 133.69929504 128.32989502 415.00390625 133.69929504 128.32989502 413.94989014 133.69929504 128.15640259 412.91018677 133.69929504 127.81415558 411.91326904 133.69929504 127.31249237 410.98626709 133.69929504 126.66508484 410.15447998 133.69929504 125.88961029 409.44061279 133.69929504 125.00720215 408.86410522 133.69929504 124.04193878 408.44070435 133.69929504 123.02015686 408.18197632 133.69929504 121.96971893 408.09490967 133.69929504 123.94779205 420.23883057 133.81939697 124.86920166 419.83465576 133.81939697 125.71151733 419.28433228 133.81939697 126.45176697 418.60287476 133.81939697 127.06975555 417.80889893 133.81939697 127.54862976 416.92404175 133.81939697 127.87532806 415.97238159 133.81939697 128.04093933 414.97994995 133.81939697 128.04093933 413.97381592 133.81939697 127.87532806 412.98138428 133.81939697 127.54862976 412.02975464 133.81939697 127.06975555 411.14489746 133.81939697 126.45176697 410.3508606 133.81939697 125.71151733 409.66943359 133.81939697 124.86920166 409.11914062 133.81939697 123.94779205 408.7149353 133.81939697 122.972435 408.46795654 133.81939697 121.96971893 408.38485718 133.81939697 123.86090851 419.98574829 133.98336792 124.74184418 419.59933472 133.98336792 125.54715729 419.07318115 133.98336792 126.25489044 418.42166138 133.98336792 126.84574127 417.66256714 133.98336792 127.30358124 416.81652832 133.98336792 127.61592865 415.90670776 133.98336792 127.77425385 414.95785522 133.98336792 127.77425385 413.99591064 133.98336792 127.61592865 413.04708862 133.98336792 127.30358124 412.13723755 133.98336792 126.84574127 411.29119873 133.98336792 126.25489044 410.53210449 133.98336792 125.54715729 409.88058472 133.98336792 124.74184418 409.35446167 133.98336792 123.86090851 408.96801758 133.98336792 122.9283905 408.73190308 133.98336792 121.96971893 408.65246582 133.98336792 123.78342438 419.76000977 134.18719482 124.62825775 419.38943481 134.18719482 125.40058136 418.88485718 134.18719482 126.07931519 418.26004028 134.18719482 126.64595032 417.53201294 134.18719482 127.08503723 416.72067261 134.18719482 127.38458252 415.84811401 134.18719482 127.53643036 414.93814087 134.18719482 127.53643036 414.015625 134.18719482 127.38458252 413.10565186 134.18719482 127.08503723 412.23312378 134.18719482 126.64595032 411.42175293 134.18719482 126.07931519 410.69372559 134.18719482 125.40058136 410.06893921 134.18719482 124.62825775 409.56433105 134.18719482 123.78342438 409.1937561 134.18719482 122.88911438 408.96728516 134.18719482 121.96971893 408.89111328 134.18719482 123.71723938 419.56726074 134.42584229 124.53125763 419.21020508 134.42584229 125.27539062 418.72399902 134.42584229 125.92935944 418.12197876 134.42584229 126.47532654 417.42053223 134.42584229 126.89838409 416.63879395 134.42584229 127.18699646 415.79806519 134.42584229 127.33330536 414.92132568 134.42584229 127.33330536 414.0324707 134.42584229 127.18699646 413.15570068 134.42584229 126.89838409 412.31497192 134.42584229 126.47532654 411.53323364 134.42584229 125.92935944 410.83178711 134.42584229 125.27539062 410.22976685 134.42584229 124.53125763 409.74359131 134.42584229 123.71723938 409.38650513 134.42584229 122.8555603 409.16833496 134.42584229 121.96971893 409.09494019 134.42584229 123.66400146 419.41213989 134.69343567 124.45320892 419.065979 134.69343567 125.17467499 418.59460449 134.69343567 125.80871582 418.01092529 134.69343567 126.33804321 417.33087158 134.69343567 126.74821472 416.57293701 134.69343567 127.02803802 415.75784302 134.69343567 127.16988373 414.90777588 134.69343567 127.16988373 414.04598999 134.69343567 127.02803802 413.19592285 134.69343567 126.74821472 412.38085938 134.69343567 126.33804321 411.6229248 134.69343567 125.80871582 410.94284058 134.69343567 125.17467499 410.35916138 134.69343567 124.45320892 409.88778687 134.69343567 123.66400146 409.54162598 134.69343567 122.82857513 409.33007812 134.69343567 121.96971893 409.25891113 134.69343567 123.625 419.29855347 134.98338318 124.3960495 418.96032715 134.98338318 125.10090637 418.49981689 134.98338318 125.7203598 417.92959595 134.98338318 126.23750305 417.26516724 134.98338318 126.63822937 416.52468872 134.98338318 126.91161346 415.72833252 134.98338318 127.05019379 414.89785767 134.98338318 127.05019379 414.0559082 134.98338318 126.91161346 413.22543335 134.98338318 126.63822937 412.42910767 134.98338318 126.23750305 411.68859863 134.98338318 125.7203598 411.02416992 134.98338318 125.10090637 410.45394897 134.98338318 124.3960495 409.99343872 134.98338318 123.625 409.6552124 134.98338318 122.80880737 409.44854736 134.98338318 121.96971893 409.3789978 134.98338318 123.60121155 419.22927856 135.2885437 124.36117554 418.89590454 135.2885437 125.0559082 418.4420166 135.2885437 125.66645813 417.87997437 135.2885437 126.17617035 417.22509766 135.2885437 126.57113647 416.49526978 135.2885437 126.84059143 415.71035767 135.2885437 126.97718048 414.89181519 135.2885437 126.97718048 414.06195068 135.2885437 126.84059143 413.2434082 135.2885437 126.57113647 412.45849609 135.2885437 126.17617035 411.72866821 135.2885437 125.66645813 411.0737915 135.2885437 125.0559082 410.51174927 135.2885437 124.36117554 410.05786133 135.2885437 123.60121155 409.72451782 135.2885437 122.7967453 409.52081299 135.2885437 121.96971893 409.45227051 135.2885437 61.14674759 419.40869141 135.60140991 60.34622192 419.20596313 135.60140991 59.58998489 418.87426758 135.60140991 58.89865875 418.4225769 135.60140991 58.29109955 417.86328125 135.60140991 57.78388596 417.21160889 135.60140991 57.39085388 416.48538208 135.60140991 57.12271881 415.70431519 135.60140991 56.98679733 414.88977051 135.60140991 56.98679733 414.06399536 135.60140991 57.12271881 413.24945068 135.60140991 57.39085388 412.46841431 135.60140991 57.78388596 411.74215698 135.60140991 58.29109955 411.09048462 135.60140991 58.89865875 410.53118896 135.60140991 59.58998489 410.07949829 135.60140991 60.34622192 409.74780273 135.60140991 61.14674759 409.54510498 135.60140991 61.96972275 421.16400146 133.62602234 61.96972275 420.8588562 133.69929504 61.96972275 420.56890869 133.81939697 61.96972275 420.30133057 133.98336792 61.96972275 420.06265259 134.18719482 61.96972275 419.8588562 134.42584229 61.96972275 419.69488525 134.69343567 61.96972275 419.57476807 134.98338318 61.96972275 419.50152588 135.2885437 61.96972275 407.7897644 133.62602234 61.96972275 408.09490967 133.69929504 61.96972275 408.38485718 133.81939697 61.96972275 408.65246582 133.98336792 61.96972275 408.89111328 134.18719482 61.96972275 409.09494019 134.42584229 61.96972275 409.25891113 134.69343567 61.96972275 409.3789978 134.98338318 61.96972275 409.45227051 135.2885437 61.14269638 409.52081299 135.2885437 61.13063812 409.44854736 134.98338318 61.11087036 409.33007812 134.69343567 61.08387756 409.16833496 134.42584229 61.05033112 408.96728516 134.18719482 61.01105118 408.73190308 133.98336792 60.96700668 408.46795654 133.81939697 60.91928482 408.18197632 133.69929504 60.8690567 407.88095093 133.62602234 59.79841232 408.15206909 133.62602234 58.78699875 408.59573364 133.62602234 57.86240005 409.19979858 133.62602234 57.04983521 409.94781494 133.62602234 56.37147903 410.81936646 133.62602234 55.84582138 411.79071045 133.62602234 55.48721695 412.83529663 133.62602234 55.30542755 413.9246521 133.62602234 55.30542755 415.02911377 133.62602234 55.48721695 416.11846924 133.62602234 55.84582138 417.16308594 133.62602234 56.37147903 418.13439941 133.62602234 57.04983521 419.00595093 133.62602234 57.86240005 419.75396729 133.62602234 58.78699875 420.35803223 133.62602234 59.79841232 420.80169678 133.62602234 60.8690567 421.07281494 133.62602234 59.8975029 408.44070435 133.69929504 58.93223953 408.86410522 133.69929504 58.04983521 409.44061279 133.69929504 57.27435684 410.15447998 133.69929504 56.62695312 410.98626709 133.69929504 56.1252861 411.91326904 133.69929504 55.78303909 412.91018677 133.69929504 55.60955429 413.94989014 133.69929504 55.60955429 415.00390625 133.69929504 55.78303909 416.0435791 133.69929504 56.1252861 417.04049683 133.69929504 56.62695312 417.96749878 133.69929504 57.27435684 418.79928589 133.69929504 58.04983521 419.51315308 133.69929504 58.93223953 420.08966064 133.69929504 59.8975029 420.51306152 133.69929504 60.91928482 420.77182007 133.69929504 59.99164581 408.7149353 133.81939697 59.07024002 409.11914062 133.81939697 58.22792816 409.66943359 133.81939697 57.48767853 410.3508606 133.81939697 56.86968613 411.14489746 133.81939697 56.39081192 412.02975464 133.81939697 56.06411743 412.98138428 133.81939697 55.89850998 413.97381592 133.81939697 55.89850998 414.97994995 133.81939697 56.06411743 415.97238159 133.81939697 56.39081192 416.92404175 133.81939697 56.86968613 417.80889893 133.81939697 57.48767853 418.60287476 133.81939697 58.22792816 419.28433228 133.81939697 59.07024002 419.83465576 133.81939697 59.99164581 420.23883057 133.81939697 60.96700668 420.48580933 133.81939697 60.07853317 408.96801758 133.98336792 59.1975975 409.35446167 133.98336792 58.39228439 409.88058472 133.98336792 57.68454742 410.53210449 133.98336792 57.09370041 411.29119873 133.98336792 56.63586426 412.13723755 133.98336792 56.32351685 413.04708862 133.98336792 56.16518402 413.99591064 133.98336792 56.16518402 414.95785522 133.98336792 56.32351685 415.90670776 133.98336792 56.63586426 416.81652832 133.98336792 57.09370041 417.66256714 133.98336792 57.68454742 418.42166138 133.98336792 58.39228439 419.07318115 133.98336792 59.1975975 419.59933472 133.98336792 60.07853317 419.98574829 133.98336792 61.01105118 420.22186279 133.98336792 60.1560173 409.1937561 134.18719482 59.31118011 409.56433105 134.18719482 58.53886032 410.06893921 134.18719482 57.8601265 410.69372559 134.18719482 57.29349136 411.42175293 134.18719482 56.85440826 412.23312378 134.18719482 56.55485916 413.10565186 134.18719482 56.40301132 414.015625 134.18719482 56.40301132 414.93814087 134.18719482 56.55485916 415.84811401 134.18719482 56.85440826 416.72067261 134.18719482 57.29349136 417.53201294 134.18719482 57.8601265 418.26004028 134.18719482 58.53886032 418.88485718 134.18719482 59.31118011 419.38943481 134.18719482 60.1560173 419.76000977 134.18719482 61.05033112 419.98648071 134.18719482 60.2222023 409.38650513 134.42584229 59.40818787 409.74359131 134.42584229 58.66405106 410.22976685 134.42584229 58.01007843 410.83178711 134.42584229 57.46411896 411.53323364 134.42584229 57.0410614 412.31497192 134.42584229 56.75244141 413.15570068 134.42584229 56.60613632 414.0324707 134.42584229 56.60613632 414.92132568 134.42584229 56.75244141 415.79806519 134.42584229 57.0410614 416.63879395 134.42584229 57.46411896 417.42053223 134.42584229 58.01007843 418.12197876 134.42584229 58.66405106 418.72399902 134.42584229 59.40818787 419.21020508 134.42584229 60.2222023 419.56726074 134.42584229 61.08387756 419.78543091 134.42584229 60.27544403 409.54162598 134.69343567 59.48623276 409.88778687 134.69343567 58.76476669 410.35916138 134.69343567 58.13072205 410.94284058 134.69343567 57.60139465 411.6229248 134.69343567 57.19122696 412.38085938 134.69343567 56.91139984 413.19592285 134.69343567 56.76955795 414.04598999 134.69343567 56.76955795 414.90777588 134.69343567 56.91139984 415.75784302 134.69343567 57.19122696 416.57293701 134.69343567 57.60139465 417.33087158 134.69343567 58.13072205 418.01092529 134.69343567 58.76476669 418.59460449 134.69343567 59.48623276 419.065979 134.69343567 60.27544403 419.41213989 134.69343567 61.11087036 419.62368774 134.69343567 60.31443787 409.6552124 134.98338318 59.54339218 409.99343872 134.98338318 58.83853531 410.45394897 134.98338318 58.21908188 411.02416992 134.98338318 57.70194244 411.68859863 134.98338318 57.30121231 412.42910767 134.98338318 57.02782822 413.22543335 134.98338318 56.88924789 414.0559082 134.98338318 56.88924789 414.89785767 134.98338318 57.02782822 415.72833252 134.98338318 57.30121231 416.52468872 134.98338318 57.70194244 417.26516724 134.98338318 58.21908188 417.92959595 134.98338318 58.83853531 418.49981689 134.98338318 59.54339218 418.96032715 134.98338318 60.31443787 419.29855347 134.98338318 61.13063812 419.50524902 134.98338318 60.33823013 409.72451782 135.2885437 59.57826614 410.05786133 135.2885437 58.88353348 410.51174927 135.2885437 58.27298355 411.0737915 135.2885437 57.76327515 411.72866821 135.2885437 57.36830521 412.45849609 135.2885437 57.09885025 413.2434082 135.2885437 56.96225739 414.06195068 135.2885437 56.96225739 414.89181519 135.2885437 57.09885025 415.71035767 135.2885437 57.36830521 416.49526978 135.2885437 57.76327515 417.22509766 135.2885437 58.27298355 417.87997437 135.2885437 58.88353348 418.4420166 135.2885437 59.57826614 418.89590454 135.2885437 60.33823013 419.22927856 135.2885437 61.14269638 419.43295288 135.2885437 156.54563904 227.95895386 142 156.54563904 224.45895386 142 156.85409546 224.45895386 141.97607422 158.43641663 224.45895386 140.6519165 158.43641663 426.06448364 140.6519165 158.31324768 426.06448364 140.93571472 156.85409546 426.06448364 141.97607422 156.54563904 426.06448364 142 156.54563904 410.27069092 142 156.54563904 404.27069092 142 156.54563904 400.31451416 142 156.54563904 383.06451416 142 156.54563904 241.26171875 142 156.54563904 359.03875732 142 156.54563904 330.16421509 142 156.54563904 256.93994141 142 158.31324768 224.45895386 140.93571472 158.14778137 426.06448364 141.19714355 158.14778137 224.45895386 141.19714355 157.94398499 426.06448364 141.42991638 157.94398499 224.45895386 141.42991638 157.70671082 426.06448364 141.628479 157.70671082 224.45895386 141.628479 157.44166565 426.06448364 141.78805542 157.44166565 224.45895386 141.78805542 157.15518188 426.06448364 141.90486145 157.15518188 224.45895386 141.90486145 27.08534241 224.45895386 141.97607422 27.39380264 224.45895386 142 27.39380264 227.95895386 142 27.39380264 241.26171875 142 27.39380264 256.93994141 142 27.39380264 330.16421509 142 27.39380264 359.03875732 142 27.07906723 426.06448364 141.9750824 27.39380264 383.06451416 142 27.39380264 400.31451416 142 27.39380264 404.27069092 142 27.39380264 410.27069092 142 27.39380264 426.06448364 142 26.77217865 426.06448364 141.90093994 26.78426361 224.45895386 141.90486145 26.48078728 426.06448364 141.7794342 26.49777412 224.45895386 141.78805542 26.21214104 426.06448364 141.61358643 26.23272705 224.45895386 141.628479 25.97294044 426.06448364 141.40753174 25.99546242 224.45895386 141.42991638 25.76914406 426.06448364 141.16639709 25.79166031 224.45895386 141.19714355 25.62619019 426.06448364 140.93571472 25.62619019 224.45895386 140.93571472 25.50302505 224.45895386 140.6519165 25.60583496 426.06448364 140.89619446 25.50302505 426.06448364 140.6519165 26.95424843 426.50405884 141.90093994 27.1712532 426.28704834 141.9750824 27.20880508 426.31912231 141.9750824 27.13917923 426.24951172 141.9750824 27.09801483 428.03988647 140.10198975 27.08141518 428.03701782 140.10771179 27.0843811 428.01809692 140.2960968 26.53497505 427.84628296 140.2960968 26.49687958 427.82516479 140.30924988 26.52816391 427.76339722 140.60368347 25.86413193 427.24008179 140.52740479 25.8353653 427.19702148 140.537323 25.85123444 427.1852417 140.60368347 25.5955677 426.68252563 140.61999512 25.58639717 426.65182495 140.62316895 25.69334221 426.61700439 140.89619446 25.52630806 426.37734985 140.64387512 25.5238781 426.36068726 140.64471436 25.62784386 426.34417725 140.89619446 26.01997566 427.43862915 140.47367859 26.28242874 427.68252563 140.38317871 26.05681801 427.47869873 140.46096802 26.04554558 427.41275024 140.60368347 26.89089584 426.42987061 141.90093994 26.65515327 426.60113525 141.7794342 27.1133709 426.20739746 141.9750824 26.8399334 426.34671021 141.90093994 26.58029556 426.47900391 141.7794342 26.34093094 426.60095215 141.61358643 27.0944767 426.16177368 141.9750824 27.02841949 426.56741333 141.90093994 26.85714531 426.8031311 141.7794342 26.74820328 426.71011353 141.7794342 26.80260658 426.2565918 141.90093994 26.52546692 426.34661865 141.7794342 26.26997185 426.42965698 141.61358643 26.04247665 426.50357056 141.40753174 27.08294296 426.11373901 141.9750824 26.77983093 426.16174316 141.90093994 26.49202156 426.20733643 141.7794342 26.22668457 426.24935913 141.61358643 25.99043465 426.28674316 141.40753174 25.78914833 426.31863403 141.16639709 26.12779999 426.70956421 141.40753174 25.94622231 426.80206299 141.16639709 25.84865761 426.56652832 141.16639709 25.80071259 426.8762207 140.89619446 25.69489861 426.93011475 140.60368347 25.70910835 426.97247314 140.58084106 25.94730186 427.115448 140.89619446 26.0794239 427.0194397 141.16639709 26.24429703 426.8996582 141.40753174 26.4378109 426.75906372 141.61358643 26.12951469 427.32876587 140.89619446 26.2449913 427.21331787 141.16639709 26.38909912 427.06918335 141.40753174 26.55823517 426.90005493 141.61358643 26.69923782 427.02047729 141.61358643 26.55863762 427.21398926 141.40753174 26.43884659 427.37887573 141.16639709 26.34286118 427.51098633 140.89619446 26.27305603 427.60705566 140.60368347 26.58207703 427.65756226 140.89619446 26.65621758 427.51208496 141.16639709 26.74873924 427.33050537 141.40753174 26.85733795 427.11737061 141.61358643 26.97929764 426.87799072 141.7794342 27.11158943 426.61837769 141.90093994 27.25091553 426.34494019 141.9750824 27.29654312 426.36383057 141.9750824 27.20171165 426.65567017 141.90093994 27.11166382 426.93283081 141.7794342 27.02864265 427.18832397 141.61358643 26.95472527 427.41583252 141.40753174 26.89175224 427.60961914 141.16639709 26.84128952 427.76495361 140.89619446 26.80458832 427.87789917 140.60368347 26.78257942 427.94564819 140.2960968 26.80952072 427.96661377 140.20144653 27.09552574 427.94772339 140.60368347 27.11410141 427.83044434 140.89619446 27.13964844 427.66912842 141.16639709 27.17152977 427.46786499 141.40753174 27.20894623 427.2315979 141.61358643 27.25097466 426.96627808 141.7794342 27.29655838 426.67843628 141.90093994 27.34456253 426.37536621 141.9750824 27.39380264 428.06448364 140 27.39380264 428.04248047 140.2960968 27.39380264 427.97122192 140.60368347 27.39380264 427.85244751 140.89619446 27.39380264 427.68917847 141.16639709 27.39380264 427.48535156 141.40753174 27.39380264 427.24615479 141.61358643 27.39380264 426.97750854 141.7794342 27.39380264 426.68609619 141.90093994 27.39380264 426.37924194 141.9750824 156.9044342 427.96661377 140.50323486 156.72727966 428.03988647 140.25474548 156.68582153 428.03988647 140.27970886 156.54563904 428.06448364 140 156.76438904 428.03988647 140.22367859 156.97775269 427.96661377 140.44186401 157.1804657 427.8465271 140.64916992 156.79627991 428.03988647 140.18727112 157.04072571 427.96661377 140.36993408 157.272995 427.8465271 140.54348755 157.48735046 427.68252563 140.70365906 156.82215881 428.03988647 140.14637756 157.09185791 427.96661377 140.28915405 157.34811401 427.8465271 140.42480469 157.58460999 427.68252563 140.55000305 157.79553223 427.47869873 140.66165161 156.84143066 428.03988647 140.10198975 157.12992859 427.96661377 140.20144653 157.40403748 427.8465271 140.29595947 157.65701294 427.68252563 140.38317871 157.88262939 427.47869873 140.46096802 158.07531738 427.24008179 140.52740479 158.29148865 426.37734985 140.92419434 158.41313171 426.37734985 140.64387512 158.22673035 426.68252563 140.8899231 158.34387207 426.68252563 140.61999512 158.12059021 426.97247314 140.83374023 158.23033142 426.97247314 140.58084106 157.97566223 427.24008179 140.75700378 158.12806702 426.37734985 141.18238831 158.06936646 426.68252563 141.1385498 157.97315979 426.97247314 141.06665039 157.84179688 427.24008179 140.96850586 157.67852783 427.47869873 140.84651184 157.92677307 426.37734985 141.41230774 157.87554932 426.68252563 141.35992432 157.79156494 426.97247314 141.27406311 157.67692566 427.24008179 141.15682983 157.53442383 427.47869873 141.0111084 157.36756897 427.68252563 140.84048462 157.69242859 426.37734985 141.6084137 157.64988708 426.68252563 141.54876709 157.58016968 426.97247314 141.45097351 157.48497009 427.24008179 141.31745911 157.36665344 427.47869873 141.15150452 157.22810364 427.68252563 140.9571991 157.07275391 427.8465271 140.73930359 157.43063354 426.37734985 141.76603699 157.39781189 426.68252563 141.70053101 157.3440094 426.97247314 141.59317017 157.27053833 427.24008179 141.44656372 157.17922974 427.47869873 141.26434326 157.0723114 427.68252563 141.05099487 156.95243835 427.8465271 140.81175232 156.82252502 427.96661377 140.55253601 157.14767456 426.37734985 141.88140869 157.12535095 426.68252563 141.81163025 157.08874512 426.97247314 141.69725037 157.03875732 427.24008179 141.5410614 156.97665405 427.47869873 141.34692383 156.90391541 427.68252563 141.11964417 156.82237244 427.8465271 140.86479187 156.73399353 427.96661377 140.58862305 156.64099121 428.03988647 140.29797363 156.59390259 428.03988647 140.30912781 156.64096069 427.96661377 140.61064148 156.6856842 427.8465271 140.89710999 156.72694397 427.68252563 141.16149902 156.76374817 427.47869873 141.39729309 156.79518127 427.24008179 141.59867859 156.82048035 426.97247314 141.76069641 156.83900452 426.68252563 141.87934875 156.85029602 426.37734985 141.95173645 156.54563904 426.37734985 141.97537231 156.54563904 426.68252563 141.90211487 156.54563904 426.97247314 141.78201294 156.54563904 427.24008179 141.61802673 156.54563904 427.47869873 141.41421509 156.54563904 427.68252563 141.17556763 156.54563904 427.8465271 140.9079895 156.54563904 427.96661377 140.61804199 156.54563904 428.03988647 140.31286621 156.9044342 222.55682373 140.50323486 156.72727966 222.48356628 140.25474548 156.76438904 222.48356628 140.22367859 156.54563904 222.4589386 140 156.68582153 222.48356628 140.27970886 156.82252502 222.55682373 140.55253601 156.95243835 222.67692566 140.81175232 156.64099121 222.48356628 140.29797363 156.73399353 222.55682373 140.58862305 156.82237244 222.67692566 140.86479187 156.90391541 222.84091187 141.11964417 156.59390259 222.48356628 140.30912781 156.64096069 222.55682373 140.61064148 156.6856842 222.67692566 140.89710999 156.72694397 222.84091187 141.16149902 156.76374817 223.04473877 141.39729309 156.54563904 222.48356628 140.31286621 156.54563904 222.55682373 140.61804199 156.54563904 222.67692566 140.9079895 156.54563904 222.84091187 141.17556763 156.54563904 223.04473877 141.41421509 156.54563904 223.28338623 141.61802673 156.85029602 224.14607239 141.95173645 156.54563904 224.14607239 141.97537231 156.83900452 223.84091187 141.87934875 156.54563904 223.84091187 141.90211487 156.82048035 223.55096436 141.76069641 156.54563904 223.55096436 141.78201294 156.79518127 223.28338623 141.59867859 157.14767456 224.14607239 141.88140869 157.12535095 223.84091187 141.81163025 157.08874512 223.55096436 141.69725037 157.03875732 223.28338623 141.5410614 156.97665405 223.04473877 141.34692383 157.43063354 224.14607239 141.76603699 157.39781189 223.84091187 141.70053101 157.3440094 223.55096436 141.59317017 157.27053833 223.28338623 141.44656372 157.17922974 223.04473877 141.26434326 157.0723114 222.84091187 141.05099487 157.69242859 224.14607239 141.6084137 157.64988708 223.84091187 141.54876709 157.58016968 223.55096436 141.45097351 157.48497009 223.28338623 141.31745911 157.36665344 223.04473877 141.15150452 157.22810364 222.84091187 140.9571991 157.07275391 222.67692566 140.73930359 157.92677307 224.14607239 141.41230774 157.87554932 223.84091187 141.35992432 157.79156494 223.55096436 141.27406311 157.67692566 223.28338623 141.15682983 157.53442383 223.04473877 141.0111084 157.36756897 222.84091187 140.84048462 157.1804657 222.67692566 140.64916992 156.97775269 222.55682373 140.44186401 158.12806702 224.14607239 141.18238831 158.06936646 223.84091187 141.1385498 157.97315979 223.55096436 141.06665039 157.84179688 223.28338623 140.96850586 157.67852783 223.04473877 140.84651184 157.48735046 222.84091187 140.70365906 157.272995 222.67692566 140.54348755 157.04072571 222.55682373 140.36993408 156.79627991 222.48356628 140.18727112 156.82215881 222.48356628 140.14637756 157.09185791 222.55682373 140.28915405 157.34811401 222.67692566 140.42480469 157.58460999 222.84091187 140.55000305 157.79553223 223.04473877 140.66165161 157.97566223 223.28338623 140.75700378 158.12059021 223.55096436 140.83374023 158.22673035 223.84091187 140.8899231 158.29148865 224.14607239 140.92419434 158.41313171 224.14607239 140.64387512 158.34387207 223.84091187 140.61999512 158.23033142 223.55096436 140.58084106 158.07531738 223.28338623 140.52740479 157.88262939 223.04473877 140.46096802 157.65701294 222.84091187 140.38317871 157.40403748 222.67692566 140.29595947 157.12992859 222.55682373 140.20144653 156.84143066 222.48356628 140.10198975 159.63949585 224.45895386 137.12486267 159.64466858 224.45895386 137.10955811 159.64466858 426.06448364 137.10955811 159.63949585 426.06448364 137.12486267 27.03500557 222.55682373 140.50323486 27.21216583 222.48356628 140.25474548 27.25362778 222.48356628 140.27970886 27.39380264 222.4589386 140 27.17505455 222.48356628 140.22367859 26.9616909 222.55682373 140.44186401 26.75896835 222.67692566 140.64916992 27.14316559 222.48356628 140.18727112 26.89871216 222.55682373 140.36993408 26.66644096 222.67692566 140.54348755 26.4520874 222.84091187 140.70365906 27.11728287 222.48356628 140.14637756 26.84757805 222.55682373 140.28915405 26.59132385 222.67692566 140.42480469 26.35482788 222.84091187 140.55000305 26.14391518 223.04473877 140.66165161 27.09801483 222.48356628 140.10198975 26.80952072 222.55682373 140.20144653 26.53540611 222.67692566 140.29595947 26.28242874 222.84091187 140.38317871 26.05681801 223.04473877 140.46096802 25.86413193 223.28338623 140.52740479 25.64795303 224.14607239 140.92419434 25.52630806 224.14607239 140.64387512 25.71270561 223.84091187 140.8899231 25.5955677 223.84091187 140.61999512 25.81884766 223.55096436 140.83374023 25.70910835 223.55096436 140.58084106 25.96377563 223.28338623 140.75700378 25.81138229 224.14607239 141.18238831 25.8700695 223.84091187 141.1385498 25.96627998 223.55096436 141.06665039 26.09764099 223.28338623 140.96850586 26.26091194 223.04473877 140.84651184 26.01267433 224.14607239 141.41230774 26.06389618 223.84091187 141.35992432 26.14787292 223.55096436 141.27406311 26.26252174 223.28338623 141.15682983 26.40502167 223.04473877 141.0111084 26.57187653 222.84091187 140.84048462 26.24701691 224.14607239 141.6084137 26.28955269 223.84091187 141.54876709 26.35927582 223.55096436 141.45097351 26.45447159 223.28338623 141.31745911 26.57279396 223.04473877 141.15150452 26.71133804 222.84091187 140.9571991 26.86668205 222.67692566 140.73930359 26.50880814 224.14607239 141.76603699 26.54162788 223.84091187 141.70053101 26.5954361 223.55096436 141.59317017 26.66889954 223.28338623 141.44656372 26.76021385 223.04473877 141.26434326 26.86712837 222.84091187 141.05099487 26.98700905 222.67692566 140.81175232 27.11690903 222.55682373 140.55253601 26.79176712 224.14607239 141.88140869 26.81409645 223.84091187 141.81163025 26.85070038 223.55096436 141.69725037 26.90067863 223.28338623 141.5410614 26.96279526 223.04473877 141.34692383 27.03552628 222.84091187 141.11964417 27.11707306 222.67692566 140.86479187 27.20544434 222.55682373 140.58862305 27.29845047 222.48356628 140.29797363 27.34554482 222.48356628 140.30912781 27.29848099 222.55682373 140.61064148 27.25376129 222.67692566 140.89710999 27.2124939 222.84091187 141.16149902 27.17568779 223.04473877 141.39729309 27.14425278 223.28338623 141.59867859 27.11895943 223.55096436 141.76069641 27.10043716 223.84091187 141.87934875 27.08914185 224.14607239 141.95173645 27.39380264 224.14607239 141.97537231 27.39380264 223.84091187 141.90211487 27.39380264 223.55096436 141.78201294 27.39380264 223.28338623 141.61802673 27.39380264 223.04473877 141.41421509 27.39380264 222.84091187 141.17556763 27.39380264 222.67692566 140.9079895 27.39380264 222.55682373 140.61804199 27.39380264 222.48356628 140.31286621 24.29477882 224.45895386 137.10955811 24.29478645 426.06448364 137.10957336 26.18982697 222.4589386 136.47019958 25.8933754 222.48356628 136.57022095 25.60422516 222.55682373 136.66777039 25.32949257 222.67692566 136.76045227 25.07595062 222.84091187 136.8460083 24.84982491 223.04473877 136.92230225 24.65670586 223.28338623 136.98744202 24.50133133 223.55096436 137.03987122 24.38753128 223.84091187 137.07827759 24.31811333 224.14607239 137.10169983 147.46972656 224.45895386 142 131.46972656 224.45895386 142 126.21971893 224.45895386 142 91.96971893 224.45895386 142 57.71972275 224.45895386 142 44.46972275 224.45895386 142 36.46971893 224.45895386 142 30.46971893 224.45895386 142 159.62132263 224.14607239 137.10169983 159.5519104 223.84091187 137.07827759 159.43811035 223.55096436 137.03987122 159.2827301 223.28338623 136.98744202 159.08961487 223.04473877 136.92230225 158.86349487 222.84091187 136.8460083 158.60995483 222.67692566 136.76045227 158.33522034 222.55682373 136.66777039 158.04606628 222.48356628 136.57022095 157.74961853 222.4589386 136.47019958 159.62132263 426.37734985 137.10169983 157.74961853 428.06448364 136.47019958 158.04606628 428.03988647 136.57022095 158.33522034 427.96661377 136.66777039 158.60995483 427.8465271 136.76045227 158.86349487 427.68252563 136.8460083 159.08961487 427.47869873 136.92230225 159.2827301 427.24008179 136.98744202 159.43811035 426.97247314 137.03987122 159.5519104 426.68252563 137.07827759 30.46971893 426.06448364 142 36.46971893 426.06448364 142 44.46972275 426.06448364 142 57.71972275 426.06448364 142 91.96971893 426.06448364 142 126.21971893 426.06448364 142 131.46972656 426.06448364 142 147.46972656 426.06448364 142 25.07595062 427.68252563 136.84602356 24.31811333 426.37734985 137.10171509 24.38753891 426.68252563 137.07827759 24.50133133 426.97247314 137.03988647 24.84983253 427.47869873 136.9223175 24.65670586 427.24008179 136.98745728 25.3295002 427.8465271 136.76046753 25.60423279 427.96661377 136.66778564 25.89338303 428.03988647 136.57023621 26.18983459 428.06448364 136.47021484 38.96972275 248.0644989 142 38.96972275 256.93994141 142 38.96972275 330.16421509 142 38.96972275 359.03875732 142 38.96972275 383.06451416 142 38.96972275 398.06448364 142 32.96971893 248.0644989 142 33.01063538 247.57070923 142 33.13227081 247.09039307 142 33.33130264 246.63665771 142 33.60230255 246.22186279 142 33.93787384 245.85733032 142 34.3288765 245.55300903 142 34.76463699 245.31716919 142 35.23326111 245.15629578 142 35.72198486 245.07475281 142 36.21745682 245.07475281 142 36.70617676 245.15629578 142 37.17480469 245.31716919 142 37.61056519 245.55300903 142 38.00156784 245.85733032 142 38.33714294 246.22186279 142 38.60814285 246.63665771 142 38.80717087 247.09039307 142 38.9288063 247.57070923 142 150.96972656 248.0644989 142 150.96972656 256.93994141 142 150.96972656 330.16421509 142 150.96972656 359.03875732 142 150.96972656 383.06451416 142 150.96972656 398.06448364 142 144.96972656 248.0644989 142 145.01063538 247.57070923 142 145.13226318 247.09039307 142 145.33129883 246.63665771 142 145.60229492 246.22186279 142 145.93788147 245.85733032 142 146.32887268 245.55300903 142 146.76463318 245.31716919 142 147.23326111 245.15629578 142 147.72198486 245.07475281 142 148.217453 245.07475281 142 148.70617676 245.15629578 142 149.17480469 245.31716919 142 149.61056519 245.55300903 142 150.00157166 245.85733032 142 150.33714294 246.22186279 142 150.60813904 246.63665771 142 150.80717468 247.09039307 142 150.92880249 247.57070923 142 147.46972656 227.95895386 142 30.09125137 237.32743835 142 30.58866692 237.43464661 142 30.46971893 241.26171875 142 126.21971893 404.27069092 142 44.46972275 256.93994141 142 44.46972275 330.16421509 142 57.71972275 330.16421509 142 57.71972275 256.93994141 142 91.96971893 256.93994141 142 126.21971893 256.93994141 142 131.46972656 256.93994141 142 144.96972656 330.16421509 142 144.96972656 256.93994141 142 131.46972656 330.16421509 142 145.33129883 399.49234009 142 131.46972656 400.31451416 142 145.13226318 399.03857422 142 145.01063538 398.55828857 142 131.46972656 359.03875732 142 144.96972656 359.03875732 142 131.46972656 383.06451416 142 144.96972656 383.06451416 142 144.96972656 398.06448364 142 131.46972656 241.26171875 142 147.46972656 241.26171875 142 150.60813904 399.49234009 142 150.80717468 399.03857422 142 150.33714294 399.90713501 142 150.92880249 398.55828857 142 147.46972656 404.27069092 142 147.72198486 401.05426025 142 148.217453 401.05426025 142 148.70617676 400.97268677 142 149.17480469 400.81182861 142 149.61056519 400.57598877 142 150.00157166 400.271698 142 146.32887268 400.57598877 142 146.76463318 400.81182861 142 147.23326111 400.97268677 142 145.60229492 399.90713501 142 145.93788147 400.271698 142 131.46972656 404.27069092 142 33.01063538 398.55828857 142 33.13227081 399.03857422 142 30.46971893 400.31451416 142 33.33130264 399.49234009 142 36.46971893 241.26171875 142 30.46971893 256.93994141 142 32.96971893 256.93994141 142 30.46971893 330.16421509 142 32.96971893 330.16421509 142 30.46971893 359.03875732 142 32.96971893 359.03875732 142 30.46971893 383.06451416 142 32.96971893 383.06451416 142 32.96971893 398.06448364 142 44.46972275 241.26171875 142 38.00156784 400.271698 142 38.33714294 399.90713501 142 44.46972275 400.31451416 142 38.60814285 399.49234009 142 38.80717087 399.03857422 142 44.46972275 359.03875732 142 44.46972275 383.06451416 142 38.9288063 398.55828857 142 37.61056519 400.57598877 142 44.46972275 404.27069092 142 37.17480469 400.81182861 142 33.60230255 399.90713501 142 33.93787384 400.271698 142 30.46971893 404.27069092 142 34.3288765 400.57598877 142 34.76463699 400.81182861 142 35.23326111 400.97268677 142 36.46971893 404.27069092 142 35.72198486 401.05426025 142 36.21745682 401.05426025 142 36.70617676 400.97268677 142 57.71972275 359.03875732 142 126.21971893 330.16421509 142 91.96971893 330.16421509 142 126.21971893 359.03875732 142 91.96971893 359.03875732 142 44.46972275 410.27069092 142 57.71972275 404.27069092 142 131.46972656 410.27069092 142 31.09704399 419.06176758 142 31.60176086 418.99716187 142 32.08829117 413.28085327 142 31.60176086 413.13183594 142 30.46971893 410.27069092 142 31.09704399 413.06719971 142 30.58866692 413.08880615 142 32.08829117 418.84814453 142 32.54264069 418.61911011 142 32.95174789 418.31652832 142 33.30382538 417.94915771 142 33.58876419 417.52758789 142 33.58876419 414.60140991 142 36.46971893 410.27069092 142 33.79835129 415.06509399 142 33.92656708 415.55749512 142 33.30382538 414.17984009 142 32.95174789 413.8125 142 32.54264069 413.50991821 142 33.79835129 417.06393433 142 33.92656708 416.57150269 142 33.96972275 416.06451416 142 30.09125137 418.93301392 142 30.58866692 419.04019165 142 30.09125137 413.19598389 142 29.6191082 413.38571167 142 29.18582344 413.65249634 142 28.8038559 413.98867798 142 28.23603821 417.30020142 142 28.48419571 417.74441528 142 28.8038559 418.14031982 142 28.48419571 414.38458252 142 28.23603821 414.82879639 142 28.0665226 415.30856323 142 29.18582344 418.47650146 142 29.6191082 418.74328613 142 27.98052788 415.81008911 142 27.98052788 416.31890869 142 28.0665226 416.82043457 142 31.09704399 237.45625305 142 31.60176086 237.39160156 142 32.08829117 237.24261475 142 32.54264069 237.01353455 142 33.30382538 232.57427979 142 32.95174789 232.20692444 142 36.46971893 227.95895386 142 32.54264069 231.90435791 142 32.08829117 231.67527771 142 30.46971893 227.95895386 142 31.60176086 231.52629089 142 32.95174789 236.71096802 142 33.30382538 236.34361267 142 33.58876419 235.92202759 142 33.96972275 234.4589386 142 33.92656708 233.95193481 142 33.79835129 235.45835876 142 33.92656708 234.96595764 142 33.79835129 233.45953369 142 33.58876419 232.99584961 142 28.23603821 235.69464111 142 28.48419571 236.13887024 142 28.8038559 232.38313293 142 29.18582344 232.04695129 142 29.6191082 231.78016663 142 28.48419571 232.77902222 142 28.23603821 233.22325134 142 28.0665226 233.70301819 142 31.09704399 231.4616394 142 30.58866692 231.48323059 142 30.09125137 231.5904541 142 28.8038559 236.53475952 142 29.18582344 236.8709259 142 29.6191082 237.13772583 142 27.98052788 234.20452881 142 27.98052788 234.71336365 142 28.0665226 235.21487427 142 150.23603821 417.30020142 142 150.48419189 417.74441528 142 155.96972656 416.06451416 142 155.92657471 415.55749512 142 155.7983551 415.06509399 142 155.58876038 414.60140991 142 155.30383301 414.17984009 142 154.95173645 413.8125 142 153.0970459 413.06719971 142 152.58866882 413.08880615 142 147.46972656 410.27069092 142 152.09124756 413.19598389 142 151.61911011 413.38571167 142 151.18582153 413.65249634 142 150.80384827 413.98867798 142 153.60176086 418.99716187 142 154.08828735 418.84814453 142 154.54263306 413.50991821 142 154.08828735 413.28085327 142 153.60176086 413.13183594 142 150.80384827 418.14031982 142 151.18582153 418.47650146 142 151.61911011 418.74328613 142 152.09124756 418.93301392 142 152.58866882 419.04019165 142 153.0970459 419.06176758 142 155.30383301 417.94915771 142 155.58876038 417.52758789 142 150.48419189 414.38458252 142 150.23603821 414.82879639 142 150.06652832 415.30856323 142 155.7983551 417.06393433 142 155.92657471 416.57150269 142 149.98052979 415.81008911 142 149.98052979 416.31890869 142 150.06652832 416.82043457 142 154.54263306 418.61911011 142 154.95173645 418.31652832 142 122.96073151 399.19052124 142 123.13677216 399.00680542 142 126.21971893 400.31451416 142 122.28574371 396.59817505 142 122.03338623 396.56585693 142 126.21971893 383.06451416 142 122.75617981 399.34179688 142 123.27924347 397.33297729 142 123.13677216 397.12216187 142 122.96073151 396.93850708 142 121.07777405 396.85852051 142 120.88678741 397.02661133 142 91.96971893 383.06451416 142 123.27924347 398.79605103 142 123.3840332 398.56420898 142 123.44814301 398.31799316 142 122.75617981 396.78720093 142 122.52900696 396.67266846 142 121.77919769 399.55233765 142 122.03338623 399.56314087 142 91.96971893 404.27069092 142 91.96971893 400.31451416 142 122.28574371 399.53082275 142 122.52900696 399.45632935 142 123.46971893 398.06448364 142 123.44814301 397.81100464 142 123.3840332 397.56478882 142 121.77919769 396.57662964 142 121.53048706 396.63024902 142 121.29441833 396.72512817 142 121.07777405 399.27050781 142 121.29441833 399.40390015 142 121.53048706 399.49874878 142 120.72695923 397.22454834 142 120.60287476 397.44662476 142 120.51811981 397.68655396 142 120.51811981 398.44247437 142 120.60287476 398.68234253 142 120.47512817 397.93728638 142 120.72695923 398.90447998 142 120.88678741 399.10241699 142 120.46971893 398.06448364 142 120.47512817 398.19171143 142 62.2857399 396.59817505 142 62.03338242 396.56585693 142 57.71972275 383.06451416 142 61.77919388 396.57662964 142 61.53048706 396.63024902 142 61.29441452 396.72512817 142 61.07777023 396.85852051 142 60.88678741 397.02661133 142 62.03338242 399.56314087 142 62.2857399 399.53082275 142 63.13677597 397.12216187 142 63.27923965 397.33297729 142 63.38403702 397.56478882 142 62.96073151 396.93850708 142 62.75618362 396.78720093 142 62.52900696 396.67266846 142 61.07777023 399.27050781 142 61.29441452 399.40390015 142 57.71972275 400.31451416 142 61.53048706 399.49874878 142 61.77919388 399.55233765 142 62.52900696 399.45632935 142 62.75618362 399.34179688 142 62.96073151 399.19052124 142 63.44814301 397.81100464 142 60.72695923 397.22454834 142 60.60287857 397.44662476 142 60.51812363 397.68655396 142 60.47512436 397.93728638 142 63.13677597 399.00680542 142 63.27923965 398.79605103 142 63.38403702 398.56420898 142 63.44814301 398.31799316 142 63.46972275 398.06448364 142 60.47512436 398.19171143 142 60.51812363 398.44247437 142 60.60287857 398.68234253 142 60.72695923 398.90447998 142 60.88678741 399.10241699 142 122.28574371 366.59814453 142 122.03338623 366.56585693 142 120.72695923 368.90447998 142 120.88678741 369.10241699 142 121.77919769 369.55233765 142 122.03338623 369.56314087 142 122.28574371 369.53082275 142 122.52900696 366.67266846 142 123.27924347 367.33297729 142 123.13677216 367.12216187 142 121.77919769 366.57662964 142 121.53048706 366.63024902 142 121.29441833 366.72512817 142 121.07777405 366.85852051 142 120.88678741 367.02661133 142 120.72695923 367.22454834 142 120.60287476 367.44662476 142 122.52900696 369.45632935 142 122.75617981 369.34179688 142 122.96073151 369.19052124 142 123.3840332 367.56478882 142 122.96073151 366.93850708 142 122.75617981 366.78720093 142 121.07777405 369.27050781 142 121.29441833 369.40390015 142 121.53048706 369.49874878 142 123.13677216 369.00683594 142 123.27924347 368.79605103 142 123.3840332 368.56420898 142 123.44814301 368.31799316 142 123.46971893 368.06448364 142 123.44814301 367.81100464 142 120.47512817 368.19171143 142 120.51811981 368.44247437 142 120.60287476 368.68234253 142 120.51811981 367.68655396 142 120.47512817 367.93728638 142 120.46971893 368.06448364 142 61.53048706 366.63024902 142 61.77919388 366.57662964 142 62.03338242 366.56585693 142 61.77919388 369.55233765 142 62.03338242 369.56314087 142 63.44814301 367.81100464 142 63.38403702 367.56478882 142 61.29441452 366.72512817 142 61.07777023 366.85852051 142 60.88678741 367.02661133 142 63.27923965 367.33297729 142 63.13677597 367.12216187 142 62.96073151 366.93850708 142 62.75618362 366.78720093 142 62.52900696 366.67266846 142 62.2857399 366.59814453 142 61.07777023 369.27050781 142 61.29441452 369.40390015 142 61.53048706 369.49874878 142 60.72695923 367.22454834 142 60.60287857 367.44662476 142 60.51812363 367.68655396 142 62.75618362 369.34179688 142 62.52900696 369.45632935 142 62.2857399 369.53082275 142 62.96073151 369.19052124 142 63.13677597 369.00683594 142 63.27923965 368.79605103 142 60.60287857 368.68234253 142 60.72695923 368.90447998 142 60.88678741 369.10241699 142 63.38403702 368.56420898 142 63.44814301 368.31799316 142 63.46972275 368.06448364 142 60.47512436 367.93728638 142 60.47512436 368.19171143 142 60.51812363 368.44247437 142 57.71972275 241.26171875 142 91.96971893 241.26171875 142 126.21971893 241.26171875 142 152.09124756 237.32743835 142 152.58866882 237.43464661 142 154.54263306 231.90435791 142 154.08828735 231.67527771 142 152.09124756 231.5904541 142 151.61911011 231.78016663 142 153.60176086 237.39160156 142 154.08828735 237.24261475 142 155.92657471 233.95193481 142 155.7983551 233.45953369 142 155.58876038 232.99584961 142 153.60176086 231.52629089 142 153.0970459 231.4616394 142 152.58866882 231.48323059 142 155.96972656 234.4589386 142 155.92657471 234.96595764 142 155.30383301 232.57427979 142 154.95173645 232.20692444 142 151.18582153 232.04695129 142 150.80384827 232.38313293 142 150.48419189 232.77902222 142 149.98052979 234.71336365 142 150.06652832 235.21487427 142 153.0970459 237.45625305 142 155.30383301 236.34361267 142 155.58876038 235.92202759 142 155.7983551 235.45835876 142 150.23603821 233.22325134 142 150.06652832 233.70301819 142 149.98052979 234.20452881 142 150.23603821 235.69464111 142 150.48419189 236.13887024 142 150.80384827 236.53475952 142 151.18582153 236.8709259 142 151.61911011 237.13772583 142 154.54263306 237.01353455 142 154.95173645 236.71096802 142 44.46972275 227.95895386 142 57.71972275 227.95895386 142 91.96971893 227.95895386 142 126.21971893 227.95895386 142 131.46972656 227.95895386 142 28.48419571 417.74441528 138 28.23603821 417.30020142 138 28.0665226 416.82043457 138 27.98052788 416.31890869 138 27.98052788 415.81008911 138 28.0665226 415.30856323 138 28.23603821 414.82879639 138 28.48419571 414.38458252 138 28.8038559 413.98867798 138 29.18582344 413.65249634 138 29.6191082 413.38571167 138 30.09125137 413.19598389 138 30.58866692 413.08880615 138 31.09704399 413.06719971 138 31.60176086 413.13183594 138 32.08829117 413.28085327 138 32.54264069 413.50991821 138 32.95174789 413.8125 138 33.30382538 414.17984009 138 33.58876419 414.60140991 138 33.79835129 415.06509399 138 33.92656708 415.55749512 138 33.96972275 416.06451416 138 33.92656708 416.57150269 138 33.79835129 417.06393433 138 33.58876419 417.52758789 138 33.30382538 417.94915771 138 32.95174789 418.31652832 138 32.54264069 418.61911011 138 32.08829117 418.84814453 138 31.60176086 418.99716187 138 31.09704399 419.06176758 138 30.58866692 419.04019165 138 30.09125137 418.93301392 138 29.6191082 418.74328613 138 29.18582344 418.47650146 138 28.8038559 418.14031982 138 27.98052788 234.71336365 138 27.98052788 234.20452881 138 28.0665226 233.70301819 138 28.23603821 233.22325134 138 28.48419571 232.77902222 138 28.8038559 232.38313293 138 29.18582344 232.04695129 138 29.6191082 231.78016663 138 30.09125137 231.5904541 138 30.58866692 231.48323059 138 31.09704399 231.4616394 138 31.60176086 231.52629089 138 32.08829117 231.67527771 138 32.54264069 231.90435791 138 32.95174789 232.20692444 138 33.30382538 232.57427979 138 33.58876419 232.99584961 138 33.79835129 233.45953369 138 33.92656708 233.95193481 138 33.96972275 234.4589386 138 33.92656708 234.96595764 138 33.79835129 235.45835876 138 33.58876419 235.92202759 138 33.30382538 236.34361267 138 32.95174789 236.71096802 138 32.54264069 237.01353455 138 32.08829117 237.24261475 138 31.60176086 237.39160156 138 31.09704399 237.45625305 138 30.58866692 237.43464661 138 30.09125137 237.32743835 138 29.6191082 237.13772583 138 29.18582344 236.8709259 138 28.8038559 236.53475952 138 28.48419571 236.13887024 138 28.23603821 235.69464111 138 28.0665226 235.21487427 138 149.98052979 234.71336365 138 149.98052979 234.20452881 138 150.06652832 233.70301819 138 150.23603821 233.22325134 138 150.48419189 232.77902222 138 150.80384827 232.38313293 138 151.18582153 232.04695129 138 151.61911011 231.78016663 138 152.09124756 231.5904541 138 152.58866882 231.48323059 138 153.0970459 231.4616394 138 153.60176086 231.52629089 138 154.08828735 231.67527771 138 154.54263306 231.90435791 138 154.95173645 232.20692444 138 155.30383301 232.57427979 138 155.58876038 232.99584961 138 155.7983551 233.45953369 138 155.92657471 233.95193481 138 155.96972656 234.4589386 138 155.92657471 234.96595764 138 155.7983551 235.45835876 138 155.58876038 235.92202759 138 155.30383301 236.34361267 138 154.95173645 236.71096802 138 154.54263306 237.01353455 138 154.08828735 237.24261475 138 153.60176086 237.39160156 138 153.0970459 237.45625305 138 152.58866882 237.43464661 138 152.09124756 237.32743835 138 151.61911011 237.13772583 138 151.18582153 236.8709259 138 150.80384827 236.53475952 138 150.48419189 236.13887024 138 150.23603821 235.69464111 138 150.06652832 235.21487427 138 150.48419189 417.74441528 138 150.23603821 417.30020142 138 150.06652832 416.82043457 138 149.98052979 416.31890869 138 149.98052979 415.81008911 138 150.06652832 415.30856323 138 150.23603821 414.82879639 138 150.48419189 414.38458252 138 150.80384827 413.98867798 138 151.18582153 413.65249634 138 151.61911011 413.38571167 138 152.09124756 413.19598389 138 152.58866882 413.08880615 138 153.0970459 413.06719971 138 153.60176086 413.13183594 138 154.08828735 413.28085327 138 154.54263306 413.50991821 138 154.95173645 413.8125 138 155.30383301 414.17984009 138 155.58876038 414.60140991 138 155.7983551 415.06509399 138 155.92657471 415.55749512 138 155.96972656 416.06451416 138 155.92657471 416.57150269 138 155.7983551 417.06393433 138 155.58876038 417.52758789 138 155.30383301 417.94915771 138 154.95173645 418.31652832 138 154.54263306 418.61911011 138 154.08828735 418.84814453 138 153.60176086 418.99716187 138 153.0970459 419.06176758 138 152.58866882 419.04019165 138 152.09124756 418.93301392 138 151.61911011 418.74328613 138 151.18582153 418.47650146 138 150.80384827 418.14031982 138 90.46971893 343.93835449 68.60124969 90.46971893 343.93835449 62.60125351 90.49129486 344.19186401 68.60124969 90.49129486 344.19186401 62.60125351 90.55540466 344.43804932 68.60124969 90.55540466 344.43804932 62.60125351 90.66020203 344.66989136 68.60124969 90.66020203 344.66989136 62.60125351 90.80266571 344.88067627 68.60124969 90.80266571 344.88067627 62.60125351 90.97870636 345.06433105 68.60124969 90.97870636 345.06433105 62.60125351 91.18325806 345.21563721 68.60124969 91.18325806 345.21563721 62.60125351 91.41043854 345.33016968 68.60124969 91.41043854 345.33016968 62.60125351 91.65370178 345.4046936 68.60124969 91.65370178 345.4046936 62.60125351 91.90605927 345.4369812 68.60124969 91.90605927 345.4369812 62.60125351 92.1602478 345.4262085 68.60124969 92.1602478 345.4262085 62.60125351 92.40895844 345.37258911 68.60124969 92.40895844 345.37258911 62.60125351 92.64502716 345.27774048 68.60124969 92.64502716 345.27774048 62.60125351 92.86167145 345.14431763 68.60124969 92.86167145 345.14431763 62.60125351 93.05265808 344.97625732 68.60124969 93.05265808 344.97625732 62.60125351 93.21248627 344.77828979 68.60124969 93.21248627 344.77828979 62.60125351 93.33656311 344.55618286 68.60124969 93.33656311 344.55618286 62.60125351 93.42131805 344.3163147 68.60124969 93.42131805 344.3163147 62.60125351 93.46431732 344.06555176 68.60124969 93.46431732 344.06555176 62.60125351 93.46431732 343.81112671 68.60124969 93.46431732 343.81112671 62.60125351 93.42131805 343.56036377 68.60124969 93.42131805 343.56036377 62.60125351 93.33656311 343.32049561 68.60124969 93.33656311 343.32049561 62.60125351 93.21248627 343.09835815 68.60124969 93.21248627 343.09835815 62.60125351 93.05265808 342.90042114 68.60124969 93.05265808 342.90042114 62.60125351 92.86167145 342.73233032 68.60124969 92.86167145 342.73233032 62.60125351 92.64502716 342.59893799 68.60124969 92.64502716 342.59893799 62.60125351 92.40895844 342.50408936 68.60124969 92.40895844 342.50408936 62.60125351 92.1602478 342.45050049 68.60124969 92.1602478 342.45050049 62.60125351 91.90605927 342.43966675 68.60124969 91.90605927 342.43966675 62.60125351 91.65370178 342.47201538 68.60124969 91.65370178 342.47201538 62.60125351 91.41043854 342.54650879 68.60124969 91.41043854 342.54650879 62.60125351 91.18325806 342.66104126 68.60124969 91.18325806 342.66104126 62.60125351 90.97870636 342.81231689 68.60124969 90.97870636 342.81231689 62.60125351 90.80266571 342.9960022 68.60124969 90.80266571 342.9960022 62.60125351 90.66020203 343.20678711 68.60124969 90.66020203 343.20678711 62.60125351 90.55540466 343.43862915 68.60124969 90.55540466 343.43862915 62.60125351 90.49129486 343.68484497 68.60124969 90.49129486 343.68484497 62.60125351 90.46971893 278.49493408 68.60124969 90.46971893 278.49493408 62.60125351 90.49129486 278.7484436 68.60124969 90.49129486 278.7484436 62.60125351 90.55540466 278.99465942 68.60124969 90.55540466 278.99465942 62.60125351 90.66020203 279.22647095 68.60124969 90.66020203 279.22647095 62.60125351 90.80266571 279.43728638 68.60124969 90.80266571 279.43728638 62.60125351 90.97870636 279.62094116 68.60124969 90.97870636 279.62094116 62.60125351 91.18325806 279.7722168 68.60124969 91.18325806 279.7722168 62.60125351 91.41043854 279.88677979 68.60124969 91.41043854 279.88677979 62.60125351 91.65370178 279.96127319 68.60124969 91.65370178 279.96127319 62.60125351 91.90605927 279.99359131 68.60124969 91.90605927 279.99359131 62.60125351 92.1602478 279.98278809 68.60124969 92.1602478 279.98278809 62.60125351 92.40895844 279.92919922 68.60124969 92.40895844 279.92919922 62.60125351 92.64502716 279.83432007 68.60124969 92.64502716 279.83432007 62.60125351 92.86167145 279.70092773 68.60124969 92.86167145 279.70092773 62.60125351 93.05265808 279.53283691 68.60124969 93.05265808 279.53283691 62.60125351 93.21248627 279.3348999 68.60124969 93.21248627 279.3348999 62.60125351 93.33656311 279.11279297 68.60124969 93.33656311 279.11279297 62.60125351 93.42131805 278.87289429 68.60124969 93.42131805 278.87289429 62.60125351 93.46431732 278.62216187 68.60124969 93.46431732 278.62216187 62.60125351 93.46431732 278.36773682 68.60124969 93.46431732 278.36773682 62.60125351 93.42131805 278.11697388 68.60124969 93.42131805 278.11697388 62.60125351 93.33656311 277.87710571 68.60124969 93.33656311 277.87710571 62.60125351 93.21248627 277.65496826 68.60124969 93.21248627 277.65496826 62.60125351 93.05265808 277.45703125 68.60124969 93.05265808 277.45703125 62.60125351 92.86167145 277.28894043 68.60124969 92.86167145 277.28894043 62.60125351 92.64502716 277.1555481 68.60124969 92.64502716 277.1555481 62.60125351 92.40895844 277.06069946 68.60124969 92.40895844 277.06069946 62.60125351 92.1602478 277.00708008 68.60124969 92.1602478 277.00708008 62.60125351 91.90605927 276.99627686 68.60124969 91.90605927 276.99627686 62.60125351 91.65370178 277.02859497 68.60124969 91.65370178 277.02859497 62.60125351 91.41043854 277.10308838 68.60124969 91.41043854 277.10308838 62.60125351 91.18325806 277.21765137 68.60124969 91.18325806 277.21765137 62.60125351 90.97870636 277.368927 68.60124969 90.97870636 277.368927 62.60125351 90.80266571 277.5526123 68.60124969 90.80266571 277.5526123 62.60125351 90.66020203 277.76339722 68.60124969 90.66020203 277.76339722 62.60125351 90.55540466 277.99523926 68.60124969 90.55540466 277.99523926 62.60125351 90.49129486 278.24142456 68.60124969 90.49129486 278.24142456 62.60125351 153.9699707 424.52380371 121.60140991 153.9699707 424.52380371 133.60140991 153.9699707 428.06448364 133.60140991 153.9699707 350.64648438 87.52555084 153.9699707 350.94900513 87.65823364 153.9699707 350.32629395 83.38990784 153.9699707 222.4589386 133.60140991 153.9699707 226.20697021 133.60140991 153.9699707 226.20697021 121.58374023 153.9699707 350.94900513 95.65823364 153.9699707 351.2255249 95.83890533 153.9699707 351.82867432 90.22058105 153.9699707 351.93591309 96.9262085 153.9699707 351.99029541 97.25202942 153.9699707 407.59823608 121.60140991 153.9699707 248.16555786 106.22057343 153.9699707 248.05830383 105.90815735 153.9699707 351.2255249 79.83890533 153.9699707 351.46856689 80.06262207 153.9699707 365.98376465 68.60086823 153.9699707 351.67144775 80.32328796 153.9699707 351.82867432 80.61379242 153.9699707 351.93591309 80.92621613 153.9699707 351.99029541 81.25202179 153.9699707 248.52566528 98.7717514 153.9699707 248.32278442 98.51108551 153.9699707 255.98373413 68.60086823 153.9699707 248.32278442 80.32328796 153.9699707 248.52566528 80.06262207 153.9699707 350.32629395 79.44445801 153.9699707 350.64648438 79.52555084 153.9699707 350.94900513 79.65824127 153.9699707 428.06448364 68.60086823 153.9699707 351.99029541 81.58234406 153.9699707 351.93591309 89.90814972 153.9699707 351.99029541 97.58233643 153.9699707 351.93591309 97.90815735 153.9699707 351.82867432 98.22058105 153.9699707 248.32278442 104.32328796 153.9699707 248.52566528 104.06262207 153.9699707 249.99711609 99.41719055 153.9699707 351.99029541 105.25202942 153.9699707 351.93591309 104.92621613 153.9699707 351.82867432 104.61379242 153.9699707 351.67144775 106.51107788 153.9699707 351.46856689 106.77174377 153.9699707 407.59823608 133.60140991 153.9699707 248.32278442 106.51107788 153.9699707 248.32278442 82.51108551 153.9699707 248.16555786 82.22057343 153.9699707 248.76869202 79.83890533 153.9699707 249.04522705 79.65824127 153.9699707 249.34771729 79.52555084 153.9699707 350.94900513 91.1761322 153.9699707 350.64648438 91.308815 153.9699707 350.32629395 95.44446564 153.9699707 350.32629395 91.38990784 153.9699707 349.99710083 91.41718292 153.9699707 351.2255249 90.99546814 153.9699707 350.64648438 95.52555084 153.9699707 351.46856689 90.7717514 153.9699707 351.2255249 98.99546814 153.9699707 350.94900513 99.1761322 153.9699707 350.32629395 103.44446564 153.9699707 351.46856689 104.06262207 153.9699707 351.67144775 104.32328796 153.9699707 351.2255249 106.99546051 153.9699707 350.94900513 107.1761322 153.9699707 350.64648438 107.30882263 153.9699707 249.34771729 107.30882263 153.9699707 249.04522705 107.1761322 153.9699707 243.1325531 121.58374023 153.9699707 248.76869202 106.99546051 153.9699707 248.52566528 106.77174377 153.9699707 222.4589386 68.60086823 153.9699707 248.05830383 81.90815735 153.9699707 351.93591309 81.90815735 153.9699707 351.82867432 82.22057343 153.9699707 351.67144775 82.51108551 153.9699707 351.93591309 88.9262085 153.9699707 351.99029541 89.25202179 153.9699707 351.99029541 89.58234406 153.9699707 248.16555786 96.61379242 153.9699707 248.32278442 96.32328796 153.9699707 249.99711609 91.41718292 153.9699707 248.52566528 96.06262207 153.9699707 351.67144775 90.51108551 153.9699707 351.67144775 98.51108551 153.9699707 350.94900513 103.65823364 153.9699707 351.2255249 103.83890533 153.9699707 351.46856689 98.7717514 153.9699707 350.64648438 103.52555084 153.9699707 351.99029541 105.58234406 153.9699707 351.93591309 105.90815735 153.9699707 351.82867432 106.22057343 153.9699707 350.32629395 107.38990784 153.9699707 349.99710083 107.41719055 153.9699707 243.1325531 133.60140991 153.9699707 249.99711609 107.41719055 153.9699707 249.66792297 107.38990784 153.9699707 248.16555786 104.61379242 153.9699707 249.66792297 99.38990784 153.9699707 248.05830383 104.92621613 153.9699707 248.05830383 89.90814972 153.9699707 248.16555786 90.22058105 153.9699707 248.32278442 90.51108551 153.9699707 248.00395203 81.58234406 153.9699707 248.00395203 81.25202179 153.9699707 248.05830383 80.92621613 153.9699707 249.66792297 79.44445801 153.9699707 249.99711609 79.41718292 153.9699707 349.99710083 79.41718292 153.9699707 350.64648438 83.308815 153.9699707 351.2255249 87.83890533 153.9699707 350.94900513 83.1761322 153.9699707 351.46856689 88.06262207 153.9699707 351.67144775 88.32328796 153.9699707 248.52566528 88.06262207 153.9699707 248.76869202 87.83890533 153.9699707 249.99711609 83.41718292 153.9699707 249.04522705 87.65823364 153.9699707 249.34771729 87.52555084 153.9699707 248.76869202 95.83890533 153.9699707 249.04522705 95.65823364 153.9699707 249.34771729 95.52555084 153.9699707 351.46856689 96.06262207 153.9699707 351.67144775 96.32328796 153.9699707 351.82867432 96.61379242 153.9699707 248.76869202 103.83890533 153.9699707 249.04522705 103.65823364 153.9699707 249.34771729 103.52555084 153.9699707 248.00395203 105.58234406 153.9699707 248.00395203 105.25202942 153.9699707 248.16555786 98.22058105 153.9699707 248.05830383 97.90815735 153.9699707 248.00395203 97.58233643 153.9699707 249.34771729 91.308815 153.9699707 249.04522705 91.1761322 153.9699707 248.16555786 80.61379242 153.9699707 351.46856689 82.7717514 153.9699707 351.2255249 82.99546814 153.9699707 351.82867432 88.61379242 153.9699707 249.66792297 95.44446564 153.9699707 249.99711609 95.41718292 153.9699707 349.99710083 95.41718292 153.9699707 350.64648438 99.308815 153.9699707 350.32629395 99.38990784 153.9699707 349.99710083 99.41719055 153.9699707 249.34771729 99.308815 153.9699707 249.04522705 99.1761322 153.9699707 248.76869202 98.99546814 153.9699707 249.04522705 83.1761322 153.9699707 248.76869202 82.99546814 153.9699707 248.52566528 82.7717514 153.9699707 248.76869202 90.99546814 153.9699707 248.52566528 90.7717514 153.9699707 248.00395203 89.58234406 153.9699707 248.00395203 89.25202179 153.9699707 248.05830383 88.9262085 153.9699707 249.66792297 87.44446564 153.9699707 249.99711609 87.41718292 153.9699707 349.99710083 83.41718292 153.9699707 349.99710083 87.41718292 153.9699707 350.32629395 87.44446564 153.9699707 249.66792297 91.38990784 153.9699707 248.05830383 96.9262085 153.9699707 248.00395203 97.25202942 153.9699707 249.34771729 83.308815 153.9699707 249.66792297 83.38990784 153.9699707 248.16555786 88.61379242 153.9699707 248.32278442 88.32328796 153.9699707 249.66792297 103.44446564 153.9699707 249.99711609 103.41719055 153.9699707 349.99710083 103.41719055 29.96997833 350.94900513 79.65824127 29.96997833 350.64648438 79.52555084 29.96997833 428.06448364 68.60141754 29.96997833 351.2255249 79.83890533 29.96997833 350.64648438 99.308815 29.96997833 350.94900513 99.1761322 29.96997833 350.32629395 103.44446564 29.96997833 225.79882812 133.60140991 29.96997833 222.4589386 133.60140991 29.96997833 225.79882812 121.60140991 29.96997833 222.4589386 68.60141754 29.96997833 350.64648438 107.30882263 29.96997833 350.94900513 107.1761322 29.96997833 406.96881104 133.60140991 29.96997833 351.2255249 106.99546051 29.96997833 351.46856689 106.77174377 29.96997833 406.96881104 121.60140991 29.96997833 351.99029541 105.58234406 29.96997833 351.99029541 105.25202942 29.96997833 351.99029541 97.58233643 29.96997833 351.93591309 97.90815735 29.96997833 351.82867432 98.22058105 29.96997833 351.46856689 80.06262207 29.96997833 424.96878052 121.60140991 29.96997833 428.06448364 133.60140991 29.96997833 424.96878052 133.60140991 29.96997833 249.66792297 95.44446564 29.96997833 248.05830383 89.90814972 29.96997833 248.16555786 90.22058105 29.96997833 248.52566528 96.06262207 29.96997833 248.32278442 96.32328796 29.96997833 248.00395203 105.25202942 29.96997833 248.05830383 104.92621613 29.96997833 248.16555786 104.61379242 29.96997833 248.32278442 104.32328796 29.96997833 249.04522705 107.1761322 29.96997833 249.34771729 107.30882263 29.96997833 243.79882812 121.60140991 29.96997833 249.66792297 107.38990784 29.96997833 243.79882812 133.60140991 29.96997833 351.67144775 106.51107788 29.96997833 351.82867432 106.22057343 29.96997833 351.93591309 105.90815735 29.96997833 351.46856689 96.06262207 29.96997833 351.2255249 95.83890533 29.96997833 351.82867432 90.22058105 29.96997833 351.93591309 80.92621613 29.96997833 351.99029541 81.25202179 29.96997833 351.99029541 81.58234406 29.96997833 248.00395203 105.58234406 29.96997833 248.05830383 105.90815735 29.96997833 248.16555786 106.22057343 29.96997833 249.99711609 107.41719055 29.96997833 349.99710083 107.41719055 29.96997833 350.32629395 107.38990784 29.96997833 248.16555786 98.22058105 29.96997833 248.32278442 98.51108551 29.96997833 249.99711609 103.41719055 29.96997833 248.52566528 98.7717514 29.96997833 351.46856689 104.06262207 29.96997833 351.2255249 103.83890533 29.96997833 350.94900513 103.65823364 29.96997833 351.67144775 98.51108551 29.96997833 351.67144775 96.32328796 29.96997833 249.99711609 95.41718292 29.96997833 248.32278442 90.51108551 29.96997833 248.52566528 90.7717514 29.96997833 248.16555786 82.22057343 29.96997833 248.32278442 82.51108551 29.96997833 249.99711609 87.41718292 29.96997833 248.52566528 82.7717514 29.96997833 350.94900513 87.65823364 29.96997833 350.64648438 87.52555084 29.96997833 350.32629395 83.38990784 29.96997833 350.32629395 87.44446564 29.96997833 349.99710083 87.41718292 29.96997833 350.94900513 83.1761322 29.96997833 351.2255249 82.99546814 29.96997833 351.2255249 87.83890533 29.96997833 351.67144775 82.51108551 29.96997833 351.82867432 82.22057343 29.96997833 351.93591309 81.90815735 29.96997833 248.32278442 106.51107788 29.96997833 248.52566528 106.77174377 29.96997833 248.76869202 106.99546051 29.96997833 351.93591309 104.92621613 29.96997833 351.82867432 104.61379242 29.96997833 351.67144775 104.32328796 29.96997833 248.76869202 90.99546814 29.96997833 249.04522705 91.1761322 29.96997833 249.34771729 91.308815 29.96997833 248.76869202 82.99546814 29.96997833 249.04522705 83.1761322 29.96997833 249.34771729 83.308815 29.96997833 351.82867432 80.61379242 29.96997833 351.67144775 80.32328796 29.96997833 249.66792297 79.44445801 29.96997833 249.34771729 79.52555084 29.96997833 248.16555786 96.61379242 29.96997833 248.05830383 96.9262085 29.96997833 248.00395203 97.25202942 29.96997833 351.99029541 97.25202942 29.96997833 351.93591309 96.9262085 29.96997833 351.82867432 96.61379242 29.96997833 350.32629395 79.44445801 29.96997833 349.99710083 79.41718292 29.96997833 249.99711609 79.41718292 29.96997833 249.04522705 79.65824127 29.96997833 248.76869202 79.83890533 29.96997833 248.52566528 80.06262207 29.96997833 248.32278442 80.32328796 29.96997833 248.16555786 80.61379242 29.96997833 248.05830383 80.92621613 29.96997833 248.52566528 88.06262207 29.96997833 248.32278442 88.32328796 29.96997833 248.16555786 88.61379242 29.96997833 248.05830383 88.9262085 29.96997833 350.64648438 103.52555084 29.96997833 351.2255249 98.99546814 29.96997833 351.46856689 98.7717514 29.96997833 248.76869202 98.99546814 29.96997833 249.04522705 99.1761322 29.96997833 249.34771729 99.308815 29.96997833 350.94900513 91.1761322 29.96997833 351.2255249 90.99546814 29.96997833 350.64648438 95.52555084 29.96997833 351.46856689 90.7717514 29.96997833 249.66792297 83.38990784 29.96997833 249.99711609 83.41718292 29.96997833 349.99710083 83.41718292 29.96997833 351.93591309 89.90814972 29.96997833 351.99029541 89.58234406 29.96997833 351.99029541 89.25202179 29.96997833 351.46856689 82.7717514 29.96997833 351.93591309 88.9262085 29.96997833 351.82867432 88.61379242 29.96997833 350.64648438 83.308815 29.96997833 249.34771729 103.52555084 29.96997833 249.04522705 103.65823364 29.96997833 350.94900513 95.65823364 29.96997833 351.67144775 90.51108551 29.96997833 351.67144775 88.32328796 29.96997833 351.46856689 88.06262207 29.96997833 248.00395203 81.25202179 29.96997833 248.00395203 81.58234406 29.96997833 248.05830383 81.90815735 29.96997833 248.76869202 103.83890533 29.96997833 248.52566528 104.06262207 29.96997833 249.66792297 103.44446564 29.96997833 248.05830383 97.90815735 29.96997833 248.00395203 97.58233643 29.96997833 249.66792297 91.38990784 29.96997833 249.99711609 91.41718292 29.96997833 349.99710083 95.41718292 29.96997833 349.99710083 91.41718292 29.96997833 350.32629395 95.44446564 29.96997833 350.32629395 91.38990784 29.96997833 350.64648438 91.308815 29.96997833 249.66792297 87.44446564 29.96997833 249.34771729 87.52555084 29.96997833 249.04522705 87.65823364 29.96997833 248.76869202 87.83890533 29.96997833 248.00395203 89.25202179 29.96997833 248.00395203 89.58234406 29.96997833 249.66792297 99.38990784 29.96997833 249.99711609 99.41719055 29.96997833 349.99710083 103.41719055 29.96997833 349.99710083 99.41719055 29.96997833 350.32629395 99.38990784 29.96997833 249.34771729 95.52555084 29.96997833 249.04522705 95.65823364 29.96997833 248.76869202 95.83890533 37.96997833 240.79882812 133.60140991 37.96997833 421.96878052 133.60140991 37.96997833 228.79882812 133.60140991 32.96997833 240.79882812 133.60140991 32.96997833 228.79882812 133.60140991 31.60800743 228.47184753 133.60140991 32.04292679 228.65200806 133.60140991 32.50067139 228.76190186 133.60140991 37.96997833 409.96878052 133.60140991 31.60800743 422.29577637 133.60140991 31.20662308 422.54174805 133.60140991 32.04292679 240.94564819 133.60140991 32.50067139 240.83575439 133.60140991 32.96997833 409.96878052 133.60140991 32.50067139 409.93185425 133.60140991 32.04292679 409.82196045 133.60140991 31.60800743 409.64181519 133.60140991 30.00691223 226.26812744 133.60140991 30.11680794 226.72587585 133.60140991 30.29695892 227.16079712 133.60140991 30.29695892 408.33078003 133.60140991 30.54292488 408.73214722 133.60140991 30.8486557 409.09008789 133.60140991 31.20662308 409.39584351 133.60140991 32.04292679 422.1156311 133.60140991 32.50067139 422.00570679 133.60140991 32.96997833 421.96878052 133.60140991 30.54292488 227.56217957 133.60140991 30.8486557 227.92015076 133.60140991 31.20662308 228.22587585 133.60140991 30.8486557 422.84747314 133.60140991 30.54292488 423.20544434 133.60140991 30.29695892 423.60681152 133.60140991 30.00691223 407.43811035 133.60140991 30.11680794 407.89584351 133.60140991 30.00691223 243.32952881 133.60140991 31.60800743 241.12580872 133.60140991 31.20662308 241.3717804 133.60140991 30.8486557 241.67750549 133.60140991 30.54292488 242.03546143 133.60140991 30.29695892 242.43685913 133.60140991 30.11680794 242.8717804 133.60140991 30.11680794 424.04174805 133.60140991 30.00691223 424.4994812 133.60140991 153.93304443 242.66325378 133.60140991 153.93304443 226.67628479 133.60140991 153.64299011 227.56895447 133.60140991 153.82315063 227.1340332 133.60140991 145.96998596 229.20698547 133.60140991 153.39703369 241.3691864 133.60140991 153.64299011 241.77058411 133.60140991 153.82315063 242.20550537 133.60140991 153.93304443 408.06756592 133.60140991 153.82315063 408.52529907 133.60140991 152.33195496 410.27127075 133.60140991 152.7333374 410.02529907 133.60140991 145.96998596 410.59823608 133.60140991 153.09129333 422.40249634 133.60140991 152.7333374 422.09677124 133.60140991 145.96998596 240.1325531 133.60140991 150.96998596 240.1325531 133.60140991 151.43928528 240.16947937 133.60140991 151.89703369 240.27937317 133.60140991 153.09129333 241.01123047 133.60140991 152.7333374 240.70550537 133.60140991 152.33195496 240.45953369 133.60140991 153.09129333 409.71954346 133.60140991 153.39703369 409.36160278 133.60140991 153.64299011 408.9602356 133.60140991 150.96998596 410.59823608 133.60140991 151.43928528 410.5612793 133.60140991 151.89703369 410.45141602 133.60140991 145.96998596 421.52380371 133.60140991 153.64299011 423.16183472 133.60140991 153.39703369 422.76046753 133.60140991 153.93304443 424.05450439 133.60140991 152.33195496 228.88000488 133.60140991 150.96998596 421.52380371 133.60140991 151.43928528 421.56072998 133.60140991 151.89703369 421.6706543 133.60140991 152.33195496 421.85079956 133.60140991 153.82315063 423.59677124 133.60140991 152.7333374 228.6340332 133.60140991 153.09129333 228.32830811 133.60140991 153.39703369 227.97033691 133.60140991 150.96998596 229.20698547 133.60140991 151.43928528 229.17004395 133.60140991 151.89703369 229.06015015 133.60140991 178.45437622 222.4589386 39.74041367 180.67012024 222.4589386 36.52902985 180.08778381 222.4589386 41.24798203 171.00254822 222.4589386 48.06210709 174.91091919 222.4589386 44.6421051 179.75022888 222.4589386 43.81031799 116.96971893 222.4589386 58.60103226 125.96972656 222.4589386 58.60099411 116.96971893 222.4589386 68.60103607 125.96972656 222.4589386 58.71920395 174.52261353 222.4589386 44.32409668 174.19802856 222.4589386 44.64212799 168.09458923 222.4589386 102.09596252 165.1829834 222.4589386 112.66293335 162.02226257 222.4589386 123.26155853 159.69252014 222.4589386 130.60429382 150.94580078 222.4589386 64.39382172 151.74107361 222.4589386 64.40656281 152.59823608 222.4589386 64.2848587 135.17131042 222.46176147 62.55514145 136.34555054 222.46176147 63.80876923 153.56317139 222.4589386 63.9929924 154.81544495 222.4589386 63.39305496 156.41986084 222.4589386 62.31175232 174.82704163 222.4589386 73.14598083 172.63134766 222.4589386 83.49590302 170.19245911 222.4589386 93.87641907 133.03962708 222.46174622 59.81578064 178.26673889 222.4589386 53.95740128 176.54522705 222.4589386 64.13394928 143.18191528 222.4589386 64.99368286 143.61894226 222.4589386 64.75794983 148.24819946 222.4589386 63.39224243 143.72091675 222.4589386 64.68666077 144.6650238 222.4589386 64.02661896 144.93370056 222.4589386 63.8070488 146.66270447 222.4589386 62.21890259 136.72955322 222.46176147 64.13673401 137.25320435 222.46176147 64.51550293 137.66880798 222.46176147 64.76199341 138.0443573 222.46176147 64.94650269 138.83259583 222.46176147 65.22669983 139.26139832 222.46176147 65.32577515 126.4694519 222.4589386 58.70331192 126.96977234 222.4589386 58.70126343 127.68904114 222.4589386 58.69933319 141.90444946 222.4589386 65.41088867 142.10209656 222.4589386 65.37451935 131.99449158 222.46022034 58.68442154 132.70368958 222.46173096 59.4213295 150.11575317 222.4589386 64.24478912 149.31204224 222.4589386 63.96412659 142.52528381 222.4589386 65.2611084 143.05433655 222.4589386 65.04563904 158.36294556 222.4589386 60.63231659 160.7328949 222.4589386 58.22491455 166.03775024 222.4589386 52.54632187 140.96054077 222.46176147 65.46320343 140.97544861 222.4589386 65.46409607 141.62876892 222.4589386 65.44403076 139.86857605 222.46176147 65.41461945 140.37149048 222.46176147 65.4509201 140.83085632 222.46176147 65.46233368 10.62674046 428.06448364 46.13121414 9.0282259 428.06448364 44.64215088 4.18922329 428.06448364 43.81037521 66.96971893 428.06448364 68.60124969 66.96971893 428.06448364 58.60125351 57.96971893 428.06448364 58.60129166 5.67896652 428.06448364 39.99483109 9.41721344 428.06448364 44.32378387 9.74135876 428.06448364 44.6421051 3.85165954 428.06448364 41.24798203 3.26917315 428.06448364 36.52778625 32.85253525 428.06448364 64.40524292 32.00720215 428.06448364 64.39128113 31.16821861 428.06448364 64.24429321 15.84486675 428.06448364 102.09601593 18.75647926 428.06448364 112.66298676 21.917202 428.06448364 123.26161194 24.24693871 428.06448364 130.60435486 36.38905716 428.06448364 62.90935135 35.41071701 428.06448364 63.563591 34.51382446 428.06448364 64.0117569 33.69645309 428.06448364 64.27667236 9.11241055 428.06448364 73.14602661 11.30809593 428.06448364 83.49594879 13.74698448 428.06448364 93.87647247 30.07701874 428.06448364 63.87134552 29.63913155 428.06448364 63.66824341 28.03201294 428.06448364 62.69161987 5.67270803 428.06448364 53.9574585 7.39422417 428.06448364 64.13401031 57.96971893 428.06448364 58.7194519 57.46994781 428.06448364 58.70330811 56.96959305 428.06448364 58.70126343 25.5200119 428.06448364 60.57905579 21.19315338 428.06448364 56.04021072 16.32304573 428.06448364 51.00711441 48.73940277 428.06448364 58.75748444 44.40120316 428.06448364 59.12356186 41.78046799 428.06448364 59.67234039 40.19693756 428.06448364 60.26473999 38.77488327 428.06448364 61.07897568 122.64974976 252.94151306 64.60101318 122.6984787 253.22570801 64.60101318 122.69845581 253.22570801 58.60100937 122.7046051 253.36990356 64.60101318 122.69845581 253.51405334 58.60100937 122.6984787 253.51405334 64.60101318 122.64972687 253.79824829 58.60100937 122.64974976 253.79824829 64.60101318 122.55366516 254.07012939 58.60100937 122.55369568 254.07012939 64.60101318 122.41304779 254.32183838 58.60100937 122.41307068 254.32183838 64.60101318 122.23190308 254.54618835 58.60100937 122.23192596 254.54618835 64.60101318 122.01545715 254.73669434 58.60101318 122.01548004 254.73669434 64.60101318 121.76992035 254.88787842 58.60101318 121.76995087 254.88787842 64.60101318 121.50238037 254.99537659 58.60101318 121.50240326 254.99537659 64.60101318 121.22051239 255.05610657 58.60101318 121.22053528 255.05610657 64.60102081 120.93242645 255.06835938 58.601017 120.93245697 255.06835938 64.60102081 120.64642334 255.03173828 58.601017 120.64644623 255.03173828 64.60102081 120.37071991 254.9473114 58.601017 120.37075043 254.9473114 64.60102081 120.11325836 254.81748962 58.60102081 120.11328125 254.81748962 64.60102081 119.88143158 254.64602661 58.60102081 119.88145447 254.64602661 64.60102081 119.68191528 254.43786621 58.60102081 119.6819458 254.43786621 64.60102081 119.52045441 254.19897461 58.60102081 119.52047729 254.19897461 64.60102844 119.40168762 253.93623352 58.60102463 119.40171051 253.93623352 64.60102844 119.3290329 253.65719604 58.60102463 119.32905579 253.65719604 64.60102844 119.30458069 253.36990356 58.60102463 119.30460358 253.36990356 64.60102844 119.3290329 253.08259583 58.60102463 119.32905579 253.08259583 64.60102844 119.40168762 252.80355835 58.60102463 119.40171051 252.80355835 64.60102844 119.52045441 252.540802 58.60102081 119.52047729 252.540802 64.60102844 119.68191528 252.30189514 58.60102081 119.6819458 252.30189514 64.60102081 119.88143158 252.09376526 58.60102081 119.88145447 252.09376526 64.60102081 120.11325836 251.92228699 58.60102081 120.11328125 251.92228699 64.60102081 120.37071991 251.79249573 58.601017 120.37075043 251.79249573 64.60102081 120.64642334 251.70805359 58.601017 120.64644623 251.70805359 64.60102081 120.93242645 251.6714325 58.601017 120.93245697 251.6714325 64.60102081 121.22051239 251.68365479 58.60101318 121.22053528 251.68365479 64.60102081 121.50238037 251.74441528 58.60101318 121.50240326 251.74441528 64.60101318 121.76992035 251.85191345 58.60101318 121.76995087 251.85191345 64.60101318 122.01545715 252.00309753 58.60101318 122.01548004 252.00309753 64.60101318 122.23190308 252.19360352 58.60100937 122.23192596 252.19360352 64.60101318 122.41304779 252.41792297 58.60100937 122.41307068 252.41792297 64.60101318 122.55366516 252.66966248 58.60100937 122.55369568 252.66966248 64.60101318 122.64972687 252.94151306 58.60100937 122.64974976 384.10342407 64.60101318 122.6984787 384.38760376 64.60101318 122.69845581 384.38760376 58.60100937 122.7046051 384.5317688 64.60101318 122.69845581 384.67596436 58.60100937 122.6984787 384.67596436 64.60101318 122.64972687 384.96014404 58.60100937 122.64974976 384.96014404 64.60101318 122.55366516 385.23199463 58.60100937 122.55369568 385.23199463 64.60101318 122.41304779 385.48373413 58.60100937 122.41307068 385.48373413 64.60101318 122.23190308 385.70806885 58.60100937 122.23192596 385.70806885 64.60101318 122.01545715 385.89855957 58.60101318 122.01548004 385.89855957 64.60101318 121.76992035 386.04974365 58.60101318 121.76995087 386.04974365 64.60101318 121.50238037 386.15725708 58.60101318 121.50240326 386.15725708 64.60101318 121.22051239 386.21801758 58.60101318 121.22053528 386.21801758 64.60102081 120.93242645 386.23022461 58.601017 120.93245697 386.23022461 64.60102081 120.64642334 386.19360352 58.601017 120.64644623 386.19360352 64.60102081 120.37071991 386.10916138 58.601017 120.37075043 386.10916138 64.60102081 120.11325836 385.97937012 58.60102081 120.11328125 385.97937012 64.60102081 119.88143158 385.80792236 58.60102081 119.88145447 385.80792236 64.60102081 119.68191528 385.59976196 58.60102081 119.6819458 385.59976196 64.60102081 119.52045441 385.36087036 58.60102081 119.52047729 385.36087036 64.60102844 119.40168762 385.09811401 58.60102463 119.40171051 385.09811401 64.60102844 119.3290329 384.8190918 58.60102463 119.32905579 384.8190918 64.60102844 119.30458069 384.5317688 58.60102463 119.30460358 384.5317688 64.60102844 119.3290329 384.24447632 58.60102463 119.32905579 384.24447632 64.60102844 119.40168762 383.96542358 58.60102463 119.40171051 383.96542358 64.60102844 119.52045441 383.70269775 58.60102081 119.52047729 383.70269775 64.60102844 119.68191528 383.46380615 58.60102081 119.6819458 383.46380615 64.60102081 119.88143158 383.25564575 58.60102081 119.88145447 383.25564575 64.60102081 120.11325836 383.08416748 58.60102081 120.11328125 383.08416748 64.60102081 120.37071991 382.9543457 58.601017 120.37075043 382.9543457 64.60102081 120.64642334 382.86993408 58.601017 120.64644623 382.86993408 64.60102081 120.93242645 382.83331299 58.601017 120.93245697 382.83331299 64.60102081 121.22051239 382.84555054 58.60101318 121.22053528 382.84555054 64.60102081 121.50238037 382.90628052 58.60101318 121.50240326 382.90628052 64.60101318 121.76992035 383.01382446 58.60101318 121.76995087 383.01382446 64.60101318 122.01545715 383.16497803 58.60101318 122.01548004 383.16497803 64.60101318 122.23190308 383.35546875 58.60100937 122.23192596 383.35546875 64.60101318 122.41304779 383.57983398 58.60100937 122.41307068 383.57983398 64.60101318 122.55366516 383.83154297 58.60100937 122.55369568 383.83154297 64.60101318 122.64972687 384.10342407 58.60100937 64.76486969 253.10491943 64.60125732 64.81359863 253.38911438 64.60125732 64.81356812 253.38911438 58.60126114 64.81972504 253.53330994 64.60125732 64.81356812 253.67745972 58.60126114 64.81359863 253.67745972 64.60125732 64.76483917 253.96165466 58.60126114 64.76486969 253.96165466 64.60125732 64.6687851 254.23353577 58.60126114 64.66880798 254.23353577 64.60126495 64.5281601 254.48524475 58.60126495 64.52819061 254.48524475 64.60126495 64.34702301 254.70959473 58.60126495 64.3470459 254.70959473 64.60126495 64.13056946 254.90010071 58.60126495 64.13059998 254.90010071 64.60126495 63.88504028 255.05125427 58.60126495 63.88506699 255.05125427 64.60126495 63.61749268 255.15878296 58.60126877 63.61751938 255.15878296 64.60126495 63.33562469 255.21951294 58.60126877 63.3356514 255.21951294 64.60126495 63.04754639 255.23176575 58.60126877 63.04756927 255.23176575 64.60126495 62.76153946 255.19514465 58.60127258 62.76156616 255.19514465 64.60127258 62.48583984 255.11071777 58.60127258 62.48586273 255.11071777 64.60127258 62.22837067 254.980896 58.60127258 62.22839737 254.980896 64.60127258 61.9965477 254.80943298 58.60127258 61.9965744 254.80943298 64.60127258 61.79703522 254.60127258 58.6012764 61.79706192 254.60127258 64.60127258 61.63557053 254.36238098 58.6012764 61.63559723 254.36238098 64.60127258 61.51680374 254.09963989 58.6012764 61.51683044 254.09963989 64.60127258 61.44414902 253.82060242 58.6012764 61.44417572 253.82060242 64.60127258 61.41969681 253.53330994 58.6012764 61.41972351 253.53330994 64.60127258 61.44414902 253.24598694 58.6012764 61.44417572 253.24598694 64.60127258 61.51680374 252.96696472 58.6012764 61.51683044 252.96696472 64.60127258 61.63557053 252.70420837 58.6012764 61.63559723 252.70420837 64.60127258 61.79703522 252.46530151 58.6012764 61.79706192 252.46530151 64.60127258 61.9965477 252.25714111 58.60127258 61.9965744 252.25714111 64.60127258 62.22837067 252.08569336 58.60127258 62.22839737 252.08569336 64.60127258 62.48583984 251.9559021 58.60127258 62.48586273 251.9559021 64.60127258 62.76153946 251.87142944 58.60127258 62.76156616 251.87142944 64.60127258 63.04754639 251.83483887 58.60126877 63.04756927 251.83483887 64.60126495 63.33562469 251.84706116 58.60126877 63.3356514 251.84706116 64.60126495 63.61749268 251.90779114 58.60126877 63.61751938 251.90779114 64.60126495 63.88504028 252.01531982 58.60126495 63.88506699 252.01531982 64.60126495 64.13056946 252.16650391 58.60126495 64.13059998 252.16650391 64.60126495 64.34702301 252.35700989 58.60126495 64.3470459 252.35700989 64.60126495 64.5281601 252.58132935 58.60126495 64.52819061 252.58132935 64.60126495 64.6687851 252.83306885 58.60126114 64.66880798 252.83306885 64.60126495 64.76483917 253.10491943 58.60126114 64.76486969 384.10342407 64.60125732 64.81359863 384.38760376 64.60125732 64.81356812 384.38760376 58.60126114 64.81972504 384.5317688 64.60125732 64.81356812 384.67596436 58.60126114 64.81359863 384.67596436 64.60125732 64.76483917 384.96014404 58.60126114 64.76486969 384.96014404 64.60125732 64.6687851 385.23199463 58.60126114 64.66880798 385.23199463 64.60126495 64.5281601 385.48373413 58.60126495 64.52819061 385.48373413 64.60126495 64.34702301 385.70806885 58.60126495 64.3470459 385.70806885 64.60126495 64.13056946 385.89855957 58.60126495 64.13059998 385.89855957 64.60126495 63.88504028 386.04974365 58.60126495 63.88506699 386.04974365 64.60126495 63.61749268 386.15725708 58.60126877 63.61751938 386.15725708 64.60126495 63.33562469 386.21801758 58.60126877 63.3356514 386.21801758 64.60126495 63.04754639 386.23022461 58.60126877 63.04756927 386.23022461 64.60126495 62.76153946 386.19360352 58.60127258 62.76156616 386.19360352 64.60127258 62.48583984 386.10916138 58.60127258 62.48586273 386.10916138 64.60127258 62.22837067 385.97937012 58.60127258 62.22839737 385.97937012 64.60127258 61.9965477 385.80792236 58.60127258 61.9965744 385.80792236 64.60127258 61.79703522 385.59976196 58.6012764 61.79706192 385.59976196 64.60127258 61.63557053 385.36087036 58.6012764 61.63559723 385.36087036 64.60127258 61.51680374 385.09811401 58.6012764 61.51683044 385.09811401 64.60127258 61.44414902 384.8190918 58.6012764 61.44417572 384.8190918 64.60127258 61.41969681 384.5317688 58.6012764 61.41972351 384.5317688 64.60127258 61.44414902 384.24447632 58.6012764 61.44417572 384.24447632 64.60127258 61.51680374 383.96542358 58.6012764 61.51683044 383.96542358 64.60127258 61.63557053 383.70269775 58.6012764 61.63559723 383.70269775 64.60127258 61.79703522 383.46380615 58.6012764 61.79706192 383.46380615 64.60127258 61.9965477 383.25564575 58.60127258 61.9965744 383.25564575 64.60127258 62.22837067 383.08416748 58.60127258 62.22839737 383.08416748 64.60127258 62.48583984 382.9543457 58.60127258 62.48586273 382.9543457 64.60127258 62.76153946 382.86993408 58.60127258 62.76156616 382.86993408 64.60127258 63.04754639 382.83331299 58.60126877 63.04756927 382.83331299 64.60126495 63.33562469 382.84555054 58.60126877 63.3356514 382.84555054 64.60126495 63.61749268 382.90628052 58.60126877 63.61751938 382.90628052 64.60126495 63.88504028 383.01382446 58.60126495 63.88506699 383.01382446 64.60126495 64.13056946 383.16497803 58.60126495 64.13059998 383.16497803 64.60126495 64.34702301 383.35546875 58.60126495 64.3470459 383.35546875 64.60126495 64.5281601 383.57983398 58.60126495 64.52819061 383.57983398 64.60126495 64.6687851 383.83154297 58.60126114 64.66880798 383.83154297 64.60126495 64.76483917 384.10342407 58.60126114 66.96971893 353.03399658 68.60124969 66.96971893 353.03399658 58.60125351 66.96971893 391.1600647 68.60124969 66.96971893 391.1600647 58.60125351 66.96971893 416.81680298 58.60125351 66.96971893 416.81680298 68.60124969 116.96971893 255.98373413 68.60103607 116.96971893 353.03399658 58.60125351 116.96971893 353.03399658 68.60124969 116.96971893 365.98376465 68.60103607 116.96971893 391.1600647 68.60103607 116.96971893 391.1600647 58.60125351 116.96971893 255.98373413 58.60125351 116.96971893 428.06448364 58.60103226 116.96971893 416.81680298 68.60103607 116.96971893 428.06448364 68.60103607 116.96971893 416.81680298 58.60125351 121.63665771 381.59909058 68.60101318 121.13194275 381.53448486 68.60102081 119.65400696 381.85299683 68.60102081 119.22072601 382.11978149 68.60102844 124.00462341 384.5317688 68.60100555 123.96146393 384.02478027 68.60100555 123.83325195 383.53234863 68.60100555 123.62366486 383.06869507 68.60100555 123.33872986 382.64712524 68.60100555 120.62356567 381.55606079 68.60102081 120.12615204 381.66326904 68.60102081 118.83875275 382.45593262 68.60102844 118.51908875 382.85183716 68.60102844 118.27093506 383.29608154 68.60102844 120.12615204 387.40026855 68.60102081 119.65400696 387.21054077 68.60102081 119.22072601 386.9437561 68.60102844 118.83875275 386.60757446 68.60102844 122.12319183 387.31546021 68.60101318 121.63665771 387.46444702 68.60101318 121.13194275 387.52908325 68.60102081 120.62356567 387.50747681 68.60102081 122.57754517 387.08636475 68.60101318 122.98664093 386.78378296 68.60100555 123.33872986 386.41644287 68.60100555 123.62366486 385.99484253 68.60100555 123.83325195 385.53118896 68.60100555 123.96146393 385.03875732 68.60100555 122.98664093 382.27975464 68.60100555 122.57754517 381.97720337 68.60101318 122.12319183 381.74810791 68.60101318 118.10142517 383.77581787 68.60102844 118.01542664 384.27734375 68.60102844 118.01542664 384.78619385 68.60102844 118.10142517 385.28768921 68.60102844 118.27093506 385.76748657 68.60102844 118.51908875 386.21170044 68.60102844 123.62366486 251.90681458 68.60100555 123.33872986 251.48522949 68.60100555 119.65400696 250.69111633 68.60102081 119.22072601 250.957901 68.60102844 122.4769516 255.98373413 68.60101318 122.57754517 255.92446899 68.60101318 122.98664093 255.62191772 68.60100555 123.33872986 255.25453186 68.60100555 121.13194275 250.37258911 68.60102081 120.62356567 250.39419556 68.60102081 120.12615204 250.50138855 68.60102081 118.83875275 251.29408264 68.60102844 118.51908875 251.68997192 68.60102844 118.27093506 252.13417053 68.60102844 118.10142517 252.6139679 68.60102844 118.01542664 253.11547852 68.60102844 118.01542664 253.62431335 68.60102844 118.10142517 254.12583923 68.60102844 119.5322876 255.98373413 68.60102081 119.22072601 255.78189087 68.60102844 118.83875275 255.44572449 68.60102844 122.12319183 250.58621216 68.60101318 121.63665771 250.43722534 68.60101318 118.27093506 254.60559082 68.60102844 118.51908875 255.04981995 68.60102844 123.62366486 254.83297729 68.60100555 123.83325195 254.36932373 68.60100555 123.96146393 253.87689209 68.60100555 122.98664093 251.1178894 68.60100555 122.57754517 250.81530762 68.60101318 124.00462341 253.36990356 68.60100555 123.96146393 252.86289978 68.60100555 123.83325195 252.3704834 68.60100555 141.30184937 222.46176147 65.46070099 144.60473633 222.46176147 64.07347107 146.66223145 222.46177673 62.21852875 141.62872314 222.46176147 65.44316864 142.10202026 222.46176147 65.37367249 142.57182312 222.46176147 65.24488068 142.78723145 222.46176147 65.16653442 143.05705261 222.46176147 65.05187988 143.7256012 222.46176147 64.69287109 144.10777283 240.61035156 60.44512558 144.21485901 237.22160339 60.89547729 143.36187744 237.22979736 61.3928299 144.20300293 239.84817505 60.49522018 136.37176514 224.71289062 63.17195129 136.44540405 227.20925903 62.56069183 136.87167358 227.20585632 62.89015579 132.70838928 224.73312378 59.12656403 133.44418335 224.72869873 59.9257164 134.85017395 224.72041321 61.59056473 134.90730286 227.22373962 61.08335495 139.3299408 227.19024658 63.97968674 138.8006897 227.19317627 63.8524971 138.28736877 227.19621277 63.67749023 137.79309082 227.19934082 63.45550156 137.32051086 227.20256042 63.19085693 140.39674377 227.18461609 64.1051178 141.52659607 227.17935181 64.10934448 142.10668945 227.17684937 64.02816772 142.66487122 227.17443848 63.86555862 143.198349 227.17211914 63.63667679 143.70574951 227.16990662 63.35757065 144.65270996 227.16571045 62.6989212 145.61355591 229.24327087 61.39904022 143.2518158 247.42687988 60.05107117 143.11990356 247.42625427 60.1063118 143.1053772 248.54743958 59.99304199 142.69778442 247.42951965 60.26242065 143.03178406 249.10142517 59.96482086 142.26278687 247.43295288 60.38821793 142.668396 251.72895813 59.83405685 140.36230469 261.96948242 59.25627518 140.58106995 261.53286743 59.29669571 140.40036011 252.56266785 59.98247528 140.70252991 261.24353027 59.32018661 141.17671204 259.78894043 59.41966248 141.27249146 259.42886353 59.44137573 141.31568909 252.55656433 59.99827957 141.58488464 258.09594727 59.51635361 141.75776672 252.5537262 59.958992 141.96018982 256.18200684 59.61553192 142.19364929 252.55105591 59.88258743 142.31782532 254.05755615 59.72034836 139.62451172 262.57559204 59.13619232 139.634552 262.57678223 59.13767242 139.55334473 262.55990601 59.12581253 139.69694519 262.57836914 59.14696121 139.76014709 262.56976318 59.15653229 139.79498291 262.56057739 59.16187668 139.86256409 262.53375244 59.17238617 139.93328857 262.49282837 59.18358231 139.97419739 262.46316528 59.19016266 140.07589722 262.37033081 59.20682526 140.18711853 262.23843384 59.22557831 139.1449585 262.23318481 59.06987 139.30776978 262.41021729 59.09144974 139.45825195 252.5693512 59.86309052 139.40681458 262.48809814 59.10503769 139.49436951 262.53735352 59.11735535 136.06811523 250.47102356 58.79930878 136.31956482 251.86225891 58.81368637 136.77215576 252.59289551 58.96257782 137.31715393 256.79492188 58.88243866 137.64115906 252.5844574 59.32689667 138.06965637 259.71514893 58.94859314 138.5369873 252.57658386 59.63812637 138.4725647 260.91448975 58.98999786 138.94381714 261.93457031 59.04446411 135.10321045 242.41162109 58.96432877 135.09199524 239.86868286 59.21979523 134.52662659 241.16827393 58.73257446 134.32632446 239.88342285 58.72628021 132.87435913 229.77090454 58.69405365 133.1889801 232.11749268 58.69917679 133.49659729 232.28608704 58.92159271 133.21286011 232.29118347 58.69960403 133.487854 234.25230408 58.70494843 143.89614868 242.3109436 60.33847427 143.22737122 242.31535339 60.68214417 142.79322815 242.31938171 60.8624115 142.34301758 242.32354736 61.008358 141.87608337 242.3278656 61.11095047 135.73324585 248.54968262 58.78179932 136.73730469 242.38583374 59.94641495 137.59959412 242.37388611 60.39813232 138.50848389 242.36256409 60.76838303 139.45765686 242.35185242 61.02095032 140.42645264 242.34178162 61.14536285 141.39686584 242.33235168 61.16170883 138.46000671 237.27937317 61.54234695 139.43322754 237.26831055 61.80988693 138.88128662 232.2114563 62.66504669 145.17932129 232.33403015 61.08934402 144.41741943 232.16583252 61.70195389 143.52282715 232.17294312 62.27437592 142.90939331 237.23410034 61.60140228 143.04560852 232.17668152 62.51584625 142.43757629 237.23857117 61.77105713 142.54571533 232.18057251 62.71311569 141.94636536 237.24316406 61.89061356 142.02380371 232.18457031 62.85266495 141.43972778 237.24790955 61.94954681 141.48326111 232.18873596 62.92174911 140.42671204 237.25782776 61.93535233 140.41659546 232.19741821 62.91166687 139.39001465 232.20664978 62.78602219 134.959198 229.73744202 60.62231827 133.46583557 227.23965454 59.55379868 132.71202087 227.24815369 58.82959747 135.58084106 224.71655273 62.40684128 135.64976501 227.21632385 61.84311295 136.51345825 229.71775818 62.00206757 137.44273376 232.22668457 62.05914688 136.5748291 232.23750305 61.49628067 133.94110107 237.35212708 58.71550751 135.07177734 237.32936096 59.50948715 135.00463867 232.26072693 60.20767212 133.48370361 229.75900269 59.21902847 132.67889404 228.25296021 58.69133377 136.6736908 237.30322266 60.6340332 137.53707886 237.29101562 61.13780594 137.90504456 232.22148132 62.29877472 138.38528442 232.21640015 62.50216675 132.55381775 227.25398254 58.68977356 132.25192261 224.73899841 58.68656158 125.96972656 428.06448364 58.60099411 125.96972656 428.06448364 58.71922684 126.4694519 428.06448364 58.70331192 126.96977234 428.06448364 58.70126343 127.68904114 428.06448364 58.69933319 135.75012207 428.06448364 58.78263855 142.60935974 428.06448364 59.81409073 140.30570984 428.06448364 59.24620056 144.14834595 428.06448364 60.46631622 145.62159729 428.06448364 61.40499115 148.24819946 428.06448364 63.39224243 149.31204224 428.06448364 63.96412659 150.11575317 428.06448364 64.24478912 150.94580078 428.06448364 64.39382172 151.74107361 428.06448364 64.40656281 152.59823608 428.06448364 64.2848587 153.56317139 428.06448364 63.9929924 154.81544495 428.06448364 63.39305496 156.41986084 428.06448364 62.31175232 158.36294556 428.06448364 60.63231659 160.7328949 428.06448364 58.22491455 166.03775024 428.06448364 52.54632187 171.00254822 428.06448364 48.06210709 174.91091919 428.06448364 44.6421051 174.19802856 428.06448364 44.64212799 174.52261353 428.06448364 44.32409668 183.19241333 384.7593689 32 182.62835693 384.7593689 37 181.76644897 384.7593689 34.70216751 180.36901855 384.7593689 37 182.62835693 254.7593689 37 180.36901855 254.7593689 37 181.76644897 254.7593689 34.70216751 183.19241333 254.7593689 32 181.06037903 222.48379517 35.89983368 183.19241333 224.45895386 32 182.90837097 223.71022034 32.5733757 183.18814087 224.34387207 32.00876999 182.69844055 223.27908325 32.98500061 182.63903809 223.21786499 33.09971237 183.17536926 224.22938538 32.03495407 183.17115784 224.2026062 32.04360962 183.16046143 224.14501953 32.06547928 183.14399719 224.07312012 32.09911728 183.09721375 223.92025757 32.19435501 183.06517029 223.8380127 32.25928497 183.01530457 223.72982788 32.35982513 182.90434265 223.53903198 32.58138275 182.43505859 223.03866577 33.48776245 182.20608521 222.87995911 33.91326523 182.13728333 222.83914185 34.03908157 181.79562378 222.67396545 34.65089035 181.46736145 222.56427002 35.21935654 181.79753113 427.84869385 34.64754105 182.10256958 427.7038269 34.10222626 178.45437622 428.06448364 39.74041367 180.67008972 428.06448364 36.52930069 181.06025696 428.03964233 35.90001297 181.42765808 427.96960449 35.28687668 182.67796326 426.87399292 33.02462387 182.91075134 426.97467041 32.56867218 182.93783569 426.93212891 32.51482391 183.06039429 426.69665527 32.26892471 183.11701965 426.54476929 32.15410233 183.14561462 426.44393921 32.09584045 183.16049194 426.37823486 32.0654068 183.17028809 426.32595825 32.04536819 183.18540955 426.21182251 32.01438141 183.18708801 426.19290161 32.01092148 183.192276 426.08517456 32.0002861 183.19241333 426.06448364 32 182.13877869 427.68344116 34.03636169 182.20727539 427.64273071 33.91106415 182.44038391 427.48065186 33.47777557 182.49284363 427.43826294 33.37874222 182.69810486 427.24472046 32.985672 182.78166199 427.14959717 32.82302475 9.41721344 222.4589386 44.32378387 9.74135876 222.4589386 44.6421051 9.0282259 222.4589386 44.64215088 4.19217348 222.4589386 43.83229828 3.26915836 222.4589386 36.52764511 5.67896652 222.4589386 39.99483109 24.24691582 222.4589386 130.60429382 17.90749359 222.4589386 109.67029572 15.85714531 222.4589386 102.1424942 20.96282768 222.4589386 120.14472961 28.03201294 222.4589386 62.69161987 29.63913155 222.4589386 63.66824341 13.26050568 222.4589386 91.88371277 10.89169121 222.4589386 81.61598969 9.11240292 222.4589386 73.14598083 10.62674046 222.4589386 46.13121414 30.07701874 222.4589386 63.87134552 31.16821861 222.4589386 64.24429321 32.00720215 222.4589386 64.39128113 45.27432632 222.4589386 65.17884827 46.08123016 222.4589386 64.85906219 66.96971893 222.4589386 68.60124969 46.75445175 222.4589386 64.47107697 46.88519669 222.4589386 64.3814621 40.28279114 222.4589386 64.73578644 40.87615204 222.4589386 65.05008698 36.38905716 222.4589386 62.90935135 35.41071701 222.4589386 63.563591 7.20309448 222.4589386 63.06863403 5.52100706 222.4589386 52.98876953 16.32304573 222.4589386 51.00711441 21.19315338 222.4589386 56.04021072 25.5200119 222.4589386 60.57905579 32.85253525 222.4589386 64.40524292 33.69645309 222.4589386 64.27667236 34.51382446 222.4589386 64.0117569 47.63764572 222.4589386 63.76815414 47.81628036 222.4589386 63.59879684 48.42476654 222.4589386 62.95814514 41.14229202 222.4589386 65.1636734 41.53691101 222.4589386 65.29901886 41.83135605 222.4589386 65.37332916 42.17782974 222.4589386 65.4305191 42.307724 222.4589386 65.44380951 42.96382904 222.4589386 65.46409607 43.56764603 222.4589386 65.45149231 44.38523483 222.4589386 65.3764801 39.17541504 222.4589386 63.94733429 37.47679901 222.4589386 62.4113884 37.2763176 222.45892334 62.21889496 39.32394791 222.4589386 64.06619263 40.20635223 222.4589386 64.68938446 49.01889801 222.4589386 62.2466774 49.14461899 222.4589386 62.08784485 50.516922 222.4589386 60.29274368 57.96971893 222.4589386 58.60129166 66.96971893 222.4589386 58.60125351 57.96971893 222.4589386 58.71920013 57.46994781 222.4589386 58.70330811 56.96959305 222.4589386 58.70126343 51.94428253 222.4601593 58.68441772 51.36771011 222.4589386 59.27400208 51.23585892 222.4589386 59.42144394 179.74726868 428.06448364 43.83229828 159.69252014 428.06448364 130.60429382 166.0319519 428.06448364 109.67029572 168.08229065 428.06448364 102.1424942 162.97660828 428.06448364 120.14472961 170.67893982 428.06448364 91.88371277 173.04774475 428.06448364 81.61598969 174.82704163 428.06448364 73.14598083 176.73634338 428.06448364 63.06863403 178.41844177 428.06448364 52.98876953 181.72937012 426.06448364 44.0993042 180.83059692 426.06448364 50.43357086 182.07139587 224.45895386 41.50348663 182.97381592 426.06448364 33.99868774 175.57022095 349.99710083 79.41718292 175.57022095 249.99711609 79.41718292 177.67797852 224.45895386 68.99040222 175.5650177 249.6860199 79.44152832 175.54983521 249.3868103 79.51257324 175.54693604 249.34609985 79.52610779 174.72219849 350.64736938 83.30852509 174.75004578 350.93606567 83.18308258 173.71121216 351.11795044 87.76076508 175.52005005 249.05734253 79.6517334 175.47990417 248.76855469 79.83900452 175.43359375 248.53311157 80.05456543 175.37568665 248.32264709 80.3234787 175.31433105 248.16828918 80.60761261 176.78794861 224.45895386 73.53951263 175.24328613 248.05596924 80.93557739 174.58317566 224.45895386 83.93225861 175.02598572 248.06448364 81.93192291 174.95993042 248.17102051 82.2328949 173.71121216 224.45895386 87.76076508 175.03120422 248.05830383 81.90814209 175.17346191 248.0035553 81.25681305 175.10247803 248.00395203 81.58234406 175.09585571 248.00668335 81.61264801 173.73497009 350.94909668 87.65829468 173.74530029 350.8616333 87.61369324 174.70343018 350.30773926 83.39292145 173.76570129 350.64657593 87.52557373 173.77032471 350.58508301 87.50556183 174.72213745 249.34762573 83.30879211 174.71557617 249.44096375 83.33830261 173.78562927 249.69967651 87.43942261 173.7844696 350.32632446 87.44446564 173.78556824 350.29620361 87.43968201 174.69802856 349.99710083 83.41718292 173.79077148 349.99710083 87.41718292 174.69802856 249.99711609 83.41718292 173.79077148 249.99711609 87.41718292 174.70169067 249.7412262 83.40074921 174.70410156 249.6678772 83.38990021 173.76570129 249.34759521 87.52558899 173.77514648 249.48162842 87.48475647 174.95063782 248.19046021 82.27510834 174.8986969 248.32273865 82.51102448 174.88949585 248.35073853 82.552742 174.84115601 248.52561951 82.77170563 174.83552551 248.54945374 82.79714203 174.82659912 248.58905029 82.83753204 174.79165649 248.76860046 82.99539948 174.78147888 248.83001709 83.04135132 174.75160217 249.04515076 83.17610168 173.7844696 249.66790771 87.44446564 174.74580383 249.09501648 83.20219421 174.73997498 249.14904785 83.22848511 173.71121216 248.87626648 87.76076508 173.73497009 249.04508972 87.65830994 173.74891663 249.16589355 87.59809875 174.71917725 350.60653687 83.32207489 174.79141235 351.22421265 82.99649811 174.83909607 351.46002197 82.7809906 173.71121216 426.06448364 87.76076508 174.89828491 351.67025757 82.51290131 174.96084595 351.82507324 82.22867584 175.00126648 426.06448364 82.04464722 175.03285217 351.93780518 81.9006424 176.78794861 426.06448364 73.53951263 177.67797852 426.06448364 68.99040222 175.1031189 351.99050903 81.57939911 175.17308044 351.99081421 81.25856018 175.1809082 351.98764038 81.22257233 175.24530029 351.93591309 80.92623138 175.25022888 351.93002319 80.90354156 175.31536865 351.8237915 80.60281372 175.32473755 351.80386353 80.55948639 175.37571716 351.67147827 80.323349 175.38461304 351.64379883 80.28209686 175.43185425 351.46859741 80.06266785 175.43719482 351.44534302 80.03784943 175.44590759 351.40560913 79.99727631 175.47990417 351.22561646 79.83896637 175.48970032 351.16470337 79.79338074 175.5186615 350.94906616 79.65827179 175.52418518 350.89962769 79.63240051 175.52973938 350.8465271 79.60652161 175.54705811 350.64657593 79.52557373 175.55329895 350.55429077 79.49636078 175.56439209 350.32632446 79.44446564 175.56669617 350.25354004 79.43369293 171.84475708 249.34977722 95.52484131 171.81375122 249.06182861 95.6493454 172.85491943 249.67279053 91.39071655 172.87347412 249.36090088 91.31330109 173.13409424 248.16552734 90.22050476 173.11883545 248.19512939 90.28483582 173.18862915 248.08103943 89.99049377 173.06506348 248.32272339 90.51100922 173.05387878 248.35440063 90.5580368 173.00297546 248.52560425 90.77169037 172.99542236 248.55535889 90.80330658 172.94955444 248.76863098 90.99542236 172.9447937 248.79460144 91.01530457 172.90632629 249.04518127 91.17611694 172.90388489 249.06430054 91.1863327 171.86555481 249.68812561 95.44120026 172.84855652 249.99711609 91.41718292 171.86474609 249.66789246 95.44446564 171.84811401 249.39080811 95.51129913 171.76782227 248.77555847 95.83358002 173.26119995 248.01493835 89.68360901 173.20812988 248.05830383 89.90811157 173.6930542 248.76855469 87.83900452 173.66464233 248.62576294 87.96136475 173.6410675 248.52554321 88.06274414 173.60990906 248.41271973 88.19665527 173.58036804 248.32269287 88.32342529 173.54768372 248.239151 88.46347046 173.51254272 248.16551208 88.61390686 173.48040771 248.11123657 88.75123596 173.43939209 248.05828857 88.92629242 173.4087677 248.02984619 89.05683136 173.36289978 248.00395203 89.25205994 173.33543396 247.99769592 89.36870575 173.28509521 248.00395203 89.5823288 171.71420288 248.53900146 96.04827118 171.64811707 248.32997131 96.31236267 171.57672119 248.17304993 96.5969696 172.13442993 224.45895386 94.35472107 171.49514771 248.05955505 96.92131805 171.41362 248.00457764 97.24459076 170.02827454 224.45895386 102.60673523 171.32818604 248.00395203 97.58233643 170.91934204 350.93145752 99.18551636 169.34239197 351.98257446 105.17639923 169.40979004 351.93591309 104.92624664 169.41752625 351.92840576 104.89751434 169.48985291 351.83502197 104.62843323 170.8874054 350.64361572 99.30981445 169.55828857 351.70303345 104.37324524 169.57165527 351.67150879 104.32337952 169.62065125 351.53643799 104.14031982 169.64138794 351.46868896 104.06274414 169.67658997 351.33547974 103.93096924 169.7011261 351.22567749 103.83901215 169.72399902 351.10675049 103.75325012 169.7492981 350.9491272 103.65830994 169.76231384 350.85272217 103.60945129 169.78465271 350.64657593 103.52558136 169.79046631 350.57897949 103.50370026 170.88766479 249.34761047 99.30878448 170.87998962 249.44218445 99.33866119 169.80770874 249.70318604 103.43889618 169.80622864 350.32632446 103.44446564 169.80763245 350.29309082 103.43920898 170.88391113 350.60241699 99.32338715 170.86680603 350.32632446 99.38990021 170.86680603 249.66786194 99.38989258 170.86405945 249.74028015 99.40062714 169.81347656 249.99711609 103.41719055 170.85978699 249.99711609 99.41719055 169.81347656 349.99710083 103.41719055 170.85978699 349.99710083 99.41719055 170.86595154 350.30554199 99.39325714 171.09204102 248.32272339 98.51100922 171.08265686 248.34729004 98.54771423 169.79199219 249.43447876 103.49795532 171.02540588 248.52561951 98.771698 171.01992798 248.54559326 98.79308319 171.00868225 248.58857727 98.83705902 170.96810913 248.76856995 98.99537659 170.95657349 248.82875061 99.04043579 170.92175293 249.0451355 99.17608643 169.80622864 249.6678772 103.44446564 170.91537476 249.09259033 99.20095825 170.90794373 249.15211487 99.2299118 169.78465271 249.34762573 103.52558136 171.16485596 248.16767883 98.22537231 171.15377808 248.18751526 98.26887512 169.76835632 249.19111633 103.58677673 169.74931335 249.0451355 103.65827942 169.73910522 248.97750854 103.69660187 169.70558167 248.79029846 103.82231903 169.70115662 248.7686615 103.83892822 169.66926575 248.62895203 103.95836639 169.63165283 248.49284363 104.09916687 169.59327698 248.37835693 104.24261475 168.91220093 224.45895386 106.76163483 169.6414032 248.52561951 104.06266785 171.24201965 248.06187439 97.92205811 171.32362366 248.00552368 97.60038757 169.25746155 247.99847412 105.49093628 169.23275757 248.00395203 105.58230591 169.57162476 248.32267761 104.32344818 169.51443481 248.20129395 104.53683472 169.4937439 248.16551208 104.61389923 169.44021606 248.09049988 104.81315613 169.40977478 248.05828857 104.92627716 169.37184143 248.02798462 105.06717682 169.32199097 248.00395203 105.25204468 169.31112671 248.00100708 105.29232025 169.16369629 248.04173279 105.83728027 169.14450073 248.05828857 105.90810394 169.09568787 248.1129303 106.08791351 169.05964661 248.1655426 106.22053528 169.04608154 248.18823242 106.27037811 168.9805603 248.32275391 106.51104736 168.91220093 426.06448364 106.76163483 168.97406006 351.65567017 106.53488159 168.9805603 351.67147827 106.5110321 169.0418396 351.79852295 106.28601074 169.05966187 351.82870483 106.2204895 169.11378479 351.90368652 106.02129364 169.14450073 351.93591309 105.90808868 169.18916321 351.97033691 105.74330139 169.23274231 351.99029541 105.58232117 169.26547241 351.99664307 105.46128082 169.32199097 351.99029541 105.25205231 171.02137756 351.45397949 98.78742218 170.96641541 351.21704102 99.00204468 171.02540588 351.46859741 98.77170563 171.08865356 351.66275024 98.52425385 171.16125488 351.82022095 98.23953247 171.81767273 350.90206909 95.63365173 171.82476807 350.84359741 95.60516357 172.85482788 350.3192749 91.39107513 171.84455872 350.64660645 95.52558136 171.85191345 350.55316162 95.49603271 171.86474609 350.32635498 95.44447327 171.86738586 350.25457764 95.43382263 172.84855652 349.99710083 91.41718292 171.871521 349.99710083 95.41718292 171.871521 249.99711609 95.41718292 171.16609192 351.82867432 98.22054291 171.24377441 351.93414307 97.91513062 170.01593018 426.06448364 102.65344238 171.32577515 351.98947144 97.59185791 172.62284851 426.06448364 92.35403442 171.41174316 351.99029541 97.25203705 171.41604614 351.98880005 97.2349472 171.49710083 351.93267822 96.91355896 171.64537048 351.67147827 96.32335663 171.65441895 351.64727783 96.28717804 172.87187195 350.61306763 91.31996918 171.71061707 351.46859741 96.06266785 171.71577454 351.44927979 96.0419693 171.7268219 351.40612793 95.99778748 171.76647949 351.22564697 95.83898926 171.77761841 351.16601562 95.79431915 171.81152344 350.94906616 95.65827942 172.87454224 350.64654541 91.30879974 171.57331848 351.82720947 96.61051941 171.58456421 351.80682373 96.56572723 172.89733887 350.87609863 91.21367645 172.90634155 350.94906616 91.17609406 172.92875671 351.10479736 91.08242035 172.94955444 351.22561646 90.9954071 172.96464539 351.30270386 90.93225861 173.00289917 351.46838379 90.77194977 173.04251099 351.60559082 90.60577393 173.06506348 351.67147827 90.5110321 173.08277893 351.71783447 90.43655396 173.12236023 351.80618286 90.26994324 173.13409424 351.82870483 90.22051239 173.20079041 351.92782593 89.93910217 173.20811462 351.93591309 89.90813446 173.27249146 351.98513794 89.63572693 173.28509521 351.99029541 89.58233643 173.33575439 351.99649048 89.36735535 173.36289978 351.99029541 89.25204468 173.3913269 351.97653198 89.13109589 173.43881226 351.93655396 88.92879486 173.64108276 351.46862793 88.06269836 173.67262268 351.33105469 87.92702484 173.47926331 351.88473511 88.75614929 173.51254272 351.82870483 88.61391449 173.54734802 351.75588989 88.46494293 173.62744141 351.52050781 88.12130737 173.5803833 351.67147827 88.323349 173.5945282 351.63021851 88.26265717 173.6930542 351.22564697 87.838974 168.97592163 248.33398438 106.52804565 168.91220093 248.5164032 106.76163483 167.10542297 224.45895386 113.21447754 168.87234497 248.6632843 106.90746307 163.93283081 224.45895386 123.85289001 168.84829712 248.76861572 106.99541473 168.8369751 248.82368469 107.03678131 168.80622864 248.99684143 107.14907837 168.79882812 249.04516602 107.17610168 168.78022766 249.1829071 107.24394989 168.76245117 249.34767151 107.30880737 168.75968933 249.37776184 107.31887054 168.74485779 249.57873535 107.37293243 168.74020386 249.66789246 107.38990784 168.73579407 249.78587341 107.40599823 168.73271179 249.99711609 107.41719055 168.73271179 349.99710083 107.41719055 163.26028442 426.06448364 126.0100174 168.73574829 350.20715332 107.40612793 168.74020386 350.32632446 107.38990784 168.74328613 350.38775635 107.37866974 168.76245117 350.64657593 107.30879974 168.76734924 350.69644165 107.2909317 168.79393005 350.91522217 107.19400787 168.79882812 350.94903564 107.17610931 168.81828308 351.06994629 107.10508728 167.9576416 426.06448364 110.21040344 168.86180115 351.28649902 106.94606018 168.91220093 351.47781372 106.76163483 168.84831238 351.22564697 106.99539185 164.89074707 426.06448364 120.7244873 178.70532227 426.06448364 63.41952133 178.51339722 224.45895386 64.48938751 180.39468384 426.06448364 53.29609299 180.24232483 224.45895386 54.26895142 180.83059692 224.45895386 50.43357086 181.73234558 224.45895386 44.07723236 161.59457397 224.45895386 131.22254944 161.59457397 426.06448364 131.22254944 89.73258209 349.50567627 58.60125351 88.82387543 349.04751587 58.60125351 88.00567627 348.44238281 58.60125351 87.30150604 347.70767212 58.60125351 97.94810486 279.00378418 58.60125351 97.77611542 280.00680542 58.60125351 91.71507263 337.9437561 58.60125351 97.43709564 280.96633911 58.60125351 96.94078064 281.85476685 58.60125351 95.53752136 339.11437988 58.60125351 96.30146027 339.78671265 58.60125351 96.94078064 347.29821777 58.60125351 96.30146027 348.08996582 58.60125351 86.05602264 344.95233154 58.60125351 85.96971893 343.93835449 58.60125351 86.05602264 342.92431641 58.60125351 89.73258209 284.06225586 58.60125351 88.82387543 283.60412598 58.60125351 88.00567627 282.99899292 58.60125351 87.30150604 282.26425171 58.60125351 86.73163605 346.86453247 58.60125351 86.31245422 345.93719482 58.60125351 96.30146027 282.64657593 58.60125351 95.53752136 283.31890869 58.60125351 94.67094421 283.85247803 58.60125351 89.73258209 272.9276123 58.60125351 66.96971893 255.98373413 58.60125351 88.82387543 273.38577271 58.60125351 88.00567627 273.99090576 58.60125351 97.43709564 346.409729 58.60125351 91.71507263 284.48953247 58.60125351 90.7056427 284.36026001 58.60125351 88.82387543 338.8291626 58.60125351 88.00567627 339.43429565 58.60125351 86.73163605 281.42108154 58.60125351 86.31245422 280.49377441 58.60125351 86.05602264 279.50894165 58.60125351 89.73258209 338.3710022 58.60125351 90.7056427 338.07302856 58.60125351 92.73182678 284.44631958 58.60125351 93.72665405 284.23193359 58.60125351 85.96971893 278.49493408 58.60125351 86.05602264 277.48092651 58.60125351 86.31245422 276.49612427 58.60125351 86.31245422 341.93951416 58.60125351 86.73163605 341.01217651 58.60125351 87.30150604 340.16900635 58.60125351 86.73163605 275.5687561 58.60125351 87.30150604 274.72561646 58.60125351 90.7056427 272.62960815 58.60125351 91.71507263 272.50033569 58.60125351 96.94078064 340.57849121 58.60125351 97.43709564 341.46691895 58.60125351 97.77611542 342.42648315 58.60125351 97.94810486 343.42950439 58.60125351 95.53752136 348.7623291 58.60125351 94.67094421 349.29589844 58.60125351 93.72665405 349.675354 58.60125351 92.73182678 349.88977051 58.60125351 91.71507263 349.93295288 58.60125351 90.7056427 349.80368042 58.60125351 92.73182678 272.54354858 58.60125351 93.72665405 272.75793457 58.60125351 94.67094421 273.13739014 58.60125351 96.94078064 275.13510132 58.60125351 97.43709564 276.02352905 58.60125351 97.94810486 344.44717407 58.60125351 97.77611542 345.45022583 58.60125351 95.53752136 273.67092896 58.60125351 96.30146027 274.34332275 58.60125351 97.77611542 276.98309326 58.60125351 97.94810486 277.9861145 58.60125351 92.73182678 337.98693848 58.60125351 93.72665405 338.20135498 58.60125351 94.67094421 338.58078003 58.60125351 66.96971893 255.98373413 68.60124969 15.02724743 224.45895386 106.76163483 15.02724743 248.5164032 106.76163483 14.96351528 248.33398438 106.52804565 14.95888042 248.32275391 106.51104736 14.89335251 248.18823242 106.27037811 14.8798008 248.1655426 106.22053528 14.84375477 248.1129303 106.08791351 14.79494572 248.05828857 105.90810394 14.77573776 248.04173279 105.83728027 14.70668602 248.00395203 105.58230591 14.68198013 247.99847412 105.49093628 14.62832069 248.00100708 105.29232025 14.61745071 248.00395203 105.25204468 14.56760597 248.02798462 105.06717682 14.52966785 248.05828857 104.92627716 14.49923229 248.09049988 104.81315613 14.44569206 248.16551208 104.61389923 14.42500973 248.20129395 104.53683472 14.3678112 248.32267761 104.32344818 14.34616756 248.37835693 104.24261475 12.77457905 248.16767883 98.22537231 14.3077898 248.49284363 104.09916687 14.29803658 248.52561951 104.06266785 14.27017117 248.62895203 103.95836639 14.23829079 248.7686615 103.83892822 14.23385715 248.79029846 103.82231903 14.20033741 248.97750854 103.69660187 14.19013023 249.0451355 103.65827942 14.17108631 249.19111633 103.58677673 14.15479183 249.34762573 103.52558136 14.14744568 249.43447876 103.49795532 13.01768398 249.0451355 99.17608643 14.13321495 249.6678772 103.44446564 12.98287487 248.82875061 99.04043579 12.97132683 248.76856995 98.99537659 12.93076611 248.58857727 98.83705902 12.91950798 248.54559326 98.79308319 12.91403961 248.52561951 98.771698 12.85678101 248.34729004 98.54771423 12.84740829 248.32272339 98.51100922 12.78565788 248.18751526 98.26887512 13.05945206 249.44218445 99.33866119 14.13173199 249.70318604 103.43889618 13.07263184 249.66786194 99.38989258 13.07538891 249.74028015 99.40062714 13.05177021 249.34761047 99.30878448 13.03150463 249.15211487 99.2299118 13.02406979 249.09259033 99.20095825 12.6974287 248.06187439 97.92205811 13.92351818 224.45895386 102.65344238 12.61582184 248.00552368 97.60038757 12.61125469 248.00395203 97.58233643 11.31659698 224.45895386 92.35403442 12.52582645 248.00457764 97.24459076 12.44429493 248.05955505 96.92131805 10.22823143 224.45895386 87.76076508 12.36271858 248.17304993 96.5969696 12.29131985 248.32997131 96.31236267 10.65434551 248.00395203 89.5823288 10.604002 247.99769592 89.36870575 10.6782465 248.01493835 89.68360901 10.57654572 248.00395203 89.25205994 10.53067303 248.02984619 89.05683136 10.50004387 248.05828857 88.92629242 10.45902824 248.11123657 88.75123596 10.42690086 248.16551208 88.61390686 10.39175701 248.239151 88.46347046 10.35907841 248.32269287 88.32342529 10.32953739 248.41271973 88.19665527 10.29837132 248.52554321 88.06274414 10.27480507 248.62576294 87.96136475 10.24638081 248.76855469 87.83900452 10.22823143 248.87626648 87.76076508 10.22823143 351.11795044 87.76076508 10.24638081 351.22564697 87.838974 10.22823143 426.06448364 87.76076508 10.26682568 351.33105469 87.92702484 10.29835606 351.46862793 88.06269836 10.31199837 351.52050781 88.12130737 10.34491539 351.63021851 88.26265717 10.3590641 351.67147827 88.323349 10.39209938 351.75588989 88.46494293 10.42690086 351.82870483 88.61391449 10.46018314 351.88473511 88.75614929 10.50063229 351.93655396 88.92879486 10.54811478 351.97653198 89.13109589 10.57654572 351.99029541 89.25204468 10.60368156 351.99649048 89.36735535 10.65434551 351.99029541 89.58233643 10.6669445 351.98513794 89.63572693 10.7313242 351.93591309 89.90813446 10.73864841 351.92782593 89.93910217 10.80534649 351.82870483 90.22051239 10.8170805 351.80618286 90.26994324 10.85666561 351.71783447 90.43655396 10.87437534 351.67147827 90.5110321 10.97479439 351.30270386 90.93225861 12.3661232 351.82720947 96.61051941 10.93653584 351.46838379 90.77194977 12.44234276 351.93267822 96.91355896 10.89692879 351.60559082 90.60577393 10.98988247 351.22561646 90.9954071 11.01069164 351.10479736 91.08242035 11.03310299 350.94906616 91.17609406 11.04210281 350.87609863 91.21367645 11.06489468 350.64654541 91.30879974 11.06756973 350.61306763 91.31996918 12.17296696 351.22564697 95.83898926 12.21261883 351.40612793 95.99778748 12.22366142 351.44927979 96.0419693 12.22883129 351.46859741 96.06266785 12.28501606 351.64727783 96.28717804 12.29407597 351.67147827 96.32335663 12.3548727 351.80682373 96.56572723 11.80502033 426.06448364 94.35477448 12.12568569 249.06182861 95.6493454 12.09469128 249.34977722 95.52484131 11.08452702 249.67279053 91.39071655 12.09132385 249.39080811 95.51129913 12.07469368 249.66789246 95.44446564 12.0738821 249.68812561 95.44120026 11.0908823 249.99711609 91.41718292 12.06791401 249.99711609 95.41718292 11.0908823 349.99710083 91.41718292 12.06791401 349.99710083 95.41718292 12.07204914 350.25457764 95.43382263 11.08461571 350.3192749 91.39107513 12.07469368 350.32635498 95.44447327 12.08752441 350.55316162 95.49603271 12.09487724 350.64660645 95.52558136 12.11468124 350.84359741 95.60516357 12.12177467 350.90206909 95.63365173 12.12791348 350.94906616 95.65827942 12.16182137 351.16601562 95.79431915 12.77334976 351.82867432 98.22054291 12.77818489 351.82022095 98.23953247 15.02724743 426.06448364 106.76163483 12.52339077 351.98880005 97.2349472 12.52770424 351.99029541 97.25203705 13.91118813 426.06448364 102.60678864 12.61366177 351.98947144 97.59185791 12.6956625 351.93414307 97.91513062 12.91806221 351.45397949 98.78742218 14.59705067 351.98257446 105.17639923 12.91403961 351.46859741 98.77170563 12.85079098 351.66275024 98.52425385 14.61745071 351.99029541 105.25205231 14.67396355 351.99664307 105.46128082 14.70669365 351.99029541 105.58232117 14.7502718 351.97033691 105.74330139 14.79493809 351.93591309 105.90808868 14.82566452 351.90368652 106.02129364 14.87978554 351.82870483 106.2204895 14.89760685 351.79852295 106.28601074 14.95888042 351.67147827 106.5110321 11.06596756 249.36090088 91.31330109 11.03555393 249.06430054 91.1863327 11.03311062 249.04518127 91.17611694 10.99464321 248.79460144 91.01530457 10.98988914 248.76863098 90.99542236 10.94401646 248.55535889 90.80330658 10.93646908 248.52560425 90.77169037 10.88556671 248.35440063 90.5580368 10.87437534 248.32272339 90.51100922 10.82061195 248.19512939 90.28483582 10.80534649 248.16552734 90.22050476 10.75081539 248.08103943 89.99049377 12.22523308 248.53900146 96.04827118 12.17161846 248.77555847 95.83358002 10.73131752 248.05830383 89.90811157 13.05552578 350.60241699 99.32338715 13.07263184 350.32632446 99.38990021 14.131814 350.29309082 103.43920898 13.07348919 350.30554199 99.39325714 13.07965088 349.99710083 99.41719055 13.07965088 249.99711609 99.41719055 14.12595844 249.99711609 103.41719055 14.12595844 349.99710083 103.41719055 13.05203915 350.64361572 99.30981445 14.13321495 350.32632446 103.44446564 14.14897251 350.57897949 103.50370026 14.15479183 350.64657593 103.52558136 14.17712116 350.85272217 103.60945129 14.19013786 350.9491272 103.65830994 14.2154398 351.10675049 103.75325012 14.23831272 351.22567749 103.83901215 14.26285553 351.33547974 103.93096924 14.29805946 351.46868896 104.06274414 14.31879425 351.53643799 104.14031982 14.36778927 351.67150879 104.32337952 12.97303295 351.21704102 99.00204468 13.02010536 350.93145752 99.18551636 14.5296526 351.93591309 104.92624664 14.38114834 351.70303345 104.37324524 14.44959641 351.83502197 104.62843323 14.52191925 351.92840576 104.89751434 10.20447922 249.04508972 87.65830994 8.97951412 248.17102051 82.2328949 10.19053173 249.16589355 87.59809875 10.17374516 249.34759521 87.52558899 10.16429806 249.48162842 87.48475647 9.18784714 249.04515076 83.17610168 10.1549778 249.66790771 87.44446564 9.1579628 248.83001709 83.04135132 9.14778519 248.76860046 82.99539948 9.11284256 248.58905029 82.83753204 9.10390949 248.54945374 82.79714203 9.09828377 248.52561951 82.77170563 9.04994488 248.35073853 82.552742 9.04074287 248.32273865 82.51102448 8.98879814 248.19046021 82.27510834 9.22387123 249.44096375 83.33830261 10.15381527 249.69967651 87.43942261 9.23533726 249.6678772 83.38990021 9.23775101 249.7412262 83.40074921 9.21730709 249.34762573 83.30879211 9.19947052 249.14904785 83.22848511 9.19363689 249.09501648 83.20219421 8.91345024 248.06448364 81.93192291 8.93817139 224.45895386 82.04464722 8.9082346 248.05830383 81.90814209 8.84358597 248.00668335 81.61264801 8.56375694 248.32264709 80.3234787 8.50584316 248.53311157 80.05456543 6.2614603 224.45895386 68.99040222 8.8369627 248.00395203 81.58234406 8.76598072 248.0035553 81.25681305 7.15149927 224.45895386 73.53951263 8.69616127 248.05596924 80.93557739 8.62511253 248.16828918 80.60761261 8.45953846 248.76855469 79.83900452 8.41938686 249.05734253 79.6517334 8.39250565 249.34609985 79.52610779 8.38960743 249.3868103 79.51257324 8.37442303 249.6860199 79.44152832 8.36921501 249.99711609 79.41718292 8.36921501 349.99710083 79.41718292 8.37274647 350.25354004 79.43369293 6.2614603 426.06448364 68.99040222 8.37504864 350.32632446 79.44446564 8.38614273 350.55429077 79.49636078 8.39238644 350.64657593 79.52557373 8.40970898 350.8465271 79.60652161 8.41525173 350.89962769 79.63240051 8.42078781 350.94906616 79.65827179 8.44974804 351.16470337 79.79338074 8.45953083 351.22561646 79.83896637 8.49352741 351.40560913 79.99727631 8.50224495 351.44534302 80.03784943 8.50758743 351.46859741 80.06266785 8.5548315 351.64379883 80.28209686 8.56372738 351.67147827 80.323349 8.61471176 351.80386353 80.55948639 8.62407684 351.8237915 80.60281372 7.15151405 426.06448364 73.53956604 8.68920994 351.93002319 80.90354156 8.69413471 351.93591309 80.92623138 8.75852966 351.98764038 81.22257233 8.76636028 351.99081421 81.25856018 9.35628223 426.06448364 83.93231964 8.83632183 351.99050903 81.57939911 8.90659523 351.93780518 81.9006424 8.97859001 351.82507324 82.22867584 9.04116058 351.67025757 82.51290131 9.10033989 351.46002197 82.7809906 9.14802361 351.22421265 82.99649811 9.18939686 350.93606567 83.18308258 9.23600769 350.30773926 83.39292145 10.20447159 350.94909668 87.65829468 9.22026443 350.60653687 83.32207489 9.21724701 350.64736938 83.30852509 9.2414093 249.99711609 83.41718292 10.14866638 249.99711609 87.41718292 9.2414093 349.99710083 83.41718292 10.14866638 349.99710083 87.41718292 10.15386772 350.29620361 87.43968201 10.1549778 350.32632446 87.44446564 10.16911125 350.58508301 87.50556183 10.17373848 350.64657593 87.52557373 10.1941452 350.8616333 87.61369324 14.96537781 351.65567017 106.53488159 15.02724743 351.47781372 106.76163483 16.83403587 426.06448364 113.21453094 15.07764339 351.28649902 106.94606018 20.0066185 426.06448364 123.85294342 15.09113598 351.22564697 106.99539185 15.12116241 351.06994629 107.10508728 15.14061546 350.94903564 107.17610931 15.1455183 350.91522217 107.19400787 15.17208672 350.69644165 107.2909317 15.17698956 350.64657593 107.30879974 15.19615936 350.38775635 107.37866974 15.19923687 350.32632446 107.38990784 15.20369244 350.20715332 107.40612793 15.20672417 349.99710083 107.41719055 15.20672417 249.99711609 107.41719055 19.04869843 224.45895386 120.7244873 15.20365524 249.78587341 107.40599823 15.19923687 249.66789246 107.38990784 15.19458008 249.57873535 107.37293243 15.1797533 249.37776184 107.31887054 15.17698956 249.34767151 107.30880737 15.15921211 249.1829071 107.24394989 15.14061546 249.04516602 107.17610168 15.13320923 248.99684143 107.14907837 15.10246849 248.82368469 107.03678131 15.09114361 248.76861572 106.99541473 15.0670929 248.6632843 106.90746307 15.98180103 224.45895386 110.21040344 22.34487152 224.45895386 131.22254944 22.34489441 426.06448364 131.22261047 5.23411465 224.45895386 63.41952133 5.42606401 426.06448364 64.48944855 3.54476261 224.45895386 53.29609299 3.6971271 426.06448364 54.26900864 3.10884428 224.45895386 50.43357086 3.10884428 426.06448364 50.43357086 2.20710778 426.06448364 44.07728958 2.21007323 224.45895386 44.0993042 1.86804676 426.06448364 41.50348663 0.9656325 224.45895386 33.99868774 0.74703246 426.06448364 32 0.74703246 224.45895386 32 0.74806064 426.12841797 32 0.74806064 224.39503479 32 41.36204529 222.46032715 65.24358368 37.27678299 222.46176147 62.21852112 38.27859116 222.4596405 63.16650009 39.2747612 222.46176147 64.02635956 42.30777359 222.46176147 65.44294739 41.83143997 222.46176147 65.37248993 39.32416153 222.46176147 64.06549835 40.20653152 222.46176147 64.68862915 40.87630081 222.46176147 65.04928589 41.15185928 222.46176147 65.16656494 45.96136093 259.40289307 58.93974686 46.29798889 252.58477783 59.32682419 45.40214157 252.57695007 59.63806534 51.23081589 224.73234558 59.12647247 48.28941345 227.21562195 61.84313202 39.28630447 227.16500854 62.69909286 40.23328781 227.16920471 63.35775375 40.74070358 227.1714325 63.63686752 41.27420044 227.17375183 63.86574936 41.83239365 227.17616272 64.02836609 42.41251373 227.1786499 64.10953522 43.54237366 227.18392944 64.10529327 44.60920334 227.18954468 63.97984314 45.13846588 227.19248962 63.85264587 45.65179443 227.19551086 63.67761612 47.49376678 227.20857239 62.56075287 47.06749344 227.20516968 62.89023209 46.61866379 227.20185852 63.19094467 46.14608002 227.19863892 63.45561218 50.49501419 224.72792053 59.92565536 49.03186798 227.22303772 61.08334351 50.47335815 227.23895264 59.5537262 51.25430298 228.29905701 58.69140625 51.38536453 227.25270081 58.68976593 51.2271843 227.24745178 58.82950592 51.6872406 224.73791504 58.68655396 49.85338211 238.3120575 58.71934128 49.99822617 237.35014343 58.71549225 49.64679718 237.34300232 58.95453262 50.44908524 234.26701355 58.70498657 50.44259644 232.2855835 58.9215126 50.7261734 232.29122925 58.69959641 50.45549774 229.75840759 59.21895218 50.8447113 231.42300415 58.69752502 51.06485748 229.76948547 58.69404221 48.83596802 242.41152954 58.96424484 49.21458817 242.41940308 58.73926926 48.86739731 237.32907104 59.50941467 49.64642715 239.66516113 58.72526169 47.44882202 252.77679443 58.82406998 48.62186813 246.07452393 58.76247025 47.20185852 242.38574219 59.9463501 48.74435043 245.33059692 58.75727463 48.83915329 244.75064087 58.75340271 46.58393097 256.96078491 58.88544464 47.18175888 254.15370178 58.84142685 47.16700745 252.59321594 58.96249008 44.45386505 262.53323364 59.11603165 44.53005981 262.48971558 59.10532379 44.48086548 252.56967163 59.86304092 44.62249756 262.41824341 59.09262466 44.72315979 262.31781006 59.07913971 44.88071442 262.11529541 59.05874634 45.10055923 261.74468994 59.03168106 45.62436676 260.47869873 58.97322083 43.81023407 262.31167603 59.2156601 43.59231949 261.99658203 59.25346756 43.53875732 252.56300354 59.98243713 43.35724258 261.53146362 59.29682159 43.91509628 262.42132568 59.19824219 44.01474762 262.4989624 59.18213272 44.09690094 262.54333496 59.16917419 44.16558838 262.56680298 59.15855408 44.18561554 262.5713501 59.15549469 44.248806 262.57888794 59.14594269 44.31308365 262.57598877 59.13639069 44.38511658 262.56030273 59.12587738 42.18131638 252.55406189 59.95896912 42.22012711 257.45153809 59.55056 42.62340546 252.55688477 59.99825287 42.64966202 259.36322021 59.44524765 42.84682465 260.08786011 59.4009552 41.7581749 254.90364075 59.67892838 41.74542618 252.55137634 59.88256836 41.47185135 253.09321594 59.76737595 41.39050674 252.55039978 59.79386139 40.35323334 244.80076599 60.19322205 40.6873703 247.42831421 60.05099106 40.81916046 247.4263916 60.1063118 40.80705261 248.34576416 60.00338364 41.24128723 247.42965698 60.26242065 41.67628479 247.43305969 60.38821793 40.19799042 243.5581665 60.26424789 40.71168518 242.3152771 60.68217087 39.85816956 240.82629395 60.43119812 39.7241745 237.22129822 60.89552689 38.94181824 233.68063354 60.96733856 37.96760941 226.82582092 61.67055511 39.52159882 232.16534424 61.70205688 40.41621399 232.17243958 62.27449417 40.57717133 237.22949219 61.39289093 40.89345169 232.17617798 62.51596832 41.02965927 237.23381042 61.60146713 41.39335632 232.18006897 62.71323395 41.50149918 237.23826599 61.77112198 41.91528702 232.18408203 62.8527832 41.99272537 237.24287415 61.89067841 42.45584488 232.18823242 62.92185974 42.49937439 237.24761963 61.94960022 43.52251816 232.19692993 62.91176987 43.5124054 237.25753784 61.9353981 44.54912567 232.20614624 62.78610229 44.50590134 237.26802063 61.80991745 45.05786514 232.21096802 62.66511917 45.47914124 237.27908325 61.54235458 41.14583588 242.31929016 60.8624382 41.59605789 242.32345581 61.00837708 42.06300354 242.32777405 61.11097336 42.54222107 242.33226013 61.16172409 43.51265717 242.34170532 61.14537048 44.48147583 242.35177612 61.02093887 45.43066406 242.36247253 60.76836014 46.33955383 242.37379456 60.39808273 48.93453979 232.26023865 60.20762253 48.16954422 232.24836731 60.8650589 47.36433411 232.23701477 61.49628067 47.26547241 237.30293274 60.63399124 46.40206528 237.29072571 61.13778687 46.49642563 232.22619629 62.05916977 46.03411865 232.22097778 62.2988205 45.55386734 232.21591187 62.50222778 2.91506195 428.04403687 35.95744324 2.51187372 222.55374146 35.28534698 2.14163971 222.67474365 34.64505386 1.83724618 222.81922913 34.10071564 1.8003881 222.83998108 34.033638 2.88084888 428.03988647 35.90137482 1.73331797 222.87979126 33.91093445 1.02839613 426.97470093 32.56580353 1.24149024 223.2782135 32.9836235 1.14911795 223.38401794 32.8037529 1.00868201 223.57946777 32.52662659 0.90570748 223.76696777 32.32051849 0.87362528 223.83883667 32.25578308 0.83912164 223.92811584 32.18587875 0.79778582 224.06283569 32.10176086 0.77864528 224.1452179 32.06266785 0.77098608 224.18527222 32.04699326 0.7551536 224.29750061 32.0145607 0.77725202 426.37133789 32.05982208 0.75783581 426.24984741 32.02005768 0.78330189 426.40020752 32.07218933 0.82154572 426.54296875 32.15016556 0.88308007 426.70672607 32.27488708 0.99889934 426.92822266 32.50715637 1.4987886 223.04277039 33.47491837 1.44553924 223.08581543 33.3743782 2.50231481 427.96725464 35.26910019 2.11749983 427.83886719 34.60249329 1.14664435 427.13638306 32.79891205 1.24320388 427.24703979 32.98694229 1.52263045 427.49914551 33.51974106 1.80736184 427.68743896 34.04634476 2.87889695 222.48379517 35.89817429 66.07658386 253.02627563 68.60125732 65.94837189 252.53388977 68.60125732 65.73877716 252.07022095 68.60125732 65.45384979 251.64863586 68.60125732 65.10176086 251.28129578 68.60125732 64.69265747 250.97871399 68.60125732 65.73877716 254.99638367 68.60125732 65.94837189 254.5327301 68.60125732 65.10176086 386.78378296 68.60125732 65.45384979 386.41644287 68.60125732 64.23831177 256.31695557 68.60126495 64.69265747 256.08786011 68.60125732 65.10176086 255.78530884 68.60125732 65.45384979 255.41793823 68.60125732 66.07658386 254.04029846 68.60125732 66.11973572 253.53330994 68.60125732 66.07658386 384.02478027 68.60125732 65.94837189 383.53234863 68.60125732 65.73877716 383.06869507 68.60125732 65.45384979 382.64712524 68.60125732 65.10176086 382.27975464 68.60125732 64.69265747 381.97720337 68.60125732 64.23831177 250.74961853 68.60126495 63.75177765 250.60063171 68.60126495 63.24706268 250.53599548 68.60126495 64.69265747 387.08636475 68.60125732 66.11973572 384.5317688 68.60125732 66.07658386 385.03875732 68.60125732 65.73877716 385.99484253 68.60125732 65.94837189 385.53118896 68.60125732 62.73868561 256.50900269 68.60127258 63.24706268 256.53057861 68.60126495 63.75177765 256.4659729 68.60126495 60.63421249 255.21322632 68.60128021 60.95386887 255.60913086 68.60128021 63.24706268 381.53448486 68.60126495 64.23831177 381.74810791 68.60126495 63.75177765 381.59909058 68.60126495 60.38605499 254.76899719 68.60128021 61.33583832 255.94529724 68.60127258 61.76912689 256.21209717 68.60127258 62.24126816 256.40179443 68.60127258 62.73868561 250.55760193 68.60127258 62.24126816 250.66479492 68.60127258 61.76912689 250.85452271 68.60127258 61.33583832 251.12130737 68.60127258 60.95386887 251.45748901 68.60128021 60.63421249 251.8533783 68.60128021 60.38605499 252.2975769 68.60128021 62.24126816 387.40026855 68.60127258 62.24126816 381.66326904 68.60127258 61.76912689 381.85299683 68.60127258 61.33583832 382.11978149 68.60127258 60.95386887 382.45593262 68.60128021 60.95386887 386.60757446 68.60128021 61.33583832 386.9437561 68.60127258 61.76912689 387.21054077 68.60127258 62.73868561 387.50747681 68.60127258 63.24706268 387.52908325 68.60126495 63.75177765 387.46444702 68.60126495 64.23831177 387.31546021 68.60126495 60.21653748 252.77737427 68.60128021 60.13054276 253.27888489 68.60128021 60.13054276 253.78768921 68.60128021 60.13054276 384.78619385 68.60128021 60.21653748 385.28768921 68.60128021 60.13054276 384.27734375 68.60128021 60.38605499 385.76748657 68.60128021 60.63421249 386.21170044 68.60128021 62.73868561 381.55606079 68.60127258 60.21653748 254.28924561 68.60128021 60.63421249 382.85183716 68.60128021 60.38605499 383.29608154 68.60128021 60.21653748 383.77581787 68.60128021 3.7214458 426.37734985 54.26517487 7.17565441 426.37734985 73.53472137 11.82892895 426.37734985 94.34888458 16.85770607 426.37734985 113.20774078 22.43798256 426.68252563 131.19233704 22.70814705 427.24008179 131.10452271 23.12894249 427.68252563 130.96775818 23.94939232 428.03988647 130.70106506 1.89246988 426.37734985 41.50033951 1.96513534 426.68252563 41.49097824 2.08424783 426.97247314 41.47563934 2.24688649 427.24008179 41.45468903 2.44903564 427.47869873 41.4286499 2.68572569 427.68252563 41.39816284 2.95112276 427.8465271 41.36397552 3.23869276 427.96661377 41.32693481 3.54135776 428.03988647 41.28795242 23.65917015 427.96661377 130.79541016 23.38342285 427.8465271 130.88504028 22.90198898 427.47869873 131.04153442 22.55220795 426.97247314 131.15522766 22.36831284 426.37734985 131.21499634 20.03013992 426.37734985 123.84566498 20.10013199 426.68252563 123.82400513 20.21486282 426.97247314 123.78849792 20.37150383 427.24008179 123.74001312 20.56621742 427.47869873 123.67974854 20.79419136 427.68252563 123.60919189 21.04981232 427.8465271 123.53007507 21.32679558 427.96661377 123.44434357 21.61832237 428.03988647 123.35411835 16.9281292 426.68252563 113.18753815 17.04356766 426.97247314 113.15441895 17.20119286 427.24008179 113.10919189 17.39710617 427.47869873 113.05298615 17.62649345 427.68252563 112.98717499 17.88371086 427.8465271 112.91338348 18.16241455 427.96661377 112.83342743 18.45574379 428.03988647 112.74925995 13.93499947 426.37734985 102.60050201 14.00583267 426.68252563 102.58179474 14.12195015 426.97247314 102.55111694 14.28049088 427.24008179 102.5092392 14.47755051 427.47869873 102.45719147 14.70828056 427.68252563 102.39624023 14.96699429 427.8465271 102.32790375 15.24732971 427.96661377 102.25385284 15.5423727 428.03988647 102.17591858 11.90006733 426.68252563 94.33135986 12.01668358 426.97247314 94.30265045 12.17590237 427.24008179 94.26342773 12.37381268 427.47869873 94.21468353 12.60552597 427.68252563 94.15761566 12.86534977 427.8465271 94.0936203 13.14688492 427.96661377 94.02427673 13.44319439 428.03988647 93.95130157 9.38031101 426.37734985 83.92694855 9.4518137 426.68252563 83.91095734 9.56901932 426.97247314 83.88475037 9.72904301 427.24008179 83.84897614 9.92795849 427.47869873 83.80451202 10.16084862 427.68252563 83.75244141 10.42199135 427.8465271 83.69405365 10.70495701 427.96661377 83.63079834 11.00277138 428.03988647 83.56421661 7.24748516 426.68252563 73.52030182 7.36523438 426.97247314 73.49666595 7.52601051 427.24008179 73.46440887 7.72584248 427.47869873 73.42430115 7.95982027 427.68252563 73.37734222 8.22218513 427.8465271 73.32468414 8.5064621 427.96661377 73.26763916 8.80566216 428.03988647 73.20759583 5.45029354 426.37734985 64.48506927 5.52239275 426.68252563 64.4720459 5.64058113 426.97247314 64.45070648 5.80194569 427.24008179 64.42156219 6.00252295 427.47869873 64.38533783 6.23736525 427.68252563 64.34293365 6.50069857 427.8465271 64.29537201 6.786026 427.96661377 64.24384308 7.08633661 428.03988647 64.18961334 3.79381323 426.68252563 54.25376129 3.91244888 426.97247314 54.23505402 4.07442474 427.24008179 54.20950699 4.2757616 427.47869873 54.17775726 4.51149035 427.68252563 54.14058304 4.77581453 427.8465271 54.09889984 5.06222248 427.96661377 54.05373001 5.36365795 428.03988647 54.00619507 3.8791523 428.03988647 43.85212708 3.5767107 427.96661377 43.8928566 3.28936434 427.8465271 43.93155289 3.02416825 427.68252563 43.96726227 2.78765702 427.47869873 43.99911118 2.58565688 427.24008179 44.02630997 2.42314482 426.97247314 44.04819489 2.30412197 426.68252563 44.06422424 2.23151588 426.37734985 44.07400131 164.86717224 426.37734985 120.71734619 169.99212646 426.37734985 102.64715576 174.97721863 426.37734985 82.03936005 178.68107605 426.37734985 63.41519928 181.70495605 426.37734985 44.09601974 182.39164734 427.47869873 33.93368149 180.64712524 427.8465271 43.9535141 180.35977173 427.96661377 43.91480637 180.05734253 428.03988647 43.8740654 181.14883423 427.47869873 44.02109909 180.912323 427.68252563 43.98924255 182.59420776 427.24008179 33.95629501 182.75717163 426.97247314 33.97449493 182.87652588 426.68252563 33.98782349 182.94934082 426.37734985 33.99595261 161.57115173 426.37734985 131.2149353 161.5014801 426.68252563 131.19229126 161.38725281 426.97247314 131.15516663 161.23130798 427.24008179 131.10446167 161.03746033 427.47869873 131.04147339 160.81051636 427.68252563 130.96769714 160.55603027 427.8465271 130.88497925 160.2802887 427.96661377 130.79534912 159.99006653 428.03988647 130.70101929 181.63235474 426.68252563 44.08623505 181.51333618 426.97247314 44.07020187 181.35081482 427.24008179 44.04831314 180.37034607 426.37734985 53.29230881 180.29795837 426.68252563 53.28105164 180.17927551 426.97247314 53.26259613 180.01725769 427.24008179 53.23740005 179.81585693 427.47869873 53.20607758 179.58004761 427.68252563 53.16940689 179.31562805 427.8465271 53.12829208 179.02912903 427.96661377 53.08373642 178.72758484 428.03988647 53.03684235 178.60894775 426.68252563 63.40234756 178.49072266 426.97247314 63.38127518 178.32928467 427.24008179 63.35250854 178.12861633 427.47869873 63.31674576 177.89367676 427.68252563 63.27488327 177.63024902 427.8465271 63.22793579 177.3447876 427.96661377 63.17706299 177.0443573 428.03988647 63.12352371 176.7638092 426.37734985 73.53466034 176.69197083 426.68252563 73.52024841 176.57421875 426.97247314 73.49662018 176.41345215 427.24008179 73.46434784 176.21360779 427.47869873 73.42424011 175.97962952 427.68252563 73.37728882 175.7172699 427.8465271 73.32463837 175.43299866 427.96661377 73.26758575 175.13378906 428.03988647 73.20754242 174.90565491 426.68252563 82.02366638 174.78834534 426.97247314 81.9979248 174.62818909 427.24008179 81.96277618 174.42909241 427.47869873 81.9190979 174.19599915 427.68252563 81.86795044 173.93463135 427.8465271 81.81059265 173.65141296 427.96661377 81.74845123 173.35334778 428.03988647 81.68304443 172.59890747 426.37734985 92.34825134 172.5276947 426.68252563 92.33102417 172.41096497 426.97247314 92.30278015 172.25158691 427.24008179 92.26421356 172.05348206 427.47869873 92.21628571 171.8215332 427.68252563 92.16016388 171.56144714 427.8465271 92.09723663 171.27963257 427.96661377 92.02905273 170.98303223 428.03988647 91.95728302 169.92127991 426.68252563 102.62844086 169.80517578 426.97247314 102.5977478 169.64663696 427.24008179 102.55586243 169.4495697 427.47869873 102.50379181 169.21885681 427.68252563 102.44282532 168.96014404 427.8465271 102.37445831 168.67982483 427.96661377 102.30038452 168.38478088 428.03988647 102.22241974 167.93392944 426.37734985 110.20375061 167.86338806 426.68252563 110.18396759 167.74775696 426.97247314 110.15153503 167.58985901 427.24008179 110.10725403 167.39363098 427.47869873 110.05220795 167.16384888 427.68252563 109.98775482 166.90620422 427.8465271 109.91549683 166.62702942 427.96661377 109.83719635 166.33319092 428.03988647 109.75478363 164.79705811 426.68252563 120.69610596 164.68211365 426.97247314 120.66129303 164.525177 427.24008179 120.6137619 164.33010864 427.47869873 120.55467987 164.10171509 427.68252563 120.48549652 163.84561157 427.8465271 120.40792847 163.56811523 427.96661377 120.32388306 163.27604675 428.03988647 120.23542786 180.21800232 224.14607239 54.26511765 176.7638092 224.14607239 73.53466034 172.11053467 224.14607239 94.34883118 167.08175659 224.14607239 113.20767975 161.5014801 223.84091187 131.19229126 161.23130798 223.28338623 131.10446167 160.81051636 222.84091187 130.96769714 159.99006653 222.48356628 130.70101929 182.04696655 224.14607239 41.50033951 181.9743042 223.84091187 41.49097824 181.85519409 223.55096436 41.47563934 181.69255066 223.28338623 41.45468903 181.49040222 223.04473877 41.4286499 181.25372314 222.84091187 41.39816284 180.98831177 222.67692566 41.36397552 180.70074463 222.55682373 41.32693481 180.39808655 222.48356628 41.28795242 160.2802887 222.55682373 130.79534912 160.55603027 222.67692566 130.88497925 161.03746033 223.04473877 131.04147339 161.38725281 223.55096436 131.15516663 161.57115173 224.14607239 131.2149353 163.90931702 224.14607239 123.84561157 163.83934021 223.84091187 123.82395172 163.72459412 223.55096436 123.78843689 163.56794739 223.28338623 123.73995972 163.37324524 223.04473877 123.67969513 163.14526367 222.84091187 123.60913086 162.88964844 222.67692566 123.53001404 162.61265564 222.55682373 123.44429016 162.32113647 222.48356628 123.35406494 167.01132202 223.84091187 113.18748474 166.89588928 223.55096436 113.15435791 166.73826599 223.28338623 113.10913849 166.5423584 223.04473877 113.05293274 166.31295776 222.84091187 112.98712158 166.05574036 222.67692566 112.91332245 165.77703857 222.55682373 112.83336639 165.48371887 222.48356628 112.74921417 170.00445557 224.14607239 102.60044861 169.93362427 223.84091187 102.5817337 169.81750488 223.55096436 102.55106354 169.65896606 223.28338623 102.50918579 169.4618988 223.04473877 102.45713043 169.23117065 222.84091187 102.3961792 168.97245789 222.67692566 102.32784271 168.69212341 222.55682373 102.25379944 168.39707947 222.48356628 102.17586517 172.03938293 223.84091187 94.33130646 171.92277527 223.55096436 94.30258942 171.7635498 223.28338623 94.26337433 171.56564331 223.04473877 94.2146225 171.33392334 222.84091187 94.15755463 171.07409668 222.67692566 94.09355927 170.79257202 222.55682373 94.02422333 170.4962616 222.48356628 93.95124054 174.55914307 224.14607239 83.92688751 174.48764038 223.84091187 83.91090393 174.37043762 223.55096436 83.88470459 174.21040344 223.28338623 83.84892273 174.01150513 223.04473877 83.80445099 173.77859497 222.84091187 83.752388 173.51745605 222.67692566 83.69400024 173.23449707 222.55682373 83.6307373 172.93669128 222.48356628 83.56416321 176.69197083 223.84091187 73.52024841 176.57421875 223.55096436 73.49662018 176.41345215 223.28338623 73.46434784 176.21360779 223.04473877 73.42424011 175.97962952 222.84091187 73.37728882 175.7172699 222.67692566 73.32463837 175.43299866 222.55682373 73.26758575 175.13378906 222.48356628 73.20754242 178.489151 224.14607239 64.48501587 178.41706848 223.84091187 64.47199249 178.2988739 223.55096436 64.45064545 178.13749695 223.28338623 64.42150116 177.93692017 223.04473877 64.38527679 177.7020874 222.84091187 64.34287262 177.43875122 222.67692566 64.29531097 177.15342712 222.55682373 64.24378967 176.8531189 222.48356628 64.18955231 180.14562988 223.84091187 54.25370407 180.02700806 223.55096436 54.2349968 179.86502075 223.28338623 54.20945358 179.66368103 223.04473877 54.17770004 179.42796326 222.84091187 54.14052582 179.16363525 222.67692566 54.09884644 178.87722778 222.55682373 54.05367661 178.57579041 222.48356628 54.00614166 180.06030273 222.48356628 43.85207748 180.36273193 222.55682373 43.89279938 180.65008545 222.67692566 43.93149567 180.9152832 222.84091187 43.96720505 181.15179443 223.04473877 43.99905396 181.35379028 223.28338623 44.02625656 181.51631165 223.55096436 44.04814148 181.6353302 223.84091187 44.06416702 181.70793152 224.14607239 44.07394791 13.94732285 224.14607239 102.64715576 8.96222115 224.14607239 82.03936005 5.25835896 224.14607239 63.41519928 2.23448133 224.14607239 44.09601974 1.54779851 223.04473877 33.93368149 3.29232216 222.67692566 43.9535141 3.57966876 222.55682373 43.91480637 3.88210273 222.48356628 43.8740654 2.79061508 223.04473877 44.02109909 3.02712631 222.84091187 43.98924255 1.34523964 223.28338623 33.95629501 1.18227303 223.55096436 33.97449493 1.06291473 223.84091187 33.98782349 0.9901002 224.14607239 33.99595261 22.36828995 224.14607239 131.2149353 22.4379673 223.84091187 131.19229126 22.55218506 223.55096436 131.15516663 22.7081337 223.28338623 131.10446167 22.90197372 223.04473877 131.04147339 23.12892723 222.84091187 130.96769714 23.3834095 222.67692566 130.88497925 23.65915489 222.55682373 130.79534912 23.94937706 222.48356628 130.70101929 2.30708718 223.84091187 44.08623505 2.42611027 223.55096436 44.07020187 2.58862233 223.28338623 44.04831314 3.56908894 224.14607239 53.29230881 3.64148617 223.84091187 53.28105164 3.76015902 223.55096436 53.26259613 3.92218685 223.28338623 53.23740005 4.12359095 223.04473877 53.20607758 4.3594017 222.84091187 53.16940689 4.62380791 222.67692566 53.12829208 4.91031265 222.55682373 53.08373642 5.21185255 222.48356628 53.03684235 5.3304882 223.84091187 63.40234756 5.44872141 223.55096436 63.38127518 5.61016035 223.28338623 63.35250854 5.81081963 223.04473877 63.31674576 6.04575872 222.84091187 63.27488327 6.30919647 222.67692566 63.22793579 6.59465027 222.55682373 63.17706299 6.89508009 222.48356628 63.12352371 7.17563915 224.14607239 73.53466034 7.24747038 223.84091187 73.52024841 7.36522675 223.55096436 73.49662018 7.52599525 223.28338623 73.46434784 7.72583485 223.04473877 73.42424011 7.95981312 222.84091187 73.37728882 8.22216988 222.67692566 73.32463837 8.50644684 222.55682373 73.26758575 8.80564785 222.48356628 73.20754242 9.03378391 223.84091187 82.02366638 9.15109348 223.55096436 81.9979248 9.31125832 223.28338623 81.96277618 9.51034546 223.04473877 81.9190979 9.74343681 222.84091187 81.86795044 10.00481129 222.67692566 81.81059265 10.28802204 222.55682373 81.74845123 10.58609772 222.48356628 81.68304443 11.34052849 224.14607239 92.34825134 11.41174126 223.84091187 92.33102417 11.52847004 223.55096436 92.30278015 11.68785286 223.28338623 92.26421356 11.88595581 223.04473877 92.21628571 12.11790752 222.84091187 92.16016388 12.37799263 222.67692566 92.09723663 12.65980339 222.55682373 92.02905273 12.95641041 222.48356628 91.95728302 14.01815605 223.84091187 102.62844086 14.13427258 223.55096436 102.5977478 14.29280663 223.28338623 102.55586243 14.48986721 223.04473877 102.50379181 14.72058868 222.84091187 102.44282532 14.97929573 222.67692566 102.37445831 15.25962353 222.55682373 102.30038452 15.55465889 222.48356628 102.22241974 16.00550842 224.14607239 110.20375061 16.0760498 223.84091187 110.18396759 16.19168282 223.55096436 110.15153503 16.34957695 223.28338623 110.10725403 16.54581642 223.04473877 110.05220795 16.77560043 222.84091187 109.98775482 17.03324127 222.67692566 109.91549683 17.31241417 222.55682373 109.83719635 17.60624313 222.48356628 109.75478363 19.07226372 224.14607239 120.71734619 19.14238167 223.84091187 120.69610596 19.25732994 223.55096436 120.66129303 19.41426849 223.28338623 120.6137619 19.60933876 223.04473877 120.55467987 19.83773041 222.84091187 120.48549652 20.09383583 222.67692566 120.40792847 20.37133217 222.55682373 120.32388306 20.66339493 222.48356628 120.23542786 72.96971893 391.1600647 68.60124969 72.96971893 416.81680298 68.60124969 72.96971893 391.1600647 58.60125351 72.96971893 416.81680298 58.60125351 63.24704361 381.53448486 64.60126495 62.73866653 381.55606079 64.60127258 62.2412529 381.66326904 64.60127258 61.76910782 381.85299683 64.60127258 61.33581924 382.11978149 64.60127258 60.95385361 382.45593262 64.60128021 60.63419342 382.85183716 64.60128021 60.38603592 383.29608154 64.60128021 60.21652222 383.77581787 64.60128021 60.1305275 384.27734375 64.60128021 60.1305275 384.78619385 64.60128021 60.21652222 385.28768921 64.60128021 63.75175858 381.59909058 64.60126495 64.23828888 381.74810791 64.60126495 64.69264221 381.97720337 64.60126495 65.10174561 382.27975464 64.60125732 65.4538269 382.64712524 64.60125732 65.7387619 383.06869507 64.60125732 65.94835663 383.53234863 64.60125732 66.0765686 384.02478027 64.60125732 66.11972046 384.5317688 64.60125732 66.0765686 385.03875732 64.60125732 65.94835663 385.53118896 64.60125732 65.7387619 385.99484253 64.60125732 65.4538269 386.41644287 64.60125732 65.10174561 386.78378296 64.60125732 64.69264221 387.08636475 64.60126495 64.23828888 387.31546021 64.60126495 63.75175858 387.46444702 64.60126495 63.24704361 387.52908325 64.60126495 62.73866653 387.50747681 64.60127258 62.2412529 387.40026855 64.60127258 61.76910782 387.21054077 64.60127258 61.33581924 386.9437561 64.60127258 60.95385361 386.60757446 64.60128021 60.63419342 386.21170044 64.60128021 60.38603592 385.76748657 64.60128021 63.24704361 250.53599548 64.60126495 62.73866653 250.55760193 64.60127258 62.2412529 250.66479492 64.60127258 61.76910782 250.85452271 64.60127258 61.33581924 251.12130737 64.60127258 60.95385361 251.45748901 64.60128021 60.63419342 251.8533783 64.60128021 60.38603592 252.2975769 64.60128021 60.21652222 252.77737427 64.60128021 60.1305275 253.27888489 64.60128021 60.1305275 253.78768921 64.60128021 60.21652222 254.28924561 64.60128021 63.75175858 250.60063171 64.60126495 64.23828888 250.74961853 64.60126495 64.69264221 250.97871399 64.60126495 65.10174561 251.28129578 64.60125732 65.4538269 251.64863586 64.60125732 65.7387619 252.07022095 64.60125732 65.94835663 252.53388977 64.60125732 66.0765686 253.02627563 64.60125732 66.11972046 253.53330994 64.60125732 66.0765686 254.04029846 64.60125732 65.94835663 254.5327301 64.60125732 65.7387619 254.99638367 64.60125732 65.4538269 255.41793823 64.60125732 65.10174561 255.78530884 64.60125732 64.69264221 256.08786011 64.60126495 64.23828888 256.31695557 64.60126495 63.75175858 256.4659729 64.60126495 63.24704361 256.53057861 64.60126495 62.73866653 256.50900269 64.60127258 62.2412529 256.40179443 64.60127258 61.76910782 256.21209717 64.60127258 61.33581924 255.94529724 64.60127258 60.95385361 255.60913086 64.60128021 60.63419342 255.21322632 64.60128021 60.38603592 254.76899719 64.60128021 121.13192749 250.37258911 64.60102081 120.62355042 250.39419556 64.60102081 120.12613678 250.50138855 64.60102081 119.6539917 250.69111633 64.60102081 119.22070312 250.957901 64.60102844 118.83873749 251.29408264 64.60102844 118.51907349 251.68997192 64.60102844 118.2709198 252.13417053 64.60102844 118.10140228 252.6139679 64.60102844 118.01541138 253.11547852 64.60102844 118.01541138 253.62431335 64.60102844 120.12613678 256.23840332 64.60102081 120.62355042 256.34561157 64.60102081 121.13192749 256.3671875 64.60102081 121.63664246 256.30255127 64.60101318 122.12316895 256.15356445 64.60101318 122.57752228 255.92446899 64.60101318 122.98662567 255.62191772 64.60101318 123.33870697 255.25453186 64.60100555 123.6236496 254.83297729 64.60100555 123.83323669 254.36932373 64.60100555 123.96144867 253.87689209 64.60100555 124.00460052 253.36990356 64.60100555 123.96144867 252.86289978 64.60100555 123.83323669 252.3704834 64.60100555 123.6236496 251.90681458 64.60100555 123.33870697 251.48522949 64.60100555 122.98662567 251.1178894 64.60101318 122.57752228 250.81530762 64.60101318 122.12316895 250.58621216 64.60101318 121.63664246 250.43722534 64.60101318 119.6539917 256.04867554 64.60102081 119.22070312 255.78189087 64.60102844 118.83873749 255.44572449 64.60102844 118.51907349 255.04981995 64.60102844 118.2709198 254.60559082 64.60102844 118.10140228 254.12583923 64.60102844 120.12615204 256.23840332 68.60102081 122.12319183 256.15356445 68.60101318 119.65400696 256.04867554 68.60102081 120.62356567 256.34561157 68.60102081 121.13194275 256.3671875 68.60102081 121.63665771 256.30255127 68.60101318 121.13192749 381.53448486 64.60102081 120.62355042 381.55606079 64.60102081 120.12613678 381.66326904 64.60102081 119.6539917 381.85299683 64.60102081 119.22070312 382.11978149 64.60102844 118.83873749 382.45593262 64.60102844 118.51907349 382.85183716 64.60102844 118.2709198 383.29608154 64.60102844 118.10140228 383.77581787 64.60102844 118.01541138 384.27734375 64.60102844 118.01541138 384.78619385 64.60102844 120.12613678 387.40026855 64.60102081 120.62355042 387.50747681 64.60102081 121.13192749 387.52908325 64.60102081 121.63664246 387.46444702 64.60101318 122.12316895 387.31546021 64.60101318 122.57752228 387.08636475 64.60101318 122.98662567 386.78378296 64.60101318 123.33870697 386.41644287 64.60100555 123.6236496 385.99484253 64.60100555 123.83323669 385.53118896 64.60100555 123.96144867 385.03875732 64.60100555 124.00460052 384.5317688 64.60100555 123.96144867 384.02478027 64.60100555 123.83323669 383.53234863 64.60100555 123.6236496 383.06869507 64.60100555 123.33870697 382.64712524 64.60100555 122.98662567 382.27975464 64.60101318 122.57752228 381.97720337 64.60101318 122.12316895 381.74810791 64.60101318 121.63664246 381.59909058 64.60101318 119.6539917 387.21054077 64.60102081 119.22070312 386.9437561 64.60102844 118.83873749 386.60757446 64.60102844 118.51907349 386.21170044 64.60102844 118.2709198 385.76748657 64.60102844 118.10140228 385.28768921 64.60102844 110.96971893 416.81680298 68.60124969 110.96971893 391.1600647 68.60124969 110.96971893 416.81680298 58.60125351 110.96971893 391.1600647 58.60125351 32.96997833 228.79882812 121.60140991 33.96997452 228.79882812 121.60140991 37.09130096 228.79882812 124.72273254 37.82314682 228.79882812 125.91699982 37.93304443 228.79882812 126.37474823 37.96997833 228.79882812 126.84404755 37.39702606 228.79882812 125.08068848 37.64299774 228.79882812 125.48208618 32.50067139 228.76190186 121.60140991 31.60800743 241.12580872 121.60140991 32.04292679 240.94564819 121.60140991 32.96997833 240.79882812 121.60140991 33.96997452 240.79882812 121.60140991 32.50067139 240.83575439 121.60140991 31.60800743 228.47184753 121.60140991 30.00691223 243.32952881 121.60140991 32.04292679 228.65200806 121.60140991 30.11680794 242.8717804 121.60140991 30.29695892 242.43685913 121.60140991 30.54292488 242.03546143 121.60140991 30.29695892 227.16079712 121.60140991 30.11680794 226.72587585 121.60140991 30.00691223 226.26812744 121.60140991 30.8486557 241.67750549 121.60140991 31.20662308 241.3717804 121.60140991 31.20662308 228.22587585 121.60140991 30.8486557 227.92015076 121.60140991 30.54292488 227.56217957 121.60140991 37.96997833 240.79882812 126.84404755 37.93304443 240.79882812 126.37474823 37.82314682 240.79882812 125.91699982 37.64299774 240.79882812 125.48208618 37.09130096 240.79882812 124.72273254 37.39702606 240.79882812 125.08068848 32.96997833 409.96878052 121.60140991 33.96997452 409.96878052 121.60140991 37.09130096 409.96878052 124.72273254 37.82314682 409.96878052 125.91699982 37.93304443 409.96878052 126.37474823 37.96997833 409.96878052 126.84404755 37.39702606 409.96878052 125.08068848 37.64299774 409.96878052 125.48208618 30.00691223 424.4994812 121.60140991 32.04292679 409.82196045 121.60140991 31.60800743 409.64181519 121.60140991 31.20662308 409.39584351 121.60140991 30.8486557 409.09008789 121.60140991 30.54292488 408.73214722 121.60140991 30.29695892 408.33078003 121.60140991 30.11680794 424.04174805 121.60140991 30.29695892 423.60681152 121.60140991 30.54292488 423.20544434 121.60140991 30.8486557 422.84747314 121.60140991 31.20662308 422.54174805 121.60140991 31.60800743 422.29577637 121.60140991 30.11680794 407.89584351 121.60140991 30.00691223 407.43811035 121.60140991 32.96997833 421.96878052 121.60140991 33.96997452 421.96878052 121.60140991 32.04292679 422.1156311 121.60140991 32.50067139 422.00570679 121.60140991 32.50067139 409.93185425 121.60140991 37.96997833 421.96878052 126.84404755 37.93304443 421.96878052 126.37474823 37.82314682 421.96878052 125.91699982 37.64299774 421.96878052 125.48208618 37.09130096 421.96878052 124.72273254 37.39702606 421.96878052 125.08068848 150.96998596 421.52380371 121.60140991 149.9699707 421.52380371 121.60140991 146.84866333 421.52380371 124.72273254 146.11680603 421.52380371 125.91699982 146.00691223 421.52380371 126.37474823 145.96998596 421.52380371 126.84404755 146.54292297 421.52380371 125.08068848 146.29696655 421.52380371 125.48208618 153.93304443 408.06756592 121.60140991 151.89703369 421.6706543 121.60140991 152.33195496 421.85079956 121.60140991 153.64299011 423.16183472 121.60140991 153.82315063 423.59677124 121.60140991 153.93304443 424.05450439 121.60140991 153.82315063 408.52529907 121.60140991 153.64299011 408.9602356 121.60140991 153.39703369 409.36160278 121.60140991 153.09129333 409.71954346 121.60140991 152.7333374 410.02529907 121.60140991 152.33195496 410.27127075 121.60140991 152.7333374 422.09677124 121.60140991 153.09129333 422.40249634 121.60140991 153.39703369 422.76046753 121.60140991 150.96998596 410.59823608 121.60140991 149.9699707 410.59823608 121.60140991 151.89703369 410.45141602 121.60140991 151.43928528 410.5612793 121.60140991 151.43928528 421.56072998 121.60140991 145.96998596 410.59823608 126.84404755 146.00691223 410.59823608 126.37474823 146.11680603 410.59823608 125.91699982 146.29696655 410.59823608 125.48208618 146.84866333 410.59823608 124.72273254 146.54292297 410.59823608 125.08068848 150.96998596 240.1325531 121.58374023 149.9699707 240.1325531 121.58374023 146.84866333 240.1325531 124.70506287 146.11680603 240.1325531 125.89933014 146.00691223 240.1325531 126.35707855 145.96998596 240.1325531 126.82637787 146.54292297 240.1325531 125.0630188 146.29696655 240.1325531 125.46440887 151.43928528 240.16947937 121.58374023 152.33195496 228.88000488 121.58374023 151.89703369 229.06015015 121.58374023 150.96998596 229.20698547 121.58374023 149.9699707 229.20698547 121.58374023 153.64299011 227.56895447 121.58374023 152.33195496 240.45953369 121.58374023 153.82315063 227.1340332 121.58374023 153.93304443 226.67628479 121.58374023 153.39703369 227.97033691 121.58374023 153.09129333 228.32830811 121.58374023 152.7333374 228.6340332 121.58374023 151.43928528 229.17004395 121.58374023 151.89703369 240.27937317 121.58374023 153.64299011 241.77058411 121.58374023 153.82315063 242.20550537 121.58374023 153.93304443 242.66325378 121.58374023 152.7333374 240.70550537 121.58374023 153.09129333 241.01123047 121.58374023 153.39703369 241.3691864 121.58374023 145.96998596 229.20698547 126.82637787 146.00691223 229.20698547 126.35707855 146.11680603 229.20698547 125.89933014 146.29696655 229.20698547 125.46440887 146.84866333 229.20698547 124.70506287 146.54292297 229.20698547 125.0630188 154.46972656 416.06451416 129 154.44815063 416.31799316 129 154.3840332 416.56420898 129 154.27923584 416.79602051 129 154.13677979 417.00680542 129 153.96073914 417.19049072 129 153.75617981 417.34179688 129 153.52900696 417.45632935 129 153.28573608 417.53082275 129 153.03338623 417.56314087 129 152.77919006 417.55233765 129 152.53048706 417.49874878 129 152.29441833 417.40386963 129 152.07777405 417.27047729 129 151.88677979 417.10238647 129 151.72695923 416.90444946 129 151.60287476 416.68237305 129 151.51812744 416.44244385 129 151.47512817 416.19171143 129 151.46972656 416.06451416 129 151.47512817 415.93728638 129 151.51812744 415.68652344 129 151.60287476 415.44662476 129 151.72695923 415.22451782 129 151.88677979 415.02658081 129 152.07777405 414.85848999 129 152.29441833 414.72509766 129 152.53048706 414.63024902 129 152.77919006 414.57666016 129 153.03338623 414.56585693 129 153.28573608 414.59817505 129 153.52900696 414.67266846 129 153.75617981 414.78720093 129 153.96073914 414.93847656 129 154.13677979 415.12219238 129 154.27923584 415.33294678 129 154.3840332 415.56478882 129 154.44815063 415.81100464 129 152.96972656 416.06451416 129 154.46972656 234.4589386 129 154.44815063 234.71244812 129 154.3840332 234.95864868 129 154.27923584 235.19047546 129 154.13677979 235.40127563 129 153.96073914 235.58496094 129 153.75617981 235.73623657 129 153.52900696 235.8507843 129 153.28573608 235.92527771 129 153.03338623 235.95759583 129 152.77919006 235.9467926 129 152.53048706 235.89318848 129 152.29441833 235.79832458 129 152.07777405 235.66493225 129 151.88677979 235.49684143 129 151.72695923 235.29890442 129 151.60287476 235.07679749 129 151.51812744 234.8368988 129 151.47512817 234.58615112 129 151.46972656 234.4589386 129 151.47512817 234.33174133 129 151.51812744 234.08096313 129 151.60287476 233.84109497 129 151.72695923 233.61898804 129 151.88677979 233.42103577 129 152.07777405 233.25294495 129 152.29441833 233.11956787 129 152.53048706 233.02470398 129 152.77919006 232.97108459 129 153.03338623 232.96029663 129 153.28573608 232.99259949 129 153.52900696 233.06710815 129 153.75617981 233.18165588 129 153.96073914 233.33293152 129 154.13677979 233.51661682 129 154.27923584 233.72740173 129 154.3840332 233.95922852 129 154.44815063 234.20544434 129 152.96972656 234.4589386 129 29.47512627 234.58615112 129 29.47512627 234.33174133 129 29.51811981 234.08096313 129 29.60287857 233.84109497 129 29.72695541 233.61898804 129 29.88678551 233.42103577 129 30.07777023 233.25294495 129 30.29441452 233.11956787 129 30.53048706 233.02470398 129 30.77919388 232.97108459 129 31.03338242 232.96029663 129 31.2857399 232.99259949 129 31.52900505 233.06710815 129 31.75618172 233.18165588 129 31.96073341 233.33293152 129 32.13677597 233.51661682 129 32.27924347 233.72740173 129 32.38403702 233.95922852 129 32.44814682 234.20544434 129 32.46971893 234.4589386 129 32.44814682 234.71244812 129 32.38403702 234.95864868 129 32.27924347 235.19047546 129 32.13677597 235.40127563 129 31.96073341 235.58496094 129 31.75618172 235.73623657 129 31.52900505 235.8507843 129 31.2857399 235.92527771 129 31.03338242 235.95759583 129 30.77919388 235.9467926 129 30.53048706 235.89318848 129 30.29441452 235.79832458 129 30.07777023 235.66493225 129 29.88678551 235.49684143 129 29.72695541 235.29890442 129 29.60287857 235.07679749 129 29.51811981 234.8368988 129 30.96972084 234.4589386 129 29.47512627 416.19171143 129 29.47512627 415.93728638 129 29.51811981 415.68652344 129 29.60287857 415.44662476 129 29.72695541 415.22451782 129 29.88678551 415.02658081 129 30.07777023 414.85848999 129 30.29441452 414.72509766 129 30.53048706 414.63024902 129 30.77919388 414.57666016 129 31.03338242 414.56585693 129 31.2857399 414.59817505 129 31.52900505 414.67266846 129 31.75618172 414.78720093 129 31.96073341 414.93847656 129 32.13677597 415.12219238 129 32.27924347 415.33294678 129 32.38403702 415.56478882 129 32.44814682 415.81100464 129 32.46971893 416.06451416 129 32.44814682 416.31799316 129 32.38403702 416.56420898 129 32.27924347 416.79602051 129 32.13677597 417.00680542 129 31.96073341 417.19049072 129 31.75618172 417.34179688 129 31.52900505 417.45632935 129 31.2857399 417.53082275 129 31.03338242 417.56314087 129 30.77919388 417.55233765 129 30.53048706 417.49874878 129 30.29441452 417.40386963 129 30.07777023 417.27047729 129 29.88678551 417.10238647 129 29.72695541 416.90444946 129 29.60287857 416.68237305 129 29.51811981 416.44244385 129 30.96972084 416.06451416 129 86.73163605 281.42108154 62.60125351 87.30150604 282.26425171 62.60125351 88.00567627 282.99899292 62.60125351 88.82387543 283.60412598 62.60125351 89.73258209 284.06225586 62.60125351 90.7056427 284.36026001 62.60125351 91.71507263 284.48953247 62.60125351 92.73182678 284.44631958 62.60125351 93.72665405 284.23193359 62.60125351 94.67094421 283.85247803 62.60125351 95.53752136 283.31890869 62.60125351 96.30146027 282.64657593 62.60125351 96.94078064 281.85476685 62.60125351 97.43709564 280.96633911 62.60125351 97.77611542 280.00680542 62.60125351 97.94810486 279.00378418 62.60125351 97.94810486 277.9861145 62.60125351 97.77611542 276.98309326 62.60125351 97.43709564 276.02352905 62.60125351 96.94078064 275.13510132 62.60125351 96.30146027 274.34332275 62.60125351 95.53752136 273.67092896 62.60125351 94.67094421 273.13739014 62.60125351 93.72665405 272.75793457 62.60125351 92.73182678 272.54354858 62.60125351 91.71507263 272.50033569 62.60125351 90.7056427 272.62960815 62.60125351 89.73258209 272.9276123 62.60125351 88.82387543 273.38577271 62.60125351 88.00567627 273.99090576 62.60125351 87.30150604 274.72561646 62.60125351 86.73163605 275.5687561 62.60125351 86.31245422 276.49612427 62.60125351 86.05602264 277.48092651 62.60125351 85.96971893 278.49493408 62.60125351 86.05602264 279.50894165 62.60125351 86.31245422 280.49377441 62.60125351 86.73163605 346.86453247 62.60125351 87.30150604 347.70767212 62.60125351 88.00567627 348.44238281 62.60125351 88.82387543 349.04751587 62.60125351 89.73258209 349.50567627 62.60125351 90.7056427 349.80368042 62.60125351 91.71507263 349.93295288 62.60125351 92.73182678 349.88977051 62.60125351 93.72665405 349.675354 62.60125351 94.67094421 349.29589844 62.60125351 95.53752136 348.7623291 62.60125351 96.30146027 348.08996582 62.60125351 96.94078064 347.29821777 62.60125351 97.43709564 346.409729 62.60125351 97.77611542 345.45022583 62.60125351 97.94810486 344.44717407 62.60125351 97.94810486 343.42950439 62.60125351 97.77611542 342.42648315 62.60125351 97.43709564 341.46691895 62.60125351 96.94078064 340.57849121 62.60125351 96.30146027 339.78671265 62.60125351 95.53752136 339.11437988 62.60125351 94.67094421 338.58078003 62.60125351 93.72665405 338.20135498 62.60125351 92.73182678 337.98693848 62.60125351 91.71507263 337.9437561 62.60125351 90.7056427 338.07302856 62.60125351 89.73258209 338.3710022 62.60125351 88.82387543 338.8291626 62.60125351 88.00567627 339.43429565 62.60125351 87.30150604 340.16900635 62.60125351 86.73163605 341.01217651 62.60125351 86.31245422 341.93951416 62.60125351 86.05602264 342.92431641 62.60125351 85.96971893 343.93835449 62.60125351 86.05602264 344.95233154 62.60125351 86.31245422 345.93719482 62.60125351</float_array>
          <technique_common>
            <accessor source="#pos_0-array" count="23262" stride="3">
              <param name="X" type="float"/>
              <param name="Y" type="float"/>
              <param name="Z" type="float"/>
            </accessor>
          </technique_common>
        </source>
        <source id="norm_0">
          <float_array id="norm_0-array" count="27288">0.98562 0.169 0 0.9991 0.04242 0 1 0 -0.00123 0.9991 -0.04243 0 0.98562 -0.169 0 0.94289 -0.33311 0 0.87299 -0.48773 0 0.77804 -0.62822 0 0.66067 -0.75068 0 0.52431 -0.85153 0 0.37285 -0.92789 0 0.21073 -0.97754 0 0.0424 -0.9991 0 -0.12698 -0.99191 -0 -0.29284 -0.95616 -0 -0.45017 -0.89294 -0 -0.59469 -0.80396 -0 -0.72195 -0.69195 -0 -0.82851 -0.55997 -0 -0.91123 -0.41189 -0 -0.96773 -0.25199 -0 -0.9964 -0.08481 -0 -0.9964 0.08481 0 -0.96774 0.25196 0 -0.91123 0.41189 0 -0.82847 0.56003 0 -0.72201 0.69189 0 -0.59461 0.80401 0 -0.45017 0.89294 0 -0.29284 0.95616 0 -0.12698 0.99191 0 0.0424 0.9991 0 0.21062 0.97757 0 0.37285 0.92789 0 0.52431 0.85153 0 0.66067 0.75068 0 0.77804 0.62822 0 0.87302 0.48768 0 0.94287 0.33315 0 0.98562 0.16899 0 0.9991 0.04243 0 0.9991 -0.04242 0 0.94288 -0.33313 0 0.87301 -0.48771 0 0.21067 -0.97756 0 0.04246 -0.9991 0 -0.12704 -0.9919 -0 -0.29279 -0.95618 -0 -0.45022 -0.89292 -0 -0.59461 -0.80401 -0 -0.72198 -0.69192 -0 -0.9964 -0.0848 -0 -0.96773 0.25198 0 -0.82849 0.56 0 -0.72198 0.69192 0 -0.45022 0.89292 0 0.21073 0.97754 0 0.52427 0.85155 0 0.6607 0.75065 0 0.87301 0.48771 0 0.98562 0.16898 0 0.9991 0.04246 0 1 0 -0.00123 0.9991 -0.04245 0 0.98562 -0.16899 0 -0.12704 -0.9919 -0 -0.29279 -0.95618 -0 -0.72197 -0.69192 -0 -0.82852 -0.55996 -0 -0.91123 -0.41191 -0 -0.9964 -0.08479 -0 -0.9964 0.0848 0 -0.91123 0.41191 0 -0.8285 0.55999 0 -0.72197 0.69192 0 -0.29285 0.95616 0 -0.12698 0.99191 0 0.98562 0.16899 0 0.9991 0.04245 0 0.9991 -0.04246 0 -0.12698 -0.99191 -0 -0.29285 -0.95616 -0 -0.72194 -0.69195 -0 -0.9964 -0.0848 -0 -0.82848 0.56002 0 -0.722 0.6919 0 -0 0 -1 -0 0.07849 0.99692 0 0.99692 0.07844 0 0.97236 0.2335 0 0.92388 0.38269 0 0.85264 0.5225 0 0.76041 0.64945 0 0.64947 0.76039 0 0.52251 0.85263 0 0.38269 0.92388 0 0.23341 0.97238 0.0782 0.99387 0.0782 0.07818 0.99387 0.07821 0.07627 0.96953 0.23282 0.07633 0.96954 0.23275 0.07255 0.92144 0.38168 0.07258 0.92145 0.38166 0.06701 0.85073 0.52132 0.06695 0.8507 0.52138 0.05974 0.75905 0.64829 0.05973 0.75904 0.6483 0.05104 0.64862 0.7594 0.05101 0.6486 0.75942 0.04106 0.52207 0.85191 0.04108 0.52209 0.8519 0.0301 0.38252 0.92346 0.0301 0.38253 0.92345 0.01836 0.23337 0.97221 0.01836 0.23337 0.97221 0.00618 0.07848 0.9969 0.00618 0.07848 0.9969 0.2327 0.9694 0.07822 0.23277 0.96939 0.07815 0.22707 0.94566 0.23275 0.22706 0.94566 0.23276 0.2158 0.89876 0.38165 0.21575 0.89875 0.3817 0.19919 0.82975 0.52138 0.19922 0.82977 0.52134 0.17775 0.74035 0.6483 0.17778 0.74036 0.64827 0.15191 0.63262 0.75942 0.15189 0.63261 0.75943 0.12227 0.50923 0.8519 0.12227 0.50923 0.8519 0.08958 0.37311 0.92345 0.08957 0.3731 0.92346 0.05465 0.22762 0.97221 0.05465 0.22762 0.97222 0.01838 0.07655 0.9969 0.01838 0.07655 0.9969 0.38152 0.92105 0.07815 0.38147 0.92107 0.0782 0.37214 0.89852 0.23276 0.37216 0.89852 0.23273 0.3537 0.85393 0.3817 0.3537 0.85393 0.3817 0.32656 0.78839 0.52134 0.32652 0.78839 0.52137 0.29135 0.70346 0.64827 0.29137 0.70347 0.64826 0.24896 0.60107 0.75943 0.24897 0.60107 0.75943 0.20041 0.48384 0.8519 0.2004 0.48384 0.8519 0.14683 0.35449 0.92346 0.14682 0.35449 0.92346 0.08958 0.21627 0.97222 0.0896 0.21629 0.97221 0.03013 0.07274 0.9969 0.03013 0.07273 0.9969 0.52089 0.85004 0.0782 0.5209 0.85003 0.07818 0.50815 0.82923 0.23273 0.50811 0.82924 0.23277 0.48291 0.7881 0.3817 0.48295 0.7881 0.38166 0.44587 0.72758 0.52137 0.44593 0.72758 0.52132 0.39788 0.64919 0.64826 0.39784 0.64919 0.64829 0.33994 0.55472 0.75942 0.33991 0.55471 0.75945 0.27362 0.44653 0.85191 0.27362 0.44653 0.85191 0.20047 0.32715 0.92346 0.20048 0.32716 0.92346 0.12232 0.19961 0.97221 0.12231 0.19961 0.97221 0.04113 0.06713 0.9969 0.04113 0.06713 0.9969 0.64751 0.75803 0.07819 0.64744 0.75809 0.07828 0.63159 0.73953 0.23277 0.63162 0.73952 0.23274 0.60029 0.70284 0.38166 0.60026 0.70285 0.3817 0.55419 0.64892 0.52132 0.55421 0.64891 0.5213 0.49448 0.57897 0.64829 0.49448 0.57897 0.64829 0.42251 0.4947 0.75944 0.42256 0.49471 0.75941 0.34013 0.3982 0.85191 0.34012 0.3982 0.85191 0.24921 0.29176 0.92346 0.24919 0.29176 0.92346 0.15204 0.17801 0.97221 0.15205 0.17801 0.97221 0.05113 0.05986 0.9969 0.05113 0.05986 0.9969 0.75805 0.64748 0.07827 0.75807 0.64746 0.07824 0.73952 0.63162 0.23275 0.73951 0.63163 0.23276 0.70282 0.60029 0.3817 0.70287 0.60027 0.38164 0.64893 0.55419 0.52131 0.6489 0.5542 0.52133 0.57897 0.49448 0.64829 0.57897 0.49448 0.6483 0.49473 0.42254 0.75941 0.49471 0.42254 0.75942 0.39821 0.34012 0.85191 0.3982 0.34011 0.85192 0.29175 0.24919 0.92346 0.29178 0.2492 0.92345 0.17802 0.15204 0.97221 0.17801 0.15204 0.97221 0.05986 0.05113 0.9969 0.05986 0.05113 0.9969 0.85003 0.52089 0.07823 0.85004 0.52087 0.07821 0.82924 0.50812 0.23276 0.82924 0.50812 0.23275 0.78812 0.48292 0.38165 0.78808 0.48295 0.38169 0.7276 0.44589 0.52133 0.72758 0.44589 0.52135 0.64918 0.39784 0.6483 0.64919 0.39784 0.64829 0.55472 0.33995 0.75942 0.55474 0.33995 0.75941 0.44651 0.27362 0.85192 0.44653 0.27362 0.8519 0.32718 0.20048 0.92345 0.32716 0.20048 0.92346 0.1996 0.12231 0.97221 0.1996 0.12231 0.97221 0.06712 0.04113 0.9969 0.06713 0.04113 0.9969 0.92105 0.38151 0.07821 0.92105 0.3815 0.07821 0.89851 0.37217 0.23275 0.8985 0.37218 0.23277 0.85393 0.35372 0.38169 0.85395 0.3537 0.38167 0.78839 0.32655 0.52135 0.78838 0.32656 0.52136 0.70344 0.29137 0.64829 0.70344 0.29137 0.64828 0.60109 0.24897 0.75941 0.60107 0.24898 0.75943 0.48383 0.20042 0.8519 0.48384 0.20041 0.8519 0.35449 0.14684 0.92346 0.35448 0.14684 0.92346 0.21627 0.08959 0.97221 0.21628 0.08959 0.97221 0.07273 0.03013 0.9969 0.07273 0.03013 0.9969 0.96939 0.23272 0.07821 0.96938 0.23275 0.07824 0.94566 0.22705 0.23276 0.94567 0.22703 0.23274 0.89876 0.21577 0.38167 0.89875 0.21578 0.38169 0.82976 0.19922 0.52136 0.82978 0.1992 0.52133 0.74036 0.17773 0.64829 0.74036 0.17774 0.64829 0.63262 0.15187 0.75942 0.63262 0.15187 0.75942 0.50923 0.12225 0.8519 0.50922 0.12226 0.85191 0.37309 0.08958 0.92346 0.3731 0.08957 0.92346 0.22763 0.05465 0.97221 0.22764 0.05465 0.97221 0.07655 0.01838 0.9969 0.07655 0.01838 0.9969 0.99386 0.07822 0.07823 0.99386 0.07821 0.07822 0.96954 0.0763 0.23275 0.96954 0.07631 0.23276 0.92145 0.07253 0.38168 0.92145 0.07252 0.38168 0.85072 0.06696 0.52134 0.85072 0.06695 0.52133 0.75905 0.05974 0.64829 0.75904 0.05974 0.64829 0.64859 0.05105 0.75942 0.6486 0.05104 0.75942 0.52208 0.04109 0.85191 0.52207 0.04109 0.85191 0.38252 0.0301 0.92346 0.38252 0.0301 0.92346 0.23338 0.01837 0.97221 0.23338 0.01837 0.97221 0.07848 0.00618 0.9969 0.07848 0.00618 0.9969 -0.99386 0.07822 0.07822 -0.99386 0.07821 0.07823 -0.96954 0.0763 0.23276 -0.96954 0.07631 0.23275 -0.92145 0.07253 0.38167 -0.92145 0.07252 0.38168 -0.85072 0.06696 0.52133 -0.85072 0.06695 0.52134 -0.75904 0.05974 0.64829 -0.75905 0.05974 0.64829 -0.6486 0.05105 0.75942 -0.64859 0.05104 0.75942 -0.52207 0.04109 0.85191 -0.52208 0.04109 0.85191 -0.38252 0.0301 0.92346 -0.38252 0.0301 0.92346 -0.23338 0.01837 0.97221 -0.23338 0.01837 0.97221 -0.07848 0.00618 0.9969 -0.07848 0.00618 0.9969 -0.96939 0.23272 0.07824 -0.96939 0.23275 0.07821 -0.94566 0.22705 0.23274 -0.94566 0.22703 0.23276 -0.89876 0.21577 0.38169 -0.89876 0.21579 0.38167 -0.82978 0.19922 0.52133 -0.82977 0.19919 0.52136 -0.74036 0.17773 0.64829 -0.74036 0.17774 0.64829 -0.63262 0.15187 0.75942 -0.63262 0.15187 0.75942 -0.50922 0.12225 0.85191 -0.50923 0.12226 0.8519 -0.3731 0.08958 0.92346 -0.37309 0.08957 0.92346 -0.22764 0.05465 0.97221 -0.22763 0.05465 0.97221 -0.07655 0.01838 0.9969 -0.07655 0.01838 0.9969 -0.92105 0.38151 0.07821 -0.92105 0.3815 0.07821 -0.89851 0.37216 0.23277 -0.8985 0.37218 0.23275 -0.85394 0.35372 0.38166 -0.85394 0.35369 0.38169 -0.78838 0.32654 0.52136 -0.78839 0.32656 0.52135 -0.70344 0.29138 0.64828 -0.70344 0.29137 0.64829 -0.60107 0.24897 0.75943 -0.60108 0.24899 0.75941 -0.48384 0.20042 0.8519 -0.48383 0.20041 0.8519 -0.35449 0.14683 0.92346 -0.35449 0.14684 0.92346 -0.21628 0.08959 0.97221 -0.21628 0.08958 0.97221 -0.07273 0.03013 0.9969 -0.07273 0.03013 0.9969 -0.85003 0.52089 0.07821 -0.85004 0.52087 0.07823 -0.82924 0.50812 0.23275 -0.82924 0.50812 0.23276 -0.7881 0.48291 0.38169 -0.78809 0.48296 0.38165 -0.72759 0.44588 0.52135 -0.72759 0.4459 0.52133 -0.64918 0.39785 0.64829 -0.64918 0.39784 0.6483 -0.55473 0.33996 0.75941 -0.55473 0.33994 0.75942 -0.44653 0.27363 0.8519 -0.44652 0.27361 0.85192 -0.32716 0.20047 0.92346 -0.32717 0.20049 0.92345 -0.1996 0.12231 0.97221 -0.1996 0.12232 0.97221 -0.06713 0.04113 0.9969 -0.06712 0.04113 0.9969 -0.75805 0.64748 0.07824 -0.75807 0.64746 0.07827 -0.73952 0.63161 0.23276 -0.73951 0.63163 0.23275 -0.70284 0.60031 0.38164 -0.70286 0.60025 0.38169 -0.64892 0.55418 0.52133 -0.64891 0.55421 0.52131 -0.57897 0.49448 0.6483 -0.57897 0.49448 0.64829 -0.49472 0.42253 0.75942 -0.49472 0.42254 0.75941 -0.3982 0.34011 0.85192 -0.3982 0.34012 0.85191 -0.29177 0.24921 0.92345 -0.29176 0.24918 0.92346 -0.17801 0.15203 0.97221 -0.17801 0.15204 0.97221 -0.05986 0.05113 0.9969 -0.05986 0.05113 0.9969 -0.64751 0.75803 0.07828 -0.64744 0.75809 0.07819 -0.6316 0.73954 0.23274 -0.63162 0.73951 0.23277 -0.60028 0.70283 0.3817 -0.60027 0.70286 0.38166 -0.5542 0.64893 0.5213 -0.55421 0.64891 0.52132 -0.49448 0.57897 0.64829 -0.49448 0.57897 0.64829 -0.42253 0.49473 0.75941 -0.42254 0.49468 0.75944 -0.34013 0.3982 0.85191 -0.34013 0.39821 0.85191 -0.24919 0.29175 0.92346 -0.2492 0.29177 0.92346 -0.15204 0.17802 0.97221 -0.15204 0.17801 0.97221 -0.05113 0.05986 0.9969 -0.05113 0.05987 0.9969 -0.52089 0.85004 0.07818 -0.5209 0.85003 0.0782 -0.50815 0.82922 0.23277 -0.50812 0.82925 0.23273 -0.48292 0.78812 0.38166 -0.48294 0.78808 0.3817 -0.44588 0.72761 0.52132 -0.44591 0.72756 0.52137 -0.39787 0.64917 0.64829 -0.39785 0.64921 0.64826 -0.33993 0.5547 0.75945 -0.33992 0.55473 0.75943 -0.27362 0.44653 0.85191 -0.27362 0.44653 0.85191 -0.20047 0.32717 0.92346 -0.20048 0.32715 0.92346 -0.12232 0.1996 0.97221 -0.12232 0.19962 0.97221 -0.04113 0.06713 0.9969 -0.04113 0.06713 0.9969 -0.38152 0.92105 0.0782 -0.38147 0.92107 0.07815 -0.37214 0.89853 0.23273 -0.37216 0.89851 0.23276 -0.3537 0.85393 0.3817 -0.3537 0.85393 0.3817 -0.32655 0.78838 0.52137 -0.32653 0.7884 0.52134 -0.29136 0.70348 0.64825 -0.29137 0.70345 0.64827 -0.24896 0.60107 0.75943 -0.24897 0.60106 0.75943 -0.20041 0.48383 0.8519 -0.20041 0.48384 0.8519 -0.14683 0.35449 0.92346 -0.14683 0.35449 0.92346 -0.08959 0.21629 0.97221 -0.08959 0.21627 0.97222 -0.03013 0.07273 0.9969 -0.03013 0.07274 0.9969 -0.2327 0.9694 0.07815 -0.23277 0.96938 0.07822 -0.22707 0.94566 0.23276 -0.22707 0.94566 0.23275 -0.2158 0.89874 0.38171 -0.21575 0.89877 0.38165 -0.19919 0.82977 0.52134 -0.19922 0.82975 0.52137 -0.17776 0.74037 0.64827 -0.17778 0.74034 0.64829 -0.15191 0.6326 0.75943 -0.15189 0.63262 0.75942 -0.12227 0.50923 0.8519 -0.12227 0.50923 0.8519 -0.08958 0.37309 0.92346 -0.08958 0.37311 0.92345 -0.05465 0.22762 0.97222 -0.05465 0.22762 0.97221 -0.01838 0.07655 0.9969 -0.01838 0.07655 0.9969 -0.0782 0.99386 0.07821 -0.07818 0.99387 0.0782 -0.07627 0.96954 0.23275 -0.07633 0.96952 0.23282 -0.07255 0.92145 0.38165 -0.07258 0.92144 0.38168 -0.067 0.85069 0.52138 -0.06695 0.85073 0.52132 -0.05974 0.75904 0.6483 -0.05973 0.75905 0.64829 -0.05104 0.6486 0.75942 -0.05101 0.64862 0.7594 -0.04106 0.52209 0.8519 -0.04108 0.52207 0.85191 -0.0301 0.38253 0.92345 -0.0301 0.38252 0.92346 -0.01836 0.23337 0.97221 -0.01836 0.23337 0.97221 -0.00618 0.07848 0.9969 -0.00618 0.07848 0.9969 0.99692 -0 0.07846 0.97237 -0 0.23344 0.92388 -0 0.38268 0.85264 -0 0.5225 0.7604 -0 0.64945 0.64945 -0 0.76041 0.52251 -0 0.85263 0.38269 -0 0.92388 0.23342 -0 0.97238 0.07849 -0 0.99692 -0.99692 0 0.07846 -0.97237 0 0.23344 -0.92388 0 0.38268 -0.85264 0 0.5225 -0.7604 0 0.64945 -0.64945 0 0.76041 -0.52251 0 0.85263 -0.38269 0 0.92388 -0.23342 0 0.97238 -0.07849 0 0.99692 0.99386 -0.07822 0.07822 0.99386 -0.07822 0.07823 0.96954 -0.07631 0.23276 0.96954 -0.07632 0.23275 0.92145 -0.07253 0.38167 0.92145 -0.07253 0.38168 0.85072 -0.06696 0.52133 0.85072 -0.06695 0.52134 0.75904 -0.05974 0.64829 0.75905 -0.05974 0.64829 0.6486 -0.05105 0.75942 0.64859 -0.05105 0.75942 0.52207 -0.04109 0.85191 0.52208 -0.04109 0.85191 0.38252 -0.03011 0.92346 0.38252 -0.03011 0.92346 0.23338 -0.01837 0.97221 0.23338 -0.01837 0.97221 0.07848 -0.00618 0.9969 0.07848 -0.00618 0.9969 0.96939 -0.23274 0.07822 0.96939 -0.23273 0.07823 0.94567 -0.22703 0.23274 0.94567 -0.22703 0.23274 0.89876 -0.21577 0.38169 0.89875 -0.21577 0.38169 0.82977 -0.1992 0.52135 0.82977 -0.19921 0.52134 0.74037 -0.17775 0.64828 0.74036 -0.17774 0.64829 0.63262 -0.15187 0.75942 0.63262 -0.15187 0.75942 0.50922 -0.12225 0.85191 0.50923 -0.12226 0.8519 0.3731 -0.08958 0.92346 0.37309 -0.08957 0.92346 0.22763 -0.05465 0.97221 0.22763 -0.05465 0.97221 0.07655 -0.01838 0.9969 0.07655 -0.01838 0.9969 0.92105 -0.38151 0.07824 0.92104 -0.38154 0.07821 0.8985 -0.3722 0.23273 0.8985 -0.37218 0.23275 0.85393 -0.35372 0.3817 0.85393 -0.35372 0.38169 0.78839 -0.32657 0.52134 0.78839 -0.32656 0.52135 0.70344 -0.29138 0.64828 0.70344 -0.29137 0.64829 0.60107 -0.24897 0.75943 0.60108 -0.24899 0.75941 0.48384 -0.20042 0.8519 0.48383 -0.20041 0.8519 0.35449 -0.14683 0.92346 0.35449 -0.14684 0.92346 0.21628 -0.08959 0.97221 0.21628 -0.08958 0.97221 0.07273 -0.03013 0.9969 0.07273 -0.03013 0.9969 0.85003 -0.52089 0.07821 0.85004 -0.52087 0.07823 0.82924 -0.50812 0.23275 0.82924 -0.50812 0.23276 0.7881 -0.48291 0.38169 0.78809 -0.48296 0.38165 0.72759 -0.44588 0.52135 0.72759 -0.44586 0.52137 0.6492 -0.39782 0.64829 0.6492 -0.39785 0.64827 0.55473 -0.33996 0.75941 0.55473 -0.33994 0.75942 0.44653 -0.27363 0.8519 0.44652 -0.27361 0.85192 0.32716 -0.20047 0.92346 0.32717 -0.20049 0.92345 0.1996 -0.12231 0.97221 0.1996 -0.12232 0.97221 0.06713 -0.04113 0.9969 0.06712 -0.04113 0.9969 0.75809 -0.64744 0.07824 0.75807 -0.64746 0.07821 0.73952 -0.63161 0.23276 0.73951 -0.63163 0.23275 0.70284 -0.60031 0.38164 0.70286 -0.60025 0.38169 0.64889 -0.55417 0.52138 0.64888 -0.55425 0.52131 0.57897 -0.49453 0.64826 0.57897 -0.49448 0.64829 0.49472 -0.42253 0.75942 0.49472 -0.4225 0.75944 0.39822 -0.34009 0.85192 0.39822 -0.34011 0.85191 0.29178 -0.2492 0.92345 0.29178 -0.2492 0.92345 0.17801 -0.15203 0.97221 0.17801 -0.15204 0.97221 0.05986 -0.05113 0.9969 0.05986 -0.05113 0.9969 0.64746 -0.75808 0.0782 0.64744 -0.75809 0.07819 0.6316 -0.73954 0.23274 0.63162 -0.73951 0.23277 0.60028 -0.70283 0.3817 0.60027 -0.70286 0.38166 0.5542 -0.64893 0.5213 0.55423 -0.64885 0.52137 0.49451 -0.57894 0.64829 0.49451 -0.57895 0.64829 0.42254 -0.49468 0.75944 0.42253 -0.49473 0.75941 0.34011 -0.39822 0.85191 0.34011 -0.39822 0.85191 0.2492 -0.29178 0.92345 0.2492 -0.29177 0.92346 0.15204 -0.17802 0.97221 0.15204 -0.17801 0.97221 0.05113 -0.05986 0.9969 0.05113 -0.05987 0.9969 0.52089 -0.85004 0.07818 0.5209 -0.85003 0.0782 0.50815 -0.82922 0.23277 0.50812 -0.82925 0.23273 0.48292 -0.78812 0.38166 0.48294 -0.78808 0.3817 0.44586 -0.72758 0.52138 0.44586 -0.72759 0.52137 0.39782 -0.6492 0.64829 0.39781 -0.64924 0.64826 0.33992 -0.55475 0.75941 0.33992 -0.55473 0.75943 0.27362 -0.44653 0.85191 0.27362 -0.44653 0.85191 0.20047 -0.32717 0.92346 0.20048 -0.32715 0.92346 0.12232 -0.1996 0.97221 0.12232 -0.19962 0.97221 0.04113 -0.06713 0.9969 0.04113 -0.06713 0.9969 0.38152 -0.92105 0.0782 0.38155 -0.92103 0.07824 0.37222 -0.89849 0.23273 0.37224 -0.89848 0.23275 0.35377 -0.8539 0.3817 0.35371 -0.85396 0.38163 0.32655 -0.78838 0.52137 0.32653 -0.7884 0.52134 0.29136 -0.70348 0.64825 0.2914 -0.7034 0.64832 0.249 -0.60106 0.75943 0.24898 -0.6011 0.7594 0.20041 -0.48383 0.8519 0.20042 -0.4838 0.85192 0.14685 -0.35448 0.92346 0.14684 -0.35452 0.92345 0.08959 -0.21629 0.97221 0.08959 -0.21627 0.97222 0.03013 -0.07273 0.9969 0.03013 -0.07274 0.9969 0.2327 -0.9694 0.07824 0.23268 -0.9694 0.07822 0.22698 -0.94568 0.23276 0.22698 -0.94568 0.23275 0.21573 -0.89879 0.38162 0.21582 -0.89872 0.38173 0.19926 -0.82976 0.52135 0.19923 -0.82979 0.52131 0.17775 -0.74032 0.64832 0.17772 -0.74035 0.6483 0.15187 -0.63266 0.75939 0.15189 -0.63262 0.75942 0.12226 -0.50919 0.85193 0.12224 -0.50923 0.8519 0.08957 -0.37313 0.92345 0.08958 -0.37311 0.92345 0.05465 -0.22762 0.97222 0.05465 -0.22762 0.97221 0.01838 -0.07655 0.9969 0.01838 -0.07655 0.9969 0.0782 -0.99386 0.07821 0.07827 -0.99385 0.07829 0.07636 -0.96953 0.23275 0.07633 -0.96954 0.23273 0.07255 -0.92142 0.38174 0.0725 -0.92144 0.38169 0.06693 -0.85074 0.52131 0.06695 -0.85073 0.52132 0.05974 -0.75904 0.6483 0.05973 -0.75905 0.64829 0.05104 -0.6486 0.75942 0.05105 -0.64857 0.75944 0.0411 -0.52209 0.8519 0.04108 -0.52211 0.85189 0.0301 -0.38253 0.92345 0.0301 -0.38252 0.92346 0.01836 -0.23337 0.97221 0.01836 -0.23337 0.97221 0.00618 -0.07848 0.9969 0.00618 -0.07848 0.9969 -0.0782 -0.99386 0.07829 -0.07828 -0.99386 0.07822 -0.07636 -0.96954 0.23273 -0.07633 -0.96954 0.23275 -0.07255 -0.92144 0.38168 -0.0725 -0.92142 0.38173 -0.06693 -0.85073 0.52132 -0.06695 -0.85074 0.52131 -0.05974 -0.75905 0.64829 -0.05973 -0.75904 0.6483 -0.05103 -0.64858 0.75944 -0.05105 -0.64859 0.75942 -0.0411 -0.52211 0.85189 -0.04108 -0.52209 0.8519 -0.0301 -0.38252 0.92346 -0.0301 -0.38253 0.92345 -0.01836 -0.23337 0.97221 -0.01836 -0.23337 0.97221 -0.00618 -0.07848 0.9969 -0.00618 -0.07848 0.9969 -0.2327 -0.9694 0.07822 -0.23268 -0.9694 0.07824 -0.22698 -0.94568 0.23275 -0.22698 -0.94568 0.23276 -0.21572 -0.89875 0.38173 -0.21583 -0.89876 0.38163 -0.19927 -0.82978 0.52131 -0.19922 -0.82977 0.52134 -0.17775 -0.74035 0.6483 -0.17772 -0.74033 0.64832 -0.15186 -0.63263 0.75942 -0.1519 -0.63265 0.7594 -0.12227 -0.50923 0.8519 -0.12223 -0.5092 0.85192 -0.08956 -0.37311 0.92345 -0.08958 -0.37313 0.92345 -0.05465 -0.22762 0.97221 -0.05465 -0.22762 0.97222 -0.01838 -0.07655 0.9969 -0.01838 -0.07655 0.9969 -0.38152 -0.92104 0.07824 -0.38155 -0.92103 0.0782 -0.37221 -0.89849 0.23275 -0.37224 -0.89848 0.23273 -0.35378 -0.85393 0.38163 -0.3537 -0.85393 0.3817 -0.32656 -0.78839 0.52134 -0.32652 -0.78839 0.52137 -0.29133 -0.70342 0.64832 -0.29142 -0.70345 0.64826 -0.24902 -0.60109 0.75939 -0.24897 -0.60107 0.75943 -0.2004 -0.4838 0.85192 -0.20043 -0.48382 0.85191 -0.14686 -0.35451 0.92345 -0.14682 -0.35449 0.92346 -0.08958 -0.21627 0.97222 -0.0896 -0.21629 0.97221 -0.03013 -0.07274 0.9969 -0.03013 -0.07273 0.9969 -0.52089 -0.85004 0.0782 -0.5209 -0.85003 0.07818 -0.50815 -0.82923 0.23273 -0.50811 -0.82924 0.23277 -0.48291 -0.7881 0.3817 -0.48295 -0.7881 0.38166 -0.44587 -0.72758 0.52137 -0.44586 -0.72758 0.52138 -0.39784 -0.64922 0.64826 -0.3978 -0.64921 0.64829 -0.33991 -0.55474 0.75943 -0.33993 -0.55475 0.75941 -0.27362 -0.44653 0.85191 -0.27362 -0.44653 0.85191 -0.20047 -0.32715 0.92346 -0.20048 -0.32716 0.92346 -0.12232 -0.19961 0.97221 -0.12231 -0.19961 0.97221 -0.04113 -0.06713 0.9969 -0.04113 -0.06713 0.9969 -0.64746 -0.75808 0.07819 -0.64744 -0.75809 0.0782 -0.63159 -0.73953 0.23277 -0.63162 -0.73952 0.23274 -0.60029 -0.70284 0.38166 -0.60026 -0.70285 0.3817 -0.55417 -0.64889 0.52137 -0.55425 -0.64888 0.5213 -0.49452 -0.57894 0.64829 -0.49451 -0.57894 0.64829 -0.42256 -0.49471 0.75941 -0.42251 -0.4947 0.75944 -0.34011 -0.39822 0.85191 -0.34011 -0.39822 0.85191 -0.24919 -0.29177 0.92346 -0.2492 -0.29177 0.92345 -0.15204 -0.17801 0.97221 -0.15205 -0.17801 0.97221 -0.05113 -0.05986 0.9969 -0.05113 -0.05986 0.9969 -0.75809 -0.64744 0.07821 -0.75807 -0.64746 0.07824 -0.73952 -0.63162 0.23275 -0.73951 -0.63163 0.23276 -0.70282 -0.60029 0.3817 -0.70287 -0.60027 0.38164 -0.64893 -0.55419 0.52131 -0.64885 -0.55422 0.52138 -0.57894 -0.49451 0.64829 -0.57899 -0.4945 0.64826 -0.49471 -0.42252 0.75944 -0.49473 -0.42251 0.75942 -0.39823 -0.3401 0.85191 -0.39821 -0.3401 0.85192 -0.29178 -0.2492 0.92345 -0.29178 -0.2492 0.92345 -0.17802 -0.15204 0.97221 -0.17801 -0.15204 0.97221 -0.05986 -0.05113 0.9969 -0.05986 -0.05113 0.9969 -0.85003 -0.52089 0.07823 -0.85004 -0.52087 0.07821 -0.82924 -0.50812 0.23276 -0.82924 -0.50812 0.23275 -0.78812 -0.48292 0.38165 -0.78808 -0.48295 0.38169 -0.72758 -0.44588 0.52137 -0.7276 -0.44586 0.52135 -0.64922 -0.39783 0.64827 -0.64919 -0.39784 0.64829 -0.55472 -0.33995 0.75942 -0.55474 -0.33995 0.75941 -0.44651 -0.27362 0.85192 -0.44653 -0.27362 0.8519 -0.32718 -0.20048 0.92345 -0.32716 -0.20048 0.92346 -0.1996 -0.12231 0.97221 -0.1996 -0.12231 0.97221 -0.06712 -0.04113 0.9969 -0.06713 -0.04113 0.9969 -0.92105 -0.38151 0.07821 -0.92104 -0.38154 0.07824 -0.8985 -0.3722 0.23276 -0.89851 -0.37218 0.23273 -0.85393 -0.35372 0.38169 -0.85393 -0.35372 0.3817 -0.78838 -0.32657 0.52135 -0.78839 -0.32656 0.52134 -0.70344 -0.29137 0.64829 -0.70344 -0.29137 0.64828 -0.60109 -0.24897 0.75941 -0.60107 -0.24898 0.75943 -0.48383 -0.20042 0.8519 -0.48384 -0.20041 0.8519 -0.35449 -0.14684 0.92346 -0.35448 -0.14684 0.92346 -0.21627 -0.08959 0.97221 -0.21628 -0.08959 0.97221 -0.07273 -0.03013 0.9969 -0.07273 -0.03013 0.9969 -0.96939 -0.23274 0.07823 -0.96939 -0.23273 0.07822 -0.94567 -0.22703 0.23274 -0.94567 -0.22703 0.23274 -0.89875 -0.21577 0.38169 -0.89876 -0.21577 0.38169 -0.82977 -0.1992 0.52134 -0.82977 -0.19921 0.52134 -0.74036 -0.17774 0.64829 -0.74037 -0.17774 0.64828 -0.63262 -0.15187 0.75942 -0.63262 -0.15187 0.75942 -0.50923 -0.12225 0.8519 -0.50922 -0.12226 0.85191 -0.37309 -0.08958 0.92346 -0.3731 -0.08957 0.92346 -0.22763 -0.05465 0.97221 -0.22763 -0.05465 0.97221 -0.07655 -0.01838 0.9969 -0.07655 -0.01838 0.9969 -0.99386 -0.07822 0.07823 -0.99386 -0.07822 0.07822 -0.96954 -0.07631 0.23275 -0.96953 -0.07632 0.23276 -0.92144 -0.07253 0.38168 -0.92145 -0.07253 0.38167 -0.85072 -0.06696 0.52134 -0.85072 -0.06695 0.52133 -0.75905 -0.05974 0.64829 -0.75904 -0.05974 0.64829 -0.64859 -0.05105 0.75942 -0.6486 -0.05105 0.75942 -0.52208 -0.04109 0.85191 -0.52207 -0.04109 0.85191 -0.38252 -0.03011 0.92346 -0.38252 -0.03011 0.92346 -0.23338 -0.01837 0.97221 -0.23338 -0.01837 0.97221 -0.07848 -0.00618 0.9969 -0.07848 -0.00618 0.9969 0 -0.07849 0.99692 0 -0.99691 0.07853 0 -0.97238 0.23341 0 -0.92388 0.38269 0 -0.85264 0.5225 0 -0.76041 0.64945 0 -0.64942 0.76043 0 -0.52255 0.85261 0 -0.38269 0.92388 0 -0.23341 0.97238 -0 1 0 0.07844 0.99692 0 0.23341 0.97238 0 0.38269 0.92388 0 0.52249 0.85265 0 0.6495 0.76036 0 0.76038 0.64948 0 0.85264 0.52249 0 0.92388 0.38268 0 0.97237 0.23343 0 0.99692 0.07846 0 -0.99692 0.07846 0 -0.97237 0.23343 0 -0.92388 0.38268 0 -0.85264 0.52249 0 -0.76038 0.64948 0 -0.6495 0.76036 0 -0.52249 0.85265 0 -0.38269 0.92388 0 -0.23341 0.97238 0 -0.07844 0.99692 0 0 0.07844 -0.99692 0 0.23345 -0.97237 0 0.38269 -0.92388 0 0.52248 -0.85265 0 0.64947 -0.76039 0 0.76043 -0.64942 0 0.85264 -0.5225 0 0.92388 -0.38269 0 0.97235 -0.23351 0 0.99692 -0.07844 1 0 0 0.00617 0.07844 -0.9969 0.00617 0.07844 -0.9969 0.01837 0.23341 -0.9722 0.01837 0.23341 -0.9722 0.0301 0.38252 -0.92346 0.0301 0.38253 -0.92345 0.04107 0.52203 -0.85193 0.04106 0.52206 -0.85192 0.05101 0.64862 -0.7594 0.05104 0.6486 -0.75942 0.05973 0.75907 -0.64826 0.05974 0.75906 -0.64827 0.06695 0.85073 -0.52132 0.067 0.85069 -0.52138 0.07258 0.92144 -0.38168 0.07255 0.92145 -0.38165 0.07633 0.96952 -0.23283 0.07627 0.96954 -0.23276 0.07818 0.99387 -0.0782 0.0782 0.99387 -0.07821 0.01837 0.0765 -0.9969 0.01837 0.07651 -0.9969 0.05466 0.22767 -0.9722 0.05466 0.22766 -0.9722 0.08958 0.37311 -0.92345 0.08958 0.37309 -0.92346 0.12226 0.5092 -0.85192 0.12226 0.5092 -0.85192 0.15189 0.63262 -0.75942 0.15191 0.6326 -0.75943 0.17778 0.74036 -0.64827 0.17776 0.74039 -0.64825 0.19922 0.82975 -0.52137 0.19919 0.82977 -0.52134 0.21575 0.89877 -0.38165 0.2158 0.89874 -0.38171 0.22706 0.94565 -0.23276 0.22707 0.94565 -0.23277 0.23277 0.96938 -0.07821 0.2327 0.9694 -0.07814 0.03011 0.07269 -0.9969 0.03011 0.07269 -0.9969 0.08961 0.21631 -0.9722 0.0896 0.21633 -0.9722 0.14683 0.35449 -0.92346 0.14683 0.35449 -0.92346 0.20039 0.48381 -0.85192 0.2004 0.4838 -0.85193 0.24897 0.60106 -0.75943 0.24896 0.60107 -0.75943 0.29137 0.70347 -0.64825 0.29136 0.70349 -0.64823 0.32653 0.7884 -0.52134 0.32655 0.78838 -0.52137 0.3537 0.85393 -0.3817 0.3537 0.85393 -0.3817 0.37216 0.89851 -0.23277 0.37214 0.89852 -0.23274 0.38147 0.92107 -0.07815 0.38152 0.92105 -0.0782 0.04111 0.06709 -0.9969 0.04111 0.06709 -0.9969 0.12234 0.19965 -0.9722 0.12234 0.19964 -0.9722 0.20048 0.32715 -0.92346 0.20047 0.32717 -0.92346 0.2736 0.4465 -0.85193 0.2736 0.4465 -0.85193 0.33992 0.55473 -0.75943 0.33993 0.5547 -0.75945 0.39786 0.64923 -0.64823 0.39788 0.64918 -0.64827 0.44591 0.72756 -0.52137 0.44588 0.72761 -0.52132 0.48294 0.78808 -0.3817 0.48292 0.78812 -0.38166 0.50812 0.82925 -0.23274 0.50815 0.82922 -0.23278 0.5209 0.85003 -0.0782 0.52089 0.85004 -0.07818 0.0511 0.05983 -0.9969 0.0511 0.05982 -0.9969 0.15207 0.17804 -0.9722 0.15207 0.17805 -0.9722 0.2492 0.29177 -0.92346 0.24919 0.29175 -0.92346 0.3401 0.39818 -0.85193 0.3401 0.39817 -0.85193 0.42254 0.49468 -0.75944 0.42253 0.49473 -0.75941 0.49449 0.57899 -0.64827 0.49449 0.57899 -0.64827 0.55421 0.64891 -0.52132 0.5542 0.64893 -0.5213 0.60027 0.70286 -0.38166 0.60028 0.70283 -0.3817 0.63161 0.73951 -0.23278 0.6316 0.73954 -0.23275 0.64744 0.75809 -0.07818 0.64751 0.75803 -0.07827 0.05983 0.0511 -0.9969 0.05983 0.0511 -0.9969 0.17805 0.15207 -0.9722 0.17804 0.15206 -0.9722 0.29176 0.24918 -0.92346 0.29177 0.24921 -0.92345 0.39818 0.3401 -0.85193 0.39818 0.34008 -0.85194 0.49472 0.42254 -0.75941 0.49472 0.42253 -0.75942 0.57898 0.4945 -0.64827 0.57898 0.49449 -0.64827 0.64891 0.55421 -0.52131 0.64892 0.55418 -0.52133 0.70286 0.60025 -0.38169 0.70284 0.60031 -0.38164 0.73951 0.63163 -0.23276 0.73952 0.63161 -0.23277 0.75807 0.64746 -0.07827 0.75805 0.64748 -0.07823 0.06708 0.04111 -0.9969 0.06709 0.04111 -0.9969 0.19964 0.12234 -0.9722 0.19964 0.12234 -0.9722 0.32717 0.20049 -0.92345 0.32716 0.20047 -0.92346 0.44649 0.27359 -0.85194 0.4465 0.27362 -0.85192 0.55473 0.33994 -0.75942 0.55473 0.33996 -0.75941 0.6492 0.39785 -0.64827 0.6492 0.39786 -0.64827 0.72759 0.4459 -0.52133 0.72759 0.44588 -0.52135 0.78809 0.48296 -0.38165 0.7881 0.48291 -0.38169 0.82924 0.50812 -0.23277 0.82924 0.50812 -0.23277 0.85004 0.52087 -0.07823 0.85003 0.52089 -0.07821 0.07269 0.03011 -0.9969 0.07269 0.03011 -0.9969 0.21632 0.0896 -0.9722 0.21632 0.08961 -0.9722 0.35449 0.14684 -0.92346 0.35449 0.14683 -0.92346 0.4838 0.2004 -0.85193 0.48381 0.20041 -0.85192 0.60108 0.24899 -0.75941 0.60107 0.24897 -0.75943 0.70346 0.29137 -0.64827 0.70346 0.29138 -0.64826 0.78839 0.32656 -0.52135 0.78838 0.32654 -0.52136 0.85394 0.35369 -0.38169 0.85394 0.35372 -0.38166 0.8985 0.37218 -0.23277 0.8985 0.37216 -0.23278 0.92105 0.3815 -0.07821 0.92105 0.38151 -0.0782 0.07651 0.01837 -0.9969 0.0765 0.01837 -0.9969 0.22768 0.05466 -0.9722 0.22768 0.05466 -0.9722 0.37309 0.08957 -0.92346 0.3731 0.08958 -0.92346 0.5092 0.12225 -0.85192 0.50919 0.12224 -0.85193 0.63262 0.15187 -0.75942 0.63262 0.15187 -0.75942 0.74038 0.17774 -0.64826 0.74038 0.17773 -0.64827 0.82977 0.19919 -0.52136 0.82978 0.19922 -0.52133 0.89876 0.21579 -0.38167 0.89876 0.21577 -0.38169 0.94566 0.22703 -0.23277 0.94566 0.22705 -0.23275 0.96939 0.23275 -0.07821 0.96939 0.23272 -0.07824 0.07844 0.00617 -0.9969 0.07844 0.00617 -0.9969 0.23343 0.01837 -0.9722 0.23342 0.01837 -0.9722 0.38252 0.0301 -0.92346 0.38252 0.0301 -0.92346 0.52204 0.04108 -0.85193 0.52204 0.04108 -0.85193 0.64859 0.05104 -0.75942 0.6486 0.05105 -0.75942 0.75907 0.05974 -0.64827 0.75906 0.05974 -0.64827 0.85072 0.06695 -0.52134 0.85072 0.06696 -0.52133 0.92145 0.07252 -0.38168 0.92145 0.07253 -0.38167 0.96954 0.07631 -0.23276 0.96953 0.0763 -0.23277 0.99386 0.07821 -0.07823 0.99386 0.07822 -0.07822 -1 0 0 -0.07844 0.00617 -0.9969 -0.07844 0.00617 -0.9969 -0.23342 0.01837 -0.9722 -0.23343 0.01837 -0.9722 -0.38252 0.0301 -0.92346 -0.38252 0.0301 -0.92346 -0.52204 0.04108 -0.85193 -0.52204 0.04108 -0.85193 -0.6486 0.05104 -0.75942 -0.64859 0.05105 -0.75942 -0.75906 0.05974 -0.64827 -0.75907 0.05974 -0.64827 -0.85072 0.06695 -0.52133 -0.85072 0.06696 -0.52134 -0.92145 0.07252 -0.38168 -0.92145 0.07253 -0.38168 -0.96953 0.07631 -0.23277 -0.96954 0.0763 -0.23276 -0.99386 0.07821 -0.07822 -0.99386 0.07822 -0.07823 -0.0765 0.01837 -0.9969 -0.07651 0.01837 -0.9969 -0.22768 0.05466 -0.9722 -0.22767 0.05466 -0.9722 -0.3731 0.08957 -0.92346 -0.37309 0.08958 -0.92346 -0.50918 0.12225 -0.85193 -0.5092 0.12224 -0.85192 -0.63262 0.15187 -0.75942 -0.63262 0.15187 -0.75942 -0.74038 0.17774 -0.64827 -0.74038 0.17773 -0.64826 -0.82978 0.1992 -0.52133 -0.82976 0.19922 -0.52136 -0.89875 0.21578 -0.38169 -0.89876 0.21577 -0.38167 -0.94567 0.22703 -0.23275 -0.94566 0.22705 -0.23278 -0.96938 0.23275 -0.07824 -0.9694 0.23272 -0.07821 -0.07269 0.03011 -0.9969 -0.07269 0.03011 -0.9969 -0.21632 0.0896 -0.9722 -0.21632 0.0896 -0.9722 -0.35448 0.14684 -0.92346 -0.35449 0.14684 -0.92346 -0.48381 0.2004 -0.85192 -0.4838 0.2004 -0.85193 -0.60107 0.24898 -0.75943 -0.60109 0.24897 -0.75941 -0.70346 0.29138 -0.64826 -0.70345 0.29138 -0.64827 -0.78838 0.32656 -0.52136 -0.78839 0.32655 -0.52135 -0.85395 0.3537 -0.38167 -0.85393 0.35372 -0.38169 -0.8985 0.37218 -0.23278 -0.89851 0.37217 -0.23277 -0.92105 0.3815 -0.0782 -0.92105 0.38151 -0.07821 -0.06709 0.04111 -0.9969 -0.06708 0.04111 -0.9969 -0.19964 0.12234 -0.9722 -0.19964 0.12234 -0.9722 -0.32716 0.20048 -0.92346 -0.32718 0.20048 -0.92345 -0.4465 0.2736 -0.85192 -0.44648 0.2736 -0.85194 -0.55474 0.33995 -0.75941 -0.55472 0.33995 -0.75942 -0.6492 0.39785 -0.64827 -0.64919 0.39785 -0.64827 -0.72758 0.44589 -0.52135 -0.7276 0.44589 -0.52133 -0.78808 0.48295 -0.38169 -0.78812 0.48292 -0.38165 -0.82924 0.50812 -0.23277 -0.82923 0.50812 -0.23277 -0.85004 0.52087 -0.07821 -0.85003 0.52089 -0.07823 -0.05983 0.0511 -0.9969 -0.05983 0.0511 -0.9969 -0.17804 0.15206 -0.9722 -0.17805 0.15207 -0.9722 -0.29178 0.2492 -0.92345 -0.29175 0.24919 -0.92346 -0.39817 0.34009 -0.85194 -0.39818 0.34009 -0.85193 -0.49471 0.42254 -0.75942 -0.49473 0.42254 -0.75941 -0.57898 0.49449 -0.64827 -0.57899 0.49449 -0.64827 -0.6489 0.5542 -0.52133 -0.64893 0.55419 -0.52131 -0.70287 0.60027 -0.38164 -0.70282 0.60029 -0.3817 -0.7395 0.63162 -0.23277 -0.73952 0.63161 -0.23276 -0.75807 0.64746 -0.07823 -0.75805 0.64748 -0.07827 -0.0511 0.05983 -0.9969 -0.0511 0.05983 -0.9969 -0.15207 0.17805 -0.9722 -0.15207 0.17804 -0.9722 -0.24919 0.29176 -0.92346 -0.24921 0.29176 -0.92346 -0.3401 0.39818 -0.85193 -0.34011 0.39818 -0.85193 -0.42256 0.49471 -0.75941 -0.42251 0.4947 -0.75944 -0.49449 0.57899 -0.64827 -0.49449 0.57899 -0.64827 -0.55421 0.64891 -0.5213 -0.55419 0.64892 -0.52132 -0.60026 0.70285 -0.3817 -0.60029 0.70284 -0.38166 -0.63162 0.73952 -0.23275 -0.63159 0.73953 -0.23278 -0.64744 0.75809 -0.07827 -0.64751 0.75803 -0.07818 -0.04111 0.06709 -0.9969 -0.04111 0.06709 -0.9969 -0.12233 0.19965 -0.9722 -0.12234 0.19965 -0.9722 -0.20048 0.32716 -0.92346 -0.20047 0.32715 -0.92346 -0.2736 0.4465 -0.85193 -0.2736 0.4465 -0.85193 -0.33991 0.55471 -0.75945 -0.33994 0.55472 -0.75942 -0.39785 0.6492 -0.64827 -0.39789 0.64921 -0.64823 -0.44593 0.72758 -0.52132 -0.44587 0.72758 -0.52137 -0.48295 0.7881 -0.38166 -0.48291 0.7881 -0.3817 -0.50811 0.82924 -0.23278 -0.50815 0.82922 -0.23274 -0.5209 0.85003 -0.07818 -0.52089 0.85004 -0.0782 -0.03011 0.07269 -0.9969 -0.03011 0.07269 -0.9969 -0.08961 0.21633 -0.9722 -0.08959 0.21631 -0.9722 -0.14682 0.35449 -0.92346 -0.14683 0.35449 -0.92346 -0.20039 0.4838 -0.85193 -0.2004 0.48381 -0.85192 -0.24897 0.60107 -0.75943 -0.24896 0.60107 -0.75943 -0.29138 0.70349 -0.64823 -0.29136 0.70348 -0.64825 -0.32652 0.78839 -0.52137 -0.32656 0.78839 -0.52134 -0.3537 0.85393 -0.3817 -0.3537 0.85393 -0.3817 -0.37216 0.89851 -0.23274 -0.37213 0.89852 -0.23277 -0.38147 0.92107 -0.0782 -0.38152 0.92105 -0.07815 -0.01837 0.07651 -0.9969 -0.01837 0.0765 -0.9969 -0.05466 0.22766 -0.9722 -0.05466 0.22767 -0.9722 -0.08957 0.3731 -0.92346 -0.08958 0.37311 -0.92345 -0.12226 0.5092 -0.85192 -0.12226 0.5092 -0.85192 -0.15189 0.63261 -0.75943 -0.15191 0.63262 -0.75942 -0.17779 0.74038 -0.64825 -0.17776 0.74037 -0.64827 -0.19922 0.82977 -0.52134 -0.19919 0.82975 -0.52138 -0.21575 0.89875 -0.3817 -0.2158 0.89876 -0.38165 -0.22706 0.94565 -0.23277 -0.22707 0.94565 -0.23276 -0.23277 0.96939 -0.07814 -0.2327 0.9694 -0.07821 -0.00617 0.07844 -0.9969 -0.00617 0.07844 -0.9969 -0.01837 0.23341 -0.9722 -0.01837 0.23341 -0.9722 -0.0301 0.38253 -0.92345 -0.0301 0.38252 -0.92346 -0.04108 0.52205 -0.85192 -0.04106 0.52203 -0.85194 -0.05101 0.6486 -0.75942 -0.05104 0.64862 -0.7594 -0.05973 0.75906 -0.64827 -0.05974 0.75907 -0.64826 -0.06695 0.8507 -0.52138 -0.06701 0.85073 -0.52132 -0.07258 0.92145 -0.38166 -0.07255 0.92144 -0.38168 -0.07633 0.96953 -0.23276 -0.07627 0.96952 -0.23283 -0.07818 0.99387 -0.07821 -0.0782 0.99387 -0.0782 0.99692 -0.07846 0 0.97237 -0.23345 0 0.92388 -0.38268 0 0.85264 -0.52249 0 0.76042 -0.64943 0 0.64945 -0.76041 0 0.52249 -0.85265 0 0.38269 -0.92388 0 0.23341 -0.97238 0 0.07844 -0.99692 0 0.07844 0 -0.99692 0.23346 0 -0.97237 0.38269 0 -0.92388 0.52248 0 -0.85265 0.64945 0 -0.76041 0.76042 0 -0.64943 0.85264 0 -0.5225 0.92388 0 -0.38268 0.97237 0 -0.23345 0.99692 0 -0.07846 -0.07844 -0.99692 -0 -0.23341 -0.97238 -0 -0.38269 -0.92388 -0 -0.52249 -0.85265 -0 -0.64945 -0.76041 -0 -0.76042 -0.64943 -0 -0.85264 -0.52249 -0 -0.92388 -0.38268 -0 -0.97237 -0.23345 -0 -0.99692 -0.07846 -0 -0.07844 -0 -0.99692 -0.23346 -0 -0.97237 -0.38269 -0 -0.92388 -0.52248 -0 -0.85265 -0.64945 -0 -0.76041 -0.76042 -0 -0.64943 -0.85264 -0 -0.5225 -0.92388 -0 -0.38268 -0.97237 -0 -0.23345 -0.99692 -0 -0.07846 0 -1 0 -0.00617 -0.07844 -0.9969 -0.00617 -0.07844 -0.9969 -0.01837 -0.23341 -0.9722 -0.01837 -0.23341 -0.9722 -0.0301 -0.38252 -0.92346 -0.0301 -0.38253 -0.92345 -0.04108 -0.52208 -0.85191 -0.04109 -0.52205 -0.85192 -0.05105 -0.64857 -0.75944 -0.05104 -0.6486 -0.75942 -0.05973 -0.75907 -0.64826 -0.05974 -0.75906 -0.64827 -0.06695 -0.85073 -0.52132 -0.06693 -0.85074 -0.52131 -0.0725 -0.92144 -0.38169 -0.07255 -0.92142 -0.38174 -0.07633 -0.96954 -0.23274 -0.07636 -0.96953 -0.23276 -0.07827 -0.99385 -0.07829 -0.0782 -0.99387 -0.07821 -0.01837 -0.0765 -0.9969 -0.01837 -0.07651 -0.9969 -0.05466 -0.22767 -0.9722 -0.05466 -0.22766 -0.9722 -0.08958 -0.37311 -0.92345 -0.08957 -0.37313 -0.92345 -0.12223 -0.5092 -0.85192 -0.12225 -0.50916 -0.85195 -0.15189 -0.63262 -0.75942 -0.15187 -0.63266 -0.75939 -0.17773 -0.74037 -0.64827 -0.17775 -0.74034 -0.6483 -0.19923 -0.82979 -0.52131 -0.19926 -0.82976 -0.52135 -0.21582 -0.89872 -0.38173 -0.21573 -0.89879 -0.38162 -0.22698 -0.94567 -0.23277 -0.22698 -0.94567 -0.23277 -0.23268 -0.9694 -0.07821 -0.2327 -0.9694 -0.07823 -0.03011 -0.07269 -0.9969 -0.03011 -0.07269 -0.9969 -0.08961 -0.21631 -0.9722 -0.0896 -0.21633 -0.9722 -0.14684 -0.35452 -0.92345 -0.14685 -0.35448 -0.92346 -0.20041 -0.48376 -0.85194 -0.2004 -0.4838 -0.85193 -0.24898 -0.6011 -0.7594 -0.249 -0.60106 -0.75943 -0.29141 -0.70341 -0.6483 -0.29136 -0.70349 -0.64823 -0.32653 -0.7884 -0.52134 -0.32655 -0.78838 -0.52137 -0.35371 -0.85396 -0.38163 -0.35377 -0.8539 -0.3817 -0.37224 -0.89848 -0.23277 -0.37221 -0.89849 -0.23274 -0.38155 -0.92103 -0.07823 -0.38152 -0.92105 -0.0782 -0.04111 -0.06709 -0.9969 -0.04111 -0.06709 -0.9969 -0.12234 -0.19965 -0.9722 -0.12234 -0.19964 -0.9722 -0.20048 -0.32715 -0.92346 -0.20047 -0.32717 -0.92346 -0.2736 -0.4465 -0.85193 -0.2736 -0.4465 -0.85193 -0.33992 -0.55473 -0.75943 -0.33992 -0.55475 -0.75941 -0.39782 -0.64925 -0.64824 -0.39783 -0.64921 -0.64827 -0.44586 -0.72759 -0.52137 -0.44586 -0.72758 -0.52138 -0.48294 -0.78808 -0.3817 -0.48292 -0.78812 -0.38166 -0.50812 -0.82925 -0.23274 -0.50815 -0.82922 -0.23278 -0.5209 -0.85003 -0.0782 -0.52089 -0.85004 -0.07818 -0.0511 -0.05983 -0.9969 -0.0511 -0.05982 -0.9969 -0.15207 -0.17804 -0.9722 -0.15207 -0.17805 -0.9722 -0.2492 -0.29177 -0.92346 -0.2492 -0.29178 -0.92345 -0.34008 -0.39819 -0.85193 -0.34008 -0.39819 -0.85193 -0.42253 -0.49473 -0.75941 -0.42254 -0.49468 -0.75944 -0.49452 -0.57896 -0.64827 -0.49453 -0.57896 -0.64827 -0.55423 -0.64885 -0.52137 -0.5542 -0.64893 -0.5213 -0.60027 -0.70286 -0.38166 -0.60028 -0.70283 -0.3817 -0.63161 -0.73951 -0.23278 -0.6316 -0.73954 -0.23275 -0.64744 -0.75809 -0.07818 -0.64746 -0.75808 -0.0782 -0.05983 -0.0511 -0.9969 -0.05983 -0.0511 -0.9969 -0.17805 -0.15207 -0.9722 -0.17804 -0.15206 -0.9722 -0.29178 -0.2492 -0.92345 -0.29178 -0.2492 -0.92345 -0.39819 -0.34008 -0.85193 -0.39819 -0.34007 -0.85194 -0.49472 -0.4225 -0.75944 -0.49472 -0.42253 -0.75942 -0.57898 -0.4945 -0.64827 -0.57898 -0.49454 -0.64824 -0.64888 -0.55425 -0.52131 -0.64889 -0.55417 -0.52138 -0.70286 -0.60025 -0.38169 -0.70284 -0.60031 -0.38164 -0.73951 -0.63163 -0.23276 -0.73952 -0.63161 -0.23277 -0.75807 -0.64746 -0.0782 -0.75809 -0.64744 -0.07823 -0.06708 -0.04111 -0.9969 -0.06709 -0.04111 -0.9969 -0.19964 -0.12234 -0.9722 -0.19964 -0.12234 -0.9722 -0.32717 -0.20049 -0.92345 -0.32716 -0.20047 -0.92346 -0.44649 -0.27359 -0.85194 -0.4465 -0.27362 -0.85192 -0.55473 -0.33994 -0.75942 -0.55473 -0.33996 -0.75941 -0.64922 -0.39786 -0.64824 -0.64921 -0.39783 -0.64827 -0.72759 -0.44586 -0.52137 -0.72759 -0.44588 -0.52135 -0.78809 -0.48296 -0.38165 -0.7881 -0.48291 -0.38169 -0.82924 -0.50812 -0.23277 -0.82924 -0.50812 -0.23277 -0.85004 -0.52087 -0.07823 -0.85003 -0.52089 -0.07821 -0.07269 -0.03011 -0.9969 -0.07269 -0.03011 -0.9969 -0.21632 -0.0896 -0.9722 -0.21632 -0.08961 -0.9722 -0.35449 -0.14684 -0.92346 -0.35449 -0.14683 -0.92346 -0.4838 -0.2004 -0.85193 -0.48381 -0.20041 -0.85192 -0.60108 -0.24899 -0.75941 -0.60107 -0.24897 -0.75943 -0.70346 -0.29137 -0.64827 -0.70346 -0.29138 -0.64826 -0.78839 -0.32656 -0.52135 -0.78839 -0.32657 -0.52134 -0.85393 -0.35372 -0.38169 -0.85393 -0.35372 -0.3817 -0.8985 -0.37218 -0.23277 -0.8985 -0.3722 -0.23274 -0.92104 -0.38154 -0.07821 -0.92105 -0.38151 -0.07824 -0.07651 -0.01837 -0.9969 -0.0765 -0.01837 -0.9969 -0.22767 -0.05466 -0.9722 -0.22768 -0.05466 -0.9722 -0.37309 -0.08957 -0.92346 -0.3731 -0.08958 -0.92346 -0.5092 -0.12225 -0.85192 -0.50919 -0.12224 -0.85193 -0.63262 -0.15187 -0.75942 -0.63262 -0.15187 -0.75942 -0.74038 -0.17774 -0.64826 -0.74039 -0.17775 -0.64825 -0.82977 -0.19921 -0.52134 -0.82977 -0.1992 -0.52135 -0.89875 -0.21577 -0.38169 -0.89876 -0.21577 -0.38169 -0.94567 -0.22703 -0.23275 -0.94567 -0.22703 -0.23275 -0.96939 -0.23273 -0.07823 -0.96939 -0.23274 -0.07822 -0.07844 -0.00617 -0.9969 -0.07844 -0.00617 -0.9969 -0.23342 -0.01837 -0.9722 -0.23342 -0.01837 -0.9722 -0.38252 -0.03011 -0.92346 -0.38252 -0.03011 -0.92346 -0.52204 -0.04109 -0.85193 -0.52204 -0.04109 -0.85193 -0.64859 -0.05105 -0.75942 -0.6486 -0.05105 -0.75942 -0.75907 -0.05975 -0.64826 -0.75906 -0.05974 -0.64827 -0.85072 -0.06695 -0.52134 -0.85072 -0.06696 -0.52133 -0.92145 -0.07253 -0.38168 -0.92145 -0.07253 -0.38167 -0.96954 -0.07632 -0.23276 -0.96953 -0.07631 -0.23277 -0.99386 -0.07822 -0.07822 -0.99386 -0.07822 -0.07822 0.07844 -0.00617 -0.9969 0.07844 -0.00617 -0.9969 0.23342 -0.01837 -0.9722 0.23342 -0.01837 -0.9722 0.38252 -0.03011 -0.92346 0.38252 -0.03011 -0.92346 0.52204 -0.04109 -0.85193 0.52204 -0.04109 -0.85193 0.6486 -0.05105 -0.75942 0.64859 -0.05105 -0.75942 0.75906 -0.05975 -0.64827 0.75907 -0.05974 -0.64826 0.85072 -0.06695 -0.52133 0.85072 -0.06696 -0.52134 0.92145 -0.07253 -0.38167 0.92144 -0.07253 -0.38168 0.96953 -0.07632 -0.23277 0.96954 -0.07631 -0.23276 0.99386 -0.07822 -0.07822 0.99386 -0.07822 -0.07822 0.0765 -0.01837 -0.9969 0.07651 -0.01837 -0.9969 0.22768 -0.05466 -0.9722 0.22767 -0.05466 -0.9722 0.3731 -0.08957 -0.92346 0.37309 -0.08958 -0.92346 0.50918 -0.12225 -0.85193 0.5092 -0.12224 -0.85192 0.63262 -0.15187 -0.75942 0.63262 -0.15187 -0.75942 0.74039 -0.17774 -0.64826 0.74038 -0.17775 -0.64826 0.82977 -0.19921 -0.52134 0.82977 -0.1992 -0.52134 0.89876 -0.21577 -0.38169 0.89875 -0.21577 -0.38169 0.94567 -0.22703 -0.23275 0.94567 -0.22703 -0.23275 0.96939 -0.23273 -0.07822 0.96939 -0.23274 -0.07823 0.07269 -0.03011 -0.9969 0.07269 -0.03011 -0.9969 0.21632 -0.0896 -0.9722 0.21632 -0.0896 -0.9722 0.35448 -0.14684 -0.92346 0.35449 -0.14684 -0.92346 0.48381 -0.2004 -0.85192 0.4838 -0.2004 -0.85193 0.60107 -0.24898 -0.75943 0.60109 -0.24897 -0.75941 0.70346 -0.29138 -0.64826 0.70345 -0.29138 -0.64827 0.78839 -0.32656 -0.52134 0.78838 -0.32657 -0.52135 0.85393 -0.35372 -0.3817 0.85393 -0.35372 -0.38169 0.89851 -0.37218 -0.23274 0.89849 -0.3722 -0.23277 0.92104 -0.38154 -0.07824 0.92105 -0.38151 -0.07821 0.06709 -0.04111 -0.9969 0.06708 -0.04111 -0.9969 0.19964 -0.12234 -0.9722 0.19964 -0.12234 -0.9722 0.32716 -0.20048 -0.92346 0.32718 -0.20048 -0.92345 0.4465 -0.2736 -0.85192 0.44648 -0.2736 -0.85194 0.55474 -0.33995 -0.75941 0.55472 -0.33995 -0.75942 0.6492 -0.39785 -0.64827 0.64923 -0.39784 -0.64824 0.7276 -0.44586 -0.52135 0.72758 -0.44588 -0.52137 0.78808 -0.48295 -0.38169 0.78812 -0.48292 -0.38165 0.82924 -0.50812 -0.23277 0.82923 -0.50812 -0.23277 0.85004 -0.52087 -0.07821 0.85003 -0.52089 -0.07823 0.05983 -0.0511 -0.9969 0.05983 -0.0511 -0.9969 0.17804 -0.15206 -0.9722 0.17805 -0.15207 -0.9722 0.29178 -0.2492 -0.92345 0.29178 -0.2492 -0.92345 0.39818 -0.34008 -0.85194 0.3982 -0.34008 -0.85193 0.49473 -0.42251 -0.75942 0.49471 -0.42252 -0.75944 0.579 -0.49451 -0.64824 0.57896 -0.49452 -0.64827 0.64885 -0.55422 -0.52138 0.64893 -0.55419 -0.52131 0.70287 -0.60027 -0.38164 0.70282 -0.60029 -0.3817 0.7395 -0.63162 -0.23277 0.73952 -0.63161 -0.23276 0.75807 -0.64746 -0.07823 0.75809 -0.64744 -0.0782 0.0511 -0.05983 -0.9969 0.0511 -0.05983 -0.9969 0.15207 -0.17805 -0.9722 0.15207 -0.17804 -0.9722 0.2492 -0.29177 -0.92345 0.24919 -0.29177 -0.92346 0.34008 -0.39819 -0.85193 0.34008 -0.39819 -0.85193 0.42251 -0.4947 -0.75944 0.42256 -0.49471 -0.75941 0.49452 -0.57896 -0.64827 0.49453 -0.57896 -0.64827 0.55425 -0.64888 -0.5213 0.55417 -0.64889 -0.52137 0.60026 -0.70285 -0.3817 0.60029 -0.70284 -0.38166 0.63162 -0.73952 -0.23275 0.63159 -0.73953 -0.23278 0.64744 -0.75809 -0.0782 0.64746 -0.75808 -0.07818 0.04111 -0.06709 -0.9969 0.04111 -0.06709 -0.9969 0.12233 -0.19965 -0.9722 0.12234 -0.19965 -0.9722 0.20048 -0.32716 -0.92346 0.20047 -0.32715 -0.92346 0.2736 -0.4465 -0.85193 0.2736 -0.4465 -0.85193 0.33993 -0.55475 -0.75941 0.33991 -0.55474 -0.75943 0.39781 -0.64923 -0.64827 0.39785 -0.64924 -0.64824 0.44586 -0.72758 -0.52138 0.44587 -0.72758 -0.52137 0.48295 -0.7881 -0.38166 0.48291 -0.7881 -0.3817 0.50811 -0.82924 -0.23278 0.50815 -0.82922 -0.23274 0.5209 -0.85003 -0.07818 0.52089 -0.85004 -0.0782 0.03011 -0.07269 -0.9969 0.03011 -0.07269 -0.9969 0.08961 -0.21633 -0.9722 0.08959 -0.21631 -0.9722 0.14682 -0.35449 -0.92346 0.14686 -0.35451 -0.92345 0.20042 -0.48379 -0.85193 0.20038 -0.48377 -0.85195 0.24897 -0.60107 -0.75943 0.24902 -0.60109 -0.75939 0.29143 -0.70346 -0.64823 0.29134 -0.70344 -0.6483 0.32652 -0.78839 -0.52137 0.32656 -0.78839 -0.52134 0.3537 -0.85393 -0.3817 0.35378 -0.85393 -0.38163 0.37224 -0.89848 -0.23274 0.37221 -0.89849 -0.23277 0.38155 -0.92103 -0.0782 0.38152 -0.92104 -0.07823 0.01837 -0.07651 -0.9969 0.01837 -0.0765 -0.9969 0.05466 -0.22766 -0.9722 0.05466 -0.22767 -0.9722 0.08958 -0.37313 -0.92345 0.08956 -0.37311 -0.92345 0.12222 -0.50917 -0.85195 0.12226 -0.5092 -0.85192 0.1519 -0.63265 -0.7594 0.15186 -0.63263 -0.75942 0.17772 -0.74035 -0.6483 0.17776 -0.74037 -0.64827 0.19922 -0.82977 -0.52134 0.19927 -0.82978 -0.52131 0.21583 -0.89876 -0.38163 0.21572 -0.89875 -0.38173 0.22698 -0.94567 -0.23277 0.22698 -0.94567 -0.23277 0.23268 -0.9694 -0.07823 0.2327 -0.9694 -0.07821 0.00617 -0.07844 -0.9969 0.00617 -0.07844 -0.9969 0.01837 -0.23341 -0.9722 0.01837 -0.23341 -0.9722 0.0301 -0.38253 -0.92345 0.0301 -0.38252 -0.92346 0.04108 -0.52205 -0.85192 0.0411 -0.52208 -0.85191 0.05105 -0.64859 -0.75942 0.05103 -0.64858 -0.75944 0.05973 -0.75906 -0.64827 0.05974 -0.75907 -0.64826 0.06695 -0.85074 -0.52131 0.06693 -0.85073 -0.52132 0.0725 -0.92142 -0.38173 0.07255 -0.92144 -0.38168 0.07633 -0.96953 -0.23276 0.07636 -0.96954 -0.23274 0.07828 -0.99386 -0.07821 0.0782 -0.99386 -0.07829 0 -0.07844 -0.99692 0 -0.23345 -0.97237 0 -0.38269 -0.92388 0 -0.52252 -0.85263 0 -0.64942 -0.76043 0 -0.76043 -0.64942 0 -0.85264 -0.5225 0 -0.92388 -0.38269 0 -0.97238 -0.23342 0 -0.99691 -0.07853 -0.0065 -0.07848 0.99689 -0.01934 -0.23337 0.9722 -0.0317 -0.3825 0.92341 -0.04325 -0.52202 0.85184 -0.05375 -0.64853 0.75929 -0.06288 -0.75886 0.64821 -0.07048 -0.85052 0.5212 -0.07633 -0.92118 0.38158 -0.0803 -0.96924 0.23266 -0.08232 -0.99354 0.07817 -0.08231 -0.99353 0.0782 -0.24476 -0.96642 0.0782 -0.24474 -0.96643 0.07824 -0.40045 -0.91297 0.07824 -0.40049 -0.91297 0.07814 -0.54529 -0.8346 0.07814 -0.54527 -0.8346 0.07819 -0.67519 -0.73349 0.0782 -0.6752 -0.73348 0.07815 -0.78674 -0.61232 0.07816 -0.78673 -0.61233 0.0782 -0.87678 -0.47449 0.07819 -0.87678 -0.4745 0.0782 -0.94292 -0.3237 0.0782 -0.94292 -0.3237 0.07819 -0.98334 -0.16409 0.07819 -0.98334 -0.16409 0.07819 -0.99694 0 0.07819 -0.98334 0.16409 0.07819 -0.98334 0.16409 0.07819 -0.94292 0.3237 0.07819 -0.94292 0.3237 0.0782 -0.87678 0.47449 0.0782 -0.87678 0.4745 0.07819 -0.78672 0.61234 0.0782 -0.78672 0.61233 0.07822 -0.67521 0.73347 0.07822 -0.6752 0.73348 0.0782 -0.54529 0.83459 0.07819 -0.54527 0.83461 0.07814 -0.40045 0.91298 0.07814 -0.40048 0.91296 0.07824 -0.24473 0.96643 0.07824 -0.24471 0.96644 0.0782 -0.08236 0.99353 0.0782 -0.08235 0.99353 0.07817 -0.08031 -0.96925 0.23261 -0.23876 -0.94281 0.23261 -0.23874 -0.9428 0.23267 -0.39069 -0.89063 0.23267 -0.39065 -0.89063 0.23277 -0.53192 -0.81417 0.23276 -0.53196 -0.81417 0.23268 -0.65869 -0.71553 0.23268 -0.65869 -0.71553 0.23268 -0.76748 -0.59735 0.23268 -0.76747 -0.59736 0.23271 -0.85533 -0.46289 0.2327 -0.85534 -0.46288 0.23266 -0.91986 -0.31578 0.23267 -0.91985 -0.31579 0.2327 -0.95929 -0.16008 0.23269 -0.95929 -0.16007 0.23268 -0.97255 0 0.23268 -0.95929 0.16008 0.23268 -0.95929 0.16008 0.23268 -0.91986 0.31578 0.23267 -0.91986 0.31579 0.23267 -0.85534 0.46289 0.23266 -0.85533 0.46287 0.2327 -0.76748 0.59735 0.23271 -0.76748 0.59736 0.23268 -0.65869 0.71553 0.23268 -0.65869 0.71554 0.23268 -0.53193 0.81419 0.23268 -0.53193 0.81419 0.23269 -0.39069 0.89063 0.23268 -0.39068 0.89063 0.23267 -0.23873 0.9428 0.23267 -0.23874 0.94279 0.2327 -0.08033 0.96922 0.2327 -0.08031 0.96924 0.23265 -0.07633 -0.92118 0.38157 -0.2269 -0.89606 0.38157 -0.22689 -0.89605 0.3816 -0.37128 -0.84648 0.3816 -0.37131 -0.84649 0.38155 -0.50559 -0.77382 0.38155 -0.50555 -0.77381 0.38163 -0.62602 -0.68005 0.38162 -0.62603 -0.68005 0.3816 -0.72942 -0.56774 0.3816 -0.72944 -0.56774 0.38156 -0.81294 -0.43993 0.38157 -0.81293 -0.43993 0.38158 -0.87425 -0.30014 0.38158 -0.87426 -0.30014 0.38156 -0.91174 -0.15214 0.38157 -0.91173 -0.15214 0.38157 -0.92434 0 0.38157 -0.91173 0.15214 0.38157 -0.91173 0.15214 0.38158 -0.87425 0.30013 0.38159 -0.87425 0.30014 0.38158 -0.81293 0.43993 0.38158 -0.81294 0.43994 0.38157 -0.72943 0.56775 0.38156 -0.72943 0.56776 0.38155 -0.62604 0.68007 0.38154 -0.62604 0.68006 0.38156 -0.50557 0.77383 0.38156 -0.50557 0.77383 0.38155 -0.37132 0.84649 0.38155 -0.37131 0.8465 0.38153 -0.22691 0.89608 0.38152 -0.22692 0.89605 0.38157 -0.07633 0.92118 0.38157 -0.07633 0.92118 0.38158 -0.07048 -0.85052 0.5212 -0.20949 -0.82732 0.5212 -0.20948 -0.82732 0.5212 -0.34282 -0.78155 0.5212 -0.34282 -0.78155 0.52121 -0.46678 -0.71446 0.52121 -0.46678 -0.71446 0.52121 -0.57801 -0.62789 0.52121 -0.57803 -0.62789 0.52119 -0.67349 -0.52419 0.52119 -0.67349 -0.52419 0.52119 -0.75058 -0.40619 0.5212 -0.75057 -0.40619 0.5212 -0.80719 -0.27711 0.52121 -0.80718 -0.27711 0.52121 -0.84179 -0.14047 0.52121 -0.84178 -0.14047 0.52122 -0.85342 0 0.52122 -0.84179 0.14047 0.52121 -0.8418 0.14047 0.5212 -0.8072 0.27711 0.52119 -0.80719 0.27711 0.5212 -0.75057 0.40619 0.5212 -0.75058 0.40619 0.5212 -0.67348 0.5242 0.52119 -0.67347 0.52417 0.52123 -0.578 0.62788 0.52124 -0.578 0.6279 0.52121 -0.46678 0.71446 0.52121 -0.46678 0.71446 0.52121 -0.34282 0.78155 0.52121 -0.34282 0.78155 0.5212 -0.20951 0.82731 0.52121 -0.20951 0.82732 0.5212 -0.07048 0.85052 0.5212 -0.07048 0.85052 0.5212 -0.0629 -0.75889 0.64818 -0.18692 -0.73819 0.64818 -0.18694 -0.73822 0.64814 -0.3059 -0.69738 0.64814 -0.30588 -0.69736 0.64817 -0.41649 -0.6375 0.64817 -0.4165 -0.6375 0.64816 -0.51576 -0.56025 0.64816 -0.51576 -0.56025 0.64816 -0.60093 -0.46772 0.64816 -0.60092 -0.46772 0.64817 -0.66972 -0.36243 0.64817 -0.6697 -0.36243 0.64818 -0.72023 -0.24726 0.64818 -0.72025 -0.24726 0.64815 -0.75112 -0.12534 0.64816 -0.75112 -0.12534 0.64816 -0.7615 0 0.64817 -0.75111 0.12534 0.64817 -0.75111 0.12534 0.64817 -0.72024 0.24725 0.64817 -0.72024 0.24726 0.64816 -0.66973 0.36244 0.64816 -0.66972 0.36243 0.64817 -0.60093 0.46771 0.64817 -0.60093 0.46772 0.64816 -0.51574 0.56026 0.64816 -0.51574 0.56026 0.64816 -0.4165 0.6375 0.64816 -0.4165 0.6375 0.64817 -0.30589 0.69735 0.64817 -0.30589 0.69734 0.64819 -0.18694 0.73818 0.64819 -0.18693 0.73819 0.64818 -0.06288 0.75889 0.64818 -0.06288 0.7589 0.64816 -0.05372 -0.64847 0.75934 -0.15973 -0.63079 0.75934 -0.15975 -0.6308 0.75932 -0.26138 -0.59591 0.75932 -0.2614 -0.59593 0.7593 -0.35592 -0.54478 0.7593 -0.35591 -0.54477 0.75931 -0.44073 -0.47875 0.75931 -0.44074 -0.47876 0.7593 -0.51352 -0.39969 0.7593 -0.5135 -0.39969 0.75932 -0.57229 -0.30971 0.75932 -0.57231 -0.30971 0.7593 -0.61548 -0.21129 0.7593 -0.61547 -0.21129 0.75931 -0.64185 -0.10711 0.75931 -0.64185 -0.10711 0.75931 -0.65073 0 0.75931 -0.64186 0.10711 0.75931 -0.64185 0.1071 0.75931 -0.61547 0.21129 0.75931 -0.61546 0.21129 0.75932 -0.57229 0.3097 0.75932 -0.57231 0.30972 0.7593 -0.51353 0.3997 0.7593 -0.51352 0.39969 0.7593 -0.44073 0.47877 0.7593 -0.44072 0.47876 0.75931 -0.35592 0.54477 0.75931 -0.35591 0.54474 0.75933 -0.26139 0.59589 0.75933 -0.26139 0.59591 0.75932 -0.15974 0.6308 0.75932 -0.15973 0.63083 0.7593 -0.05373 0.64852 0.7593 -0.05375 0.64848 0.75933 -0.04326 -0.52204 0.85182 -0.1286 -0.5078 0.85182 -0.1286 -0.5078 0.85182 -0.21042 -0.47971 0.85182 -0.2104 -0.47969 0.85184 -0.28649 -0.43851 0.85184 -0.28652 -0.43853 0.85182 -0.35479 -0.38539 0.85182 -0.35475 -0.38537 0.85184 -0.41335 -0.32173 0.85184 -0.41336 -0.32174 0.85183 -0.46069 -0.24931 0.85183 -0.46068 -0.2493 0.85184 -0.49543 -0.17008 0.85183 -0.49544 -0.17008 0.85183 -0.51668 -0.08622 0.85183 -0.51668 -0.08622 0.85183 -0.52382 0 0.85183 -0.51667 0.08622 0.85183 -0.51668 0.08622 0.85183 -0.49544 0.17008 0.85183 -0.49543 0.17008 0.85183 -0.46068 0.24931 0.85183 -0.46068 0.24931 0.85183 -0.41337 0.32173 0.85183 -0.41337 0.32174 0.85183 -0.35478 0.38539 0.85183 -0.35477 0.38537 0.85184 -0.2865 0.4385 0.85184 -0.28651 0.43855 0.85182 -0.21043 0.47972 0.85181 -0.21043 0.47971 0.85182 -0.12858 0.50781 0.85182 -0.12859 0.50776 0.85185 -0.04326 0.522 0.85185 -0.04326 0.52202 0.85184 -0.0317 -0.38251 0.92341 -0.09423 -0.37208 0.92341 -0.09422 -0.37206 0.92341 -0.15417 -0.35148 0.92341 -0.15418 -0.3515 0.92341 -0.20994 -0.32132 0.92341 -0.20992 -0.3213 0.92342 -0.25994 -0.28237 0.92342 -0.25995 -0.28238 0.92341 -0.30288 -0.23575 0.92341 -0.30289 -0.23575 0.92341 -0.33756 -0.18268 0.92341 -0.33756 -0.18268 0.92341 -0.36302 -0.12462 0.92341 -0.36301 -0.12462 0.92342 -0.37857 -0.06317 0.92341 -0.37858 -0.06317 0.92341 -0.38381 0 0.92341 -0.37858 0.06317 0.92341 -0.37858 0.06317 0.92341 -0.36302 0.12462 0.92341 -0.36302 0.12462 0.92341 -0.33755 0.18268 0.92341 -0.33754 0.18267 0.92342 -0.30287 0.23573 0.92342 -0.30287 0.23573 0.92342 -0.25994 0.28236 0.92342 -0.25995 0.28239 0.92341 -0.20993 0.32133 0.92341 -0.20992 0.3213 0.92342 -0.15417 0.35147 0.92342 -0.15417 0.35148 0.92341 -0.09422 0.37206 0.92341 -0.09422 0.37208 0.92341 -0.0317 0.38251 0.92341 -0.0317 0.3825 0.92341 -0.01934 -0.23337 0.9722 -0.05748 -0.22701 0.9722 -0.05748 -0.227 0.9722 -0.09406 -0.21445 0.9722 -0.09407 -0.21446 0.97219 -0.12808 -0.19605 0.97219 -0.12808 -0.19605 0.97219 -0.15861 -0.17229 0.97219 -0.1586 -0.17229 0.97219 -0.1848 -0.14383 0.97219 -0.1848 -0.14384 0.97219 -0.20595 -0.11146 0.97219 -0.20595 -0.11146 0.97219 -0.22148 -0.07604 0.97219 -0.22149 -0.07604 0.97219 -0.23098 -0.03854 0.97219 -0.23098 -0.03854 0.9722 -0.23417 0 0.9722 -0.23098 0.03854 0.9722 -0.23098 0.03854 0.97219 -0.22148 0.07603 0.9722 -0.22149 0.07604 0.97219 -0.20595 0.11145 0.97219 -0.20595 0.11146 0.97219 -0.1848 0.14384 0.97219 -0.1848 0.14383 0.97219 -0.1586 0.17229 0.97219 -0.1586 0.17228 0.9722 -0.12808 0.19603 0.9722 -0.12808 0.19605 0.97219 -0.09407 0.21446 0.97219 -0.09407 0.21444 0.9722 -0.05748 0.227 0.9722 -0.05748 0.22701 0.9722 -0.01934 0.23337 0.9722 -0.01934 0.23339 0.97219 -0.0065 -0.07848 0.99689 -0.01933 -0.07634 0.99689 -0.01933 -0.07635 0.99689 -0.03164 -0.07212 0.99689 -0.03163 -0.07212 0.99689 -0.04307 -0.06593 0.99689 -0.04307 -0.06593 0.99689 -0.05334 -0.05794 0.99689 -0.05334 -0.05794 0.99689 -0.06215 -0.04837 0.99689 -0.06215 -0.04837 0.99689 -0.06926 -0.03748 0.99689 -0.06926 -0.03748 0.99689 -0.07449 -0.02557 0.99689 -0.07448 -0.02557 0.99689 -0.07768 -0.01296 0.99689 -0.07768 -0.01296 0.99689 -0.07875 0 0.99689 -0.07768 0.01296 0.99689 -0.07768 0.01296 0.99689 -0.07449 0.02557 0.99689 -0.07449 0.02557 0.99689 -0.06926 0.03748 0.99689 -0.06926 0.03748 0.99689 -0.06215 0.04837 0.99689 -0.06215 0.04837 0.99689 -0.05334 0.05794 0.99689 -0.05334 0.05794 0.99689 -0.04307 0.06593 0.99689 -0.04307 0.06593 0.99689 -0.03164 0.07212 0.99689 -0.03164 0.07212 0.99689 -0.01933 0.07635 0.99689 -0.01933 0.07634 0.99689 -0.0065 0.07848 0.99689 -0.0065 0.07848 0.99689 0 0.97238 0.23341 0 0.64942 0.76043 0 0.23343 0.97237 0 -0.99692 0.07844 0 -0.76036 0.6495 0 -0.64947 0.76039 0 -0.52251 0.85263 0.0065 0.07848 0.99689 0.01934 0.23339 0.97219 0.0317 0.3825 0.92341 0.04326 0.52202 0.85183 0.05373 0.64848 0.75933 0.06288 0.7589 0.64816 0.07048 0.85052 0.5212 0.07633 0.92118 0.38158 0.08033 0.96924 0.23265 0.08236 0.99353 0.07817 0.08235 0.99353 0.0782 0.24473 0.96643 0.0782 0.24471 0.96643 0.07824 0.40045 0.91297 0.07824 0.40049 0.91297 0.07814 0.54529 0.8346 0.07814 0.54527 0.8346 0.07819 0.67521 0.73347 0.07819 0.6752 0.73347 0.07822 0.78672 0.61234 0.07822 0.78673 0.61233 0.0782 0.87678 0.47449 0.07819 0.87678 0.4745 0.0782 0.94292 0.3237 0.0782 0.94292 0.3237 0.07819 0.98334 0.16409 0.07819 0.98334 0.16409 0.07819 0.99694 0 0.07819 0.98334 -0.16409 0.07819 0.98334 -0.16409 0.07819 0.94292 -0.3237 0.07819 0.94292 -0.3237 0.0782 0.87678 -0.47449 0.0782 0.87678 -0.4745 0.07819 0.78673 -0.61232 0.0782 0.78673 -0.61233 0.07816 0.67519 -0.73349 0.07815 0.6752 -0.73348 0.0782 0.54529 -0.83459 0.07819 0.54527 -0.83461 0.07814 0.40045 -0.91298 0.07814 0.40048 -0.91296 0.07824 0.24476 -0.96642 0.07824 0.24475 -0.96643 0.0782 0.08232 -0.99353 0.0782 0.08231 -0.99354 0.07817 0.08031 0.96923 0.2327 0.23872 0.94279 0.2327 0.23874 0.9428 0.23267 0.39069 0.89063 0.23267 0.39068 0.89063 0.23268 0.53193 0.81419 0.23269 0.53193 0.81419 0.23268 0.65869 0.71553 0.23268 0.65869 0.71553 0.23268 0.76748 0.59735 0.23268 0.76747 0.59736 0.23271 0.85533 0.46289 0.2327 0.85534 0.46288 0.23266 0.91986 0.31578 0.23267 0.91986 0.31579 0.23267 0.95929 0.16008 0.23268 0.95929 0.16008 0.23268 0.97255 0 0.23268 0.95929 -0.16008 0.23268 0.95929 -0.16007 0.23269 0.91985 -0.31578 0.2327 0.91986 -0.3158 0.23267 0.85534 -0.46289 0.23266 0.85533 -0.46287 0.2327 0.76748 -0.59735 0.23271 0.76748 -0.59736 0.23268 0.65869 -0.71553 0.23268 0.65869 -0.71554 0.23268 0.53193 -0.81419 0.23268 0.53195 -0.81416 0.23276 0.39068 -0.89061 0.23277 0.39066 -0.89065 0.23268 0.23876 -0.94279 0.23267 0.23874 -0.94281 0.23261 0.0803 -0.96925 0.23261 0.08031 -0.96924 0.23265 0.07633 0.92118 0.38157 0.2269 0.89606 0.38157 0.22692 0.89607 0.38153 0.37132 0.8465 0.38153 0.37131 0.84649 0.38155 0.50557 0.77383 0.38155 0.50557 0.77383 0.38156 0.62604 0.68007 0.38156 0.62605 0.68007 0.38154 0.72944 0.56775 0.38155 0.72943 0.56775 0.38156 0.81294 0.43993 0.38157 0.81293 0.43993 0.38158 0.87426 0.30013 0.38158 0.87425 0.30013 0.38159 0.91173 0.15214 0.38158 0.91173 0.15214 0.38157 0.92434 0 0.38157 0.91173 -0.15214 0.38157 0.91173 -0.15214 0.38157 0.87426 -0.30014 0.38156 0.87425 -0.30014 0.38158 0.81293 -0.43993 0.38158 0.81294 -0.43994 0.38157 0.72943 -0.56775 0.38156 0.72943 -0.56773 0.3816 0.62602 -0.68005 0.3816 0.62602 -0.68004 0.38162 0.50557 -0.77379 0.38163 0.50557 -0.77383 0.38155 0.37129 -0.8465 0.38155 0.3713 -0.84647 0.3816 0.2269 -0.89604 0.3816 0.22689 -0.89606 0.38157 0.07633 -0.92118 0.38157 0.07633 -0.92118 0.38158 0.07048 0.85052 0.5212 0.20951 0.82732 0.5212 0.20951 0.82732 0.52121 0.34282 0.78155 0.5212 0.34282 0.78155 0.52121 0.46678 0.71446 0.52121 0.46678 0.71446 0.52121 0.57801 0.62789 0.52121 0.57799 0.62788 0.52124 0.67346 0.52419 0.52123 0.67349 0.52419 0.52119 0.75058 0.40619 0.5212 0.75057 0.40619 0.5212 0.80719 0.27711 0.52121 0.8072 0.27711 0.52119 0.8418 0.14047 0.5212 0.84179 0.14047 0.52121 0.85342 0 0.52122 0.84178 -0.14046 0.52122 0.84179 -0.14047 0.52121 0.80719 -0.27711 0.52121 0.80719 -0.27711 0.52121 0.75057 -0.40619 0.5212 0.75058 -0.40619 0.5212 0.67349 -0.52419 0.52119 0.67349 -0.52419 0.52119 0.57802 -0.6279 0.52118 0.57802 -0.62788 0.52121 0.46678 -0.71446 0.52121 0.46678 -0.71446 0.52121 0.34282 -0.78155 0.52121 0.34282 -0.78155 0.5212 0.20948 -0.82732 0.5212 0.20948 -0.82732 0.5212 0.07048 -0.85052 0.5212 0.07048 -0.85052 0.5212 0.06288 0.75889 0.64817 0.18694 0.73819 0.64817 0.18693 0.73818 0.64819 0.30588 0.69734 0.64819 0.3059 0.69735 0.64817 0.41649 0.6375 0.64817 0.4165 0.6375 0.64816 0.51574 0.56026 0.64816 0.51574 0.56026 0.64816 0.60093 0.46772 0.64816 0.60092 0.46772 0.64817 0.66972 0.36243 0.64817 0.66973 0.36243 0.64816 0.72025 0.24726 0.64816 0.72024 0.24726 0.64817 0.75111 0.12534 0.64817 0.75111 0.12534 0.64817 0.7615 0 0.64817 0.75112 -0.12534 0.64816 0.75112 -0.12534 0.64816 0.72025 -0.24727 0.64815 0.72023 -0.24725 0.64818 0.66971 -0.36243 0.64818 0.66971 -0.36244 0.64817 0.60093 -0.46771 0.64817 0.60093 -0.46772 0.64816 0.51576 -0.56025 0.64816 0.51576 -0.56025 0.64816 0.4165 -0.6375 0.64816 0.4165 -0.6375 0.64817 0.30589 -0.69735 0.64817 0.30589 -0.69739 0.64814 0.18692 -0.73823 0.64814 0.18693 -0.73819 0.64818 0.06288 -0.75889 0.64818 0.0629 -0.75886 0.64821 0.05375 0.64852 0.7593 0.15975 0.63083 0.7593 0.15973 0.63081 0.75932 0.2614 0.5959 0.75932 0.26139 0.59589 0.75933 0.3559 0.54475 0.75933 0.35593 0.54476 0.75931 0.44072 0.47876 0.75931 0.44073 0.47877 0.7593 0.51352 0.39969 0.7593 0.51353 0.39969 0.7593 0.57231 0.30971 0.7593 0.57229 0.30971 0.75932 0.61546 0.21129 0.75932 0.61547 0.21129 0.75931 0.64185 0.10711 0.75931 0.64186 0.10711 0.75931 0.65073 0 0.75931 0.64185 -0.10711 0.75931 0.64185 -0.10711 0.75931 0.61547 -0.21129 0.75931 0.61548 -0.21129 0.7593 0.57231 -0.30972 0.7593 0.57229 -0.3097 0.75932 0.51351 -0.39968 0.75932 0.51352 -0.3997 0.7593 0.44074 -0.47876 0.7593 0.44074 -0.47875 0.75931 0.35592 -0.54477 0.75931 0.35592 -0.54478 0.7593 0.26139 -0.59594 0.7593 0.26139 -0.59591 0.75932 0.15974 -0.6308 0.75932 0.15974 -0.63078 0.75934 0.05375 -0.64847 0.75934 0.05373 -0.64853 0.75929 0.04326 0.522 0.85185 0.12857 0.50777 0.85185 0.1286 0.5078 0.85182 0.21042 0.47971 0.85182 0.21043 0.47972 0.85181 0.28652 0.43854 0.85182 0.28649 0.43851 0.85184 0.35476 0.38538 0.85184 0.35478 0.38539 0.85183 0.41337 0.32174 0.85183 0.41336 0.32174 0.85183 0.46068 0.24931 0.85183 0.46067 0.24931 0.85183 0.49543 0.17008 0.85183 0.49544 0.17008 0.85183 0.51668 0.08622 0.85183 0.51667 0.08622 0.85183 0.52382 0 0.85183 0.51668 -0.08622 0.85183 0.51668 -0.08622 0.85183 0.49544 -0.17008 0.85183 0.49543 -0.17008 0.85183 0.46068 -0.2493 0.85184 0.46068 -0.24931 0.85183 0.41336 -0.32174 0.85183 0.41335 -0.32172 0.85184 0.35476 -0.38536 0.85185 0.35478 -0.3854 0.85182 0.28651 -0.43854 0.85182 0.2865 -0.43851 0.85184 0.21041 -0.47969 0.85184 0.21041 -0.47971 0.85182 0.1286 -0.5078 0.85182 0.1286 -0.5078 0.85182 0.04325 -0.52204 0.85182 0.04326 -0.52202 0.85184 0.0317 0.38251 0.92341 0.09423 0.37208 0.92341 0.09422 0.37206 0.92341 0.15418 0.35148 0.92341 0.15417 0.35147 0.92342 0.20991 0.3213 0.92342 0.20994 0.32132 0.92341 0.25996 0.28239 0.92341 0.25993 0.28237 0.92342 0.30287 0.23573 0.92342 0.30287 0.23573 0.92342 0.33754 0.18267 0.92342 0.33756 0.18268 0.92341 0.36302 0.12462 0.92341 0.36302 0.12462 0.92341 0.37858 0.06317 0.92341 0.37858 0.06317 0.92341 0.38381 0 0.92341 0.37858 -0.06317 0.92341 0.37857 -0.06317 0.92341 0.36301 -0.12462 0.92342 0.36302 -0.12463 0.92341 0.33756 -0.18267 0.92341 0.33756 -0.18268 0.92341 0.30289 -0.23575 0.92341 0.30289 -0.23575 0.92341 0.25995 -0.28239 0.92341 0.25994 -0.28237 0.92342 0.20992 -0.3213 0.92342 0.20993 -0.32132 0.92341 0.15418 -0.3515 0.92341 0.15417 -0.35148 0.92341 0.09422 -0.37206 0.92341 0.09422 -0.37208 0.92341 0.0317 -0.38251 0.92341 0.0317 -0.3825 0.92341 0.01934 0.23337 0.9722 0.05748 0.22701 0.9722 0.05748 0.227 0.9722 0.09406 0.21445 0.9722 0.09407 0.21446 0.97219 0.12809 0.19605 0.97219 0.12808 0.19604 0.9722 0.15859 0.17228 0.9722 0.1586 0.17229 0.97219 0.1848 0.14383 0.97219 0.1848 0.14384 0.97219 0.20595 0.11146 0.97219 0.20595 0.11146 0.97219 0.22149 0.07603 0.97219 0.22148 0.07603 0.9722 0.23098 0.03854 0.97219 0.23098 0.03854 0.9722 0.23417 0 0.9722 0.23098 -0.03854 0.9722 0.23098 -0.03854 0.97219 0.22149 -0.07604 0.97219 0.22149 -0.07604 0.97219 0.20595 -0.11145 0.97219 0.20595 -0.11146 0.97219 0.1848 -0.14384 0.97219 0.1848 -0.14383 0.97219 0.1586 -0.17229 0.97219 0.15861 -0.17229 0.97219 0.12808 -0.19605 0.97219 0.12808 -0.19605 0.97219 0.09407 -0.21446 0.97219 0.09407 -0.21444 0.9722 0.05748 -0.227 0.9722 0.05748 -0.22701 0.9722 0.01934 -0.23337 0.9722 0.01934 -0.23337 0.9722 0.0065 0.07848 0.99689 0.01933 0.07634 0.99689 0.01933 0.07635 0.99689 0.03164 0.07212 0.99689 0.03163 0.07212 0.99689 0.04307 0.06593 0.99689 0.04308 0.06593 0.99689 0.05334 0.05794 0.99689 0.05334 0.05794 0.99689 0.06215 0.04837 0.99689 0.06215 0.04837 0.99689 0.06926 0.03748 0.99689 0.06926 0.03748 0.99689 0.07449 0.02557 0.99689 0.07449 0.02557 0.99689 0.07768 0.01296 0.99689 0.07768 0.01296 0.99689 0.07875 0 0.99689 0.07768 -0.01296 0.99689 0.07768 -0.01296 0.99689 0.07448 -0.02557 0.99689 0.07449 -0.02557 0.99689 0.06926 -0.03748 0.99689 0.06926 -0.03748 0.99689 0.06215 -0.04837 0.99689 0.06215 -0.04837 0.99689 0.05334 -0.05794 0.99689 0.05334 -0.05794 0.99689 0.04307 -0.06593 0.99689 0.04307 -0.06593 0.99689 0.03164 -0.07212 0.99689 0.03164 -0.07212 0.99689 0.01933 -0.07635 0.99689 0.01933 -0.07634 0.99689 0.0065 -0.07848 0.99689 0.0065 -0.07848 0.99689 -0.08261 0.99658 0 -0.24548 0.9694 0 -0.40168 0.91578 0 -0.54696 0.83716 0 -0.67728 0.73572 0 -0.78914 0.61422 0 -0.87947 0.47595 0 -0.94582 0.3247 0 -0.98636 0.1646 0 -0.98636 -0.1646 0 -0.94582 -0.3247 0 -0.87947 -0.47595 0 -0.78915 -0.6142 0 -0.67726 -0.73574 0 -0.54696 -0.83716 0 -0.40168 -0.91578 0 -0.24551 -0.96939 0 -0.08257 -0.99659 0 -0.08231 -0.99354 -0.07817 -0.08031 -0.96924 -0.23267 -0.07633 -0.92118 -0.38158 -0.07048 -0.85052 -0.5212 -0.0629 -0.75888 -0.64819 -0.05373 -0.64853 -0.75929 -0.04325 -0.52199 -0.85186 -0.0317 -0.3825 -0.92341 -0.01935 -0.23341 -0.97219 -0.0065 -0.07844 -0.9969 -0.0065 -0.07844 -0.9969 -0.01932 -0.0763 -0.9969 -0.01932 -0.0763 -0.9969 -0.03162 -0.07208 -0.9969 -0.03162 -0.07207 -0.9969 -0.04305 -0.06589 -0.9969 -0.04305 -0.06589 -0.9969 -0.0533 -0.0579 -0.9969 -0.05331 -0.05791 -0.9969 -0.06211 -0.04834 -0.9969 -0.06211 -0.04834 -0.9969 -0.06922 -0.03746 -0.9969 -0.06922 -0.03746 -0.9969 -0.07444 -0.02556 -0.9969 -0.07444 -0.02555 -0.9969 -0.07763 -0.01295 -0.9969 -0.07763 -0.01295 -0.9969 -0.07871 0 -0.9969 -0.07763 0.01295 -0.9969 -0.07763 0.01295 -0.9969 -0.07444 0.02556 -0.9969 -0.07444 0.02556 -0.9969 -0.06922 0.03746 -0.9969 -0.06922 0.03746 -0.9969 -0.06211 0.04834 -0.9969 -0.06211 0.04834 -0.9969 -0.05331 0.05791 -0.9969 -0.05331 0.05791 -0.9969 -0.04305 0.06589 -0.9969 -0.04305 0.06589 -0.9969 -0.03162 0.07207 -0.9969 -0.03162 0.07208 -0.9969 -0.01932 0.0763 -0.9969 -0.01932 0.0763 -0.9969 -0.0065 0.07844 -0.9969 -0.0065 0.07844 -0.9969 -0.01934 -0.23342 -0.97218 -0.05749 -0.22705 -0.97218 -0.05749 -0.22705 -0.97219 -0.09409 -0.21449 -0.97219 -0.09409 -0.2145 -0.97218 -0.12811 -0.19609 -0.97218 -0.12811 -0.19609 -0.97218 -0.15864 -0.17233 -0.97218 -0.15863 -0.17232 -0.97218 -0.18483 -0.14386 -0.97218 -0.18484 -0.14386 -0.97218 -0.20599 -0.11148 -0.97218 -0.20599 -0.11148 -0.97218 -0.22153 -0.07605 -0.97218 -0.22153 -0.07605 -0.97218 -0.23103 -0.03855 -0.97218 -0.23102 -0.03855 -0.97218 -0.23422 0 -0.97218 -0.23102 0.03855 -0.97218 -0.23102 0.03855 -0.97218 -0.22153 0.07605 -0.97218 -0.22153 0.07605 -0.97218 -0.20599 0.11148 -0.97218 -0.20599 0.11148 -0.97218 -0.18484 0.14386 -0.97218 -0.18483 0.14386 -0.97218 -0.15863 0.17232 -0.97218 -0.15862 0.17232 -0.97219 -0.1281 0.19607 -0.97219 -0.12811 0.19609 -0.97218 -0.09409 0.2145 -0.97218 -0.09408 0.21449 -0.97219 -0.05749 0.22705 -0.97219 -0.0575 0.22705 -0.97218 -0.01934 0.23342 -0.97218 -0.01935 0.23343 -0.97218 -0.0317 -0.38251 -0.92341 -0.09422 -0.37208 -0.92341 -0.09422 -0.37206 -0.92341 -0.15417 -0.35148 -0.92341 -0.15418 -0.3515 -0.92341 -0.20993 -0.32132 -0.92341 -0.20992 -0.3213 -0.92342 -0.25994 -0.28237 -0.92342 -0.25995 -0.28239 -0.92341 -0.30289 -0.23575 -0.92341 -0.30289 -0.23575 -0.92341 -0.33756 -0.18268 -0.92341 -0.33756 -0.18267 -0.92341 -0.36302 -0.12463 -0.92341 -0.36301 -0.12462 -0.92342 -0.37857 -0.06317 -0.92341 -0.37858 -0.06317 -0.92341 -0.38381 0 -0.92341 -0.37858 0.06317 -0.92341 -0.37858 0.06317 -0.92341 -0.36302 0.12462 -0.92341 -0.36302 0.12462 -0.92341 -0.33756 0.18268 -0.92341 -0.33754 0.18267 -0.92342 -0.30287 0.23573 -0.92342 -0.30287 0.23573 -0.92342 -0.25993 0.28237 -0.92342 -0.25996 0.28239 -0.92341 -0.20994 0.32132 -0.92341 -0.20991 0.3213 -0.92342 -0.15417 0.35147 -0.92342 -0.15418 0.35148 -0.92341 -0.09422 0.37206 -0.92341 -0.09423 0.37208 -0.92341 -0.0317 0.38251 -0.92341 -0.0317 0.3825 -0.92341 -0.04325 -0.52201 -0.85184 -0.12859 -0.50777 -0.85184 -0.12859 -0.50777 -0.85184 -0.2104 -0.47968 -0.85184 -0.2104 -0.47965 -0.85186 -0.28648 -0.43848 -0.85186 -0.28649 -0.43851 -0.85184 -0.35476 -0.38538 -0.85184 -0.35474 -0.38534 -0.85187 -0.41332 -0.3217 -0.85186 -0.41333 -0.32172 -0.85185 -0.46065 -0.24929 -0.85185 -0.46065 -0.24929 -0.85186 -0.4954 -0.17007 -0.85186 -0.49541 -0.17007 -0.85185 -0.51664 -0.08621 -0.85185 -0.51664 -0.08621 -0.85185 -0.52378 0 -0.85185 -0.51664 0.08621 -0.85185 -0.51664 0.08621 -0.85185 -0.49541 0.17007 -0.85185 -0.4954 0.17007 -0.85186 -0.46064 0.24929 -0.85186 -0.46065 0.2493 -0.85185 -0.41334 0.32171 -0.85185 -0.41334 0.32172 -0.85185 -0.35476 0.38536 -0.85185 -0.35474 0.38535 -0.85186 -0.28647 0.43848 -0.85186 -0.2865 0.43851 -0.85184 -0.21042 0.47969 -0.85184 -0.21041 0.47968 -0.85184 -0.12859 0.50777 -0.85184 -0.12856 0.50773 -0.85187 -0.04325 0.52197 -0.85187 -0.04326 0.52199 -0.85186 -0.05375 -0.64847 -0.75934 -0.15974 -0.63078 -0.75934 -0.15974 -0.6308 -0.75932 -0.26139 -0.59591 -0.75932 -0.26139 -0.59594 -0.7593 -0.35592 -0.54478 -0.7593 -0.35592 -0.54477 -0.75931 -0.44074 -0.47875 -0.75931 -0.44074 -0.47876 -0.7593 -0.51352 -0.3997 -0.7593 -0.51351 -0.39968 -0.75932 -0.57229 -0.3097 -0.75932 -0.57231 -0.30972 -0.7593 -0.61548 -0.21129 -0.7593 -0.61547 -0.21129 -0.75931 -0.64185 -0.10711 -0.75931 -0.64185 -0.10711 -0.75931 -0.65073 0 -0.75931 -0.64186 0.10711 -0.75931 -0.64185 0.10711 -0.75931 -0.61547 0.21129 -0.75931 -0.61546 0.21129 -0.75932 -0.57229 0.30971 -0.75932 -0.57231 0.30971 -0.7593 -0.51353 0.39969 -0.7593 -0.51352 0.39969 -0.7593 -0.44073 0.47877 -0.7593 -0.44072 0.47876 -0.75931 -0.35593 0.54476 -0.75931 -0.3559 0.54475 -0.75933 -0.26139 0.59589 -0.75933 -0.2614 0.5959 -0.75932 -0.15973 0.63081 -0.75932 -0.15975 0.63083 -0.7593 -0.05375 0.64852 -0.7593 -0.05373 0.64848 -0.75933 -0.06289 -0.75891 -0.64815 -0.18694 -0.73821 -0.64815 -0.18693 -0.73825 -0.64811 -0.3059 -0.6974 -0.64812 -0.3059 -0.69737 -0.64815 -0.41651 -0.63751 -0.64815 -0.41651 -0.63752 -0.64814 -0.51577 -0.56026 -0.64814 -0.51577 -0.56026 -0.64814 -0.60095 -0.46774 -0.64814 -0.60094 -0.46773 -0.64815 -0.66973 -0.36245 -0.64815 -0.66972 -0.36244 -0.64816 -0.72025 -0.24726 -0.64815 -0.72027 -0.24727 -0.64813 -0.75114 -0.12534 -0.64814 -0.75114 -0.12535 -0.64814 -0.76152 0 -0.64814 -0.75113 0.12534 -0.64814 -0.75113 0.12534 -0.64815 -0.72025 0.24727 -0.64815 -0.72027 0.24726 -0.64813 -0.66975 0.36244 -0.64813 -0.66973 0.36244 -0.64815 -0.60094 0.46773 -0.64815 -0.60095 0.46773 -0.64814 -0.51576 0.56028 -0.64814 -0.51576 0.56028 -0.64814 -0.41651 0.63752 -0.64814 -0.41651 0.63752 -0.64815 -0.3059 0.69737 -0.64815 -0.30589 0.69736 -0.64817 -0.18693 0.7382 -0.64817 -0.18694 0.73821 -0.64815 -0.06288 0.75891 -0.64815 -0.06289 0.75892 -0.64814 -0.07048 -0.85052 -0.5212 -0.20948 -0.82732 -0.5212 -0.20948 -0.82732 -0.5212 -0.34282 -0.78155 -0.5212 -0.34282 -0.78155 -0.52121 -0.46678 -0.71446 -0.52121 -0.46678 -0.71446 -0.52121 -0.57802 -0.62788 -0.52121 -0.57802 -0.6279 -0.52118 -0.67349 -0.52419 -0.52119 -0.67349 -0.52419 -0.52119 -0.75058 -0.40619 -0.5212 -0.75057 -0.40619 -0.5212 -0.80719 -0.27711 -0.52121 -0.80719 -0.27711 -0.52121 -0.84179 -0.14047 -0.52121 -0.84178 -0.14046 -0.52122 -0.85342 0 -0.52122 -0.84179 0.14047 -0.52121 -0.8418 0.14047 -0.5212 -0.8072 0.27711 -0.52119 -0.80719 0.27711 -0.52121 -0.75057 0.40619 -0.5212 -0.75058 0.40619 -0.5212 -0.67349 0.52419 -0.52119 -0.67346 0.52419 -0.52123 -0.57799 0.62788 -0.52124 -0.57801 0.62789 -0.52121 -0.46678 0.71446 -0.52121 -0.46678 0.71446 -0.52121 -0.34282 0.78155 -0.52121 -0.34282 0.78155 -0.5212 -0.20951 0.82732 -0.52121 -0.20951 0.82732 -0.5212 -0.07048 0.85052 -0.5212 -0.07048 0.85052 -0.5212 -0.07633 -0.92118 -0.38157 -0.22689 -0.89606 -0.38157 -0.2269 -0.89604 -0.3816 -0.3713 -0.84647 -0.3816 -0.37129 -0.8465 -0.38155 -0.50557 -0.77383 -0.38155 -0.50557 -0.77379 -0.38163 -0.62602 -0.68004 -0.38162 -0.62602 -0.68005 -0.3816 -0.72943 -0.56773 -0.3816 -0.72943 -0.56775 -0.38156 -0.81294 -0.43994 -0.38157 -0.81293 -0.43993 -0.38158 -0.87425 -0.30014 -0.38158 -0.87426 -0.30014 -0.38156 -0.91173 -0.15214 -0.38157 -0.91173 -0.15214 -0.38157 -0.92434 0 -0.38157 -0.91173 0.15214 -0.38157 -0.91173 0.15214 -0.38158 -0.87425 0.30013 -0.38159 -0.87426 0.30013 -0.38158 -0.81293 0.43993 -0.38158 -0.81294 0.43993 -0.38157 -0.72943 0.56775 -0.38156 -0.72944 0.56775 -0.38155 -0.62605 0.68007 -0.38154 -0.62604 0.68007 -0.38156 -0.50557 0.77383 -0.38156 -0.50557 0.77383 -0.38155 -0.37131 0.84649 -0.38155 -0.37132 0.8465 -0.38153 -0.22692 0.89607 -0.38153 -0.2269 0.89606 -0.38157 -0.07633 0.92118 -0.38157 -0.07633 0.92118 -0.38158 -0.0803 -0.96925 -0.23262 -0.23874 -0.94281 -0.23263 -0.23876 -0.94279 -0.23268 -0.39065 -0.89064 -0.23269 -0.39068 -0.89061 -0.23278 -0.53195 -0.81416 -0.23277 -0.53193 -0.81419 -0.23269 -0.65868 -0.71553 -0.23269 -0.65869 -0.71553 -0.23269 -0.76747 -0.59736 -0.23269 -0.76748 -0.59735 -0.23272 -0.85533 -0.46287 -0.23271 -0.85533 -0.46289 -0.23267 -0.91986 -0.3158 -0.23268 -0.91985 -0.31578 -0.23271 -0.95928 -0.16007 -0.2327 -0.95929 -0.16008 -0.23269 -0.97255 0 -0.23269 -0.95929 0.16008 -0.23269 -0.95929 0.16008 -0.23269 -0.91986 0.31578 -0.23268 -0.91986 0.31578 -0.23268 -0.85534 0.46288 -0.23267 -0.85533 0.46289 -0.23271 -0.76747 0.59735 -0.23272 -0.76748 0.59735 -0.23269 -0.65868 0.71553 -0.23269 -0.65869 0.71553 -0.23269 -0.53193 0.81419 -0.23269 -0.53193 0.81419 -0.2327 -0.39068 0.89063 -0.2327 -0.39069 0.89063 -0.23269 -0.23874 0.9428 -0.23268 -0.23872 0.94279 -0.23271 -0.08031 0.96922 -0.23271 -0.08033 0.96923 -0.23267 -0.08232 -0.99353 -0.07819 -0.24475 -0.96643 -0.07819 -0.24476 -0.96642 -0.07824 -0.40048 -0.91296 -0.07824 -0.40045 -0.91298 -0.07814 -0.54527 -0.83461 -0.07814 -0.54529 -0.83459 -0.07819 -0.6752 -0.73348 -0.07819 -0.67519 -0.73349 -0.07815 -0.78673 -0.61233 -0.07816 -0.78673 -0.61232 -0.07819 -0.87678 -0.4745 -0.07819 -0.87678 -0.47449 -0.07819 -0.94292 -0.3237 -0.07819 -0.94292 -0.3237 -0.07819 -0.98334 -0.16409 -0.07819 -0.98334 -0.16409 -0.07818 -0.99694 0 -0.07819 -0.98334 0.16409 -0.07818 -0.98334 0.16409 -0.07819 -0.94292 0.3237 -0.07819 -0.94292 0.3237 -0.07819 -0.87678 0.4745 -0.07819 -0.87678 0.47449 -0.07819 -0.78673 0.61233 -0.07819 -0.78672 0.61234 -0.07821 -0.6752 0.73347 -0.07822 -0.67521 0.73347 -0.07819 -0.54527 0.8346 -0.07819 -0.54529 0.8346 -0.07814 -0.40049 0.91297 -0.07814 -0.40045 0.91297 -0.07824 -0.24471 0.96643 -0.07824 -0.24473 0.96643 -0.07819 -0.08235 0.99353 -0.07819 -0.08236 0.99353 -0.07817 0.08257 -0.99659 0 0.24551 -0.96939 0 0.40168 -0.91578 0 0.54696 -0.83716 0 0.67726 -0.73574 0 0.78915 -0.6142 0 0.87947 -0.47595 0 0.94582 -0.3247 0 0.98636 -0.1646 0 0.98636 0.1646 -0 0.94582 0.3247 -0 0.87947 0.47595 -0 0.78914 0.61422 -0 0.67728 0.73572 -0 0.54696 0.83716 -0 0.40168 0.91578 -0 0.24548 0.9694 -0 0.08261 0.99658 -0 0 -0.52248 -0.85265 0 -0.64947 -0.76039 0 -0.76038 -0.64948 0 -0.99692 -0.07844 0 0.23348 -0.97236 0 0.64942 -0.76043 0 0.97238 -0.23342 0.08235 0.99353 -0.07817 0.08031 0.96924 -0.23267 0.07633 0.92118 -0.38158 0.07048 0.85052 -0.5212 0.06288 0.75892 -0.64814 0.05375 0.64848 -0.75933 0.04325 0.52199 -0.85186 0.0317 0.3825 -0.92341 0.01934 0.23343 -0.97218 0.0065 0.07844 -0.9969 0.0065 0.07844 -0.9969 0.01932 0.0763 -0.9969 0.01932 0.0763 -0.9969 0.03162 0.07208 -0.9969 0.03162 0.07207 -0.9969 0.04305 0.06589 -0.9969 0.04305 0.06589 -0.9969 0.05331 0.05791 -0.9969 0.05331 0.05791 -0.9969 0.06211 0.04834 -0.9969 0.06211 0.04834 -0.9969 0.06922 0.03746 -0.9969 0.06922 0.03746 -0.9969 0.07444 0.02556 -0.9969 0.07444 0.02556 -0.9969 0.07763 0.01295 -0.9969 0.07763 0.01295 -0.9969 0.07871 0 -0.9969 0.07763 -0.01295 -0.9969 0.07763 -0.01295 -0.9969 0.07444 -0.02556 -0.9969 0.07444 -0.02556 -0.9969 0.06922 -0.03746 -0.9969 0.06922 -0.03746 -0.9969 0.06211 -0.04834 -0.9969 0.06211 -0.04834 -0.9969 0.05331 -0.05791 -0.9969 0.0533 -0.0579 -0.9969 0.04305 -0.06589 -0.9969 0.04305 -0.06589 -0.9969 0.03162 -0.07207 -0.9969 0.03162 -0.07208 -0.9969 0.01932 -0.0763 -0.9969 0.01932 -0.0763 -0.9969 0.0065 -0.07844 -0.9969 0.0065 -0.07844 -0.9969 0.01934 0.23342 -0.97218 0.05749 0.22705 -0.97218 0.05749 0.22705 -0.97219 0.09409 0.21449 -0.97219 0.09409 0.2145 -0.97218 0.12811 0.19609 -0.97218 0.1281 0.19607 -0.97219 0.15863 0.17232 -0.97219 0.15863 0.17232 -0.97218 0.18483 0.14386 -0.97218 0.18484 0.14386 -0.97218 0.20599 0.11148 -0.97218 0.20599 0.11148 -0.97218 0.22153 0.07605 -0.97218 0.22153 0.07605 -0.97218 0.23102 0.03855 -0.97218 0.23102 0.03855 -0.97218 0.23422 0 -0.97218 0.23102 -0.03855 -0.97218 0.23103 -0.03855 -0.97218 0.22153 -0.07605 -0.97218 0.22153 -0.07605 -0.97218 0.20599 -0.11148 -0.97218 0.20599 -0.11148 -0.97218 0.18484 -0.14386 -0.97218 0.18483 -0.14386 -0.97218 0.15863 -0.17232 -0.97218 0.15864 -0.17233 -0.97218 0.12811 -0.19609 -0.97218 0.12811 -0.19609 -0.97218 0.09409 -0.2145 -0.97218 0.09408 -0.21449 -0.97219 0.05749 -0.22705 -0.97219 0.0575 -0.22705 -0.97218 0.01935 -0.23342 -0.97218 0.01934 -0.23341 -0.97219 0.0317 0.38251 -0.92341 0.09422 0.37208 -0.92341 0.09422 0.37206 -0.92341 0.15417 0.35148 -0.92341 0.15417 0.35147 -0.92342 0.20992 0.3213 -0.92342 0.20993 0.32133 -0.92341 0.25995 0.28239 -0.92341 0.25994 0.28236 -0.92342 0.30287 0.23573 -0.92342 0.30287 0.23573 -0.92342 0.33754 0.18267 -0.92342 0.33755 0.18268 -0.92341 0.36302 0.12462 -0.92341 0.36302 0.12462 -0.92341 0.37858 0.06317 -0.92341 0.37858 0.06317 -0.92341 0.38381 0 -0.92341 0.37858 -0.06317 -0.92341 0.37857 -0.06317 -0.92341 0.36301 -0.12462 -0.92342 0.36302 -0.12462 -0.92341 0.33756 -0.18268 -0.92341 0.33756 -0.18268 -0.92341 0.30289 -0.23575 -0.92341 0.30288 -0.23575 -0.92341 0.25995 -0.28238 -0.92341 0.25994 -0.28237 -0.92342 0.20992 -0.3213 -0.92342 0.20994 -0.32132 -0.92341 0.15418 -0.3515 -0.92341 0.15417 -0.35148 -0.92341 0.09422 -0.37206 -0.92341 0.09423 -0.37208 -0.92341 0.0317 -0.38251 -0.92341 0.0317 -0.3825 -0.92341 0.04326 0.52197 -0.85187 0.12858 0.50773 -0.85187 0.12857 0.50777 -0.85184 0.21041 0.47968 -0.85184 0.21041 0.47969 -0.85184 0.28649 0.43852 -0.85184 0.28648 0.43847 -0.85186 0.35474 0.38535 -0.85186 0.35475 0.38537 -0.85185 0.41334 0.32172 -0.85185 0.41334 0.32171 -0.85185 0.46065 0.2493 -0.85185 0.46065 0.24929 -0.85186 0.4954 0.17007 -0.85186 0.49541 0.17007 -0.85185 0.51664 0.08621 -0.85185 0.51664 0.08621 -0.85185 0.52378 0 -0.85185 0.51664 -0.08621 -0.85185 0.51664 -0.08621 -0.85185 0.49541 -0.17007 -0.85185 0.4954 -0.17007 -0.85186 0.46065 -0.24929 -0.85186 0.46066 -0.24929 -0.85185 0.41334 -0.32171 -0.85185 0.41332 -0.32171 -0.85186 0.35473 -0.38535 -0.85187 0.35477 -0.38537 -0.85184 0.2865 -0.43851 -0.85184 0.28647 -0.43849 -0.85186 0.21039 -0.47966 -0.85186 0.21041 -0.47968 -0.85184 0.12859 -0.50777 -0.85184 0.12859 -0.50777 -0.85184 0.04326 -0.52201 -0.85184 0.04325 -0.52199 -0.85186 0.05373 0.64852 -0.7593 0.15973 0.63083 -0.7593 0.15974 0.6308 -0.75932 0.26139 0.59591 -0.75932 0.26139 0.59589 -0.75933 0.35591 0.54474 -0.75933 0.35592 0.54477 -0.75931 0.44072 0.47876 -0.75931 0.44073 0.47877 -0.7593 0.51352 0.39969 -0.7593 0.51353 0.3997 -0.7593 0.57231 0.30972 -0.7593 0.57229 0.3097 -0.75932 0.61546 0.21129 -0.75932 0.61547 0.21129 -0.75931 0.64185 0.1071 -0.75931 0.64186 0.10711 -0.75931 0.65073 0 -0.75931 0.64185 -0.10711 -0.75931 0.64185 -0.10711 -0.75931 0.61547 -0.21129 -0.75931 0.61548 -0.21129 -0.7593 0.57231 -0.30971 -0.7593 0.57229 -0.30971 -0.75932 0.5135 -0.39969 -0.75932 0.51352 -0.39969 -0.7593 0.44074 -0.47876 -0.7593 0.44073 -0.47875 -0.75931 0.35591 -0.54477 -0.75931 0.35592 -0.54478 -0.7593 0.2614 -0.59593 -0.7593 0.26138 -0.59591 -0.75932 0.15975 -0.6308 -0.75932 0.15973 -0.63079 -0.75934 0.05372 -0.64847 -0.75934 0.05375 -0.64853 -0.75929 0.06289 0.75891 -0.64815 0.18694 0.73821 -0.64815 0.18694 0.73819 -0.64817 0.3059 0.69736 -0.64817 0.3059 0.69737 -0.64815 0.41651 0.63751 -0.64815 0.41651 0.63752 -0.64814 0.51576 0.56028 -0.64814 0.51576 0.56028 -0.64814 0.60095 0.46774 -0.64814 0.60094 0.46773 -0.64815 0.66974 0.36244 -0.64815 0.66974 0.36245 -0.64813 0.72026 0.24727 -0.64813 0.72026 0.24726 -0.64815 0.75113 0.12534 -0.64815 0.75113 0.12534 -0.64814 0.76152 0 -0.64814 0.75114 -0.12534 -0.64814 0.75114 -0.12534 -0.64814 0.72027 -0.24726 -0.64813 0.72025 -0.24727 -0.64815 0.66972 -0.36244 -0.64816 0.66973 -0.36244 -0.64815 0.60094 -0.46773 -0.64815 0.60095 -0.46773 -0.64814 0.51577 -0.56026 -0.64814 0.51577 -0.56026 -0.64814 0.41651 -0.63752 -0.64814 0.41651 -0.63752 -0.64815 0.30588 -0.69738 -0.64815 0.30591 -0.6974 -0.64812 0.18695 -0.73824 -0.64811 0.18692 -0.73821 -0.64815 0.0629 -0.75891 -0.64815 0.06288 -0.75888 -0.64819 0.07048 0.85052 -0.5212 0.20951 0.82732 -0.5212 0.20951 0.82731 -0.52121 0.34282 0.78155 -0.5212 0.34282 0.78155 -0.52121 0.46678 0.71446 -0.52121 0.46678 0.71446 -0.52121 0.578 0.6279 -0.52121 0.578 0.62788 -0.52124 0.67347 0.52417 -0.52123 0.67348 0.5242 -0.52119 0.75058 0.40619 -0.5212 0.75057 0.40619 -0.5212 0.80719 0.27711 -0.5212 0.8072 0.27711 -0.52119 0.8418 0.14047 -0.5212 0.84179 0.14047 -0.52121 0.85342 0 -0.52122 0.84178 -0.14047 -0.52122 0.84179 -0.14047 -0.52121 0.80718 -0.27711 -0.52121 0.80719 -0.27711 -0.52121 0.75057 -0.40619 -0.5212 0.75058 -0.40619 -0.5212 0.67349 -0.52419 -0.52119 0.67349 -0.52419 -0.52119 0.57803 -0.62789 -0.52119 0.57801 -0.62789 -0.52121 0.46678 -0.71446 -0.52121 0.46678 -0.71446 -0.52121 0.34282 -0.78155 -0.52121 0.34282 -0.78155 -0.5212 0.20948 -0.82732 -0.5212 0.20949 -0.82732 -0.5212 0.07048 -0.85052 -0.5212 0.07048 -0.85052 -0.5212 0.07633 0.92118 -0.38157 0.22692 0.89605 -0.38157 0.22691 0.89608 -0.38152 0.37131 0.8465 -0.38153 0.37132 0.84649 -0.38155 0.50557 0.77383 -0.38155 0.50557 0.77383 -0.38156 0.62604 0.68006 -0.38156 0.62604 0.68007 -0.38154 0.72943 0.56776 -0.38155 0.72943 0.56775 -0.38156 0.81294 0.43994 -0.38157 0.81293 0.43993 -0.38158 0.87425 0.30014 -0.38158 0.87425 0.30013 -0.38159 0.91173 0.15214 -0.38158 0.91173 0.15214 -0.38157 0.92434 0 -0.38157 0.91173 -0.15214 -0.38157 0.91174 -0.15214 -0.38157 0.87426 -0.30014 -0.38156 0.87425 -0.30014 -0.38158 0.81293 -0.43993 -0.38158 0.81294 -0.43993 -0.38157 0.72944 -0.56774 -0.38156 0.72942 -0.56774 -0.3816 0.62603 -0.68005 -0.3816 0.62602 -0.68005 -0.38162 0.50555 -0.77381 -0.38163 0.50559 -0.77382 -0.38155 0.37131 -0.84649 -0.38155 0.37128 -0.84648 -0.3816 0.22689 -0.89605 -0.3816 0.2269 -0.89606 -0.38157 0.07633 -0.92118 -0.38157 0.07633 -0.92118 -0.38158 0.08033 0.96922 -0.23271 0.23873 0.94279 -0.23271 0.23873 0.9428 -0.23268 0.39068 0.89063 -0.23269 0.39069 0.89063 -0.2327 0.53193 0.81419 -0.2327 0.53193 0.81419 -0.23269 0.65868 0.71553 -0.23269 0.65869 0.71553 -0.23269 0.76747 0.59736 -0.23269 0.76748 0.59735 -0.23272 0.85533 0.46287 -0.23271 0.85533 0.46289 -0.23267 0.91986 0.31579 -0.23268 0.91986 0.31578 -0.23268 0.95929 0.16008 -0.23269 0.95929 0.16008 -0.23269 0.97255 0 -0.23269 0.95929 -0.16007 -0.23269 0.95928 -0.16008 -0.2327 0.91985 -0.31579 -0.23271 0.91986 -0.31578 -0.23268 0.85534 -0.46288 -0.23267 0.85533 -0.46289 -0.23271 0.76747 -0.59735 -0.23272 0.76748 -0.59735 -0.23269 0.65868 -0.71553 -0.23269 0.65869 -0.71553 -0.23269 0.53196 -0.81417 -0.2327 0.53192 -0.81417 -0.23277 0.39065 -0.89062 -0.23278 0.39069 -0.89063 -0.23269 0.23874 -0.9428 -0.23268 0.23876 -0.9428 -0.23263 0.08031 -0.96925 -0.23262 0.0803 -0.96924 -0.23267 0.08236 0.99353 -0.07819 0.24471 0.96644 -0.07819 0.24473 0.96643 -0.07824 0.40048 0.91296 -0.07824 0.40045 0.91298 -0.07814 0.54527 0.83461 -0.07814 0.54529 0.83459 -0.07819 0.6752 0.73348 -0.07819 0.67521 0.73347 -0.07822 0.78672 0.61233 -0.07821 0.78672 0.61234 -0.07819 0.87678 0.4745 -0.07819 0.87678 0.47449 -0.07819 0.94292 0.3237 -0.07819 0.94292 0.3237 -0.07819 0.98334 0.16409 -0.07819 0.98334 0.16409 -0.07818 0.99694 0 -0.07819 0.98334 -0.16409 -0.07818 0.98334 -0.16409 -0.07819 0.94292 -0.3237 -0.07819 0.94292 -0.3237 -0.07819 0.87678 -0.4745 -0.07819 0.87678 -0.47449 -0.07819 0.78673 -0.61233 -0.07819 0.78674 -0.61232 -0.07816 0.67521 -0.73348 -0.07815 0.67519 -0.73349 -0.07819 0.54527 -0.8346 -0.07819 0.54529 -0.8346 -0.07814 0.40049 -0.91297 -0.07814 0.40045 -0.91297 -0.07824 0.24474 -0.96643 -0.07824 0.24476 -0.96643 -0.07819 0.08231 -0.99353 -0.07819 0.08232 -0.99354 -0.07817 -0.0065 -0.07848 0.99689 -0.01934 -0.23339 0.97219 -0.04326 -0.52202 0.85183 -0.05373 -0.64848 0.75933 -0.06288 -0.7589 0.64816 -0.08033 -0.96924 0.23265 -0.08236 -0.99353 0.07817 -0.08235 -0.99353 0.0782 -0.24473 -0.96643 0.0782 -0.24471 -0.96643 0.07824 -0.67521 -0.73347 0.07819 -0.6752 -0.73347 0.07822 -0.78672 -0.61234 0.07822 -0.08031 -0.96923 0.2327 -0.23872 -0.94279 0.2327 -0.39068 -0.89063 0.23268 -0.53193 -0.81419 0.23269 -0.53193 -0.81419 0.23268 -0.91986 -0.31579 0.23267 -0.95929 -0.16008 0.23268 -0.95929 -0.16008 0.23268 -0.22692 -0.89607 0.38153 -0.37132 -0.8465 0.38153 -0.37127 -0.84647 0.38163 -0.50555 -0.77381 0.38162 -0.50559 -0.77382 0.38156 -0.62604 -0.68007 0.38156 -0.62605 -0.68007 0.38154 -0.72944 -0.56775 0.38155 -0.72943 -0.56775 0.38156 -0.87426 -0.30013 0.38158 -0.87425 -0.30013 0.38159 -0.91173 -0.15214 0.38158 -0.50557 0.7738 0.38162 -0.37131 0.84646 0.38163 -0.37129 0.84651 0.38153 -0.20951 -0.82732 0.5212 -0.20947 -0.82728 0.52127 -0.34278 -0.78152 0.52127 -0.4668 -0.71445 0.52121 -0.4668 -0.71445 0.52121 -0.57799 -0.62788 0.52124 -0.67346 -0.52419 0.52123 -0.8072 -0.27711 0.52119 -0.8418 -0.14047 0.5212 -0.84179 -0.14047 0.52121 -0.4668 0.71445 0.52121 -0.4668 0.71445 0.52121 -0.3428 0.78156 0.52121 -0.34281 0.78151 0.52127 -0.2095 0.82728 0.52127 -0.20948 0.82732 0.5212 -0.06288 -0.75889 0.64817 -0.30591 -0.69739 0.64812 -0.41653 -0.63752 0.64813 -0.51574 -0.56026 0.64816 -0.51574 -0.56026 0.64816 -0.66973 -0.36243 0.64816 -0.72025 -0.24726 0.64816 -0.72024 -0.24726 0.64817 -0.75111 -0.12534 0.64817 -0.75111 -0.12534 0.64817 -0.41652 0.63749 0.64816 -0.41652 0.63753 0.64813 -0.30591 0.69739 0.64812 -0.30591 0.69738 0.64814 -0.18692 0.73823 0.64814 -0.05375 -0.64852 0.7593 -0.15975 -0.63083 0.7593 -0.15973 -0.63081 0.75932 -0.2614 -0.5959 0.75932 -0.26139 -0.59589 0.75933 -0.3559 -0.54475 0.75933 -0.35589 -0.54474 0.75934 -0.4407 -0.47874 0.75934 -0.57229 -0.3097 0.75932 -0.57229 -0.3097 0.75932 -0.61546 -0.21129 0.75932 -0.64186 -0.10711 0.75931 -0.57229 0.3097 0.75932 -0.51351 0.39968 0.75932 -0.51352 0.3997 0.7593 -0.44071 0.47872 0.75934 -0.35589 0.54474 0.75934 -0.3559 0.54475 0.75933 -0.04326 -0.522 0.85185 -0.12857 -0.50777 0.85185 -0.21043 -0.47972 0.85181 -0.28651 -0.43854 0.85182 -0.28651 -0.43854 0.85182 -0.35478 -0.38539 0.85183 -0.41337 -0.32175 0.85183 -0.41338 -0.32175 0.85181 -0.4607 -0.24932 0.85182 -0.46067 -0.24931 0.85183 -0.51668 -0.08622 0.85183 -0.51667 -0.08622 0.85183 -0.46068 0.2493 0.85184 -0.4607 0.24932 0.85182 -0.41338 0.32176 0.85181 -0.41336 0.32172 0.85184 -0.35476 0.38536 0.85185 -0.35478 0.3854 0.85182 -0.28651 0.43854 0.85182 -0.15418 -0.35148 0.92341 -0.15417 -0.35147 0.92342 -0.20991 -0.3213 0.92342 -0.25994 -0.28237 0.92342 -0.25994 -0.28236 0.92342 -0.30287 -0.23573 0.92342 -0.30287 -0.23573 0.92342 -0.33754 -0.18267 0.92342 -0.37857 0.06317 0.92341 -0.36301 0.12462 0.92342 -0.36302 0.12463 0.92341 -0.30287 0.23573 0.92342 -0.30289 0.23575 0.92341 -0.25995 0.28239 0.92341 -0.25994 0.28237 0.92342 -0.20991 0.3213 0.92342 -0.20991 0.3213 0.92342 -0.01934 -0.23337 0.9722 -0.23098 0.03854 0.9722 -0.23098 0.03854 0.97219 -0.22149 0.07604 0.97219 -0.1586 0.17229 0.97219 -0.15861 0.17229 0.97219 -0.12808 0.19605 0.97219 -0.07449 -0.02557 0.99689 -0.07768 -0.01296 0.99689 -0.07768 -0.01296 0.99689 -0.05334 0.05794 0.99689 -0.04307 0.06593 0.99689 -0.04307 0.06593 0.99689 -0.0065 0.07848 0.99689 0 0.07848 0.99692 0 -0.23343 0.97237 0 -0.07848 0.99692 0.0065 0.07848 0.99689 0.78672 -0.61234 0.0782 0.78672 -0.61233 0.07822 0.67521 -0.73347 0.07822 0.24473 -0.96643 0.07824 0.24471 -0.96644 0.0782 0.08236 -0.99353 0.0782 0.08235 -0.99353 0.07817 0.95929 -0.16008 0.23268 0.91986 -0.31578 0.23267 0.91986 -0.31579 0.23267 0.53193 -0.81419 0.23269 0.39069 -0.89063 0.23268 0.39068 -0.89063 0.23267 0.23873 -0.9428 0.23267 0.23874 -0.94279 0.2327 0.08033 -0.96922 0.2327 0.37127 0.84647 0.38163 0.50555 0.77381 0.38162 0.50559 0.77382 0.38156 0.91173 -0.15214 0.38157 0.91173 -0.15214 0.38158 0.87425 -0.30013 0.38159 0.72943 -0.56776 0.38155 0.62604 -0.68007 0.38154 0.62604 -0.68006 0.38156 0.50557 -0.77383 0.38156 0.50557 -0.7738 0.38162 0.37131 -0.84646 0.38163 0.37129 -0.84651 0.38153 0.22691 -0.89608 0.38152 0.22692 -0.89605 0.38157 0.20947 0.82728 0.52127 0.34278 0.78152 0.52127 0.4668 0.71445 0.52121 0.4668 0.71445 0.52121 0.84179 -0.14047 0.52121 0.8418 -0.14047 0.5212 0.8072 -0.27711 0.52119 0.80719 -0.27711 0.5212 0.67348 -0.5242 0.52119 0.67347 -0.52417 0.52123 0.578 -0.62788 0.52124 0.578 -0.6279 0.52121 0.4668 -0.71445 0.52121 0.4668 -0.71445 0.52121 0.3428 -0.78156 0.52121 0.34281 -0.78151 0.52127 0.2095 -0.82728 0.52127 0.18692 0.73819 0.64818 0.18694 0.73822 0.64814 0.3059 0.69738 0.64814 0.30591 0.69739 0.64812 0.41653 0.63752 0.64813 0.75111 -0.12534 0.64817 0.75111 -0.12534 0.64817 0.72024 -0.24725 0.64817 0.72024 -0.24726 0.64816 0.66973 -0.36244 0.64816 0.66972 -0.36243 0.64817 0.51574 -0.56026 0.64816 0.51574 -0.56026 0.64816 0.41652 -0.63749 0.64816 0.41652 -0.63753 0.64813 0.30591 -0.69739 0.64812 0.30591 -0.69738 0.64814 0.06288 -0.7589 0.64816 0.35589 0.54474 0.75934 0.4407 0.47874 0.75934 0.44074 0.47876 0.7593 0.5135 0.39969 0.75932 0.57229 0.3097 0.75932 0.57229 0.3097 0.75932 0.64186 -0.10711 0.75931 0.64185 -0.1071 0.75931 0.61547 -0.21129 0.75931 0.61546 -0.21129 0.75932 0.57229 -0.3097 0.75932 0.44073 -0.47877 0.7593 0.44071 -0.47872 0.75934 0.35589 -0.54474 0.75934 0.3559 -0.54475 0.75933 0.26139 -0.59589 0.75933 0.15973 -0.63083 0.7593 0.05373 -0.64852 0.7593 0.05375 -0.64848 0.75933 0.28651 0.43854 0.85182 0.28651 0.43854 0.85182 0.35479 0.38539 0.85182 0.35475 0.38537 0.85184 0.41335 0.32173 0.85184 0.41339 0.32174 0.85182 0.4607 0.24932 0.85182 0.51667 -0.08622 0.85183 0.4607 -0.24932 0.85182 0.41338 -0.32176 0.85181 0.41337 -0.32174 0.85183 0.35478 -0.38538 0.85183 0.35479 -0.3854 0.85182 0.28651 -0.43855 0.85182 0.21043 -0.47972 0.85181 0.21043 -0.47971 0.85182 0.12858 -0.50781 0.85182 0.12859 -0.50776 0.85185 0.04326 -0.522 0.85185 0.20992 0.3213 0.92342 0.25994 0.28237 0.92342 0.25995 0.28238 0.92341 0.30289 0.23574 0.92341 0.36301 0.12462 0.92342 0.37857 0.06317 0.92341 0.37858 0.06317 0.92341 0.33755 -0.18268 0.92341 0.33754 -0.18267 0.92342 0.30287 -0.23573 0.92342 0.30287 -0.23573 0.92342 0.25994 -0.28236 0.92342 0.20991 -0.3213 0.92342 0.20991 -0.3213 0.92342 0.15417 -0.35147 0.92342 0.12808 0.19605 0.97219 0.12808 0.19605 0.97219 0.15861 0.17229 0.97219 0.22148 0.07604 0.97219 0.22149 0.07604 0.97219 0.23098 0.03854 0.97219 0.01934 -0.23339 0.97219 0.0065 0.07848 0.99689 0.04307 0.06593 0.99689 0.05334 0.05794 0.99689 0.05334 0.05794 0.99689 0.07768 -0.01296 0.99689 0.07449 -0.02557 0.99689 0.07449 -0.02557 0.99689 0.0065 -0.07848 0.99689 0.0065 -0.07848 0.99689 -0.78914 -0.61422 0 -0.67728 -0.73572 0 -0.24548 -0.9694 0 -0.08261 -0.99658 0 -0.08235 -0.99353 -0.07817 -0.06288 -0.75892 -0.64814 -0.05375 -0.64848 -0.75933 -0.01934 -0.23343 -0.97218 -0.0065 -0.07843 -0.9969 -0.0065 -0.07844 -0.9969 -0.07444 -0.02556 -0.9969 -0.07444 -0.02556 -0.9969 -0.07763 -0.01295 -0.9969 -0.05331 0.05791 -0.9969 -0.0533 0.0579 -0.9969 -0.04305 0.06589 -0.9969 -0.0065 0.07844 -0.9969 -0.0065 0.07843 -0.9969 -0.23103 0.03855 -0.97218 -0.22153 0.07605 -0.97218 -0.22153 0.07605 -0.97218 -0.15864 0.17233 -0.97218 -0.12811 0.19609 -0.97218 -0.12811 0.19609 -0.97218 -0.15417 -0.35147 -0.92342 -0.20991 -0.3213 -0.92342 -0.20991 -0.3213 -0.92342 -0.25994 -0.28236 -0.92342 -0.30287 -0.23573 -0.92342 -0.30287 -0.23573 -0.92342 -0.33754 -0.18267 -0.92342 -0.33755 -0.18268 -0.92341 -0.37858 0.06317 -0.92341 -0.37857 0.06317 -0.92341 -0.36301 0.12462 -0.92342 -0.30289 0.23574 -0.92341 -0.25995 0.28238 -0.92341 -0.25994 0.28237 -0.92342 -0.20992 0.3213 -0.92342 -0.04326 -0.52197 -0.85187 -0.12858 -0.50773 -0.85187 -0.12857 -0.50777 -0.85184 -0.21041 -0.47968 -0.85184 -0.21041 -0.47969 -0.85184 -0.28649 -0.43852 -0.85184 -0.35476 -0.38537 -0.85184 -0.35476 -0.38536 -0.85185 -0.41334 -0.32172 -0.85185 -0.41335 -0.32174 -0.85184 -0.46067 -0.24931 -0.85184 -0.51664 -0.08621 -0.85185 -0.46067 0.2493 -0.85184 -0.41336 0.32172 -0.85184 -0.41332 0.32171 -0.85186 -0.35473 0.38535 -0.85187 -0.35477 0.38537 -0.85184 -0.28649 0.43851 -0.85184 -0.28649 0.43852 -0.85184 -0.05373 -0.64852 -0.7593 -0.15973 -0.63083 -0.7593 -0.26139 -0.59589 -0.75933 -0.3559 -0.54475 -0.75933 -0.35589 -0.54474 -0.75934 -0.44071 -0.47872 -0.75934 -0.44073 -0.47877 -0.7593 -0.57229 -0.3097 -0.75932 -0.61546 -0.21129 -0.75932 -0.61547 -0.21129 -0.75931 -0.64185 -0.1071 -0.75931 -0.64186 -0.10711 -0.75931 -0.57229 0.3097 -0.75932 -0.57229 0.3097 -0.75932 -0.5135 0.39969 -0.75932 -0.44074 0.47876 -0.7593 -0.4407 0.47874 -0.75934 -0.35589 0.54474 -0.75934 -0.30592 -0.6974 -0.64812 -0.30591 -0.69741 -0.6481 -0.41653 -0.63755 -0.6481 -0.41653 -0.63751 -0.64814 -0.51576 -0.56028 -0.64814 -0.51576 -0.56028 -0.64814 -0.66974 -0.36244 -0.64815 -0.66974 -0.36245 -0.64813 -0.72026 -0.24727 -0.64813 -0.72026 -0.24726 -0.64815 -0.75113 -0.12534 -0.64815 -0.75113 -0.12534 -0.64814 -0.41655 0.63754 -0.6481 -0.30592 0.69741 -0.6481 -0.30591 0.6974 -0.64812 -0.18695 0.73824 -0.64811 -0.18692 0.73821 -0.64815 -0.2095 -0.82728 -0.52127 -0.34281 -0.78151 -0.52127 -0.3428 -0.78156 -0.52121 -0.4668 -0.71445 -0.52121 -0.4668 -0.71445 -0.52121 -0.578 -0.6279 -0.52121 -0.578 -0.62788 -0.52124 -0.67347 -0.52417 -0.52123 -0.67348 -0.5242 -0.52119 -0.80719 -0.27711 -0.5212 -0.8072 -0.27711 -0.52119 -0.8418 -0.14047 -0.5212 -0.84179 -0.14047 -0.52121 -0.4668 0.71445 -0.52121 -0.4668 0.71445 -0.52121 -0.34278 0.78152 -0.52127 -0.20947 0.82728 -0.52127 -0.22692 -0.89605 -0.38157 -0.22691 -0.89608 -0.38152 -0.37129 -0.84651 -0.38153 -0.37131 -0.84646 -0.38163 -0.50557 -0.7738 -0.38162 -0.50557 -0.77383 -0.38156 -0.62604 -0.68006 -0.38156 -0.62604 -0.68007 -0.38154 -0.72943 -0.56776 -0.38155 -0.87425 -0.30013 -0.38159 -0.91173 -0.15214 -0.38158 -0.91173 -0.15214 -0.38157 -0.50559 0.77382 -0.38156 -0.50555 0.77381 -0.38162 -0.37127 0.84647 -0.38163 -0.08033 -0.96922 -0.23271 -0.23873 -0.94279 -0.23271 -0.23873 -0.9428 -0.23268 -0.39068 -0.89063 -0.23269 -0.39069 -0.89063 -0.2327 -0.53193 -0.81419 -0.2327 -0.91986 -0.31579 -0.23268 -0.91986 -0.31578 -0.23268 -0.95929 -0.16008 -0.23269 -0.08236 -0.99353 -0.07819 -0.24471 -0.96644 -0.07819 -0.24473 -0.96643 -0.07824 -0.67521 -0.73347 -0.07822 -0.78672 -0.61233 -0.07821 -0.78672 -0.61234 -0.07819 0.08261 -0.99658 0 0.24548 -0.9694 0 0.67728 -0.73572 0 0.78914 -0.61422 0 0 -0.07843 -0.99692 0 -0.23348 -0.97236 0 0.07843 -0.99692 0.0065 0.07843 -0.9969 0.04305 0.06589 -0.9969 0.04305 0.06589 -0.9969 0.0533 0.0579 -0.9969 0.07763 -0.01295 -0.9969 0.07763 -0.01295 -0.9969 0.07444 -0.02556 -0.9969 0.0065 -0.07843 -0.9969 0.12811 0.19609 -0.97218 0.15864 0.17233 -0.97218 0.15863 0.17232 -0.97218 0.22153 0.07605 -0.97218 0.23103 0.03855 -0.97218 0.23102 0.03855 -0.97218 0.01934 -0.23342 -0.97218 0.01935 -0.23343 -0.97218 0.20991 0.3213 -0.92342 0.20991 0.3213 -0.92342 0.25994 0.28237 -0.92342 0.25995 0.28239 -0.92341 0.30289 0.23575 -0.92341 0.30287 0.23573 -0.92342 0.36302 0.12463 -0.92341 0.36301 0.12462 -0.92342 0.37857 0.06317 -0.92341 0.33754 -0.18267 -0.92342 0.30287 -0.23573 -0.92342 0.30287 -0.23573 -0.92342 0.25994 -0.28236 -0.92342 0.25994 -0.28237 -0.92342 0.20991 -0.3213 -0.92342 0.15417 -0.35147 -0.92342 0.15418 -0.35148 -0.92341 0.28649 0.43851 -0.85184 0.35476 0.38538 -0.85184 0.35474 0.38534 -0.85187 0.41333 0.3217 -0.85186 0.41335 0.32174 -0.85184 0.46067 0.24931 -0.85184 0.46065 0.24929 -0.85186 0.51664 -0.08621 -0.85185 0.51664 -0.08621 -0.85185 0.46064 -0.24929 -0.85186 0.46067 -0.2493 -0.85184 0.41336 -0.32173 -0.85184 0.41334 -0.32172 -0.85185 0.35476 -0.38536 -0.85185 0.28649 -0.43851 -0.85184 0.28649 -0.43852 -0.85184 0.21042 -0.47969 -0.85184 0.12856 -0.50773 -0.85187 0.04325 -0.52197 -0.85187 0.04326 -0.52199 -0.85186 0.3559 0.54475 -0.75933 0.35589 0.54474 -0.75934 0.44071 0.47872 -0.75934 0.51352 0.3997 -0.7593 0.51351 0.39968 -0.75932 0.57229 0.3097 -0.75932 0.64186 -0.10711 -0.75931 0.61546 -0.21129 -0.75932 0.57229 -0.3097 -0.75932 0.57229 -0.3097 -0.75932 0.4407 -0.47874 -0.75934 0.35589 -0.54474 -0.75934 0.3559 -0.54475 -0.75933 0.26139 -0.59589 -0.75933 0.2614 -0.5959 -0.75932 0.15973 -0.63081 -0.75932 0.15975 -0.63083 -0.7593 0.05375 -0.64852 -0.7593 0.05373 -0.64848 -0.75933 0.18693 0.73825 -0.64811 0.30592 0.6974 -0.64812 0.30591 0.69741 -0.6481 0.41653 0.63755 -0.6481 0.41653 0.63751 -0.64814 0.75113 -0.12534 -0.64814 0.75113 -0.12534 -0.64815 0.72025 -0.24727 -0.64815 0.72027 -0.24726 -0.64813 0.66975 -0.36244 -0.64813 0.51576 -0.56028 -0.64814 0.51576 -0.56028 -0.64814 0.41655 -0.63754 -0.6481 0.30592 -0.69741 -0.6481 0.06288 -0.75891 -0.64815 0.06289 -0.75892 -0.64814 0.20948 0.82732 -0.5212 0.2095 0.82728 -0.52127 0.34281 0.78151 -0.52127 0.3428 0.78156 -0.52121 0.4668 0.71445 -0.52121 0.4668 0.71445 -0.52121 0.84179 -0.14047 -0.52121 0.8418 -0.14047 -0.5212 0.8072 -0.27711 -0.52119 0.67346 -0.52419 -0.52123 0.57799 -0.62788 -0.52124 0.4668 -0.71445 -0.52121 0.4668 -0.71445 -0.52121 0.34278 -0.78152 -0.52127 0.20947 -0.82728 -0.52127 0.20951 -0.82732 -0.5212 0.37129 0.84651 -0.38153 0.37131 0.84646 -0.38163 0.50557 0.7738 -0.38162 0.91173 -0.15214 -0.38158 0.87425 -0.30013 -0.38159 0.87426 -0.30013 -0.38158 0.72943 -0.56775 -0.38156 0.72944 -0.56775 -0.38155 0.62605 -0.68007 -0.38154 0.62604 -0.68007 -0.38156 0.50559 -0.77382 -0.38156 0.50555 -0.77381 -0.38162 0.37127 -0.84647 -0.38163 0.37132 -0.8465 -0.38153 0.22692 -0.89607 -0.38153 0.95929 -0.16008 -0.23269 0.95929 -0.16008 -0.23269 0.91986 -0.31578 -0.23268 0.53193 -0.81419 -0.23269 0.53193 -0.81419 -0.2327 0.39068 -0.89063 -0.2327 0.23872 -0.94279 -0.23271 0.08031 -0.96922 -0.23271 0.08033 -0.96923 -0.23267 0.78672 -0.61234 -0.07821 0.6752 -0.73347 -0.07822 0.67521 -0.73347 -0.07819 0.24471 -0.96643 -0.07824 0.24473 -0.96643 -0.07819 0.08235 -0.99353 -0.07819 0.08236 -0.99353 -0.07817 0.07735 0 0.997 0.91734 -0 0.3981 0.84496 -0 0.53482 0.75237 -0 0.65874 0.64178 -0 0.76689 0.5158 -0 0.85671 0.37755 -0 0.92599 0.23017 -0 0.97315 -0.07735 0 0.997 -0.07896 0 0.99688 -0.0782 0 0.99694 -0.23481 -0 0.97204 -0.23017 1E-05 0.97315 -0.38486 -1E-05 0.92297 -0.37755 1E-05 0.92599 -0.52531 -1E-05 0.85091 -0.5158 1E-05 0.85671 -0.65266 -1E-05 0.75765 -0.64178 1E-05 0.76689 -0.76376 -1E-05 0.6455 -0.75237 2E-05 0.65874 -0.85002 -1E-05 0.52675 -0.84496 0 0.53482 -0.91734 0 0.3981 -0.889 -0.0001 0.45791 -0.9217 0 0.3879 -0.15294 0.17909 0.97187 -0.05143 0.06023 0.99686 -0.06022 0.05144 0.99686 -0.13502 0.98567 0.10114 -0.41065 0.88263 0.22875 -0.76528 0.57697 0.28539 -0.87439 0.30064 0.38086 -0.90984 0.15199 0.38611 -0.91987 0.07412 0.38514 -0.91929 0.07234 0.38689 -0.6929 0.63586 0.33996 -0.5788 0.75669 0.30399 -0.17907 0.15296 0.97187 -0.17908 0.15294 0.97187 -0.29342 0.2506 0.92255 -0.06753 0.04139 0.99686 -0.20079 0.12306 0.97187 -0.20079 0.12306 0.97187 -0.32899 0.20164 0.92255 -0.32899 0.20165 0.92255 -0.44889 0.27513 0.85018 -0.07318 0.0303 0.99686 -0.2506 0.29343 0.92255 -0.21758 0.0901 0.97188 -0.21757 0.09012 0.97187 -0.3565 0.14766 0.92255 -0.3565 0.14765 0.92255 -0.48641 0.20146 0.85019 -0.48641 0.20149 0.85018 -0.60404 0.25021 0.75665 -0.07702 0.01849 0.99686 -0.22899 0.05497 0.97188 -0.22899 0.05498 0.97188 -0.3752 0.09009 0.92255 -0.3752 0.09009 0.92255 -0.51194 0.12292 0.85018 -0.51194 0.12291 0.85018 -0.63576 0.15264 0.75664 -0.63576 0.1526 0.75665 -0.74362 0.17849 0.64434 -0.07896 0.00621 0.99686 -0.23477 0.01847 0.97188 -0.23477 0.01847 0.97188 -0.38468 0.03027 0.92255 -0.38468 0.03026 0.92255 -0.52487 0.04128 0.85018 -0.52487 0.04129 0.85018 -0.6518 0.05128 0.75666 -0.65181 0.0513 0.75665 -0.76238 0.06001 0.64434 -0.76238 0.06001 0.64434 -0.84812 0.06676 0.52558 -0.70653 0.29268 0.64432 -0.89713 0.22508 0.38012 -0.89587 0.21509 0.38878 -0.83287 0.19996 0.51608 -0.79133 0.3278 0.51608 -0.79133 0.32777 0.5161 -0.85246 0.35309 0.38554 -0.85138 0.3663 0.37547 -0.91761 0.37652 0.12737 -0.81096 0.5112 0.28464 -0.78082 0.4785 0.40169 -0.79037 0.48435 0.37513 -0.79037 0.48432 0.37516 -0.73032 0.44752 0.51609 -0.73032 0.44752 0.5161 -0.65207 0.39956 0.64433 -0.65207 0.39958 0.64432 -0.55747 0.34161 0.75666 -0.66494 0.69661 0.26941 -0.73247 0.62559 0.26856 -0.70487 0.60201 0.37516 -0.70485 0.60205 0.37513 -0.65131 0.55631 0.51606 -0.65133 0.55626 0.5161 -0.58151 0.49663 0.64437 -0.58149 0.49671 0.64432 -0.49715 0.42467 0.75664 -0.49716 0.42462 0.75666 -0.40034 0.34193 0.85019 -0.34192 0.40035 0.85019 -0.34193 0.40033 0.85019 -0.42464 0.49717 0.75664 -0.42465 0.49716 0.75664 -0.49666 0.58147 0.64437 -0.49663 0.58154 0.64433 -0.55626 0.65136 0.51605 -0.55627 0.65133 0.51607 -0.602 0.70487 0.37517 -0.60201 0.70486 0.37517 -0.63255 0.74063 0.22658 -0.48327 0.8451 0.22859 -0.50452 0.82323 0.26029 -0.48436 0.79034 0.37519 -0.48435 0.79035 0.37518 -0.44756 0.73032 0.51606 -0.44757 0.73031 0.51607 -0.3996 0.65203 0.64434 -0.39959 0.65205 0.64433 -0.34163 0.55748 0.75664 -0.34163 0.55748 0.75664 -0.27509 0.4489 0.85019 -0.2751 0.44888 0.85019 -0.20163 0.329 0.92255 -0.20161 0.32903 0.92255 -0.12304 0.2008 0.97188 -0.0901 0.21758 0.97187 -0.09009 0.21759 0.97187 -0.14761 0.35652 0.92255 -0.14767 0.35646 0.92257 -0.2015 0.48639 0.85019 -0.20149 0.48641 0.85018 -0.25022 0.60406 0.75664 -0.25022 0.60406 0.75664 -0.29266 0.70652 0.64434 -0.29261 0.70657 0.64431 -0.32774 0.79138 0.51606 -0.3278 0.79131 0.51612 -0.35475 0.85638 0.3752 -0.35473 0.85639 0.37518 -0.37208 0.89827 0.23381 -0.36286 0.90424 0.22512 -0.37058 0.92348 0.09922 -0.21659 0.97103 0.10095 -0.23087 0.96174 0.14747 -0.22744 0.94744 0.22499 -0.2274 0.94747 0.22494 -0.21634 0.90139 0.3751 -0.21642 0.90133 0.37518 -0.19997 0.83283 0.51614 -0.19995 0.83285 0.51612 -0.17853 0.74361 0.64434 -0.17848 0.74365 0.64431 -0.15259 0.63578 0.75664 -0.15259 0.63578 0.75664 -0.12287 0.51196 0.85018 -0.12288 0.51195 0.85018 -0.09005 0.37519 0.92256 -0.09007 0.37518 0.92257 -0.05498 0.229 0.97187 -0.055 0.22899 0.97187 -0.0185 0.07701 0.99686 -0.0303 0.07318 0.99686 -0.88683 0.06978 0.45679 -0.85276 0.07801 0.51645 -0.83287 0.19993 0.5161 -0.74362 0.17851 0.64433 -0.70653 0.29265 0.64433 -0.60404 0.2502 0.75666 -0.55747 0.3416 0.75666 -0.4489 0.27507 0.85019 -0.40034 0.3419 0.85019 -0.29343 0.25059 0.92255 -0.25063 0.29339 0.92256 -0.15296 0.17906 0.97188 -0.12306 0.20078 0.97188 -0.04139 0.06753 0.99686 -0.05733 0.99561 0.07405 -0.0781 0.99132 0.10577 -0.07653 0.97134 0.22504 -0.07648 0.97136 0.22499 -0.07276 0.92409 0.37517 -0.07267 0.92413 0.3751 -0.06715 0.85393 0.51604 -0.06728 0.85386 0.51614 -0.06007 0.76234 0.64438 -0.06 0.76238 0.64434 -0.0513 0.65181 0.75664 -0.05128 0.65182 0.75664 -0.04129 0.52488 0.85018 -0.04129 0.52488 0.85017 -0.03026 0.38467 0.92256 -0.0303 0.38465 0.92256 -0.01849 0.23478 0.97187 -0.01847 0.23479 0.97187 -0.00621 0.07896 0.99686 0.12072 0.97222 0.20055 0.04057 0.9969 0.0674 0.0505 0.9969 0.06032 0.15026 0.97222 0.17948 0.15024 0.97222 0.1795 0.24625 0.92347 0.29421 0.05918 0.9969 0.05184 0.17608 0.97222 0.15425 0.17611 0.97222 0.1542 0.28866 0.92347 0.25275 0.28866 0.92347 0.25274 0.39401 0.85191 0.34498 0.06648 0.9969 0.04207 0.1978 0.97222 0.12517 0.19779 0.97222 0.1252 0.32419 0.92347 0.20521 0.3242 0.92347 0.20518 0.44251 0.85191 0.28006 0.44251 0.8519 0.28008 0.54971 0.75945 0.34794 0.07217 0.9969 0.03132 0.21473 0.97222 0.0932 0.21474 0.97222 0.09318 0.35197 0.92347 0.15272 0.35197 0.92347 0.15274 0.4804 0.85191 0.20848 0.4804 0.85191 0.20849 0.59679 0.75945 0.259 0.59679 0.75945 0.259 0.69842 0.64834 0.30311 0.91453 0.07823 0.39688 0.91454 0.07825 0.39686 0.89215 0.23278 0.38715 0.89215 0.23278 0.38715 0.84789 0.3817 0.36794 0.84789 0.3817 0.36794 0.78281 0.52136 0.3397 0.84237 0.07824 0.53318 0.84237 0.07823 0.5332 0.82175 0.23275 0.52015 0.82176 0.23278 0.52012 0.78099 0.38172 0.49431 0.78098 0.3817 0.49434 0.72103 0.52136 0.45639 0.72104 0.52137 0.45638 0.64332 0.64834 0.40719 0.75006 0.07823 0.65672 0.75007 0.07825 0.65671 0.73171 0.23277 0.64064 0.7317 0.23275 0.64066 0.6954 0.38171 0.60887 0.69541 0.38172 0.60885 0.64203 0.52136 0.56212 0.64203 0.52136 0.56212 0.57283 0.64833 0.50153 0.57283 0.64834 0.50152 0.48948 0.75945 0.42855 0.63981 0.07824 0.76454 0.63982 0.07824 0.76454 0.62415 0.23277 0.74582 0.62415 0.23277 0.74582 0.59318 0.38172 0.70882 0.59317 0.3817 0.70884 0.54764 0.52135 0.65443 0.54765 0.52136 0.65442 0.48862 0.64834 0.58387 0.48862 0.64833 0.58388 0.41752 0.75945 0.49892 0.41752 0.75945 0.49892 0.33609 0.85191 0.40161 0.51422 0.07822 0.85409 0.51424 0.07824 0.85407 0.50165 0.23279 0.83316 0.50163 0.23277 0.83318 0.47675 0.38168 0.79185 0.47678 0.38172 0.79181 0.44018 0.52137 0.73103 0.44016 0.52135 0.73106 0.39272 0.64833 0.65226 0.39272 0.64834 0.65225 0.33558 0.75945 0.55734 0.33558 0.75945 0.55734 0.27013 0.85191 0.44864 0.27013 0.85191 0.44864 0.19791 0.92347 0.32869 0.3764 0.07823 0.92315 0.37638 0.07822 0.92316 0.36717 0.23279 0.90056 0.36717 0.23279 0.90055 0.34895 0.38169 0.85589 0.34894 0.38168 0.8559 0.32216 0.52136 0.79019 0.32218 0.52137 0.79017 0.28744 0.64836 0.70499 0.28741 0.64833 0.70503 0.24558 0.75944 0.60244 0.24559 0.75945 0.60243 0.1977 0.8519 0.48495 0.19772 0.85191 0.48492 0.14486 0.92347 0.35526 0.14483 0.92347 0.35529 0.08836 0.97222 0.21676 0.05391 0.97222 0.22778 0.05389 0.97222 0.2278 0.08832 0.92347 0.37336 0.08829 0.92347 0.37338 0.12051 0.8519 0.50965 0.12054 0.85191 0.50963 0.14975 0.75944 0.6331 0.14977 0.75946 0.63308 0.17528 0.64836 0.74088 0.17523 0.64833 0.74092 0.19641 0.52135 0.83043 0.19641 0.52136 0.83042 0.21275 0.38169 0.89947 0.21274 0.38169 0.89947 0.22385 0.23279 0.94642 0.22384 0.23278 0.94642 0.22946 0.07823 0.97017 0.22947 0.07824 0.97017 0.07711 0.07825 0.99395 0.0771 0.07824 0.99395 0.07522 0.23275 0.96962 0.07525 0.23278 0.96961 0.07152 0.38171 0.92151 0.0715 0.38169 0.92152 0.06601 0.52137 0.85077 0.06599 0.52136 0.85078 0.05888 0.64834 0.75907 0.05886 0.64833 0.75908 0.05029 0.75945 0.64862 0.05032 0.75946 0.64861 0.04051 0.8519 0.52214 0.04056 0.85191 0.52211 0.02971 0.92347 0.38252 0.02972 0.92347 0.38252 0.01813 0.97222 0.23337 0.01809 0.97222 0.23338 0.00608 0.9969 0.07844 0.01812 0.9969 0.07656 0.78281 0.52135 0.33971 0.69842 0.64835 0.30309 0.64332 0.64834 0.40718 0.54971 0.75945 0.34793 0.48948 0.75945 0.42854 0.39402 0.85191 0.34497 0.33609 0.85191 0.40162 0.24623 0.92347 0.29424 0.19789 0.92347 0.32871 0.12073 0.97222 0.20054 0.08835 0.97222 0.21677 0.02969 0.9969 0.07285 0.15029 -0.97221 0.17952 0.0505 -0.9969 0.06032 0.04057 -0.9969 0.0674 0.12075 -0.97221 0.20058 0.12075 -0.97221 0.20058 0.19789 -0.92347 0.3287 0.02969 -0.9969 0.07285 0.08837 -0.97221 0.21681 0.08838 -0.97221 0.2168 0.14482 -0.92347 0.35528 0.14486 -0.92347 0.35527 0.19771 -0.85194 0.48488 0.01812 -0.9969 0.07656 0.05392 -0.97221 0.22784 0.0539 -0.97221 0.22784 0.08833 -0.92347 0.37337 0.08828 -0.92347 0.37337 0.12049 -0.85195 0.50956 0.12053 -0.85194 0.50957 0.14975 -0.75943 0.63312 0.00608 -0.9969 0.07844 0.01809 -0.97221 0.23342 0.01814 -0.97221 0.23342 0.02972 -0.92347 0.38252 0.02971 -0.92347 0.38252 0.04055 -0.85194 0.52207 0.0405 -0.85195 0.52205 0.05032 -0.75942 0.64865 0.0503 -0.75943 0.64864 0.05886 -0.64832 0.75909 0.07711 -0.07824 0.99395 0.0771 -0.07825 0.99395 0.07521 -0.23279 0.96961 0.07525 -0.23276 0.96962 0.07152 -0.38169 0.92152 0.07149 -0.38171 0.92151 0.06601 -0.52138 0.85077 0.22947 -0.07823 0.97017 0.22946 -0.07824 0.97017 0.22384 -0.2328 0.94641 0.22385 -0.23279 0.94641 0.21274 -0.38169 0.89947 0.21275 -0.38169 0.89947 0.19641 -0.52138 0.83042 0.1964 -0.52138 0.83041 0.17523 -0.64834 0.74091 0.3764 -0.07821 0.92315 0.37638 -0.07823 0.92316 0.36716 -0.2328 0.90055 0.36717 -0.2328 0.90055 0.34896 -0.38168 0.85589 0.34894 -0.38169 0.85589 0.32215 -0.52139 0.79017 0.32217 -0.52138 0.79017 0.28746 -0.64831 0.70503 0.2874 -0.64834 0.70502 0.24559 -0.75942 0.60246 0.51422 -0.07824 0.85408 0.51424 -0.07821 0.85407 0.50165 -0.23278 0.83316 0.50163 -0.2328 0.83317 0.47674 -0.38172 0.79184 0.47679 -0.38168 0.79183 0.44018 -0.52137 0.73104 0.44015 -0.52139 0.73104 0.39272 -0.64831 0.65227 0.39274 -0.64831 0.65227 0.33559 -0.75942 0.55736 0.33559 -0.75942 0.55736 0.27009 -0.85195 0.44858 0.63981 -0.07823 0.76454 0.63982 -0.07823 0.76454 0.62415 -0.23278 0.74582 0.62415 -0.23278 0.74582 0.59319 -0.3817 0.70882 0.59317 -0.38172 0.70883 0.54763 -0.52138 0.65442 0.54765 -0.52137 0.65441 0.48863 -0.64831 0.58389 0.48863 -0.64831 0.58389 0.41753 -0.75942 0.49894 0.41753 -0.75942 0.49894 0.33604 -0.85195 0.40156 0.33604 -0.85195 0.40156 0.24622 -0.92347 0.29424 0.75006 -0.07824 0.65672 0.75007 -0.07823 0.65671 0.73172 -0.23276 0.64064 0.7317 -0.23278 0.64065 0.69539 -0.38172 0.60887 0.69541 -0.3817 0.60885 0.64202 -0.52138 0.56211 0.64202 -0.52138 0.56211 0.57284 -0.64831 0.50154 0.57285 -0.64831 0.50154 0.4895 -0.75943 0.42856 0.4895 -0.75943 0.42856 0.39397 -0.85195 0.34493 0.39395 -0.85195 0.34493 0.28866 -0.92347 0.25274 0.28865 -0.92347 0.25274 0.17615 -0.97221 0.15424 0.19785 -0.9722 0.1252 0.19782 -0.97221 0.12522 0.32418 -0.92347 0.20521 0.3242 -0.92347 0.20519 0.44246 -0.85195 0.28003 0.44244 -0.85195 0.28004 0.54973 -0.75943 0.34795 0.54974 -0.75942 0.34795 0.64334 -0.64831 0.40719 0.64333 -0.64832 0.4072 0.72103 -0.52138 0.45638 0.72102 -0.52139 0.45639 0.78097 -0.38172 0.49434 0.781 -0.3817 0.49432 0.82176 -0.23276 0.52012 0.82174 -0.23279 0.52014 0.84237 -0.07824 0.53319 0.84238 -0.07822 0.53318 0.91453 -0.07824 0.39688 0.91454 -0.07822 0.39687 0.89215 -0.23279 0.38715 0.89215 -0.23279 0.38715 0.84789 -0.3817 0.36794 0.8479 -0.3817 0.36794 0.7828 -0.52138 0.33969 0.78279 -0.52139 0.3397 0.69844 -0.64831 0.3031 0.69843 -0.64832 0.30311 0.59682 -0.75942 0.25901 0.59682 -0.75942 0.25901 0.48033 -0.85195 0.20846 0.48034 -0.85195 0.20845 0.35196 -0.92347 0.15274 0.35197 -0.92347 0.15273 0.21478 -0.97221 0.0932 0.21477 -0.97221 0.09322 0.07217 -0.9969 0.03132 0.06648 -0.9969 0.04207 0.06599 -0.52139 0.85076 0.05888 -0.64831 0.7591 0.17529 -0.64831 0.74093 0.14978 -0.75942 0.63312 0.2456 -0.75942 0.60246 0.19767 -0.85195 0.48488 0.27009 -0.85195 0.44858 0.19791 -0.92347 0.3287 0.24626 -0.92347 0.29422 0.15027 -0.97221 0.17953 0.17611 -0.97221 0.15427 0.05918 -0.9969 0.05184 0.94645 0 0.32284 0.94857 -0 0.31655 0.94752 -0 0.31969 -0.12075 -0.97221 0.20059 -0.04057 -0.9969 0.0674 -0.0505 -0.9969 0.06032 -0.15029 -0.97221 0.17952 -0.15027 -0.97221 0.17954 -0.24625 -0.92347 0.29421 -0.05918 -0.9969 0.05184 -0.17612 -0.9722 0.15428 -0.17614 -0.97221 0.15423 -0.28866 -0.92347 0.25275 -0.28866 -0.92347 0.25274 -0.39396 -0.85195 0.34494 -0.06648 -0.9969 0.04207 -0.19784 -0.97221 0.12519 -0.19783 -0.97221 0.12522 -0.32419 -0.92347 0.20521 -0.3242 -0.92347 0.20518 -0.44245 -0.85195 0.28002 -0.44245 -0.85195 0.28005 -0.54973 -0.75942 0.34795 -0.07217 -0.9969 0.03132 -0.21477 -0.97221 0.09322 -0.21478 -0.97221 0.09319 -0.35197 -0.92347 0.15272 -0.35197 -0.92347 0.15274 -0.48034 -0.85195 0.20845 -0.48034 -0.85195 0.20846 -0.59682 -0.75942 0.25901 -0.59682 -0.75942 0.25901 -0.69843 -0.64831 0.30311 -0.91453 -0.07822 0.39688 -0.91454 -0.07824 0.39686 -0.89215 -0.23279 0.38715 -0.89215 -0.23279 0.38715 -0.84789 -0.3817 0.36794 -0.84789 -0.3817 0.36794 -0.78279 -0.52139 0.33969 -0.84237 -0.07824 0.53318 -0.84237 -0.07822 0.5332 -0.82175 -0.23276 0.52014 -0.82176 -0.23279 0.52012 -0.78099 -0.38172 0.49431 -0.78098 -0.3817 0.49434 -0.72102 -0.52138 0.45639 -0.72102 -0.52139 0.45637 -0.64333 -0.64831 0.4072 -0.75007 -0.07823 0.65672 -0.75007 -0.07824 0.65671 -0.73171 -0.23278 0.64063 -0.7317 -0.23276 0.64066 -0.6954 -0.38171 0.60887 -0.69541 -0.38172 0.60885 -0.64202 -0.52138 0.56211 -0.64202 -0.52138 0.56211 -0.57284 -0.64831 0.50154 -0.57284 -0.64831 0.50154 -0.4895 -0.75943 0.42856 -0.63981 -0.07823 0.76454 -0.63982 -0.07823 0.76454 -0.62415 -0.23278 0.74582 -0.62415 -0.23278 0.74582 -0.59318 -0.38172 0.70882 -0.59317 -0.3817 0.70884 -0.54764 -0.52137 0.65442 -0.54765 -0.52138 0.65441 -0.48863 -0.64831 0.58389 -0.48863 -0.64831 0.5839 -0.41753 -0.75942 0.49894 -0.41753 -0.75942 0.49894 -0.33604 -0.85195 0.40156 -0.51422 -0.07821 0.85409 -0.51424 -0.07824 0.85407 -0.50165 -0.2328 0.83316 -0.50163 -0.23278 0.83317 -0.47675 -0.38168 0.79185 -0.47678 -0.38172 0.79181 -0.44018 -0.52139 0.73102 -0.44016 -0.52137 0.73105 -0.39273 -0.64831 0.65228 -0.39273 -0.64831 0.65226 -0.33559 -0.75942 0.55736 -0.33559 -0.75942 0.55736 -0.27009 -0.85195 0.44858 -0.27009 -0.85195 0.44858 -0.19791 -0.92347 0.32869 -0.3764 -0.07823 0.92315 -0.37638 -0.07821 0.92316 -0.36716 -0.2328 0.90055 -0.36717 -0.2328 0.90055 -0.34895 -0.38169 0.85589 -0.34894 -0.38168 0.8559 -0.32215 -0.52138 0.79018 -0.32217 -0.52139 0.79016 -0.28745 -0.64833 0.70501 -0.28741 -0.64831 0.70505 -0.24559 -0.75942 0.60246 -0.2456 -0.75942 0.60246 -0.19767 -0.85194 0.48489 -0.1977 -0.85195 0.48486 -0.14486 -0.92347 0.35526 -0.14483 -0.92347 0.35529 -0.08838 -0.97221 0.2168 -0.05392 -0.97221 0.22783 -0.0539 -0.97221 0.22784 -0.08832 -0.92347 0.37336 -0.08829 -0.92347 0.37338 -0.12049 -0.85194 0.50958 -0.12052 -0.85195 0.50956 -0.14975 -0.75942 0.63313 -0.14978 -0.75943 0.63311 -0.17528 -0.64834 0.7409 -0.17524 -0.64831 0.74094 -0.1964 -0.52138 0.83042 -0.19641 -0.52138 0.83041 -0.21275 -0.38169 0.89947 -0.21274 -0.38169 0.89947 -0.22385 -0.2328 0.94641 -0.22384 -0.23279 0.94642 -0.22946 -0.07823 0.97017 -0.22947 -0.07824 0.97017 -0.07711 -0.07825 0.99395 -0.0771 -0.07824 0.99395 -0.07522 -0.23276 0.96962 -0.07525 -0.23279 0.96961 -0.07152 -0.38171 0.92151 -0.0715 -0.38169 0.92152 -0.06601 -0.52139 0.85076 -0.06599 -0.52138 0.85077 -0.05888 -0.64832 0.75909 -0.05886 -0.64831 0.7591 -0.0503 -0.75942 0.64865 -0.05032 -0.75943 0.64863 -0.0405 -0.85194 0.52207 -0.04055 -0.85195 0.52204 -0.02971 -0.92347 0.38252 -0.02972 -0.92347 0.38252 -0.01813 -0.97221 0.23342 -0.01809 -0.97221 0.23343 -0.00608 -0.9969 0.07844 -0.01812 -0.9969 0.07656 -0.78279 -0.52138 0.33971 -0.69843 -0.64832 0.3031 -0.64333 -0.64832 0.40719 -0.54973 -0.75943 0.34794 -0.4895 -0.75943 0.42856 -0.39396 -0.85195 0.34492 -0.33604 -0.85195 0.40157 -0.24623 -0.92347 0.29424 -0.19789 -0.92347 0.32871 -0.12075 -0.97221 0.20058 -0.08837 -0.97221 0.21681 -0.02969 -0.9969 0.07285 -0.94857 0 0.31655 -0.94646 0 0.32282 -0.94646 0 0.32282 -0.94857 0 0.31655 -0.94857 0 0.31655 -0.04969 -0.99863 0.01661 -0.07383 -0.99692 0.02654 -0.12376 -0.99145 0.04137 -0.20152 -0.97716 0.06736 -0.22093 -0.97237 0.07546 -0.2737 -0.95746 0.09146 -0.34884 -0.9299 0.11657 -0.36258 -0.92388 0.12243 -0.41705 -0.89814 0.13933 -0.49557 -0.85265 0.16555 -0.48577 -0.85867 0.16344 -0.60034 -0.77448 0.19946 -0.61578 -0.76039 0.20643 -0.66439 -0.7137 0.22185 -0.72127 -0.64943 0.24084 -0.71633 -0.65522 0.23991 -0.80901 -0.52251 0.26924 -0.80271 -0.53258 0.26835 -0.87647 -0.38269 0.29216 -0.87301 -0.39076 0.29184 -0.90253 -0.30778 0.30118 -0.92221 -0.23345 0.30828 -0.92432 -0.22496 0.30826 -0.94558 -0.07846 0.31578 -0.94584 -0.07593 0.31564 -0.94354 -0.07848 0.32183 -0.94354 -0.07846 0.32183 -0.92031 -0.23345 0.31391 -0.92031 -0.23344 0.31391 -0.87442 -0.38268 0.29825 -0.87441 -0.38269 0.29825 -0.80698 -0.52251 0.27525 -0.80698 -0.52251 0.27525 -0.7197 -0.64944 0.24548 -0.71971 -0.64943 0.24548 -0.6147 -0.76038 0.20967 -0.61469 -0.76039 0.20966 -0.4945 -0.85265 0.16867 -0.49451 -0.85265 0.16867 -0.3622 -0.92388 0.12354 -0.36221 -0.92387 0.12354 -0.22097 -0.97236 0.07537 -0.22096 -0.97237 0.07537 -0.07424 -0.99692 0.02532 -0.07424 -0.99692 0.02532 0 -0.07848 0.99692 0 -0.23342 0.97238 0 -0.52253 0.85262 0 -0.64945 0.76041 0 -0.76038 0.64947 0 -0.97237 0.23345 0.94354 -0.07848 0.32184 0.94853 -0.01019 0.31654 0.94541 -0.07846 0.31628 0.94447 -0.09454 0.31471 0.93187 -0.18656 0.31116 0.9219 -0.23345 0.30919 0.91668 -0.25708 0.30594 0.89582 -0.32882 0.29898 0.87593 -0.3827 0.29375 0.86861 -0.40182 0.28993 0.80822 -0.52251 0.2716 0.81841 -0.50507 0.27406 0.83691 -0.47068 0.27935 0.72073 -0.64943 0.24247 0.74571 -0.61802 0.24895 0.78864 -0.55564 0.26328 0.60489 -0.76959 0.20455 0.64468 -0.73352 0.21527 0.69741 -0.67779 0.23287 0.57491 -0.7941 0.19719 0.61602 -0.76039 0.20573 0.51346 -0.8408 0.17149 0.4951 -0.85265 0.16694 0.44914 -0.88077 0.15004 0.37973 -0.91636 0.12686 0.36253 -0.92388 0.12259 0.31802 -0.94209 0.10648 0.22172 -0.97236 0.07314 0.23385 -0.96908 0.07874 0.07456 -0.99692 0.02437 0.07911 -0.99652 0.02645 0.9446 -0.07846 0.3187 0.94353 -0.07863 0.32183 0.92031 -0.23344 0.31391 0.92031 -0.23345 0.31391 0.87441 -0.38269 0.29825 0.87442 -0.38268 0.29825 0.80698 -0.52251 0.27525 0.80698 -0.52251 0.27525 0.71971 -0.64943 0.24548 0.7197 -0.64944 0.24548 0.61469 -0.76039 0.20966 0.6147 -0.76038 0.20967 0.49451 -0.85265 0.16867 0.4945 -0.85265 0.16867 0.36221 -0.92387 0.12354 0.3622 -0.92388 0.12354 0.22096 -0.97237 0.07537 0.22097 -0.97236 0.07537 0.07424 -0.99692 0.02532 0.07424 -0.99692 0.02532 0.9446 0.07847 0.3187 0.04962 0.99863 0.01659 0.07382 0.99692 0.02655 0.12403 0.99141 0.04145 0.20146 0.97718 0.06734 0.22089 0.97238 0.07544 0.2737 0.95746 0.09146 0.3488 0.92992 0.11655 0.36258 0.92388 0.12243 0.4174 0.89796 0.13944 0.49564 0.8526 0.16557 0.48573 0.85869 0.16343 0.60034 0.77447 0.19946 0.61575 0.76042 0.20643 0.6642 0.71389 0.22179 0.72125 0.64946 0.24083 0.71633 0.65522 0.23991 0.80902 0.52249 0.26924 0.80271 0.53258 0.26836 0.87646 0.38269 0.29216 0.87301 0.39074 0.29184 0.90253 0.30778 0.30118 0.92221 0.23343 0.30828 0.92432 0.22497 0.30826 0.94558 0.07847 0.31578 0.94584 0.07593 0.31564 0.94354 0.07848 0.32184 0.94353 0.07864 0.32183 0.92031 0.23344 0.31391 0.92031 0.23343 0.31391 0.87442 0.38268 0.29825 0.87441 0.38269 0.29825 0.80699 0.52249 0.27525 0.80699 0.52249 0.27525 0.71968 0.64946 0.24547 0.71969 0.64945 0.24548 0.61467 0.76041 0.20966 0.61467 0.76042 0.20965 0.49457 0.85261 0.16869 0.49458 0.8526 0.1687 0.3622 0.92388 0.12354 0.36221 0.92387 0.12354 0.22092 0.97238 0.07535 0.22092 0.97238 0.07535 0.07424 0.99692 0.02532 0.07424 0.99692 0.02532 -0 0.07896 0.99688 -0 0.07872 0.9969 0 0.23341 0.97238 -0 0.23482 0.97204 0 0.38269 0.92388 -0 0.38484 0.92298 0 0.52251 0.85263 -0 0.52532 0.8509 0 0.64947 0.76039 -1E-05 0.65267 0.75764 1E-05 0.76041 0.64945 -1E-05 0.76372 0.64554 1E-05 0.8526 0.52257 -1E-05 0.85586 0.51721 1E-05 0.92388 0.38269 -1E-05 0.92655 0.37617 1E-05 0.97238 0.23341 -1E-05 0.9742 0.2257 1E-05 0.99692 0.07844 0 0.99725 0.07417 -0.51346 0.8408 0.17149 -0.94853 0.01019 0.31654 -0.93185 0.18664 0.31115 -0.9219 0.23346 0.30918 -0.87594 0.38268 0.29375 -0.89582 0.32882 0.29898 -0.91669 0.25706 0.30594 -0.81832 0.50523 0.27403 -0.83695 0.4706 0.27936 -0.86861 0.40182 0.28993 -0.64463 0.73357 0.21525 -0.69741 0.67779 0.23287 -0.7207 0.64947 0.24246 -0.74571 0.61802 0.24895 -0.78867 0.5556 0.26328 -0.616 0.76041 0.20573 -0.57471 0.79425 0.19715 -0.60515 0.76937 0.20461 -0.37968 0.91638 0.12684 -0.36253 0.92388 0.12259 -0.31832 0.94197 0.10658 -0.22167 0.97238 0.07312 -0.23381 0.96909 0.07872 -0.07456 0.99692 0.02437 -0.07911 0.99652 0.02645 -0.07424 0.99692 0.02532 -0.07424 0.99692 0.02532 -0.15221 0.98698 0.05192 -0.22103 0.97238 0.07502 -0.43951 0.88564 0.14991 -0.3622 0.92387 0.12356 -0.36233 0.92382 0.12359 -0.22501 0.97133 0.07675 -0.50381 0.84655 0.17184 -0.49483 0.85261 0.16791 -0.49516 0.85261 0.16696 -0.44939 0.88063 0.15013 -0.61467 0.76041 0.20966 -0.61468 0.76041 0.20966 -0.67858 0.69711 0.23145 -0.71999 0.64947 0.24456 -0.72819 0.63879 0.24838 -0.80823 0.52249 0.2716 -0.80729 0.52249 0.27438 -0.77296 0.57709 0.26365 -0.93541 0.15236 0.31906 -0.92206 0.22559 0.3145 -0.9205 0.23346 0.31333 -0.90243 0.30146 0.30781 -0.87442 0.38267 0.29825 -0.87442 0.38268 0.29825 -0.81344 0.5112 0.27746 -0.94385 0.07427 0.32193 -0.94365 0.07845 0.32151 -0.94542 0.07845 0.31628 -0.94447 0.09453 0.31471 0.99658 0.08258 -0 0.9694 0.24549 -0 0.91577 0.4017 -0 0.83717 0.54694 -0 0.73572 0.67729 -0 0.61421 0.78914 -0 0.47596 0.87947 -0 0.32469 0.94582 -0 0.1646 0.98636 -0 -0.1646 0.98636 0 -0.32468 0.94582 0 -0.47596 0.87947 0 -0.61421 0.78914 0 -0.73572 0.67729 0 -0.83717 0.54694 0 -0.91577 0.4017 0 -0.9694 0.24549 0 -0.99658 0.08258 0 0.32468 0.94582 -0 0.1646 0.98636 -0 -0.1646 0.98636 0 -0.32469 0.94582 0 0 -0 1 0.9991 -0.04243 0 1 0 0.00064 0.9991 0.04244 -0 0.94289 0.33311 -0 0.87299 0.48773 -0 0.77803 0.62822 -0 0.66067 0.75067 -0 0.0424 0.9991 -0 -0.12698 0.99191 0 -0.59469 0.80396 0 -0.72194 0.69195 0 -0.82851 0.55997 0 -0.96773 0.25199 0 -0.96774 -0.25196 0 -0.82851 -0.55997 0 -0.12698 -0.99191 0 0.0424 -0.9991 0 0.21062 -0.97757 0 0.66067 -0.75067 0 0.77803 -0.62822 0 0.87302 -0.48768 0 0.94288 -0.33314 0 -0.96774 -0.25196 0 -0.82848 -0.56002 0 -0.722 -0.6919 0 -0.59461 -0.80401 0 -0.45017 -0.89294 0 0.21062 -0.97757 0 0.87302 -0.48769 0 0.94288 -0.33314 0 0.94289 0.3331 -0 0.87299 0.48774 -0 0.21073 0.97754 -0 -0.45017 0.89294 0 -0.59469 0.80396 0 -0.82852 0.55996 0 -0.96773 0.25199 0 -0.99658 -0.08258 0 -0.9694 -0.2455 0 -0.91578 -0.40168 0 -0.83716 -0.54696 0 -0.73573 -0.67727 0 -0.61419 -0.78916 0 -0.47596 -0.87947 0 -0.32469 -0.94582 0 -0.16463 -0.98636 0 0.16463 -0.98636 0 0.32468 -0.94582 0 0.47596 -0.87947 0 0.61419 -0.78916 0 0.73573 -0.67727 0 0.83716 -0.54696 0 0.91578 -0.40168 0 0.9694 -0.2455 0 0.99658 -0.08258 0 -0.32468 -0.94582 0 -0.16463 -0.98636 0 0.16463 -0.98636 0 0.32469 -0.94582 0 -0.82848 -0.56002 0 -0.96773 -0.25198 0 -0.91123 -0.4119 0 -0.72195 -0.69195 0 -0.59465 -0.80399 0 0.52432 -0.85152 0 0.94287 -0.33315 0 0.52432 0.85152 -0 0.21067 0.97756 -0 0.04246 0.9991 -0 -0.12704 0.9919 0 -0.59465 0.80399 0 -0.72195 0.69195 0 -0.91123 0.4119 0 -0.9964 -0.08481 0 -0.96773 -0.25198 0 -0.72196 -0.69194 0 -0.59463 -0.804 0 -0.4502 -0.89293 0 -0.29282 -0.95617 0 0.87301 -0.4877 0 0.94288 -0.33314 0 0.94288 0.33314 -0 0.87301 0.4877 -0 0.66069 0.75066 -0 0.5243 0.85154 -0 0.2107 0.97755 -0 0.04243 0.9991 -0 -0.29282 0.95617 0 -0.4502 0.89293 0 -0.59463 0.804 0 -0.72196 0.69194 0 -0.8285 0.55998 0 -0.91123 0.41189 0 -0.96773 0.25198 0 -0.72196 -0.69194 0 -0.4502 -0.89293 0 -0.29282 -0.95617 0 -0.12704 -0.9919 0 0.98562 -0.169 0 0.98562 0.169 -0 0.52429 0.85154 -0 -0.12704 0.9919 0 -0.29282 0.95617 0 -0.4502 0.89293 0 -0.72196 0.69194 0 -0.82851 0.55998 0 -0.91123 0.41189 0 -0.45018 -0.89294 0 -0.29284 -0.95616 0 -0.29284 0.95616 0 -0.45018 0.89294 0 0.9964 -0.08481 0 0.96773 -0.25199 0 0.91123 -0.4119 0 0.82851 -0.55997 0 0.72194 -0.69195 0 0.59469 -0.80396 0 0.45017 -0.89294 0 0.29285 -0.95616 0 0.12698 -0.99191 0 -0.0424 -0.9991 -0 -0.21073 -0.97754 -0 -0.37285 -0.92789 -0 -0.52431 -0.85153 -0 -0.66067 -0.75068 -0 -0.77804 -0.62822 -0 -0.87302 -0.48768 -0 -0.94287 -0.33315 -0 -0.98562 -0.169 -0 -0.98562 0.169 0 -0.94287 0.33315 0 -0.87302 0.48768 0 -0.77804 0.62822 0 -0.66067 0.75068 0 -0.52431 0.85153 0 -0.37285 0.92789 0 -0.21062 0.97757 0 -0.04252 0.9991 0 0.12709 0.99189 0 0.29285 0.95616 0 0.45017 0.89294 0 0.59461 0.80401 0 0.72194 0.69195 0 0.82851 0.55997 0 0.91123 0.4119 0 0.96774 0.25196 0 0.9964 0.08481 0 0.9964 -0.0848 0 0.59461 -0.80401 0 0.45027 -0.89289 0 0.29274 -0.95619 0 0.12709 -0.99189 0 -0.04252 -0.9991 -0 -0.21062 -0.97757 -0 -0.21073 0.97754 0 -0.0424 0.9991 0 0.12698 0.99191 0 0.45027 0.89289 0 0.96773 0.25199 0 0.00012 -1 -0.00011 0.00012 -1 -9E-05 0.00011 -1 -0.00013 0.00011 -1 -0.00015 0.0001 -1 -0.00017 0.0001 -1 -0.0002 9E-05 -1 -0.00025 8E-05 -1 -0.00033 0.0003 -1 0.00032 0.00088 -1 0.0012 0.00013 -1 -8E-05 -0.17147 -0.68265 0.71034 6E-05 -1 -0.00043 4E-05 -1 -0.00058 -0 -1 -0.00089 2E-05 -1 -0.001 1E-05 -1 -0.00092 -0.98562 0.169 0 -0.9991 0.04244 0 -1 0 0.00103 -0.9991 -0.04245 0 -0.98562 -0.169 0 -0.94289 -0.33312 0 -0.873 -0.48772 0 -0.77805 -0.6282 0 -0.66067 -0.75068 0 -0.66067 -0.75068 0 -0.52433 -0.85152 0 -0.37282 -0.9279 0 -0.21065 -0.97756 0 -0.21065 -0.97756 0 -0.04248 -0.9991 0 -0.04248 -0.9991 0 0.12703 -0.9919 -0 0.29281 -0.95617 -0 0.45022 -0.89292 -0 0.45022 -0.89292 -0 0.59462 -0.804 -0 0.72196 -0.69194 -0 0.82851 -0.55997 -0 0.82851 -0.55997 -0 0.91122 -0.41191 -0 0.91122 -0.41191 -0 0.96773 -0.25197 -0 0.9964 -0.08481 -0 0.9964 0.08481 -0 0.96773 0.25197 -0 0.91124 0.41187 -0 0.91124 0.41187 -0 0.82851 0.55997 -0 0.82851 0.55997 -0 0.72191 0.69199 -0 0.59469 0.80395 -0 0.45014 0.89296 -0 0.45014 0.89296 -0 0.29281 0.95617 -0 0.12703 0.9919 -0 -0.04238 0.9991 0 -0.04238 0.9991 0 -0.21074 0.97754 0 -0.21074 0.97754 0 -0.37282 0.9279 0 -0.52433 0.85152 0 -0.66067 0.75068 0 -0.66067 0.75068 0 -0.77801 0.62825 0 -0.87303 0.48767 0 -0.94287 0.33315 0 -0.9991 0.04245 0 -0.9991 -0.04244 0 -0.94287 -0.33315 0 -0.87303 -0.48767 0 -0.77801 -0.62825 0 -0.21074 -0.97754 0 -0.21074 -0.97754 0 -0.04238 -0.9991 0 -0.04238 -0.9991 0 0.45014 -0.89296 -0 0.45014 -0.89296 -0 0.91124 -0.41187 -0 0.91124 -0.41187 -0 0.96773 -0.252 -0 0.9964 -0.08481 -0 0.91122 0.41191 -0 0.91122 0.41191 -0 0.72196 0.69194 -0 0.59462 0.804 -0 0.45022 0.89292 -0 0.45022 0.89292 -0 -0.04248 0.9991 0 -0.04248 0.9991 0 -0.21065 0.97756 0 -0.21065 0.97756 0 -0.37291 0.92787 0 -0.52425 0.85156 0 -0.77805 0.6282 0 -0.873 0.48772 0 -0.94289 0.33312 0 -0.98562 0.169 0 -0.9991 0.04244 0 -1 0 0.00103 -0.9991 -0.04245 0 -0.98562 -0.169 0 -0.94289 -0.33312 0 -0.94289 -0.33312 0 -0.873 -0.48772 0 -0.52425 -0.85156 0 -0.37291 -0.92787 0 -0.37291 -0.92787 0 -0.04248 -0.9991 0 0.12703 -0.9919 -0 0.59462 -0.804 -0 0.72196 -0.69194 -0 0.91122 -0.41191 -0 0.96773 -0.25197 -0 0.9964 -0.08481 -0 0.9964 0.0848 -0 0.96773 0.252 -0 0.91124 0.41187 -0 0.72196 0.69194 -0 0.59462 0.804 -0 0.29291 0.95614 -0 0.12693 0.99191 -0 0.12693 0.99191 -0 -0.04238 0.9991 0 -0.37291 0.92787 0 -0.52433 0.85152 0 -0.87303 0.48767 0 -0.94287 0.33315 0 -0.94287 0.33315 0 -0.9991 0.04245 0 -0.9991 -0.04244 0 -0.94287 -0.33315 0 -0.94287 -0.33315 0 -0.87303 -0.48767 0 -0.52433 -0.85152 0 -0.37282 -0.9279 0 -0.04238 -0.9991 0 0.91124 -0.41187 -0 0.96773 -0.252 -0 0.9964 -0.0848 -0 0.9964 0.08481 -0 0.96773 0.25197 -0 0.91122 0.41191 -0 0.12703 0.9919 -0 -0.04248 0.9991 0 -0.52425 0.85156 0 -0.873 0.48772 0 -0.94289 0.33312 0 -0.94289 0.33312 0 2E-05 -0 1 2E-05 -0 1 0 -0 1 0 -0 1 0 -0 1 0 -0 1 0 0 1 0 0 1 0 0 1 0 0 1 0 0 1 0 0 1 0 -0 1 1E-05 0 1 1E-05 1E-05 1 0 -0 1 0 0 1 0 -0 1 1E-05 0 1 0 0 1 0 -0 1 0 -0 1 0 0 1 1E-05 -1E-05 1 0 0 1 0 0 1 0 0 1 0 0 1 1E-05 0 1 0 0 1 0 -0 1 1E-05 1E-05 1 0 -0 1 -0 0 1 -0 0 1 0 0 1 0 0 1 1E-05 -0 1 0 -0 1 0 -0 1 0 -0 1 0 -0 1 0 -0 1 2E-05 -0 1 0 1E-05 1 0 -2E-05 1 0 0 1 0 0 1 0 0 1 0 0 1 0 0 1 0 0 1 0 0 1 0 0 1 0 0 1 1E-05 -0 1 1E-05 3E-05 1 0 -0 1 0 -0 1 -0 0 1 1E-05 -0 1 0 -0 1 0 -0 1 0 -0 1 0 0 1 0 0 1 0 0 1 0 -0 1 1E-05 1E-05 1 0 -0 1 0 0 1 0 -0 1 0 0 1 0 -0 1 0 -0 1 -0.012 0.92042 -0.39074 -0.65535 -0.20525 -0.72691 -0.05121 -0.29379 -0.9545 -0.13891 -0.29271 -0.94606 -0.13917 -0.28751 -0.94761 -0.25348 -0.28413 -0.92467 -0.1588 -0.78972 -0.59256 -0.33278 0.2285 -0.9149 -0.09186 0.96989 -0.22556 -0.14943 0.92412 -0.35167 -0.18128 0.92368 -0.33758 -0.16313 0.93896 -0.3029 -0.19621 0.94019 -0.27848 -0.33797 0.80752 -0.48342 -0.29671 -0.89691 -0.32789 -0.50039 -0.12958 -0.85605 -0.57948 -0.12533 -0.80529 0.59721 -0.20734 -0.77483 0.71763 -0.09109 -0.69044 0.7325 -0.08911 -0.67491 0.7572 -0.10386 -0.64487 0.78046 -0.1484 -0.60733 0.75957 -0.10442 -0.64199 0.75538 -0.14664 -0.63866 0.22354 -0.27047 -0.93642 0.32324 -0.26193 -0.90934 0.31013 -0.26095 -0.91418 0.42642 -0.25454 -0.86797 0.39494 -0.25385 -0.88294 0.49483 -0.24306 -0.8343 0.47265 -0.24337 -0.84698 0.57057 -0.22851 -0.78882 0.11076 -0.27703 -0.95446 0.13929 -0.273 -0.95188 0.21676 -0.27019 -0.93809 -0.00761 -0.27503 -0.9614 0.00541 -0.27644 -0.96102 0.0064 -0.27655 -0.96098 0.00232 -0.276 -0.96116 0.02389 -0.27409 -0.96141 0.06924 -0.27373 -0.95931 -0.05155 -0.27274 -0.96071 -0.13451 -0.27229 -0.95277 -0.13981 -0.27158 -0.95221 -0.25492 -0.26511 -0.92991 -0.27071 -0.26548 -0.92533 -0.33014 -0.25914 -0.90766 -0.38217 -0.25511 -0.88818 -0.37804 -0.25597 -0.8897 -0.46854 -0.24128 -0.84986 -0.45878 -0.24423 -0.85432 -0.55653 -0.22887 -0.79868 -0.56093 -0.22693 -0.79615 -0.57844 -0.22336 -0.78455 -0.65743 -0.18979 -0.72922 -0.38398 -0.09773 -0.91815 -0.34584 -0.09875 -0.93308 -0.35524 -0.09457 -0.92998 -0.27682 -0.11452 -0.95407 -0.32094 -0.0913 -0.94269 0.03085 -0.07681 -0.99657 0.01071 -0.07644 -0.99702 -0.02184 -0.0753 -0.99692 -0.04689 -0.07256 -0.99626 0.01667 -0.08066 -0.9966 -0.10767 -0.08097 -0.99088 -0.08875 -0.08205 -0.99267 -0.16709 -0.08367 -0.98238 -0.17255 -0.08328 -0.98147 -0.22581 -0.08589 -0.97038 0.15377 -0.07138 -0.98553 0.15925 -0.07089 -0.98469 0.14867 -0.07183 -0.98627 0.13964 -0.07257 -0.98754 0.13235 -0.07312 -0.9885 0.12461 -0.07367 -0.98947 0.11385 -0.07435 -0.99071 0.10518 -0.07483 -0.99163 0.09382 -0.07541 -0.99273 0.07743 -0.07606 -0.99409 0.05679 -0.07662 -0.99544 0.20892 -0.07327 -0.97518 0.19227 -0.07379 -0.97856 0.12484 -0.07496 -0.98934 0.17697 -0.06908 -0.98179 0.16782 -0.07004 -0.98333 0.40265 -0.06333 -0.91316 0.41313 -0.0709 -0.90791 0.3852 -0.06751 -0.92036 0.35688 -0.07086 -0.93146 0.32683 -0.06964 -0.94251 0.30971 -0.07131 -0.94815 0.23603 -0.0735 -0.96896 0.26219 -0.06973 -0.96249 0.22979 -0.07221 -0.97056 0.52769 -0.08721 -0.84495 0.53895 -0.07991 -0.83854 0.61259 -0.08042 -0.7863 0.61317 -0.08235 -0.78565 0.61308 -0.08383 -0.78556 -0.38389 -0.09992 -0.91796 -0.4549 -0.10914 -0.88383 -0.34543 -0.11224 -0.93171 -0.38186 -0.11481 -0.91706 -0.27676 -0.11715 -0.95377 -0.30716 -0.11941 -0.94413 -0.21409 -0.12101 -0.96929 0.50484 -0.08016 -0.85948 0.46505 -0.08651 -0.88105 0.46135 -0.08668 -0.88298 0.38397 -0.09789 -0.91814 0.37439 -0.09826 -0.92205 0.32554 -0.10489 -0.93969 0.25454 -0.10707 -0.96112 0.23498 -0.10946 -0.96582 0.12543 -0.11172 -0.98579 0.12415 -0.11186 -0.98594 0.01564 -0.11299 -0.99347 0.0164 -0.11292 -0.99347 -0.1057 -0.11326 -0.98793 -0.08868 -0.11252 -0.98968 -0.31249 -0.10991 -0.94354 -0.17239 -0.09915 -0.98003 -0.26819 -0.0983 -0.95834 -0.24409 -0.08392 -0.96611 0.25833 -0.18843 -0.9475 -0.50024 -0.13265 -0.85567 -0.59934 -0.14946 -0.78642 -0.49866 -0.15599 -0.85265 -0.53279 -0.16176 -0.83064 -0.41392 -0.1691 -0.89447 -0.44591 -0.17087 -0.87862 -0.33453 -0.17639 -0.92573 -0.3624 -0.17814 -0.91484 -0.23411 -0.18285 -0.95486 -0.2552 -0.18442 -0.94914 -0.11523 -0.18729 -0.97552 -0.12593 -0.18826 -0.97401 0.01191 -0.1886 -0.98198 0.00774 -0.18945 -0.98186 0.1211 -0.18828 -0.97462 0.11762 -0.18901 -0.9749 0.22563 -0.18633 -0.95623 0.7199 -0.13956 -0.6799 0.72299 -0.10732 -0.68247 0.68777 -0.11216 -0.71721 0.73304 -0.0808 -0.67536 0.68464 -0.17095 -0.70855 0.6837 -0.17843 -0.70762 0.65554 -0.19779 -0.7288 0.65783 -0.18067 -0.73118 0.59951 -0.18943 -0.77762 0.5799 -0.1968 -0.79056 0.733 -0.17635 -0.65697 0.73626 -0.15048 -0.65976 0.70334 -0.17478 -0.68903 0.70731 -0.14162 -0.69258 0.65198 -0.17828 -0.73698 0.6537 -0.16421 -0.73872 0.53377 -0.1789 -0.82649 0.57171 -0.08081 -0.81647 0.61864 -0.11525 -0.77717 0.64599 -0.08076 -0.75906 0.64521 -0.09256 -0.75838 0.6489 -0.09221 -0.75526 0.64958 -0.08229 -0.75583 0.51201 -0.07799 -0.85543 0.51265 -0.07805 -0.85504 0.5121 -0.08809 -0.85439 0.52656 -0.1005 -0.84418 0.53771 -0.09979 -0.8372 0.57154 -0.08351 -0.81631 0.53649 -0.15177 -0.83015 0.49537 -0.16441 -0.85298 0.45218 -0.16779 -0.876 0.39316 -0.17805 -0.90207 0.3822 -0.17756 -0.90686 0.30516 -0.18172 -0.9348 -0.59625 -0.16254 -0.78617 -0.63117 -0.18013 -0.75444 -0.53026 -0.18971 -0.82634 -0.56065 -0.19475 -0.80483 -0.44316 -0.20514 -0.87266 -0.47229 -0.20634 -0.85695 -0.35999 -0.21434 -0.908 -0.38579 -0.21568 -0.89702 -0.25341 -0.22274 -0.94137 -0.27347 -0.2241 -0.93541 -0.12514 -0.22869 -0.96542 -0.13586 -0.22965 -0.96374 0.00732 -0.23061 -0.97302 0.00257 -0.23162 -0.9728 0.11618 -0.23047 -0.96612 0.1124 -0.2313 -0.96637 0.2232 -0.22818 -0.94769 0.22633 -0.22773 -0.94705 0.30204 -0.2241 -0.92658 0.31344 -0.22226 -0.92323 0.37865 -0.21798 -0.89951 0.39905 -0.21424 -0.89155 0.44805 -0.21013 -0.86896 0.47726 -0.20414 -0.85472 0.5447 -0.19688 -0.81519 0.54065 -0.2289 -0.8095 0.64466 -0.21229 -0.73441 0.63392 -0.21735 -0.74223 0.7154 -0.19789 -0.6701 -0.45477 -0.112 -0.88354 -0.49013 -0.13334 -0.86139 -0.38091 -0.13784 -0.91428 -0.4156 -0.14009 -0.8987 -0.30637 -0.14374 -0.941 -0.33597 -0.14582 -0.93052 -0.21352 -0.14879 -0.96554 -0.23512 -0.15049 -0.96025 -0.10551 -0.15214 -0.98271 -0.1156 -0.15305 -0.98143 0.01516 -0.15298 -0.98811 0.01234 -0.15353 -0.98807 0.12433 -0.15235 -0.98048 0.12224 -0.15278 -0.98067 0.25268 -0.14957 -0.95592 0.2606 -0.14775 -0.95408 0.37185 -0.1432 -0.91718 0.39622 -0.13699 -0.90788 0.45843 -0.1335 -0.87865 0.49889 -0.12232 -0.85799 0.56932 -0.11721 -0.81372 0.56652 -0.14901 -0.81046 0.62923 -0.11423 -0.76878 0.62717 -0.13728 -0.76669 0.68226 -0.1305 -0.71937 0.68487 -0.10075 -0.72166 0.67212 -0.10221 -0.73336 0.69034 -0.07624 -0.71946 0.65837 -0.08126 -0.74829 0.65775 -0.08926 -0.74793 0.69111 -0.08205 -0.71808 0.69139 -0.07743 -0.71832 -0 -0 -1 -0 0 -1 -0 0 -1 -0 -0 -1 -0 -0 -1 -3E-05 0 -1 -0 -0 -1 -0 -0 -1 -1E-05 0 -1 -0 0 -1 -0 0 -1 -2E-05 -0 -1 -0 0 -1 -0 0 -1 -0 0 -1 -0 0 -1 -3E-05 0 -1 -0 -0 -1 -0 -0 -1 -3E-05 0 -1 0 -0 -1 0 -0 -1 -0 -0 -1 -0 -0 -1 -0 -0 -1 -0 0 -1 -0 0 -1 -3E-05 -0 -1 -0 0 -1 -0 0 -1 -0 -0 -1 -0 -0 -1 -0 -0 -1 -0 -0 -1 -0 -0 -1 -0 0 -1 -1E-05 -0 -1 -0 0 -1 -0 -0 -1 -0 -0 -1 -0 -0 -1 0 0 -1 0 0 -1 -2E-05 -0 -1 0 0 -1 0 0 -1 -0 0 -1 -1E-05 -0 -1 -0 0 -1 -2E-05 -0 -1 -0 0 -1 0 0 -1 0 0 -1 0 0 -1 -0 0 -1 -1E-05 -0 -1 -1E-05 -0 -1 0 0 -1 0 0 -1 -2E-05 -0 -1 0 0 -1 0 0 -1 0 0 -1 -1E-05 -0 -1 -0 0 -1 -1E-05 -0 -1 -0 0 -1 -0 0 -1 0 0 -1 -1E-05 -0 -1 -0 0 -1 -0.03183 0 -0.99949 -0.03179 0 -0.99949 -0.0041 0 -0.99999 -0.00346 0.00133 -0.99999 -0.00268 -0 -1 -0.00848 0.00465 -0.99995 -0.0064 0.00362 -0.99997 -0.00575 0.00326 -0.99998 -0.00505 0.00286 -0.99998 -0.00433 0.00235 -0.99999 -0.004 0.00206 -0.99999 -0.00366 0.00172 -0.99999 0.15728 0.00158 -0.98755 0.15995 0.00165 -0.98712 0.15422 0.00151 -0.98803 0.15199 0.00145 -0.98838 0.1499 0.0014 -0.9887 0.14724 0.00133 -0.9891 0.14569 0.0013 -0.98933 0.14407 0.00126 -0.98957 0.14151 0.0012 -0.98994 0.13867 0.00113 -0.99034 0.13511 0.00105 -0.99083 0.13037 0.00095 -0.99146 0.12411 0.00082 -0.99227 0.1135 0.00062 -0.99354 0.10102 0.00041 -0.99488 0.08675 0.00021 -0.99623 0.06853 5E-05 -0.99765 0.05705 1E-05 -0.99837 0.05221 -0 -0.99864 0.01033 0 -0.99995 0.0342 0.00107 -0.99941 0.00486 0 -0.99999 -0.01489 0.00722 -0.99986 -0.01184 0.00606 -0.99991 0.25621 0.00015 -0.96662 0.23455 0.00029 -0.9721 0.22251 0.00039 -0.97493 0.20687 0.00053 -0.97837 0.19152 0.00072 -0.98149 0.18329 0.00082 -0.98306 0.23935 2E-05 -0.97093 0.17259 -0 -0.98499 0.10123 5E-05 -0.99486 0.16842 0.00187 -0.98571 0.16324 0.00174 -0.98659 0.45008 0 -0.89299 0.40786 7E-05 -0.91305 0.37034 0.0003 -0.9289 0.36046 0.00036 -0.93277 0.3418 0.0005 -0.93977 0.3902 3E-05 -0.92073 0.3085 -0 -0.95122 0.28149 5E-05 -0.95956 0.46555 -0 -0.88502 0.53735 3E-05 -0.84336 0.52097 0.0002 -0.85358 0.73367 0.03143 -0.67878 0.59486 -0.00515 -0.80381 0.58065 0 -0.81415 0.60336 -0 -0.79747 0.60333 0 -0.79749 0.47348 0 -0.8808 0.32969 0 -0.94409 0.17672 0 -0.98426 0.01603 0 -0.99987 -0.14058 0 -0.99007 -0.28952 0 -0.95717 -0.43205 0 -0.90185 -0.55888 0 -0.82925 -0.65391 0 -0.75657 -0.71263 0 -0.70154 -0.73074 0 -0.68265 -0.67028 0 -0.74211 -0.65852 0 -0.75256 3E-05 0 1 -0.69987 -0 -0.71427 -0.81974 -0 -0.57273 -0.85441 -0.00059 -0.51961 -0.84981 -0.00024 -0.52709 -0.82309 0.00061 -0.56791 -0.89608 -0 -0.44389 -0.89574 -0.00065 -0.44457 -0.8849 -0.01363 -0.46559 -0.88967 -0.00142 -0.4566 -0.88441 -0.00053 -0.46671 -0.89508 -0.00213 -0.4459 -0.89447 -0.00369 -0.44711 -0.89444 -0.00377 -0.44716 -0.89405 -0.0049 -0.44794 -0.89372 -0.00597 -0.44859 -0.89376 -0.00578 -0.4485 -0.89402 -0.00426 -0.44802 -0.89418 0.00012 -0.4477 -0.89071 -0.00029 -0.45457 -0.88501 -0.00083 -0.46556 -0.88052 -0.00041 -0.47401 -0.87738 -0.00023 -0.4798 -0.87308 -1E-05 -0.48758 -0.86599 1E-05 -0.50007 -0.8582 -0.00027 -0.51331 -0.87273 1E-05 -0.48821 -0.82307 -0.00045 -0.56793 -0.84989 0.00018 -0.52696 -0.85441 0.00044 -0.51961 -0.85778 0.00023 -0.51402 -0.86559 -1E-05 -0.50076 -0.89122 0.00666 -0.45352 -0.89132 0.00938 -0.45327 -0.8912 0.01058 -0.45349 -0.89146 0.00901 -0.45302 -0.89174 0.00757 -0.45249 -0.89203 0.00617 -0.45192 -0.89248 0.00426 -0.45107 -0.89283 0.00292 -0.45038 -0.89325 0.00139 -0.44956 -0.89357 0.00035 -0.44892 -0.87367 0.02532 -0.48587 -0.87863 0.01245 -0.47734 -0.88273 0.00524 -0.46984 -0.88651 -0.00048 -0.46271 -0.88942 0.00027 -0.45709 -0.8909 0.00296 -0.45418 -0.89368 -0 -0.4487 -0.88441 0.00055 -0.46671 -0.88238 0.00036 -0.47054 -0.87634 0.00013 -0.4817 -0.75902 -0 -0.65107 2E-05 -1 5E-05 -0.00024 -1 -0.0023 0.99008 -0.0026 0.14048 0.99116 0 0.13264 0.99311 -0 0.11715 0.9937 -0.0016 0.1121 0.9925 0.00058 0.12228 0.9937 -0.00017 0.1121 0.99407 0 0.10872 0.98017 0 0.19814 0.97981 -0.00076 0.19993 0.97936 -0.00171 0.20212 0.97915 -0.00216 0.20314 0.97522 0.00205 0.22123 0.979 -0.00246 0.20383 0.97873 -0.00305 0.20514 0.97849 -0.00358 0.20628 0.97824 -0.00414 0.20744 0.97799 -0.00472 0.20862 0.98139 0.00376 0.19201 0.97748 -0.00216 0.21102 0.97823 -0.00101 0.20753 0.97664 -0.00134 0.21486 0.97671 -0.00142 0.21456 0.9772 -0.00037 0.21233 0.97704 -0.00029 0.21304 0.97503 0.00066 0.22207 0.9769 -0.00165 0.21369 0.97684 -0.00157 0.21399 0.97525 0.00242 0.22107 0.97524 0.00194 0.22113 0.97523 0.0014 0.22117 0.97522 -0.00136 0.22122 0.97523 0.00104 0.2212 0.97523 0.00076 0.2212 0.97523 0.00032 0.2212 0.97523 0.00032 0.2212 0.97523 0 0.2212 0.97523 -0.00027 0.2212 0.97523 -0.00034 0.2212 0.97523 -0.00062 0.2212 0.97523 -0.00102 0.2212 0.9754 -0.00159 0.22044 0.97373 -0.02622 0.22621 0.97442 -0.01698 0.22408 0.97476 -0.01184 0.22295 0.97493 -0.00887 0.22231 0.97505 -0.00669 0.2219 0.97507 -0.00628 0.22182 0.97512 -0.00507 0.2216 0.97516 -0.00408 0.22145 0.9752 -0.00316 0.22132 0.97525 -0.00097 0.22111 0.97519 -0.0026 0.22134 0.97525 -0.00063 0.22109 0.9752 -0.00241 0.22133 0.97521 -0.00189 0.22126 0.97416 0 0.22585 0.97545 -2E-05 0.22024 0.97535 -0.00264 0.22064 0.97537 -0.0021 0.22055 0.97528 0.00314 0.22097 0.9752 0.00109 0.22133 0.97521 0.00138 0.2213 0.97631 0.00032 0.21637 0.97643 0.00036 0.21583 0.97657 0.0004 0.2152 0.97547 1E-05 0.22015 0.97675 -0 0.21437 0.97864 2E-05 0.20558 0.98139 -0.00158 0.19201 0.97681 0.00243 0.21408 0.97704 0.00225 0.21305 0.97717 0.00214 0.21244 0.97727 0.00206 0.212 0.97735 0.002 0.21164 0.97748 0.0019 0.21103 0.9776 0.00181 0.21046 0.97768 0.00175 0.21011 0.97775 0.00169 0.20974 0.97786 0.00161 0.20924 0.97791 0.00158 0.20902 0.97799 0.00152 0.20865 0.97805 0.00148 0.20836 0.97813 0.00142 0.20799 0.97823 0.00135 0.20752 0.97835 0.00127 0.20695 0.97835 0.00126 0.20693 0.97846 0.00119 0.20645 0.97861 0.00109 0.20572 0.97877 0.00098 0.20496 0.97902 0.00081 0.20377 0.97145 -0.002 0.23722 0.97143 -0.0011 0.23734 0.97075 -0.01948 0.23931 0.97013 -0.02938 0.24079 0.97107 -0.01343 0.23841 0.97122 -0.0102 0.23798 0.97131 -0.00781 0.23767 0.97137 -0.00598 0.23749 0.9714 -0.00489 0.23738 0.97142 -0.00384 0.23732 0.97144 -0.00315 0.23728 0.97144 -0.0026 0.23728 0.97144 -0.00197 0.23728 0.97144 -0.00033 0.23728 0.97144 -0.00072 0.23728 0.97144 -0.00106 0.23728 0.97145 -0.00145 0.23726 0.97165 -0.00376 0.23641 0.90641 -0.31972 0.27602 0.96761 -0.05935 0.24538 0.97414 0 0.22596 0.97406 -0 0.22627 0.97403 -0 0.22643 0.97397 -1E-05 0.22666 0.97391 -1E-05 0.22695 0.97384 -2E-05 0.22722 0.97378 -3E-05 0.22748 0.97371 -4E-05 0.22778 0.97364 -5E-05 0.2281 0.97356 -7E-05 0.22842 0.97349 -9E-05 0.22873 0.9734 -0.00011 0.22911 0.97334 -0.00013 0.22939 0.97326 -0.00016 0.22971 0.97169 -0.00072 0.23624 0.97159 -0.00547 0.2366 0.97054 -0.00244 0.24094 0.9703 -0.00279 0.24188 0.97258 0.00088 0.23257 0.96982 -0.00025 0.24383 0.96965 -0.00032 0.2445 0.96894 -0.00069 0.2473 0.96947 -0.0012 0.24521 0.86226 0.48625 0.14166 0.9677 0.06982 0.24224 0.968 0.03286 0.24878 0.96729 0.00223 0.25367 0.968 0.01803 0.25032 0.96779 0.01235 0.25145 0.96768 0.00945 0.25202 0.96759 0.00709 0.25243 0.96754 0.00578 0.25265 0.9675 0.0045 0.25283 0.96748 0.0037 0.25292 0.96746 0.00291 0.253 0.96745 0.00237 0.25304 0.96745 0.00183 0.25306 0.96745 0.00136 0.25306 0.96744 -0.00138 0.25309 0.96745 0.00101 0.25306 0.96746 0.00078 0.25304 0.96744 0.00147 0.2531 0.96745 0.00103 0.25307 0.96745 -0.00095 0.25306 0.96745 -0.00066 0.25306 0.96745 -0.00031 0.25307 0.96745 -0.00027 0.25306 0.96745 -0 0.25306 0.96745 0.00031 0.25306 0.96745 0.00031 0.25306 0.96745 0.00094 0.25306 0.96697 -0.01151 0.25464 0.96716 -0.00855 0.25404 0.96725 -0.00681 0.25373 0.96728 -0.00616 0.25362 0.96735 -0.0049 0.25341 0.96738 -0.00398 0.25328 0.96742 -0.00309 0.25317 0.96747 -0.00101 0.25299 0.96741 -0.00253 0.2532 0.96747 -0.00075 0.25297 0.96742 -0.0023 0.25318 0.96743 -0.00184 0.25313 0.96764 -0.00158 0.25233 0.9659 -0.02558 0.25765 0.96664 -0.01632 0.25563 0.96761 -0.00203 0.25243 0.96759 -0.00254 0.25252 0.96757 -0.00293 0.25258 0.96755 -0.00356 0.25266 0.96753 -0.00425 0.25273 0.96751 -0.00468 0.25278 0.96609 -0.00031 0.25822 0.96619 -0.00036 0.25784 0.96749 -0.00568 0.25285 0.96757 -0.00099 0.25258 0.96889 -0.00295 0.24748 0.96576 0.00183 0.25942 0.96925 -0.001 0.24607 0.96941 -0.00114 0.24545 0.96533 -7E-05 0.26104 0.96602 -0.00029 0.25847 0.96594 -0.00025 0.25878 0.96585 -0.00022 0.2591 0.96576 -0.00019 0.25943 0.96567 -0.00016 0.25977 0.96562 -0.00014 0.25997 0.96552 -0.00011 0.26032 0.96546 -0.0001 0.26056 0.96539 -8E-05 0.26081 0.96523 -5E-05 0.26141 0.96514 -3E-05 0.26175 0.96508 -2E-05 0.26197 0.96499 -2E-05 0.26229 0.96497 -1E-05 0.26238 0.96487 -1E-05 0.26271 0.96484 0 0.26284 0.96487 0 0.26273 0.96494 0 0.26247 0.96502 1E-05 0.26219 0.96508 1E-05 0.26195 0.96517 1E-05 0.26162 0.96526 2E-05 0.2613 0.96533 2E-05 0.26103 0.9654 3E-05 0.26076 0.96715 0.00017 0.25422 0.92034 0.32684 0.21482 0.96726 0.00543 0.25374 0.96721 0.00372 0.25394 0.96857 0.0008 0.24874 0.96869 0.00085 0.24826 0.96887 0.00093 0.24759 0.97147 0.00231 0.23717 0.97145 0.00183 0.23723 0.97145 0.00142 0.23726 0.97144 0.00101 0.23728 0.97144 0.0006 0.23728 0.97144 0.00034 0.23728 0.97144 0.00027 0.23728 0.97144 0 0.23728 0.97144 -0.00032 0.23728 0.96898 0.00098 0.24715 0.96905 0.00102 0.24685 0.96575 -0.00059 0.25946 0.96929 0.00034 0.24593 0.96943 0.00038 0.24538 0.96947 0.00036 0.24523 0.97306 -0.00066 0.23056 0.96959 0.00126 0.24472 0.96969 0.0012 0.24433 0.97173 0.01121 0.23583 0.97163 0.00853 0.23637 0.97155 0.00641 0.23673 0.97155 0.00618 0.23677 0.9715 0.00494 0.23697 0.97148 0.00399 0.23709 0.9714 0.0011 0.23743 0.97149 0.00319 0.23705 0.97147 0.00262 0.23713 0.97127 0.00179 0.23798 0.97218 0.02481 0.23293 0.9719 0.01598 0.23487 0.97129 0.00216 0.23791 0.97131 0.00268 0.23782 0.97132 0.00321 0.23774 0.97134 0.00386 0.23766 0.97135 0.00452 0.23759 0.97137 0.00549 0.2375 0.97273 0.00013 0.23195 0.97124 0.00039 0.2381 0.97138 0.02257 0.23646 0.9728 0.00011 0.23165 0.97286 0.00011 0.23141 0.97291 0.0001 0.2312 0.97295 9E-05 0.231 0.97304 8E-05 0.23065 0.97315 6E-05 0.23019 0.97319 6E-05 0.23001 0.97327 5E-05 0.22967 0.97334 4E-05 0.22938 0.97341 3E-05 0.22907 0.97347 3E-05 0.22882 0.97354 2E-05 0.2285 0.97404 0 0.22638 0.97364 2E-05 0.22811 0.9737 1E-05 0.22783 0.97378 1E-05 0.22749 0.97397 0 0.22668 0.97385 1E-05 0.2272 0.97389 0 0.22703 0.97394 0 0.22681 0.97523 0.0032 0.22119 0.97525 -0 0.22112 0.97412 -0 0.22604 0.97409 0 0.22617 0.96477 -0 0.26308 0.96474 -0 0.26322 0.96296 -0 0.26963 0.96429 -0.00138 0.26486 0.95828 0.00451 0.28578 0.96252 -0.00661 0.27113 0.96237 -0.0062 0.27168 0.9622 -0.00575 0.27228 0.962 -0.00523 0.27299 0.96186 -0.00485 0.2735 0.96162 -0.00424 0.27434 0.96141 -0.0037 0.27509 0.96123 -0.00325 0.27572 0.96093 -0.0025 0.27678 0.96069 -0.00189 0.27763 0.95931 -0 0.28235 0.96024 0.00084 0.27918 0.96112 0.00165 0.27614 0.96155 0.00206 0.27461 0.96199 0.00247 0.27308 0.96233 0.0028 0.27186 0.96263 0.00308 0.27082 0.96286 0.0033 0.27 0.96298 0.00342 0.26956 0.96377 1E-05 0.26675 0.96463 0 0.2636 0.96473 0 0.26323 0.96319 0.00363 0.26879 0.96336 0.00379 0.26818 0.95556 -0.00357 0.29477 0.95999 -0.00062 0.28002 0.97945 0.0005 0.20167 0.98342 0 0.18136 0.98321 3E-05 0.18249 0.98636 -7E-05 0.1646 0.98599 6E-05 0.1668 0.9886 -2E-05 0.15055 0.98844 0 0.15161 0.99008 0.00353 0.14046 0.99143 0.00119 0.13061 0.96025 -0.00083 0.27914 0.95982 0.0002 0.28062 0.95317 -6E-05 0.30243 0.95255 -0 0.30439 0.95032 -0 0.31127 0 2E-05 1 1E-05 -0 1 1E-05 -0 1 1E-05 -0 1 1E-05 -0 1 0 -0 1 0 -1E-05 1 0 -1E-05 1 0 -1E-05 1 0 -1E-05 1 0.00019 -0.00051 1 1E-05 0 1 1E-05 -0 1 0 -0 1 1E-05 0 1 -0.96474 0 0.26322 -0.96477 -0 0.26308 -0.96487 -1E-05 0.26271 -0.96497 -1E-05 0.26238 -0.96499 -2E-05 0.26229 -0.96508 -2E-05 0.26197 -0.96514 -3E-05 0.26175 -0.96523 -5E-05 0.26141 -0.96533 -7E-05 0.26104 -0.96539 -8E-05 0.26081 -0.96546 -0.0001 0.26056 -0.96552 -0.00011 0.26032 -0.96562 -0.00014 0.25997 -0.96567 -0.00016 0.25977 -0.96576 -0.00019 0.25943 -0.96585 -0.00022 0.2591 -0.96743 -0.0088 0.25298 -0.96745 -0.00739 0.25294 -0.96748 -0.00626 0.25288 -0.96749 -0.00568 0.25285 -0.96751 -0.00468 0.25278 -0.96753 -0.00425 0.25273 -0.96755 -0.00356 0.25266 -0.96757 -0.00293 0.25258 -0.96759 -0.00254 0.25252 -0.96761 -0.00203 0.25243 -0.96764 -0.00158 0.25233 -0.96747 -0.00101 0.25299 -0.96742 -0.00309 0.25317 -0.96738 -0.00398 0.25328 -0.96735 -0.0049 0.25341 -0.96728 -0.00616 0.25362 -0.96725 -0.00681 0.25373 -0.96716 -0.00855 0.25404 -0.96697 -0.01151 0.25464 -0.96664 -0.01632 0.25563 -0.9659 -0.02558 0.25765 -0.96745 -0.00095 0.25306 -0.96745 -0.00066 0.25306 -0.96744 -0.00138 0.25309 -0.96743 -0.00184 0.25313 -0.96747 -0.00075 0.25299 -0.96742 -0.0023 0.25317 -0.96741 -0.00253 0.2532 -0.96907 -0.00087 0.24679 -0.96575 0.00166 0.25946 -0.96752 -0.00091 0.2528 -0.96594 -0.00025 0.25878 -0.96925 -0.00102 0.24607 -0.96941 -0.00116 0.24546 -0.96943 -0.00118 0.24538 -0.96947 -0.00114 0.24521 -0.96968 -0.00096 0.24439 -0.97306 0.00188 0.23056 -0.97005 -0.00318 0.24287 -0.9703 -0.00279 0.24188 -0.97334 -0.00013 0.22939 -0.97326 -0.00016 0.22971 -0.9734 -0.00011 0.22911 -0.97349 -9E-05 0.22873 -0.97356 -7E-05 0.22842 -0.97364 -5E-05 0.2281 -0.97371 -4E-05 0.22778 -0.97378 -3E-05 0.22748 -0.97384 -2E-05 0.22722 -0.97391 -1E-05 0.22695 -0.97397 -1E-05 0.22666 -0.97403 -0 0.22643 -0.97406 -0 0.22627 -0.97414 0 0.22596 -0.97412 0 0.22604 -0.97409 0 0.22617 -0.97404 0 0.22638 -0.97397 0 0.22668 -0.97394 0 0.22681 -0.97389 0 0.22703 -0.97385 1E-05 0.2272 -0.97378 1E-05 0.22749 -0.9737 1E-05 0.22783 -0.97364 2E-05 0.22811 -0.97354 2E-05 0.2285 -0.97347 3E-05 0.22882 -0.97341 3E-05 0.22907 -0.97334 4E-05 0.22938 -0.97327 5E-05 0.22967 -0.97319 6E-05 0.23001 -0.97315 6E-05 0.23019 -0.97304 8E-05 0.23065 -0.97295 9E-05 0.231 -0.97291 0.0001 0.2312 -0.97286 0.00011 0.23141 -0.97137 0.00549 0.2375 -0.97138 0.02257 0.23646 -0.97134 0.00737 0.2376 -0.97135 0.00452 0.23759 -0.97134 0.00386 0.23766 -0.97132 0.00321 0.23774 -0.97131 0.00268 0.23782 -0.97129 0.00216 0.23791 -0.97127 0.00179 0.23798 -0.9715 0.00494 0.23697 -0.97155 0.00618 0.23677 -0.97155 0.00641 0.23673 -0.97163 0.00853 0.23637 -0.97173 0.01121 0.23583 -0.9719 0.01598 0.23487 -0.97218 0.02481 0.23293 -0.9728 0.00011 0.23165 -0.97128 0.00037 0.23795 -0.97258 -0.00033 0.23257 -0.97145 -0.002 0.23722 -0.97145 -0.00145 0.23726 -0.97144 -0.00106 0.23728 -0.97144 -0.00072 0.23728 -0.97144 -0.00033 0.23728 -0.97144 -0.00032 0.23728 -0.97144 0 0.23728 -0.97144 0.00027 0.23728 -0.97144 0.00034 0.23728 -0.97144 0.0006 0.23728 -0.97144 0.00101 0.23728 -0.97145 0.00142 0.23726 -0.97145 0.00183 0.23723 -0.97147 0.00231 0.23717 -0.97147 0.00262 0.23713 -0.97142 0.00107 0.23735 -0.97146 0.00309 0.2372 -0.97148 0.00399 0.23709 -0.96898 0.00098 0.24715 -0.96965 0.0001 0.24451 -0.96957 0.00012 0.24481 -0.96894 0.00022 0.2473 -0.96947 0.00038 0.24523 -0.96576 -0.00065 0.25942 -0.96926 0.00112 0.24605 -0.96905 0.00102 0.24685 -0.96727 0.00645 0.25366 -0.96717 0.00018 0.25414 -0.96869 0.00085 0.24826 -0.96887 0.00093 0.24759 -0.96552 4E-05 0.26035 -0.9654 3E-05 0.26076 -0.96533 2E-05 0.26103 -0.96526 2E-05 0.2613 -0.96517 1E-05 0.26162 -0.96508 1E-05 0.26195 -0.96502 1E-05 0.26219 -0.96494 0 0.26247 -0.96487 0 0.26273 -0.97143 -0.0011 0.23734 -0.97144 -0.00197 0.23728 -0.97144 -0.0026 0.23728 -0.97144 -0.00315 0.23728 -0.97142 -0.00384 0.23732 -0.9714 -0.00489 0.23738 -0.97137 -0.00598 0.23749 -0.97131 -0.00781 0.23767 -0.97122 -0.0102 0.23798 -0.97107 -0.01343 0.23841 -0.97075 -0.01948 0.23931 -0.97013 -0.02938 0.24079 -0.97054 -0.00244 0.24094 -0.97075 -0.00212 0.24008 -0.97174 -0.0007 0.23605 -0.97165 -0.00376 0.23641 -0.90641 -0.31972 0.27602 -0.96761 -0.05935 0.24538 -0.96745 0.00103 0.25307 -0.96745 0.00094 0.25306 -0.96745 0.00031 0.25306 -0.96745 -0.00027 0.25307 -0.96745 -0.00031 0.25306 -0.96745 0 0.25306 -0.96745 0.00031 0.25306 -0.96744 0.00147 0.2531 -0.96746 0.00078 0.25304 -0.96745 0.00101 0.25306 -0.96745 0.00136 0.25306 -0.96745 0.00183 0.25306 -0.96745 0.00237 0.25304 -0.96746 0.00291 0.253 -0.96748 0.0037 0.25292 -0.9675 0.0045 0.25283 -0.96754 0.00578 0.25265 -0.96759 0.00709 0.25243 -0.96768 0.00945 0.25202 -0.96726 0.00543 0.25374 -0.96721 0.00372 0.25394 -0.86226 0.48625 0.14166 -0.96779 0.01235 0.25145 -0.968 0.01803 0.25032 -0.96729 0.00223 0.25367 -0.968 0.03286 0.24878 -0.9677 0.06982 0.24224 -0.97533 -0.00326 0.22074 -0.97535 -0.00264 0.22064 -0.97537 -0.0021 0.22055 -0.9754 -0.00159 0.22044 -0.97525 -0.00097 0.22111 -0.9752 -0.00316 0.22132 -0.97516 -0.00408 0.22145 -0.97512 -0.00507 0.2216 -0.97507 -0.00628 0.22182 -0.97505 -0.00669 0.2219 -0.97493 -0.00887 0.22231 -0.97476 -0.01184 0.22295 -0.97442 -0.01698 0.22408 -0.97373 -0.02622 0.22621 -0.97523 -0.00102 0.2212 -0.97523 -0.00062 0.2212 -0.97522 -0.00136 0.22122 -0.97521 -0.00189 0.22126 -0.97525 -0.00063 0.22111 -0.9752 -0.0024 0.22131 -0.97519 -0.0026 0.22134 -0.97542 0 0.22034 -0.97664 -0.00134 0.21486 -0.97547 3E-05 0.22015 -0.97679 -0 0.21421 -0.97689 -0 0.21372 -0.97824 -0.00414 0.20744 -0.97693 -1E-05 0.21355 -0.97704 -2E-05 0.21304 -0.97864 -0.00028 0.20558 -0.97727 -0.00248 0.212 -0.98138 0.00406 0.19201 -0.9777 -0.00541 0.20996 -0.97799 -0.00472 0.20862 -0.97849 -0.00358 0.20628 -0.97873 -0.00305 0.20514 -0.979 -0.00246 0.20383 -0.97915 -0.00216 0.20314 -0.97936 -0.00171 0.20212 -0.97981 -0.00076 0.19993 -0.97945 0.0005 0.20167 -0.97902 0.00081 0.20377 -0.97877 0.00098 0.20496 -0.97861 0.00109 0.20572 -0.97846 0.00119 0.20645 -0.97835 0.00126 0.20693 -0.97835 0.00127 0.20695 -0.97823 0.00135 0.20752 -0.97813 0.00142 0.20799 -0.97805 0.00148 0.20836 -0.97799 0.00152 0.20865 -0.97791 0.00158 0.20902 -0.97786 0.00161 0.20924 -0.97775 0.00169 0.20974 -0.97768 0.00175 0.21011 -0.9776 0.00181 0.21046 -0.98139 -0.0012 0.19201 -0.97739 0.00073 0.21143 -0.97728 0.00078 0.21194 -0.97722 0.00081 0.21221 -0.97715 0.00085 0.21255 -0.97823 0.0003 0.20753 -0.97704 9E-05 0.21305 -0.97503 -0.00021 0.22207 -0.97688 0.00052 0.21379 -0.97672 0.00046 0.21452 -0.97657 0.0004 0.2152 -0.97643 0.00036 0.21583 -0.9753 0 0.2209 -0.97521 0.00498 0.22122 -0.97523 0.0032 0.22119 -0.97521 0.00108 0.22126 -0.97524 0.00305 0.22111 -0.97521 0.00138 0.2213 -0.97522 0.00205 0.22123 -0.97523 -0.00027 0.2212 -0.97523 -0.00034 0.2212 -0.97523 0 0.2212 -0.97523 0.00032 0.2212 -0.97523 0.00032 0.2212 -0.97523 0.00076 0.2212 -0.97523 0.00104 0.2212 -0.97523 0.0014 0.22117 -0.97524 0.00194 0.22113 -0.97525 0.00242 0.22107 -0.96484 0 0.26284 -0.96473 0 0.26323 -0.96296 0 0.26963 -0.9645 0.00052 0.26409 -0.95829 -0.00145 0.28578 -0.96359 0.00307 0.26735 -0.96345 0.00294 0.26789 -0.96326 0.00278 0.26855 -0.96316 0.00269 0.26893 -0.96296 0.00252 0.26964 -0.9627 0.0023 0.27057 -0.9624 0.00205 0.27163 -0.96203 0.00173 0.27295 -0.96162 0.00139 0.27439 -0.96076 0 0.27738 -0.9611 -0.00067 0.2762 -0.96151 -0.00148 0.27478 -0.96173 -0.00193 0.27399 -0.962 -0.00248 0.27304 -0.96215 -0.00278 0.27252 -0.96234 -0.00317 0.27184 -0.96254 -0.00359 0.27113 -0.96266 -0.00385 0.2707 -0.96283 -0.00422 0.27008 -0.96296 -0.00451 0.26959 -0.96309 -0.0048 0.26912 -0.96464 0 0.26357 -0.96377 -2E-05 0.26675 -0.95999 0.00193 0.28002 -0.95032 0 0.31127 -0.95032 0 0.31127 -0.95408 0 0.29956 -0.95317 -0.00016 0.30243 -0.96019 0.00023 0.27936 -0.96081 0.00073 0.27721 -0.98017 0 0.19814 -0.98342 0 0.18136 -0.98321 -3E-05 0.18249 -0.98636 7E-05 0.1646 -0.98599 -6E-05 0.16679 -0.9886 2E-05 0.15055 -0.98844 0 0.15161 -0.99009 0 0.14046 -0.99008 0 0.14048 -0.99143 -0 0.13061 -0.9925 -0.00011 0.12228 -0.99311 8E-05 0.11715 -0.99407 0 0.10872 -1E-05 -0 -1 -0 -0 -1 -0 -0 -1 -0 0 -1 -0 0 -1 -0 0 -1 -0 0 -1 -0 0 -1 -0 0 -1 -0 0 -1 -0 0 -1 -0 -0 -1 -0 -0 -1 -0 -0 -1 -2E-05 0 -1 -0 -0 -1 -0 0 -1 -0 0 -1 -0 0 -1 -2E-05 0 -1 -0 -0 -1 -0 -0 -1 -2E-05 -0 -1 -0 0 -1 -0 0 -1 -1E-05 0 -1 -0 0 -1 -0 -0 -1 -0 -0 -1 -2E-05 1E-05 -1 -1E-05 0 -1 -0 0 -1 -0 -0 -1 -0 -0 -1 -2E-05 -0 -1 -0 0 -1 -0 0 -1 -0 -0 -1 -1E-05 0 -1 -0 -0 -1 -0 0 -1 -0 0 -1 -2E-05 -0 -1 -0 0 -1 -0 0 -1 -0 -0 -1 -0 -0 -1 -1E-05 1E-05 -1 -0 -0 -1 -0 -0 -1 -0 -0 -1 -2E-05 0 -1 -0 -0 -1 -0 -0 -1 0 -0 -1 -0 0 -1 -0 -0 -1 -0 -0 -1 -0 0 -1 -1E-05 -0 -1 -0 0 -1 -0 0 -1 -1E-05 -0 -1 -2E-05 0 -1 0 -0 -1 0 -0 -1 -0 -0 -1 -0 -0 -1 -0 0 -1 -1E-05 -0 -1 -0 0 -1 0 0 -1 0 0 -1 -1E-05 -0 -1 -0 -0 -1 -1E-05 0 -1 -0 -0 -1 0 0 -1 0 0 -1 0.03071 -0.9921 -0.12167 0.09957 0.95174 -0.29031 0.04238 -0.99415 -0.09931 0.67261 -0.20421 -0.71126 0.04174 -0.99819 -0.04339 0.04602 -0.99764 -0.05086 0.53924 0.56323 -0.6261 0.01704 0.99967 -0.01902 0.02957 -0.2914 -0.95614 0.14004 -0.2904 -0.9466 0.14015 -0.2875 -0.94747 0.25471 -0.28408 -0.92435 0.60388 -0.23307 -0.76224 0.56035 -0.23747 -0.79348 0.55901 -0.24698 -0.79152 0.45825 -0.25648 -0.85101 0.45705 -0.26607 -0.84871 0.3768 -0.27239 -0.88534 0.11235 0.95074 -0.28892 -0.32684 -0.06964 -0.94251 -0.74253 -0.0878 -0.66403 -0.75644 -0.1696 -0.63169 0.60613 -0.21739 -0.76508 0.6565 -0.20636 -0.72555 0.56166 -0.22804 -0.79532 0.46836 -0.24283 -0.84951 0.45991 -0.2429 -0.8541 0.38213 -0.25534 -0.88813 0.37862 -0.25542 -0.88961 0.33077 -0.2591 -0.90744 0.27072 -0.26545 -0.92534 0.25609 -0.26509 -0.92959 0.13449 -0.27172 -0.95293 0.1408 -0.27221 -0.95188 0.02983 -0.27252 -0.96169 -0.00232 -0.27611 -0.96112 -0.02006 -0.27405 -0.96151 -0.11094 -0.27286 -0.95563 -0.08776 -0.27824 -0.9565 -0.22384 -0.26621 -0.93757 -0.20897 -0.26938 -0.94009 -0.30981 -0.26474 -0.9132 -0.35612 -0.25642 -0.89857 -0.67395 -0.20113 -0.71087 -0.61753 -0.2113 -0.75763 -0.59548 -0.2199 -0.77269 -0.55005 -0.23103 -0.80254 -0.54001 -0.23369 -0.80856 -0.48463 -0.24084 -0.84091 -0.47256 -0.24427 -0.84677 -0.39472 -0.2559 -0.88245 -0.79003 -0.10534 -0.60395 -0.75915 -0.15144 -0.63305 -0.723 -0.10732 -0.68246 -0.65836 -0.08129 -0.7483 -0.65859 -0.0781 -0.74844 -0.69087 -0.08576 -0.71788 -0.6914 -0.07735 -0.71832 -0.71208 -0.08808 -0.69655 -0.55945 -0.08094 -0.8249 -0.55956 -0.07902 -0.82501 -0.58263 -0.0864 -0.80813 -0.61308 -0.08384 -0.78556 -0.61229 -0.0955 -0.78484 -0.64622 -0.08642 -0.75825 -0.64941 -0.08487 -0.75568 -0.50705 -0.09503 -0.85666 -0.56866 -0.085 -0.81817 -0.5062 -0.08071 -0.85863 -0.51082 -0.07812 -0.85613 -0.5112 -0.07784 -0.85593 -0.35788 -0.07053 -0.9311 -0.38537 -0.06764 -0.92028 -0.38519 -0.06776 -0.92034 -0.18013 -0.07403 -0.98085 -0.19153 -0.07381 -0.97871 -0.20404 -0.07343 -0.9762 -0.21947 -0.07278 -0.9729 -0.2398 -0.07153 -0.96818 -0.23608 -0.07186 -0.96907 -0.28212 -0.07256 -0.95663 -0.31908 -0.07055 -0.9451 -0.07006 -0.07094 -0.99502 -0.12484 -0.07574 -0.98928 -0.03177 -0.07683 -0.99654 -0.08953 -0.07217 -0.99337 -0.10356 -0.07289 -0.99195 -0.11663 -0.0734 -0.99046 -0.12773 -0.07373 -0.98907 -0.1341 -0.07387 -0.98821 -0.14045 -0.07399 -0.98732 -0.14984 -0.07411 -0.98593 -0.1598 -0.07416 -0.98436 -0.16991 -0.07413 -0.98267 0.08873 -0.08347 -0.99255 0.11725 -0.08087 -0.9898 -0.01668 -0.08091 -0.99658 0.04421 -0.07293 -0.99636 0.0115 -0.07599 -0.99704 0.23888 -0.08504 -0.96732 0.24186 -0.08341 -0.96672 0.38394 -0.09852 -0.91809 0.38398 -0.09773 -0.91815 0.3458 -0.0999 -0.93298 0.35369 -0.09545 -0.93048 0.27723 -0.09556 -0.95604 0.24156 -0.09863 -0.96536 0.17238 -0.09915 -0.98003 0.17251 -0.08589 -0.98126 0.18638 -0.08311 -0.97896 0.45274 -0.11039 -0.88478 0.48099 -0.12956 -0.8671 0.50421 -0.12873 -0.85393 0.63388 -0.19434 -0.74861 0.63275 -0.16749 -0.75602 0.54345 -0.18867 -0.81796 0.60313 -0.14916 -0.78357 0.44615 -0.16746 -0.87915 0.41368 -0.17277 -0.89388 0.36256 -0.17527 -0.91533 0.33436 -0.17947 -0.9252 0.25528 -0.18231 -0.94952 0.23403 -0.1851 -0.95445 0.12593 -0.18721 -0.97421 0.11519 -0.18842 -0.97531 -0.00775 -0.18865 -0.98201 -0.01191 -0.18945 -0.98182 -0.11766 -0.18835 -0.97503 -0.12109 -0.18897 -0.97449 -0.22564 -0.18634 -0.95623 -0.25834 -0.18843 -0.9475 0.45765 -0.10763 -0.8826 0.45066 -0.1093 -0.88598 0.38197 -0.1114 -0.91744 0.34531 -0.1158 -0.93132 0.30723 -0.11663 -0.94446 0.27667 -0.12006 -0.95343 0.21409 -0.12101 -0.96929 0.31248 -0.10991 -0.94354 0.10568 -0.11252 -0.98801 0.08866 -0.11331 -0.9896 -0.01564 -0.11293 -0.99348 -0.01641 -0.11299 -0.99346 -0.12545 -0.11184 -0.98578 -0.12416 -0.11174 -0.98595 -0.25448 -0.10891 -0.96093 -0.23505 -0.10755 -0.96601 -0.37418 -0.10303 -0.92162 -0.32576 -0.09996 -0.94015 -0.46094 -0.09445 -0.88239 -0.38434 -0.08987 -0.91881 -0.39146 -0.08961 -0.91582 -0.40441 -0.06694 -0.91213 -0.68307 -0.0867 -0.72519 -0.69032 -0.07668 -0.71943 -0.68778 -0.11216 -0.71721 -0.73305 -0.0808 -0.67536 -0.7304 -0.11595 -0.67311 -0.7686 -0.08399 -0.63419 -0.64521 -0.09255 -0.75838 -0.64366 -0.11279 -0.75696 -0.57683 -0.08546 -0.81238 -0.57714 -0.08033 -0.81268 -0.55752 -0.08166 -0.82614 -0.77549 -0.14778 -0.61383 -0.70441 -0.16656 -0.68997 -0.70625 -0.15123 -0.69162 -0.60699 -0.16552 -0.77728 -0.6092 -0.14461 -0.77972 -0.49624 -0.15508 -0.85422 -0.53565 -0.1608 -0.82899 -0.4522 -0.16779 -0.87599 -0.39317 -0.17805 -0.90206 -0.38222 -0.17756 -0.90685 -0.30518 -0.18172 -0.93479 -0.64796 -0.10484 -0.75442 -0.72391 -0.09591 -0.6832 -0.68848 -0.13712 -0.71218 -0.64379 -0.14312 -0.7517 -0.64664 -0.11249 -0.75446 -0.56751 -0.13861 -0.81162 -0.57119 -0.09103 -0.81576 0.47262 -0.20296 -0.85758 0.44283 -0.2088 -0.87195 0.38601 -0.21282 -0.89761 0.35975 -0.21745 -0.90736 0.27361 -0.22196 -0.93588 0.25328 -0.22505 -0.94085 0.13586 -0.22854 -0.96401 0.1251 -0.2299 -0.96514 -0.00257 -0.23066 -0.97303 -0.00731 -0.23163 -0.97278 -0.11245 -0.23056 -0.96654 -0.11616 -0.23124 -0.96594 -0.22631 -0.22805 -0.94698 -0.22323 -0.22785 -0.94776 -0.31339 -0.22344 -0.92297 -0.30216 -0.22289 -0.92683 -0.39886 -0.21641 -0.89111 -0.37889 -0.21573 -0.89995 -0.47694 -0.20736 -0.85413 -0.44843 -0.20679 -0.86957 -0.54472 -0.19688 -0.81518 -0.53177 -0.19682 -0.8237 -0.60062 -0.18035 -0.77893 -0.65894 -0.17198 -0.73227 -0.65474 -0.20355 -0.72793 -0.71335 -0.17912 -0.67753 0.55669 -0.22763 -0.79893 0.56147 -0.18714 -0.80606 0.52942 -0.19797 -0.82494 0.53341 -0.15405 -0.83171 0.49804 -0.16429 -0.85145 0.5002 -0.13281 -0.85567 0.41577 -0.13665 -0.89915 0.38073 -0.14149 -0.9138 0.33607 -0.14296 -0.93092 0.30625 -0.14677 -0.94057 0.23517 -0.14845 -0.96055 0.21347 -0.15095 -0.96522 0.11558 -0.15211 -0.98158 0.10549 -0.15314 -0.98256 -0.01235 -0.15301 -0.98815 -0.01516 -0.15353 -0.98803 -0.12226 -0.15239 -0.98073 -0.12433 -0.15275 -0.98041 -0.26053 -0.14929 -0.95385 -0.25276 -0.14799 -0.95614 -0.39591 -0.14191 -0.90726 -0.37219 -0.13814 -0.91782 -0.49826 -0.13086 -0.85709 -0.45906 -0.12474 -0.8796 -0.5099 -0.12159 -0.8516 -0.51274 -0.07638 -0.85514 -0.50814 -0.07663 -0.85786 0.75686 0 -0.65358 0.86569 -6E-05 -0.50058 0.87279 -0.00017 -0.4881 0.87637 -0.00025 -0.48163 0.85362 0.00025 -0.52089 0.87744 -0.00025 -0.47969 0.88955 -1E-05 -0.45683 0.892 0 -0.45203 0.89457 -0 -0.44694 0.896 -0 -0.44406 0.89671 -1E-05 -0.44261 0.89748 -1E-05 -0.44105 0.89812 -2E-05 -0.43976 0.89864 -0 -0.43869 0.89898 -0 -0.43799 0.8986 0 -0.43878 0.89892 0 -0.43811 0.89849 0 -0.439 0.89829 0 -0.4394 0.89782 0 -0.44035 0.89679 0 -0.44245 0.89491 1E-05 -0.44625 0.89336 1E-05 -0.44933 0.88063 -0.00033 -0.47381 0.88364 -0.00042 -0.46817 0.85797 0.00033 -0.51369 0.86604 0.00016 -0.49997 0.88641 -2E-05 -0.46289 0.89181 3E-05 -0.4524 0.88956 1E-05 -0.45682 0.8856 -0 -0.46445 0.87965 1E-05 -0.47562 0.87337 6E-05 -0.48705 0.85791 -0 -0.5138 0.84957 0 -0.52748 0.84991 0 -0.52693 0.82114 0 -0.57072 0.82113 0 -0.57073 0.70067 0 -0.71349 6E-05 0 1 0.68161 0 -0.73171 0.65028 0 -0.75969 0.71865 0 -0.69537 0.72381 0 -0.69 0.64364 0 -0.76533 0.51932 0 -0.85458 0.42077 0 -0.90717 0.32341 0 -0.94626 0.17257 0 -0.985 0.01651 0 -0.99986 -0.15061 0 -0.98859 -0.30832 0 -0.95128 -0.44699 0 -0.89454 -0.55589 0 -0.83126 -0.61414 -0.00187 -0.78919 -0.61414 -0.00283 -0.78919 -0.63659 0.01136 -0.77112 -0.60546 0 -0.79587 -0.60869 -7E-05 -0.79341 -0.49689 -0 -0.86781 -0.44436 0.00053 -0.89585 -0.50535 6E-05 -0.86291 -0.35038 1E-05 -0.93661 -0.29827 0.00054 -0.95448 -0.31215 0.00043 -0.95003 -0.33936 0.00022 -0.94066 -0.37022 9E-05 -0.92894 -0.39183 2E-05 -0.92004 -0.41604 0 -0.90935 -0.14694 0.00095 -0.98915 -0.14957 0.00091 -0.98875 -0.15116 0.00089 -0.98851 -0.1531 0.00086 -0.98821 -0.15626 0.00082 -0.98772 -0.16015 0.00076 -0.98709 -0.16458 0.0007 -0.98636 -0.1718 0.00061 -0.98513 -0.18229 0.00049 -0.98324 -0.20074 0.00031 -0.97964 -0.2198 0.00018 -0.97554 -0.23846 8E-05 -0.97115 -0.26772 -0 -0.9635 -0.06437 9E-05 -0.99793 -0.07264 0.00017 -0.99736 -0.0856 0.00033 -0.99633 -0.1442 0.001 -0.98955 -0.20495 1E-05 -0.97877 -0.14177 -0 -0.9899 -0.13277 1E-05 -0.99115 -0.13611 0 -0.99069 -0.13915 0 -0.99027 -0.09718 0.00053 -0.99527 -0.10913 0.00075 -0.99403 -0.08409 0.0002 -0.99646 -0.12214 3E-05 -0.99251 -0.12834 2E-05 -0.99173 0.00335 0.00132 -0.99999 0.00352 0.0017 -0.99999 0.00381 0.00204 -0.99999 0.0041 0.00232 -0.99999 0.00459 0.00272 -0.99999 0.00513 0.00309 -0.99998 0.00586 0.00355 -0.99998 0.00762 0.00452 -0.99996 0.00959 0.00544 -0.99994 0.01093 0.00605 -0.99992 0.01373 0.00724 -0.99988 0.01827 0.009 -0.99979 -0.00641 0 -0.99998 -0.0335 0.0012 -0.99944 -0.00683 0 -0.99998 -0.04239 -0 -0.9991 -0.0524 1E-05 -0.99863 0.00409 0 -0.99999 0.03229 0 -0.99948 0.03178 0 -0.99949 1E-05 0 1 0 -0 1 0 -0 1 0 -0 1 0 -0 1 0 -0 1 0 0 1 0 0 1 2E-05 -0 1 0 0 1 0 0 1 0 0 1 0 0 1 1E-05 0 1 1E-05 0 1 1E-05 -0 1 0 -0 1 0 -0 1 0 -0 1 0 -0 1 0 -0 1 2E-05 0 1 0 -0 1 0 -0 1 0 0 1 0 -0 1 1E-05 0 1 1E-05 0 1 0 0 1 0 0 1 0 0 1 1E-05 -0 1 0 0 1 0 0 1 -0 0 1 2E-05 0 1 0 -0 1 0 -0 1 -0 0 1 2E-05 -0 1 -0 0 1 0 0 1 -0 0 1 -0 0 1 1E-05 0 1 -0 -0 1 0 -0 1 0 0 1 0 0 1 1E-05 -1E-05 1 0 0 1 0 0 1 0 0 1 0 0 1 0 0 1 2E-05 -0 1 1E-05 1E-05 1 0 -0 1 0 -0 1 -0 0 1 1E-05 -0 1 0 0 1 0 0 1 0 0 1 0 0 1 1E-05 -1E-05 1 0 0 1 0 0 1 0 0 1 0 -0 1 0 -0 1 0 -0 1 0 -0 1 0 0 1 0 -0 1 1E-05 -0 1 -0 0 1 -0 0 1 0 0 1 0 0 1 0 -0 1 1E-05 0 1 1E-05 0 1 -0.98539 0.07845 0.15114 -0.97837 0.07845 0.19142 -0.96958 0.07846 0.23185 -0.96 0.07846 0.2688 -0.91826 0.25751 0.3008 -0.78967 0.5563 0.25876 -0.57568 0.7956 0.18872 -0.07453 0.99692 0.02446 -0.98096 0.15592 0.11578 -0.99299 0.01597 0.11713 -0.99004 0.07846 0.1169 -0.98588 0.11904 0.11774 -0.99126 0.06043 0.11723 -0.96567 0.23343 0.11399 -0.95549 0.27201 0.11425 -0.97344 0.19797 0.115 -0.82755 0.55244 0.09986 -0.86775 0.48622 0.10295 -0.91746 0.38266 0.10882 -0.89549 0.43176 0.10812 -0.92332 0.36812 0.10937 -0.84667 0.52248 0.10079 -0.75505 0.64945 0.09003 -0.75652 0.64771 0.09029 -0.64481 0.7604 0.0775 -0.64589 0.75947 0.07768 -0.51881 0.8526 0.06256 -0.52844 0.84654 0.06419 -0.37995 0.92387 0.0458 -0.38903 0.92001 0.04738 -0.2317 0.97238 0.02827 -0.23446 0.9717 0.02875 -0.07785 0.99692 0.00961 -0.07257 0.99732 0.00931 -0.15085 0.98838 0.0185 -0.0791 0.99651 0.02649 -0.22193 0.97238 0.07232 -0.23383 0.96918 0.07758 -0.49656 0.8526 0.16277 -0.51395 0.8416 0.16601 -0.44958 0.88099 0.14742 -0.36364 0.92388 0.11924 -0.37988 0.91689 0.1225 -0.3184 0.94221 0.1042 -0.72258 0.64948 0.23676 -0.74744 0.61945 0.24003 -0.6981 0.67846 0.2288 -0.61715 0.76041 0.20225 -0.64581 0.73492 0.20694 -0.60608 0.77056 0.19725 -0.87797 0.3827 0.2876 -0.8992 0.33007 0.28722 -0.86995 0.40244 0.28501 -0.81028 0.52248 0.26545 -0.83984 0.47222 0.26771 -0.82044 0.50654 0.26515 -0.93538 0.18735 0.29993 -0.92429 0.23343 0.302 -0.94584 0.09467 0.31052 -0.94773 0.07846 0.30927 -0.95027 0.01021 0.31125 -0.95023 0.07845 0.30149 -0.95023 0.07846 0.30149 -0.92684 0.23344 0.29407 -0.92684 0.23342 0.29407 -0.88062 0.38268 0.27941 -0.88061 0.38269 0.27941 -0.81273 0.52247 0.25787 -0.81273 0.52247 0.25787 -0.72478 0.64947 0.22996 -0.72478 0.64947 0.22996 -0.61904 0.7604 0.19641 -0.61904 0.7604 0.19641 -0.4981 0.8526 0.15804 -0.49809 0.8526 0.15804 -0.36478 0.92387 0.11574 -0.36478 0.92387 0.11574 -0.22249 0.97238 0.07059 -0.22249 0.97238 0.07059 -0.07477 0.99692 0.02372 -0.07477 0.99692 0.02372 -0.95534 0.07846 0.2849 -0.95534 0.07845 0.2849 -0.93182 0.23343 0.27789 -0.93182 0.23343 0.27789 -0.88536 0.38265 0.26403 -0.88535 0.38267 0.26403 -0.81709 0.52248 0.24367 -0.8171 0.52246 0.24368 -0.7287 0.64945 0.21731 -0.72868 0.64946 0.21731 -0.62238 0.76039 0.18561 -0.62238 0.76039 0.18561 -0.50078 0.8526 0.14934 -0.50078 0.85259 0.14934 -0.36675 0.92387 0.10937 -0.36675 0.92387 0.10937 -0.22369 0.97237 0.06671 -0.22369 0.97237 0.06671 -0.07517 0.99692 0.02242 -0.07517 0.99692 0.02242 -0.96279 0.07848 0.25862 -0.95085 0.16505 0.262 -0.93744 0.23342 0.2583 -0.93744 0.23343 0.2583 -0.89069 0.38267 0.24542 -0.8907 0.38265 0.24542 -0.82202 0.52247 0.2265 -0.82202 0.52248 0.2265 -0.73309 0.64945 0.20199 -0.73309 0.64944 0.20199 -0.62613 0.76039 0.17252 -0.62613 0.76039 0.17252 -0.5038 0.85259 0.13882 -0.5038 0.8526 0.13882 -0.36896 0.92387 0.10166 -0.36896 0.92387 0.10166 -0.22504 0.97237 0.06201 -0.22504 0.97237 0.06201 -0.07562 0.99692 0.02084 -0.07562 0.99692 0.02084 -0.96595 0.07846 0.24654 -0.96595 0.07847 0.24654 -0.94217 0.23343 0.24047 -0.94217 0.23342 0.24047 -0.89519 0.38267 0.22848 -0.89519 0.38267 0.22848 -0.82617 0.52248 0.21086 -0.82617 0.52248 0.21086 -0.73677 0.64947 0.18805 -0.73678 0.64946 0.18805 -0.62929 0.76039 0.16061 -0.62928 0.7604 0.16061 -0.50633 0.8526 0.12923 -0.50634 0.8526 0.12923 -0.37081 0.92387 0.09464 -0.37081 0.92387 0.09464 -0.22617 0.97237 0.05773 -0.22618 0.97237 0.05773 -0.076 0.99692 0.0194 -0.076 0.99692 0.0194 -0.97203 0.07845 0.22138 -0.9606 0.1622 0.22569 -0.9466 0.23344 0.2224 -0.9466 0.23343 0.2224 -0.8994 0.38266 0.21131 -0.8994 0.38266 0.21131 -0.83006 0.52246 0.19502 -0.83006 0.52247 0.19502 -0.74024 0.64946 0.17392 -0.74024 0.64946 0.17392 -0.63225 0.76039 0.14855 -0.63226 0.76038 0.14855 -0.50872 0.85259 0.11952 -0.50872 0.85259 0.11952 -0.37256 0.92387 0.08753 -0.37256 0.92387 0.08753 -0.22724 0.97237 0.05339 -0.22724 0.97237 0.05339 -0.07636 0.99692 0.01794 -0.07636 0.99692 0.01794 -0.97521 0.07845 0.20689 -0.97521 0.07845 0.20689 -0.95121 0.23342 0.20179 -0.9512 0.23344 0.20179 -0.90378 0.38266 0.19173 -0.90378 0.38266 0.19173 -0.83409 0.52247 0.17695 -0.8341 0.52246 0.17695 -0.74385 0.64944 0.1578 -0.74384 0.64946 0.1578 -0.63533 0.76039 0.13478 -0.63533 0.76039 0.13478 -0.51119 0.8526 0.10845 -0.5112 0.85259 0.10845 -0.37438 0.92387 0.07942 -0.37438 0.92387 0.07942 -0.22835 0.97237 0.04844 -0.22835 0.97237 0.04844 -0.07674 0.99692 0.01628 -0.07674 0.99692 0.01628 -0.98018 0.07846 0.18193 -0.97143 0.14841 0.18521 -0.95517 0.23343 0.18211 -0.95517 0.23343 0.18211 -0.90754 0.38267 0.17303 -0.90754 0.38266 0.17303 -0.83758 0.52246 0.15969 -0.83757 0.52248 0.15969 -0.74694 0.64946 0.14241 -0.74695 0.64945 0.14241 -0.63797 0.76039 0.12163 -0.63797 0.7604 0.12163 -0.51332 0.8526 0.09787 -0.51331 0.8526 0.09787 -0.37594 0.92387 0.07168 -0.37594 0.92387 0.07167 -0.22929 0.97237 0.04372 -0.2293 0.97237 0.04372 -0.07705 0.99692 0.01469 -0.07705 0.99692 0.01469 -0.98295 0.07844 0.16628 -0.98295 0.07845 0.16628 -0.95875 0.23342 0.16219 -0.95875 0.23343 0.16219 -0.91094 0.38267 0.1541 -0.91094 0.38267 0.1541 -0.84072 0.52246 0.14222 -0.84072 0.52246 0.14222 -0.74975 0.64946 0.12683 -0.74975 0.64945 0.12683 -0.64037 0.76039 0.10833 -0.64037 0.76039 0.10833 -0.51525 0.85259 0.08716 -0.51525 0.8526 0.08716 -0.37735 0.92387 0.06383 -0.37736 0.92387 0.06384 -0.23016 0.97237 0.03894 -0.23016 0.97237 0.03893 -0.07734 0.99692 0.01308 -0.07734 0.99692 0.01308 -0.07762 0.99692 0.01135 -0.07762 0.99692 0.01135 -0.23098 0.97237 0.03377 -0.23097 0.97237 0.03377 -0.37869 0.92387 0.05536 -0.3787 0.92386 0.05536 -0.51708 0.85259 0.0756 -0.51708 0.85259 0.0756 -0.64264 0.76039 0.09395 -0.64263 0.76039 0.09395 -0.7524 0.64946 0.11 -0.7524 0.64945 0.11 -0.84369 0.52246 0.12335 -0.84369 0.52247 0.12335 -0.91417 0.38267 0.13365 -0.91417 0.38266 0.13365 -0.96215 0.23342 0.14066 -0.96215 0.23342 0.14066 -0.97615 0.16358 0.14271 -0.98703 0.07847 0.14003 -0.98838 0.07846 0.1302 -0.98838 0.07848 0.13021 -0.96404 0.23344 0.127 -0.96404 0.23343 0.127 -0.91597 0.38267 0.12067 -0.91597 0.38268 0.12067 -0.84534 0.5225 0.11136 -0.84534 0.52249 0.11136 -0.75388 0.64947 0.09931 -0.75387 0.64948 0.09931 -0.64388 0.76041 0.08482 -0.64388 0.76041 0.08482 -0.51808 0.85261 0.06825 -0.51808 0.85261 0.06825 -0.37942 0.92387 0.04998 -0.37942 0.92387 0.04998 -0.23142 0.97238 0.03049 -0.23141 0.97238 0.03049 -0.07777 0.99692 0.01024 -0.07777 0.99692 0.01024 0.95262 0.07846 0.29386 0.96278 0.07845 0.25866 0.97246 0.07846 0.21947 0.98039 0.07847 0.1808 0.98703 0.07847 0.14005 0.65786 0.74954 0.07351 0.37978 0.92387 0.04732 0.23417 0.97175 0.02932 0.2316 0.97237 0.0291 0.0796 0.99678 0.00998 0.07782 0.99692 0.00983 0.64458 0.7604 0.0795 0.58597 0.8071 0.07228 0.5186 0.8526 0.06427 0.51977 0.85187 0.06445 0.38384 0.92217 0.04767 0.71256 0.69714 0.07913 0.75501 0.64946 0.09035 0.76479 0.63865 0.08492 0.81982 0.56543 0.09046 0.84695 0.52249 0.09838 0.86193 0.49806 0.09494 0.89112 0.44304 0.09805 0.91811 0.38268 0.10305 0.92195 0.37371 0.10169 0.95515 0.27709 0.10445 0.96622 0.23345 0.10918 0.97107 0.21307 0.10777 0.99335 0.03705 0.10898 0.99406 0.00496 0.10872 0.99152 0.06796 0.11078 0.98853 0.10031 0.11286 0.99081 0.07845 0.11016 0.98385 0.14299 0.10767 0.97922 0.17218 0.10718 0.94739 0.07846 0.31031 0.94766 0.07608 0.31008 0.92579 0.22533 0.30354 0.92427 0.23343 0.30204 0.90401 0.30829 0.29618 0.87815 0.38269 0.28705 0.87436 0.39134 0.28695 0.81042 0.52249 0.265 0.80364 0.5332 0.26431 0.72285 0.64948 0.23593 0.7172 0.65603 0.23505 0.66481 0.71454 0.21787 0.61746 0.76041 0.20132 0.6005 0.77469 0.19814 0.49692 0.85261 0.16167 0.48606 0.85927 0.15939 0.41755 0.89828 0.13692 0.36408 0.92388 0.1179 0.34888 0.93015 0.11444 0.27374 0.9576 0.08979 0.2223 0.97238 0.07118 0.20148 0.97726 0.06611 0.12403 0.99144 0.0407 0.07508 0.99692 0.02276 0.04962 0.99864 0.01629 0.98944 0.07847 0.1219 0.98944 0.07844 0.1219 0.96508 0.23342 0.1189 0.96508 0.23343 0.1189 0.91696 0.38266 0.11297 0.91695 0.38266 0.11297 0.84626 0.52247 0.10426 0.84626 0.52247 0.10426 0.7547 0.64944 0.09298 0.7547 0.64944 0.09298 0.64662 0.75864 0.07967 0.65262 0.74915 0.11339 0.98556 0.07845 0.15009 0.9796 0.14206 0.14216 0.96229 0.23344 0.13965 0.96229 0.23342 0.13965 0.91431 0.38266 0.13269 0.91431 0.38266 0.13269 0.84382 0.52246 0.12246 0.84382 0.52247 0.12246 0.75251 0.64946 0.10921 0.75252 0.64945 0.10921 0.64273 0.7604 0.09328 0.64272 0.7604 0.09328 0.51716 0.85259 0.07505 0.51715 0.8526 0.07505 0.37874 0.92387 0.05496 0.37875 0.92387 0.05497 0.23101 0.97237 0.03353 0.23101 0.97237 0.03353 0.07763 0.99692 0.01127 0.07763 0.99692 0.01127 0.98332 0.07846 0.16409 0.98332 0.07844 0.16409 0.95911 0.23343 0.16005 0.95911 0.23344 0.16005 0.91129 0.38265 0.15207 0.91129 0.38266 0.15207 0.84102 0.52247 0.14035 0.84104 0.52246 0.14035 0.75003 0.64945 0.12516 0.75003 0.64946 0.12516 0.64061 0.76039 0.1069 0.6406 0.76039 0.1069 0.51545 0.85259 0.08602 0.51546 0.85259 0.08602 0.37749 0.92387 0.06299 0.37749 0.92387 0.06299 0.23025 0.97237 0.03842 0.23025 0.97237 0.03842 0.07737 0.99692 0.01291 0.07737 0.99692 0.01291 0.97837 0.07846 0.19142 0.96909 0.16479 0.18361 0.95538 0.23342 0.18101 0.95538 0.23343 0.18101 0.90773 0.38268 0.17198 0.90774 0.38265 0.17199 0.83776 0.52246 0.15873 0.83775 0.52248 0.15872 0.74711 0.64946 0.14155 0.74711 0.64945 0.14155 0.63811 0.76039 0.1209 0.63812 0.76039 0.1209 0.51344 0.85259 0.09728 0.51344 0.85259 0.09728 0.37602 0.92387 0.07124 0.37602 0.92387 0.07124 0.22935 0.97237 0.04345 0.22935 0.97237 0.04345 0.07707 0.99692 0.0146 0.07707 0.99692 0.0146 0.97562 0.07846 0.20495 0.97562 0.07845 0.20495 0.9516 0.23343 0.1999 0.9516 0.23342 0.1999 0.90415 0.38267 0.18993 0.90415 0.38268 0.18993 0.83445 0.52247 0.17529 0.83445 0.52247 0.17529 0.74415 0.64946 0.15632 0.74415 0.64946 0.15632 0.6356 0.76039 0.13352 0.63559 0.7604 0.13352 0.5114 0.8526 0.10743 0.51141 0.8526 0.10743 0.37453 0.92387 0.07868 0.37453 0.92387 0.07868 0.22844 0.97237 0.04799 0.22844 0.97237 0.04799 0.07677 0.99692 0.01613 0.07677 0.99692 0.01613 0.97006 0.07845 0.22985 0.96094 0.16568 0.22169 0.94748 0.23343 0.21859 0.94749 0.23343 0.21859 0.90024 0.38266 0.20769 0.90024 0.38267 0.20769 0.83083 0.52248 0.19168 0.83084 0.52246 0.19168 0.74094 0.64945 0.17094 0.74094 0.64946 0.17094 0.63284 0.76039 0.146 0.63285 0.76038 0.146 0.5092 0.85259 0.11747 0.50919 0.8526 0.11747 0.37292 0.92387 0.08603 0.37291 0.92387 0.08603 0.22745 0.97237 0.05247 0.22745 0.97237 0.05247 0.07643 0.99692 0.01763 0.07644 0.99692 0.01763 0.96644 0.07845 0.24462 0.96644 0.07845 0.24462 0.94265 0.23343 0.2386 0.94265 0.23343 0.2386 0.89564 0.38268 0.2267 0.89565 0.38266 0.2267 0.8266 0.52246 0.20922 0.82659 0.52248 0.20922 0.73715 0.64946 0.18658 0.73716 0.64945 0.18658 0.62961 0.76039 0.15936 0.62961 0.76039 0.15936 0.5066 0.85259 0.12823 0.5066 0.85259 0.12823 0.37101 0.92387 0.09391 0.37101 0.92387 0.09391 0.22629 0.97237 0.05728 0.22629 0.97237 0.05728 0.07604 0.99692 0.01925 0.07604 0.99692 0.01925 0.96079 0.07846 0.26593 0.95733 0.12464 0.26075 0.9382 0.23343 0.25554 0.9382 0.23343 0.25554 0.89142 0.38266 0.24279 0.89141 0.38269 0.24279 0.82267 0.5225 0.22407 0.82269 0.52247 0.22408 0.73368 0.64945 0.19983 0.73366 0.64947 0.19983 0.62662 0.76041 0.17067 0.62663 0.7604 0.17067 0.5042 0.8526 0.13733 0.5042 0.8526 0.13733 0.36925 0.92387 0.10057 0.36925 0.92387 0.10057 0.22522 0.97238 0.06134 0.22522 0.97237 0.06134 0.07568 0.99692 0.02061 0.07568 0.99692 0.02061 0.95703 0.07846 0.27916 0.95703 0.07846 0.27916 0.93347 0.23343 0.27229 0.93347 0.23342 0.27229 0.88692 0.38267 0.25871 0.88693 0.38265 0.25871 0.81854 0.52247 0.23877 0.81854 0.52249 0.23876 0.72998 0.64946 0.21293 0.72999 0.64944 0.21293 0.62349 0.76038 0.18187 0.62347 0.7604 0.18186 0.50166 0.8526 0.14633 0.50167 0.85259 0.14634 0.3674 0.92387 0.10717 0.3674 0.92387 0.10717 0.22409 0.97237 0.06537 0.22409 0.97237 0.06537 0.0753 0.99692 0.02197 0.0753 0.99692 0.02197 0.94961 0.07846 0.30346 0.94098 0.1651 0.29545 0.92772 0.23342 0.29129 0.92772 0.23343 0.29128 0.88146 0.38267 0.27676 0.88146 0.38267 0.27676 0.8135 0.52248 0.25542 0.8135 0.52247 0.25542 0.72548 0.64946 0.22778 0.72548 0.64946 0.22779 0.61964 0.76039 0.19455 0.61965 0.76039 0.19456 0.49858 0.85259 0.15654 0.49857 0.8526 0.15654 0.36513 0.92387 0.11464 0.36513 0.92387 0.11464 0.22271 0.97237 0.06993 0.22271 0.97237 0.06993 0.07484 0.99692 0.0235 0.07484 0.99692 0.0235 0.98539 -0.07847 0.15114 0.97837 -0.07845 0.19142 0.96958 -0.07845 0.23185 0.96 -0.07846 0.2688 0.91826 -0.25752 0.3008 0.78964 -0.55635 0.25874 0.57588 -0.79544 0.18878 0.07453 -0.99692 0.02446 0.9834 -0.13776 0.11806 0.99005 -0.07846 0.11685 0.97865 -0.16998 0.11552 0.98609 -0.1172 0.11781 0.98957 -0.08353 0.1174 0.99273 -0.0279 0.1171 0.90894 -0.40256 0.10852 0.93773 -0.32918 0.11091 0.96564 -0.23344 0.11418 0.95285 -0.28108 0.11436 0.96766 -0.2247 0.11466 0.91747 -0.38266 0.10874 0.84669 -0.5225 0.10057 0.85037 -0.51635 0.10125 0.60687 -0.79124 0.07514 0.66337 -0.74406 0.07948 0.75504 -0.64943 0.09032 0.74842 -0.6571 0.08994 0.79749 -0.59581 0.09501 0.64483 -0.76038 0.0776 0.51875 -0.85264 0.06249 0.52412 -0.84928 0.0634 0.37992 -0.92387 0.0461 0.39015 -0.91951 0.04785 0.23179 -0.97236 0.02791 0.2413 -0.97 0.02962 0.07786 -0.99692 0.00953 0.07925 -0.99681 0.00978 0.0791 -0.99651 0.02649 0.22197 -0.97237 0.07233 0.23387 -0.96917 0.07759 0.49649 -0.85265 0.16275 0.51395 -0.8416 0.166 0.44933 -0.88113 0.14734 0.36364 -0.92388 0.11924 0.37994 -0.91686 0.12251 0.3181 -0.94232 0.10411 0.7226 -0.64945 0.23676 0.74744 -0.61945 0.24003 0.6981 -0.67846 0.22879 0.61718 -0.76038 0.20226 0.64586 -0.73487 0.20695 0.60583 -0.77077 0.19719 0.87797 -0.38269 0.2876 0.8992 -0.33006 0.28722 0.86995 -0.40244 0.28501 0.81026 -0.52251 0.26545 0.8398 -0.47231 0.26771 0.82053 -0.50638 0.26516 0.9354 -0.18727 0.29993 0.92428 -0.23344 0.30201 0.94584 -0.09467 0.31052 0.94773 -0.07846 0.30927 0.95027 -0.01021 0.31126 0.95024 -0.07845 0.30149 0.95023 -0.07846 0.30149 0.92684 -0.23343 0.29407 0.92684 -0.23344 0.29407 0.88062 -0.38268 0.27941 0.88062 -0.38268 0.27941 0.81271 -0.5225 0.25786 0.81271 -0.52251 0.25786 0.72481 -0.64944 0.22997 0.7248 -0.64945 0.22997 0.61905 -0.76039 0.19642 0.61907 -0.76038 0.19642 0.49803 -0.85264 0.15802 0.49803 -0.85264 0.15802 0.36478 -0.92387 0.11574 0.36478 -0.92387 0.11574 0.22254 -0.97236 0.07061 0.22253 -0.97236 0.07061 0.07477 -0.99692 0.02372 0.07477 -0.99692 0.02372 0.95534 -0.07846 0.2849 0.95534 -0.07845 0.2849 0.93182 -0.23343 0.27789 0.93182 -0.23343 0.27789 0.88536 -0.38266 0.26403 0.88535 -0.38267 0.26403 0.81709 -0.52248 0.24367 0.81708 -0.52249 0.24367 0.7287 -0.64944 0.21731 0.72871 -0.64942 0.21732 0.62241 -0.76037 0.18561 0.62239 -0.76038 0.18561 0.50071 -0.85264 0.14932 0.50072 -0.85263 0.14932 0.36675 -0.92387 0.10937 0.36675 -0.92387 0.10937 0.22374 -0.97236 0.06672 0.22374 -0.97236 0.06672 0.07517 -0.99692 0.02242 0.07517 -0.99692 0.02242 0.96279 -0.07847 0.25862 0.95085 -0.16504 0.262 0.93744 -0.23344 0.2583 0.93744 -0.23343 0.2583 0.8907 -0.38266 0.24542 0.8907 -0.38266 0.24542 0.82201 -0.52249 0.2265 0.82202 -0.52248 0.2265 0.7331 -0.64943 0.202 0.7331 -0.64943 0.202 0.62616 -0.76037 0.17253 0.62616 -0.76037 0.17253 0.50374 -0.85263 0.1388 0.50373 -0.85264 0.1388 0.36896 -0.92387 0.10166 0.36896 -0.92387 0.10166 0.22509 -0.97236 0.06202 0.22509 -0.97236 0.06202 0.07562 -0.99692 0.02084 0.07562 -0.99692 0.02084 0.96595 -0.07845 0.24654 0.96595 -0.07847 0.24654 0.94217 -0.23344 0.24047 0.94217 -0.23344 0.24047 0.89519 -0.38268 0.22848 0.89519 -0.38267 0.22848 0.82616 -0.52249 0.21086 0.82616 -0.5225 0.21086 0.73679 -0.64945 0.18805 0.7368 -0.64944 0.18805 0.62931 -0.76038 0.16062 0.62931 -0.76038 0.16062 0.50627 -0.85264 0.12921 0.50627 -0.85264 0.12922 0.37082 -0.92387 0.09465 0.37081 -0.92387 0.09464 0.22622 -0.97236 0.05774 0.22622 -0.97236 0.05774 0.076 -0.99692 0.0194 0.076 -0.99692 0.0194 0.97202 -0.07847 0.22138 0.9606 -0.1622 0.22569 0.9466 -0.23342 0.2224 0.9466 -0.23344 0.2224 0.8994 -0.38266 0.21131 0.8994 -0.38267 0.21131 0.83004 -0.5225 0.19502 0.83005 -0.52248 0.19502 0.74027 -0.64943 0.17392 0.74026 -0.64944 0.17392 0.63227 -0.76037 0.14855 0.63227 -0.76037 0.14855 0.50865 -0.85264 0.11951 0.50866 -0.85264 0.11951 0.37257 -0.92387 0.08753 0.37257 -0.92386 0.08754 0.22728 -0.97236 0.0534 0.22728 -0.97236 0.0534 0.07636 -0.99692 0.01794 0.07636 -0.99692 0.01794 0.97521 -0.07845 0.20689 0.97521 -0.07847 0.20689 0.9512 -0.23343 0.20179 0.95121 -0.23342 0.20179 0.90377 -0.38268 0.19173 0.90378 -0.38266 0.19173 0.83409 -0.52248 0.17695 0.83408 -0.5225 0.17695 0.74386 -0.64943 0.15781 0.74387 -0.64942 0.15781 0.63535 -0.76037 0.13479 0.63535 -0.76037 0.13479 0.51113 -0.85263 0.10843 0.51113 -0.85264 0.10843 0.37438 -0.92387 0.07942 0.37438 -0.92387 0.07942 0.22839 -0.97236 0.04845 0.22839 -0.97236 0.04845 0.07673 -0.99692 0.01628 0.07673 -0.99692 0.01628 0.98018 -0.07847 0.18193 0.97143 -0.1484 0.18521 0.95517 -0.23342 0.18211 0.95517 -0.23343 0.18211 0.90754 -0.38267 0.17303 0.90753 -0.38268 0.17303 0.83755 -0.5225 0.15968 0.83756 -0.52248 0.15968 0.74696 -0.64943 0.14241 0.74696 -0.64944 0.14241 0.638 -0.76037 0.12164 0.638 -0.76037 0.12164 0.51325 -0.85264 0.09785 0.51326 -0.85264 0.09785 0.37594 -0.92387 0.07167 0.37594 -0.92387 0.07167 0.22934 -0.97236 0.04372 0.22934 -0.97236 0.04372 0.07705 -0.99692 0.01469 0.07705 -0.99692 0.01469 0.98295 -0.07846 0.16628 0.98295 -0.07847 0.16628 0.95875 -0.23343 0.16219 0.95875 -0.23342 0.16219 0.91094 -0.38267 0.1541 0.91094 -0.38267 0.1541 0.8407 -0.52248 0.14222 0.8407 -0.5225 0.14222 0.74976 -0.64943 0.12683 0.74977 -0.64943 0.12683 0.6404 -0.76037 0.10833 0.6404 -0.76036 0.10833 0.51519 -0.85264 0.08715 0.51518 -0.85264 0.08715 0.37735 -0.92387 0.06383 0.37736 -0.92387 0.06384 0.23021 -0.97236 0.03894 0.2302 -0.97236 0.03894 0.07734 -0.99692 0.01308 0.07734 -0.99692 0.01308 0.07762 -0.99692 0.01135 0.07762 -0.99692 0.01135 0.23102 -0.97236 0.03378 0.23102 -0.97236 0.03377 0.37869 -0.92387 0.05536 0.3787 -0.92386 0.05536 0.51701 -0.85264 0.07559 0.51701 -0.85263 0.07559 0.64266 -0.76036 0.09396 0.64266 -0.76037 0.09396 0.75242 -0.64943 0.11 0.75242 -0.64943 0.11 0.84368 -0.52248 0.12334 0.84368 -0.52249 0.12334 0.91417 -0.38267 0.13365 0.91417 -0.38265 0.13365 0.96215 -0.23343 0.14066 0.96215 -0.23343 0.14066 0.97615 -0.16357 0.14271 0.98703 -0.07847 0.14003 0.98838 -0.07846 0.1302 0.98838 -0.07847 0.13021 0.96404 -0.23345 0.127 0.96404 -0.23344 0.127 0.91597 -0.38267 0.12067 0.91597 -0.38267 0.12067 0.84532 -0.52252 0.11136 0.84533 -0.52251 0.11136 0.75389 -0.64945 0.09931 0.75389 -0.64945 0.09931 0.64391 -0.76039 0.08483 0.64391 -0.76039 0.08483 0.51801 -0.85265 0.06824 0.51801 -0.85265 0.06824 0.37942 -0.92387 0.04998 0.37942 -0.92387 0.04998 0.23146 -0.97237 0.03049 0.23146 -0.97237 0.03049 0.07777 -0.99692 0.01024 0.07777 -0.99692 0.01024 -0.96278 -0.07845 0.25866 -0.97246 -0.07846 0.21947 -0.98039 -0.07846 0.1808 -0.98703 -0.07847 0.14005 -0.6576 -0.74978 0.07347 -0.37978 -0.92387 0.04732 -0.23415 -0.97176 0.02932 -0.23165 -0.97236 0.02911 -0.07958 -0.99678 0.00998 -0.07782 -0.99692 0.00983 -0.6446 -0.76037 0.0795 -0.58606 -0.80704 0.07229 -0.51853 -0.85264 0.06426 -0.51962 -0.85197 0.06443 -0.38381 -0.92218 0.04766 -0.71281 -0.69687 0.07914 -0.75503 -0.64943 0.09034 -0.76483 -0.6386 0.08498 -0.82143 -0.56306 0.09061 -0.84693 -0.52251 0.09849 -0.86702 -0.48926 0.09432 -0.91499 -0.39037 0.10202 -0.91806 -0.38268 0.10353 -0.93954 -0.32657 0.10307 -0.95242 -0.28633 0.10443 -0.96627 -0.23346 0.10871 -0.96734 -0.22919 0.10828 -0.99394 -0.01599 0.10871 -0.99239 -0.05577 0.10981 -0.98781 -0.10657 0.11346 -0.99085 -0.07845 0.10982 -0.98342 -0.14593 0.10763 -0.97846 -0.1765 0.1071 -0.94739 -0.07846 0.31031 -0.94766 -0.07608 0.31008 -0.92579 -0.22532 0.30355 -0.92427 -0.23344 0.30204 -0.90401 -0.30829 0.29618 -0.87815 -0.38269 0.28705 -0.87435 -0.39136 0.28695 -0.8104 -0.52252 0.265 -0.80364 -0.5332 0.26431 -0.72287 -0.64945 0.23594 -0.7172 -0.65603 0.23505 -0.66499 -0.71435 0.21794 -0.61748 -0.76038 0.20132 -0.6005 -0.77469 0.19815 -0.49685 -0.85265 0.16165 -0.4861 -0.85924 0.1594 -0.4172 -0.89846 0.1368 -0.36408 -0.92388 0.1179 -0.34893 -0.93013 0.11446 -0.27374 -0.9576 0.08979 -0.22234 -0.97237 0.07119 -0.20154 -0.97725 0.06613 -0.12377 -0.99148 0.04061 -0.07508 -0.99692 0.02277 -0.04969 -0.99863 0.01631 -0.98944 -0.07847 0.1219 -0.98944 -0.07844 0.1219 -0.96508 -0.23343 0.1189 -0.96507 -0.23344 0.1189 -0.91696 -0.38266 0.11297 -0.91695 -0.38266 0.11297 -0.84625 -0.52249 0.10426 -0.84625 -0.52249 0.10426 -0.75472 -0.64942 0.09299 -0.75472 -0.64942 0.09299 -0.64655 -0.7587 0.07966 -0.65235 -0.74938 0.11341 -0.98556 -0.07844 0.15009 -0.9796 -0.14206 0.14216 -0.96229 -0.23345 0.13965 -0.96229 -0.23343 0.13965 -0.91431 -0.38266 0.13269 -0.91431 -0.38266 0.13269 -0.84381 -0.52248 0.12246 -0.8438 -0.52249 0.12246 -0.75253 -0.64944 0.10921 -0.75254 -0.64942 0.10921 -0.64275 -0.76037 0.09328 -0.64275 -0.76038 0.09328 -0.51709 -0.85263 0.07504 -0.51708 -0.85264 0.07504 -0.37874 -0.92387 0.05496 -0.37875 -0.92387 0.05497 -0.23105 -0.97236 0.03353 -0.23105 -0.97236 0.03353 -0.07763 -0.99692 0.01127 -0.07763 -0.99692 0.01127 -0.98332 -0.07846 0.16409 -0.98332 -0.07844 0.16409 -0.95911 -0.23344 0.16005 -0.95911 -0.23345 0.16005 -0.91129 -0.38265 0.15207 -0.91129 -0.38266 0.15207 -0.84101 -0.5225 0.14034 -0.84102 -0.52248 0.14035 -0.75005 -0.64943 0.12517 -0.75005 -0.64944 0.12516 -0.64064 -0.76036 0.10691 -0.64063 -0.76037 0.10691 -0.51538 -0.85263 0.086 -0.51539 -0.85263 0.08601 -0.37749 -0.92387 0.06299 -0.37749 -0.92387 0.06299 -0.23029 -0.97236 0.03843 -0.23029 -0.97236 0.03843 -0.07737 -0.99692 0.01291 -0.07737 -0.99692 0.01291 -0.97837 -0.07845 0.19142 -0.96909 -0.16479 0.18361 -0.95538 -0.23343 0.18101 -0.95538 -0.23344 0.18101 -0.90773 -0.38268 0.17198 -0.90774 -0.38265 0.17199 -0.83775 -0.52248 0.15872 -0.83774 -0.5225 0.15872 -0.74713 -0.64943 0.14155 -0.74713 -0.64943 0.14156 -0.63814 -0.76037 0.12091 -0.63815 -0.76036 0.12091 -0.51337 -0.85264 0.09727 -0.51337 -0.85263 0.09727 -0.37602 -0.92387 0.07124 -0.37602 -0.92387 0.07124 -0.22939 -0.97236 0.04346 -0.22939 -0.97236 0.04346 -0.07707 -0.99692 0.0146 -0.07707 -0.99692 0.0146 -0.97562 -0.07845 0.20495 -0.97562 -0.07845 0.20495 -0.9516 -0.23344 0.1999 -0.9516 -0.23343 0.1999 -0.90415 -0.38267 0.18993 -0.90415 -0.38268 0.18993 -0.83443 -0.52249 0.17529 -0.83443 -0.52249 0.17529 -0.74417 -0.64944 0.15633 -0.74417 -0.64944 0.15633 -0.63562 -0.76037 0.13352 -0.63561 -0.76037 0.13352 -0.51133 -0.85264 0.10742 -0.51134 -0.85264 0.10742 -0.37453 -0.92387 0.07868 -0.37453 -0.92387 0.07868 -0.22848 -0.97236 0.048 -0.22848 -0.97236 0.048 -0.07677 -0.99692 0.01613 -0.07677 -0.99692 0.01613 -0.97006 -0.07845 0.22985 -0.96094 -0.16567 0.22169 -0.94748 -0.23344 0.21859 -0.94748 -0.23344 0.21859 -0.90024 -0.38266 0.20769 -0.90024 -0.38267 0.20769 -0.83082 -0.5225 0.19167 -0.83083 -0.52248 0.19168 -0.74096 -0.64943 0.17094 -0.74096 -0.64943 0.17094 -0.63287 -0.76037 0.14601 -0.63288 -0.76036 0.14601 -0.50913 -0.85264 0.11746 -0.50913 -0.85264 0.11746 -0.37292 -0.92387 0.08603 -0.37291 -0.92387 0.08603 -0.2275 -0.97236 0.05248 -0.2275 -0.97236 0.05248 -0.07643 -0.99692 0.01763 -0.07644 -0.99692 0.01763 -0.96644 -0.07845 0.24462 -0.96644 -0.07845 0.24462 -0.94264 -0.23344 0.2386 -0.94264 -0.23344 0.2386 -0.89564 -0.38268 0.2267 -0.89565 -0.38266 0.2267 -0.82658 -0.52248 0.20922 -0.82657 -0.5225 0.20922 -0.73717 -0.64944 0.18659 -0.73718 -0.64943 0.18659 -0.62964 -0.76037 0.15937 -0.62964 -0.76037 0.15937 -0.50653 -0.85264 0.12821 -0.50653 -0.85264 0.12821 -0.37101 -0.92387 0.09391 -0.37101 -0.92387 0.09391 -0.22634 -0.97236 0.05729 -0.22634 -0.97236 0.05729 -0.07604 -0.99692 0.01925 -0.07604 -0.99692 0.01925 -0.96079 -0.07846 0.26593 -0.95733 -0.12463 0.26075 -0.93819 -0.23344 0.25554 -0.93819 -0.23344 0.25554 -0.89142 -0.38266 0.24279 -0.89141 -0.38269 0.24279 -0.82266 -0.52252 0.22407 -0.82268 -0.52249 0.22407 -0.7337 -0.64943 0.19984 -0.73368 -0.64945 0.19983 -0.62664 -0.76039 0.17068 -0.62666 -0.76038 0.17068 -0.50414 -0.85264 0.13731 -0.50413 -0.85264 0.13731 -0.36925 -0.92387 0.10057 -0.36925 -0.92387 0.10057 -0.22526 -0.97236 0.06135 -0.22526 -0.97236 0.06135 -0.07568 -0.99692 0.02061 -0.07568 -0.99692 0.02061 -0.95703 -0.07845 0.27916 -0.95703 -0.07845 0.27916 -0.93347 -0.23344 0.27229 -0.93347 -0.23343 0.27229 -0.88692 -0.38267 0.25871 -0.88693 -0.38265 0.25871 -0.81853 -0.52249 0.23876 -0.81852 -0.52251 0.23876 -0.73 -0.64943 0.21294 -0.73001 -0.64942 0.21294 -0.62352 -0.76036 0.18188 -0.6235 -0.76038 0.18187 -0.50159 -0.85264 0.14631 -0.50161 -0.85263 0.14632 -0.3674 -0.92387 0.10717 -0.3674 -0.92387 0.10717 -0.22413 -0.97236 0.06538 -0.22413 -0.97236 0.06538 -0.0753 -0.99692 0.02197 -0.0753 -0.99692 0.02197 -0.95114 -0.07845 0.29864 -0.95114 -0.07845 0.29864 -0.92772 -0.23343 0.29128 -0.92772 -0.23344 0.29128 -0.88146 -0.38267 0.27676 -0.88146 -0.38267 0.27676 -0.81349 -0.5225 0.25542 -0.81349 -0.52249 0.25542 -0.7255 -0.64944 0.22779 -0.7255 -0.64943 0.22779 -0.61967 -0.76037 0.19456 -0.61967 -0.76036 0.19456 -0.49851 -0.85264 0.15652 -0.4985 -0.85264 0.15652 -0.36513 -0.92387 0.11464 -0.36513 -0.92387 0.11464 -0.22275 -0.97236 0.06994 -0.22275 -0.97236 0.06994 -0.07484 -0.99692 0.0235 -0.07484 -0.99692 0.0235 1E-05 0 1 3E-05 -0 1 1E-05 -1E-05 1 0 0 1 0 0 1 0 0 1 1E-05 0 1 1E-05 0 1 1E-05 0 1 1E-05 0 1 1E-05 0 1 1E-05 -0 1 1E-05 -0 1 2E-05 0 1 0 -0 1 0 -0 1 1E-05 -0 1 0 -0 1 2E-05 2E-05 1 1E-05 -2E-05 1 1E-05 0 1 0 0 1 0 0 1 0 0 1 0 0 1 0 0 1 1E-05 -1E-05 1 1E-05 -0 1 3E-05 0 1 1E-05 -0 1 1E-05 0 1 1E-05 -0 1 1E-05 1E-05 1 0 -0 1 0 -0 1 1E-05 -0 1 0 -0 1 1E-05 -0 1 -0.9964 -0.08481 0 -0.96773 -0.25197 0 -0.91123 -0.4119 0 -0.82851 -0.55997 0 -0.82852 -0.55997 0 -0.72194 -0.69195 0 -0.59465 -0.80399 0 -0.59465 -0.80399 0 -0.45022 -0.89292 0 -0.45022 -0.89292 0 -0.29279 -0.95618 0 -0.12704 -0.9919 0 -0.12704 -0.9919 0 0.04246 -0.9991 -0 0.04246 -0.9991 -0 0.21067 -0.97756 -0 0.37285 -0.92789 -0 0.37286 -0.92789 -0 0.52431 -0.85153 -0 0.66067 -0.75068 -0 0.77804 -0.62822 -0 0.87301 -0.48771 -0 0.94288 -0.33313 -0 0.94288 -0.33313 -0 0.98562 -0.169 -0 1 0 -0 0.98562 0.169 -0 0.94288 0.33314 -0 0.94287 0.33315 -0 0.87302 0.48768 -0 0.77804 0.62822 -0 0.66067 0.75068 -0 0.52431 0.85153 -0 0.37285 0.92789 -0 0.37286 0.92789 -0 0.21067 0.97756 -0 0.0424 0.9991 -0 0.0424 0.9991 -0 -0.12698 0.99191 0 -0.12698 0.99191 0 -0.29285 0.95616 0 -0.45022 0.89292 0 -0.45022 0.89292 0 -0.59461 0.80401 0 -0.59461 0.80401 0 -0.72197 0.69192 0 -0.8285 0.56 0 -0.8285 0.55999 0 -0.91123 0.4119 0 -0.96773 0.25197 0 -0.9964 0.08481 0 1E-05 0 1 3E-05 -0 1 1E-05 -1E-05 1 0 0 1 0 0 1 0 0 1 1E-05 0 1 1E-05 0 1 1E-05 0 1 1E-05 0 1 1E-05 0 1 1E-05 -0 1 1E-05 -0 1 2E-05 0 1 0 -0 1 0 -0 1 1E-05 -0 1 0 -0 1 2E-05 2E-05 1 1E-05 -2E-05 1 0 0 1 0 0 1 0 0 1 0 0 1 1E-05 -1E-05 1 1E-05 -0 1 1E-05 0 1 1E-05 -0 1 1E-05 1E-05 1 0 -0 1 0 -0 1 1E-05 -0 1 0 -0 1 1E-05 -0 1 -0.8285 -0.56 0 -0.8285 -0.55999 0 -0.72197 -0.69192 0 -0.59461 -0.80401 0 -0.59461 -0.80401 0 -0.29285 -0.95616 0 -0.12698 -0.99191 0 -0.12698 -0.99191 0 0.0424 -0.9991 -0 0.0424 -0.9991 -0 0.87302 -0.48768 -0 0.94288 -0.33314 -0 0.94287 -0.33315 -0 0.98562 -0.16899 -0 0.94288 0.33313 -0 0.94288 0.33313 -0 0.87301 0.48771 -0 0.04246 0.9991 -0 0.04246 0.9991 -0 -0.12704 0.9919 0 -0.12704 0.9919 0 -0.29279 0.95618 0 -0.59465 0.80399 0 -0.59465 0.80399 0 -0.72194 0.69195 0 -0.82851 0.55997 0 -0.82852 0.55997 0 -0.96773 0.25199 0 -0.9964 0.0848 0 1E-05 -1E-05 1 0 0 1 0 0 1 0 0 1 0 0 1 0 0 1 1E-05 -3E-05 1 1E-05 0 1 3E-05 -0 1 1E-05 -1E-05 1 1E-05 0 1 1E-05 0 1 1E-05 0 1 1E-05 0 1 1E-05 0 1 1E-05 0 1 1E-05 -0 1 1E-05 -0 1 1E-05 -0 1 1E-05 -0 1 1E-05 -0 1 1E-05 -0 1 1E-05 1E-05 1 1E-05 0 1 3E-05 -0 1 1E-05 1E-05 1 0 -0 1 0 -0 1 0 -0 1 0 -0 1 2E-05 2E-05 1 -0 1E-05 -1 -0 -1E-05 -1 -0 0 -1 -0 1E-05 -1 -0 3E-05 -1 -3E-05 -8E-05 -1 -0.45022 -0.89292 0.00191 -0.43275 -0.90151 0 -0.29285 -0.95616 0 0.0424 -0.9991 -0 0.21068 -0.97756 -0 0.47072 -0.88228 -0 0.52431 -0.85152 0.00213 0.54372 -0.83927 -0 0.77804 -0.62822 -0 0.87302 -0.48768 -0 0.94287 -0.33315 -0 0.98562 -0.169 -0 1 0 -0 0.98562 0.169 -0 0.94288 0.33313 -0 0.87301 0.48771 -0 0.77804 0.62822 -0 0.77804 0.62822 -0 0.52431 0.85152 -0 0.37285 0.92789 -0 0.21068 0.97756 -0 0.21067 0.97756 -0 -0.29279 0.95618 0 -0.29279 0.95618 0 -0.45022 0.89292 0 -0.59465 0.80399 0 -0.72194 0.69195 0 -0.72194 0.69195 0 -0.82852 0.55996 0 -0.91123 0.4119 0 -0.91123 0.41191 0 -0.96773 0.25198 0 -0.96773 0.25197 0 -0.9964 0.0848 0 -0.9964 0.08481 0 -0.9964 -0.0848 0 -0.9964 -0.08481 0 -0.96773 -0.25198 0 -0.96773 -0.25197 0 -0.91123 -0.4119 0 -0.91123 -0.41191 0 -0.8285 -0.56 0 -0.8285 -0.55999 0 -0.72197 -0.69192 0 -0.59461 -0.80401 0 -0.59461 -0.80401 0 -0.50769 -0.86154 0 1E-05 -1E-05 1 0 0 1 0 0 1 0 0 1 1E-05 0 1 3E-05 -0 1 1E-05 -1E-05 1 1E-05 0 1 1E-05 0 1 1E-05 0 1 1E-05 0 1 1E-05 0 1 1E-05 -0 1 1E-05 -0 1 1E-05 -0 1 1E-05 -0 1 1E-05 -0 1 1E-05 1E-05 1 1E-05 0 1 3E-05 -0 1 1E-05 1E-05 1 0 -0 1 0 -0 1 0 -0 1 0 -0 1 2E-05 2E-05 1 -0.82851 -0.55997 0 -0.82852 -0.55996 0 -0.72194 -0.69195 0 -0.59465 -0.80399 0 -0.59465 -0.80399 0 -0.45022 -0.89292 0 -0.45022 -0.89292 0 -0.29279 -0.95618 0 0.04246 -0.9991 -0 0.52431 -0.85153 -0 0.52431 -0.85152 -0 0.87301 -0.48771 -0 0.94288 -0.33313 -0 0.94287 0.33315 -0 0.87302 0.48768 -0 -0.29285 0.95616 0 -0.29285 0.95616 0 -0.59461 0.80401 0 -0.72197 0.69192 0 -0.72197 0.69192 0 -0.8285 0.55999 0 0 -0.06425 0.99793 -0.00022 -0.08258 0.99658 -0 -0.37525 0.92693 -0 -0.30176 0.95338 -0.00026 -0.24551 0.96939 0 -0.22197 0.97505 0 -0.14644 0.98922 -0 -0.6604 0.75091 0 -0.59918 0.80061 -0.00022 -0.54697 0.83715 -0 -0.53098 0.84739 0 -0.40167 0.91579 -0.00105 -0.4635 0.8861 -0.00069 -0.43805 0.89895 -0.00016 -0.78913 0.61423 0 -0.78146 0.62396 0 -0.67726 0.73574 -0.00114 -0.72972 0.68374 -0.00083 -0.71439 0.69974 -0.00019 -0.87948 0.47593 0 -0.87228 0.48901 0 -0.83029 0.55733 -8E-05 -0.94581 0.32471 4E-05 -0.94292 0.33302 -1E-05 -0.90845 0.41799 -6E-05 -0.40165 -0.91579 6E-05 -0.54351 -0.8394 -1E-05 -0.54699 -0.83714 1E-05 -0.67464 -0.73815 -5E-05 -0.67726 -0.73574 5E-05 -0.78686 -0.61713 -1E-05 -0.78913 -0.61423 1E-05 -0.87817 -0.47836 -3E-05 -0.87948 -0.47593 4E-05 -0.94573 -0.32496 3E-05 -0.94581 -0.32471 -3E-05 -0.9868 -0.16194 1E-05 -0.98637 -0.16457 -1E-05 -1 -0.00093 -3E-05 -1 -0 0 -0.9961 0.08827 -0.00011 -0.98637 0.16457 0 -0.98512 0.17189 0 -0.9678 0.25172 -0.00018 -0.2307 -0.97303 0 -0.31503 -0.94908 -0 -0.39853 -0.91716 8E-05 -0.24551 -0.96939 -7E-05 -0.08258 -0.99658 0 -0.07788 -0.99696 0 0.08258 -0.99658 -0.00102 0.14635 -0.98923 0 0.0641 -0.99794 -0.0003 0.40168 -0.91578 -0 0.37493 -0.92705 -0 0.2455 -0.9694 -0.00093 0.30152 -0.95346 -0 0.22172 -0.97511 -0 0.53084 -0.84747 -0 0.46355 -0.88607 -8E-05 0.43757 -0.89918 -0.00101 0.59911 -0.80066 0 0.54695 -0.83717 -0 0.66033 -0.75098 0 0.67728 -0.73572 -0.00117 0.72995 -0.6835 -0.00085 0.71408 -0.70006 -5E-05 0.87946 -0.47597 -0.00103 0.90835 -0.4182 -0 0.87225 -0.48907 0 0.78915 -0.6142 -0.00111 0.83043 -0.55713 -0 0.78138 -0.62406 -0.00118 0.99595 -0.08986 0 0.98508 -0.17207 0 0.94581 -0.32471 -0.0012 0.96788 -0.25141 5E-05 0.94269 -0.33368 0 0.98637 -0.16457 -2E-05 1 -0.00119 2E-05 0.98637 0.16457 -4E-05 0.98695 0.16102 4E-05 0.94581 0.32471 3E-05 0.94605 0.32401 -3E-05 0.87946 0.47597 -0 0.8787 0.47737 0 0.78915 0.6142 4E-05 0.7875 0.61632 -4E-05 0.67728 0.73572 -0 0.67528 0.73756 0 0.54693 0.83718 5E-05 0.5441 0.83902 -5E-05 0.4017 0.91577 -1E-05 0.39894 0.91698 0 0.31545 0.94894 -0.00014 0.2455 0.9694 6E-05 0.23104 0.97294 -7E-05 0.08258 0.99658 0 0.07801 0.99695 0 -0.91015 -0.41427 0 -0.07499 0.99718 -0.00012 -0.08258 0.99658 -0.00022 -0.24551 0.96939 0 -0.2298 0.97324 0 -0.15703 0.98759 -0.00029 -0.40165 0.91579 -0 -0.37915 0.92533 -0 -0.30938 0.95094 -0.00033 -0.54699 0.83714 0 -0.51884 0.85487 0 -0.45424 0.89088 -0.00034 -0.67726 0.73574 -0 -0.64108 0.76747 -0 -0.58761 0.80915 -0.00026 -0.78995 0.61317 0 -0.74877 0.66283 0 -0.70217 0.71201 -0.00108 -0.82678 0.56253 0 -0.78913 0.61423 0 -0.85898 0.512 -0.00035 -0.87948 0.47593 0 -0.89843 0.43911 0 -0.93042 0.36649 -0.00035 -0.94581 0.32471 1E-05 -0.95778 0.28751 -1E-05 -0.98101 0.19395 -0.00033 -0.98637 0.16457 0 -0.99361 0.11286 0 -0.99856 0.05368 -0.00032 -1 0 0 -0.99958 -0.02882 -0 -0.94581 -0.32471 -0.00014 -0.94321 -0.3322 0 -0.9674 -0.25326 0 -0.98637 -0.16457 -0.00023 -0.98409 -0.1777 0 -0.99537 -0.09612 0 -0.78913 -0.61423 -0.0005 -0.77117 -0.63662 0 -0.82096 -0.57098 -0 -0.87948 -0.47593 -0.00104 -0.84916 -0.52814 -0.00017 -0.88346 -0.46851 -0 -0.54697 -0.83715 -0.00065 -0.51553 -0.85687 -0 -0.58442 -0.81145 -0 -0.67726 -0.73574 -0.001 -0.63378 -0.77351 -0 -0.69538 -0.71865 -0.00016 -0.23523 -0.97194 -0 -0.31629 -0.94866 -0 -0.40167 -0.91579 -0.00036 -0.38289 -0.92379 0 -0.45778 -0.88906 3E-05 -0.24551 -0.96939 -3E-05 -0.08258 -0.99658 0 -0.08079 -0.99673 6E-05 0.39354 -0.91931 -6E-05 0.2409 -0.97055 2E-05 0.2455 -0.9694 -2E-05 0.08135 -0.99669 0 0.08258 -0.99658 -0.00135 0.47138 -0.88193 -0 0.4017 -0.91577 -0 0.54011 -0.84159 -0.0013 0.60792 -0.794 0 0.54693 -0.83718 -0 0.6693 -0.74299 -0.00125 0.72838 -0.68517 0 0.67728 -0.73572 -0 0.78037 -0.62531 -0.00119 0.8295 -0.5585 -0 0.78915 -0.6142 -0 0.87095 -0.49137 -0.00112 0.90859 -0.41768 0 0.87946 -0.47597 -0 0.93867 -0.34481 -0.00106 0.96402 -0.26582 0 0.94581 -0.32471 0 0.98185 -0.18965 -0.0003 0.98637 -0.16457 0 0.99416 -0.10795 0 0.99957 -0.02921 -0.00032 1 0 0 0.99857 0.05345 0 0.99132 0.1315 -0.00034 0.98637 0.16457 0 0.97707 0.21291 0 0.95718 0.28948 -0.00035 0.94581 0.32471 -0 0.92998 0.36761 0 0.89819 0.4396 -0.00035 0.87946 0.47597 -0 0.85878 0.51234 0 0.81534 0.57899 -0.00035 0.78915 0.6142 -0 0.76474 0.64433 -0 0.71112 0.70307 -0.00034 0.67728 0.73572 -0 0.65072 0.75932 0 0.5877 0.80908 -0.00033 0.54695 0.83717 -0 0.51882 0.85488 0 0.44607 0.895 -0.00033 0.40168 0.91578 -0 0.37063 0.92878 0 0.29144 0.95659 -0.00034 0.2455 0.9694 -0 0.21141 0.9774 -0 0.15658 0.98767 -0.00012 0.08258 0.99658 0 0.07457 0.99722 -7E-05 -0.78913 -0.61423 0 -0.06449 0.99792 -0.00026 -0.08258 0.99658 -0 -0.37456 0.9272 -0 -0.30146 0.95348 -0.00032 -0.24549 0.9694 -0 -0.22171 0.97511 -0 -0.14669 0.98918 -0.00027 -0.54699 0.83714 0 -0.53129 0.84719 0 -0.40167 0.91579 -0.00128 -0.46407 0.8858 -0.00082 -0.43785 0.89905 -0.00102 -0.71525 0.69886 -0 -0.66057 0.75076 -0 -0.59949 0.80038 -0.00141 -0.73098 0.68239 0 -0.67726 0.73574 0 -0.78242 0.62276 -0.00018 -0.78913 0.61423 0 -0.83121 0.55596 0 -0.87312 0.48751 -0.00021 -0.87948 0.47593 -0 -0.91015 0.41427 2E-05 -0.94581 0.32471 -6E-05 -0.94443 0.32871 6E-05 -0.9851 0.17199 -8E-05 -0.98637 0.16457 0 -0.99622 0.08689 5E-05 -1 -0.00238 -4E-05 -0.98637 -0.16457 3E-05 -0.98566 -0.16875 -3E-05 -0.94581 -0.32471 0 -0.94522 -0.32642 8E-05 -0.87948 -0.47593 -0.0001 -0.87508 -0.48398 0 -0.91393 -0.40587 -0.00011 -0.67132 -0.74116 0 -0.73251 -0.68076 0 -0.78673 -0.6173 5E-05 -0.67726 -0.73574 -5E-05 -0.54697 -0.83715 9E-05 -0.54054 -0.84132 -9E-05 -0.40167 -0.91579 1E-05 -0.39642 -0.91807 0 -0.08258 -0.99658 -0.0001 -0.07735 -0.997 0 -0.15934 -0.98722 -0 -0.24551 -0.96939 -0.00023 -0.23424 -0.97218 -0 -0.31288 -0.94979 3E-05 0.94581 -0.32471 -0.00034 0.2455 -0.9694 0 0.2214 -0.97518 0 0.08258 -0.99658 -0.00126 0.1466 -0.9892 0 0.06436 -0.99793 -0 0.46415 -0.88576 -9E-05 0.43747 -0.89923 -0.00037 0.4017 -0.91577 -0 0.37413 -0.92738 0 0.30122 -0.95355 0 0.73089 -0.6825 -4E-05 0.71512 -0.699 -0.00032 0.67728 -0.73572 -0 0.66045 -0.75087 0 0.54693 -0.83718 -0.00124 0.59942 -0.80043 -0 0.53117 -0.84727 -2E-05 0.87946 -0.47597 -0.00132 0.91003 -0.41455 -0 0.87309 -0.48755 -0 0.78915 -0.6142 -0.00139 0.83128 -0.55586 -0 0.78232 -0.62288 -0.00149 0.99622 -0.08682 7E-05 0.98499 -0.17259 -7E-05 0.94421 -0.32933 4E-05 1 0.00184 -3E-05 0.98637 0.16457 2E-05 0.98584 0.16768 -2E-05 0.94581 0.32471 9E-05 0.9439 0.33024 -8E-05 0.87946 0.47597 6E-05 0.87572 0.48282 -6E-05 0.78915 0.6142 9E-05 0.78411 0.62063 -9E-05 0.67728 0.73572 4E-05 0.67207 0.74049 -4E-05 0.54695 0.83717 8E-05 0.54119 0.8409 -8E-05 0.4017 0.91577 1E-05 0.39688 0.91787 -0 0.31328 0.94966 -0.00018 0.24547 0.9694 -0 0.23449 0.97212 -0 0.15932 0.98723 -9E-05 0.08258 0.99658 0 0.07748 0.99699 0 -0.0742 0.99724 -0.00016 -0.08258 0.99658 -0 -0.15613 0.98774 -0 -0.22824 0.9736 -0.00029 -0.24549 0.9694 0 -0.308 0.95138 -0 -0.37686 0.92627 -0.00038 -0.40167 0.91579 0 -0.45206 0.89199 0 -0.51597 0.85661 -0.00043 -0.54699 0.83714 -0 -0.58493 0.81108 -0 -0.64212 0.76661 -0.00043 -0.67726 0.73574 0 -0.70324 0.71095 -0 -0.7531 0.65791 -0.00037 -0.78913 0.61423 0 -0.80468 0.5937 -0 -0.84521 0.53443 -0.00026 -0.87948 0.47593 7E-05 -0.88827 0.45933 -8E-05 -0.9447 0.32794 -0.00014 -0.94581 0.32471 0 -0.96749 0.25291 0 -0.98306 0.18329 -0.00031 -0.98637 0.16457 0 -0.99484 0.1015 0 -0.99954 0.03033 -0.00042 -1 0 0 -0.99863 -0.05237 0 -0.98637 -0.16457 -0.00088 -0.97892 -0.20425 0 -0.99242 -0.12291 -0 -0.87948 -0.47593 -0.00039 -0.87084 -0.49157 0 -0.90838 -0.41814 -0 -0.94581 -0.32471 -0.00064 -0.93595 -0.35214 0 -0.96174 -0.27395 -0 -0.67726 -0.73574 -0.00139 -0.62989 -0.77668 6E-05 -0.69404 -0.71994 -7E-05 -0.78913 -0.61423 -0.00015 -0.78685 -0.61715 -0 -0.83325 -0.5529 -0 -0.40167 -0.91579 -0.00154 -0.33747 -0.94134 -0.00018 -0.40507 -0.91428 0 -0.46766 -0.88391 0 -0.54699 -0.83714 -0.00106 -0.50664 -0.86216 -0 -0.57598 -0.81747 0 -0.0826 -0.99658 -0.00067 -0.05261 -0.99861 -0 -0.13485 -0.99087 -0 -0.24549 -0.9694 -0.0015 -0.18001 -0.98366 -0 -0.26062 -0.96544 0 0.0529 -0.9986 -0.00043 0.0826 -0.99658 -0 0.13516 -0.99082 -0 0.18698 -0.98236 -0.00037 0.24547 -0.9694 -0.00013 0.25977 -0.96567 -0.00046 0.4017 -0.91577 -0 0.36628 -0.9305 -0 0.31728 -0.94833 -0.00024 0.54416 -0.83898 -0 0.48807 -0.8728 0 0.44185 -0.89709 -0.00146 0.60081 -0.79939 0 0.54695 -0.83717 -0 0.64095 -0.76758 -0.00045 0.67728 -0.73572 4E-05 0.70456 -0.70965 -0 0.78915 -0.6142 -0.00171 0.83439 -0.55116 -7E-05 0.78815 -0.61548 -0.00044 0.94581 -0.32471 -0 0.92952 -0.36878 0 0.87946 -0.47597 -0.00152 0.91036 -0.41381 -0 0.87289 -0.48792 -0.00031 0.98637 -0.16457 -0 0.97375 -0.22761 0 0.9568 -0.29076 0 0.99735 0.07269 -0.00016 0.99992 0.0128 -0.00036 1 0 0 0.99821 -0.05975 0 0.98919 -0.14661 0 0.99165 0.12893 -0.00044 0.98637 0.16457 -0 0.97764 0.2103 0 0.96176 0.2739 -0.0004 0.94581 0.32471 -0 0.93588 0.35232 0 0.90703 0.42107 -0.00033 0.87946 0.47597 -0 0.86921 0.49445 0 0.82357 0.56721 -0.00036 0.78915 0.6142 -0.00018 0.78157 0.62382 -0.00043 0.67728 0.73572 -0 0.71037 0.70383 -0 0.74398 0.6682 -0 0.49301 0.87002 -0.00037 0.55744 0.83022 -0.00013 0.54695 0.83717 -0 0.60888 0.79326 -0 0.64985 0.76007 0 0.43987 0.89806 -0.00043 0.4017 0.91577 -0 0.36418 0.93133 0 0.3031 0.95296 -0.00034 0.24547 0.9694 -0 0.22338 0.97473 -0 0.15574 0.9878 -0.00017 0.08258 0.99658 0 0.07366 0.99728 -0 0.08258 0.99658 7E-05 0.078 0.99695 -6E-05 0.23104 0.97294 0.00014 0.2455 0.9694 -0 0.31545 0.94894 1E-05 0.4017 0.91577 5E-05 0.39893 0.91698 -5E-05 0.54693 0.83718 -0 0.54409 0.83903 0 0.67728 0.73572 4E-05 0.67528 0.73756 -4E-05 0.78915 0.6142 -0 0.78749 0.61633 0 0.87946 0.47597 3E-05 0.8787 0.47737 -3E-05 0.94581 0.32471 -4E-05 0.94605 0.32401 4E-05 0.98637 0.16457 -2E-05 0.98695 0.16101 2E-05 1 0 0 1 -0.00119 -0 0.98637 -0.16457 0.00012 0.98509 -0.17205 0 0.99593 -0.09012 0 0.87946 -0.47597 0.00024 0.87227 -0.48903 1E-05 0.90827 -0.41839 -6E-05 0.94581 -0.32471 0.0001 0.9427 -0.33365 -0 0.96782 -0.25166 0 0.67728 -0.73572 0.00036 0.66036 -0.75094 4E-05 0.71399 -0.70015 0 0.72982 -0.68364 0 0.78915 -0.6142 0.0002 0.7814 -0.62403 0 0.83031 -0.5573 0 0.40168 -0.91578 0.00046 0.37497 -0.92704 8E-05 0.43757 -0.89918 0 0.46355 -0.88607 0 0.54695 -0.83717 0.0003 0.53087 -0.84745 -0 0.599 -0.80075 0.0003 0.0641 -0.99794 -0 0.14632 -0.98924 0 0.2455 -0.9694 0.00039 0.22174 -0.97511 0 0.30146 -0.95348 0.00115 -0.31511 -0.94905 -7E-05 -0.23069 -0.97303 7E-05 -0.07788 -0.99696 -0 -0.24551 -0.96939 0 -0.40165 -0.91579 6E-05 -0.39853 -0.91715 -6E-05 -0.54699 -0.83714 1E-05 -0.54352 -0.8394 -1E-05 -0.67726 -0.73574 5E-05 -0.67464 -0.73814 -5E-05 -0.78913 -0.61423 1E-05 -0.78687 -0.61712 -1E-05 -0.87948 -0.47593 3E-05 -0.87817 -0.47835 -4E-05 -0.94581 -0.32471 -3E-05 -0.94573 -0.32496 3E-05 -0.98637 -0.16457 -1E-05 -0.9868 -0.16195 1E-05 -1 0 3E-05 -1 -0.00092 -0 -0.9961 0.08827 0.00011 -0.98637 0.16457 -0 -0.98512 0.17189 -0 -0.9678 0.25172 8E-05 -0.94581 0.32471 -4E-05 -0.94292 0.33302 1E-05 -0.90845 0.41799 0.00019 -0.87948 0.47593 -0 -0.87228 0.48901 -0 -0.83029 0.55733 0.00016 -0.78913 0.61423 -0 -0.78146 0.62396 -0 -0.72984 0.68361 0.00012 -0.67726 0.73574 0.00083 -0.71439 0.69974 0.00022 -0.54697 0.83715 -0 -0.59918 0.80061 0 -0.6604 0.75091 0 -0.37525 0.92693 0.00069 -0.43805 0.89895 0.00018 -0.40167 0.91579 0 -0.46359 0.88605 0 -0.53098 0.84739 0 -0.30176 0.95338 0.00026 -0.24551 0.96939 -0 -0.22197 0.97505 -0 -0.14644 0.98922 0.00022 -0.08258 0.99658 0.00012 0.08258 0.99658 0 0.15658 0.98767 0 0.21141 0.9774 0.00034 0.2455 0.9694 -0 0.29144 0.95659 0 0.37063 0.92878 0.00033 0.40168 0.91578 -0 0.44607 0.895 0 0.51882 0.85488 0.00033 0.54695 0.83717 -0 0.5877 0.80908 0 0.65072 0.75932 0.00034 0.67728 0.73572 0 0.71112 0.70307 0 0.76474 0.64433 0.00035 0.78915 0.6142 -0 0.81534 0.57899 0 0.85878 0.51234 0.00035 0.87946 0.47597 -0 0.89819 0.4396 0 0.92998 0.36761 0.00035 0.94581 0.32471 -0 0.95718 0.28948 -0 0.97707 0.21291 0.00034 0.98637 0.16457 -0 0.99132 0.1315 -0 0.99857 0.05345 0.00032 1 0 -0 0.99957 -0.02921 -0 0.98637 -0.16457 0.00044 0.98187 -0.18955 -0 0.99416 -0.10795 0 0.87946 -0.47597 0.0003 0.87098 -0.49131 -0 0.90849 -0.4179 0 0.94581 -0.32471 0.00037 0.9387 -0.34473 -0 0.96396 -0.26605 0 0.67728 -0.73572 0.00019 0.66932 -0.74297 0 0.72823 -0.68533 0 0.78915 -0.6142 0.00025 0.7804 -0.62528 0 0.82937 -0.5587 0.0001 0.39355 -0.9193 0 0.47125 -0.882 0 0.54693 -0.83718 0.00014 0.54013 -0.84158 0 0.60777 -0.79411 -6E-05 0.4017 -0.91577 6E-05 0.2455 -0.9694 -2E-05 0.2409 -0.97055 2E-05 0.08258 -0.99658 0 0.08135 -0.99669 3E-05 -0.08079 -0.99673 0 -0.24551 -0.96939 0.00129 -0.31638 -0.94863 -3E-05 -0.23522 -0.97194 0.00036 -0.54697 -0.83715 -0 -0.51546 -0.85691 -0 -0.40167 -0.91579 0.00109 -0.45789 -0.88901 0 -0.38286 -0.92381 0.0003 -0.67726 -0.73574 0 -0.63366 -0.77361 0 -0.58442 -0.81145 0.00032 -0.78913 -0.61423 -0 -0.77112 -0.6367 0 -0.69538 -0.71865 -0 -0.91015 -0.41427 0.00017 -0.88346 -0.46851 0.00028 -0.87948 -0.47593 -0 -0.84905 -0.52832 -0 -0.82096 -0.57098 -0 -0.94581 -0.32471 0.00129 -0.96747 -0.25297 0 -0.9432 -0.33223 0.00032 -1 0 -0 -0.99958 -0.02882 -0 -0.98637 -0.16457 0.00118 -0.9954 -0.09584 -0 -0.98408 -0.17775 0.00033 -0.98637 0.16457 -0 -0.99361 0.11286 -0 -0.99856 0.05368 0.00035 -0.94581 0.32471 -1E-05 -0.95778 0.28751 1E-05 -0.98101 0.19395 0.00035 -0.87948 0.47593 -0 -0.89843 0.43911 -0 -0.93042 0.36649 -0 -0.74877 0.66283 0.00026 -0.78995 0.61317 0.00024 -0.78913 0.61423 -0 -0.82689 0.56236 -0 -0.85898 0.512 -0 -0.70217 0.71201 0.00034 -0.67726 0.73574 0 -0.64108 0.76747 0 -0.58761 0.80915 0.00033 -0.54699 0.83714 -0 -0.51884 0.85487 -0 -0.45424 0.89088 0.00029 -0.40165 0.91579 0 -0.37915 0.92533 0 -0.30938 0.95094 0.00022 -0.24551 0.96939 -0 -0.2298 0.97324 -0 -0.15703 0.98759 0.00012 -0.08258 0.99658 9E-05 0.08258 0.99658 -4E-05 1 0 4E-05 0.98584 0.16769 -2E-05 0.98637 0.16457 2E-05 0.94389 0.33027 -9E-05 0.94581 0.32471 9E-05 0.8757 0.48285 -6E-05 0.87946 0.47597 7E-05 0.78409 0.62065 -0.0001 0.78915 0.6142 9E-05 0.67205 0.7405 -4E-05 0.67728 0.73572 4E-05 0.54117 0.84091 -9E-05 0.54695 0.83717 9E-05 0.39687 0.91787 -1E-05 0.4017 0.91577 0 0.31328 0.94966 0.00018 0.24547 0.9694 0 0.23449 0.97212 0 0.15932 0.98723 9E-05 0.985 -0.17255 0 0.99619 -0.0872 -0 1 0.00185 -7E-05 0.98637 -0.16457 7E-05 0.94581 -0.32471 -2E-05 0.94421 -0.32935 0 0.87946 -0.47597 0.00025 0.87312 -0.4875 0 0.9099 -0.41482 0 0.67728 -0.73572 0.00044 0.66051 -0.75082 4E-05 0.71512 -0.699 -0 0.73089 -0.6825 0 0.78915 -0.6142 0.00021 0.78235 -0.62284 0 0.83111 -0.5561 0 0.4017 -0.91577 0.00058 0.37418 -0.92735 9E-05 0.43747 -0.89923 0 0.46415 -0.88576 0 0.54693 -0.83718 0.00036 0.53121 -0.84724 -0 0.59927 -0.80055 0.00036 0.06436 -0.99793 -0 0.14655 -0.9892 0 0.2455 -0.9694 0.00048 0.22143 -0.97518 -0 0.30122 -0.95355 -0 -0.78913 -0.61423 0.00137 -0.31298 -0.94976 -0 -0.23423 -0.97218 -0 -0.08258 -0.99658 0.00151 -0.1594 -0.98721 0 -0.07735 -0.997 2E-05 -0.24551 -0.96939 -1E-05 -0.40167 -0.91579 0.0001 -0.39643 -0.91806 -0.0001 -0.54697 -0.83715 6E-05 -0.54056 -0.84131 -0 -0.67726 -0.73574 0.00151 -0.7327 -0.68055 -5E-05 -0.6713 -0.74118 0.0015 -0.91407 -0.40555 -7E-05 -0.87506 -0.48401 7E-05 -0.78674 -0.61728 -0 -0.87948 -0.47593 -0 -0.94581 -0.32471 3E-05 -0.94523 -0.32641 -4E-05 -0.98637 -0.16457 5E-05 -0.98566 -0.16873 -5E-05 -1 0 0 -1 -0.00237 -0 -0.99622 0.08689 8E-05 -0.98637 0.16457 -6E-05 -0.9851 0.17199 6E-05 -0.94581 0.32471 -2E-05 -0.94444 0.32869 0 -0.91015 0.41427 0.00021 -0.87948 0.47593 -0 -0.87312 0.48751 -0 -0.83121 0.55596 0.00018 -0.78913 0.61423 -0 -0.78242 0.62276 -0 -0.73116 0.68221 0.00012 -0.67726 0.73574 0.00102 -0.71525 0.69886 0.00027 -0.54699 0.83714 0 -0.59949 0.80038 0 -0.66057 0.75076 0 -0.37456 0.9272 0.00082 -0.43785 0.89905 0.00021 -0.40167 0.91579 -0 -0.46421 0.88573 -0 -0.53129 0.84719 0 -0.30146 0.95348 0.00032 -0.24549 0.9694 0 -0.22171 0.97511 0 -0.14669 0.98918 0.00026 -0.08258 0.99658 0 0.31728 -0.94833 0 0.60062 -0.79953 0.00017 0.08258 0.99658 0.00034 0.24547 0.9694 0 0.22338 0.97473 0 0.15574 0.9878 0.00043 0.4017 0.91577 0 0.36418 0.93133 -0 0.3031 0.95296 0.00037 0.55744 0.83022 0 0.49301 0.87002 -0 0.43987 0.89806 0.00159 0.60867 0.79342 -0 0.54695 0.83717 0 0.64985 0.76007 0.00043 0.67728 0.73572 0 0.71037 0.70383 0.00036 0.78915 0.6142 0.00018 0.78157 0.62382 0 0.74398 0.6682 0.00033 0.87946 0.47597 0 0.86921 0.49445 -0 0.82357 0.56721 0.0004 0.94581 0.32471 0 0.93588 0.35232 -0 0.90703 0.42107 -0 0.99735 0.07269 -0 0.99165 0.12893 0.00044 0.98637 0.16457 0 0.97764 0.2103 -0 0.96176 0.2739 0.00016 0.99992 0.0128 0.00036 1 0 -0 0.99821 -0.05975 0 0.98637 -0.16457 0.00139 0.97383 -0.22725 -0 0.98919 -0.14661 0 0.87946 -0.47597 0.0003 0.87292 -0.48786 -0 0.91021 -0.41415 0 0.94581 -0.32471 0.00102 0.92961 -0.36854 -0 0.9568 -0.29076 0 0.67728 -0.73572 0.00107 0.6411 -0.76746 -4E-05 0.70456 -0.70965 7E-05 0.78915 -0.6142 0.00011 0.78816 -0.61547 0 0.83418 -0.55149 0 0.4017 -0.91577 0.00085 0.36636 -0.93047 -0 0.44185 -0.89709 0 0.54695 -0.83717 0.00153 0.48825 -0.8727 0.00032 0.54416 -0.83898 0 0.0826 -0.99658 0.00067 0.05291 -0.9986 0 0.13516 -0.99082 0 0.24547 -0.9694 0.00134 0.18705 -0.98235 0.00013 0.25977 -0.96567 -0 -0.0526 -0.99862 0.00043 -0.0826 -0.99658 0 -0.13485 -0.99087 0 -0.17994 -0.98368 0.00028 -0.24549 -0.9694 0 -0.26062 -0.96544 0 -0.33733 -0.94138 0.00025 -0.40167 -0.91579 0.00018 -0.40507 -0.91428 0.00045 -0.54699 -0.83714 -0 -0.50651 -0.86223 -0 -0.46766 -0.88391 7E-05 -0.78683 -0.61716 -6E-05 -0.69404 -0.71994 0.00033 -0.67726 -0.73574 0 -0.6297 -0.77683 0 -0.57598 -0.81747 0.00167 -0.83346 -0.55258 -0 -0.78913 -0.61423 0 -0.87079 -0.49165 0.00142 -0.90853 -0.41782 -0 -0.87948 -0.47593 -0 -0.93589 -0.35229 0.00041 -0.94581 -0.32471 -0 -0.96174 -0.27395 -0 -0.97887 -0.20448 0.00045 -0.98637 -0.16457 -0 -0.99242 -0.12291 -0 -0.99863 -0.05237 0.00042 -1 0 -0 -0.99954 0.03033 -0 -0.99484 0.1015 0.00031 -0.98637 0.16457 -0 -0.98306 0.18329 -0 -0.96749 0.25291 0.00014 -0.94581 0.32471 8E-05 -0.9447 0.32794 -7E-05 -0.88827 0.45933 0.00026 -0.87948 0.47593 0 -0.84521 0.53443 -0 -0.80468 0.5937 0.00037 -0.78913 0.61423 0 -0.7531 0.65791 -0 -0.70324 0.71095 0.00043 -0.67726 0.73574 0 -0.64212 0.76661 0 -0.58493 0.81108 0.00043 -0.54699 0.83714 -0 -0.51597 0.85661 -0 -0.45206 0.89199 0.00038 -0.40167 0.91579 0 -0.37686 0.92627 -0 -0.308 0.95138 0.00029 -0.24549 0.9694 0 -0.22824 0.9736 0 -0.15613 0.98774 0.00016 -0.08258 0.99658 4E-05 0 1 -0.70711 -0 -0.70711 0.70711 0 -0.70711 -0.07844 0.99692 0 -0.23348 0.97236 0 -0.52248 0.85265 0 -0.64946 0.76039 0 -0.7604 0.64946 0 -0.85264 0.52251 0 -0.92388 0.38267 0 -0.97237 0.23345 0 -0.99692 0.07845 0 -0.0785 -0.99691 -0 -0.23342 -0.97238 -0 -0.52248 -0.85265 -0 -0.64946 -0.76039 -0 -0.7604 -0.64946 -0 -0.85264 -0.52251 -0 -0.92388 -0.38267 -0 -0.97237 -0.23345 -0 -0.99692 -0.07845 -0 -0.7604 -0 -0.64946 -0.85265 -0 -0.52249 -0.92388 -0 -0.38269 -0.97237 -0 -0.23345 -0.99692 -0 -0.07845 -0.23345 0.97237 0 -0.52251 0.85264 0 -0.64945 0.76041 0 -0.92388 0.38269 0 -0.97237 0.23345 0 -0.07847 -0.99692 -0 -0.23345 -0.97237 -0 -0.38267 -0.92389 -0 -0.52251 -0.85264 -0 -0.76041 -0.64944 -0 -0.92388 -0.38269 -0 -0.97237 -0.23345 -0 -0.99692 -0.07845 -0 0.07844 0.99692 0 0.23348 0.97236 0 0.52248 0.85265 0 0.64946 0.7604 0 0.7604 0.64946 0 0.85264 0.5225 0 0.92388 0.38267 0 0.97237 0.23345 0 0.99692 0.07845 0 0.07844 -0.99692 0 0.23348 -0.97236 0 0.52248 -0.85265 0 0.64946 -0.7604 0 0.7604 -0.64946 0 0.85264 -0.5225 0 0.92388 -0.38267 0 0.97237 -0.23345 0 0.99692 -0.07845 0 0.7604 0 -0.64945 0.85264 0 -0.52249 0.92388 0 -0.38269 0.97237 0 -0.23345 0.99692 0 -0.07845 0.23345 0.97237 0 0.52251 0.85264 0 0.64944 0.76041 0 0.85265 0.52249 0 0.92388 0.38269 0 0.97237 0.23345 0 0.23345 -0.97237 0 0.52251 -0.85264 0 0.64944 -0.76041 0 0.76041 -0.64944 0 0.92388 -0.38269 0 0.97237 -0.23345 0 1 0 0.00117 0.9964 -0.0848 0 0.96773 -0.25198 0 0.72196 -0.69194 0 0.59463 -0.804 0 0.4502 -0.89293 0 0.29282 -0.95617 0 0.12704 -0.9919 0 -0.04246 -0.9991 -0 -0.21068 -0.97756 -0 -0.87301 -0.4877 -0 -0.94288 -0.33314 -0 -0.94288 0.33314 0 -0.87301 0.4877 0 -0.66069 0.75066 0 -0.52429 0.85154 0 -0.21068 0.97756 0 -0.04246 0.9991 0 0.12704 0.9919 0 0.29282 0.95617 0 0.4502 0.89293 0 0.59463 0.804 0 0.72196 0.69194 0 0.82851 0.55998 0 0.91123 0.41189 0 0.96773 0.25198 0 0.96773 -0.25197 0 0.82851 -0.55998 0 0.12701 -0.9919 0 -0.04243 -0.9991 -0 -0.37288 -0.92788 -0 -0.52429 -0.85154 -0 -0.66069 -0.75066 -0 -0.77803 -0.62823 -0 -0.98562 -0.169 -0 -0.04243 0.9991 0 0.12701 0.9919 0 0.9964 0.0848 0</float_array>
          <technique_common>
            <accessor source="#norm_0-array" count="27288" stride="3">
              <param name="X" type="float"/>
              <param name="Y" type="float"/>
              <param name="Z" type="float"/>
            </accessor>
          </technique_common>
        </source>
        <source id="uvs_0">
          <float_array id="uvs_0-array" count="0"></float_array>
          <technique_common>
            <accessor source="#uvs_0-array" count="0" stride="2">
              <param name="S" type="float"/>
              <param name="T" type="float"/>
            </accessor>
          </technique_common>
        </source>
        <vertices id="vert_0">
          <input semantic="POSITION" source="#pos_0"/>
        </vertices>
        <triangles count="16060" material="mat_0">
          <input semantic="VERTEX" source="#vert_0" offset="0"/>
          <input semantic="NORMAL" source="#norm_0" offset="1"/>
          <p>0 0 1 0 2 0 2 1 1 1 3 1 2 2 3 2 4 2 4 3 3 3 5 3 4 4 5 4 6 4 6 4 5 4 7 4 6 5 7 5 8 5 8 5 7 5 9 5 8 6 9 6 10 6 10 6 9 6 11 6 10 7 11 7 12 7 12 7 11 7 13 7 12 8 13 8 14 8 14 8 13 8 15 8 14 9 15 9 16 9 16 9 15 9 17 9 16 10 17 10 18 10 18 10 17 10 19 10 18 11 19 11 20 11 20 11 19 11 21 11 20 12 21 12 22 12 22 12 21 12 23 12 22 13 23 13 24 13 24 13 23 13 25 13 24 14 25 14 26 14 26 14 25 14 27 14 26 15 27 15 28 15 28 15 27 15 29 15 28 16 29 16 30 16 30 16 29 16 31 16 30 17 31 17 32 17 32 17 31 17 33 17 32 18 33 18 34 18 34 18 33 18 35 18 34 19 35 19 36 19 36 19 35 19 37 19 36 20 37 20 38 20 38 20 37 20 39 20 38 21 39 21 40 21 40 21 39 21 41 21 40 22 41 22 42 22 42 22 41 22 43 22 42 23 43 23 44 23 44 23 43 23 45 23 44 24 45 24 46 24 46 24 45 24 47 24 46 25 47 25 48 25 48 25 47 25 49 25 48 26 49 26 50 26 50 26 49 26 51 26 50 27 51 27 52 27 52 27 51 27 53 27 52 28 53 28 54 28 54 28 53 28 55 28 54 29 55 29 56 29 56 29 55 29 57 29 56 30 57 30 58 30 58 30 57 30 59 30 58 31 59 31 60 31 60 31 59 31 61 31 60 32 61 32 62 32 62 32 61 32 63 32 62 33 63 33 64 33 64 33 63 33 65 33 64 34 65 34 66 34 66 34 65 34 67 34 66 35 67 35 68 35 68 35 67 35 69 35 68 36 69 36 70 36 70 36 69 36 71 36 70 37 71 37 72 37 72 37 71 37 73 37 72 38 73 38 74 38 74 38 73 38 0 38 74 0 0 0 2 0 75 39 76 39 77 39 77 40 76 40 78 40 77 2 78 2 79 2 79 41 78 41 80 41 79 4 80 4 81 4 81 4 80 4 82 4 81 42 82 42 83 42 83 42 82 42 84 42 83 43 84 43 85 43 85 43 84 43 86 43 85 7 86 7 87 7 87 7 86 7 88 7 87 8 88 8 89 8 89 8 88 8 90 8 89 9 90 9 91 9 91 9 90 9 92 9 91 10 92 10 93 10 93 10 92 10 94 10 93 44 94 44 95 44 95 44 94 44 96 44 95 45 96 45 97 45 97 45 96 45 98 45 97 46 98 46 99 46 99 46 98 46 100 46 99 47 100 47 101 47 101 47 100 47 102 47 101 48 102 48 103 48 103 48 102 48 104 48 103 49 104 49 105 49 105 49 104 49 106 49 105 50 106 50 107 50 107 50 106 50 108 50 107 18 108 18 109 18 109 18 108 18 110 18 109 19 110 19 111 19 111 19 110 19 112 19 111 20 112 20 113 20 113 20 112 20 114 20 113 51 114 51 115 51 115 51 114 51 116 51 115 22 116 22 117 22 117 22 116 22 118 22 117 52 118 52 119 52 119 52 118 52 120 52 119 24 120 24 121 24 121 24 120 24 122 24 121 53 122 53 123 53 123 53 122 53 124 53 123 54 124 54 125 54 125 54 124 54 126 54 125 27 126 27 127 27 127 27 126 27 128 27 127 55 128 55 129 55 129 55 128 55 130 55 129 29 130 29 131 29 131 29 130 29 132 29 131 30 132 30 133 30 133 30 132 30 134 30 133 31 134 31 135 31 135 31 134 31 136 31 135 56 136 56 137 56 137 56 136 56 138 56 137 33 138 33 139 33 139 33 138 33 140 33 139 57 140 57 141 57 141 57 140 57 142 57 141 58 142 58 143 58 143 58 142 58 144 58 143 36 144 36 145 36 145 36 144 36 146 36 145 59 146 59 147 59 147 59 146 59 148 59 147 38 148 38 149 38 149 38 148 38 75 38 149 39 75 39 77 39 150 60 151 60 152 60 152 61 151 61 153 61 152 62 153 62 154 62 154 63 153 63 155 63 154 64 155 64 156 64 156 64 155 64 157 64 156 42 157 42 158 42 158 42 157 42 159 42 158 43 159 43 160 43 160 43 159 43 161 43 160 7 161 7 162 7 162 7 161 7 163 7 162 8 163 8 164 8 164 8 163 8 165 8 164 9 165 9 166 9 166 9 165 9 167 9 166 10 167 10 168 10 168 10 167 10 169 10 168 44 169 44 170 44 170 44 169 44 171 44 170 45 171 45 172 45 172 45 171 45 173 45 172 65 173 65 174 65 174 65 173 65 175 65 174 66 175 66 176 66 176 66 175 66 177 66 176 48 177 48 178 48 178 48 177 48 179 48 178 49 179 49 180 49 180 49 179 49 181 49 180 67 181 67 182 67 182 67 181 67 183 67 182 68 183 68 184 68 184 68 183 68 185 68 184 69 185 69 186 69 186 69 185 69 187 69 186 20 187 20 188 20 188 20 187 20 189 20 188 70 189 70 190 70 190 70 189 70 191 70 190 71 191 71 192 71 192 71 191 71 193 71 192 52 193 52 194 52 194 52 193 52 195 52 194 72 195 72 196 72 196 72 195 72 197 72 196 73 197 73 198 73 198 73 197 73 199 73 198 74 199 74 200 74 200 74 199 74 201 74 200 27 201 27 202 27 202 27 201 27 203 27 202 55 203 55 204 55 204 55 203 55 205 55 204 75 205 75 206 75 206 75 205 75 207 75 206 76 207 76 208 76 208 76 207 76 209 76 208 31 209 31 210 31 210 31 209 31 211 31 210 56 211 56 212 56 212 56 211 56 213 56 212 33 213 33 214 33 214 33 213 33 215 33 214 57 215 57 216 57 216 57 215 57 217 57 216 58 217 58 218 58 218 58 217 58 219 58 218 36 219 36 220 36 220 36 219 36 221 36 220 59 221 59 222 59 222 59 221 59 223 59 222 38 223 38 224 38 224 38 223 38 150 38 224 60 150 60 152 60 225 77 226 77 227 77 227 78 226 78 228 78 227 62 228 62 229 62 229 79 228 79 230 79 229 64 230 64 231 64 231 64 230 64 232 64 231 5 232 5 233 5 233 5 232 5 234 5 233 6 234 6 235 6 235 6 234 6 236 6 235 7 236 7 237 7 237 7 236 7 238 7 237 8 238 8 239 8 239 8 238 8 240 8 239 9 240 9 241 9 241 9 240 9 242 9 241 10 242 10 243 10 243 10 242 10 244 10 243 11 244 11 245 11 245 11 244 11 246 11 245 12 246 12 247 12 247 12 246 12 248 12 247 80 248 80 249 80 249 80 248 80 250 80 249 81 250 81 251 81 251 81 250 81 252 81 251 15 252 15 253 15 253 15 252 15 254 15 253 16 254 16 255 16 255 16 254 16 256 16 255 82 256 82 257 82 257 82 256 82 258 82 257 68 258 68 259 68 259 68 258 68 260 68 259 69 260 69 261 69 261 69 260 69 262 69 261 20 262 20 263 20 263 20 262 20 264 20 263 83 264 83 265 83 265 83 264 83 266 83 265 71 266 71 267 71 267 71 266 71 268 71 267 23 268 23 269 23 269 23 268 23 270 23 269 72 270 72 271 72 271 72 270 72 272 72 271 84 272 84 273 84 273 84 272 84 274 84 273 85 274 85 275 85 275 85 274 85 276 85 275 27 276 27 277 27 277 27 276 27 278 27 277 28 278 28 279 28 279 28 278 28 280 28 279 75 280 75 281 75 281 75 280 75 282 75 281 76 282 76 283 76 283 76 282 76 284 76 283 31 284 31 285 31 285 31 284 31 286 31 285 32 286 32 287 32 287 32 286 32 288 32 287 33 288 33 289 33 289 33 288 33 290 33 289 34 290 34 291 34 291 34 290 34 292 34 291 35 292 35 293 35 293 35 292 35 294 35 293 36 294 36 295 36 295 36 294 36 296 36 295 37 296 37 297 37 297 37 296 37 298 37 297 38 298 38 299 38 299 38 298 38 225 38 299 77 225 77 227 77 300 86 301 86 302 86 303 86 304 86 305 86 306 86 307 86 308 86 309 86 310 86 311 86 311 86 310 86 312 86 311 86 312 86 313 86 314 86 315 86 316 86 316 86 315 86 317 86 318 86 319 86 320 86 320 86 319 86 321 86 322 86 323 86 315 86 315 86 323 86 324 86 321 86 325 86 320 86 320 86 325 86 326 86 320 86 326 86 327 86 324 86 328 86 315 86 315 86 328 86 329 86 315 86 329 86 317 86 327 86 330 86 320 86 320 86 330 86 331 86 320 86 331 86 332 86 332 86 331 86 333 86 332 86 333 86 334 86 314 86 335 86 315 86 315 86 335 86 336 86 315 86 336 86 320 86 320 86 336 86 337 86 320 86 337 86 318 86 322 86 315 86 338 86 338 86 315 86 339 86 338 86 339 86 340 86 340 86 339 86 341 86 340 86 341 86 342 86 342 86 341 86 343 86 342 86 343 86 344 86 344 86 343 86 345 86 345 86 343 86 346 86 345 86 346 86 347 86 348 86 349 86 346 86 346 86 349 86 350 86 346 86 350 86 347 86 351 86 352 86 353 86 353 86 352 86 354 86 355 86 356 86 352 86 352 86 356 86 357 86 352 86 357 86 354 86 358 86 359 86 348 86 348 86 359 86 360 86 348 86 360 86 361 86 361 86 362 86 348 86 348 86 362 86 363 86 348 86 363 86 349 86 351 86 364 86 352 86 352 86 364 86 365 86 352 86 365 86 348 86 348 86 365 86 366 86 348 86 366 86 358 86 367 86 368 86 369 86 368 86 370 86 369 86 369 86 370 86 371 86 369 86 371 86 372 86 372 86 373 86 369 86 369 86 373 86 374 86 369 86 374 86 375 86 375 86 376 86 369 86 369 86 376 86 377 86 369 86 377 86 378 86 377 86 379 86 378 86 378 86 379 86 380 86 378 86 380 86 381 86 381 86 382 86 378 86 378 86 382 86 383 86 378 86 383 86 384 86 384 86 385 86 378 86 378 86 385 86 386 86 378 86 386 86 387 86 388 86 389 86 390 86 390 86 389 86 391 86 367 86 315 86 392 86 392 86 315 86 320 86 392 86 320 86 393 86 393 86 320 86 394 86 393 86 394 86 395 86 395 86 394 86 396 86 395 86 396 86 397 86 397 86 396 86 390 86 397 86 390 86 398 86 398 86 390 86 391 86 399 86 400 86 390 86 390 86 400 86 401 86 390 86 401 86 388 86 402 86 403 86 404 86 404 86 403 86 405 86 405 86 406 86 404 86 404 86 406 86 407 86 404 86 407 86 408 86 409 86 410 86 399 86 399 86 410 86 411 86 399 86 411 86 400 86 412 86 413 86 402 86 402 86 413 86 414 86 402 86 414 86 403 86 415 86 416 86 402 86 402 86 416 86 417 86 402 86 417 86 412 86 387 86 418 86 378 86 378 86 418 86 419 86 378 86 419 86 420 86 420 86 419 86 421 86 420 86 421 86 422 86 422 86 421 86 423 86 422 86 423 86 424 86 424 86 423 86 425 86 424 86 425 86 415 86 415 86 425 86 426 86 415 86 426 86 416 86 427 86 428 86 429 86 430 86 431 86 432 86 432 86 431 86 433 86 432 86 433 86 434 86 428 86 435 86 429 86 429 86 435 86 436 86 429 86 436 86 437 86 437 86 438 86 429 86 429 86 438 86 439 86 429 86 439 86 440 86 440 86 441 86 429 86 429 86 441 86 442 86 429 86 442 86 432 86 432 86 442 86 443 86 432 86 443 86 430 86 434 86 444 86 432 86 432 86 444 86 445 86 432 86 445 86 446 86 447 86 448 86 429 86 429 86 448 86 449 86 429 86 449 86 427 86 450 86 451 86 452 86 450 86 452 86 453 86 451 86 454 86 452 86 452 86 454 86 455 86 452 86 455 86 456 86 456 86 455 86 457 86 456 86 457 86 458 86 458 86 457 86 459 86 458 86 459 86 460 86 460 86 459 86 461 86 460 86 461 86 447 86 447 86 461 86 462 86 447 86 462 86 448 86 463 86 464 86 465 86 465 86 464 86 466 86 465 86 466 86 467 86 467 86 468 86 465 86 465 86 468 86 469 86 465 86 469 86 452 86 452 86 469 86 470 86 452 86 470 86 453 86 471 86 472 86 473 86 473 86 472 86 474 86 473 86 474 86 475 86 471 86 476 86 472 86 472 86 476 86 477 86 472 86 477 86 478 86 478 86 479 86 472 86 472 86 479 86 480 86 472 86 480 86 481 86 481 86 480 86 482 86 481 86 482 86 483 86 475 86 484 86 352 86 352 86 484 86 311 86 352 86 311 86 355 86 355 86 311 86 313 86 485 86 486 86 487 86 487 86 486 86 488 86 487 86 488 86 489 86 490 86 394 86 491 86 491 86 394 86 492 86 320 86 493 86 494 86 494 86 495 86 320 86 320 86 495 86 496 86 320 86 496 86 394 86 394 86 496 86 497 86 394 86 497 86 492 86 498 86 499 86 332 86 332 86 499 86 500 86 332 86 500 86 320 86 320 86 500 86 501 86 320 86 501 86 493 86 502 86 503 86 504 86 504 86 503 86 505 86 504 86 505 86 506 86 506 86 507 86 504 86 504 86 507 86 508 86 504 86 508 86 509 86 509 86 508 86 510 86 509 86 510 86 332 86 332 86 510 86 511 86 332 86 511 86 498 86 512 86 513 86 484 86 514 86 515 86 311 86 311 86 515 86 516 86 516 86 502 86 311 86 311 86 502 86 504 86 311 86 504 86 309 86 309 86 504 86 509 86 309 86 509 86 517 86 517 86 509 86 332 86 517 86 332 86 518 86 518 86 332 86 334 86 513 86 519 86 484 86 484 86 519 86 520 86 484 86 520 86 311 86 311 86 520 86 521 86 311 86 521 86 514 86 522 86 523 86 524 86 524 86 523 86 525 86 524 86 525 86 484 86 484 86 525 86 526 86 484 86 526 86 512 86 489 86 527 86 487 86 487 86 527 86 528 86 487 86 528 86 529 86 529 86 528 86 530 86 529 86 530 86 524 86 524 86 530 86 531 86 524 86 531 86 522 86 532 86 533 86 534 86 535 86 536 86 537 86 537 86 536 86 538 86 537 86 538 86 534 86 534 86 538 86 539 86 534 86 539 86 532 86 540 86 541 86 542 86 542 86 541 86 543 86 540 86 544 86 541 86 541 86 544 86 545 86 541 86 545 86 537 86 537 86 545 86 546 86 537 86 546 86 535 86 543 86 541 86 547 86 547 86 541 86 399 86 547 86 399 86 548 86 549 86 550 86 551 86 551 86 550 86 552 86 551 86 552 86 553 86 307 86 554 86 308 86 308 86 554 86 555 86 308 86 555 86 556 86 481 86 557 86 558 86 559 86 560 86 561 86 561 86 560 86 562 86 561 86 562 86 557 86 557 86 562 86 563 86 557 86 563 86 564 86 564 86 565 86 557 86 557 86 565 86 566 86 557 86 566 86 558 86 567 86 568 86 569 86 569 86 568 86 570 86 569 86 570 86 561 86 561 86 570 86 571 86 561 86 571 86 559 86 533 86 572 86 534 86 534 86 572 86 573 86 534 86 573 86 574 86 574 86 573 86 575 86 574 86 575 86 569 86 569 86 575 86 576 86 569 86 576 86 567 86 577 86 578 86 579 86 578 86 580 86 579 86 579 86 580 86 581 86 579 86 581 86 582 86 582 86 583 86 579 86 579 86 583 86 584 86 579 86 584 86 585 86 585 86 584 86 586 86 585 86 586 86 587 86 587 86 588 86 585 86 585 86 588 86 589 86 585 86 589 86 590 86 590 86 589 86 591 86 591 86 589 86 592 86 592 86 589 86 593 86 592 86 593 86 594 86 595 86 596 86 597 86 598 86 599 86 595 86 595 86 599 86 600 86 595 86 600 86 601 86 601 86 602 86 595 86 595 86 602 86 603 86 595 86 603 86 604 86 604 86 603 86 605 86 604 86 605 86 606 86 597 86 607 86 595 86 595 86 607 86 608 86 595 86 608 86 609 86 610 86 611 86 595 86 595 86 611 86 612 86 609 86 613 86 595 86 595 86 613 86 614 86 595 86 614 86 610 86 612 86 615 86 595 86 595 86 615 86 616 86 595 86 616 86 598 86 617 86 618 86 619 86 619 86 618 86 620 86 619 86 620 86 621 86 621 86 622 86 619 86 619 86 622 86 623 86 619 86 623 86 624 86 625 86 626 86 627 86 627 86 628 86 625 86 625 86 628 86 629 86 625 86 629 86 630 86 630 86 629 86 631 86 631 86 629 86 632 86 632 86 629 86 633 86 632 86 633 86 634 86 292 86 290 86 635 86 288 86 286 86 636 86 636 86 286 86 284 86 636 86 284 86 282 86 228 86 226 86 635 86 635 86 226 86 225 86 635 86 225 86 298 86 252 86 250 86 637 86 298 86 296 86 635 86 635 86 296 86 294 86 635 86 294 86 292 86 282 86 280 86 636 86 636 86 280 86 278 86 636 86 278 86 276 86 276 86 274 86 636 86 636 86 274 86 272 86 636 86 272 86 270 86 638 86 240 86 639 86 639 86 240 86 238 86 639 86 238 86 236 86 236 86 234 86 639 86 639 86 234 86 232 86 639 86 232 86 635 86 635 86 232 86 230 86 635 86 230 86 228 86 258 86 637 86 260 86 260 86 637 86 262 86 258 86 256 86 637 86 637 86 256 86 254 86 637 86 254 86 252 86 250 86 248 86 637 86 637 86 248 86 246 86 637 86 246 86 640 86 640 86 246 86 244 86 640 86 244 86 641 86 641 86 244 86 242 86 641 86 242 86 642 86 270 86 268 86 636 86 636 86 268 86 266 86 636 86 266 86 637 86 637 86 266 86 264 86 637 86 264 86 262 86 643 86 644 86 242 86 645 86 646 86 242 86 242 86 646 86 647 86 242 86 647 86 648 86 648 86 649 86 242 86 242 86 649 86 650 86 242 86 650 86 642 86 638 86 651 86 240 86 240 86 651 86 652 86 240 86 652 86 242 86 242 86 652 86 653 86 242 86 653 86 643 86 644 86 654 86 242 86 242 86 654 86 655 86 242 86 655 86 656 86 656 86 657 86 242 86 242 86 657 86 658 86 242 86 658 86 645 86 1 86 0 86 659 86 659 86 0 86 73 86 73 86 71 86 659 86 659 86 71 86 69 86 659 86 69 86 67 86 67 86 65 86 659 86 659 86 65 86 63 86 659 86 63 86 61 86 31 86 29 86 617 86 59 86 57 86 619 86 57 86 55 86 619 86 619 86 55 86 53 86 619 86 53 86 51 86 51 86 49 86 619 86 619 86 49 86 47 86 619 86 47 86 45 86 21 86 19 86 660 86 660 86 19 86 17 86 660 86 17 86 15 86 15 86 13 86 660 86 660 86 13 86 11 86 660 86 11 86 9 86 9 86 7 86 660 86 660 86 7 86 5 86 660 86 5 86 659 86 659 86 5 86 3 86 659 86 3 86 1 86 37 86 35 86 617 86 617 86 35 86 33 86 617 86 33 86 31 86 29 86 27 86 617 86 617 86 27 86 25 86 617 86 25 86 660 86 660 86 25 86 23 86 660 86 23 86 21 86 45 86 43 86 619 86 619 86 43 86 41 86 619 86 41 86 617 86 617 86 41 86 39 86 617 86 39 86 37 86 637 86 561 86 636 86 636 86 561 86 557 86 636 86 557 86 465 86 465 86 557 86 481 86 465 86 481 86 463 86 463 86 481 86 483 86 537 86 660 86 541 86 541 86 660 86 659 86 541 86 659 86 399 86 399 86 659 86 404 86 399 86 404 86 409 86 409 86 404 86 408 86 661 86 549 86 662 86 662 86 549 86 551 86 662 86 551 86 663 86 663 86 551 86 664 86 558 86 306 86 481 86 481 86 306 86 308 86 481 86 308 86 472 86 472 86 308 86 305 86 472 86 305 86 474 86 474 86 305 86 302 86 665 86 666 86 305 86 667 86 668 86 302 86 665 86 305 86 669 86 670 86 671 86 302 86 302 86 671 86 672 86 672 86 673 86 302 86 302 86 673 86 674 86 302 86 674 86 667 86 675 86 676 86 305 86 305 86 676 86 677 86 305 86 677 86 669 86 666 86 678 86 305 86 305 86 678 86 679 86 305 86 679 86 303 86 304 86 680 86 305 86 305 86 680 86 681 86 305 86 681 86 302 86 302 86 681 86 682 86 302 86 682 86 670 86 683 86 684 86 685 86 668 86 686 86 302 86 302 86 686 86 687 86 302 86 687 86 685 86 685 86 687 86 688 86 685 86 688 86 683 86 689 86 690 86 663 86 663 86 690 86 691 86 663 86 691 86 692 86 556 86 661 86 308 86 308 86 661 86 662 86 308 86 662 86 305 86 305 86 662 86 663 86 305 86 663 86 675 86 675 86 663 86 692 86 693 86 663 86 694 86 694 86 663 86 695 86 693 86 696 86 663 86 663 86 696 86 697 86 663 86 697 86 689 86 684 86 698 86 685 86 685 86 698 86 699 86 685 86 699 86 663 86 663 86 699 86 700 86 663 86 700 86 695 86 701 86 702 86 663 86 703 86 704 86 685 86 701 86 663 86 705 86 706 86 707 86 708 86 708 86 707 86 709 86 708 86 709 86 710 86 711 86 712 86 664 86 664 86 712 86 713 86 664 86 713 86 663 86 663 86 713 86 714 86 663 86 714 86 705 86 703 86 685 86 715 86 710 86 716 86 708 86 708 86 716 86 717 86 708 86 717 86 718 86 719 86 664 86 720 86 720 86 664 86 721 86 719 86 722 86 664 86 664 86 722 86 723 86 664 86 723 86 724 86 724 86 725 86 664 86 664 86 725 86 726 86 664 86 726 86 711 86 702 86 727 86 663 86 663 86 727 86 728 86 663 86 728 86 729 86 729 86 730 86 663 86 663 86 730 86 731 86 663 86 731 86 685 86 685 86 731 86 732 86 685 86 732 86 715 86 704 86 733 86 685 86 685 86 733 86 734 86 685 86 734 86 708 86 708 86 734 86 735 86 708 86 735 86 706 86 718 86 736 86 708 86 708 86 736 86 737 86 708 86 737 86 664 86 664 86 737 86 738 86 664 86 738 86 721 86 739 86 740 86 302 86 739 86 302 86 741 86 742 86 743 86 302 86 744 86 745 86 524 86 524 86 745 86 746 86 747 86 748 86 524 86 524 86 748 86 749 86 524 86 749 86 750 86 743 86 751 86 302 86 302 86 751 86 752 86 302 86 752 86 741 86 740 86 753 86 302 86 302 86 753 86 754 86 302 86 754 86 300 86 475 86 474 86 484 86 484 86 474 86 302 86 484 86 302 86 524 86 524 86 302 86 301 86 524 86 301 86 744 86 746 86 755 86 524 86 524 86 755 86 756 86 524 86 756 86 747 86 757 86 758 86 685 86 759 86 760 86 685 86 685 86 758 86 302 86 302 86 758 86 761 86 302 86 761 86 742 86 750 86 762 86 524 86 524 86 762 86 763 86 524 86 763 86 529 86 529 86 763 86 764 86 529 86 764 86 765 86 765 86 766 86 529 86 529 86 766 86 767 86 529 86 767 86 768 86 768 86 769 86 529 86 529 86 769 86 770 86 529 86 770 86 771 86 760 86 772 86 685 86 685 86 772 86 773 86 685 86 773 86 757 86 774 86 775 86 708 86 776 86 777 86 685 86 778 86 779 86 487 86 780 86 529 86 685 86 685 86 529 86 771 86 685 86 771 86 759 86 780 86 781 86 529 86 529 86 781 86 782 86 529 86 782 86 783 86 708 86 775 86 685 86 685 86 775 86 784 86 685 86 784 86 776 86 777 86 785 86 685 86 685 86 785 86 786 86 685 86 786 86 780 86 783 86 787 86 529 86 529 86 787 86 788 86 529 86 788 86 789 86 789 86 790 86 529 86 529 86 790 86 791 86 529 86 791 86 487 86 487 86 791 86 792 86 487 86 792 86 778 86 487 86 793 86 794 86 795 86 796 86 708 86 708 86 797 86 798 86 779 86 799 86 487 86 487 86 799 86 800 86 487 86 800 86 793 86 798 86 801 86 708 86 708 86 801 86 802 86 708 86 802 86 774 86 794 86 803 86 487 86 487 86 803 86 804 86 487 86 804 86 805 86 796 86 806 86 708 86 708 86 806 86 807 86 708 86 807 86 797 86 805 86 808 86 487 86 487 86 808 86 809 86 487 86 809 86 708 86 708 86 809 86 810 86 708 86 810 86 795 86 553 86 548 86 551 86 551 86 548 86 399 86 551 86 399 86 664 86 664 86 399 86 390 86 664 86 390 86 708 86 708 86 390 86 396 86 708 86 396 86 487 86 487 86 396 86 394 86 487 86 394 86 485 86 485 86 394 86 490 86 367 86 369 86 315 86 315 86 369 86 811 86 315 86 811 86 339 86 339 86 811 86 812 86 339 86 812 86 341 86 341 86 812 86 813 86 341 86 813 86 343 86 343 86 813 86 432 86 343 86 432 86 346 86 346 86 432 86 446 86 346 86 446 86 348 86 61 86 59 86 659 86 659 86 59 86 619 86 659 86 619 86 404 86 404 86 619 86 814 86 404 86 814 86 402 86 402 86 814 86 815 86 402 86 815 86 415 86 415 86 815 86 816 86 415 86 816 86 424 86 424 86 816 86 817 86 424 86 817 86 422 86 422 86 817 86 818 86 422 86 818 86 420 86 420 86 818 86 819 86 420 86 819 86 378 86 378 86 819 86 820 86 211 86 209 86 821 86 175 86 173 86 429 86 211 86 821 86 213 86 209 86 207 86 821 86 821 86 207 86 205 86 821 86 205 86 203 86 203 86 201 86 821 86 821 86 201 86 199 86 821 86 199 86 197 86 183 86 181 86 429 86 171 86 169 86 822 86 221 86 579 86 223 86 223 86 579 86 150 86 221 86 219 86 579 86 579 86 219 86 217 86 579 86 217 86 215 86 191 86 189 86 429 86 181 86 179 86 429 86 429 86 179 86 177 86 429 86 177 86 175 86 169 86 167 86 822 86 822 86 167 86 165 86 822 86 165 86 163 86 189 86 187 86 429 86 429 86 187 86 185 86 429 86 185 86 183 86 173 86 171 86 429 86 429 86 171 86 822 86 429 86 822 86 447 86 447 86 822 86 823 86 447 86 823 86 460 86 460 86 823 86 824 86 460 86 824 86 458 86 458 86 824 86 825 86 458 86 825 86 456 86 456 86 825 86 826 86 456 86 826 86 452 86 452 86 826 86 827 86 452 86 827 86 465 86 465 86 827 86 828 86 465 86 828 86 636 86 636 86 828 86 635 86 636 86 635 86 288 86 288 86 635 86 290 86 163 86 161 86 822 86 822 86 161 86 159 86 822 86 159 86 157 86 157 86 155 86 822 86 822 86 155 86 153 86 822 86 153 86 579 86 579 86 153 86 151 86 579 86 151 86 150 86 197 86 195 86 821 86 821 86 195 86 193 86 821 86 193 86 191 86 191 86 429 86 821 86 821 86 429 86 432 86 821 86 432 86 829 86 829 86 432 86 813 86 829 86 813 86 830 86 830 86 813 86 812 86 830 86 812 86 831 86 831 86 812 86 811 86 831 86 811 86 832 86 832 86 811 86 369 86 832 86 369 86 833 86 833 86 369 86 378 86 833 86 378 86 834 86 136 86 134 86 834 86 75 86 148 86 834 86 834 86 134 86 835 86 134 86 132 86 835 86 835 86 132 86 130 86 835 86 130 86 128 86 96 86 94 86 378 86 148 86 146 86 834 86 834 86 146 86 144 86 834 86 144 86 142 86 128 86 126 86 835 86 835 86 126 86 124 86 835 86 124 86 122 86 114 86 112 86 820 86 820 86 112 86 110 86 104 86 102 86 820 86 820 86 102 86 100 86 820 86 100 86 378 86 378 86 100 86 98 86 378 86 98 86 96 86 94 86 92 86 378 86 378 86 92 86 90 86 378 86 90 86 88 86 142 86 140 86 834 86 834 86 140 86 138 86 834 86 138 86 136 86 122 86 120 86 835 86 835 86 120 86 118 86 835 86 118 86 820 86 820 86 118 86 116 86 820 86 116 86 114 86 110 86 108 86 820 86 820 86 108 86 106 86 820 86 106 86 104 86 88 86 86 86 378 86 378 86 86 86 84 86 378 86 84 86 82 86 82 86 80 86 378 86 378 86 80 86 78 86 378 86 78 86 834 86 834 86 78 86 76 86 834 86 76 86 75 86 836 86 835 86 837 86 837 86 835 86 820 86 837 86 820 86 838 86 838 86 820 86 819 86 838 86 819 86 839 86 839 86 819 86 818 86 839 86 818 86 840 86 840 86 818 86 817 86 840 86 817 86 841 86 841 86 817 86 816 86 841 86 816 86 842 86 842 86 816 86 815 86 842 86 815 86 843 86 843 86 815 86 814 86 843 86 814 86 844 86 844 86 814 86 619 86 844 86 619 86 625 86 625 86 619 86 624 86 625 86 624 86 626 86 215 86 213 86 579 86 579 86 213 86 821 86 579 86 821 86 577 86 577 86 821 86 829 86 577 86 829 86 845 86 845 86 829 86 830 86 845 86 830 86 846 86 846 86 830 86 831 86 846 86 831 86 847 86 847 86 831 86 832 86 847 86 832 86 848 86 848 86 832 86 833 86 848 86 833 86 849 86 849 86 833 86 834 86 849 86 834 86 850 86 850 86 834 86 835 86 850 86 835 86 595 86 595 86 835 86 836 86 595 86 836 86 596 86 851 87 852 87 853 87 854 88 855 88 856 88 857 87 858 87 859 87 859 87 858 87 860 87 854 88 856 88 861 88 861 89 856 89 862 89 861 89 862 89 863 89 863 90 862 90 864 90 863 90 864 90 865 90 865 91 864 91 866 91 865 91 866 91 867 91 867 92 866 92 868 92 867 92 868 92 869 92 869 93 868 93 870 93 869 93 870 93 871 93 871 94 870 94 872 94 871 94 872 94 873 94 873 95 872 95 874 95 873 95 874 95 875 95 875 96 874 96 858 96 875 96 858 96 853 96 853 87 858 87 857 87 853 87 857 87 851 87 855 97 876 97 856 97 856 98 876 98 877 98 856 99 877 99 862 99 862 100 877 100 878 100 862 101 878 101 864 101 864 102 878 102 879 102 864 103 879 103 866 103 866 104 879 104 880 104 866 105 880 105 868 105 868 106 880 106 881 106 868 107 881 107 870 107 870 108 881 108 882 108 870 109 882 109 872 109 872 110 882 110 883 110 872 111 883 111 874 111 874 112 883 112 884 112 874 113 884 113 858 113 858 114 884 114 885 114 858 115 885 115 860 115 860 116 885 116 886 116 876 117 887 117 877 117 877 118 887 118 888 118 877 119 888 119 878 119 878 120 888 120 889 120 878 121 889 121 879 121 879 122 889 122 890 122 879 123 890 123 880 123 880 124 890 124 891 124 880 125 891 125 881 125 881 126 891 126 892 126 881 127 892 127 882 127 882 128 892 128 893 128 882 129 893 129 883 129 883 130 893 130 894 130 883 131 894 131 884 131 884 132 894 132 895 132 884 133 895 133 885 133 885 134 895 134 896 134 885 135 896 135 886 135 886 136 896 136 897 136 887 137 898 137 888 137 888 138 898 138 899 138 888 139 899 139 889 139 889 140 899 140 900 140 889 141 900 141 890 141 890 142 900 142 901 142 890 143 901 143 891 143 891 144 901 144 902 144 891 145 902 145 892 145 892 146 902 146 903 146 892 147 903 147 893 147 893 148 903 148 904 148 893 149 904 149 894 149 894 150 904 150 905 150 894 151 905 151 895 151 895 152 905 152 906 152 895 153 906 153 896 153 896 154 906 154 907 154 896 155 907 155 897 155 897 156 907 156 908 156 898 157 909 157 899 157 899 158 909 158 910 158 899 159 910 159 900 159 900 160 910 160 911 160 900 161 911 161 901 161 901 162 911 162 912 162 901 163 912 163 902 163 902 164 912 164 913 164 902 165 913 165 903 165 903 166 913 166 914 166 903 167 914 167 904 167 904 168 914 168 915 168 904 169 915 169 905 169 905 170 915 170 916 170 905 171 916 171 906 171 906 172 916 172 917 172 906 173 917 173 907 173 907 174 917 174 918 174 907 175 918 175 908 175 908 176 918 176 919 176 909 177 920 177 910 177 910 178 920 178 921 178 910 179 921 179 911 179 911 180 921 180 922 180 911 181 922 181 912 181 912 182 922 182 923 182 912 183 923 183 913 183 913 184 923 184 924 184 913 185 924 185 914 185 914 186 924 186 925 186 914 187 925 187 915 187 915 188 925 188 926 188 915 189 926 189 916 189 916 190 926 190 927 190 916 191 927 191 917 191 917 192 927 192 928 192 917 193 928 193 918 193 918 194 928 194 929 194 918 195 929 195 919 195 919 196 929 196 930 196 920 197 931 197 921 197 921 198 931 198 932 198 921 199 932 199 922 199 922 200 932 200 933 200 922 201 933 201 923 201 923 202 933 202 934 202 923 203 934 203 924 203 924 204 934 204 935 204 924 205 935 205 925 205 925 206 935 206 936 206 925 207 936 207 926 207 926 208 936 208 937 208 926 209 937 209 927 209 927 210 937 210 938 210 927 211 938 211 928 211 928 212 938 212 939 212 928 213 939 213 929 213 929 214 939 214 940 214 929 215 940 215 930 215 930 216 940 216 941 216 931 217 942 217 932 217 932 218 942 218 943 218 932 219 943 219 933 219 933 220 943 220 944 220 933 221 944 221 934 221 934 222 944 222 945 222 934 223 945 223 935 223 935 224 945 224 946 224 935 225 946 225 936 225 936 226 946 226 947 226 936 227 947 227 937 227 937 228 947 228 948 228 937 229 948 229 938 229 938 230 948 230 949 230 938 231 949 231 939 231 939 232 949 232 950 232 939 233 950 233 940 233 940 234 950 234 951 234 940 235 951 235 941 235 941 236 951 236 952 236 942 237 953 237 943 237 943 238 953 238 954 238 943 239 954 239 944 239 944 240 954 240 955 240 944 241 955 241 945 241 945 242 955 242 956 242 945 243 956 243 946 243 946 244 956 244 957 244 946 245 957 245 947 245 947 246 957 246 958 246 947 247 958 247 948 247 948 248 958 248 959 248 948 249 959 249 949 249 949 250 959 250 960 250 949 251 960 251 950 251 950 252 960 252 961 252 950 253 961 253 951 253 951 254 961 254 962 254 951 255 962 255 952 255 952 256 962 256 963 256 953 257 964 257 954 257 954 258 964 258 965 258 954 259 965 259 955 259 955 260 965 260 966 260 955 261 966 261 956 261 956 262 966 262 967 262 956 263 967 263 957 263 957 264 967 264 968 264 957 265 968 265 958 265 958 266 968 266 969 266 958 267 969 267 959 267 959 268 969 268 970 268 959 269 970 269 960 269 960 270 970 270 971 270 960 271 971 271 961 271 961 272 971 272 972 272 961 273 972 273 962 273 962 274 972 274 973 274 962 275 973 275 963 275 963 276 973 276 974 276 964 277 975 277 965 277 965 278 975 278 976 278 965 279 976 279 966 279 966 280 976 280 977 280 966 281 977 281 967 281 967 282 977 282 978 282 967 283 978 283 968 283 968 284 978 284 979 284 968 285 979 285 969 285 969 286 979 286 980 286 969 287 980 287 970 287 970 288 980 288 981 288 970 289 981 289 971 289 971 290 981 290 982 290 971 291 982 291 972 291 972 292 982 292 983 292 972 293 983 293 973 293 973 294 983 294 984 294 973 295 984 295 974 295 974 296 984 296 985 296 986 297 987 297 988 297 988 298 987 298 989 298 988 299 989 299 990 299 990 300 989 300 991 300 990 301 991 301 992 301 992 302 991 302 993 302 992 303 993 303 994 303 994 304 993 304 995 304 994 305 995 305 996 305 996 306 995 306 997 306 996 307 997 307 998 307 998 308 997 308 999 308 998 309 999 309 1000 309 1000 310 999 310 1001 310 1000 311 1001 311 1002 311 1002 312 1001 312 1003 312 1002 313 1003 313 1004 313 1004 314 1003 314 1005 314 1004 315 1005 315 1006 315 1006 316 1005 316 1007 316 987 317 1008 317 989 317 989 318 1008 318 1009 318 989 319 1009 319 991 319 991 320 1009 320 1010 320 991 321 1010 321 993 321 993 322 1010 322 1011 322 993 323 1011 323 995 323 995 324 1011 324 1012 324 995 325 1012 325 997 325 997 326 1012 326 1013 326 997 327 1013 327 999 327 999 328 1013 328 1014 328 999 329 1014 329 1001 329 1001 330 1014 330 1015 330 1001 331 1015 331 1003 331 1003 332 1015 332 1016 332 1003 333 1016 333 1005 333 1005 334 1016 334 1017 334 1005 335 1017 335 1007 335 1007 336 1017 336 1018 336 1008 337 1019 337 1009 337 1009 338 1019 338 1020 338 1009 339 1020 339 1010 339 1010 340 1020 340 1021 340 1010 341 1021 341 1011 341 1011 342 1021 342 1022 342 1011 343 1022 343 1012 343 1012 344 1022 344 1023 344 1012 345 1023 345 1013 345 1013 346 1023 346 1024 346 1013 347 1024 347 1014 347 1014 348 1024 348 1025 348 1014 349 1025 349 1015 349 1015 350 1025 350 1026 350 1015 351 1026 351 1016 351 1016 352 1026 352 1027 352 1016 353 1027 353 1017 353 1017 354 1027 354 1028 354 1017 355 1028 355 1018 355 1018 356 1028 356 1029 356 1019 357 1030 357 1020 357 1020 358 1030 358 1031 358 1020 359 1031 359 1021 359 1021 360 1031 360 1032 360 1021 361 1032 361 1022 361 1022 362 1032 362 1033 362 1022 363 1033 363 1023 363 1023 364 1033 364 1034 364 1023 365 1034 365 1024 365 1024 366 1034 366 1035 366 1024 367 1035 367 1025 367 1025 368 1035 368 1036 368 1025 369 1036 369 1026 369 1026 370 1036 370 1037 370 1026 371 1037 371 1027 371 1027 372 1037 372 1038 372 1027 373 1038 373 1028 373 1028 374 1038 374 1039 374 1028 375 1039 375 1029 375 1029 376 1039 376 1040 376 1030 377 1041 377 1031 377 1031 378 1041 378 1042 378 1031 379 1042 379 1032 379 1032 380 1042 380 1043 380 1032 381 1043 381 1033 381 1033 382 1043 382 1044 382 1033 383 1044 383 1034 383 1034 384 1044 384 1045 384 1034 385 1045 385 1035 385 1035 386 1045 386 1046 386 1035 387 1046 387 1036 387 1036 388 1046 388 1047 388 1036 389 1047 389 1037 389 1037 390 1047 390 1048 390 1037 391 1048 391 1038 391 1038 392 1048 392 1049 392 1038 393 1049 393 1039 393 1039 394 1049 394 1050 394 1039 395 1050 395 1040 395 1040 396 1050 396 1051 396 1041 397 1052 397 1042 397 1042 398 1052 398 1053 398 1042 399 1053 399 1043 399 1043 400 1053 400 1054 400 1043 401 1054 401 1044 401 1044 402 1054 402 1055 402 1044 403 1055 403 1045 403 1045 404 1055 404 1056 404 1045 405 1056 405 1046 405 1046 406 1056 406 1057 406 1046 407 1057 407 1047 407 1047 408 1057 408 1058 408 1047 409 1058 409 1048 409 1048 410 1058 410 1059 410 1048 411 1059 411 1049 411 1049 412 1059 412 1060 412 1049 413 1060 413 1050 413 1050 414 1060 414 1061 414 1050 415 1061 415 1051 415 1051 416 1061 416 1062 416 1052 417 1063 417 1053 417 1053 418 1063 418 1064 418 1053 419 1064 419 1054 419 1054 420 1064 420 1065 420 1054 421 1065 421 1055 421 1055 422 1065 422 1066 422 1055 423 1066 423 1056 423 1056 424 1066 424 1067 424 1056 425 1067 425 1057 425 1057 426 1067 426 1068 426 1057 427 1068 427 1058 427 1058 428 1068 428 1069 428 1058 429 1069 429 1059 429 1059 430 1069 430 1070 430 1059 431 1070 431 1060 431 1060 432 1070 432 1071 432 1060 433 1071 433 1061 433 1061 434 1071 434 1072 434 1061 435 1072 435 1062 435 1062 436 1072 436 1073 436 1063 437 1074 437 1064 437 1064 438 1074 438 1075 438 1064 439 1075 439 1065 439 1065 440 1075 440 1076 440 1065 441 1076 441 1066 441 1066 442 1076 442 1077 442 1066 443 1077 443 1067 443 1067 444 1077 444 1078 444 1067 445 1078 445 1068 445 1068 446 1078 446 1079 446 1068 447 1079 447 1069 447 1069 448 1079 448 1080 448 1069 449 1080 449 1070 449 1070 450 1080 450 1081 450 1070 451 1081 451 1071 451 1071 452 1081 452 1082 452 1071 453 1082 453 1072 453 1072 454 1082 454 1083 454 1072 455 1083 455 1073 455 1073 456 1083 456 1084 456 1074 457 1085 457 1075 457 1075 458 1085 458 1086 458 1075 459 1086 459 1076 459 1076 460 1086 460 1087 460 1076 461 1087 461 1077 461 1077 462 1087 462 1088 462 1077 463 1088 463 1078 463 1078 464 1088 464 1089 464 1078 465 1089 465 1079 465 1079 466 1089 466 1090 466 1079 467 1090 467 1080 467 1080 468 1090 468 1091 468 1080 469 1091 469 1081 469 1081 470 1091 470 1092 470 1081 471 1092 471 1082 471 1082 472 1092 472 1093 472 1082 473 1093 473 1083 473 1083 474 1093 474 1094 474 1083 475 1094 475 1084 475 1084 476 1094 476 1095 476 1085 477 854 477 1086 477 1086 478 854 478 861 478 1086 479 861 479 1087 479 1087 480 861 480 863 480 1087 481 863 481 1088 481 1088 482 863 482 865 482 1088 483 865 483 1089 483 1089 484 865 484 867 484 1089 485 867 485 1090 485 1090 486 867 486 869 486 1090 487 869 487 1091 487 1091 488 869 488 871 488 1091 489 871 489 1092 489 1092 490 871 490 873 490 1092 491 873 491 1093 491 1093 492 873 492 875 492 1093 493 875 493 1094 493 1094 494 875 494 853 494 1094 495 853 495 1095 495 1095 496 853 496 852 496 975 497 1096 497 1097 497 975 497 1097 497 976 497 976 498 1097 498 1098 498 976 498 1098 498 977 498 977 499 1098 499 1099 499 977 499 1099 499 978 499 978 500 1099 500 1100 500 978 500 1100 500 979 500 979 501 1100 501 1101 501 979 501 1101 501 980 501 980 502 1101 502 1102 502 980 502 1102 502 981 502 981 503 1102 503 1103 503 981 503 1103 503 982 503 982 504 1103 504 1104 504 982 504 1104 504 983 504 983 505 1104 505 1105 505 983 505 1105 505 984 505 984 506 1105 506 1106 506 984 506 1106 506 985 506 1107 507 986 507 988 507 1107 507 988 507 1108 507 1108 508 988 508 990 508 1108 508 990 508 1109 508 1109 509 990 509 992 509 1109 509 992 509 1110 509 1110 510 992 510 994 510 1110 510 994 510 1111 510 1111 511 994 511 996 511 1111 511 996 511 1112 511 1112 512 996 512 998 512 1112 512 998 512 1113 512 1113 513 998 513 1000 513 1113 513 1000 513 1114 513 1114 514 1000 514 1002 514 1114 514 1002 514 1115 514 1115 515 1002 515 1004 515 1115 515 1004 515 1116 515 1116 516 1004 516 1006 516 1116 516 1006 516 1117 516 1096 517 1118 517 1097 517 1097 518 1118 518 1119 518 1097 519 1119 519 1098 519 1098 520 1119 520 1120 520 1098 521 1120 521 1099 521 1099 522 1120 522 1121 522 1099 523 1121 523 1100 523 1100 524 1121 524 1122 524 1100 525 1122 525 1101 525 1101 526 1122 526 1123 526 1101 527 1123 527 1102 527 1102 528 1123 528 1124 528 1102 529 1124 529 1103 529 1103 530 1124 530 1125 530 1103 531 1125 531 1104 531 1104 532 1125 532 1126 532 1104 533 1126 533 1105 533 1105 534 1126 534 1127 534 1105 535 1127 535 1106 535 1106 536 1127 536 1128 536 1118 537 1129 537 1119 537 1119 538 1129 538 1130 538 1119 539 1130 539 1120 539 1120 540 1130 540 1131 540 1120 541 1131 541 1121 541 1121 542 1131 542 1132 542 1121 543 1132 543 1122 543 1122 544 1132 544 1133 544 1122 545 1133 545 1123 545 1123 546 1133 546 1134 546 1123 547 1134 547 1124 547 1124 548 1134 548 1135 548 1124 549 1135 549 1125 549 1125 550 1135 550 1136 550 1125 551 1136 551 1126 551 1126 552 1136 552 1137 552 1126 553 1137 553 1127 553 1127 554 1137 554 1138 554 1127 555 1138 555 1128 555 1128 556 1138 556 1139 556 1129 557 1140 557 1130 557 1130 558 1140 558 1141 558 1130 559 1141 559 1131 559 1131 560 1141 560 1142 560 1131 561 1142 561 1132 561 1132 562 1142 562 1143 562 1132 563 1143 563 1133 563 1133 564 1143 564 1144 564 1133 565 1144 565 1134 565 1134 566 1144 566 1145 566 1134 567 1145 567 1135 567 1135 568 1145 568 1146 568 1135 569 1146 569 1136 569 1136 570 1146 570 1147 570 1136 571 1147 571 1137 571 1137 572 1147 572 1148 572 1137 573 1148 573 1138 573 1138 574 1148 574 1149 574 1138 575 1149 575 1139 575 1139 576 1149 576 1150 576 1140 577 1151 577 1141 577 1141 578 1151 578 1152 578 1141 579 1152 579 1142 579 1142 580 1152 580 1153 580 1142 581 1153 581 1143 581 1143 582 1153 582 1154 582 1143 583 1154 583 1144 583 1144 584 1154 584 1155 584 1144 585 1155 585 1145 585 1145 586 1155 586 1156 586 1145 587 1156 587 1146 587 1146 588 1156 588 1157 588 1146 589 1157 589 1147 589 1147 590 1157 590 1158 590 1147 591 1158 591 1148 591 1148 592 1158 592 1159 592 1148 593 1159 593 1149 593 1149 594 1159 594 1160 594 1149 595 1160 595 1150 595 1150 596 1160 596 1161 596 1151 597 1162 597 1152 597 1152 598 1162 598 1163 598 1152 599 1163 599 1153 599 1153 600 1163 600 1164 600 1153 601 1164 601 1154 601 1154 602 1164 602 1165 602 1154 603 1165 603 1155 603 1155 604 1165 604 1166 604 1155 605 1166 605 1156 605 1156 606 1166 606 1167 606 1156 607 1167 607 1157 607 1157 608 1167 608 1168 608 1157 609 1168 609 1158 609 1158 610 1168 610 1169 610 1158 611 1169 611 1159 611 1159 612 1169 612 1170 612 1159 613 1170 613 1160 613 1160 614 1170 614 1171 614 1160 615 1171 615 1161 615 1161 616 1171 616 1172 616 1162 617 1173 617 1163 617 1163 618 1173 618 1174 618 1163 619 1174 619 1164 619 1164 620 1174 620 1175 620 1164 621 1175 621 1165 621 1165 622 1175 622 1176 622 1165 623 1176 623 1166 623 1166 624 1176 624 1177 624 1166 625 1177 625 1167 625 1167 626 1177 626 1178 626 1167 627 1178 627 1168 627 1168 628 1178 628 1179 628 1168 629 1179 629 1169 629 1169 630 1179 630 1180 630 1169 631 1180 631 1170 631 1170 632 1180 632 1181 632 1170 633 1181 633 1171 633 1171 634 1181 634 1182 634 1171 635 1182 635 1172 635 1172 636 1182 636 1183 636 1173 637 1184 637 1174 637 1174 638 1184 638 1185 638 1174 639 1185 639 1175 639 1175 640 1185 640 1186 640 1175 641 1186 641 1176 641 1176 642 1186 642 1187 642 1176 643 1187 643 1177 643 1177 644 1187 644 1188 644 1177 645 1188 645 1178 645 1178 646 1188 646 1189 646 1178 647 1189 647 1179 647 1179 648 1189 648 1190 648 1179 649 1190 649 1180 649 1180 650 1190 650 1191 650 1180 651 1191 651 1181 651 1181 652 1191 652 1192 652 1181 653 1192 653 1182 653 1182 654 1192 654 1193 654 1182 655 1193 655 1183 655 1183 656 1193 656 1194 656 1184 657 1195 657 1185 657 1185 658 1195 658 1196 658 1185 659 1196 659 1186 659 1186 660 1196 660 1197 660 1186 661 1197 661 1187 661 1187 662 1197 662 1198 662 1187 663 1198 663 1188 663 1188 664 1198 664 1199 664 1188 665 1199 665 1189 665 1189 666 1199 666 1200 666 1189 667 1200 667 1190 667 1190 668 1200 668 1201 668 1190 669 1201 669 1191 669 1191 670 1201 670 1202 670 1191 671 1202 671 1192 671 1192 672 1202 672 1203 672 1192 673 1203 673 1193 673 1193 674 1203 674 1204 674 1193 675 1204 675 1194 675 1194 676 1204 676 1205 676 1195 677 1206 677 1196 677 1196 678 1206 678 1207 678 1196 679 1207 679 1197 679 1197 680 1207 680 1208 680 1197 681 1208 681 1198 681 1198 682 1208 682 1209 682 1198 683 1209 683 1199 683 1199 684 1209 684 1210 684 1199 685 1210 685 1200 685 1200 686 1210 686 1211 686 1200 687 1211 687 1201 687 1201 688 1211 688 1212 688 1201 689 1212 689 1202 689 1202 690 1212 690 1213 690 1202 691 1213 691 1203 691 1203 692 1213 692 1214 692 1203 693 1214 693 1204 693 1204 694 1214 694 1215 694 1204 695 1215 695 1205 695 1205 696 1215 696 1216 696 1206 697 1217 697 1207 697 1207 698 1217 698 1218 698 1207 699 1218 699 1208 699 1208 700 1218 700 1219 700 1208 701 1219 701 1209 701 1209 702 1219 702 1220 702 1209 703 1220 703 1210 703 1210 704 1220 704 1221 704 1210 705 1221 705 1211 705 1211 706 1221 706 1222 706 1211 707 1222 707 1212 707 1212 708 1222 708 1223 708 1212 709 1223 709 1213 709 1213 710 1223 710 1224 710 1213 711 1224 711 1214 711 1214 712 1224 712 1225 712 1214 713 1225 713 1215 713 1215 714 1225 714 1226 714 1215 715 1226 715 1216 715 1216 716 1226 716 1227 716 1228 717 1229 717 1230 717 1230 718 1229 718 1231 718 1230 719 1231 719 1232 719 1232 720 1231 720 1233 720 1232 721 1233 721 1234 721 1234 722 1233 722 1235 722 1234 723 1235 723 1236 723 1236 724 1235 724 1237 724 1236 725 1237 725 1238 725 1238 726 1237 726 1239 726 1238 727 1239 727 1240 727 1240 728 1239 728 1241 728 1240 729 1241 729 1242 729 1242 730 1241 730 1243 730 1242 731 1243 731 1244 731 1244 732 1243 732 1245 732 1244 733 1245 733 1246 733 1246 734 1245 734 1247 734 1246 735 1247 735 1248 735 1248 736 1247 736 1249 736 1229 737 1250 737 1231 737 1231 738 1250 738 1251 738 1231 739 1251 739 1233 739 1233 740 1251 740 1252 740 1233 741 1252 741 1235 741 1235 742 1252 742 1253 742 1235 743 1253 743 1237 743 1237 744 1253 744 1254 744 1237 745 1254 745 1239 745 1239 746 1254 746 1255 746 1239 747 1255 747 1241 747 1241 748 1255 748 1256 748 1241 749 1256 749 1243 749 1243 750 1256 750 1257 750 1243 751 1257 751 1245 751 1245 752 1257 752 1258 752 1245 753 1258 753 1247 753 1247 754 1258 754 1259 754 1247 755 1259 755 1249 755 1249 756 1259 756 1260 756 1250 757 1261 757 1251 757 1251 758 1261 758 1262 758 1251 759 1262 759 1252 759 1252 760 1262 760 1263 760 1252 761 1263 761 1253 761 1253 762 1263 762 1264 762 1253 763 1264 763 1254 763 1254 764 1264 764 1265 764 1254 765 1265 765 1255 765 1255 766 1265 766 1266 766 1255 767 1266 767 1256 767 1256 768 1266 768 1267 768 1256 769 1267 769 1257 769 1257 770 1267 770 1268 770 1257 771 1268 771 1258 771 1258 772 1268 772 1269 772 1258 773 1269 773 1259 773 1259 774 1269 774 1270 774 1259 775 1270 775 1260 775 1260 776 1270 776 1271 776 1261 777 1272 777 1262 777 1262 778 1272 778 1273 778 1262 779 1273 779 1263 779 1263 780 1273 780 1274 780 1263 781 1274 781 1264 781 1264 782 1274 782 1275 782 1264 783 1275 783 1265 783 1265 784 1275 784 1276 784 1265 785 1276 785 1266 785 1266 786 1276 786 1277 786 1266 787 1277 787 1267 787 1267 788 1277 788 1278 788 1267 789 1278 789 1268 789 1268 790 1278 790 1279 790 1268 791 1279 791 1269 791 1269 792 1279 792 1280 792 1269 793 1280 793 1270 793 1270 794 1280 794 1281 794 1270 795 1281 795 1271 795 1271 796 1281 796 1282 796 1272 797 1283 797 1273 797 1273 798 1283 798 1284 798 1273 799 1284 799 1274 799 1274 800 1284 800 1285 800 1274 801 1285 801 1275 801 1275 802 1285 802 1286 802 1275 803 1286 803 1276 803 1276 804 1286 804 1287 804 1276 805 1287 805 1277 805 1277 806 1287 806 1288 806 1277 807 1288 807 1278 807 1278 808 1288 808 1289 808 1278 809 1289 809 1279 809 1279 810 1289 810 1290 810 1279 811 1290 811 1280 811 1280 812 1290 812 1291 812 1280 813 1291 813 1281 813 1281 814 1291 814 1292 814 1281 815 1292 815 1282 815 1282 816 1292 816 1293 816 1283 817 1294 817 1284 817 1284 818 1294 818 1295 818 1284 819 1295 819 1285 819 1285 820 1295 820 1296 820 1285 821 1296 821 1286 821 1286 822 1296 822 1297 822 1286 823 1297 823 1287 823 1287 824 1297 824 1298 824 1287 825 1298 825 1288 825 1288 826 1298 826 1299 826 1288 827 1299 827 1289 827 1289 828 1299 828 1300 828 1289 829 1300 829 1290 829 1290 830 1300 830 1301 830 1290 831 1301 831 1291 831 1291 832 1301 832 1302 832 1291 833 1302 833 1292 833 1292 834 1302 834 1303 834 1292 835 1303 835 1293 835 1293 836 1303 836 1304 836 1294 837 1305 837 1295 837 1295 838 1305 838 1306 838 1295 839 1306 839 1296 839 1296 840 1306 840 1307 840 1296 841 1307 841 1297 841 1297 842 1307 842 1308 842 1297 843 1308 843 1298 843 1298 844 1308 844 1309 844 1298 845 1309 845 1299 845 1299 846 1309 846 1310 846 1299 847 1310 847 1300 847 1300 848 1310 848 1311 848 1300 849 1311 849 1301 849 1301 850 1311 850 1312 850 1301 851 1312 851 1302 851 1302 852 1312 852 1313 852 1302 853 1313 853 1303 853 1303 854 1313 854 1314 854 1303 855 1314 855 1304 855 1304 856 1314 856 1315 856 1305 857 1316 857 1306 857 1306 858 1316 858 1317 858 1306 859 1317 859 1307 859 1307 860 1317 860 1318 860 1307 861 1318 861 1308 861 1308 862 1318 862 1319 862 1308 863 1319 863 1309 863 1309 864 1319 864 1320 864 1309 865 1320 865 1310 865 1310 866 1320 866 1321 866 1310 867 1321 867 1311 867 1311 868 1321 868 1322 868 1311 869 1322 869 1312 869 1312 870 1322 870 1323 870 1312 871 1323 871 1313 871 1313 872 1323 872 1324 872 1313 873 1324 873 1314 873 1314 874 1324 874 1325 874 1314 875 1325 875 1315 875 1315 876 1325 876 1326 876 1316 877 1327 877 1317 877 1317 878 1327 878 1328 878 1317 879 1328 879 1318 879 1318 880 1328 880 1329 880 1318 881 1329 881 1319 881 1319 882 1329 882 1330 882 1319 883 1330 883 1320 883 1320 884 1330 884 1331 884 1320 885 1331 885 1321 885 1321 886 1331 886 1332 886 1321 887 1332 887 1322 887 1322 888 1332 888 1333 888 1322 889 1333 889 1323 889 1323 890 1333 890 1334 890 1323 891 1334 891 1324 891 1324 892 1334 892 1335 892 1324 893 1335 893 1325 893 1325 894 1335 894 1336 894 1325 895 1336 895 1326 895 1326 896 1336 896 1337 896 1327 897 1107 897 1328 897 1328 898 1107 898 1108 898 1328 899 1108 899 1329 899 1329 900 1108 900 1109 900 1329 901 1109 901 1330 901 1330 902 1109 902 1110 902 1330 903 1110 903 1331 903 1331 904 1110 904 1111 904 1331 905 1111 905 1332 905 1332 906 1111 906 1112 906 1332 907 1112 907 1333 907 1333 908 1112 908 1113 908 1333 909 1113 909 1334 909 1334 910 1113 910 1114 910 1334 911 1114 911 1335 911 1335 912 1114 912 1115 912 1335 913 1115 913 1336 913 1336 914 1115 914 1116 914 1336 915 1116 915 1337 915 1337 916 1116 916 1117 916 1338 917 1227 917 1226 917 1217 918 1228 918 1230 918 1248 917 1339 917 1246 917 1246 917 1339 917 1340 917 1217 918 1230 918 1218 918 1218 919 1230 919 1232 919 1218 919 1232 919 1219 919 1219 920 1232 920 1234 920 1219 920 1234 920 1220 920 1220 921 1234 921 1236 921 1220 921 1236 921 1221 921 1221 922 1236 922 1238 922 1221 922 1238 922 1222 922 1222 923 1238 923 1240 923 1222 923 1240 923 1223 923 1223 924 1240 924 1242 924 1223 924 1242 924 1224 924 1224 925 1242 925 1244 925 1224 925 1244 925 1225 925 1225 926 1244 926 1246 926 1225 926 1246 926 1226 926 1226 917 1246 917 1340 917 1226 917 1340 917 1338 917 855 927 854 927 1341 927 1341 927 854 927 1342 927 855 928 1341 928 876 928 876 928 1341 928 1343 928 876 929 1343 929 887 929 887 929 1343 929 1344 929 887 930 1344 930 898 930 898 930 1344 930 1345 930 898 931 1345 931 909 931 909 931 1345 931 1346 931 909 932 1346 932 920 932 920 932 1346 932 1347 932 920 933 1347 933 931 933 931 933 1347 933 1348 933 931 934 1348 934 942 934 942 934 1348 934 1349 934 942 935 1349 935 953 935 953 935 1349 935 1350 935 953 936 1350 936 964 936 964 936 1350 936 1351 936 964 937 1351 937 975 937 975 937 1351 937 1352 937 986 938 1353 938 987 938 987 938 1353 938 1354 938 987 939 1354 939 1008 939 1008 939 1354 939 1355 939 1008 940 1355 940 1019 940 1019 940 1355 940 1356 940 1019 941 1356 941 1030 941 1030 941 1356 941 1357 941 1030 942 1357 942 1041 942 1041 942 1357 942 1358 942 1041 943 1358 943 1052 943 1052 943 1358 943 1359 943 1052 944 1359 944 1063 944 1063 944 1359 944 1360 944 1063 945 1360 945 1074 945 1074 945 1360 945 1361 945 1074 946 1361 946 1085 946 1085 946 1361 946 1362 946 1085 947 1362 947 854 947 854 947 1362 947 1342 947 344 948 345 948 1363 948 342 948 1364 948 340 948 340 948 1364 948 338 948 344 948 1363 948 342 948 342 948 1363 948 1364 948 1364 949 1363 949 1365 949 1364 949 1365 949 1366 949 1366 950 1365 950 1367 950 1366 950 1367 950 1368 950 1368 951 1367 951 1369 951 1368 951 1369 951 1370 951 1370 952 1369 952 1371 952 1370 952 1371 952 1372 952 1372 953 1371 953 1373 953 1372 953 1373 953 1374 953 1374 954 1373 954 1375 954 1374 954 1375 954 1376 954 1376 955 1375 955 1377 955 1376 955 1377 955 1378 955 1378 956 1377 956 1379 956 1378 956 1379 956 1380 956 1380 957 1379 957 1341 957 1380 957 1341 957 1342 957 1352 958 1381 958 975 958 975 958 1381 958 1096 958 345 959 347 959 1363 959 1363 960 347 960 1382 960 1363 961 1382 961 1365 961 1365 962 1382 962 1383 962 1365 963 1383 963 1367 963 1367 964 1383 964 1384 964 1367 965 1384 965 1369 965 1369 966 1384 966 1385 966 1369 967 1385 967 1371 967 1371 968 1385 968 1386 968 1371 969 1386 969 1373 969 1373 970 1386 970 1387 970 1373 971 1387 971 1375 971 1375 972 1387 972 1388 972 1375 973 1388 973 1377 973 1377 974 1388 974 1389 974 1377 975 1389 975 1379 975 1379 976 1389 976 1390 976 1379 977 1390 977 1341 977 1341 978 1390 978 1343 978 347 979 350 979 1382 979 1382 980 350 980 1391 980 1382 981 1391 981 1383 981 1383 982 1391 982 1392 982 1383 983 1392 983 1384 983 1384 984 1392 984 1393 984 1384 985 1393 985 1385 985 1385 986 1393 986 1394 986 1385 987 1394 987 1386 987 1386 988 1394 988 1395 988 1386 989 1395 989 1387 989 1387 990 1395 990 1396 990 1387 991 1396 991 1388 991 1388 992 1396 992 1397 992 1388 993 1397 993 1389 993 1389 994 1397 994 1398 994 1389 995 1398 995 1390 995 1390 996 1398 996 1399 996 1390 997 1399 997 1343 997 1343 998 1399 998 1344 998 350 999 349 999 1391 999 1391 1000 349 1000 1400 1000 1391 1001 1400 1001 1392 1001 1392 1002 1400 1002 1401 1002 1392 1003 1401 1003 1393 1003 1393 1004 1401 1004 1402 1004 1393 1005 1402 1005 1394 1005 1394 1006 1402 1006 1403 1006 1394 1007 1403 1007 1395 1007 1395 1008 1403 1008 1404 1008 1395 1009 1404 1009 1396 1009 1396 1010 1404 1010 1405 1010 1396 1011 1405 1011 1397 1011 1397 1012 1405 1012 1406 1012 1397 1013 1406 1013 1398 1013 1398 1014 1406 1014 1407 1014 1398 1015 1407 1015 1399 1015 1399 1016 1407 1016 1408 1016 1399 1017 1408 1017 1344 1017 1344 1018 1408 1018 1345 1018 349 1019 363 1019 1400 1019 1400 1020 363 1020 1409 1020 1400 1021 1409 1021 1401 1021 1401 1022 1409 1022 1410 1022 1401 1023 1410 1023 1402 1023 1402 1024 1410 1024 1411 1024 1402 1025 1411 1025 1403 1025 1403 1026 1411 1026 1412 1026 1403 1027 1412 1027 1404 1027 1404 1028 1412 1028 1413 1028 1404 1029 1413 1029 1405 1029 1405 1030 1413 1030 1414 1030 1405 1031 1414 1031 1406 1031 1406 1032 1414 1032 1415 1032 1406 1033 1415 1033 1407 1033 1407 1034 1415 1034 1416 1034 1407 1035 1416 1035 1408 1035 1408 1036 1416 1036 1417 1036 1408 1037 1417 1037 1345 1037 1345 1038 1417 1038 1346 1038 363 1039 362 1039 1409 1039 1409 1040 362 1040 1418 1040 1409 1041 1418 1041 1410 1041 1410 1042 1418 1042 1419 1042 1410 1043 1419 1043 1411 1043 1411 1044 1419 1044 1420 1044 1411 1045 1420 1045 1412 1045 1412 1046 1420 1046 1421 1046 1412 1047 1421 1047 1413 1047 1413 1048 1421 1048 1422 1048 1413 1049 1422 1049 1414 1049 1414 1050 1422 1050 1423 1050 1414 1051 1423 1051 1415 1051 1415 1052 1423 1052 1424 1052 1415 1053 1424 1053 1416 1053 1416 1054 1424 1054 1425 1054 1416 1055 1425 1055 1417 1055 1417 1056 1425 1056 1426 1056 1417 1057 1426 1057 1346 1057 1346 1058 1426 1058 1347 1058 362 1059 361 1059 1418 1059 1418 1060 361 1060 1427 1060 1418 1061 1427 1061 1419 1061 1419 1062 1427 1062 1428 1062 1419 1063 1428 1063 1420 1063 1420 1064 1428 1064 1429 1064 1420 1065 1429 1065 1421 1065 1421 1066 1429 1066 1430 1066 1421 1067 1430 1067 1422 1067 1422 1068 1430 1068 1431 1068 1422 1069 1431 1069 1423 1069 1423 1070 1431 1070 1432 1070 1423 1071 1432 1071 1424 1071 1424 1072 1432 1072 1433 1072 1424 1073 1433 1073 1425 1073 1425 1074 1433 1074 1434 1074 1425 1075 1434 1075 1426 1075 1426 1076 1434 1076 1435 1076 1426 1077 1435 1077 1347 1077 1347 1078 1435 1078 1348 1078 361 1079 360 1079 1427 1079 1427 1080 360 1080 1436 1080 1427 1081 1436 1081 1428 1081 1428 1082 1436 1082 1437 1082 1428 1083 1437 1083 1429 1083 1429 1084 1437 1084 1438 1084 1429 1085 1438 1085 1430 1085 1430 1086 1438 1086 1439 1086 1430 1087 1439 1087 1431 1087 1431 1088 1439 1088 1440 1088 1431 1089 1440 1089 1432 1089 1432 1090 1440 1090 1441 1090 1432 1091 1441 1091 1433 1091 1433 1092 1441 1092 1442 1092 1433 1093 1442 1093 1434 1093 1434 1094 1442 1094 1443 1094 1434 1095 1443 1095 1435 1095 1435 1096 1443 1096 1444 1096 1435 1097 1444 1097 1348 1097 1348 1098 1444 1098 1349 1098 360 1099 359 1099 1436 1099 1436 1100 359 1100 1445 1100 1436 1101 1445 1101 1437 1101 1437 1102 1445 1102 1446 1102 1437 1103 1446 1103 1438 1103 1438 1104 1446 1104 1447 1104 1438 1105 1447 1105 1439 1105 1439 1106 1447 1106 1448 1106 1439 1107 1448 1107 1440 1107 1440 1108 1448 1108 1449 1108 1440 1109 1449 1109 1441 1109 1441 1110 1449 1110 1450 1110 1441 1111 1450 1111 1442 1111 1442 1112 1450 1112 1451 1112 1442 1113 1451 1113 1443 1113 1443 1114 1451 1114 1452 1114 1443 1115 1452 1115 1444 1115 1444 1116 1452 1116 1453 1116 1444 1117 1453 1117 1349 1117 1349 1118 1453 1118 1350 1118 359 1119 358 1119 1445 1119 1445 1120 358 1120 1454 1120 1445 1121 1454 1121 1446 1121 1446 1122 1454 1122 1455 1122 1446 1123 1455 1123 1447 1123 1447 1124 1455 1124 1456 1124 1447 1125 1456 1125 1448 1125 1448 1126 1456 1126 1457 1126 1448 1127 1457 1127 1449 1127 1449 1128 1457 1128 1458 1128 1449 1129 1458 1129 1450 1129 1450 1130 1458 1130 1459 1130 1450 1131 1459 1131 1451 1131 1451 1132 1459 1132 1460 1132 1451 1133 1460 1133 1452 1133 1452 1134 1460 1134 1461 1134 1452 1135 1461 1135 1453 1135 1453 1136 1461 1136 1462 1136 1453 1137 1462 1137 1350 1137 1350 1138 1462 1138 1351 1138 358 1139 366 1139 1454 1139 1454 1140 366 1140 1463 1140 1454 1141 1463 1141 1455 1141 1455 1142 1463 1142 1464 1142 1455 1143 1464 1143 1456 1143 1456 1144 1464 1144 1465 1144 1456 1145 1465 1145 1457 1145 1457 1146 1465 1146 1466 1146 1457 1147 1466 1147 1458 1147 1458 1148 1466 1148 1467 1148 1458 1149 1467 1149 1459 1149 1459 1150 1467 1150 1468 1150 1459 1151 1468 1151 1460 1151 1460 1152 1468 1152 1469 1152 1460 1153 1469 1153 1461 1153 1461 1154 1469 1154 1470 1154 1461 1155 1470 1155 1462 1155 1462 1156 1470 1156 1471 1156 1462 1157 1471 1157 1351 1157 1351 1158 1471 1158 1352 1158 1472 1159 1353 1159 1107 1159 1107 1159 1353 1159 986 1159 336 1160 335 1160 1473 1160 1473 1161 335 1161 1474 1161 1473 1162 1474 1162 1475 1162 1475 1163 1474 1163 1476 1163 1475 1164 1476 1164 1477 1164 1477 1165 1476 1165 1478 1165 1477 1166 1478 1166 1479 1166 1479 1167 1478 1167 1480 1167 1479 1168 1480 1168 1481 1168 1481 1169 1480 1169 1482 1169 1481 1170 1482 1170 1483 1170 1483 1171 1482 1171 1484 1171 1483 1172 1484 1172 1485 1172 1485 1173 1484 1173 1486 1173 1485 1174 1486 1174 1487 1174 1487 1175 1486 1175 1488 1175 1487 1176 1488 1176 1489 1176 1489 1177 1488 1177 1490 1177 1489 1178 1490 1178 1353 1178 1353 1179 1490 1179 1354 1179 335 1180 314 1180 1474 1180 1474 1181 314 1181 1491 1181 1474 1182 1491 1182 1476 1182 1476 1183 1491 1183 1492 1183 1476 1184 1492 1184 1478 1184 1478 1185 1492 1185 1493 1185 1478 1186 1493 1186 1480 1186 1480 1187 1493 1187 1494 1187 1480 1188 1494 1188 1482 1188 1482 1189 1494 1189 1495 1189 1482 1190 1495 1190 1484 1190 1484 1191 1495 1191 1496 1191 1484 1192 1496 1192 1486 1192 1486 1193 1496 1193 1497 1193 1486 1194 1497 1194 1488 1194 1488 1195 1497 1195 1498 1195 1488 1196 1498 1196 1490 1196 1490 1197 1498 1197 1499 1197 1490 1198 1499 1198 1354 1198 1354 1199 1499 1199 1355 1199 314 1200 316 1200 1491 1200 1491 1201 316 1201 1500 1201 1491 1202 1500 1202 1492 1202 1492 1203 1500 1203 1501 1203 1492 1204 1501 1204 1493 1204 1493 1205 1501 1205 1502 1205 1493 1206 1502 1206 1494 1206 1494 1207 1502 1207 1503 1207 1494 1208 1503 1208 1495 1208 1495 1209 1503 1209 1504 1209 1495 1210 1504 1210 1496 1210 1496 1211 1504 1211 1505 1211 1496 1212 1505 1212 1497 1212 1497 1213 1505 1213 1506 1213 1497 1214 1506 1214 1498 1214 1498 1215 1506 1215 1507 1215 1498 1216 1507 1216 1499 1216 1499 1217 1507 1217 1508 1217 1499 1218 1508 1218 1355 1218 1355 1219 1508 1219 1356 1219 316 1220 317 1220 1500 1220 1500 1221 317 1221 1509 1221 1500 1222 1509 1222 1501 1222 1501 1223 1509 1223 1510 1223 1501 1224 1510 1224 1502 1224 1502 1225 1510 1225 1511 1225 1502 1226 1511 1226 1503 1226 1503 1227 1511 1227 1512 1227 1503 1228 1512 1228 1504 1228 1504 1229 1512 1229 1513 1229 1504 1230 1513 1230 1505 1230 1505 1231 1513 1231 1514 1231 1505 1232 1514 1232 1506 1232 1506 1233 1514 1233 1515 1233 1506 1234 1515 1234 1507 1234 1507 1235 1515 1235 1516 1235 1507 1236 1516 1236 1508 1236 1508 1237 1516 1237 1517 1237 1508 1238 1517 1238 1356 1238 1356 1239 1517 1239 1357 1239 317 1240 329 1240 1509 1240 1509 1241 329 1241 1518 1241 1509 1242 1518 1242 1510 1242 1510 1243 1518 1243 1519 1243 1510 1244 1519 1244 1511 1244 1511 1245 1519 1245 1520 1245 1511 1246 1520 1246 1512 1246 1512 1247 1520 1247 1521 1247 1512 1248 1521 1248 1513 1248 1513 1249 1521 1249 1522 1249 1513 1250 1522 1250 1514 1250 1514 1251 1522 1251 1523 1251 1514 1252 1523 1252 1515 1252 1515 1253 1523 1253 1524 1253 1515 1254 1524 1254 1516 1254 1516 1255 1524 1255 1525 1255 1516 1256 1525 1256 1517 1256 1517 1257 1525 1257 1526 1257 1517 1258 1526 1258 1357 1258 1357 1259 1526 1259 1358 1259 329 1260 328 1260 1518 1260 1518 1261 328 1261 1527 1261 1518 1262 1527 1262 1519 1262 1519 1263 1527 1263 1528 1263 1519 1264 1528 1264 1520 1264 1520 1265 1528 1265 1529 1265 1520 1266 1529 1266 1521 1266 1521 1267 1529 1267 1530 1267 1521 1268 1530 1268 1522 1268 1522 1269 1530 1269 1531 1269 1522 1270 1531 1270 1523 1270 1523 1271 1531 1271 1532 1271 1523 1272 1532 1272 1524 1272 1524 1273 1532 1273 1533 1273 1524 1274 1533 1274 1525 1274 1525 1275 1533 1275 1534 1275 1525 1276 1534 1276 1526 1276 1526 1277 1534 1277 1535 1277 1526 1278 1535 1278 1358 1278 1358 1279 1535 1279 1359 1279 328 1280 324 1280 1527 1280 1527 1281 324 1281 1536 1281 1527 1282 1536 1282 1528 1282 1528 1283 1536 1283 1537 1283 1528 1284 1537 1284 1529 1284 1529 1285 1537 1285 1538 1285 1529 1286 1538 1286 1530 1286 1530 1287 1538 1287 1539 1287 1530 1288 1539 1288 1531 1288 1531 1289 1539 1289 1540 1289 1531 1290 1540 1290 1532 1290 1532 1291 1540 1291 1541 1291 1532 1292 1541 1292 1533 1292 1533 1293 1541 1293 1542 1293 1533 1294 1542 1294 1534 1294 1534 1295 1542 1295 1543 1295 1534 1296 1543 1296 1535 1296 1535 1297 1543 1297 1544 1297 1535 1298 1544 1298 1359 1298 1359 1299 1544 1299 1360 1299 324 1300 323 1300 1536 1300 1536 1301 323 1301 1545 1301 1536 1302 1545 1302 1537 1302 1537 1303 1545 1303 1546 1303 1537 1304 1546 1304 1538 1304 1538 1305 1546 1305 1547 1305 1538 1306 1547 1306 1539 1306 1539 1307 1547 1307 1548 1307 1539 1308 1548 1308 1540 1308 1540 1309 1548 1309 1549 1309 1540 1310 1549 1310 1541 1310 1541 1311 1549 1311 1550 1311 1541 1312 1550 1312 1542 1312 1542 1313 1550 1313 1551 1313 1542 1314 1551 1314 1543 1314 1543 1315 1551 1315 1552 1315 1543 1316 1552 1316 1544 1316 1544 1317 1552 1317 1553 1317 1544 1318 1553 1318 1360 1318 1360 1319 1553 1319 1361 1319 323 1320 322 1320 1545 1320 1545 1321 322 1321 1554 1321 1545 1322 1554 1322 1546 1322 1546 1323 1554 1323 1555 1323 1546 1324 1555 1324 1547 1324 1547 1325 1555 1325 1556 1325 1547 1326 1556 1326 1548 1326 1548 1327 1556 1327 1557 1327 1548 1328 1557 1328 1549 1328 1549 1329 1557 1329 1558 1329 1549 1330 1558 1330 1550 1330 1550 1331 1558 1331 1559 1331 1550 1332 1559 1332 1551 1332 1551 1333 1559 1333 1560 1333 1551 1334 1560 1334 1552 1334 1552 1335 1560 1335 1561 1335 1552 1336 1561 1336 1553 1336 1553 1337 1561 1337 1562 1337 1553 1338 1562 1338 1361 1338 1361 1339 1562 1339 1362 1339 322 1340 338 1340 1554 1340 1554 1341 338 1341 1364 1341 1554 1342 1364 1342 1555 1342 1555 1343 1364 1343 1366 1343 1555 1344 1366 1344 1556 1344 1556 1345 1366 1345 1368 1345 1556 1346 1368 1346 1557 1346 1557 1347 1368 1347 1370 1347 1557 1348 1370 1348 1558 1348 1558 1349 1370 1349 1372 1349 1558 1350 1372 1350 1559 1350 1559 1351 1372 1351 1374 1351 1559 1352 1374 1352 1560 1352 1560 1353 1374 1353 1376 1353 1560 1354 1376 1354 1561 1354 1561 1355 1376 1355 1378 1355 1561 1356 1378 1356 1562 1356 1562 1357 1378 1357 1380 1357 1562 1358 1380 1358 1362 1358 1362 1359 1380 1359 1342 1359 1096 1360 1381 1360 1118 1360 1118 1360 1381 1360 1563 1360 1118 1361 1563 1361 1129 1361 1129 1361 1563 1361 1564 1361 1129 1362 1564 1362 1140 1362 1140 1362 1564 1362 1565 1362 1140 1363 1565 1363 1151 1363 1151 1363 1565 1363 1566 1363 1151 1364 1566 1364 1162 1364 1162 1364 1566 1364 1567 1364 1162 1365 1567 1365 1173 1365 1173 1365 1567 1365 1568 1365 1173 1366 1568 1366 1184 1366 1184 1366 1568 1366 1569 1366 1184 1367 1569 1367 1195 1367 1195 1367 1569 1367 1570 1367 1195 1368 1570 1368 1206 1368 1206 1368 1570 1368 1571 1368 1206 1369 1571 1369 1217 1369 1217 1369 1571 1369 1572 1369 366 1370 365 1370 1573 1370 366 1370 1573 1370 1463 1370 1463 1371 1573 1371 1574 1371 1463 1371 1574 1371 1464 1371 1464 1372 1574 1372 1575 1372 1464 1372 1575 1372 1465 1372 1465 1373 1575 1373 1576 1373 1465 1373 1576 1373 1466 1373 1466 1374 1576 1374 1577 1374 1466 1374 1577 1374 1467 1374 1467 1375 1577 1375 1578 1375 1467 1375 1578 1375 1468 1375 1468 1376 1578 1376 1579 1376 1468 1376 1579 1376 1469 1376 1469 1377 1579 1377 1580 1377 1469 1377 1580 1377 1470 1377 1470 1378 1580 1378 1581 1378 1470 1378 1581 1378 1471 1378 1471 1379 1581 1379 1381 1379 1471 1379 1381 1379 1352 1379 1228 1380 1582 1380 1229 1380 1229 1380 1582 1380 1583 1380 1229 1381 1583 1381 1250 1381 1250 1381 1583 1381 1584 1381 1250 1382 1584 1382 1261 1382 1261 1382 1584 1382 1585 1382 1261 1383 1585 1383 1272 1383 1272 1383 1585 1383 1586 1383 1272 1384 1586 1384 1283 1384 1283 1384 1586 1384 1587 1384 1283 1385 1587 1385 1294 1385 1294 1385 1587 1385 1588 1385 1294 1386 1588 1386 1305 1386 1305 1386 1588 1386 1589 1386 1305 1387 1589 1387 1316 1387 1316 1387 1589 1387 1590 1387 1316 1388 1590 1388 1327 1388 1327 1388 1590 1388 1591 1388 1327 1389 1591 1389 1107 1389 1107 1389 1591 1389 1472 1389 337 1390 336 1390 1473 1390 337 1390 1473 1390 1592 1390 1592 1391 1473 1391 1475 1391 1592 1391 1475 1391 1593 1391 1593 1392 1475 1392 1477 1392 1593 1392 1477 1392 1594 1392 1594 1393 1477 1393 1479 1393 1594 1393 1479 1393 1595 1393 1595 1394 1479 1394 1481 1394 1595 1394 1481 1394 1596 1394 1596 1395 1481 1395 1483 1395 1596 1395 1483 1395 1597 1395 1597 1396 1483 1396 1485 1396 1597 1396 1485 1396 1598 1396 1598 1397 1485 1397 1487 1397 1598 1397 1487 1397 1599 1397 1599 1398 1487 1398 1489 1398 1599 1398 1489 1398 1600 1398 1600 1399 1489 1399 1353 1399 1600 1399 1353 1399 1472 1399 1572 1400 1582 1400 1217 1400 1217 1400 1582 1400 1228 1400 334 1401 333 1401 1601 1401 1601 1402 333 1402 1602 1402 1601 1403 1602 1403 1603 1403 1603 1404 1602 1404 1604 1404 1603 1405 1604 1405 1605 1405 1605 1406 1604 1406 1606 1406 1605 1407 1606 1407 1607 1407 1607 1408 1606 1408 1608 1408 1607 1409 1608 1409 1609 1409 1609 1410 1608 1410 1610 1410 1609 1411 1610 1411 1611 1411 1611 1412 1610 1412 1612 1412 1611 1413 1612 1413 1613 1413 1613 1414 1612 1414 1614 1414 1613 1415 1614 1415 1615 1415 1615 1416 1614 1416 1616 1416 1615 1417 1616 1417 1617 1417 1617 1418 1616 1418 1618 1418 1617 1419 1618 1419 1582 1419 1582 1420 1618 1420 1583 1420 333 1421 331 1421 1602 1421 1602 1422 331 1422 1619 1422 1602 1423 1619 1423 1604 1423 1604 1424 1619 1424 1620 1424 1604 1425 1620 1425 1606 1425 1606 1426 1620 1426 1621 1426 1606 1427 1621 1427 1608 1427 1608 1428 1621 1428 1622 1428 1608 1429 1622 1429 1610 1429 1610 1430 1622 1430 1623 1430 1610 1431 1623 1431 1612 1431 1612 1432 1623 1432 1624 1432 1612 1433 1624 1433 1614 1433 1614 1434 1624 1434 1625 1434 1614 1435 1625 1435 1616 1435 1616 1436 1625 1436 1626 1436 1616 1437 1626 1437 1618 1437 1618 1438 1626 1438 1627 1438 1618 1439 1627 1439 1583 1439 1583 1440 1627 1440 1584 1440 331 1441 330 1441 1619 1441 1619 1442 330 1442 1628 1442 1619 1443 1628 1443 1620 1443 1620 1444 1628 1444 1629 1444 1620 1445 1629 1445 1621 1445 1621 1446 1629 1446 1630 1446 1621 1447 1630 1447 1622 1447 1622 1448 1630 1448 1631 1448 1622 1449 1631 1449 1623 1449 1623 1450 1631 1450 1632 1450 1623 1451 1632 1451 1624 1451 1624 1452 1632 1452 1633 1452 1624 1453 1633 1453 1625 1453 1625 1454 1633 1454 1634 1454 1625 1455 1634 1455 1626 1455 1626 1456 1634 1456 1635 1456 1626 1457 1635 1457 1627 1457 1627 1458 1635 1458 1636 1458 1627 1459 1636 1459 1584 1459 1584 1460 1636 1460 1585 1460 330 1461 327 1461 1628 1461 1628 1462 327 1462 1637 1462 1628 1463 1637 1463 1629 1463 1629 1464 1637 1464 1638 1464 1629 1465 1638 1465 1630 1465 1630 1466 1638 1466 1639 1466 1630 1467 1639 1467 1631 1467 1631 1468 1639 1468 1640 1468 1631 1469 1640 1469 1632 1469 1632 1470 1640 1470 1641 1470 1632 1471 1641 1471 1633 1471 1633 1472 1641 1472 1642 1472 1633 1473 1642 1473 1634 1473 1634 1474 1642 1474 1643 1474 1634 1475 1643 1475 1635 1475 1635 1476 1643 1476 1644 1476 1635 1477 1644 1477 1636 1477 1636 1478 1644 1478 1645 1478 1636 1479 1645 1479 1585 1479 1585 1480 1645 1480 1586 1480 327 1481 326 1481 1637 1481 1637 1482 326 1482 1646 1482 1637 1483 1646 1483 1638 1483 1638 1484 1646 1484 1647 1484 1638 1485 1647 1485 1639 1485 1639 1486 1647 1486 1648 1486 1639 1487 1648 1487 1640 1487 1640 1488 1648 1488 1649 1488 1640 1489 1649 1489 1641 1489 1641 1490 1649 1490 1650 1490 1641 1491 1650 1491 1642 1491 1642 1492 1650 1492 1651 1492 1642 1493 1651 1493 1643 1493 1643 1494 1651 1494 1652 1494 1643 1495 1652 1495 1644 1495 1644 1496 1652 1496 1653 1496 1644 1497 1653 1497 1645 1497 1645 1498 1653 1498 1654 1498 1645 1499 1654 1499 1586 1499 1586 1500 1654 1500 1587 1500 326 1501 325 1501 1646 1501 1646 1502 325 1502 1655 1502 1646 1503 1655 1503 1647 1503 1647 1504 1655 1504 1656 1504 1647 1505 1656 1505 1648 1505 1648 1506 1656 1506 1657 1506 1648 1507 1657 1507 1649 1507 1649 1508 1657 1508 1658 1508 1649 1509 1658 1509 1650 1509 1650 1510 1658 1510 1659 1510 1650 1511 1659 1511 1651 1511 1651 1512 1659 1512 1660 1512 1651 1513 1660 1513 1652 1513 1652 1514 1660 1514 1661 1514 1652 1515 1661 1515 1653 1515 1653 1516 1661 1516 1662 1516 1653 1517 1662 1517 1654 1517 1654 1518 1662 1518 1663 1518 1654 1519 1663 1519 1587 1519 1587 1520 1663 1520 1588 1520 325 1521 321 1521 1655 1521 1655 1522 321 1522 1664 1522 1655 1523 1664 1523 1656 1523 1656 1524 1664 1524 1665 1524 1656 1525 1665 1525 1657 1525 1657 1526 1665 1526 1666 1526 1657 1527 1666 1527 1658 1527 1658 1528 1666 1528 1667 1528 1658 1529 1667 1529 1659 1529 1659 1530 1667 1530 1668 1530 1659 1531 1668 1531 1660 1531 1660 1532 1668 1532 1669 1532 1660 1533 1669 1533 1661 1533 1661 1534 1669 1534 1670 1534 1661 1535 1670 1535 1662 1535 1662 1536 1670 1536 1671 1536 1662 1537 1671 1537 1663 1537 1663 1538 1671 1538 1672 1538 1663 1539 1672 1539 1588 1539 1588 1540 1672 1540 1589 1540 321 1541 319 1541 1664 1541 1664 1542 319 1542 1673 1542 1664 1543 1673 1543 1665 1543 1665 1544 1673 1544 1674 1544 1665 1545 1674 1545 1666 1545 1666 1546 1674 1546 1675 1546 1666 1547 1675 1547 1667 1547 1667 1548 1675 1548 1676 1548 1667 1549 1676 1549 1668 1549 1668 1550 1676 1550 1677 1550 1668 1551 1677 1551 1669 1551 1669 1552 1677 1552 1678 1552 1669 1553 1678 1553 1670 1553 1670 1554 1678 1554 1679 1554 1670 1555 1679 1555 1671 1555 1671 1556 1679 1556 1680 1556 1671 1557 1680 1557 1672 1557 1672 1558 1680 1558 1681 1558 1672 1559 1681 1559 1589 1559 1589 1560 1681 1560 1590 1560 319 1561 318 1561 1673 1561 1673 1562 318 1562 1682 1562 1673 1563 1682 1563 1674 1563 1674 1564 1682 1564 1683 1564 1674 1565 1683 1565 1675 1565 1675 1566 1683 1566 1684 1566 1675 1567 1684 1567 1676 1567 1676 1568 1684 1568 1685 1568 1676 1569 1685 1569 1677 1569 1677 1570 1685 1570 1686 1570 1677 1571 1686 1571 1678 1571 1678 1572 1686 1572 1687 1572 1678 1573 1687 1573 1679 1573 1679 1574 1687 1574 1688 1574 1679 1575 1688 1575 1680 1575 1680 1576 1688 1576 1689 1576 1680 1577 1689 1577 1681 1577 1681 1578 1689 1578 1690 1578 1681 1579 1690 1579 1590 1579 1590 1580 1690 1580 1591 1580 318 1581 337 1581 1682 1581 1682 1582 337 1582 1592 1582 1682 1583 1592 1583 1683 1583 1683 1584 1592 1584 1593 1584 1683 1585 1593 1585 1684 1585 1684 1586 1593 1586 1594 1586 1684 1587 1594 1587 1685 1587 1685 1588 1594 1588 1595 1588 1685 1589 1595 1589 1686 1589 1686 1590 1595 1590 1596 1590 1686 1591 1596 1591 1687 1591 1687 1592 1596 1592 1597 1592 1687 1593 1597 1593 1688 1593 1688 1594 1597 1594 1598 1594 1688 1595 1598 1595 1689 1595 1689 1596 1598 1596 1599 1596 1689 1597 1599 1597 1690 1597 1690 1598 1599 1598 1600 1598 1690 1599 1600 1599 1591 1599 1591 1600 1600 1600 1472 1600 365 1601 364 1601 1573 1601 1573 1602 364 1602 1691 1602 1573 1603 1691 1603 1574 1603 1574 1604 1691 1604 1692 1604 1574 1605 1692 1605 1575 1605 1575 1606 1692 1606 1693 1606 1575 1607 1693 1607 1576 1607 1576 1608 1693 1608 1694 1608 1576 1609 1694 1609 1577 1609 1577 1610 1694 1610 1695 1610 1577 1611 1695 1611 1578 1611 1578 1612 1695 1612 1696 1612 1578 1613 1696 1613 1579 1613 1579 1614 1696 1614 1697 1614 1579 1615 1697 1615 1580 1615 1580 1616 1697 1616 1698 1616 1580 1617 1698 1617 1581 1617 1581 1618 1698 1618 1699 1618 1581 1619 1699 1619 1381 1619 1381 1620 1699 1620 1563 1620 364 1621 351 1621 1691 1621 1691 1622 351 1622 1700 1622 1691 1623 1700 1623 1692 1623 1692 1624 1700 1624 1701 1624 1692 1625 1701 1625 1693 1625 1693 1626 1701 1626 1702 1626 1693 1627 1702 1627 1694 1627 1694 1628 1702 1628 1703 1628 1694 1629 1703 1629 1695 1629 1695 1630 1703 1630 1704 1630 1695 1631 1704 1631 1696 1631 1696 1632 1704 1632 1705 1632 1696 1633 1705 1633 1697 1633 1697 1634 1705 1634 1706 1634 1697 1635 1706 1635 1698 1635 1698 1636 1706 1636 1707 1636 1698 1637 1707 1637 1699 1637 1699 1638 1707 1638 1708 1638 1699 1639 1708 1639 1563 1639 1563 1640 1708 1640 1564 1640 351 1641 353 1641 1700 1641 1700 1642 353 1642 1709 1642 1700 1643 1709 1643 1701 1643 1701 1644 1709 1644 1710 1644 1701 1645 1710 1645 1702 1645 1702 1646 1710 1646 1711 1646 1702 1647 1711 1647 1703 1647 1703 1648 1711 1648 1712 1648 1703 1649 1712 1649 1704 1649 1704 1650 1712 1650 1713 1650 1704 1651 1713 1651 1705 1651 1705 1652 1713 1652 1714 1652 1705 1653 1714 1653 1706 1653 1706 1654 1714 1654 1715 1654 1706 1655 1715 1655 1707 1655 1707 1656 1715 1656 1716 1656 1707 1657 1716 1657 1708 1657 1708 1658 1716 1658 1717 1658 1708 1659 1717 1659 1564 1659 1564 1660 1717 1660 1565 1660 353 1661 354 1661 1709 1661 1709 1662 354 1662 1718 1662 1709 1663 1718 1663 1710 1663 1710 1664 1718 1664 1719 1664 1710 1665 1719 1665 1711 1665 1711 1666 1719 1666 1720 1666 1711 1667 1720 1667 1712 1667 1712 1668 1720 1668 1721 1668 1712 1669 1721 1669 1713 1669 1713 1670 1721 1670 1722 1670 1713 1671 1722 1671 1714 1671 1714 1672 1722 1672 1723 1672 1714 1673 1723 1673 1715 1673 1715 1674 1723 1674 1724 1674 1715 1675 1724 1675 1716 1675 1716 1676 1724 1676 1725 1676 1716 1677 1725 1677 1717 1677 1717 1678 1725 1678 1726 1678 1717 1679 1726 1679 1565 1679 1565 1680 1726 1680 1566 1680 354 1681 357 1681 1718 1681 1718 1682 357 1682 1727 1682 1718 1683 1727 1683 1719 1683 1719 1684 1727 1684 1728 1684 1719 1685 1728 1685 1720 1685 1720 1686 1728 1686 1729 1686 1720 1687 1729 1687 1721 1687 1721 1688 1729 1688 1730 1688 1721 1689 1730 1689 1722 1689 1722 1690 1730 1690 1731 1690 1722 1691 1731 1691 1723 1691 1723 1692 1731 1692 1732 1692 1723 1693 1732 1693 1724 1693 1724 1694 1732 1694 1733 1694 1724 1695 1733 1695 1725 1695 1725 1696 1733 1696 1734 1696 1725 1697 1734 1697 1726 1697 1726 1698 1734 1698 1735 1698 1726 1699 1735 1699 1566 1699 1566 1700 1735 1700 1567 1700 357 1701 356 1701 1727 1701 1727 1702 356 1702 1736 1702 1727 1703 1736 1703 1728 1703 1728 1704 1736 1704 1737 1704 1728 1705 1737 1705 1729 1705 1729 1706 1737 1706 1738 1706 1729 1707 1738 1707 1730 1707 1730 1708 1738 1708 1739 1708 1730 1709 1739 1709 1731 1709 1731 1710 1739 1710 1740 1710 1731 1711 1740 1711 1732 1711 1732 1712 1740 1712 1741 1712 1732 1713 1741 1713 1733 1713 1733 1714 1741 1714 1742 1714 1733 1715 1742 1715 1734 1715 1734 1716 1742 1716 1743 1716 1734 1717 1743 1717 1735 1717 1735 1718 1743 1718 1744 1718 1735 1719 1744 1719 1567 1719 1567 1720 1744 1720 1568 1720 356 1721 355 1721 1736 1721 1736 1722 355 1722 1745 1722 1736 1723 1745 1723 1737 1723 1737 1724 1745 1724 1746 1724 1737 1725 1746 1725 1738 1725 1738 1726 1746 1726 1747 1726 1738 1727 1747 1727 1739 1727 1739 1728 1747 1728 1748 1728 1739 1729 1748 1729 1740 1729 1740 1730 1748 1730 1749 1730 1740 1731 1749 1731 1741 1731 1741 1732 1749 1732 1750 1732 1741 1733 1750 1733 1742 1733 1742 1734 1750 1734 1751 1734 1742 1735 1751 1735 1743 1735 1743 1736 1751 1736 1752 1736 1743 1737 1752 1737 1744 1737 1744 1738 1752 1738 1753 1738 1744 1739 1753 1739 1568 1739 1568 1740 1753 1740 1569 1740 355 1741 313 1741 1745 1741 1745 1742 313 1742 1754 1742 1745 1743 1754 1743 1746 1743 1746 1744 1754 1744 1755 1744 1746 1745 1755 1745 1747 1745 1747 1746 1755 1746 1756 1746 1747 1747 1756 1747 1748 1747 1748 1748 1756 1748 1757 1748 1748 1749 1757 1749 1749 1749 1749 1750 1757 1750 1758 1750 1749 1751 1758 1751 1750 1751 1750 1752 1758 1752 1759 1752 1750 1753 1759 1753 1751 1753 1751 1754 1759 1754 1760 1754 1751 1755 1760 1755 1752 1755 1752 1756 1760 1756 1761 1756 1752 1757 1761 1757 1753 1757 1753 1758 1761 1758 1762 1758 1753 1759 1762 1759 1569 1759 1569 1760 1762 1760 1570 1760 313 1761 312 1761 1754 1761 1754 1762 312 1762 1763 1762 1754 1763 1763 1763 1755 1763 1755 1764 1763 1764 1764 1764 1755 1765 1764 1765 1756 1765 1756 1766 1764 1766 1765 1766 1756 1767 1765 1767 1757 1767 1757 1768 1765 1768 1766 1768 1757 1769 1766 1769 1758 1769 1758 1770 1766 1770 1767 1770 1758 1771 1767 1771 1759 1771 1759 1772 1767 1772 1768 1772 1759 1773 1768 1773 1760 1773 1760 1774 1768 1774 1769 1774 1760 1775 1769 1775 1761 1775 1761 1776 1769 1776 1770 1776 1761 1777 1770 1777 1762 1777 1762 1778 1770 1778 1771 1778 1762 1779 1771 1779 1570 1779 1570 1780 1771 1780 1571 1780 312 1781 310 1781 1763 1781 1763 1782 310 1782 1772 1782 1763 1783 1772 1783 1764 1783 1764 1784 1772 1784 1773 1784 1764 1785 1773 1785 1765 1785 1765 1786 1773 1786 1774 1786 1765 1787 1774 1787 1766 1787 1766 1788 1774 1788 1775 1788 1766 1789 1775 1789 1767 1789 1767 1790 1775 1790 1776 1790 1767 1791 1776 1791 1768 1791 1768 1792 1776 1792 1777 1792 1768 1793 1777 1793 1769 1793 1769 1794 1777 1794 1778 1794 1769 1795 1778 1795 1770 1795 1770 1796 1778 1796 1779 1796 1770 1797 1779 1797 1771 1797 1771 1798 1779 1798 1780 1798 1771 1799 1780 1799 1571 1799 1571 1800 1780 1800 1572 1800 310 1801 309 1801 1772 1801 1772 1801 309 1801 517 1801 334 1801 1601 1801 518 1801 518 1801 1601 1801 517 1801 517 1801 1601 1801 1772 1801 1772 1802 1601 1802 1603 1802 1772 1802 1603 1802 1773 1802 1773 1803 1603 1803 1605 1803 1773 1803 1605 1803 1774 1803 1774 1804 1605 1804 1607 1804 1774 1804 1607 1804 1775 1804 1775 1805 1607 1805 1609 1805 1775 1805 1609 1805 1776 1805 1776 1806 1609 1806 1611 1806 1776 1806 1611 1806 1777 1806 1777 1807 1611 1807 1613 1807 1777 1807 1613 1807 1778 1807 1778 1808 1613 1808 1615 1808 1778 1808 1615 1808 1779 1808 1779 1809 1615 1809 1617 1809 1779 1809 1617 1809 1780 1809 1780 1810 1617 1810 1582 1810 1780 1810 1582 1810 1572 1810 1781 1811 1782 1811 1783 1811 1782 1812 1784 1812 1785 1812 1784 1813 1786 1813 1787 1813 1786 1814 1788 1814 1789 1814 1788 1815 1790 1815 1791 1815 1790 1816 1792 1816 1793 1816 1792 1817 1794 1817 1795 1817 1794 1818 1796 1818 1797 1818 1796 1819 1798 1819 1799 1819 1798 1820 1800 1820 1801 1820 1798 1821 1801 1821 1799 1821 1799 1822 1801 1822 1802 1822 1799 1823 1802 1823 1803 1823 1803 1824 1802 1824 1804 1824 1803 1825 1804 1825 1805 1825 1805 1826 1804 1826 1806 1826 1805 1827 1806 1827 1807 1827 1807 1828 1806 1828 1808 1828 1807 1829 1808 1829 1809 1829 1809 1830 1808 1830 1810 1830 1809 1831 1810 1831 1811 1831 1811 1832 1810 1832 1812 1832 1811 1833 1812 1833 1813 1833 1813 1834 1812 1834 1814 1834 1813 1835 1814 1835 1815 1835 1815 1836 1814 1836 1816 1836 1815 1837 1816 1837 1817 1837 1817 1838 1816 1838 1818 1838 1817 1838 1818 1838 1819 1838 1819 1839 1818 1839 1820 1839 1819 1840 1820 1840 1821 1840 1821 1841 1820 1841 1822 1841 1821 1842 1822 1842 1823 1842 1823 1843 1822 1843 1824 1843 1823 1844 1824 1844 1825 1844 1825 1845 1824 1845 1826 1845 1825 1846 1826 1846 1827 1846 1827 1847 1826 1847 1828 1847 1827 1848 1828 1848 1829 1848 1829 1849 1828 1849 1830 1849 1829 1850 1830 1850 1831 1850 1831 1851 1830 1851 1832 1851 1831 1852 1832 1852 1833 1852 1833 1853 1832 1853 1834 1853 1833 1854 1834 1854 1835 1854 1835 1855 1834 1855 1836 1855 1835 1856 1836 1856 1837 1856 1796 1857 1799 1857 1797 1857 1797 1858 1799 1858 1803 1858 1797 1859 1803 1859 1838 1859 1838 1860 1803 1860 1805 1860 1838 1861 1805 1861 1839 1861 1839 1862 1805 1862 1807 1862 1839 1863 1807 1863 1840 1863 1840 1864 1807 1864 1809 1864 1840 1865 1809 1865 1841 1865 1841 1866 1809 1866 1811 1866 1841 1867 1811 1867 1842 1867 1842 1868 1811 1868 1813 1868 1842 1869 1813 1869 1843 1869 1843 1870 1813 1870 1815 1870 1843 1871 1815 1871 1844 1871 1844 1872 1815 1872 1817 1872 1844 1873 1817 1873 1845 1873 1845 1874 1817 1874 1819 1874 1845 1874 1819 1874 1846 1874 1846 1875 1819 1875 1821 1875 1846 1876 1821 1876 1847 1876 1847 1877 1821 1877 1823 1877 1847 1878 1823 1878 1848 1878 1848 1879 1823 1879 1825 1879 1848 1880 1825 1880 1849 1880 1849 1881 1825 1881 1827 1881 1849 1882 1827 1882 1850 1882 1850 1883 1827 1883 1829 1883 1850 1884 1829 1884 1851 1884 1851 1885 1829 1885 1831 1885 1851 1886 1831 1886 1852 1886 1852 1887 1831 1887 1833 1887 1852 1888 1833 1888 1853 1888 1853 1889 1833 1889 1835 1889 1853 1890 1835 1890 1854 1890 1854 1891 1835 1891 1837 1891 1854 1892 1837 1892 1855 1892 1794 1893 1797 1893 1795 1893 1795 1894 1797 1894 1838 1894 1795 1895 1838 1895 1856 1895 1856 1896 1838 1896 1839 1896 1856 1897 1839 1897 1857 1897 1857 1898 1839 1898 1840 1898 1857 1899 1840 1899 1858 1899 1858 1900 1840 1900 1841 1900 1858 1901 1841 1901 1859 1901 1859 1902 1841 1902 1842 1902 1859 1903 1842 1903 1860 1903 1860 1904 1842 1904 1843 1904 1860 1905 1843 1905 1861 1905 1861 1906 1843 1906 1844 1906 1861 1907 1844 1907 1862 1907 1862 1908 1844 1908 1845 1908 1862 1909 1845 1909 1863 1909 1863 1910 1845 1910 1846 1910 1863 1910 1846 1910 1864 1910 1864 1911 1846 1911 1847 1911 1864 1912 1847 1912 1865 1912 1865 1913 1847 1913 1848 1913 1865 1914 1848 1914 1866 1914 1866 1915 1848 1915 1849 1915 1866 1916 1849 1916 1867 1916 1867 1917 1849 1917 1850 1917 1867 1918 1850 1918 1868 1918 1868 1919 1850 1919 1851 1919 1868 1920 1851 1920 1869 1920 1869 1921 1851 1921 1852 1921 1869 1922 1852 1922 1870 1922 1870 1923 1852 1923 1853 1923 1870 1924 1853 1924 1871 1924 1871 1925 1853 1925 1854 1925 1871 1926 1854 1926 1872 1926 1872 1927 1854 1927 1855 1927 1872 1928 1855 1928 1873 1928 1792 1929 1795 1929 1793 1929 1793 1930 1795 1930 1856 1930 1793 1931 1856 1931 1874 1931 1874 1932 1856 1932 1857 1932 1874 1933 1857 1933 1875 1933 1875 1934 1857 1934 1858 1934 1875 1935 1858 1935 1876 1935 1876 1936 1858 1936 1859 1936 1876 1937 1859 1937 1877 1937 1877 1938 1859 1938 1860 1938 1877 1939 1860 1939 1878 1939 1878 1940 1860 1940 1861 1940 1878 1941 1861 1941 1879 1941 1879 1942 1861 1942 1862 1942 1879 1943 1862 1943 1880 1943 1880 1944 1862 1944 1863 1944 1880 1945 1863 1945 1881 1945 1881 1946 1863 1946 1864 1946 1881 1946 1864 1946 1882 1946 1882 1947 1864 1947 1865 1947 1882 1948 1865 1948 1883 1948 1883 1949 1865 1949 1866 1949 1883 1950 1866 1950 1884 1950 1884 1951 1866 1951 1867 1951 1884 1952 1867 1952 1885 1952 1885 1953 1867 1953 1868 1953 1885 1954 1868 1954 1886 1954 1886 1955 1868 1955 1869 1955 1886 1956 1869 1956 1887 1956 1887 1957 1869 1957 1870 1957 1887 1958 1870 1958 1888 1958 1888 1959 1870 1959 1871 1959 1888 1960 1871 1960 1889 1960 1889 1961 1871 1961 1872 1961 1889 1962 1872 1962 1890 1962 1890 1963 1872 1963 1873 1963 1890 1964 1873 1964 1891 1964 1790 1965 1793 1965 1791 1965 1791 1966 1793 1966 1874 1966 1791 1967 1874 1967 1892 1967 1892 1968 1874 1968 1875 1968 1892 1969 1875 1969 1893 1969 1893 1970 1875 1970 1876 1970 1893 1971 1876 1971 1894 1971 1894 1972 1876 1972 1877 1972 1894 1973 1877 1973 1895 1973 1895 1974 1877 1974 1878 1974 1895 1975 1878 1975 1896 1975 1896 1976 1878 1976 1879 1976 1896 1977 1879 1977 1897 1977 1897 1978 1879 1978 1880 1978 1897 1979 1880 1979 1898 1979 1898 1980 1880 1980 1881 1980 1898 1981 1881 1981 1899 1981 1899 1982 1881 1982 1882 1982 1899 1982 1882 1982 1900 1982 1900 1983 1882 1983 1883 1983 1900 1984 1883 1984 1901 1984 1901 1985 1883 1985 1884 1985 1901 1986 1884 1986 1902 1986 1902 1987 1884 1987 1885 1987 1902 1988 1885 1988 1903 1988 1903 1989 1885 1989 1886 1989 1903 1990 1886 1990 1904 1990 1904 1991 1886 1991 1887 1991 1904 1992 1887 1992 1905 1992 1905 1993 1887 1993 1888 1993 1905 1994 1888 1994 1906 1994 1906 1995 1888 1995 1889 1995 1906 1996 1889 1996 1907 1996 1907 1997 1889 1997 1890 1997 1907 1998 1890 1998 1908 1998 1908 1999 1890 1999 1891 1999 1908 2000 1891 2000 1909 2000 1788 2001 1791 2001 1789 2001 1789 2002 1791 2002 1892 2002 1789 2003 1892 2003 1910 2003 1910 2004 1892 2004 1893 2004 1910 2005 1893 2005 1911 2005 1911 2006 1893 2006 1894 2006 1911 2007 1894 2007 1912 2007 1912 2008 1894 2008 1895 2008 1912 2009 1895 2009 1913 2009 1913 2010 1895 2010 1896 2010 1913 2011 1896 2011 1914 2011 1914 2012 1896 2012 1897 2012 1914 2013 1897 2013 1915 2013 1915 2014 1897 2014 1898 2014 1915 2015 1898 2015 1916 2015 1916 2016 1898 2016 1899 2016 1916 2017 1899 2017 1917 2017 1917 2018 1899 2018 1900 2018 1917 2018 1900 2018 1918 2018 1918 2019 1900 2019 1901 2019 1918 2020 1901 2020 1919 2020 1919 2021 1901 2021 1902 2021 1919 2022 1902 2022 1920 2022 1920 2023 1902 2023 1903 2023 1920 2024 1903 2024 1921 2024 1921 2025 1903 2025 1904 2025 1921 2026 1904 2026 1922 2026 1922 2027 1904 2027 1905 2027 1922 2028 1905 2028 1923 2028 1923 2029 1905 2029 1906 2029 1923 2030 1906 2030 1924 2030 1924 2031 1906 2031 1907 2031 1924 2032 1907 2032 1925 2032 1925 2033 1907 2033 1908 2033 1925 2034 1908 2034 1926 2034 1926 2035 1908 2035 1909 2035 1926 2036 1909 2036 1927 2036 1786 2037 1789 2037 1787 2037 1787 2038 1789 2038 1910 2038 1787 2039 1910 2039 1928 2039 1928 2040 1910 2040 1911 2040 1928 2041 1911 2041 1929 2041 1929 2042 1911 2042 1912 2042 1929 2043 1912 2043 1930 2043 1930 2044 1912 2044 1913 2044 1930 2045 1913 2045 1931 2045 1931 2046 1913 2046 1914 2046 1931 2047 1914 2047 1932 2047 1932 2048 1914 2048 1915 2048 1932 2049 1915 2049 1933 2049 1933 2050 1915 2050 1916 2050 1933 2051 1916 2051 1934 2051 1934 2052 1916 2052 1917 2052 1934 2053 1917 2053 1935 2053 1935 2054 1917 2054 1918 2054 1935 2054 1918 2054 1936 2054 1936 2055 1918 2055 1919 2055 1936 2056 1919 2056 1937 2056 1937 2057 1919 2057 1920 2057 1937 2058 1920 2058 1938 2058 1938 2059 1920 2059 1921 2059 1938 2060 1921 2060 1939 2060 1939 2061 1921 2061 1922 2061 1939 2062 1922 2062 1940 2062 1940 2063 1922 2063 1923 2063 1940 2064 1923 2064 1941 2064 1941 2065 1923 2065 1924 2065 1941 2066 1924 2066 1942 2066 1942 2067 1924 2067 1925 2067 1942 2068 1925 2068 1943 2068 1943 2069 1925 2069 1926 2069 1943 2070 1926 2070 1944 2070 1944 2071 1926 2071 1927 2071 1944 2072 1927 2072 1945 2072 1784 2073 1787 2073 1785 2073 1785 2074 1787 2074 1928 2074 1785 2075 1928 2075 1946 2075 1946 2076 1928 2076 1929 2076 1946 2077 1929 2077 1947 2077 1947 2078 1929 2078 1930 2078 1947 2079 1930 2079 1948 2079 1948 2080 1930 2080 1931 2080 1948 2081 1931 2081 1949 2081 1949 2082 1931 2082 1932 2082 1949 2083 1932 2083 1950 2083 1950 2084 1932 2084 1933 2084 1950 2085 1933 2085 1951 2085 1951 2086 1933 2086 1934 2086 1951 2087 1934 2087 1952 2087 1952 2088 1934 2088 1935 2088 1952 2089 1935 2089 1953 2089 1953 2090 1935 2090 1936 2090 1953 2090 1936 2090 1954 2090 1954 2091 1936 2091 1937 2091 1954 2092 1937 2092 1955 2092 1955 2093 1937 2093 1938 2093 1955 2094 1938 2094 1956 2094 1956 2095 1938 2095 1939 2095 1956 2096 1939 2096 1957 2096 1957 2097 1939 2097 1940 2097 1957 2098 1940 2098 1958 2098 1958 2099 1940 2099 1941 2099 1958 2100 1941 2100 1959 2100 1959 2101 1941 2101 1942 2101 1959 2102 1942 2102 1960 2102 1960 2103 1942 2103 1943 2103 1960 2104 1943 2104 1961 2104 1961 2105 1943 2105 1944 2105 1961 2106 1944 2106 1962 2106 1962 2107 1944 2107 1945 2107 1962 2108 1945 2108 1963 2108 1782 2109 1785 2109 1783 2109 1783 2110 1785 2110 1946 2110 1783 2111 1946 2111 1964 2111 1964 2112 1946 2112 1947 2112 1964 2113 1947 2113 1965 2113 1965 2114 1947 2114 1948 2114 1965 2115 1948 2115 1966 2115 1966 2116 1948 2116 1949 2116 1966 2117 1949 2117 1967 2117 1967 2118 1949 2118 1950 2118 1967 2119 1950 2119 1968 2119 1968 2120 1950 2120 1951 2120 1968 2121 1951 2121 1969 2121 1969 2122 1951 2122 1952 2122 1969 2123 1952 2123 1970 2123 1970 2124 1952 2124 1953 2124 1970 2125 1953 2125 1971 2125 1971 2126 1953 2126 1954 2126 1971 2126 1954 2126 1972 2126 1972 2127 1954 2127 1955 2127 1972 2128 1955 2128 1973 2128 1973 2129 1955 2129 1956 2129 1973 2130 1956 2130 1974 2130 1974 2131 1956 2131 1957 2131 1974 2132 1957 2132 1975 2132 1975 2133 1957 2133 1958 2133 1975 2134 1958 2134 1976 2134 1976 2135 1958 2135 1959 2135 1976 2136 1959 2136 1977 2136 1977 2137 1959 2137 1960 2137 1977 2138 1960 2138 1978 2138 1978 2139 1960 2139 1961 2139 1978 2140 1961 2140 1979 2140 1979 2141 1961 2141 1962 2141 1979 2142 1962 2142 1980 2142 1980 2143 1962 2143 1963 2143 1980 2144 1963 2144 1981 2144 1781 2145 1783 2145 1982 2145 1982 2146 1783 2146 1964 2146 1982 2147 1964 2147 1983 2147 1983 2148 1964 2148 1965 2148 1983 2149 1965 2149 1984 2149 1984 2150 1965 2150 1966 2150 1984 2151 1966 2151 1985 2151 1985 2152 1966 2152 1967 2152 1985 2153 1967 2153 1986 2153 1986 2154 1967 2154 1968 2154 1986 2155 1968 2155 1987 2155 1987 2156 1968 2156 1969 2156 1987 2157 1969 2157 1988 2157 1988 2158 1969 2158 1970 2158 1988 2159 1970 2159 1989 2159 1989 2160 1970 2160 1971 2160 1989 2161 1971 2161 1990 2161 1990 2162 1971 2162 1972 2162 1990 2162 1972 2162 1991 2162 1991 2163 1972 2163 1973 2163 1991 2164 1973 2164 1992 2164 1992 2165 1973 2165 1974 2165 1992 2166 1974 2166 1993 2166 1993 2167 1974 2167 1975 2167 1993 2168 1975 2168 1994 2168 1994 2169 1975 2169 1976 2169 1994 2170 1976 2170 1995 2170 1995 2171 1976 2171 1977 2171 1995 2172 1977 2172 1996 2172 1996 2173 1977 2173 1978 2173 1996 2174 1978 2174 1997 2174 1997 2175 1978 2175 1979 2175 1997 2176 1979 2176 1998 2176 1998 2177 1979 2177 1980 2177 1998 2178 1980 2178 1999 2178 1999 2179 1980 2179 1981 2179 1999 2180 1981 2180 2000 2180 1836 88 2001 88 2002 88 1836 88 2002 88 1837 88 1837 2181 2002 2181 2003 2181 1837 2181 2003 2181 1855 2181 1855 90 2003 90 2004 90 1855 90 2004 90 1873 90 1873 91 2004 91 2005 91 1873 91 2005 91 1891 91 1891 92 2005 92 2006 92 1891 92 2006 92 1909 92 1909 2182 2006 2182 2007 2182 1909 2182 2007 2182 1927 2182 1927 94 2007 94 2008 94 1927 94 2008 94 1945 94 1945 95 2008 95 2009 95 1945 95 2009 95 1963 95 1963 2183 2009 2183 2010 2183 1963 2183 2010 2183 1981 2183 1981 87 2010 87 2011 87 1981 87 2011 87 2000 87 2012 2184 1800 2184 1798 2184 2012 2184 1798 2184 2013 2184 2013 919 1798 919 1796 919 2013 919 1796 919 2014 919 2014 920 1796 920 1794 920 2014 920 1794 920 2015 920 2015 921 1794 921 1792 921 2015 921 1792 921 2016 921 2016 2185 1792 2185 1790 2185 2016 2185 1790 2185 2017 2185 2017 2186 1790 2186 1788 2186 2017 2186 1788 2186 2018 2186 2018 2187 1788 2187 1786 2187 2018 2187 1786 2187 2019 2187 2019 925 1786 925 1784 925 2019 925 1784 925 2020 925 2020 926 1784 926 1782 926 2020 926 1782 926 2021 926 2021 917 1782 917 1781 917 2021 917 1781 917 2022 917 2011 2188 2010 2188 2023 2188 2010 2189 2009 2189 2024 2189 2009 2190 2008 2190 2025 2190 2008 2191 2007 2191 2026 2191 2007 2192 2006 2192 2027 2192 2006 2193 2005 2193 2028 2193 2005 2194 2004 2194 2029 2194 2004 2195 2003 2195 2030 2195 2003 2196 2002 2196 2031 2196 2002 2197 2001 2197 2032 2197 2002 2198 2032 2198 2031 2198 2031 2199 2032 2199 2033 2199 2031 2200 2033 2200 2034 2200 2034 2201 2033 2201 2035 2201 2034 2202 2035 2202 2036 2202 2036 2203 2035 2203 2037 2203 2036 2204 2037 2204 2038 2204 2038 2205 2037 2205 2039 2205 2038 2206 2039 2206 2040 2206 2040 2207 2039 2207 2041 2207 2040 2208 2041 2208 2042 2208 2042 2209 2041 2209 2043 2209 2042 2210 2043 2210 2044 2210 2044 2211 2043 2211 2045 2211 2044 2212 2045 2212 2046 2212 2046 2213 2045 2213 2047 2213 2046 2214 2047 2214 2048 2214 2048 2215 2047 2215 2049 2215 2048 2215 2049 2215 2050 2215 2050 2216 2049 2216 2051 2216 2050 2217 2051 2217 2052 2217 2052 2218 2051 2218 2053 2218 2052 2219 2053 2219 2054 2219 2054 2220 2053 2220 2055 2220 2054 2221 2055 2221 2056 2221 2056 2222 2055 2222 2057 2222 2056 2223 2057 2223 2058 2223 2058 2224 2057 2224 2059 2224 2058 2225 2059 2225 2060 2225 2060 2226 2059 2226 2061 2226 2060 2227 2061 2227 2062 2227 2062 2228 2061 2228 2063 2228 2062 2229 2063 2229 2064 2229 2064 2230 2063 2230 2065 2230 2064 2231 2065 2231 2066 2231 2066 2232 2065 2232 2012 2232 2066 2233 2012 2233 2013 2233 2003 2234 2031 2234 2030 2234 2030 2235 2031 2235 2034 2235 2030 2236 2034 2236 2067 2236 2067 2237 2034 2237 2036 2237 2067 2238 2036 2238 2068 2238 2068 2239 2036 2239 2038 2239 2068 2240 2038 2240 2069 2240 2069 2241 2038 2241 2040 2241 2069 2242 2040 2242 2070 2242 2070 2243 2040 2243 2042 2243 2070 2244 2042 2244 2071 2244 2071 2245 2042 2245 2044 2245 2071 2246 2044 2246 2072 2246 2072 2247 2044 2247 2046 2247 2072 2248 2046 2248 2073 2248 2073 2249 2046 2249 2048 2249 2073 2250 2048 2250 2074 2250 2074 2251 2048 2251 2050 2251 2074 2251 2050 2251 2075 2251 2075 2252 2050 2252 2052 2252 2075 2253 2052 2253 2076 2253 2076 2254 2052 2254 2054 2254 2076 2255 2054 2255 2077 2255 2077 2256 2054 2256 2056 2256 2077 2257 2056 2257 2078 2257 2078 2258 2056 2258 2058 2258 2078 2259 2058 2259 2079 2259 2079 2260 2058 2260 2060 2260 2079 2261 2060 2261 2080 2261 2080 2262 2060 2262 2062 2262 2080 2263 2062 2263 2081 2263 2081 2264 2062 2264 2064 2264 2081 2265 2064 2265 2082 2265 2082 2266 2064 2266 2066 2266 2082 2267 2066 2267 2083 2267 2083 2268 2066 2268 2013 2268 2083 2269 2013 2269 2014 2269 2004 2270 2030 2270 2029 2270 2029 2271 2030 2271 2067 2271 2029 2272 2067 2272 2084 2272 2084 2273 2067 2273 2068 2273 2084 2274 2068 2274 2085 2274 2085 2275 2068 2275 2069 2275 2085 2276 2069 2276 2086 2276 2086 2277 2069 2277 2070 2277 2086 2278 2070 2278 2087 2278 2087 2279 2070 2279 2071 2279 2087 2280 2071 2280 2088 2280 2088 2281 2071 2281 2072 2281 2088 2282 2072 2282 2089 2282 2089 2283 2072 2283 2073 2283 2089 2284 2073 2284 2090 2284 2090 2285 2073 2285 2074 2285 2090 2286 2074 2286 2091 2286 2091 2287 2074 2287 2075 2287 2091 2287 2075 2287 2092 2287 2092 2288 2075 2288 2076 2288 2092 2289 2076 2289 2093 2289 2093 2290 2076 2290 2077 2290 2093 2291 2077 2291 2094 2291 2094 2292 2077 2292 2078 2292 2094 2293 2078 2293 2095 2293 2095 2294 2078 2294 2079 2294 2095 2295 2079 2295 2096 2295 2096 2296 2079 2296 2080 2296 2096 2297 2080 2297 2097 2297 2097 2298 2080 2298 2081 2298 2097 2299 2081 2299 2098 2299 2098 2300 2081 2300 2082 2300 2098 2301 2082 2301 2099 2301 2099 2302 2082 2302 2083 2302 2099 2303 2083 2303 2100 2303 2100 2304 2083 2304 2014 2304 2100 2305 2014 2305 2015 2305 2005 2306 2029 2306 2028 2306 2028 2307 2029 2307 2084 2307 2028 2308 2084 2308 2101 2308 2101 2309 2084 2309 2085 2309 2101 2310 2085 2310 2102 2310 2102 2311 2085 2311 2086 2311 2102 2312 2086 2312 2103 2312 2103 2313 2086 2313 2087 2313 2103 2314 2087 2314 2104 2314 2104 2315 2087 2315 2088 2315 2104 2316 2088 2316 2105 2316 2105 2317 2088 2317 2089 2317 2105 2318 2089 2318 2106 2318 2106 2319 2089 2319 2090 2319 2106 2320 2090 2320 2107 2320 2107 2321 2090 2321 2091 2321 2107 2322 2091 2322 2108 2322 2108 2323 2091 2323 2092 2323 2108 2323 2092 2323 2109 2323 2109 2324 2092 2324 2093 2324 2109 2325 2093 2325 2110 2325 2110 2326 2093 2326 2094 2326 2110 2327 2094 2327 2111 2327 2111 2328 2094 2328 2095 2328 2111 2329 2095 2329 2112 2329 2112 2330 2095 2330 2096 2330 2112 2331 2096 2331 2113 2331 2113 2332 2096 2332 2097 2332 2113 2333 2097 2333 2114 2333 2114 2334 2097 2334 2098 2334 2114 2335 2098 2335 2115 2335 2115 2336 2098 2336 2099 2336 2115 2337 2099 2337 2116 2337 2116 2338 2099 2338 2100 2338 2116 2339 2100 2339 2117 2339 2117 2340 2100 2340 2015 2340 2117 2341 2015 2341 2016 2341 2006 2342 2028 2342 2027 2342 2027 2343 2028 2343 2101 2343 2027 2344 2101 2344 2118 2344 2118 2345 2101 2345 2102 2345 2118 2346 2102 2346 2119 2346 2119 2347 2102 2347 2103 2347 2119 2348 2103 2348 2120 2348 2120 2349 2103 2349 2104 2349 2120 2350 2104 2350 2121 2350 2121 2351 2104 2351 2105 2351 2121 2352 2105 2352 2122 2352 2122 2353 2105 2353 2106 2353 2122 2354 2106 2354 2123 2354 2123 2355 2106 2355 2107 2355 2123 2356 2107 2356 2124 2356 2124 2357 2107 2357 2108 2357 2124 2358 2108 2358 2125 2358 2125 2359 2108 2359 2109 2359 2125 2359 2109 2359 2126 2359 2126 2360 2109 2360 2110 2360 2126 2361 2110 2361 2127 2361 2127 2362 2110 2362 2111 2362 2127 2363 2111 2363 2128 2363 2128 2364 2111 2364 2112 2364 2128 2365 2112 2365 2129 2365 2129 2366 2112 2366 2113 2366 2129 2367 2113 2367 2130 2367 2130 2368 2113 2368 2114 2368 2130 2369 2114 2369 2131 2369 2131 2370 2114 2370 2115 2370 2131 2371 2115 2371 2132 2371 2132 2372 2115 2372 2116 2372 2132 2373 2116 2373 2133 2373 2133 2374 2116 2374 2117 2374 2133 2375 2117 2375 2134 2375 2134 2376 2117 2376 2016 2376 2134 2377 2016 2377 2017 2377 2007 2378 2027 2378 2026 2378 2026 2379 2027 2379 2118 2379 2026 2380 2118 2380 2135 2380 2135 2381 2118 2381 2119 2381 2135 2382 2119 2382 2136 2382 2136 2383 2119 2383 2120 2383 2136 2384 2120 2384 2137 2384 2137 2385 2120 2385 2121 2385 2137 2386 2121 2386 2138 2386 2138 2387 2121 2387 2122 2387 2138 2388 2122 2388 2139 2388 2139 2389 2122 2389 2123 2389 2139 2390 2123 2390 2140 2390 2140 2391 2123 2391 2124 2391 2140 2392 2124 2392 2141 2392 2141 2393 2124 2393 2125 2393 2141 2394 2125 2394 2142 2394 2142 2395 2125 2395 2126 2395 2142 2395 2126 2395 2143 2395 2143 2396 2126 2396 2127 2396 2143 2397 2127 2397 2144 2397 2144 2398 2127 2398 2128 2398 2144 2399 2128 2399 2145 2399 2145 2400 2128 2400 2129 2400 2145 2401 2129 2401 2146 2401 2146 2402 2129 2402 2130 2402 2146 2403 2130 2403 2147 2403 2147 2404 2130 2404 2131 2404 2147 2405 2131 2405 2148 2405 2148 2406 2131 2406 2132 2406 2148 2407 2132 2407 2149 2407 2149 2408 2132 2408 2133 2408 2149 2409 2133 2409 2150 2409 2150 2410 2133 2410 2134 2410 2150 2411 2134 2411 2151 2411 2151 2412 2134 2412 2017 2412 2151 2413 2017 2413 2018 2413 2008 2414 2026 2414 2025 2414 2025 2415 2026 2415 2135 2415 2025 2416 2135 2416 2152 2416 2152 2417 2135 2417 2136 2417 2152 2418 2136 2418 2153 2418 2153 2419 2136 2419 2137 2419 2153 2420 2137 2420 2154 2420 2154 2421 2137 2421 2138 2421 2154 2422 2138 2422 2155 2422 2155 2423 2138 2423 2139 2423 2155 2424 2139 2424 2156 2424 2156 2425 2139 2425 2140 2425 2156 2426 2140 2426 2157 2426 2157 2427 2140 2427 2141 2427 2157 2428 2141 2428 2158 2428 2158 2429 2141 2429 2142 2429 2158 2430 2142 2430 2159 2430 2159 2431 2142 2431 2143 2431 2159 2431 2143 2431 2160 2431 2160 2432 2143 2432 2144 2432 2160 2433 2144 2433 2161 2433 2161 2434 2144 2434 2145 2434 2161 2435 2145 2435 2162 2435 2162 2436 2145 2436 2146 2436 2162 2437 2146 2437 2163 2437 2163 2438 2146 2438 2147 2438 2163 2439 2147 2439 2164 2439 2164 2440 2147 2440 2148 2440 2164 2441 2148 2441 2165 2441 2165 2442 2148 2442 2149 2442 2165 2443 2149 2443 2166 2443 2166 2444 2149 2444 2150 2444 2166 2445 2150 2445 2167 2445 2167 2446 2150 2446 2151 2446 2167 2447 2151 2447 2168 2447 2168 2448 2151 2448 2018 2448 2168 2449 2018 2449 2019 2449 2009 2450 2025 2450 2024 2450 2024 2451 2025 2451 2152 2451 2024 2452 2152 2452 2169 2452 2169 2453 2152 2453 2153 2453 2169 2454 2153 2454 2170 2454 2170 2455 2153 2455 2154 2455 2170 2456 2154 2456 2171 2456 2171 2457 2154 2457 2155 2457 2171 2458 2155 2458 2172 2458 2172 2459 2155 2459 2156 2459 2172 2460 2156 2460 2173 2460 2173 2461 2156 2461 2157 2461 2173 2462 2157 2462 2174 2462 2174 2463 2157 2463 2158 2463 2174 2464 2158 2464 2175 2464 2175 2465 2158 2465 2159 2465 2175 2466 2159 2466 2176 2466 2176 2467 2159 2467 2160 2467 2176 2467 2160 2467 2177 2467 2177 2468 2160 2468 2161 2468 2177 2469 2161 2469 2178 2469 2178 2470 2161 2470 2162 2470 2178 2471 2162 2471 2179 2471 2179 2472 2162 2472 2163 2472 2179 2473 2163 2473 2180 2473 2180 2474 2163 2474 2164 2474 2180 2475 2164 2475 2181 2475 2181 2476 2164 2476 2165 2476 2181 2477 2165 2477 2182 2477 2182 2478 2165 2478 2166 2478 2182 2479 2166 2479 2183 2479 2183 2480 2166 2480 2167 2480 2183 2481 2167 2481 2184 2481 2184 2482 2167 2482 2168 2482 2184 2483 2168 2483 2185 2483 2185 2484 2168 2484 2019 2484 2185 2485 2019 2485 2020 2485 2010 2486 2024 2486 2023 2486 2023 2487 2024 2487 2169 2487 2023 2488 2169 2488 2186 2488 2186 2489 2169 2489 2170 2489 2186 2490 2170 2490 2187 2490 2187 2491 2170 2491 2171 2491 2187 2492 2171 2492 2188 2492 2188 2493 2171 2493 2172 2493 2188 2494 2172 2494 2189 2494 2189 2495 2172 2495 2173 2495 2189 2496 2173 2496 2190 2496 2190 2497 2173 2497 2174 2497 2190 2498 2174 2498 2191 2498 2191 2499 2174 2499 2175 2499 2191 2500 2175 2500 2192 2500 2192 2501 2175 2501 2176 2501 2192 2502 2176 2502 2193 2502 2193 2503 2176 2503 2177 2503 2193 2503 2177 2503 2194 2503 2194 2504 2177 2504 2178 2504 2194 2505 2178 2505 2195 2505 2195 2506 2178 2506 2179 2506 2195 2507 2179 2507 2196 2507 2196 2508 2179 2508 2180 2508 2196 2509 2180 2509 2197 2509 2197 2510 2180 2510 2181 2510 2197 2511 2181 2511 2198 2511 2198 2512 2181 2512 2182 2512 2198 2513 2182 2513 2199 2513 2199 2514 2182 2514 2183 2514 2199 2515 2183 2515 2200 2515 2200 2516 2183 2516 2184 2516 2200 2517 2184 2517 2201 2517 2201 2518 2184 2518 2185 2518 2201 2519 2185 2519 2202 2519 2202 2520 2185 2520 2020 2520 2202 2521 2020 2521 2021 2521 2011 2522 2023 2522 2203 2522 2203 2523 2023 2523 2186 2523 2203 2524 2186 2524 2204 2524 2204 2525 2186 2525 2187 2525 2204 2526 2187 2526 2205 2526 2205 2527 2187 2527 2188 2527 2205 2528 2188 2528 2206 2528 2206 2529 2188 2529 2189 2529 2206 2530 2189 2530 2207 2530 2207 2531 2189 2531 2190 2531 2207 2532 2190 2532 2208 2532 2208 2533 2190 2533 2191 2533 2208 2534 2191 2534 2209 2534 2209 2535 2191 2535 2192 2535 2209 2536 2192 2536 2210 2536 2210 2537 2192 2537 2193 2537 2210 2538 2193 2538 2211 2538 2211 2539 2193 2539 2194 2539 2211 2539 2194 2539 2212 2539 2212 2540 2194 2540 2195 2540 2212 2541 2195 2541 2213 2541 2213 2542 2195 2542 2196 2542 2213 2543 2196 2543 2214 2543 2214 2544 2196 2544 2197 2544 2214 2545 2197 2545 2215 2545 2215 2546 2197 2546 2198 2546 2215 2547 2198 2547 2216 2547 2216 2548 2198 2548 2199 2548 2216 2549 2199 2549 2217 2549 2217 2550 2199 2550 2200 2550 2217 2551 2200 2551 2218 2551 2218 2552 2200 2552 2201 2552 2218 2553 2201 2553 2219 2553 2219 2554 2201 2554 2202 2554 2219 2555 2202 2555 2220 2555 2220 2556 2202 2556 2021 2556 2220 2557 2021 2557 2022 2557 2221 2558 1836 2558 2222 2558 2222 2558 1836 2558 1834 2558 2222 2559 1834 2559 2223 2559 2223 2559 1834 2559 1832 2559 2223 2560 1832 2560 2224 2560 2224 2560 1832 2560 1830 2560 2224 2561 1830 2561 2225 2561 2225 2561 1830 2561 1828 2561 2225 2562 1828 2562 2226 2562 2226 2562 1828 2562 1826 2562 2226 2563 1826 2563 2227 2563 2227 2563 1826 2563 1824 2563 2227 2564 1824 2564 2228 2564 2228 2564 1824 2564 1822 2564 2228 2565 1822 2565 2229 2565 2229 2565 1822 2565 1820 2565 2229 2566 1820 2566 2230 2566 2230 2566 1820 2566 1818 2566 2230 1159 1818 1159 2231 1159 2231 1159 1818 1159 1816 1159 2231 2567 1816 2567 2232 2567 2232 2567 1816 2567 1814 2567 2232 2568 1814 2568 2233 2568 2233 2568 1814 2568 1812 2568 2233 2569 1812 2569 2234 2569 2234 2569 1812 2569 1810 2569 2234 2570 1810 2570 2235 2570 2235 2570 1810 2570 1808 2570 2235 2571 1808 2571 2236 2571 2236 2571 1808 2571 1806 2571 2236 2572 1806 2572 2237 2572 2237 2572 1806 2572 1804 2572 2237 2573 1804 2573 2238 2573 2238 2573 1804 2573 1802 2573 2238 2574 1802 2574 2239 2574 2239 2574 1802 2574 1801 2574 2239 2575 1801 2575 2240 2575 2240 2575 1801 2575 1800 2575 1836 927 2221 927 2001 927 2001 927 2221 927 2241 927 2012 1400 2242 1400 1800 1400 1800 1400 2242 1400 2240 1400 2240 2576 2243 2576 2244 2576 2243 2577 2245 2577 2246 2577 2245 2578 2247 2578 2248 2578 2247 2579 2249 2579 2250 2579 2249 2580 2251 2580 2252 2580 2251 2581 2253 2581 2254 2581 2253 2582 2255 2582 2256 2582 2255 2583 2257 2583 2258 2583 2257 2584 2259 2584 2260 2584 2259 2585 528 2585 527 2585 2259 2586 527 2586 2260 2586 2260 2587 527 2587 489 2587 2260 2588 489 2588 2261 2588 2261 2589 489 2589 488 2589 2261 2590 488 2590 2262 2590 2262 2591 488 2591 486 2591 2262 2592 486 2592 2263 2592 2263 2593 486 2593 485 2593 2263 2594 485 2594 2264 2594 2264 2595 485 2595 490 2595 2264 2596 490 2596 2265 2596 2265 2597 490 2597 491 2597 2265 2598 491 2598 2266 2598 2266 2599 491 2599 492 2599 2266 2600 492 2600 2267 2600 2267 2601 492 2601 497 2601 2267 2602 497 2602 2268 2602 2268 2603 497 2603 496 2603 2268 2603 496 2603 2269 2603 2269 2604 496 2604 495 2604 2269 2605 495 2605 2270 2605 2270 2606 495 2606 494 2606 2270 2607 494 2607 2271 2607 2271 2608 494 2608 493 2608 2271 2609 493 2609 2272 2609 2272 2610 493 2610 501 2610 2272 2611 501 2611 2273 2611 2273 2612 501 2612 500 2612 2273 2613 500 2613 2274 2613 2274 2614 500 2614 499 2614 2274 2615 499 2615 2275 2615 2275 2616 499 2616 498 2616 2275 2617 498 2617 2276 2617 2276 2618 498 2618 511 2618 2276 2619 511 2619 2277 2619 2277 2620 511 2620 510 2620 2277 2621 510 2621 2278 2621 2257 2622 2260 2622 2258 2622 2258 2623 2260 2623 2261 2623 2258 2624 2261 2624 2279 2624 2279 2625 2261 2625 2262 2625 2279 2626 2262 2626 2280 2626 2280 2627 2262 2627 2263 2627 2280 2628 2263 2628 2281 2628 2281 2629 2263 2629 2264 2629 2281 2630 2264 2630 2282 2630 2282 2631 2264 2631 2265 2631 2282 2632 2265 2632 2283 2632 2283 2633 2265 2633 2266 2633 2283 2634 2266 2634 2284 2634 2284 2635 2266 2635 2267 2635 2284 2636 2267 2636 2285 2636 2285 2637 2267 2637 2268 2637 2285 2638 2268 2638 2286 2638 2286 2639 2268 2639 2269 2639 2286 2639 2269 2639 2287 2639 2287 2640 2269 2640 2270 2640 2287 2641 2270 2641 2288 2641 2288 2642 2270 2642 2271 2642 2288 2643 2271 2643 2289 2643 2289 2644 2271 2644 2272 2644 2289 2645 2272 2645 2290 2645 2290 2646 2272 2646 2273 2646 2290 2647 2273 2647 2291 2647 2291 2648 2273 2648 2274 2648 2291 2649 2274 2649 2292 2649 2292 2650 2274 2650 2275 2650 2292 2651 2275 2651 2293 2651 2293 2652 2275 2652 2276 2652 2293 2653 2276 2653 2294 2653 2294 2654 2276 2654 2277 2654 2294 2655 2277 2655 2295 2655 2295 2656 2277 2656 2278 2656 2295 2657 2278 2657 2296 2657 2255 2658 2258 2658 2256 2658 2256 2659 2258 2659 2279 2659 2256 2660 2279 2660 2297 2660 2297 2661 2279 2661 2280 2661 2297 2662 2280 2662 2298 2662 2298 2663 2280 2663 2281 2663 2298 2664 2281 2664 2299 2664 2299 2665 2281 2665 2282 2665 2299 2666 2282 2666 2300 2666 2300 2667 2282 2667 2283 2667 2300 2668 2283 2668 2301 2668 2301 2669 2283 2669 2284 2669 2301 2670 2284 2670 2302 2670 2302 2671 2284 2671 2285 2671 2302 2672 2285 2672 2303 2672 2303 2673 2285 2673 2286 2673 2303 2674 2286 2674 2304 2674 2304 2675 2286 2675 2287 2675 2304 2675 2287 2675 2305 2675 2305 2676 2287 2676 2288 2676 2305 2677 2288 2677 2306 2677 2306 2678 2288 2678 2289 2678 2306 2679 2289 2679 2307 2679 2307 2680 2289 2680 2290 2680 2307 2681 2290 2681 2308 2681 2308 2682 2290 2682 2291 2682 2308 2683 2291 2683 2309 2683 2309 2684 2291 2684 2292 2684 2309 2685 2292 2685 2310 2685 2310 2686 2292 2686 2293 2686 2310 2687 2293 2687 2311 2687 2311 2688 2293 2688 2294 2688 2311 2689 2294 2689 2312 2689 2312 2690 2294 2690 2295 2690 2312 2691 2295 2691 2313 2691 2313 2692 2295 2692 2296 2692 2313 2693 2296 2693 2314 2693 2253 2694 2256 2694 2254 2694 2254 2695 2256 2695 2297 2695 2254 2696 2297 2696 2315 2696 2315 2697 2297 2697 2298 2697 2315 2698 2298 2698 2316 2698 2316 2699 2298 2699 2299 2699 2316 2700 2299 2700 2317 2700 2317 2701 2299 2701 2300 2701 2317 2702 2300 2702 2318 2702 2318 2703 2300 2703 2301 2703 2318 2704 2301 2704 2319 2704 2319 2705 2301 2705 2302 2705 2319 2706 2302 2706 2320 2706 2320 2707 2302 2707 2303 2707 2320 2708 2303 2708 2321 2708 2321 2709 2303 2709 2304 2709 2321 2710 2304 2710 2322 2710 2322 2711 2304 2711 2305 2711 2322 2711 2305 2711 2323 2711 2323 2712 2305 2712 2306 2712 2323 2713 2306 2713 2324 2713 2324 2714 2306 2714 2307 2714 2324 2715 2307 2715 2325 2715 2325 2716 2307 2716 2308 2716 2325 2717 2308 2717 2326 2717 2326 2718 2308 2718 2309 2718 2326 2719 2309 2719 2327 2719 2327 2720 2309 2720 2310 2720 2327 2721 2310 2721 2328 2721 2328 2722 2310 2722 2311 2722 2328 2723 2311 2723 2329 2723 2329 2724 2311 2724 2312 2724 2329 2725 2312 2725 2330 2725 2330 2726 2312 2726 2313 2726 2330 2727 2313 2727 2331 2727 2331 2728 2313 2728 2314 2728 2331 2729 2314 2729 2332 2729 2251 2730 2254 2730 2252 2730 2252 2731 2254 2731 2315 2731 2252 2732 2315 2732 2333 2732 2333 2733 2315 2733 2316 2733 2333 2734 2316 2734 2334 2734 2334 2735 2316 2735 2317 2735 2334 2736 2317 2736 2335 2736 2335 2737 2317 2737 2318 2737 2335 2738 2318 2738 2336 2738 2336 2739 2318 2739 2319 2739 2336 2740 2319 2740 2337 2740 2337 2741 2319 2741 2320 2741 2337 2742 2320 2742 2338 2742 2338 2743 2320 2743 2321 2743 2338 2744 2321 2744 2339 2744 2339 2745 2321 2745 2322 2745 2339 2746 2322 2746 2340 2746 2340 2747 2322 2747 2323 2747 2340 2747 2323 2747 2341 2747 2341 2748 2323 2748 2324 2748 2341 2749 2324 2749 2342 2749 2342 2750 2324 2750 2325 2750 2342 2751 2325 2751 2343 2751 2343 2752 2325 2752 2326 2752 2343 2753 2326 2753 2344 2753 2344 2754 2326 2754 2327 2754 2344 2755 2327 2755 2345 2755 2345 2756 2327 2756 2328 2756 2345 2757 2328 2757 2346 2757 2346 2758 2328 2758 2329 2758 2346 2759 2329 2759 2347 2759 2347 2760 2329 2760 2330 2760 2347 2761 2330 2761 2348 2761 2348 2762 2330 2762 2331 2762 2348 2763 2331 2763 2349 2763 2349 2764 2331 2764 2332 2764 2349 2765 2332 2765 2350 2765 2249 2766 2252 2766 2250 2766 2250 2767 2252 2767 2333 2767 2250 2768 2333 2768 2351 2768 2351 2769 2333 2769 2334 2769 2351 2770 2334 2770 2352 2770 2352 2771 2334 2771 2335 2771 2352 2772 2335 2772 2353 2772 2353 2773 2335 2773 2336 2773 2353 2774 2336 2774 2354 2774 2354 2775 2336 2775 2337 2775 2354 2776 2337 2776 2355 2776 2355 2777 2337 2777 2338 2777 2355 2778 2338 2778 2356 2778 2356 2779 2338 2779 2339 2779 2356 2780 2339 2780 2357 2780 2357 2781 2339 2781 2340 2781 2357 2782 2340 2782 2358 2782 2358 2783 2340 2783 2341 2783 2358 2783 2341 2783 2359 2783 2359 2784 2341 2784 2342 2784 2359 2785 2342 2785 2360 2785 2360 2786 2342 2786 2343 2786 2360 2787 2343 2787 2361 2787 2361 2788 2343 2788 2344 2788 2361 2789 2344 2789 2362 2789 2362 2790 2344 2790 2345 2790 2362 2791 2345 2791 2363 2791 2363 2792 2345 2792 2346 2792 2363 2793 2346 2793 2364 2793 2364 2794 2346 2794 2347 2794 2364 2795 2347 2795 2365 2795 2365 2796 2347 2796 2348 2796 2365 2797 2348 2797 2366 2797 2366 2798 2348 2798 2349 2798 2366 2799 2349 2799 2367 2799 2367 2800 2349 2800 2350 2800 2367 2801 2350 2801 2368 2801 2247 2802 2250 2802 2248 2802 2248 2803 2250 2803 2351 2803 2248 2804 2351 2804 2369 2804 2369 2805 2351 2805 2352 2805 2369 2806 2352 2806 2370 2806 2370 2807 2352 2807 2353 2807 2370 2808 2353 2808 2371 2808 2371 2809 2353 2809 2354 2809 2371 2810 2354 2810 2372 2810 2372 2811 2354 2811 2355 2811 2372 2812 2355 2812 2373 2812 2373 2813 2355 2813 2356 2813 2373 2814 2356 2814 2374 2814 2374 2815 2356 2815 2357 2815 2374 2816 2357 2816 2375 2816 2375 2817 2357 2817 2358 2817 2375 2818 2358 2818 2376 2818 2376 2819 2358 2819 2359 2819 2376 2819 2359 2819 2377 2819 2377 2820 2359 2820 2360 2820 2377 2821 2360 2821 2378 2821 2378 2822 2360 2822 2361 2822 2378 2823 2361 2823 2379 2823 2379 2824 2361 2824 2362 2824 2379 2825 2362 2825 2380 2825 2380 2826 2362 2826 2363 2826 2380 2827 2363 2827 2381 2827 2381 2828 2363 2828 2364 2828 2381 2829 2364 2829 2382 2829 2382 2830 2364 2830 2365 2830 2382 2831 2365 2831 2383 2831 2383 2832 2365 2832 2366 2832 2383 2833 2366 2833 2384 2833 2384 2834 2366 2834 2367 2834 2384 2835 2367 2835 2385 2835 2385 2836 2367 2836 2368 2836 2385 2837 2368 2837 2386 2837 2245 2838 2248 2838 2246 2838 2246 2839 2248 2839 2369 2839 2246 2840 2369 2840 2387 2840 2387 2841 2369 2841 2370 2841 2387 2842 2370 2842 2388 2842 2388 2843 2370 2843 2371 2843 2388 2844 2371 2844 2389 2844 2389 2845 2371 2845 2372 2845 2389 2846 2372 2846 2390 2846 2390 2847 2372 2847 2373 2847 2390 2848 2373 2848 2391 2848 2391 2849 2373 2849 2374 2849 2391 2850 2374 2850 2392 2850 2392 2851 2374 2851 2375 2851 2392 2852 2375 2852 2393 2852 2393 2853 2375 2853 2376 2853 2393 2854 2376 2854 2394 2854 2394 2855 2376 2855 2377 2855 2394 2855 2377 2855 2395 2855 2395 2856 2377 2856 2378 2856 2395 2857 2378 2857 2396 2857 2396 2858 2378 2858 2379 2858 2396 2859 2379 2859 2397 2859 2397 2860 2379 2860 2380 2860 2397 2861 2380 2861 2398 2861 2398 2862 2380 2862 2381 2862 2398 2863 2381 2863 2399 2863 2399 2864 2381 2864 2382 2864 2399 2865 2382 2865 2400 2865 2400 2866 2382 2866 2383 2866 2400 2867 2383 2867 2401 2867 2401 2868 2383 2868 2384 2868 2401 2869 2384 2869 2402 2869 2402 2870 2384 2870 2385 2870 2402 2871 2385 2871 2403 2871 2403 2872 2385 2872 2386 2872 2403 2873 2386 2873 2404 2873 2243 2874 2246 2874 2244 2874 2244 2875 2246 2875 2387 2875 2244 2876 2387 2876 2405 2876 2405 2877 2387 2877 2388 2877 2405 2878 2388 2878 2406 2878 2406 2879 2388 2879 2389 2879 2406 2880 2389 2880 2407 2880 2407 2881 2389 2881 2390 2881 2407 2882 2390 2882 2408 2882 2408 2883 2390 2883 2391 2883 2408 2884 2391 2884 2409 2884 2409 2885 2391 2885 2392 2885 2409 2886 2392 2886 2410 2886 2410 2887 2392 2887 2393 2887 2410 2888 2393 2888 2411 2888 2411 2889 2393 2889 2394 2889 2411 2890 2394 2890 2412 2890 2412 2891 2394 2891 2395 2891 2412 2891 2395 2891 2413 2891 2413 2892 2395 2892 2396 2892 2413 2893 2396 2893 2414 2893 2414 2894 2396 2894 2397 2894 2414 2895 2397 2895 2415 2895 2415 2896 2397 2896 2398 2896 2415 2897 2398 2897 2416 2897 2416 2898 2398 2898 2399 2898 2416 2899 2399 2899 2417 2899 2417 2900 2399 2900 2400 2900 2417 2901 2400 2901 2418 2901 2418 2902 2400 2902 2401 2902 2418 2903 2401 2903 2419 2903 2419 2904 2401 2904 2402 2904 2419 2905 2402 2905 2420 2905 2420 2906 2402 2906 2403 2906 2420 2907 2403 2907 2421 2907 2421 2908 2403 2908 2404 2908 2421 2909 2404 2909 2422 2909 2240 2910 2244 2910 2239 2910 2239 2911 2244 2911 2405 2911 2239 2912 2405 2912 2238 2912 2238 2913 2405 2913 2406 2913 2238 2914 2406 2914 2237 2914 2237 2915 2406 2915 2407 2915 2237 2916 2407 2916 2236 2916 2236 2917 2407 2917 2408 2917 2236 2918 2408 2918 2235 2918 2235 2919 2408 2919 2409 2919 2235 2920 2409 2920 2234 2920 2234 2921 2409 2921 2410 2921 2234 2922 2410 2922 2233 2922 2233 2923 2410 2923 2411 2923 2233 2924 2411 2924 2232 2924 2232 2925 2411 2925 2412 2925 2232 2926 2412 2926 2231 2926 2231 2927 2412 2927 2413 2927 2231 2927 2413 2927 2230 2927 2230 2928 2413 2928 2414 2928 2230 2929 2414 2929 2229 2929 2229 2930 2414 2930 2415 2930 2229 2931 2415 2931 2228 2931 2228 2932 2415 2932 2416 2932 2228 2933 2416 2933 2227 2933 2227 2934 2416 2934 2417 2934 2227 2935 2417 2935 2226 2935 2226 2936 2417 2936 2418 2936 2226 2937 2418 2937 2225 2937 2225 2938 2418 2938 2419 2938 2225 2939 2419 2939 2224 2939 2224 2940 2419 2940 2420 2940 2224 2941 2420 2941 2223 2941 2223 2942 2420 2942 2421 2942 2223 2943 2421 2943 2222 2943 2222 2944 2421 2944 2422 2944 2222 2945 2422 2945 2221 2945 2242 2946 2012 2946 2423 2946 2423 2946 2012 2946 2065 2946 2423 2947 2065 2947 2424 2947 2424 2947 2065 2947 2063 2947 2424 2948 2063 2948 2425 2948 2425 2948 2063 2948 2061 2948 2425 2949 2061 2949 2426 2949 2426 2949 2061 2949 2059 2949 2426 2950 2059 2950 2427 2950 2427 2950 2059 2950 2057 2950 2427 2951 2057 2951 2428 2951 2428 2951 2057 2951 2055 2951 2428 2952 2055 2952 2429 2952 2429 2952 2055 2952 2053 2952 2429 2953 2053 2953 2430 2953 2430 2953 2053 2953 2051 2953 2430 2954 2051 2954 2431 2954 2431 2954 2051 2954 2049 2954 2431 958 2049 958 2432 958 2432 958 2049 958 2047 958 2432 2955 2047 2955 2433 2955 2433 2955 2047 2955 2045 2955 2433 2956 2045 2956 2434 2956 2434 2956 2045 2956 2043 2956 2434 2957 2043 2957 2435 2957 2435 2957 2043 2957 2041 2957 2435 2958 2041 2958 2436 2958 2436 2958 2041 2958 2039 2958 2436 2959 2039 2959 2437 2959 2437 2959 2039 2959 2037 2959 2437 2960 2037 2960 2438 2960 2438 2960 2037 2960 2035 2960 2438 2961 2035 2961 2439 2961 2439 2961 2035 2961 2033 2961 2439 2962 2033 2962 2440 2962 2440 2962 2033 2962 2032 2962 2440 2963 2032 2963 2241 2963 2241 2963 2032 2963 2001 2963 530 1801 528 1801 2259 1801 530 1801 2259 1801 2441 1801 2441 1802 2259 1802 2257 1802 2441 1802 2257 1802 2442 1802 2442 1803 2257 1803 2255 1803 2442 1803 2255 1803 2443 1803 2443 2964 2255 2964 2253 2964 2443 2964 2253 2964 2444 2964 2444 2965 2253 2965 2251 2965 2444 2965 2251 2965 2445 2965 2445 2966 2251 2966 2249 2966 2445 2966 2249 2966 2446 2966 2446 1807 2249 1807 2247 1807 2446 1807 2247 1807 2447 1807 2447 1808 2247 1808 2245 1808 2447 1808 2245 1808 2448 1808 2448 1809 2245 1809 2243 1809 2448 1809 2243 1809 2449 1809 2449 2967 2243 2967 2240 2967 2449 2967 2240 2967 2242 2967 510 948 508 948 2450 948 510 948 2450 948 2278 948 2278 2968 2450 2968 2451 2968 2278 2968 2451 2968 2296 2968 2296 950 2451 950 2452 950 2296 950 2452 950 2314 950 2314 951 2452 951 2453 951 2314 951 2453 951 2332 951 2332 2969 2453 2969 2454 2969 2332 2969 2454 2969 2350 2969 2350 953 2454 953 2455 953 2350 953 2455 953 2368 953 2368 954 2455 954 2456 954 2368 954 2456 954 2386 954 2386 955 2456 955 2457 955 2386 955 2457 955 2404 955 2404 2970 2457 2970 2458 2970 2404 2970 2458 2970 2422 2970 2422 957 2458 957 2241 957 2422 957 2241 957 2221 957 2241 2971 2458 2971 2459 2971 2458 2972 2457 2972 2460 2972 2457 2973 2456 2973 2461 2973 2456 2974 2455 2974 2462 2974 2455 2975 2454 2975 2463 2975 2454 2976 2453 2976 2464 2976 2453 2977 2452 2977 2465 2977 2452 2978 2451 2978 2466 2978 2451 2979 2450 2979 2467 2979 2450 2980 508 2980 507 2980 2450 2981 507 2981 2467 2981 2467 2982 507 2982 506 2982 2467 2983 506 2983 2468 2983 2468 2984 506 2984 505 2984 2468 2985 505 2985 2469 2985 2469 2986 505 2986 503 2986 2469 2987 503 2987 2470 2987 2470 2988 503 2988 502 2988 2470 2989 502 2989 2471 2989 2471 2990 502 2990 516 2990 2471 2991 516 2991 2472 2991 2472 2992 516 2992 515 2992 2472 2993 515 2993 2473 2993 2473 2994 515 2994 514 2994 2473 2995 514 2995 2474 2995 2474 2996 514 2996 521 2996 2474 2997 521 2997 2475 2997 2475 2998 521 2998 520 2998 2475 2998 520 2998 2476 2998 2476 2999 520 2999 519 2999 2476 3000 519 3000 2477 3000 2477 3001 519 3001 513 3001 2477 3002 513 3002 2478 3002 2478 3003 513 3003 512 3003 2478 3004 512 3004 2479 3004 2479 3005 512 3005 526 3005 2479 3006 526 3006 2480 3006 2480 3007 526 3007 525 3007 2480 3008 525 3008 2481 3008 2481 3009 525 3009 523 3009 2481 3010 523 3010 2482 3010 2482 3011 523 3011 522 3011 2482 3012 522 3012 2483 3012 2483 3013 522 3013 531 3013 2483 3014 531 3014 2484 3014 2484 3015 531 3015 530 3015 2484 3016 530 3016 2441 3016 2451 3017 2467 3017 2466 3017 2466 3018 2467 3018 2468 3018 2466 3019 2468 3019 2485 3019 2485 3020 2468 3020 2469 3020 2485 3021 2469 3021 2486 3021 2486 3022 2469 3022 2470 3022 2486 3023 2470 3023 2487 3023 2487 3024 2470 3024 2471 3024 2487 3025 2471 3025 2488 3025 2488 3026 2471 3026 2472 3026 2488 3027 2472 3027 2489 3027 2489 3028 2472 3028 2473 3028 2489 3029 2473 3029 2490 3029 2490 3030 2473 3030 2474 3030 2490 3031 2474 3031 2491 3031 2491 3032 2474 3032 2475 3032 2491 3033 2475 3033 2492 3033 2492 3034 2475 3034 2476 3034 2492 3034 2476 3034 2493 3034 2493 3035 2476 3035 2477 3035 2493 3036 2477 3036 2494 3036 2494 3037 2477 3037 2478 3037 2494 3038 2478 3038 2495 3038 2495 3039 2478 3039 2479 3039 2495 3040 2479 3040 2496 3040 2496 3041 2479 3041 2480 3041 2496 3042 2480 3042 2497 3042 2497 3043 2480 3043 2481 3043 2497 3044 2481 3044 2498 3044 2498 3045 2481 3045 2482 3045 2498 3046 2482 3046 2499 3046 2499 3047 2482 3047 2483 3047 2499 3048 2483 3048 2500 3048 2500 3049 2483 3049 2484 3049 2500 3050 2484 3050 2501 3050 2501 3051 2484 3051 2441 3051 2501 3052 2441 3052 2442 3052 2452 3053 2466 3053 2465 3053 2465 3054 2466 3054 2485 3054 2465 3055 2485 3055 2502 3055 2502 3056 2485 3056 2486 3056 2502 3057 2486 3057 2503 3057 2503 3058 2486 3058 2487 3058 2503 3059 2487 3059 2504 3059 2504 3060 2487 3060 2488 3060 2504 3061 2488 3061 2505 3061 2505 3062 2488 3062 2489 3062 2505 3063 2489 3063 2506 3063 2506 3064 2489 3064 2490 3064 2506 3065 2490 3065 2507 3065 2507 3066 2490 3066 2491 3066 2507 3067 2491 3067 2508 3067 2508 3068 2491 3068 2492 3068 2508 3069 2492 3069 2509 3069 2509 3070 2492 3070 2493 3070 2509 3070 2493 3070 2510 3070 2510 3071 2493 3071 2494 3071 2510 3072 2494 3072 2511 3072 2511 3073 2494 3073 2495 3073 2511 3074 2495 3074 2512 3074 2512 3075 2495 3075 2496 3075 2512 3076 2496 3076 2513 3076 2513 3077 2496 3077 2497 3077 2513 3078 2497 3078 2514 3078 2514 3079 2497 3079 2498 3079 2514 3080 2498 3080 2515 3080 2515 3081 2498 3081 2499 3081 2515 3082 2499 3082 2516 3082 2516 3083 2499 3083 2500 3083 2516 3084 2500 3084 2517 3084 2517 3085 2500 3085 2501 3085 2517 3086 2501 3086 2518 3086 2518 3087 2501 3087 2442 3087 2518 3088 2442 3088 2443 3088 2453 3089 2465 3089 2464 3089 2464 3090 2465 3090 2502 3090 2464 3091 2502 3091 2519 3091 2519 3092 2502 3092 2503 3092 2519 3093 2503 3093 2520 3093 2520 3094 2503 3094 2504 3094 2520 3095 2504 3095 2521 3095 2521 3096 2504 3096 2505 3096 2521 3097 2505 3097 2522 3097 2522 3098 2505 3098 2506 3098 2522 3099 2506 3099 2523 3099 2523 3100 2506 3100 2507 3100 2523 3101 2507 3101 2524 3101 2524 3102 2507 3102 2508 3102 2524 3103 2508 3103 2525 3103 2525 3104 2508 3104 2509 3104 2525 3105 2509 3105 2526 3105 2526 3106 2509 3106 2510 3106 2526 3106 2510 3106 2527 3106 2527 3107 2510 3107 2511 3107 2527 3108 2511 3108 2528 3108 2528 3109 2511 3109 2512 3109 2528 3110 2512 3110 2529 3110 2529 3111 2512 3111 2513 3111 2529 3112 2513 3112 2530 3112 2530 3113 2513 3113 2514 3113 2530 3114 2514 3114 2531 3114 2531 3115 2514 3115 2515 3115 2531 3116 2515 3116 2532 3116 2532 3117 2515 3117 2516 3117 2532 3118 2516 3118 2533 3118 2533 3119 2516 3119 2517 3119 2533 3120 2517 3120 2534 3120 2534 3121 2517 3121 2518 3121 2534 3122 2518 3122 2535 3122 2535 3123 2518 3123 2443 3123 2535 3124 2443 3124 2444 3124 2454 3125 2464 3125 2463 3125 2463 3126 2464 3126 2519 3126 2463 3127 2519 3127 2536 3127 2536 3128 2519 3128 2520 3128 2536 3129 2520 3129 2537 3129 2537 3130 2520 3130 2521 3130 2537 3131 2521 3131 2538 3131 2538 3132 2521 3132 2522 3132 2538 3133 2522 3133 2539 3133 2539 3134 2522 3134 2523 3134 2539 3135 2523 3135 2540 3135 2540 3136 2523 3136 2524 3136 2540 3137 2524 3137 2541 3137 2541 3138 2524 3138 2525 3138 2541 3139 2525 3139 2542 3139 2542 3140 2525 3140 2526 3140 2542 3141 2526 3141 2543 3141 2543 3142 2526 3142 2527 3142 2543 3142 2527 3142 2544 3142 2544 3143 2527 3143 2528 3143 2544 3144 2528 3144 2545 3144 2545 3145 2528 3145 2529 3145 2545 3146 2529 3146 2546 3146 2546 3147 2529 3147 2530 3147 2546 3148 2530 3148 2547 3148 2547 3149 2530 3149 2531 3149 2547 3150 2531 3150 2548 3150 2548 3151 2531 3151 2532 3151 2548 3152 2532 3152 2549 3152 2549 3153 2532 3153 2533 3153 2549 3154 2533 3154 2550 3154 2550 3155 2533 3155 2534 3155 2550 3156 2534 3156 2551 3156 2551 3157 2534 3157 2535 3157 2551 3158 2535 3158 2552 3158 2552 3159 2535 3159 2444 3159 2552 3160 2444 3160 2445 3160 2455 3161 2463 3161 2462 3161 2462 3162 2463 3162 2536 3162 2462 3163 2536 3163 2553 3163 2553 3164 2536 3164 2537 3164 2553 3165 2537 3165 2554 3165 2554 3166 2537 3166 2538 3166 2554 3167 2538 3167 2555 3167 2555 3168 2538 3168 2539 3168 2555 3169 2539 3169 2556 3169 2556 3170 2539 3170 2540 3170 2556 3171 2540 3171 2557 3171 2557 3172 2540 3172 2541 3172 2557 3173 2541 3173 2558 3173 2558 3174 2541 3174 2542 3174 2558 3175 2542 3175 2559 3175 2559 3176 2542 3176 2543 3176 2559 3177 2543 3177 2560 3177 2560 3178 2543 3178 2544 3178 2560 3178 2544 3178 2561 3178 2561 3179 2544 3179 2545 3179 2561 3180 2545 3180 2562 3180 2562 3181 2545 3181 2546 3181 2562 3182 2546 3182 2563 3182 2563 3183 2546 3183 2547 3183 2563 3184 2547 3184 2564 3184 2564 3185 2547 3185 2548 3185 2564 3186 2548 3186 2565 3186 2565 3187 2548 3187 2549 3187 2565 3188 2549 3188 2566 3188 2566 3189 2549 3189 2550 3189 2566 3190 2550 3190 2567 3190 2567 3191 2550 3191 2551 3191 2567 3192 2551 3192 2568 3192 2568 3193 2551 3193 2552 3193 2568 3194 2552 3194 2569 3194 2569 3195 2552 3195 2445 3195 2569 3196 2445 3196 2446 3196 2456 3197 2462 3197 2461 3197 2461 3198 2462 3198 2553 3198 2461 3199 2553 3199 2570 3199 2570 3200 2553 3200 2554 3200 2570 3201 2554 3201 2571 3201 2571 3202 2554 3202 2555 3202 2571 3203 2555 3203 2572 3203 2572 3204 2555 3204 2556 3204 2572 3205 2556 3205 2573 3205 2573 3206 2556 3206 2557 3206 2573 3207 2557 3207 2574 3207 2574 3208 2557 3208 2558 3208 2574 3209 2558 3209 2575 3209 2575 3210 2558 3210 2559 3210 2575 3211 2559 3211 2576 3211 2576 3212 2559 3212 2560 3212 2576 3213 2560 3213 2577 3213 2577 3214 2560 3214 2561 3214 2577 3214 2561 3214 2578 3214 2578 3215 2561 3215 2562 3215 2578 3216 2562 3216 2579 3216 2579 3217 2562 3217 2563 3217 2579 3218 2563 3218 2580 3218 2580 3219 2563 3219 2564 3219 2580 3220 2564 3220 2581 3220 2581 3221 2564 3221 2565 3221 2581 3222 2565 3222 2582 3222 2582 3223 2565 3223 2566 3223 2582 3224 2566 3224 2583 3224 2583 3225 2566 3225 2567 3225 2583 3226 2567 3226 2584 3226 2584 3227 2567 3227 2568 3227 2584 3228 2568 3228 2585 3228 2585 3229 2568 3229 2569 3229 2585 3230 2569 3230 2586 3230 2586 3231 2569 3231 2446 3231 2586 3232 2446 3232 2447 3232 2457 3233 2461 3233 2460 3233 2460 3234 2461 3234 2570 3234 2460 3235 2570 3235 2587 3235 2587 3236 2570 3236 2571 3236 2587 3237 2571 3237 2588 3237 2588 3238 2571 3238 2572 3238 2588 3239 2572 3239 2589 3239 2589 3240 2572 3240 2573 3240 2589 3241 2573 3241 2590 3241 2590 3242 2573 3242 2574 3242 2590 3243 2574 3243 2591 3243 2591 3244 2574 3244 2575 3244 2591 3245 2575 3245 2592 3245 2592 3246 2575 3246 2576 3246 2592 3247 2576 3247 2593 3247 2593 3248 2576 3248 2577 3248 2593 3249 2577 3249 2594 3249 2594 3250 2577 3250 2578 3250 2594 3250 2578 3250 2595 3250 2595 3251 2578 3251 2579 3251 2595 3252 2579 3252 2596 3252 2596 3253 2579 3253 2580 3253 2596 3254 2580 3254 2597 3254 2597 3255 2580 3255 2581 3255 2597 3256 2581 3256 2598 3256 2598 3257 2581 3257 2582 3257 2598 3258 2582 3258 2599 3258 2599 3259 2582 3259 2583 3259 2599 3260 2583 3260 2600 3260 2600 3261 2583 3261 2584 3261 2600 3262 2584 3262 2601 3262 2601 3263 2584 3263 2585 3263 2601 3264 2585 3264 2602 3264 2602 3265 2585 3265 2586 3265 2602 3266 2586 3266 2603 3266 2603 3267 2586 3267 2447 3267 2603 3268 2447 3268 2448 3268 2458 3269 2460 3269 2459 3269 2459 3270 2460 3270 2587 3270 2459 3271 2587 3271 2604 3271 2604 3272 2587 3272 2588 3272 2604 3273 2588 3273 2605 3273 2605 3274 2588 3274 2589 3274 2605 3275 2589 3275 2606 3275 2606 3276 2589 3276 2590 3276 2606 3277 2590 3277 2607 3277 2607 3278 2590 3278 2591 3278 2607 3279 2591 3279 2608 3279 2608 3280 2591 3280 2592 3280 2608 3281 2592 3281 2609 3281 2609 3282 2592 3282 2593 3282 2609 3283 2593 3283 2610 3283 2610 3284 2593 3284 2594 3284 2610 3285 2594 3285 2611 3285 2611 3286 2594 3286 2595 3286 2611 3286 2595 3286 2612 3286 2612 3287 2595 3287 2596 3287 2612 3288 2596 3288 2613 3288 2613 3289 2596 3289 2597 3289 2613 3290 2597 3290 2614 3290 2614 3291 2597 3291 2598 3291 2614 3292 2598 3292 2615 3292 2615 3293 2598 3293 2599 3293 2615 3294 2599 3294 2616 3294 2616 3295 2599 3295 2600 3295 2616 3296 2600 3296 2617 3296 2617 3297 2600 3297 2601 3297 2617 3298 2601 3298 2618 3298 2618 3299 2601 3299 2602 3299 2618 3300 2602 3300 2619 3300 2619 3301 2602 3301 2603 3301 2619 3302 2603 3302 2620 3302 2620 3303 2603 3303 2448 3303 2620 3304 2448 3304 2449 3304 2241 3305 2459 3305 2440 3305 2440 3306 2459 3306 2604 3306 2440 3307 2604 3307 2439 3307 2439 3308 2604 3308 2605 3308 2439 3309 2605 3309 2438 3309 2438 3310 2605 3310 2606 3310 2438 3311 2606 3311 2437 3311 2437 3312 2606 3312 2607 3312 2437 3313 2607 3313 2436 3313 2436 3314 2607 3314 2608 3314 2436 3315 2608 3315 2435 3315 2435 3316 2608 3316 2609 3316 2435 3317 2609 3317 2434 3317 2434 3318 2609 3318 2610 3318 2434 3319 2610 3319 2433 3319 2433 3320 2610 3320 2611 3320 2433 3321 2611 3321 2432 3321 2432 3322 2611 3322 2612 3322 2432 3322 2612 3322 2431 3322 2431 3323 2612 3323 2613 3323 2431 3324 2613 3324 2430 3324 2430 3325 2613 3325 2614 3325 2430 3326 2614 3326 2429 3326 2429 3327 2614 3327 2615 3327 2429 3328 2615 3328 2428 3328 2428 3329 2615 3329 2616 3329 2428 3330 2616 3330 2427 3330 2427 3331 2616 3331 2617 3331 2427 3332 2617 3332 2426 3332 2426 3333 2617 3333 2618 3333 2426 3334 2618 3334 2425 3334 2425 3335 2618 3335 2619 3335 2425 3336 2619 3336 2424 3336 2424 3337 2619 3337 2620 3337 2424 3338 2620 3338 2423 3338 2423 3339 2620 3339 2449 3339 2423 3340 2449 3340 2242 3340 2621 3341 2622 3341 2623 3341 2622 3342 2624 3342 2625 3342 2624 1813 2626 1813 2627 1813 2626 3343 2628 3343 2629 3343 2628 3344 2630 3344 2631 3344 2630 3345 2632 3345 2633 3345 2632 1817 2634 1817 2635 1817 2634 1818 2636 1818 2637 1818 2636 3346 2638 3346 2639 3346 2638 3347 2640 3347 2641 3347 2638 3348 2641 3348 2639 3348 2639 3349 2641 3349 2642 3349 2639 3350 2642 3350 2643 3350 2643 1824 2642 1824 2644 1824 2643 1825 2644 1825 2645 1825 2645 1826 2644 1826 2646 1826 2645 1827 2646 1827 2647 1827 2647 3351 2646 3351 2648 3351 2647 3352 2648 3352 2649 3352 2649 3353 2648 3353 2650 3353 2649 1831 2650 1831 2651 1831 2651 1832 2650 1832 2652 1832 2651 1833 2652 1833 2653 1833 2653 1834 2652 1834 2654 1834 2653 1835 2654 1835 2655 1835 2655 1836 2654 1836 2656 1836 2655 1837 2656 1837 2657 1837 2657 1838 2656 1838 2658 1838 2657 1838 2658 1838 2659 1838 2659 1839 2658 1839 2660 1839 2659 1840 2660 1840 2661 1840 2661 1841 2660 1841 2662 1841 2661 1842 2662 1842 2663 1842 2663 1843 2662 1843 2664 1843 2663 1844 2664 1844 2665 1844 2665 1845 2664 1845 2666 1845 2665 1846 2666 1846 2667 1846 2667 1847 2666 1847 2668 1847 2667 1848 2668 1848 2669 1848 2669 1849 2668 1849 2670 1849 2669 1850 2670 1850 2671 1850 2671 1851 2670 1851 2672 1851 2671 1852 2672 1852 2673 1852 2673 1853 2672 1853 2674 1853 2673 1854 2674 1854 2675 1854 2675 1855 2674 1855 2676 1855 2675 1856 2676 1856 2677 1856 2636 3354 2639 3354 2637 3354 2637 3355 2639 3355 2643 3355 2637 1859 2643 1859 2678 1859 2678 1860 2643 1860 2645 1860 2678 3356 2645 3356 2679 3356 2679 3357 2645 3357 2647 3357 2679 3358 2647 3358 2680 3358 2680 1864 2647 1864 2649 1864 2680 1865 2649 1865 2681 1865 2681 1866 2649 1866 2651 1866 2681 1867 2651 1867 2682 1867 2682 1868 2651 1868 2653 1868 2682 1869 2653 1869 2683 1869 2683 1870 2653 1870 2655 1870 2683 3359 2655 3359 2684 3359 2684 3360 2655 3360 2657 3360 2684 3361 2657 3361 2685 3361 2685 1874 2657 1874 2659 1874 2685 1874 2659 1874 2686 1874 2686 1875 2659 1875 2661 1875 2686 1876 2661 1876 2687 1876 2687 1877 2661 1877 2663 1877 2687 1878 2663 1878 2688 1878 2688 1879 2663 1879 2665 1879 2688 1880 2665 1880 2689 1880 2689 1881 2665 1881 2667 1881 2689 1882 2667 1882 2690 1882 2690 1883 2667 1883 2669 1883 2690 1884 2669 1884 2691 1884 2691 1885 2669 1885 2671 1885 2691 1886 2671 1886 2692 1886 2692 1887 2671 1887 2673 1887 2692 1888 2673 1888 2693 1888 2693 1889 2673 1889 2675 1889 2693 1890 2675 1890 2694 1890 2694 1891 2675 1891 2677 1891 2694 1892 2677 1892 2695 1892 2634 1893 2637 1893 2635 1893 2635 1894 2637 1894 2678 1894 2635 3362 2678 3362 2696 3362 2696 3363 2678 3363 2679 3363 2696 3364 2679 3364 2697 3364 2697 3365 2679 3365 2680 3365 2697 3366 2680 3366 2698 3366 2698 3367 2680 3367 2681 3367 2698 3368 2681 3368 2699 3368 2699 3369 2681 3369 2682 3369 2699 3370 2682 3370 2700 3370 2700 1904 2682 1904 2683 1904 2700 1905 2683 1905 2701 1905 2701 3371 2683 3371 2684 3371 2701 3372 2684 3372 2702 3372 2702 3373 2684 3373 2685 3373 2702 1909 2685 1909 2703 1909 2703 1910 2685 1910 2686 1910 2703 1910 2686 1910 2704 1910 2704 1911 2686 1911 2687 1911 2704 1912 2687 1912 2705 1912 2705 1913 2687 1913 2688 1913 2705 1914 2688 1914 2706 1914 2706 1915 2688 1915 2689 1915 2706 1916 2689 1916 2707 1916 2707 1917 2689 1917 2690 1917 2707 1918 2690 1918 2708 1918 2708 1919 2690 1919 2691 1919 2708 1920 2691 1920 2709 1920 2709 1921 2691 1921 2692 1921 2709 3374 2692 3374 2710 3374 2710 3375 2692 3375 2693 3375 2710 3376 2693 3376 2711 3376 2711 1925 2693 1925 2694 1925 2711 1926 2694 1926 2712 1926 2712 1927 2694 1927 2695 1927 2712 1928 2695 1928 2713 1928 2632 1929 2635 1929 2633 1929 2633 3377 2635 3377 2696 3377 2633 3378 2696 3378 2714 3378 2714 3379 2696 3379 2697 3379 2714 1933 2697 1933 2715 1933 2715 3380 2697 3380 2698 3380 2715 3381 2698 3381 2716 3381 2716 1936 2698 1936 2699 1936 2716 3382 2699 3382 2717 3382 2717 3383 2699 3383 2700 3383 2717 1939 2700 1939 2718 1939 2718 1940 2700 1940 2701 1940 2718 1941 2701 1941 2719 1941 2719 1942 2701 1942 2702 1942 2719 3384 2702 3384 2720 3384 2720 3385 2702 3385 2703 3385 2720 3386 2703 3386 2721 3386 2721 1946 2703 1946 2704 1946 2721 1946 2704 1946 2722 1946 2722 1947 2704 1947 2705 1947 2722 1948 2705 1948 2723 1948 2723 1949 2705 1949 2706 1949 2723 1950 2706 1950 2724 1950 2724 1951 2706 1951 2707 1951 2724 1952 2707 1952 2725 1952 2725 1953 2707 1953 2708 1953 2725 1954 2708 1954 2726 1954 2726 1955 2708 1955 2709 1955 2726 1956 2709 1956 2727 1956 2727 3387 2709 3387 2710 3387 2727 3388 2710 3388 2728 3388 2728 3389 2710 3389 2711 3389 2728 3390 2711 3390 2729 3390 2729 3391 2711 3391 2712 3391 2729 3392 2712 3392 2730 3392 2730 1963 2712 1963 2713 1963 2730 1964 2713 1964 2731 1964 2630 3393 2633 3393 2631 3393 2631 1966 2633 1966 2714 1966 2631 1967 2714 1967 2732 1967 2732 1968 2714 1968 2715 1968 2732 3394 2715 3394 2733 3394 2733 3395 2715 3395 2716 3395 2733 1971 2716 1971 2734 1971 2734 3396 2716 3396 2717 3396 2734 3397 2717 3397 2735 3397 2735 1974 2717 1974 2718 1974 2735 1975 2718 1975 2736 1975 2736 1976 2718 1976 2719 1976 2736 3398 2719 3398 2737 3398 2737 3399 2719 3399 2720 3399 2737 3400 2720 3400 2738 3400 2738 3401 2720 3401 2721 3401 2738 3402 2721 3402 2739 3402 2739 1982 2721 1982 2722 1982 2739 1982 2722 1982 2740 1982 2740 1983 2722 1983 2723 1983 2740 1984 2723 1984 2741 1984 2741 1985 2723 1985 2724 1985 2741 1986 2724 1986 2742 1986 2742 1987 2724 1987 2725 1987 2742 1988 2725 1988 2743 1988 2743 1989 2725 1989 2726 1989 2743 1990 2726 1990 2744 1990 2744 1991 2726 1991 2727 1991 2744 1992 2727 1992 2745 1992 2745 3403 2727 3403 2728 3403 2745 3404 2728 3404 2746 3404 2746 3405 2728 3405 2729 3405 2746 3406 2729 3406 2747 3406 2747 3407 2729 3407 2730 3407 2747 1998 2730 1998 2748 1998 2748 1999 2730 1999 2731 1999 2748 2000 2731 2000 2749 2000 2628 3408 2631 3408 2629 3408 2629 3409 2631 3409 2732 3409 2629 3410 2732 3410 2750 3410 2750 3411 2732 3411 2733 3411 2750 3412 2733 3412 2751 3412 2751 3413 2733 3413 2734 3413 2751 3414 2734 3414 2752 3414 2752 3415 2734 3415 2735 3415 2752 2009 2735 2009 2753 2009 2753 2010 2735 2010 2736 2010 2753 2011 2736 2011 2754 2011 2754 3416 2736 3416 2737 3416 2754 3417 2737 3417 2755 3417 2755 3418 2737 3418 2738 3418 2755 2015 2738 2015 2756 2015 2756 2016 2738 2016 2739 2016 2756 3419 2739 3419 2757 3419 2757 2018 2739 2018 2740 2018 2757 2018 2740 2018 2758 2018 2758 2019 2740 2019 2741 2019 2758 2020 2741 2020 2759 2020 2759 2021 2741 2021 2742 2021 2759 2022 2742 2022 2760 2022 2760 2023 2742 2023 2743 2023 2760 3420 2743 3420 2761 3420 2761 3421 2743 3421 2744 3421 2761 3422 2744 3422 2762 3422 2762 2027 2744 2027 2745 2027 2762 3423 2745 3423 2763 3423 2763 3424 2745 3424 2746 3424 2763 3425 2746 3425 2764 3425 2764 2031 2746 2031 2747 2031 2764 2032 2747 2032 2765 2032 2765 2033 2747 2033 2748 2033 2765 2034 2748 2034 2766 2034 2766 2035 2748 2035 2749 2035 2766 2036 2749 2036 2767 2036 2626 3426 2629 3426 2627 3426 2627 3427 2629 3427 2750 3427 2627 2039 2750 2039 2768 2039 2768 2040 2750 2040 2751 2040 2768 3428 2751 3428 2769 3428 2769 3429 2751 3429 2752 3429 2769 3430 2752 3430 2770 3430 2770 2044 2752 2044 2753 2044 2770 3431 2753 3431 2771 3431 2771 3432 2753 3432 2754 3432 2771 3433 2754 3433 2772 3433 2772 3434 2754 3434 2755 3434 2772 3435 2755 3435 2773 3435 2773 2050 2755 2050 2756 2050 2773 2051 2756 2051 2774 2051 2774 3436 2756 3436 2757 3436 2774 3437 2757 3437 2775 3437 2775 2054 2757 2054 2758 2054 2775 2054 2758 2054 2776 2054 2776 2055 2758 2055 2759 2055 2776 2056 2759 2056 2777 2056 2777 2057 2759 2057 2760 2057 2777 2058 2760 2058 2778 2058 2778 3438 2760 3438 2761 3438 2778 3439 2761 3439 2779 3439 2779 3440 2761 3440 2762 3440 2779 3441 2762 3441 2780 3441 2780 3442 2762 3442 2763 3442 2780 3443 2763 3443 2781 3443 2781 3444 2763 3444 2764 3444 2781 2066 2764 2066 2782 2066 2782 2067 2764 2067 2765 2067 2782 2068 2765 2068 2783 2068 2783 2069 2765 2069 2766 2069 2783 2070 2766 2070 2784 2070 2784 2071 2766 2071 2767 2071 2784 2072 2767 2072 2785 2072 2624 2073 2627 2073 2625 2073 2625 2074 2627 2074 2768 2074 2625 2075 2768 2075 2786 2075 2786 3445 2768 3445 2769 3445 2786 3446 2769 3446 2787 3446 2787 3447 2769 3447 2770 3447 2787 2079 2770 2079 2788 2079 2788 3448 2770 3448 2771 3448 2788 3449 2771 3449 2789 3449 2789 3450 2771 3450 2772 3450 2789 3451 2772 3451 2790 3451 2790 3452 2772 3452 2773 3452 2790 2085 2773 2085 2791 2085 2791 2086 2773 2086 2774 2086 2791 2087 2774 2087 2792 2087 2792 2088 2774 2088 2775 2088 2792 2089 2775 2089 2793 2089 2793 2090 2775 2090 2776 2090 2793 2090 2776 2090 2794 2090 2794 2091 2776 2091 2777 2091 2794 3453 2777 3453 2795 3453 2795 3454 2777 3454 2778 3454 2795 3455 2778 3455 2796 3455 2796 2095 2778 2095 2779 2095 2796 2096 2779 2096 2797 2096 2797 3456 2779 3456 2780 3456 2797 3457 2780 3457 2798 3457 2798 3458 2780 3458 2781 3458 2798 3459 2781 3459 2799 3459 2799 3460 2781 3460 2782 3460 2799 3461 2782 3461 2800 3461 2800 2103 2782 2103 2783 2103 2800 2104 2783 2104 2801 2104 2801 2105 2783 2105 2784 2105 2801 2106 2784 2106 2802 2106 2802 2107 2784 2107 2785 2107 2802 2108 2785 2108 2803 2108 2622 3462 2625 3462 2623 3462 2623 2110 2625 2110 2786 2110 2623 2111 2786 2111 2804 2111 2804 2112 2786 2112 2787 2112 2804 2113 2787 2113 2805 2113 2805 2114 2787 2114 2788 2114 2805 2115 2788 2115 2806 2115 2806 2116 2788 2116 2789 2116 2806 2117 2789 2117 2807 2117 2807 2118 2789 2118 2790 2118 2807 2119 2790 2119 2808 2119 2808 2120 2790 2120 2791 2120 2808 2121 2791 2121 2809 2121 2809 2122 2791 2122 2792 2122 2809 2123 2792 2123 2810 2123 2810 2124 2792 2124 2793 2124 2810 2125 2793 2125 2811 2125 2811 2126 2793 2126 2794 2126 2811 2126 2794 2126 2812 2126 2812 3463 2794 3463 2795 3463 2812 3464 2795 3464 2813 3464 2813 3465 2795 3465 2796 3465 2813 2130 2796 2130 2814 2130 2814 2131 2796 2131 2797 2131 2814 2132 2797 2132 2815 2132 2815 2133 2797 2133 2798 2133 2815 2134 2798 2134 2816 2134 2816 3466 2798 3466 2799 3466 2816 3467 2799 3467 2817 3467 2817 3468 2799 3468 2800 3468 2817 2138 2800 2138 2818 2138 2818 2139 2800 2139 2801 2139 2818 2140 2801 2140 2819 2140 2819 2141 2801 2141 2802 2141 2819 2142 2802 2142 2820 2142 2820 2143 2802 2143 2803 2143 2820 2144 2803 2144 2821 2144 2621 2145 2623 2145 2822 2145 2822 2146 2623 2146 2804 2146 2822 2147 2804 2147 2823 2147 2823 2148 2804 2148 2805 2148 2823 2149 2805 2149 2824 2149 2824 2150 2805 2150 2806 2150 2824 2151 2806 2151 2825 2151 2825 2152 2806 2152 2807 2152 2825 2153 2807 2153 2826 2153 2826 2154 2807 2154 2808 2154 2826 2155 2808 2155 2827 2155 2827 2156 2808 2156 2809 2156 2827 2157 2809 2157 2828 2157 2828 2158 2809 2158 2810 2158 2828 3469 2810 3469 2829 3469 2829 3470 2810 3470 2811 3470 2829 3471 2811 3471 2830 3471 2830 2162 2811 2162 2812 2162 2830 2162 2812 2162 2831 2162 2831 2163 2812 2163 2813 2163 2831 2164 2813 2164 2832 2164 2832 2165 2813 2165 2814 2165 2832 2166 2814 2166 2833 2166 2833 2167 2814 2167 2815 2167 2833 2168 2815 2168 2834 2168 2834 2169 2815 2169 2816 2169 2834 2170 2816 2170 2835 2170 2835 2171 2816 2171 2817 2171 2835 3472 2817 3472 2836 3472 2836 3473 2817 3473 2818 3473 2836 3474 2818 3474 2837 3474 2837 2175 2818 2175 2819 2175 2837 2176 2819 2176 2838 2176 2838 2177 2819 2177 2820 2177 2838 2178 2820 2178 2839 2178 2839 2179 2820 2179 2821 2179 2839 3475 2821 3475 2840 3475 2676 88 2841 88 2842 88 2676 88 2842 88 2677 88 2677 2181 2842 2181 2843 2181 2677 2181 2843 2181 2695 2181 2695 90 2843 90 2844 90 2695 90 2844 90 2713 90 2713 91 2844 91 2845 91 2713 91 2845 91 2731 91 2731 92 2845 92 2846 92 2731 92 2846 92 2749 92 2749 2182 2846 2182 2847 2182 2749 2182 2847 2182 2767 2182 2767 94 2847 94 2848 94 2767 94 2848 94 2785 94 2785 95 2848 95 2849 95 2785 95 2849 95 2803 95 2803 2183 2849 2183 2850 2183 2803 2183 2850 2183 2821 2183 2821 3476 2850 3476 2851 3476 2821 3476 2851 3476 2840 3476 2852 2184 2640 2184 2638 2184 2852 2184 2638 2184 2853 2184 2853 919 2638 919 2636 919 2853 919 2636 919 2854 919 2854 920 2636 920 2634 920 2854 920 2634 920 2855 920 2855 921 2634 921 2632 921 2855 921 2632 921 2856 921 2856 922 2632 922 2630 922 2856 922 2630 922 2857 922 2857 923 2630 923 2628 923 2857 923 2628 923 2858 923 2858 2187 2628 2187 2626 2187 2858 2187 2626 2187 2859 2187 2859 925 2626 925 2624 925 2859 925 2624 925 2860 925 2860 3477 2624 3477 2622 3477 2860 3477 2622 3477 2861 3477 2861 3478 2622 3478 2621 3478 2861 3478 2621 3478 2862 3478 2851 3479 2850 3479 2863 3479 2850 2189 2849 2189 2864 2189 2849 2190 2848 2190 2865 2190 2848 2191 2847 2191 2866 2191 2847 2192 2846 2192 2867 2192 2846 2193 2845 2193 2868 2193 2845 2194 2844 2194 2869 2194 2844 2195 2843 2195 2870 2195 2843 2196 2842 2196 2871 2196 2842 2197 2841 2197 2872 2197 2842 2198 2872 2198 2871 2198 2871 2199 2872 2199 2873 2199 2871 2200 2873 2200 2874 2200 2874 2201 2873 2201 2875 2201 2874 2202 2875 2202 2876 2202 2876 2203 2875 2203 2877 2203 2876 2204 2877 2204 2878 2204 2878 2205 2877 2205 2879 2205 2878 2206 2879 2206 2880 2206 2880 2207 2879 2207 2881 2207 2880 2208 2881 2208 2882 2208 2882 2209 2881 2209 2883 2209 2882 2210 2883 2210 2884 2210 2884 2211 2883 2211 2885 2211 2884 2212 2885 2212 2886 2212 2886 2213 2885 2213 2887 2213 2886 2214 2887 2214 2888 2214 2888 2215 2887 2215 2889 2215 2888 2215 2889 2215 2890 2215 2890 2216 2889 2216 2891 2216 2890 2217 2891 2217 2892 2217 2892 2218 2891 2218 2893 2218 2892 2219 2893 2219 2894 2219 2894 2220 2893 2220 2895 2220 2894 2221 2895 2221 2896 2221 2896 3480 2895 3480 2897 3480 2896 3481 2897 3481 2898 3481 2898 3482 2897 3482 2899 3482 2898 2225 2899 2225 2900 2225 2900 2226 2899 2226 2901 2226 2900 2227 2901 2227 2902 2227 2902 2228 2901 2228 2903 2228 2902 2229 2903 2229 2904 2229 2904 3483 2903 3483 2905 3483 2904 3484 2905 3484 2906 3484 2906 3485 2905 3485 2852 3485 2906 3486 2852 3486 2853 3486 2843 2234 2871 2234 2870 2234 2870 2235 2871 2235 2874 2235 2870 2236 2874 2236 2907 2236 2907 2237 2874 2237 2876 2237 2907 2238 2876 2238 2908 2238 2908 2239 2876 2239 2878 2239 2908 2240 2878 2240 2909 2240 2909 2241 2878 2241 2880 2241 2909 2242 2880 2242 2910 2242 2910 2243 2880 2243 2882 2243 2910 2244 2882 2244 2911 2244 2911 2245 2882 2245 2884 2245 2911 2246 2884 2246 2912 2246 2912 2247 2884 2247 2886 2247 2912 2248 2886 2248 2913 2248 2913 2249 2886 2249 2888 2249 2913 2250 2888 2250 2914 2250 2914 2251 2888 2251 2890 2251 2914 2251 2890 2251 2915 2251 2915 2252 2890 2252 2892 2252 2915 3487 2892 3487 2916 3487 2916 3488 2892 3488 2894 3488 2916 3489 2894 3489 2917 3489 2917 2256 2894 2256 2896 2256 2917 2257 2896 2257 2918 2257 2918 2258 2896 2258 2898 2258 2918 2259 2898 2259 2919 2259 2919 2260 2898 2260 2900 2260 2919 2261 2900 2261 2920 2261 2920 2262 2900 2262 2902 2262 2920 3490 2902 3490 2921 3490 2921 3491 2902 3491 2904 3491 2921 3492 2904 3492 2922 3492 2922 3493 2904 3493 2906 3493 2922 3494 2906 3494 2923 3494 2923 3495 2906 3495 2853 3495 2923 2269 2853 2269 2854 2269 2844 2270 2870 2270 2869 2270 2869 2271 2870 2271 2907 2271 2869 2272 2907 2272 2924 2272 2924 2273 2907 2273 2908 2273 2924 3496 2908 3496 2925 3496 2925 3497 2908 3497 2909 3497 2925 3498 2909 3498 2926 3498 2926 2277 2909 2277 2910 2277 2926 2278 2910 2278 2927 2278 2927 2279 2910 2279 2911 2279 2927 2280 2911 2280 2928 2280 2928 2281 2911 2281 2912 2281 2928 2282 2912 2282 2929 2282 2929 2283 2912 2283 2913 2283 2929 2284 2913 2284 2930 2284 2930 2285 2913 2285 2914 2285 2930 2286 2914 2286 2931 2286 2931 2287 2914 2287 2915 2287 2931 2287 2915 2287 2932 2287 2932 3499 2915 3499 2916 3499 2932 3500 2916 3500 2933 3500 2933 3501 2916 3501 2917 3501 2933 2291 2917 2291 2934 2291 2934 2292 2917 2292 2918 2292 2934 2293 2918 2293 2935 2293 2935 2294 2918 2294 2919 2294 2935 3502 2919 3502 2936 3502 2936 3503 2919 3503 2920 3503 2936 3504 2920 3504 2937 3504 2937 3505 2920 3505 2921 3505 2937 3506 2921 3506 2938 3506 2938 3507 2921 3507 2922 3507 2938 3508 2922 3508 2939 3508 2939 3509 2922 3509 2923 3509 2939 3510 2923 3510 2940 3510 2940 2304 2923 2304 2854 2304 2940 2305 2854 2305 2855 2305 2845 2306 2869 2306 2868 2306 2868 2307 2869 2307 2924 2307 2868 3511 2924 3511 2941 3511 2941 3512 2924 3512 2925 3512 2941 2310 2925 2310 2942 2310 2942 3513 2925 3513 2926 3513 2942 3514 2926 3514 2943 3514 2943 2313 2926 2313 2927 2313 2943 2314 2927 2314 2944 2314 2944 2315 2927 2315 2928 2315 2944 2316 2928 2316 2945 2316 2945 2317 2928 2317 2929 2317 2945 2318 2929 2318 2946 2318 2946 2319 2929 2319 2930 2319 2946 2320 2930 2320 2947 2320 2947 2321 2930 2321 2931 2321 2947 2322 2931 2322 2948 2322 2948 2323 2931 2323 2932 2323 2948 2323 2932 2323 2949 2323 2949 3515 2932 3515 2933 3515 2949 3516 2933 3516 2950 3516 2950 3517 2933 3517 2934 3517 2950 3518 2934 3518 2951 3518 2951 2328 2934 2328 2935 2328 2951 2329 2935 2329 2952 2329 2952 3519 2935 3519 2936 3519 2952 3520 2936 3520 2953 3520 2953 3521 2936 3521 2937 3521 2953 3522 2937 3522 2954 3522 2954 3523 2937 3523 2938 3523 2954 3524 2938 3524 2955 3524 2955 3525 2938 3525 2939 3525 2955 3526 2939 3526 2956 3526 2956 3527 2939 3527 2940 3527 2956 2339 2940 2339 2957 2339 2957 2340 2940 2340 2855 2340 2957 2341 2855 2341 2856 2341 2846 2342 2868 2342 2867 2342 2867 3528 2868 3528 2941 3528 2867 3529 2941 3529 2958 3529 2958 3530 2941 3530 2942 3530 2958 3531 2942 3531 2959 3531 2959 3532 2942 3532 2943 3532 2959 2348 2943 2348 2960 2348 2960 2349 2943 2349 2944 2349 2960 2350 2944 2350 2961 2350 2961 2351 2944 2351 2945 2351 2961 2352 2945 2352 2962 2352 2962 2353 2945 2353 2946 2353 2962 2354 2946 2354 2963 2354 2963 2355 2946 2355 2947 2355 2963 2356 2947 2356 2964 2356 2964 2357 2947 2357 2948 2357 2964 2358 2948 2358 2965 2358 2965 2359 2948 2359 2949 2359 2965 2359 2949 2359 2966 2359 2966 3533 2949 3533 2950 3533 2966 3534 2950 3534 2967 3534 2967 3535 2950 3535 2951 3535 2967 3536 2951 3536 2968 3536 2968 3537 2951 3537 2952 3537 2968 3538 2952 3538 2969 3538 2969 2366 2952 2366 2953 2366 2969 2367 2953 2367 2970 2367 2970 3539 2953 3539 2954 3539 2970 3540 2954 3540 2971 3540 2971 3541 2954 3541 2955 3541 2971 3542 2955 3542 2972 3542 2972 3543 2955 3543 2956 3543 2972 3544 2956 3544 2973 3544 2973 2374 2956 2374 2957 2374 2973 2375 2957 2375 2974 2375 2974 2376 2957 2376 2856 2376 2974 3545 2856 3545 2857 3545 2847 2378 2867 2378 2866 2378 2866 2379 2867 2379 2958 2379 2866 2380 2958 2380 2975 2380 2975 2381 2958 2381 2959 2381 2975 2382 2959 2382 2976 2382 2976 2383 2959 2383 2960 2383 2976 3546 2960 3546 2977 3546 2977 3547 2960 3547 2961 3547 2977 3548 2961 3548 2978 3548 2978 2387 2961 2387 2962 2387 2978 3549 2962 3549 2979 3549 2979 3550 2962 3550 2963 3550 2979 3551 2963 3551 2980 3551 2980 2391 2963 2391 2964 2391 2980 2392 2964 2392 2981 2392 2981 2393 2964 2393 2965 2393 2981 2394 2965 2394 2982 2394 2982 2395 2965 2395 2966 2395 2982 2395 2966 2395 2983 2395 2983 3552 2966 3552 2967 3552 2983 3553 2967 3553 2984 3553 2984 3554 2967 3554 2968 3554 2984 3555 2968 3555 2985 3555 2985 3556 2968 3556 2969 3556 2985 2401 2969 2401 2986 2401 2986 2402 2969 2402 2970 2402 2986 2403 2970 2403 2987 2403 2987 3557 2970 3557 2971 3557 2987 3558 2971 3558 2988 3558 2988 3559 2971 3559 2972 3559 2988 3560 2972 3560 2989 3560 2989 3561 2972 3561 2973 3561 2989 2409 2973 2409 2990 2409 2990 2410 2973 2410 2974 2410 2990 3562 2974 3562 2991 3562 2991 3563 2974 3563 2857 3563 2991 3564 2857 3564 2858 3564 2848 2414 2866 2414 2865 2414 2865 2415 2866 2415 2975 2415 2865 2416 2975 2416 2992 2416 2992 2417 2975 2417 2976 2417 2992 2418 2976 2418 2993 2418 2993 3565 2976 3565 2977 3565 2993 3566 2977 3566 2994 3566 2994 3567 2977 3567 2978 3567 2994 3568 2978 3568 2995 3568 2995 3569 2978 3569 2979 3569 2995 3570 2979 3570 2996 3570 2996 3571 2979 3571 2980 3571 2996 2426 2980 2426 2997 2426 2997 2427 2980 2427 2981 2427 2997 2428 2981 2428 2998 2428 2998 2429 2981 2429 2982 2429 2998 2430 2982 2430 2999 2430 2999 2431 2982 2431 2983 2431 2999 2431 2983 2431 3000 2431 3000 3572 2983 3572 2984 3572 3000 2433 2984 2433 3001 2433 3001 2434 2984 2434 2985 2434 3001 2435 2985 2435 3002 2435 3002 2436 2985 2436 2986 2436 3002 3573 2986 3573 3003 3573 3003 3574 2986 3574 2987 3574 3003 3575 2987 3575 3004 3575 3004 3576 2987 3576 2988 3576 3004 3577 2988 3577 3005 3577 3005 2442 2988 2442 2989 2442 3005 3578 2989 3578 3006 3578 3006 3579 2989 3579 2990 3579 3006 3580 2990 3580 3007 3580 3007 3581 2990 3581 2991 3581 3007 3582 2991 3582 3008 3582 3008 3583 2991 3583 2858 3583 3008 2449 2858 2449 2859 2449 2849 2450 2865 2450 2864 2450 2864 2451 2865 2451 2992 2451 2864 2452 2992 2452 3009 2452 3009 2453 2992 2453 2993 2453 3009 2454 2993 2454 3010 2454 3010 2455 2993 2455 2994 2455 3010 3584 2994 3584 3011 3584 3011 3585 2994 3585 2995 3585 3011 3586 2995 3586 3012 3586 3012 3587 2995 3587 2996 3587 3012 2460 2996 2460 3013 2460 3013 2461 2996 2461 2997 2461 3013 2462 2997 2462 3014 2462 3014 2463 2997 2463 2998 2463 3014 3588 2998 3588 3015 3588 3015 3589 2998 3589 2999 3589 3015 3590 2999 3590 3016 3590 3016 2467 2999 2467 3000 2467 3016 2467 3000 2467 3017 2467 3017 2468 3000 2468 3001 2468 3017 2469 3001 2469 3018 2469 3018 2470 3001 2470 3002 2470 3018 2471 3002 2471 3019 2471 3019 3591 3002 3591 3003 3591 3019 3592 3003 3592 3020 3592 3020 3593 3003 3593 3004 3593 3020 3594 3004 3594 3021 3594 3021 3595 3004 3595 3005 3595 3021 2477 3005 2477 3022 2477 3022 3596 3005 3596 3006 3596 3022 3597 3006 3597 3023 3597 3023 3598 3006 3598 3007 3598 3023 2481 3007 2481 3024 2481 3024 2482 3007 2482 3008 2482 3024 2483 3008 2483 3025 2483 3025 2484 3008 2484 2859 2484 3025 2485 2859 2485 2860 2485 2850 2486 2864 2486 2863 2486 2863 2487 2864 2487 3009 2487 2863 2488 3009 2488 3026 2488 3026 2489 3009 2489 3010 2489 3026 2490 3010 2490 3027 2490 3027 3599 3010 3599 3011 3599 3027 3600 3011 3600 3028 3600 3028 3601 3011 3601 3012 3601 3028 2494 3012 2494 3029 2494 3029 2495 3012 2495 3013 2495 3029 2496 3013 2496 3030 2496 3030 2497 3013 2497 3014 2497 3030 2498 3014 2498 3031 2498 3031 3602 3014 3602 3015 3602 3031 3603 3015 3603 3032 3603 3032 3604 3015 3604 3016 3604 3032 2502 3016 2502 3033 2502 3033 2503 3016 2503 3017 2503 3033 2503 3017 2503 3034 2503 3034 2504 3017 2504 3018 2504 3034 2505 3018 2505 3035 2505 3035 2506 3018 2506 3019 2506 3035 2507 3019 2507 3036 2507 3036 2508 3019 2508 3020 2508 3036 2509 3020 2509 3037 2509 3037 2510 3020 2510 3021 2510 3037 2511 3021 2511 3038 2511 3038 2512 3021 2512 3022 2512 3038 2513 3022 2513 3039 2513 3039 2514 3022 2514 3023 2514 3039 2515 3023 2515 3040 2515 3040 2516 3023 2516 3024 2516 3040 2517 3024 2517 3041 2517 3041 2518 3024 2518 3025 2518 3041 2519 3025 2519 3042 2519 3042 2520 3025 2520 2860 2520 3042 3605 2860 3605 2861 3605 2851 3606 2863 3606 3043 3606 3043 2523 2863 2523 3026 2523 3043 2524 3026 2524 3044 2524 3044 2525 3026 2525 3027 2525 3044 2526 3027 2526 3045 2526 3045 2527 3027 2527 3028 2527 3045 3607 3028 3607 3046 3607 3046 3608 3028 3608 3029 3608 3046 3609 3029 3609 3047 3609 3047 2531 3029 2531 3030 2531 3047 2532 3030 2532 3048 2532 3048 2533 3030 2533 3031 2533 3048 2534 3031 2534 3049 2534 3049 2535 3031 2535 3032 2535 3049 2536 3032 2536 3050 2536 3050 2537 3032 2537 3033 2537 3050 2538 3033 2538 3051 2538 3051 2539 3033 2539 3034 2539 3051 2539 3034 2539 3052 2539 3052 2540 3034 2540 3035 2540 3052 3610 3035 3610 3053 3610 3053 3611 3035 3611 3036 3611 3053 3612 3036 3612 3054 3612 3054 2544 3036 2544 3037 2544 3054 2545 3037 2545 3055 2545 3055 2546 3037 2546 3038 2546 3055 2547 3038 2547 3056 2547 3056 2548 3038 2548 3039 2548 3056 2549 3039 2549 3057 2549 3057 2550 3039 2550 3040 2550 3057 2551 3040 2551 3058 2551 3058 2552 3040 2552 3041 2552 3058 2553 3041 2553 3059 2553 3059 2554 3041 2554 3042 2554 3059 2555 3042 2555 3060 2555 3060 3613 3042 3613 2861 3613 3060 3614 2861 3614 2862 3614 3061 2558 2676 2558 3062 2558 3062 2558 2676 2558 2674 2558 3062 2559 2674 2559 3063 2559 3063 2559 2674 2559 2672 2559 3063 2560 2672 2560 3064 2560 3064 2560 2672 2560 2670 2560 3064 2561 2670 2561 3065 2561 3065 2561 2670 2561 2668 2561 3065 2562 2668 2562 3066 2562 3066 2562 2668 2562 2666 2562 3066 2563 2666 2563 3067 2563 3067 2563 2666 2563 2664 2563 3067 2564 2664 2564 3068 2564 3068 2564 2664 2564 2662 2564 3068 2565 2662 2565 3069 2565 3069 2565 2662 2565 2660 2565 3069 2566 2660 2566 3070 2566 3070 2566 2660 2566 2658 2566 3070 1159 2658 1159 3071 1159 3071 1159 2658 1159 2656 1159 3071 2567 2656 2567 3072 2567 3072 2567 2656 2567 2654 2567 3072 2568 2654 2568 3073 2568 3073 2568 2654 2568 2652 2568 3073 2569 2652 2569 3074 2569 3074 2569 2652 2569 2650 2569 3074 3615 2650 3615 3075 3615 3075 3615 2650 3615 2648 3615 3075 3616 2648 3616 3076 3616 3076 3616 2648 3616 2646 3616 3076 2572 2646 2572 3077 2572 3077 2572 2646 2572 2644 2572 3077 2573 2644 2573 3078 2573 3078 2573 2644 2573 2642 2573 3078 3617 2642 3617 3079 3617 3079 3617 2642 3617 2641 3617 3079 3618 2641 3618 3080 3618 3080 3618 2641 3618 2640 3618 2676 927 3061 927 2841 927 2841 927 3061 927 3081 927 2852 1400 3082 1400 2640 1400 2640 1400 3082 1400 3080 1400 3080 3619 3083 3619 3084 3619 3083 2577 3085 2577 3086 2577 3085 2578 3087 2578 3088 2578 3087 2579 3089 2579 3090 2579 3089 3620 3091 3620 3092 3620 3091 3621 3093 3621 3094 3621 3093 2582 3095 2582 3096 2582 3095 2583 3097 2583 3098 2583 3097 3622 3099 3622 3100 3622 3099 3623 573 3623 572 3623 3099 3624 572 3624 3100 3624 3100 2587 572 2587 533 2587 3100 2588 533 2588 3101 2588 3101 2589 533 2589 532 2589 3101 2590 532 2590 3102 2590 3102 2591 532 2591 539 2591 3102 2592 539 2592 3103 2592 3103 2593 539 2593 538 2593 3103 2594 538 2594 3104 2594 3104 2595 538 2595 536 2595 3104 2596 536 2596 3105 2596 3105 2597 536 2597 535 2597 3105 2598 535 2598 3106 2598 3106 3625 535 3625 546 3625 3106 3626 546 3626 3107 3626 3107 3627 546 3627 545 3627 3107 2602 545 2602 3108 2602 3108 2603 545 2603 544 2603 3108 2603 544 2603 3109 2603 3109 2604 544 2604 540 2604 3109 2605 540 2605 3110 2605 3110 2606 540 2606 542 2606 3110 2607 542 2607 3111 2607 3111 2608 542 2608 543 2608 3111 2609 543 2609 3112 2609 3112 2610 543 2610 547 2610 3112 2611 547 2611 3113 2611 3113 3628 547 3628 548 3628 3113 3629 548 3629 3114 3629 3114 3630 548 3630 553 3630 3114 2615 553 2615 3115 2615 3115 2616 553 2616 552 2616 3115 2617 552 2617 3116 2617 3116 2618 552 2618 550 2618 3116 2619 550 2619 3117 2619 3117 3631 550 3631 549 3631 3117 3632 549 3632 3118 3632 3097 2622 3100 2622 3098 2622 3098 2623 3100 2623 3101 2623 3098 2624 3101 2624 3119 2624 3119 2625 3101 2625 3102 2625 3119 2626 3102 2626 3120 2626 3120 2627 3102 2627 3103 2627 3120 2628 3103 2628 3121 2628 3121 2629 3103 2629 3104 2629 3121 2630 3104 2630 3122 2630 3122 2631 3104 2631 3105 2631 3122 2632 3105 2632 3123 2632 3123 2633 3105 2633 3106 2633 3123 2634 3106 2634 3124 2634 3124 2635 3106 2635 3107 2635 3124 2636 3107 2636 3125 2636 3125 2637 3107 2637 3108 2637 3125 2638 3108 2638 3126 2638 3126 2639 3108 2639 3109 2639 3126 2639 3109 2639 3127 2639 3127 2640 3109 2640 3110 2640 3127 3633 3110 3633 3128 3633 3128 3634 3110 3634 3111 3634 3128 3635 3111 3635 3129 3635 3129 2644 3111 2644 3112 2644 3129 2645 3112 2645 3130 2645 3130 2646 3112 2646 3113 2646 3130 2647 3113 2647 3131 2647 3131 2648 3113 2648 3114 2648 3131 3636 3114 3636 3132 3636 3132 3637 3114 3637 3115 3637 3132 3638 3115 3638 3133 3638 3133 2652 3115 2652 3116 2652 3133 2653 3116 2653 3134 2653 3134 2654 3116 2654 3117 2654 3134 2655 3117 2655 3135 2655 3135 2656 3117 2656 3118 2656 3135 2657 3118 2657 3136 2657 3095 2658 3098 2658 3096 2658 3096 2659 3098 2659 3119 2659 3096 2660 3119 2660 3137 2660 3137 2661 3119 2661 3120 2661 3137 3639 3120 3639 3138 3639 3138 3640 3120 3640 3121 3640 3138 3641 3121 3641 3139 3641 3139 2665 3121 2665 3122 2665 3139 3642 3122 3642 3140 3642 3140 3643 3122 3643 3123 3643 3140 3644 3123 3644 3141 3644 3141 3645 3123 3645 3124 3645 3141 3646 3124 3646 3142 3646 3142 2671 3124 2671 3125 2671 3142 2672 3125 2672 3143 2672 3143 2673 3125 2673 3126 2673 3143 2674 3126 2674 3144 2674 3144 2675 3126 2675 3127 2675 3144 2675 3127 2675 3145 2675 3145 3647 3127 3647 3128 3647 3145 3648 3128 3648 3146 3648 3146 3649 3128 3649 3129 3649 3146 2679 3129 2679 3147 2679 3147 2680 3129 2680 3130 2680 3147 2681 3130 2681 3148 2681 3148 2682 3130 2682 3131 2682 3148 3650 3131 3650 3149 3650 3149 3651 3131 3651 3132 3651 3149 3652 3132 3652 3150 3652 3150 3653 3132 3653 3133 3653 3150 2687 3133 2687 3151 2687 3151 2688 3133 2688 3134 2688 3151 2689 3134 2689 3152 2689 3152 2690 3134 2690 3135 2690 3152 2691 3135 2691 3153 2691 3153 2692 3135 2692 3136 2692 3153 2693 3136 2693 3154 2693 3093 3654 3096 3654 3094 3654 3094 3655 3096 3655 3137 3655 3094 3656 3137 3656 3155 3656 3155 3657 3137 3657 3138 3657 3155 3658 3138 3658 3156 3658 3156 3659 3138 3659 3139 3659 3156 2700 3139 2700 3157 2700 3157 3660 3139 3660 3140 3660 3157 3661 3140 3661 3158 3661 3158 3662 3140 3662 3141 3662 3158 3663 3141 3663 3159 3663 3159 3664 3141 3664 3142 3664 3159 2706 3142 2706 3160 2706 3160 2707 3142 2707 3143 2707 3160 2708 3143 2708 3161 2708 3161 2709 3143 2709 3144 2709 3161 3665 3144 3665 3162 3665 3162 2711 3144 2711 3145 2711 3162 2711 3145 2711 3163 2711 3163 2712 3145 2712 3146 2712 3163 2713 3146 2713 3164 2713 3164 2714 3146 2714 3147 2714 3164 2715 3147 2715 3165 2715 3165 2716 3147 2716 3148 2716 3165 3666 3148 3666 3166 3666 3166 3667 3148 3667 3149 3667 3166 3668 3149 3668 3167 3668 3167 3669 3149 3669 3150 3669 3167 3670 3150 3670 3168 3670 3168 3671 3150 3671 3151 3671 3168 3672 3151 3672 3169 3672 3169 2724 3151 2724 3152 2724 3169 2725 3152 2725 3170 2725 3170 2726 3152 2726 3153 2726 3170 2727 3153 2727 3171 2727 3171 2728 3153 2728 3154 2728 3171 2729 3154 2729 3172 2729 3091 3673 3094 3673 3092 3673 3092 3674 3094 3674 3155 3674 3092 2732 3155 2732 3173 2732 3173 2733 3155 2733 3156 2733 3173 3675 3156 3675 3174 3675 3174 3676 3156 3676 3157 3676 3174 3677 3157 3677 3175 3677 3175 3678 3157 3678 3158 3678 3175 3679 3158 3679 3176 3679 3176 2739 3158 2739 3159 2739 3176 2740 3159 2740 3177 2740 3177 2741 3159 2741 3160 2741 3177 3680 3160 3680 3178 3680 3178 3681 3160 3681 3161 3681 3178 3682 3161 3682 3179 3682 3179 3683 3161 3683 3162 3683 3179 3684 3162 3684 3180 3684 3180 2747 3162 2747 3163 2747 3180 2747 3163 2747 3181 2747 3181 2748 3163 2748 3164 2748 3181 2749 3164 2749 3182 2749 3182 2750 3164 2750 3165 2750 3182 2751 3165 2751 3183 2751 3183 3685 3165 3685 3166 3685 3183 3686 3166 3686 3184 3686 3184 3687 3166 3687 3167 3687 3184 2755 3167 2755 3185 2755 3185 3688 3167 3688 3168 3688 3185 3689 3168 3689 3186 3689 3186 3690 3168 3690 3169 3690 3186 2759 3169 2759 3187 2759 3187 2760 3169 2760 3170 2760 3187 2761 3170 2761 3188 2761 3188 2762 3170 2762 3171 2762 3188 2763 3171 2763 3189 2763 3189 2764 3171 2764 3172 2764 3189 2765 3172 2765 3190 2765 3089 2766 3092 2766 3090 2766 3090 2767 3092 2767 3173 2767 3090 2768 3173 2768 3191 2768 3191 3691 3173 3691 3174 3691 3191 3692 3174 3692 3192 3692 3192 3693 3174 3693 3175 3693 3192 3694 3175 3694 3193 3694 3193 3695 3175 3695 3176 3695 3193 3696 3176 3696 3194 3696 3194 2775 3176 2775 3177 2775 3194 2776 3177 2776 3195 2776 3195 3697 3177 3697 3178 3697 3195 3698 3178 3698 3196 3698 3196 3699 3178 3699 3179 3699 3196 3700 3179 3700 3197 3700 3197 3701 3179 3701 3180 3701 3197 3702 3180 3702 3198 3702 3198 2783 3180 2783 3181 2783 3198 2783 3181 2783 3199 2783 3199 2784 3181 2784 3182 2784 3199 2785 3182 2785 3200 2785 3200 2786 3182 2786 3183 2786 3200 2787 3183 2787 3201 2787 3201 2788 3183 2788 3184 2788 3201 2789 3184 2789 3202 2789 3202 2790 3184 2790 3185 2790 3202 2791 3185 2791 3203 2791 3203 2792 3185 2792 3186 2792 3203 2793 3186 2793 3204 2793 3204 2794 3186 2794 3187 2794 3204 3703 3187 3703 3205 3703 3205 3704 3187 3704 3188 3704 3205 3705 3188 3705 3206 3705 3206 3706 3188 3706 3189 3706 3206 3707 3189 3707 3207 3707 3207 2800 3189 2800 3190 2800 3207 2801 3190 2801 3208 2801 3087 2802 3090 2802 3088 2802 3088 2803 3090 2803 3191 2803 3088 3708 3191 3708 3209 3708 3209 3709 3191 3709 3192 3709 3209 3710 3192 3710 3210 3710 3210 3711 3192 3711 3193 3711 3210 3712 3193 3712 3211 3712 3211 3713 3193 3713 3194 3713 3211 3714 3194 3714 3212 3714 3212 3715 3194 3715 3195 3715 3212 3716 3195 3716 3213 3716 3213 2813 3195 2813 3196 2813 3213 2814 3196 2814 3214 2814 3214 3717 3196 3717 3197 3717 3214 3718 3197 3718 3215 3718 3215 3719 3197 3719 3198 3719 3215 3720 3198 3720 3216 3720 3216 2819 3198 2819 3199 2819 3216 2819 3199 2819 3217 2819 3217 2820 3199 2820 3200 2820 3217 2821 3200 2821 3218 2821 3218 2822 3200 2822 3201 2822 3218 2823 3201 2823 3219 2823 3219 2824 3201 2824 3202 2824 3219 2825 3202 2825 3220 2825 3220 2826 3202 2826 3203 2826 3220 2827 3203 2827 3221 2827 3221 2828 3203 2828 3204 2828 3221 2829 3204 2829 3222 2829 3222 3721 3204 3721 3205 3721 3222 3722 3205 3722 3223 3722 3223 2832 3205 2832 3206 2832 3223 3723 3206 3723 3224 3723 3224 3724 3206 3724 3207 3724 3224 2835 3207 2835 3225 2835 3225 2836 3207 2836 3208 2836 3225 2837 3208 2837 3226 2837 3085 2838 3088 2838 3086 2838 3086 3725 3088 3725 3209 3725 3086 3726 3209 3726 3227 3726 3227 3727 3209 3727 3210 3727 3227 3728 3210 3728 3228 3728 3228 3729 3210 3729 3211 3729 3228 3730 3211 3730 3229 3730 3229 3731 3211 3731 3212 3731 3229 3732 3212 3732 3230 3732 3230 3733 3212 3733 3213 3733 3230 2848 3213 2848 3231 2848 3231 2849 3213 2849 3214 2849 3231 2850 3214 2850 3232 2850 3232 2851 3214 2851 3215 2851 3232 3734 3215 3734 3233 3734 3233 3735 3215 3735 3216 3735 3233 3736 3216 3736 3234 3736 3234 2855 3216 2855 3217 2855 3234 2855 3217 2855 3235 2855 3235 2856 3217 2856 3218 2856 3235 2857 3218 2857 3236 2857 3236 2858 3218 2858 3219 2858 3236 2859 3219 2859 3237 2859 3237 2860 3219 2860 3220 2860 3237 2861 3220 2861 3238 2861 3238 2862 3220 2862 3221 2862 3238 2863 3221 2863 3239 2863 3239 2864 3221 2864 3222 2864 3239 2865 3222 2865 3240 2865 3240 3737 3222 3737 3223 3737 3240 3738 3223 3738 3241 3738 3241 3739 3223 3739 3224 3739 3241 2869 3224 2869 3242 2869 3242 2870 3224 2870 3225 2870 3242 2871 3225 2871 3243 2871 3243 2872 3225 2872 3226 2872 3243 2873 3226 2873 3244 2873 3083 3740 3086 3740 3084 3740 3084 3741 3086 3741 3227 3741 3084 3742 3227 3742 3245 3742 3245 3743 3227 3743 3228 3743 3245 3744 3228 3744 3246 3744 3246 3745 3228 3745 3229 3745 3246 2880 3229 2880 3247 2880 3247 2881 3229 2881 3230 2881 3247 2882 3230 2882 3248 2882 3248 2883 3230 2883 3231 2883 3248 2884 3231 2884 3249 2884 3249 2885 3231 2885 3232 2885 3249 2886 3232 2886 3250 2886 3250 3746 3232 3746 3233 3746 3250 3747 3233 3747 3251 3747 3251 3748 3233 3748 3234 3748 3251 2890 3234 2890 3252 2890 3252 2891 3234 2891 3235 2891 3252 2891 3235 2891 3253 2891 3253 2892 3235 2892 3236 2892 3253 2893 3236 2893 3254 2893 3254 2894 3236 2894 3237 2894 3254 2895 3237 2895 3255 2895 3255 2896 3237 2896 3238 2896 3255 2897 3238 2897 3256 2897 3256 2898 3238 2898 3239 2898 3256 2899 3239 2899 3257 2899 3257 2900 3239 2900 3240 2900 3257 2901 3240 2901 3258 2901 3258 2902 3240 2902 3241 2902 3258 2903 3241 2903 3259 2903 3259 2904 3241 2904 3242 2904 3259 2905 3242 2905 3260 2905 3260 2906 3242 2906 3243 2906 3260 2907 3243 2907 3261 2907 3261 2908 3243 2908 3244 2908 3261 2909 3244 2909 3262 2909 3080 3749 3084 3749 3079 3749 3079 3750 3084 3750 3245 3750 3079 3751 3245 3751 3078 3751 3078 2913 3245 2913 3246 2913 3078 2914 3246 2914 3077 2914 3077 2915 3246 2915 3247 2915 3077 2916 3247 2916 3076 2916 3076 2917 3247 2917 3248 2917 3076 3752 3248 3752 3075 3752 3075 3753 3248 3753 3249 3753 3075 3754 3249 3754 3074 3754 3074 2921 3249 2921 3250 2921 3074 2922 3250 2922 3073 2922 3073 2923 3250 2923 3251 2923 3073 2924 3251 2924 3072 2924 3072 2925 3251 2925 3252 2925 3072 2926 3252 2926 3071 2926 3071 2927 3252 2927 3253 2927 3071 2927 3253 2927 3070 2927 3070 2928 3253 2928 3254 2928 3070 2929 3254 2929 3069 2929 3069 2930 3254 2930 3255 2930 3069 2931 3255 2931 3068 2931 3068 2932 3255 2932 3256 2932 3068 2933 3256 2933 3067 2933 3067 2934 3256 2934 3257 2934 3067 2935 3257 2935 3066 2935 3066 2936 3257 2936 3258 2936 3066 2937 3258 2937 3065 2937 3065 2938 3258 2938 3259 2938 3065 2939 3259 2939 3064 2939 3064 2940 3259 2940 3260 2940 3064 2941 3260 2941 3063 2941 3063 2942 3260 2942 3261 2942 3063 2943 3261 2943 3062 2943 3062 2944 3261 2944 3262 2944 3062 2945 3262 2945 3061 2945 3082 3755 2852 3755 3263 3755 3263 3755 2852 3755 2905 3755 3263 3756 2905 3756 3264 3756 3264 3756 2905 3756 2903 3756 3264 2948 2903 2948 3265 2948 3265 2948 2903 2948 2901 2948 3265 2949 2901 2949 3266 2949 3266 2949 2901 2949 2899 2949 3266 3757 2899 3757 3267 3757 3267 3757 2899 3757 2897 3757 3267 3758 2897 3758 3268 3758 3268 3758 2897 3758 2895 3758 3268 2952 2895 2952 3269 2952 3269 2952 2895 2952 2893 2952 3269 2953 2893 2953 3270 2953 3270 2953 2893 2953 2891 2953 3270 2954 2891 2954 3271 2954 3271 2954 2891 2954 2889 2954 3271 958 2889 958 3272 958 3272 958 2889 958 2887 958 3272 2955 2887 2955 3273 2955 3273 2955 2887 2955 2885 2955 3273 2956 2885 2956 3274 2956 3274 2956 2885 2956 2883 2956 3274 2957 2883 2957 3275 2957 3275 2957 2883 2957 2881 2957 3275 2958 2881 2958 3276 2958 3276 2958 2881 2958 2879 2958 3276 2959 2879 2959 3277 2959 3277 2959 2879 2959 2877 2959 3277 2960 2877 2960 3278 2960 3278 2960 2877 2960 2875 2960 3278 2961 2875 2961 3279 2961 3279 2961 2875 2961 2873 2961 3279 2962 2873 2962 3280 2962 3280 2962 2873 2962 2872 2962 3280 2963 2872 2963 3081 2963 3081 2963 2872 2963 2841 2963 575 3759 573 3759 3099 3759 575 3759 3099 3759 3281 3759 3281 3760 3099 3760 3097 3760 3281 3760 3097 3760 3282 3760 3282 1803 3097 1803 3095 1803 3282 1803 3095 1803 3283 1803 3283 2964 3095 2964 3093 2964 3283 2964 3093 2964 3284 2964 3284 1805 3093 1805 3091 1805 3284 1805 3091 1805 3285 1805 3285 1806 3091 1806 3089 1806 3285 1806 3089 1806 3286 1806 3286 1807 3089 1807 3087 1807 3286 1807 3087 1807 3287 1807 3287 1808 3087 1808 3085 1808 3287 1808 3085 1808 3288 1808 3288 1809 3085 1809 3083 1809 3288 1809 3083 1809 3289 1809 3289 2967 3083 2967 3080 2967 3289 2967 3080 2967 3082 2967 549 3761 661 3761 3290 3761 549 3761 3290 3761 3118 3761 3118 2968 3290 2968 3291 2968 3118 2968 3291 2968 3136 2968 3136 950 3291 950 3292 950 3136 950 3292 950 3154 950 3154 951 3292 951 3293 951 3154 951 3293 951 3172 951 3172 2969 3293 2969 3294 2969 3172 2969 3294 2969 3190 2969 3190 953 3294 953 3295 953 3190 953 3295 953 3208 953 3208 954 3295 954 3296 954 3208 954 3296 954 3226 954 3226 955 3296 955 3297 955 3226 955 3297 955 3244 955 3244 2970 3297 2970 3298 2970 3244 2970 3298 2970 3262 2970 3262 957 3298 957 3081 957 3262 957 3081 957 3061 957 3081 2971 3298 2971 3299 2971 3298 2972 3297 2972 3300 2972 3297 2973 3296 2973 3301 2973 3296 2974 3295 2974 3302 2974 3295 2975 3294 2975 3303 2975 3294 2976 3293 2976 3304 2976 3293 2977 3292 2977 3305 2977 3292 2978 3291 2978 3306 2978 3291 2979 3290 2979 3307 2979 3290 3762 661 3762 556 3762 3290 2981 556 2981 3307 2981 3307 2982 556 2982 555 2982 3307 2983 555 2983 3308 2983 3308 2984 555 2984 554 2984 3308 2985 554 2985 3309 2985 3309 3763 554 3763 307 3763 3309 3764 307 3764 3310 3764 3310 3765 307 3765 306 3765 3310 2989 306 2989 3311 2989 3311 2990 306 2990 558 2990 3311 2991 558 2991 3312 2991 3312 2992 558 2992 566 2992 3312 2993 566 2993 3313 2993 3313 2994 566 2994 565 2994 3313 2995 565 2995 3314 2995 3314 2996 565 2996 564 2996 3314 2997 564 2997 3315 2997 3315 2998 564 2998 563 2998 3315 2998 563 2998 3316 2998 3316 3766 563 3766 562 3766 3316 3767 562 3767 3317 3767 3317 3768 562 3768 560 3768 3317 3002 560 3002 3318 3002 3318 3003 560 3003 559 3003 3318 3004 559 3004 3319 3004 3319 3005 559 3005 571 3005 3319 3006 571 3006 3320 3006 3320 3007 571 3007 570 3007 3320 3008 570 3008 3321 3008 3321 3009 570 3009 568 3009 3321 3010 568 3010 3322 3010 3322 3011 568 3011 567 3011 3322 3012 567 3012 3323 3012 3323 3013 567 3013 576 3013 3323 3014 576 3014 3324 3014 3324 3015 576 3015 575 3015 3324 3769 575 3769 3281 3769 3291 3017 3307 3017 3306 3017 3306 3018 3307 3018 3308 3018 3306 3019 3308 3019 3325 3019 3325 3020 3308 3020 3309 3020 3325 3021 3309 3021 3326 3021 3326 3022 3309 3022 3310 3022 3326 3770 3310 3770 3327 3770 3327 3771 3310 3771 3311 3771 3327 3772 3311 3772 3328 3772 3328 3026 3311 3026 3312 3026 3328 3027 3312 3027 3329 3027 3329 3028 3312 3028 3313 3028 3329 3029 3313 3029 3330 3029 3330 3030 3313 3030 3314 3030 3330 3773 3314 3773 3331 3773 3331 3774 3314 3774 3315 3774 3331 3775 3315 3775 3332 3775 3332 3034 3315 3034 3316 3034 3332 3034 3316 3034 3333 3034 3333 3035 3316 3035 3317 3035 3333 3036 3317 3036 3334 3036 3334 3037 3317 3037 3318 3037 3334 3038 3318 3038 3335 3038 3335 3039 3318 3039 3319 3039 3335 3040 3319 3040 3336 3040 3336 3041 3319 3041 3320 3041 3336 3042 3320 3042 3337 3042 3337 3043 3320 3043 3321 3043 3337 3044 3321 3044 3338 3044 3338 3045 3321 3045 3322 3045 3338 3046 3322 3046 3339 3046 3339 3047 3322 3047 3323 3047 3339 3048 3323 3048 3340 3048 3340 3049 3323 3049 3324 3049 3340 3050 3324 3050 3341 3050 3341 3776 3324 3776 3281 3776 3341 3777 3281 3777 3282 3777 3292 3053 3306 3053 3305 3053 3305 3054 3306 3054 3325 3054 3305 3055 3325 3055 3342 3055 3342 3056 3325 3056 3326 3056 3342 3057 3326 3057 3343 3057 3343 3778 3326 3778 3327 3778 3343 3779 3327 3779 3344 3779 3344 3780 3327 3780 3328 3780 3344 3781 3328 3781 3345 3781 3345 3782 3328 3782 3329 3782 3345 3783 3329 3783 3346 3783 3346 3064 3329 3064 3330 3064 3346 3065 3330 3065 3347 3065 3347 3784 3330 3784 3331 3784 3347 3785 3331 3785 3348 3785 3348 3786 3331 3786 3332 3786 3348 3069 3332 3069 3349 3069 3349 3070 3332 3070 3333 3070 3349 3070 3333 3070 3350 3070 3350 3071 3333 3071 3334 3071 3350 3072 3334 3072 3351 3072 3351 3073 3334 3073 3335 3073 3351 3074 3335 3074 3352 3074 3352 3075 3335 3075 3336 3075 3352 3787 3336 3787 3353 3787 3353 3788 3336 3788 3337 3788 3353 3789 3337 3789 3354 3789 3354 3790 3337 3790 3338 3790 3354 3791 3338 3791 3355 3791 3355 3081 3338 3081 3339 3081 3355 3792 3339 3792 3356 3792 3356 3793 3339 3793 3340 3793 3356 3794 3340 3794 3357 3794 3357 3085 3340 3085 3341 3085 3357 3086 3341 3086 3358 3086 3358 3087 3341 3087 3282 3087 3358 3088 3282 3088 3283 3088 3293 3089 3305 3089 3304 3089 3304 3090 3305 3090 3342 3090 3304 3091 3342 3091 3359 3091 3359 3092 3342 3092 3343 3092 3359 3093 3343 3093 3360 3093 3360 3094 3343 3094 3344 3094 3360 3795 3344 3795 3361 3795 3361 3796 3344 3796 3345 3796 3361 3797 3345 3797 3362 3797 3362 3798 3345 3798 3346 3798 3362 3799 3346 3799 3363 3799 3363 3800 3346 3800 3347 3800 3363 3801 3347 3801 3364 3801 3364 3102 3347 3102 3348 3102 3364 3103 3348 3103 3365 3103 3365 3104 3348 3104 3349 3104 3365 3105 3349 3105 3366 3105 3366 3106 3349 3106 3350 3106 3366 3106 3350 3106 3367 3106 3367 3802 3350 3802 3351 3802 3367 3803 3351 3803 3368 3803 3368 3109 3351 3109 3352 3109 3368 3110 3352 3110 3369 3110 3369 3804 3352 3804 3353 3804 3369 3805 3353 3805 3370 3805 3370 3806 3353 3806 3354 3806 3370 3807 3354 3807 3371 3807 3371 3808 3354 3808 3355 3808 3371 3116 3355 3116 3372 3116 3372 3809 3355 3809 3356 3809 3372 3810 3356 3810 3373 3810 3373 3811 3356 3811 3357 3811 3373 3120 3357 3120 3374 3120 3374 3121 3357 3121 3358 3121 3374 3812 3358 3812 3375 3812 3375 3813 3358 3813 3283 3813 3375 3814 3283 3814 3284 3814 3294 3125 3304 3125 3303 3125 3303 3126 3304 3126 3359 3126 3303 3127 3359 3127 3376 3127 3376 3128 3359 3128 3360 3128 3376 3129 3360 3129 3377 3129 3377 3815 3360 3815 3361 3815 3377 3816 3361 3816 3378 3816 3378 3817 3361 3817 3362 3817 3378 3133 3362 3133 3379 3133 3379 3818 3362 3818 3363 3818 3379 3819 3363 3819 3380 3819 3380 3820 3363 3820 3364 3820 3380 3137 3364 3137 3381 3137 3381 3138 3364 3138 3365 3138 3381 3139 3365 3139 3382 3139 3382 3140 3365 3140 3366 3140 3382 3141 3366 3141 3383 3141 3383 3142 3366 3142 3367 3142 3383 3142 3367 3142 3384 3142 3384 3821 3367 3821 3368 3821 3384 3144 3368 3144 3385 3144 3385 3145 3368 3145 3369 3145 3385 3822 3369 3822 3386 3822 3386 3823 3369 3823 3370 3823 3386 3824 3370 3824 3387 3824 3387 3149 3370 3149 3371 3149 3387 3150 3371 3150 3388 3150 3388 3151 3371 3151 3372 3151 3388 3825 3372 3825 3389 3825 3389 3826 3372 3826 3373 3826 3389 3827 3373 3827 3390 3827 3390 3828 3373 3828 3374 3828 3390 3829 3374 3829 3391 3829 3391 3830 3374 3830 3375 3830 3391 3831 3375 3831 3392 3831 3392 3832 3375 3832 3284 3832 3392 3833 3284 3833 3285 3833 3295 3161 3303 3161 3302 3161 3302 3162 3303 3162 3376 3162 3302 3834 3376 3834 3393 3834 3393 3835 3376 3835 3377 3835 3393 3836 3377 3836 3394 3836 3394 3837 3377 3837 3378 3837 3394 3838 3378 3838 3395 3838 3395 3168 3378 3168 3379 3168 3395 3169 3379 3169 3396 3169 3396 3170 3379 3170 3380 3170 3396 3171 3380 3171 3397 3171 3397 3172 3380 3172 3381 3172 3397 3173 3381 3173 3398 3173 3398 3174 3381 3174 3382 3174 3398 3175 3382 3175 3399 3175 3399 3176 3382 3176 3383 3176 3399 3177 3383 3177 3400 3177 3400 3178 3383 3178 3384 3178 3400 3178 3384 3178 3401 3178 3401 3839 3384 3839 3385 3839 3401 3840 3385 3840 3402 3840 3402 3841 3385 3841 3386 3841 3402 3842 3386 3842 3403 3842 3403 3843 3386 3843 3387 3843 3403 3184 3387 3184 3404 3184 3404 3185 3387 3185 3388 3185 3404 3186 3388 3186 3405 3186 3405 3844 3388 3844 3389 3844 3405 3845 3389 3845 3406 3845 3406 3189 3389 3189 3390 3189 3406 3846 3390 3846 3407 3846 3407 3847 3390 3847 3391 3847 3407 3192 3391 3192 3408 3192 3408 3193 3391 3193 3392 3193 3408 3194 3392 3194 3409 3194 3409 3848 3392 3848 3285 3848 3409 3849 3285 3849 3286 3849 3296 3197 3302 3197 3301 3197 3301 3850 3302 3850 3393 3850 3301 3851 3393 3851 3410 3851 3410 3852 3393 3852 3394 3852 3410 3853 3394 3853 3411 3853 3411 3854 3394 3854 3395 3854 3411 3855 3395 3855 3412 3855 3412 3204 3395 3204 3396 3204 3412 3205 3396 3205 3413 3205 3413 3206 3396 3206 3397 3206 3413 3207 3397 3207 3414 3207 3414 3208 3397 3208 3398 3208 3414 3209 3398 3209 3415 3209 3415 3210 3398 3210 3399 3210 3415 3211 3399 3211 3416 3211 3416 3212 3399 3212 3400 3212 3416 3213 3400 3213 3417 3213 3417 3214 3400 3214 3401 3214 3417 3214 3401 3214 3418 3214 3418 3856 3401 3856 3402 3856 3418 3857 3402 3857 3419 3857 3419 3858 3402 3858 3403 3858 3419 3218 3403 3218 3420 3218 3420 3219 3403 3219 3404 3219 3420 3220 3404 3220 3421 3220 3421 3221 3404 3221 3405 3221 3421 3859 3405 3859 3422 3859 3422 3860 3405 3860 3406 3860 3422 3224 3406 3224 3423 3224 3423 3861 3406 3861 3407 3861 3423 3862 3407 3862 3424 3862 3424 3227 3407 3227 3408 3227 3424 3863 3408 3863 3425 3863 3425 3864 3408 3864 3409 3864 3425 3865 3409 3865 3426 3865 3426 3231 3409 3231 3286 3231 3426 3232 3286 3232 3287 3232 3297 3233 3301 3233 3300 3233 3300 3234 3301 3234 3410 3234 3300 3235 3410 3235 3427 3235 3427 3866 3410 3866 3411 3866 3427 3867 3411 3867 3428 3867 3428 3868 3411 3868 3412 3868 3428 3239 3412 3239 3429 3239 3429 3240 3412 3240 3413 3240 3429 3241 3413 3241 3430 3241 3430 3242 3413 3242 3414 3242 3430 3243 3414 3243 3431 3243 3431 3244 3414 3244 3415 3244 3431 3245 3415 3245 3432 3245 3432 3246 3415 3246 3416 3246 3432 3247 3416 3247 3433 3247 3433 3248 3416 3248 3417 3248 3433 3249 3417 3249 3434 3249 3434 3250 3417 3250 3418 3250 3434 3250 3418 3250 3435 3250 3435 3251 3418 3251 3419 3251 3435 3869 3419 3869 3436 3869 3436 3870 3419 3870 3420 3870 3436 3871 3420 3871 3437 3871 3437 3255 3420 3255 3421 3255 3437 3256 3421 3256 3438 3256 3438 3872 3421 3872 3422 3872 3438 3873 3422 3873 3439 3873 3439 3874 3422 3874 3423 3874 3439 3875 3423 3875 3440 3875 3440 3876 3423 3876 3424 3876 3440 3877 3424 3877 3441 3877 3441 3878 3424 3878 3425 3878 3441 3879 3425 3879 3442 3879 3442 3880 3425 3880 3426 3880 3442 3266 3426 3266 3443 3266 3443 3267 3426 3267 3287 3267 3443 3268 3287 3268 3288 3268 3298 3269 3300 3269 3299 3269 3299 3270 3300 3270 3427 3270 3299 3271 3427 3271 3444 3271 3444 3272 3427 3272 3428 3272 3444 3273 3428 3273 3445 3273 3445 3274 3428 3274 3429 3274 3445 3275 3429 3275 3446 3275 3446 3276 3429 3276 3430 3276 3446 3277 3430 3277 3447 3277 3447 3278 3430 3278 3431 3278 3447 3279 3431 3279 3448 3279 3448 3280 3431 3280 3432 3280 3448 3281 3432 3281 3449 3281 3449 3282 3432 3282 3433 3282 3449 3283 3433 3283 3450 3283 3450 3284 3433 3284 3434 3284 3450 3285 3434 3285 3451 3285 3451 3286 3434 3286 3435 3286 3451 3286 3435 3286 3452 3286 3452 3881 3435 3881 3436 3881 3452 3882 3436 3882 3453 3882 3453 3883 3436 3883 3437 3883 3453 3290 3437 3290 3454 3290 3454 3291 3437 3291 3438 3291 3454 3292 3438 3292 3455 3292 3455 3293 3438 3293 3439 3293 3455 3294 3439 3294 3456 3294 3456 3295 3439 3295 3440 3295 3456 3296 3440 3296 3457 3296 3457 3884 3440 3884 3441 3884 3457 3885 3441 3885 3458 3885 3458 3886 3441 3886 3442 3886 3458 3300 3442 3300 3459 3300 3459 3301 3442 3301 3443 3301 3459 3887 3443 3887 3460 3887 3460 3888 3443 3888 3288 3888 3460 3889 3288 3889 3289 3889 3081 3305 3299 3305 3280 3305 3280 3306 3299 3306 3444 3306 3280 3307 3444 3307 3279 3307 3279 3308 3444 3308 3445 3308 3279 3309 3445 3309 3278 3309 3278 3310 3445 3310 3446 3310 3278 3311 3446 3311 3277 3311 3277 3312 3446 3312 3447 3312 3277 3313 3447 3313 3276 3313 3276 3314 3447 3314 3448 3314 3276 3315 3448 3315 3275 3315 3275 3316 3448 3316 3449 3316 3275 3317 3449 3317 3274 3317 3274 3318 3449 3318 3450 3318 3274 3319 3450 3319 3273 3319 3273 3320 3450 3320 3451 3320 3273 3321 3451 3321 3272 3321 3272 3322 3451 3322 3452 3322 3272 3322 3452 3322 3271 3322 3271 3323 3452 3323 3453 3323 3271 3324 3453 3324 3270 3324 3270 3325 3453 3325 3454 3325 3270 3326 3454 3326 3269 3326 3269 3327 3454 3327 3455 3327 3269 3328 3455 3328 3268 3328 3268 3329 3455 3329 3456 3329 3268 3890 3456 3890 3267 3890 3267 3891 3456 3891 3457 3891 3267 3892 3457 3892 3266 3892 3266 3333 3457 3333 3458 3333 3266 3334 3458 3334 3265 3334 3265 3335 3458 3335 3459 3335 3265 3336 3459 3336 3264 3336 3264 3893 3459 3893 3460 3893 3264 3894 3460 3894 3263 3894 3263 3895 3460 3895 3289 3895 3263 3896 3289 3896 3082 3896 3461 3897 3462 3897 3463 3897 3464 3898 3465 3898 3466 3898 3467 3897 3468 3897 3469 3897 3469 3897 3470 3897 3467 3897 3467 3897 3470 3897 3471 3897 3467 3897 3471 3897 3472 3897 3461 3897 3463 3897 3473 3897 3472 3897 3474 3897 3467 3897 3467 3897 3474 3897 3475 3897 3467 3897 3475 3897 3476 3897 3464 3898 3466 3898 3477 3898 3477 3899 3466 3899 3478 3899 3477 3899 3478 3899 3479 3899 3479 3900 3478 3900 3480 3900 3479 3900 3480 3900 3481 3900 3481 3901 3480 3901 3482 3901 3481 3901 3482 3901 3483 3901 3483 3902 3482 3902 3484 3902 3483 3902 3484 3902 3485 3902 3485 3903 3484 3903 3486 3903 3485 3903 3486 3903 3487 3903 3487 3904 3486 3904 3467 3904 3487 3904 3467 3904 3463 3904 3463 3897 3467 3897 3476 3897 3463 3897 3476 3897 3473 3897 3488 3905 3489 3905 3490 3905 3490 3905 3491 3905 3488 3905 3488 3905 3491 3905 3492 3905 3488 3905 3492 3905 3493 3905 3493 3906 3494 3906 3495 3906 3495 3906 3494 3906 3496 3906 3495 3906 3496 3906 3497 3906 3497 3906 3498 3906 3495 3906 3495 3906 3498 3906 3499 3906 3495 3906 3499 3906 3500 3906 3493 3907 3495 3907 3488 3907 3488 3908 3495 3908 3501 3908 3488 3909 3501 3909 3502 3909 3502 3910 3501 3910 3503 3910 3502 3911 3503 3911 3504 3911 3504 3912 3503 3912 3505 3912 3504 3913 3505 3913 3506 3913 3506 3914 3505 3914 3507 3914 3506 3915 3507 3915 3508 3915 3508 3916 3507 3916 3509 3916 3508 3917 3509 3917 3510 3917 3510 3918 3509 3918 3511 3918 3510 3919 3511 3919 3512 3919 3512 3920 3511 3920 3513 3920 3513 3921 3511 3921 3514 3921 3513 3922 3514 3922 3515 3922 3516 3923 3517 3923 3518 3923 3518 3924 3517 3924 3500 3924 3519 3925 3500 3925 3517 3925 3520 3926 3521 3926 3522 3926 3523 3927 3524 3927 3525 3927 3526 3928 3527 3928 3528 3928 3529 3929 3530 3929 3531 3929 3532 3930 3533 3930 3534 3930 3534 3931 3533 3931 3515 3931 3534 3932 3515 3932 3514 3932 3526 3933 3528 3933 3535 3933 3536 3934 3537 3934 3538 3934 3519 3935 3517 3935 3539 3935 3539 3936 3517 3936 3516 3936 3539 3937 3516 3937 3540 3937 3541 3938 3500 3938 3519 3938 3541 3939 3519 3939 3542 3939 3542 3940 3519 3940 3539 3940 3542 3941 3539 3941 3543 3941 3543 3942 3539 3942 3540 3942 3543 3943 3540 3943 3544 3943 3545 3944 3500 3944 3541 3944 3546 3945 3547 3945 3548 3945 3545 3946 3541 3946 3549 3946 3549 3947 3541 3947 3542 3947 3549 3948 3542 3948 3550 3948 3550 3949 3542 3949 3543 3949 3550 3950 3543 3950 3551 3950 3551 3951 3543 3951 3544 3951 3551 3952 3544 3952 3552 3952 3553 3953 3500 3953 3545 3953 3553 3954 3545 3954 3554 3954 3554 3955 3545 3955 3549 3955 3554 3956 3549 3956 3555 3956 3555 3957 3549 3957 3550 3957 3555 3958 3550 3958 3556 3958 3556 3959 3550 3959 3551 3959 3556 3960 3551 3960 3557 3960 3557 3961 3551 3961 3552 3961 3557 3962 3552 3962 3558 3962 3495 3963 3500 3963 3553 3963 3495 3964 3553 3964 3501 3964 3501 3965 3553 3965 3554 3965 3501 3966 3554 3966 3503 3966 3503 3967 3554 3967 3555 3967 3503 3968 3555 3968 3505 3968 3505 3969 3555 3969 3556 3969 3505 3970 3556 3970 3507 3970 3507 3971 3556 3971 3557 3971 3507 3972 3557 3972 3509 3972 3509 3973 3557 3973 3558 3973 3509 3974 3558 3974 3511 3974 3559 3975 3560 3975 3561 3975 3530 3976 3532 3976 3531 3976 3531 3977 3532 3977 3534 3977 3531 3978 3534 3978 3561 3978 3561 3979 3560 3979 3531 3979 3531 3980 3560 3980 3562 3980 3531 3981 3562 3981 3529 3981 3529 3982 3562 3982 3563 3982 3529 3983 3563 3983 3564 3983 3527 3984 3564 3984 3528 3984 3528 3985 3564 3985 3563 3985 3528 3986 3563 3986 3565 3986 3565 3987 3563 3987 3562 3987 3565 3988 3562 3988 3566 3988 3566 3989 3562 3989 3560 3989 3566 3990 3560 3990 3567 3990 3567 3991 3560 3991 3559 3991 3567 3992 3559 3992 3568 3992 3537 3993 3535 3993 3538 3993 3538 3994 3535 3994 3528 3994 3538 3995 3528 3995 3569 3995 3569 3996 3528 3996 3565 3996 3569 3997 3565 3997 3570 3997 3570 3998 3565 3998 3566 3998 3570 3999 3566 3999 3571 3999 3571 4000 3566 4000 3567 4000 3571 4001 3567 4001 3572 4001 3572 4002 3567 4002 3568 4002 3572 4003 3568 4003 3548 4003 3548 4004 3547 4004 3572 4004 3572 4005 3547 4005 3573 4005 3572 4006 3573 4006 3571 4006 3571 4007 3573 4007 3574 4007 3571 4008 3574 4008 3570 4008 3570 4009 3574 4009 3575 4009 3570 4010 3575 4010 3569 4010 3569 4011 3575 4011 3576 4011 3569 4012 3576 4012 3538 4012 3538 4013 3576 4013 3577 4013 3538 4014 3577 4014 3536 4014 3524 4015 3536 4015 3525 4015 3525 4016 3536 4016 3577 4016 3525 4017 3577 4017 3578 4017 3578 4018 3577 4018 3576 4018 3578 4019 3576 4019 3579 4019 3579 4020 3576 4020 3575 4020 3579 4021 3575 4021 3580 4021 3580 4022 3575 4022 3574 4022 3580 4023 3574 4023 3581 4023 3581 4024 3574 4024 3573 4024 3581 4025 3573 4025 3582 4025 3582 4026 3573 4026 3547 4026 3582 4027 3547 4027 3583 4027 3583 4028 3547 4028 3546 4028 3583 4029 3546 4029 3584 4029 3584 4030 3585 4030 3583 4030 3583 4031 3585 4031 3586 4031 3583 4032 3586 4032 3582 4032 3582 4033 3586 4033 3587 4033 3582 4034 3587 4034 3581 4034 3581 4035 3587 4035 3588 4035 3581 4036 3588 4036 3580 4036 3580 4037 3588 4037 3589 4037 3580 4038 3589 4038 3579 4038 3579 4039 3589 4039 3590 4039 3579 4040 3590 4040 3578 4040 3578 4041 3590 4041 3591 4041 3578 4042 3591 4042 3525 4042 3525 4043 3591 4043 3592 4043 3525 4044 3592 4044 3523 4044 3523 4045 3592 4045 3593 4045 3523 4046 3593 4046 3594 4046 3521 4047 3594 4047 3522 4047 3522 4048 3594 4048 3593 4048 3522 4049 3593 4049 3595 4049 3595 4050 3593 4050 3592 4050 3595 4051 3592 4051 3596 4051 3596 4052 3592 4052 3591 4052 3596 4053 3591 4053 3597 4053 3597 4054 3591 4054 3590 4054 3597 4055 3590 4055 3598 4055 3598 4056 3590 4056 3589 4056 3598 4057 3589 4057 3599 4057 3599 4058 3589 4058 3588 4058 3599 4059 3588 4059 3600 4059 3600 4060 3588 4060 3587 4060 3600 4061 3587 4061 3601 4061 3601 4062 3587 4062 3586 4062 3601 4063 3586 4063 3602 4063 3602 4064 3586 4064 3585 4064 3602 4065 3585 4065 3500 4065 3584 4066 3500 4066 3585 4066 3514 4067 3511 4067 3534 4067 3534 4068 3511 4068 3558 4068 3534 4069 3558 4069 3561 4069 3561 4070 3558 4070 3552 4070 3561 4071 3552 4071 3559 4071 3559 4072 3552 4072 3544 4072 3559 4073 3544 4073 3568 4073 3568 4074 3544 4074 3540 4074 3568 4075 3540 4075 3548 4075 3548 4076 3540 4076 3516 4076 3548 4077 3516 4077 3546 4077 3546 4078 3516 4078 3518 4078 3546 4079 3518 4079 3584 4079 3584 4080 3518 4080 3500 4080 3603 4081 3520 4081 3604 4081 3604 4082 3520 4082 3522 4082 3604 4083 3522 4083 3605 4083 3605 4084 3522 4084 3595 4084 3605 4085 3595 4085 3606 4085 3606 4086 3595 4086 3596 4086 3606 4087 3596 4087 3607 4087 3607 4088 3596 4088 3597 4088 3607 4089 3597 4089 3608 4089 3608 4090 3597 4090 3598 4090 3608 4091 3598 4091 3609 4091 3609 4092 3598 4092 3599 4092 3609 4093 3599 4093 3610 4093 3610 4094 3599 4094 3600 4094 3610 4095 3600 4095 3611 4095 3611 4096 3600 4096 3601 4096 3611 4097 3601 4097 3612 4097 3612 4098 3601 4098 3602 4098 3612 4099 3602 4099 3500 4099 3613 4100 3614 4100 3615 4100 3615 4101 3614 4101 3616 4101 3617 4102 3616 4102 3614 4102 3617 4103 3614 4103 3618 4103 3618 4104 3614 4104 3613 4104 3618 4105 3613 4105 3619 4105 3620 4106 3616 4106 3617 4106 3620 4107 3617 4107 3621 4107 3621 4108 3617 4108 3618 4108 3621 4109 3618 4109 3622 4109 3622 4110 3618 4110 3619 4110 3622 4111 3619 4111 3623 4111 3624 4112 3616 4112 3620 4112 3624 4113 3620 4113 3625 4113 3625 4114 3620 4114 3621 4114 3625 4115 3621 4115 3626 4115 3626 4116 3621 4116 3622 4116 3626 4117 3622 4117 3627 4117 3627 4118 3622 4118 3623 4118 3627 4119 3623 4119 3628 4119 3629 4120 3616 4120 3624 4120 3629 4121 3624 4121 3630 4121 3630 4122 3624 4122 3625 4122 3630 4123 3625 4123 3631 4123 3631 4124 3625 4124 3626 4124 3631 4125 3626 4125 3632 4125 3632 4126 3626 4126 3627 4126 3632 4127 3627 4127 3633 4127 3633 4128 3627 4128 3628 4128 3633 4129 3628 4129 3634 4129 3466 4130 3465 4130 3635 4130 3635 4131 3465 4131 3636 4131 3635 4132 3636 4132 3637 4132 3637 4133 3636 4133 3638 4133 3637 4134 3638 4134 3639 4134 3639 4135 3638 4135 3640 4135 3639 4136 3640 4136 3641 4136 3478 4137 3466 4137 3642 4137 3642 4138 3466 4138 3635 4138 3642 4139 3635 4139 3643 4139 3643 4140 3635 4140 3637 4140 3643 4141 3637 4141 3644 4141 3644 4142 3637 4142 3639 4142 3644 4143 3639 4143 3645 4143 3645 4144 3639 4144 3641 4144 3645 4145 3641 4145 3646 4145 3480 4146 3478 4146 3647 4146 3647 4147 3478 4147 3642 4147 3647 4148 3642 4148 3648 4148 3648 4149 3642 4149 3643 4149 3648 4150 3643 4150 3649 4150 3649 4151 3643 4151 3644 4151 3649 4152 3644 4152 3650 4152 3650 4153 3644 4153 3645 4153 3650 4154 3645 4154 3651 4154 3651 4155 3645 4155 3646 4155 3651 4156 3646 4156 3652 4156 3482 4157 3480 4157 3653 4157 3653 4158 3480 4158 3647 4158 3653 4159 3647 4159 3654 4159 3654 4160 3647 4160 3648 4160 3654 4161 3648 4161 3655 4161 3655 4162 3648 4162 3649 4162 3655 4163 3649 4163 3656 4163 3656 4164 3649 4164 3650 4164 3656 4165 3650 4165 3657 4165 3657 4166 3650 4166 3651 4166 3657 4167 3651 4167 3658 4167 3658 4168 3651 4168 3652 4168 3658 4169 3652 4169 3659 4169 3484 4170 3482 4170 3660 4170 3660 4171 3482 4171 3653 4171 3660 4172 3653 4172 3661 4172 3661 4173 3653 4173 3654 4173 3661 4174 3654 4174 3662 4174 3662 4175 3654 4175 3655 4175 3662 4176 3655 4176 3663 4176 3663 4177 3655 4177 3656 4177 3663 4178 3656 4178 3664 4178 3664 4179 3656 4179 3657 4179 3664 4180 3657 4180 3665 4180 3665 4181 3657 4181 3658 4181 3665 4182 3658 4182 3666 4182 3666 4183 3658 4183 3659 4183 3666 4184 3659 4184 3667 4184 3486 4185 3484 4185 3668 4185 3668 4186 3484 4186 3660 4186 3668 4187 3660 4187 3669 4187 3669 4188 3660 4188 3661 4188 3669 4189 3661 4189 3670 4189 3670 4190 3661 4190 3662 4190 3670 4191 3662 4191 3671 4191 3671 4192 3662 4192 3663 4192 3671 4193 3663 4193 3672 4193 3672 4194 3663 4194 3664 4194 3672 4195 3664 4195 3673 4195 3673 4196 3664 4196 3665 4196 3673 4197 3665 4197 3674 4197 3674 4198 3665 4198 3666 4198 3674 4199 3666 4199 3675 4199 3675 4200 3666 4200 3667 4200 3675 4201 3667 4201 3676 4201 3676 4202 3677 4202 3675 4202 3675 4203 3677 4203 3678 4203 3675 4204 3678 4204 3674 4204 3674 4205 3678 4205 3679 4205 3674 4206 3679 4206 3673 4206 3673 4207 3679 4207 3680 4207 3673 4208 3680 4208 3672 4208 3672 4209 3680 4209 3681 4209 3672 4210 3681 4210 3671 4210 3671 4211 3681 4211 3682 4211 3671 4212 3682 4212 3670 4212 3670 4213 3682 4213 3683 4213 3670 4214 3683 4214 3669 4214 3669 4215 3683 4215 3684 4215 3669 4216 3684 4216 3668 4216 3668 4217 3684 4217 3685 4217 3668 4218 3685 4218 3486 4218 3486 4219 3685 4219 3467 4219 3468 4220 3467 4220 3686 4220 3686 4221 3467 4221 3685 4221 3686 4222 3685 4222 3687 4222 3687 4223 3685 4223 3684 4223 3687 4224 3684 4224 3688 4224 3688 4225 3684 4225 3683 4225 3688 4226 3683 4226 3689 4226 3689 4227 3683 4227 3682 4227 3689 4228 3682 4228 3690 4228 3690 4229 3682 4229 3681 4229 3690 4230 3681 4230 3691 4230 3691 4231 3681 4231 3680 4231 3691 4232 3680 4232 3692 4232 3692 4233 3680 4233 3679 4233 3692 4234 3679 4234 3693 4234 3693 4235 3679 4235 3678 4235 3693 4236 3678 4236 3694 4236 3694 4237 3678 4237 3677 4237 3694 4238 3677 4238 3616 4238 3676 4239 3616 4239 3677 4239 3640 4240 3634 4240 3641 4240 3641 4241 3634 4241 3628 4241 3641 4242 3628 4242 3646 4242 3646 4243 3628 4243 3623 4243 3646 4244 3623 4244 3652 4244 3652 4245 3623 4245 3619 4245 3652 4246 3619 4246 3659 4246 3659 4247 3619 4247 3613 4247 3659 4248 3613 4248 3667 4248 3667 4249 3613 4249 3615 4249 3667 4250 3615 4250 3676 4250 3676 4251 3615 4251 3616 4251 3695 4252 3696 4252 3697 4252 3697 4253 3696 4253 3698 4253 3699 4254 3698 4254 3696 4254 3699 4255 3696 4255 3700 4255 3700 4256 3696 4256 3695 4256 3700 4257 3695 4257 3701 4257 3702 4258 3698 4258 3699 4258 3702 4259 3699 4259 3703 4259 3703 4260 3699 4260 3700 4260 3703 4261 3700 4261 3704 4261 3704 4262 3700 4262 3701 4262 3704 4263 3701 4263 3705 4263 3706 4264 3698 4264 3702 4264 3706 4265 3702 4265 3707 4265 3707 4266 3702 4266 3703 4266 3707 4267 3703 4267 3708 4267 3708 4268 3703 4268 3704 4268 3708 4269 3704 4269 3709 4269 3709 4270 3704 4270 3705 4270 3709 4271 3705 4271 3710 4271 3711 4272 3698 4272 3706 4272 3711 4273 3706 4273 3712 4273 3712 4274 3706 4274 3707 4274 3712 4275 3707 4275 3713 4275 3713 4276 3707 4276 3708 4276 3713 4277 3708 4277 3714 4277 3714 4278 3708 4278 3709 4278 3714 4279 3709 4279 3715 4279 3715 4280 3709 4280 3710 4280 3715 4281 3710 4281 3716 4281 3463 4282 3462 4282 3717 4282 3717 4283 3462 4283 3718 4283 3717 4284 3718 4284 3719 4284 3719 4285 3718 4285 3720 4285 3719 4286 3720 4286 3721 4286 3721 4287 3720 4287 3722 4287 3721 4288 3722 4288 3723 4288 3487 4289 3463 4289 3724 4289 3724 4290 3463 4290 3717 4290 3724 4291 3717 4291 3725 4291 3725 4292 3717 4292 3719 4292 3725 4293 3719 4293 3726 4293 3726 4294 3719 4294 3721 4294 3726 4295 3721 4295 3727 4295 3727 4296 3721 4296 3723 4296 3727 4297 3723 4297 3728 4297 3485 4298 3487 4298 3729 4298 3729 4299 3487 4299 3724 4299 3729 4300 3724 4300 3730 4300 3730 4301 3724 4301 3725 4301 3730 4302 3725 4302 3731 4302 3731 4303 3725 4303 3726 4303 3731 4304 3726 4304 3732 4304 3732 4305 3726 4305 3727 4305 3732 4306 3727 4306 3733 4306 3733 4307 3727 4307 3728 4307 3733 4308 3728 4308 3734 4308 3483 4309 3485 4309 3735 4309 3735 4310 3485 4310 3729 4310 3735 4311 3729 4311 3736 4311 3736 4312 3729 4312 3730 4312 3736 4313 3730 4313 3737 4313 3737 4314 3730 4314 3731 4314 3737 4315 3731 4315 3738 4315 3738 4316 3731 4316 3732 4316 3738 4317 3732 4317 3739 4317 3739 4318 3732 4318 3733 4318 3739 4319 3733 4319 3740 4319 3740 4320 3733 4320 3734 4320 3740 4321 3734 4321 3741 4321 3481 4322 3483 4322 3742 4322 3742 4323 3483 4323 3735 4323 3742 4324 3735 4324 3743 4324 3743 4325 3735 4325 3736 4325 3743 4326 3736 4326 3744 4326 3744 4327 3736 4327 3737 4327 3744 4328 3737 4328 3745 4328 3745 4329 3737 4329 3738 4329 3745 4330 3738 4330 3746 4330 3746 4331 3738 4331 3739 4331 3746 4332 3739 4332 3747 4332 3747 4333 3739 4333 3740 4333 3747 4334 3740 4334 3748 4334 3748 4335 3740 4335 3741 4335 3748 4336 3741 4336 3749 4336 3479 4337 3481 4337 3750 4337 3750 4338 3481 4338 3742 4338 3750 4339 3742 4339 3751 4339 3751 4340 3742 4340 3743 4340 3751 4341 3743 4341 3752 4341 3752 4342 3743 4342 3744 4342 3752 4343 3744 4343 3753 4343 3753 4344 3744 4344 3745 4344 3753 4345 3745 4345 3754 4345 3754 4346 3745 4346 3746 4346 3754 4347 3746 4347 3755 4347 3755 4348 3746 4348 3747 4348 3755 4349 3747 4349 3756 4349 3756 4350 3747 4350 3748 4350 3756 4351 3748 4351 3757 4351 3757 4352 3748 4352 3749 4352 3757 4353 3749 4353 3758 4353 3758 4354 3759 4354 3757 4354 3757 4355 3759 4355 3760 4355 3757 4356 3760 4356 3756 4356 3756 4357 3760 4357 3761 4357 3756 4358 3761 4358 3755 4358 3755 4359 3761 4359 3762 4359 3755 4360 3762 4360 3754 4360 3754 4361 3762 4361 3763 4361 3754 4362 3763 4362 3753 4362 3753 4363 3763 4363 3764 4363 3753 4364 3764 4364 3752 4364 3752 4365 3764 4365 3765 4365 3752 4366 3765 4366 3751 4366 3751 4367 3765 4367 3766 4367 3751 4368 3766 4368 3750 4368 3750 4369 3766 4369 3767 4369 3750 4370 3767 4370 3479 4370 3479 4371 3767 4371 3477 4371 3464 4372 3477 4372 3768 4372 3768 4373 3477 4373 3767 4373 3768 4374 3767 4374 3769 4374 3769 4375 3767 4375 3766 4375 3769 4376 3766 4376 3770 4376 3770 4377 3766 4377 3765 4377 3770 4378 3765 4378 3771 4378 3771 4379 3765 4379 3764 4379 3771 4380 3764 4380 3772 4380 3772 4381 3764 4381 3763 4381 3772 4382 3763 4382 3773 4382 3773 4383 3763 4383 3762 4383 3773 4384 3762 4384 3774 4384 3774 4385 3762 4385 3761 4385 3774 4386 3761 4386 3775 4386 3775 4387 3761 4387 3760 4387 3775 4388 3760 4388 3776 4388 3776 4389 3760 4389 3759 4389 3776 4390 3759 4390 3698 4390 3758 4391 3698 4391 3759 4391 3722 4392 3716 4392 3723 4392 3723 4393 3716 4393 3710 4393 3723 4394 3710 4394 3728 4394 3728 4395 3710 4395 3705 4395 3728 4396 3705 4396 3734 4396 3734 4397 3705 4397 3701 4397 3734 4398 3701 4398 3741 4398 3741 4399 3701 4399 3695 4399 3741 4400 3695 4400 3749 4400 3749 4401 3695 4401 3697 4401 3749 4402 3697 4402 3758 4402 3758 4403 3697 4403 3698 4403 3465 4404 3464 4404 3777 4404 596 4405 836 4405 3778 4405 3778 4405 836 4405 837 4405 3778 4405 837 4405 838 4405 839 4405 840 4405 3779 4405 3779 4405 840 4405 841 4405 3779 4405 841 4405 842 4405 842 4405 843 4405 3779 4405 3779 4405 843 4405 844 4405 3779 4405 844 4405 625 4405 838 4405 839 4405 3778 4405 3778 4405 839 4405 3779 4405 3778 4406 3779 4406 3777 4406 3777 4406 3779 4406 3780 4406 3777 4404 3780 4404 3465 4404 3781 4407 3782 4407 3783 4407 3783 4408 3782 4408 3784 4408 3785 4409 3784 4409 3782 4409 3785 4410 3782 4410 3786 4410 3786 4411 3782 4411 3781 4411 3786 4412 3781 4412 3787 4412 3788 4413 3784 4413 3785 4413 3788 4414 3785 4414 3789 4414 3789 4415 3785 4415 3786 4415 3789 4416 3786 4416 3790 4416 3790 4417 3786 4417 3787 4417 3790 4418 3787 4418 3791 4418 3792 4419 3784 4419 3788 4419 3792 4420 3788 4420 3793 4420 3793 4421 3788 4421 3789 4421 3793 4422 3789 4422 3794 4422 3794 4423 3789 4423 3790 4423 3794 4424 3790 4424 3795 4424 3795 4425 3790 4425 3791 4425 3795 4426 3791 4426 3796 4426 3797 4427 3784 4427 3792 4427 3797 4428 3792 4428 3798 4428 3798 4429 3792 4429 3793 4429 3798 4430 3793 4430 3799 4430 3799 4431 3793 4431 3794 4431 3799 4432 3794 4432 3800 4432 3800 4433 3794 4433 3795 4433 3800 4434 3795 4434 3801 4434 3801 4435 3795 4435 3796 4435 3801 4436 3796 4436 3802 4436 3512 4437 3513 4437 3803 4437 3803 4438 3513 4438 3804 4438 3803 4439 3804 4439 3805 4439 3805 4440 3804 4440 3806 4440 3805 4441 3806 4441 3807 4441 3807 4442 3806 4442 3808 4442 3807 4443 3808 4443 3809 4443 3510 4444 3512 4444 3810 4444 3810 4445 3512 4445 3803 4445 3810 4446 3803 4446 3811 4446 3811 4447 3803 4447 3805 4447 3811 4448 3805 4448 3812 4448 3812 4449 3805 4449 3807 4449 3812 4450 3807 4450 3813 4450 3813 4451 3807 4451 3809 4451 3813 4452 3809 4452 3814 4452 3508 4453 3510 4453 3815 4453 3815 4454 3510 4454 3810 4454 3815 4455 3810 4455 3816 4455 3816 4456 3810 4456 3811 4456 3816 4457 3811 4457 3817 4457 3817 4458 3811 4458 3812 4458 3817 4459 3812 4459 3818 4459 3818 4460 3812 4460 3813 4460 3818 4461 3813 4461 3819 4461 3819 4462 3813 4462 3814 4462 3819 4463 3814 4463 3820 4463 3506 4464 3508 4464 3821 4464 3821 4465 3508 4465 3815 4465 3821 4466 3815 4466 3822 4466 3822 4467 3815 4467 3816 4467 3822 4468 3816 4468 3823 4468 3823 4469 3816 4469 3817 4469 3823 4470 3817 4470 3824 4470 3824 4471 3817 4471 3818 4471 3824 4472 3818 4472 3825 4472 3825 4473 3818 4473 3819 4473 3825 4474 3819 4474 3826 4474 3826 4475 3819 4475 3820 4475 3826 4476 3820 4476 3827 4476 3504 4477 3506 4477 3828 4477 3828 4478 3506 4478 3821 4478 3828 4479 3821 4479 3829 4479 3829 4480 3821 4480 3822 4480 3829 4481 3822 4481 3830 4481 3830 4482 3822 4482 3823 4482 3830 4483 3823 4483 3831 4483 3831 4484 3823 4484 3824 4484 3831 4485 3824 4485 3832 4485 3832 4486 3824 4486 3825 4486 3832 4487 3825 4487 3833 4487 3833 4488 3825 4488 3826 4488 3833 4489 3826 4489 3834 4489 3834 4490 3826 4490 3827 4490 3834 4491 3827 4491 3835 4491 3502 4492 3504 4492 3836 4492 3836 4493 3504 4493 3828 4493 3836 4494 3828 4494 3837 4494 3837 4495 3828 4495 3829 4495 3837 4496 3829 4496 3838 4496 3838 4497 3829 4497 3830 4497 3838 4498 3830 4498 3839 4498 3839 4499 3830 4499 3831 4499 3839 4500 3831 4500 3840 4500 3840 4501 3831 4501 3832 4501 3840 4502 3832 4502 3841 4502 3841 4503 3832 4503 3833 4503 3841 4504 3833 4504 3842 4504 3842 4505 3833 4505 3834 4505 3842 4506 3834 4506 3843 4506 3843 4507 3834 4507 3835 4507 3843 4508 3835 4508 3844 4508 3844 4509 3845 4509 3843 4509 3843 4510 3845 4510 3846 4510 3843 4511 3846 4511 3842 4511 3842 4512 3846 4512 3847 4512 3842 4513 3847 4513 3841 4513 3841 4514 3847 4514 3848 4514 3841 4515 3848 4515 3840 4515 3840 4516 3848 4516 3849 4516 3840 4517 3849 4517 3839 4517 3839 4518 3849 4518 3850 4518 3839 4519 3850 4519 3838 4519 3838 4520 3850 4520 3851 4520 3838 4521 3851 4521 3837 4521 3837 4522 3851 4522 3852 4522 3837 4523 3852 4523 3836 4523 3836 4524 3852 4524 3853 4524 3836 4525 3853 4525 3502 4525 3502 4526 3853 4526 3488 4526 3489 4527 3488 4527 3854 4527 3854 4528 3488 4528 3853 4528 3854 4529 3853 4529 3855 4529 3855 4530 3853 4530 3852 4530 3855 4531 3852 4531 3856 4531 3856 4532 3852 4532 3851 4532 3856 4533 3851 4533 3857 4533 3857 4534 3851 4534 3850 4534 3857 4535 3850 4535 3858 4535 3858 4536 3850 4536 3849 4536 3858 4537 3849 4537 3859 4537 3859 4538 3849 4538 3848 4538 3859 4539 3848 4539 3860 4539 3860 4540 3848 4540 3847 4540 3860 4541 3847 4541 3861 4541 3861 4542 3847 4542 3846 4542 3861 4543 3846 4543 3862 4543 3862 4544 3846 4544 3845 4544 3862 4545 3845 4545 3784 4545 3844 4546 3784 4546 3845 4546 3808 4547 3802 4547 3809 4547 3809 4548 3802 4548 3796 4548 3809 4549 3796 4549 3814 4549 3814 4550 3796 4550 3791 4550 3814 4551 3791 4551 3820 4551 3820 4552 3791 4552 3787 4552 3820 4553 3787 4553 3827 4553 3827 4554 3787 4554 3781 4554 3827 4555 3781 4555 3835 4555 3835 4556 3781 4556 3783 4556 3835 4557 3783 4557 3844 4557 3844 4558 3783 4558 3784 4558 579 4559 585 4559 3863 4559 3863 4560 3513 4560 3864 4560 3864 4561 3513 4561 3515 4561 579 4559 3863 4559 822 4559 3864 4562 639 4562 635 4562 635 4562 828 4562 3864 4562 3864 4562 828 4562 827 4562 3864 4562 827 4562 826 4562 826 4562 825 4562 3864 4562 3864 4562 825 4562 824 4562 3864 4563 824 4563 3863 4563 3863 4559 824 4559 823 4559 3863 4559 823 4559 822 4559 578 4564 3865 4564 580 4564 580 4565 3865 4565 3866 4565 580 4566 3866 4566 581 4566 581 4567 3866 4567 582 4567 582 4568 3866 4568 3867 4568 582 4569 3867 4569 583 4569 583 4570 3867 4570 584 4570 584 4571 3867 4571 3868 4571 584 4572 3868 4572 586 4572 586 4573 3868 4573 3869 4573 586 4574 3869 4574 587 4574 587 4575 3869 4575 588 4575 588 4576 3869 4576 3870 4576 588 4577 3870 4577 589 4577 589 4578 3870 4578 3871 4578 589 4579 3871 4579 593 4579 593 4580 3871 4580 3872 4580 593 4581 3872 4581 594 4581 594 4582 3872 4582 3873 4582 594 4583 3873 4583 592 4583 592 4584 3873 4584 591 4584 591 4585 3873 4585 3874 4585 591 4586 3874 4586 590 4586 590 4587 3874 4587 3863 4587 590 4588 3863 4588 585 4588 3513 4589 3863 4589 3804 4589 3804 4590 3863 4590 3874 4590 3804 4591 3874 4591 3806 4591 3806 4592 3874 4592 3873 4592 3806 4593 3873 4593 3808 4593 3808 4594 3873 4594 3872 4594 3808 4595 3872 4595 3802 4595 3802 4596 3872 4596 3871 4596 3802 4597 3871 4597 3801 4597 3801 4598 3871 4598 3870 4598 3801 4599 3870 4599 3800 4599 3800 4600 3870 4600 3869 4600 3800 4601 3869 4601 3799 4601 3799 4602 3869 4602 3868 4602 3799 4603 3868 4603 3798 4603 3798 4604 3868 4604 3867 4604 3798 4605 3867 4605 3797 4605 3797 4606 3867 4606 3866 4606 3797 4607 3866 4607 3784 4607 3784 4608 3866 4608 3865 4608 3718 4609 3462 4609 3875 4609 3875 4609 3876 4609 3718 4609 3718 4609 3876 4609 3877 4609 3718 4609 3877 4609 3878 4609 3878 4609 3879 4609 3854 4609 3854 4609 3879 4609 3880 4609 3880 4609 3881 4609 3854 4609 3854 4609 3881 4609 3882 4609 3854 4609 3882 4609 3489 4609 3878 4609 3854 4609 3718 4609 3718 4610 3854 4610 3855 4610 3718 4610 3855 4610 3720 4610 3720 925 3855 925 3856 925 3720 925 3856 925 3722 925 3722 4611 3856 4611 3857 4611 3722 4611 3857 4611 3716 4611 3716 4612 3857 4612 3858 4612 3716 4612 3858 4612 3715 4612 3715 4613 3858 4613 3859 4613 3715 4613 3859 4613 3714 4613 3714 921 3859 921 3860 921 3714 921 3860 921 3713 921 3713 920 3860 920 3861 920 3713 920 3861 920 3712 920 3712 4614 3861 4614 3862 4614 3712 4614 3862 4614 3711 4614 3711 2184 3862 2184 3784 2184 3711 2184 3784 2184 3698 2184 3777 4615 3464 4615 3768 4615 596 4616 3778 4616 597 4616 597 4617 3778 4617 3883 4617 597 4618 3883 4618 607 4618 607 4619 3883 4619 608 4619 608 4620 3883 4620 3884 4620 608 4621 3884 4621 609 4621 609 4622 3884 4622 613 4622 613 4623 3884 4623 3885 4623 613 4624 3885 4624 614 4624 3886 4625 611 4625 3885 4625 3885 4626 611 4626 610 4626 3885 4627 610 4627 614 4627 3887 4628 615 4628 3886 4628 3886 4629 615 4629 612 4629 3886 4630 612 4630 611 4630 599 4631 598 4631 3887 4631 3887 4632 598 4632 616 4632 3887 4633 616 4633 615 4633 599 4634 3887 4634 600 4634 600 4635 3887 4635 3888 4635 600 4636 3888 4636 601 4636 601 4637 3888 4637 3889 4637 601 4638 3889 4638 602 4638 602 4639 3889 4639 603 4639 603 4640 3889 4640 3890 4640 603 4641 3890 4641 605 4641 605 4642 3890 4642 3891 4642 605 4643 3891 4643 606 4643 606 4644 3891 4644 3892 4644 606 4645 3892 4645 604 4645 3778 4646 3777 4646 3883 4646 3883 4647 3777 4647 3768 4647 3883 4648 3768 4648 3884 4648 3884 4649 3768 4649 3769 4649 3884 4650 3769 4650 3885 4650 3885 4651 3769 4651 3770 4651 3885 4652 3770 4652 3886 4652 3886 4653 3770 4653 3771 4653 3886 4654 3771 4654 3887 4654 3887 4655 3771 4655 3772 4655 3887 4656 3772 4656 3888 4656 3888 4657 3772 4657 3773 4657 3888 4658 3773 4658 3889 4658 3889 4659 3773 4659 3774 4659 3889 4660 3774 4660 3890 4660 3890 4661 3774 4661 3775 4661 3890 4662 3775 4662 3891 4662 3891 4663 3775 4663 3776 4663 3891 4664 3776 4664 3892 4664 3892 4665 3776 4665 3698 4665 845 1400 3784 1400 577 1400 577 1400 3784 1400 3865 1400 577 1400 3865 1400 578 1400 845 1400 846 1400 3784 1400 3784 1400 846 1400 847 1400 3784 1400 847 1400 3698 1400 3698 1400 847 1400 848 1400 848 1400 849 1400 3698 1400 3698 1400 849 1400 850 1400 3698 1400 850 1400 3892 1400 3892 1400 850 1400 595 1400 3892 1400 595 1400 604 1400 3780 4666 3779 4666 3893 4666 618 4667 3894 4667 620 4667 620 4668 3894 4668 3895 4668 620 4669 3895 4669 621 4669 621 4670 3895 4670 622 4670 622 4671 3895 4671 3896 4671 622 4672 3896 4672 623 4672 623 4673 3896 4673 624 4673 624 4674 3896 4674 3897 4674 624 4675 3897 4675 626 4675 626 4676 3897 4676 3898 4676 626 4677 3898 4677 627 4677 627 4678 3898 4678 628 4678 628 4679 3898 4679 3899 4679 628 4680 3899 4680 629 4680 629 4681 3899 4681 3900 4681 629 4682 3900 4682 633 4682 633 4683 3900 4683 3901 4683 633 4684 3901 4684 634 4684 634 4685 3901 4685 3902 4685 634 4686 3902 4686 632 4686 632 4687 3902 4687 631 4687 631 4688 3902 4688 3893 4688 631 4689 3893 4689 630 4689 630 4690 3893 4690 3779 4690 630 4691 3779 4691 625 4691 3465 4692 3780 4692 3636 4692 3636 4693 3780 4693 3893 4693 3636 4694 3893 4694 3638 4694 3638 4695 3893 4695 3902 4695 3638 4696 3902 4696 3640 4696 3640 4697 3902 4697 3901 4697 3640 4698 3901 4698 3634 4698 3634 4699 3901 4699 3900 4699 3634 4700 3900 4700 3633 4700 3633 4701 3900 4701 3899 4701 3633 4702 3899 4702 3632 4702 3632 4703 3899 4703 3898 4703 3632 4704 3898 4704 3631 4704 3631 4705 3898 4705 3897 4705 3631 4706 3897 4706 3630 4706 3630 4707 3897 4707 3896 4707 3630 4708 3896 4708 3629 4708 3629 4709 3896 4709 3895 4709 3629 4710 3895 4710 3616 4710 3616 4711 3895 4711 3894 4711 3500 4712 3903 4712 3612 4712 3612 4712 3903 4712 3904 4712 3904 4712 3905 4712 3612 4712 3612 4712 3905 4712 3906 4712 3612 4712 3906 4712 3907 4712 3907 87 3908 87 3686 87 3908 87 3909 87 3686 87 3686 87 3909 87 3910 87 3686 87 3910 87 3468 87 3907 4713 3686 4713 3612 4713 3612 4714 3686 4714 3687 4714 3612 4715 3687 4715 3611 4715 3611 4716 3687 4716 3688 4716 3611 4717 3688 4717 3610 4717 3610 4718 3688 4718 3689 4718 3610 4719 3689 4719 3609 4719 3609 4720 3689 4720 3690 4720 3609 4721 3690 4721 3608 4721 3608 4722 3690 4722 3691 4722 3608 4723 3691 4723 3607 4723 3607 4724 3691 4724 3692 4724 3607 4725 3692 4725 3606 4725 3606 4726 3692 4726 3693 4726 3606 4727 3693 4727 3605 4727 3605 4728 3693 4728 3694 4728 3605 4729 3694 4729 3604 4729 3604 4730 3694 4730 3616 4730 3604 4731 3616 4731 3603 4731 648 4732 647 4732 3911 4732 638 4733 639 4733 3864 4733 651 4734 3912 4734 652 4734 652 4735 3912 4735 3913 4735 3914 4736 643 4736 3913 4736 3913 4737 643 4737 653 4737 3913 4738 653 4738 652 4738 655 4739 654 4739 3914 4739 3914 4740 654 4740 644 4740 3914 4741 644 4741 643 4741 645 4742 658 4742 3915 4742 3915 4743 658 4743 657 4743 3915 4744 657 4744 3916 4744 3916 4745 657 4745 656 4745 3916 4746 656 4746 655 4746 3911 4747 647 4747 3915 4747 3915 4748 647 4748 646 4748 3915 4749 646 4749 645 4749 649 4750 3917 4750 650 4750 650 4751 3917 4751 3918 4751 650 4752 3918 4752 642 4752 642 4753 3918 4753 3919 4753 642 4754 3919 4754 641 4754 641 4755 3919 4755 3920 4755 641 4756 3920 4756 640 4756 3603 4757 3920 4757 3520 4757 3520 4758 3920 4758 3919 4758 3520 4759 3919 4759 3521 4759 3521 4760 3919 4760 3918 4760 3524 4761 3523 4761 3917 4761 3917 4762 3523 4762 3918 4762 3918 4763 3523 4763 3594 4763 3918 4764 3594 4764 3521 4764 3536 4765 3524 4765 3911 4765 3911 4766 3524 4766 3917 4766 3911 4767 3917 4767 648 4767 648 4768 3917 4768 649 4768 3536 4769 3911 4769 3537 4769 3537 4770 3911 4770 3915 4770 3537 4771 3915 4771 3535 4771 3535 4772 3915 4772 3916 4772 3535 4773 3916 4773 3526 4773 655 4774 3914 4774 3916 4774 3916 4775 3914 4775 3527 4775 3916 4776 3527 4776 3526 4776 3533 4777 3532 4777 3912 4777 3912 4778 3532 4778 3530 4778 3912 4779 3530 4779 3913 4779 3913 4780 3530 4780 3529 4780 3913 4781 3529 4781 3914 4781 3914 4782 3529 4782 3564 4782 3914 4783 3564 4783 3527 4783 3515 4784 3533 4784 3864 4784 3864 4785 3533 4785 3912 4785 3864 4786 3912 4786 638 4786 638 4787 3912 4787 651 4787 640 927 3920 927 637 927 637 927 3920 927 3603 927 637 927 3603 927 561 927 3616 927 660 927 537 927 660 927 3616 927 617 927 617 927 3616 927 3894 927 617 927 3894 927 618 927 537 927 534 927 3616 927 3616 927 534 927 574 927 3616 927 574 927 3603 927 3603 927 574 927 569 927 3603 927 569 927 561 927 446 1159 3921 1159 348 1159 348 1159 3921 1159 3922 1159 348 1159 3922 1159 352 1159 352 1159 3922 1159 3923 1159 352 1159 3923 1159 475 1159 475 1159 3923 1159 3924 1159 475 1159 3924 1159 473 1159 473 1159 3924 1159 3925 1159 473 1159 3925 1159 471 1159 471 1159 3925 1159 3926 1159 448 4788 3927 4788 449 4788 449 4788 3927 4788 3928 4788 449 4789 3928 4789 427 4789 427 4789 3928 4789 3929 4789 427 4790 3929 4790 428 4790 428 4790 3929 4790 3930 4790 428 4791 3930 4791 435 4791 435 4791 3930 4791 3931 4791 435 4792 3931 4792 436 4792 436 4792 3931 4792 3932 4792 436 4793 3932 4793 437 4793 437 4793 3932 4793 3933 4793 437 4794 3933 4794 438 4794 438 4794 3933 4794 3934 4794 438 4795 3934 4795 439 4795 439 4795 3934 4795 3935 4795 439 4796 3935 4796 440 4796 440 4796 3935 4796 3936 4796 440 927 3936 927 441 927 441 927 3936 927 3937 927 441 4797 3937 4797 442 4797 442 4797 3937 4797 3938 4797 442 4798 3938 4798 443 4798 443 4798 3938 4798 3939 4798 443 4799 3939 4799 430 4799 430 4799 3939 4799 3940 4799 430 4800 3940 4800 431 4800 431 4800 3940 4800 3941 4800 431 4801 3941 4801 433 4801 433 4801 3941 4801 3942 4801 433 4802 3942 4802 434 4802 434 4802 3942 4802 3943 4802 434 4803 3943 4803 444 4803 444 4803 3943 4803 3944 4803 444 4804 3944 4804 445 4804 445 4804 3944 4804 3945 4804 445 4805 3945 4805 446 4805 446 4805 3945 4805 3921 4805 419 1159 3946 1159 421 1159 421 1159 3946 1159 3947 1159 421 1159 3947 1159 423 1159 423 1159 3947 1159 3948 1159 423 1159 3948 1159 425 1159 425 1159 3948 1159 3949 1159 425 1159 3949 1159 426 1159 426 1159 3949 1159 3950 1159 426 1159 3950 1159 416 1159 416 1159 3950 1159 3951 1159 368 4788 3952 4788 370 4788 370 4788 3952 4788 3953 4788 370 4789 3953 4789 371 4789 371 4789 3953 4789 3954 4789 371 4790 3954 4790 372 4790 372 4790 3954 4790 3955 4790 372 4791 3955 4791 373 4791 373 4791 3955 4791 3956 4791 373 4792 3956 4792 374 4792 374 4792 3956 4792 3957 4792 374 4793 3957 4793 375 4793 375 4793 3957 4793 3958 4793 375 4794 3958 4794 376 4794 376 4794 3958 4794 3959 4794 376 4806 3959 4806 377 4806 377 4806 3959 4806 3960 4806 377 4807 3960 4807 379 4807 379 4807 3960 4807 3961 4807 379 927 3961 927 380 927 380 927 3961 927 3962 927 380 4808 3962 4808 381 4808 381 4808 3962 4808 3963 4808 381 4809 3963 4809 382 4809 382 4809 3963 4809 3964 4809 382 4799 3964 4799 383 4799 383 4799 3964 4799 3965 4799 383 4800 3965 4800 384 4800 384 4800 3965 4800 3966 4800 384 4801 3966 4801 385 4801 385 4801 3966 4801 3967 4801 385 4802 3967 4802 386 4802 386 4802 3967 4802 3968 4802 386 4803 3968 4803 387 4803 387 4803 3968 4803 3969 4803 387 4804 3969 4804 418 4804 418 4804 3969 4804 3970 4804 418 4805 3970 4805 419 4805 419 4805 3970 4805 3946 4805 3462 4810 3461 4810 3971 4810 3972 4810 3973 4810 3974 4810 2835 4810 2836 4810 3975 4810 3976 4810 886 4810 897 4810 1128 4810 1139 4810 3977 4810 897 4810 908 4810 3976 4810 3976 4810 908 4810 919 4810 3976 4810 919 4810 930 4810 930 4810 941 4810 3976 4810 3976 4810 941 4810 952 4810 3976 4810 952 4810 963 4810 3977 4810 1172 4810 1183 4810 1139 4810 1150 4810 3977 4810 3977 4810 1150 4810 1161 4810 3977 4810 1161 4810 1172 4810 1183 4810 1194 4810 3977 4810 3977 4810 1194 4810 1205 4810 3977 4810 1205 4810 3978 4810 3978 4810 1205 4810 1216 4810 3978 4810 1216 4810 1227 4810 963 4810 974 4810 3976 4810 3976 4810 974 4810 985 4810 3976 4810 985 4810 3977 4810 3977 4810 985 4810 1106 4810 3977 4810 1106 4810 1128 4810 886 4810 3976 4810 860 4810 860 4810 3976 4810 3979 4810 860 4810 3979 4810 859 4810 859 4810 3979 4810 3980 4810 859 4810 3980 4810 857 4810 857 4810 3980 4810 3981 4810 857 4810 3981 4810 851 4810 851 4810 3981 4810 852 4810 852 4810 3981 4810 3982 4810 852 4810 3982 4810 1095 4810 1282 4810 1293 4810 3983 4810 1007 4810 1018 4810 3984 4810 1282 4810 3983 4810 1271 4810 1293 4810 1304 4810 3983 4810 3983 4810 1304 4810 1315 4810 3983 4810 1315 4810 1326 4810 1018 4810 1029 4810 3984 4810 3984 4810 1029 4810 1040 4810 3984 4810 1040 4810 1051 4810 1326 4810 1337 4810 3983 4810 3983 4810 1337 4810 1117 4810 3983 4810 1117 4810 3984 4810 3984 4810 1117 4810 1006 4810 3984 4810 1006 4810 1007 4810 1051 4810 1062 4810 3984 4810 3984 4810 1062 4810 1073 4810 3984 4810 1073 4810 3982 4810 3982 4810 1073 4810 1084 4810 3982 4810 1084 4810 1095 4810 1339 4810 1248 4810 3985 4810 3985 4810 1248 4810 1249 4810 3985 4810 1249 4810 1260 4810 3986 4810 3987 4810 3988 4810 3988 4810 3987 4810 3989 4810 1260 4810 1271 4810 3985 4810 3985 4810 1271 4810 3983 4810 3985 4810 3983 4810 3990 4810 3990 4810 3983 4810 3991 4810 3990 4810 3991 4810 3992 4810 3992 4810 3991 4810 3993 4810 3992 4810 3993 4810 3987 4810 3987 4810 3993 4810 3994 4810 3987 4810 3994 4810 3989 4810 3955 4810 3995 4810 3956 4810 3956 4810 3995 4810 3957 4810 3996 4810 3959 4810 3995 4810 3995 4810 3959 4810 3958 4810 3995 4810 3958 4810 3957 4810 3955 4810 3954 4810 3995 4810 3995 4810 3954 4810 3953 4810 3995 4810 3953 4810 3952 4810 3970 4810 3969 4810 3473 4810 3962 4810 3961 4810 3996 4810 3996 4810 3961 4810 3960 4810 3996 4810 3960 4810 3959 4810 3969 4810 3968 4810 3473 4810 3473 4810 3968 4810 3967 4810 3473 4810 3967 4810 3966 4810 3966 4810 3965 4810 3473 4810 3473 4810 3965 4810 3964 4810 3473 4810 3964 4810 3996 4810 3996 4810 3964 4810 3963 4810 3996 4810 3963 4810 3962 4810 3997 4810 3998 4810 3471 4810 3997 4810 3471 4810 3999 4810 3998 4810 4000 4810 3471 4810 3471 4810 4000 4810 3951 4810 3471 4810 3951 4810 3472 4810 3472 4810 3951 4810 3950 4810 3472 4810 3950 4810 3474 4810 3474 4810 3950 4810 3949 4810 3474 4810 3949 4810 3475 4810 3475 4810 3949 4810 3948 4810 3475 4810 3948 4810 3476 4810 3476 4810 3948 4810 3947 4810 3476 4810 3947 4810 3473 4810 3473 4810 3947 4810 3946 4810 3473 4810 3946 4810 3970 4810 4001 4810 4002 4810 4003 4810 4004 4810 4005 4810 3470 4810 3470 4810 4005 4810 4006 4810 3470 4810 4006 4810 3471 4810 3471 4810 4006 4810 4007 4810 3471 4810 4007 4810 3999 4810 4008 4810 4009 4810 4001 4810 4001 4810 4009 4810 4010 4810 4001 4810 4010 4810 4002 4810 3986 4810 4011 4810 3987 4810 3987 4810 4011 4810 4012 4810 3987 4810 4012 4810 4013 4810 4014 4810 4015 4810 4016 4810 4016 4810 4015 4810 4017 4810 4018 4810 3938 4810 3937 4810 3933 4810 3932 4810 3974 4810 3932 4810 3931 4810 3974 4810 3974 4810 3931 4810 3930 4810 3974 4810 3930 4810 3929 4810 3937 4810 3936 4810 4018 4810 4018 4810 3936 4810 3935 4810 4018 4810 3935 4810 3974 4810 3974 4810 3935 4810 3934 4810 3974 4810 3934 4810 3933 4810 3929 4810 3928 4810 3974 4810 3974 4810 3928 4810 3927 4810 3974 4810 3927 4810 4019 4810 4019 4810 3927 4810 4020 4810 4019 4810 4020 4810 4021 4810 4021 4810 4020 4810 4022 4810 4021 4810 4022 4810 4023 4810 4023 4810 4022 4810 4024 4810 4023 4810 4024 4810 4025 4810 4025 4810 4024 4810 4026 4810 4025 4810 4026 4810 4016 4810 4016 4810 4026 4810 4027 4810 4016 4810 4027 4810 4014 4810 3944 4810 3943 4810 4028 4810 4028 4810 3943 4810 3942 4810 3942 4810 3941 4810 4028 4810 4028 4810 3941 4810 3940 4810 4028 4810 3940 4810 4018 4810 4018 4810 3940 4810 3939 4810 4018 4810 3939 4810 3938 4810 3922 4810 3921 4810 4028 4810 4028 4810 3921 4810 3945 4810 4028 4810 3945 4810 3944 4810 4029 4810 4030 4810 4031 4810 4031 4810 4030 4810 4032 4810 4031 4810 4032 4810 4033 4810 3922 4810 3976 4810 3923 4810 3923 4810 3976 4810 3977 4810 3923 4810 3977 4810 3924 4810 3924 4810 3977 4810 4034 4810 3924 4810 4034 4810 3925 4810 3925 4810 4034 4810 4035 4810 3925 4810 4035 4810 3926 4810 3926 4810 4035 4810 4031 4810 3926 4810 4031 4810 4036 4810 4036 4810 4031 4810 4033 4810 4029 4810 4031 4810 4037 4810 4037 4810 4031 4810 4038 4810 4037 4810 4038 4810 4039 4810 4017 4810 4040 4810 4016 4810 4016 4810 4040 4810 4041 4810 4016 4810 4041 4810 4042 4810 4042 4810 4041 4810 4043 4810 4044 4810 4045 4810 4046 4810 4045 4810 4047 4810 4046 4810 4046 4810 4047 4810 4048 4810 4046 4810 4048 4810 4049 4810 2216 4810 2217 4810 4050 4810 4050 4810 2217 4810 2218 4810 4050 4810 2218 4810 2219 4810 2208 4810 2209 4810 3977 4810 2213 4810 2214 4810 4034 4810 4034 4810 2214 4810 2215 4810 2209 4810 2210 4810 3977 4810 3977 4810 2210 4810 2211 4810 3977 4810 2211 4810 4034 4810 4034 4810 2211 4810 2212 4810 4034 4810 2212 4810 2213 4810 2204 4810 2205 4810 3978 4810 3978 4810 2205 4810 2206 4810 3978 4810 2206 4810 3977 4810 3977 4810 2206 4810 2207 4810 3977 4810 2207 4810 2208 4810 1995 4810 1996 4810 4051 4810 4051 4810 1996 4810 1997 4810 4051 4810 1997 4810 1998 4810 1998 4810 1999 4810 4051 4810 4051 4810 1999 4810 2000 4810 4051 4810 2000 4810 4052 4810 4052 4810 2000 4810 2011 4810 4052 4810 2011 4810 3978 4810 3978 4810 2011 4810 2203 4810 3978 4810 2203 4810 2204 4810 1985 4810 1986 4810 3990 4810 3990 4810 1986 4810 1987 4810 3990 4810 1987 4810 1988 4810 1227 4810 1338 4810 3978 4810 3978 4810 1338 4810 1340 4810 3978 4810 1340 4810 4052 4810 4052 4810 1340 4810 1339 4810 4052 4810 1339 4810 4051 4810 4051 4810 1339 4810 3985 4810 4051 4810 3985 4810 1995 4810 1992 4810 1993 4810 3985 4810 3985 4810 1993 4810 1994 4810 3985 4810 1994 4810 1995 4810 1988 4810 1989 4810 3990 4810 3990 4810 1989 4810 1990 4810 3990 4810 1990 4810 3985 4810 3985 4810 1990 4810 1991 4810 3985 4810 1991 4810 1992 4810 4053 4810 1983 4810 1984 4810 2219 4810 2220 4810 4050 4810 4050 4810 2220 4810 2022 4810 4050 4810 2022 4810 4054 4810 4054 4810 2022 4810 1781 4810 4054 4810 1781 4810 4053 4810 4053 4810 1781 4810 1982 4810 4053 4810 1982 4810 1983 4810 3058 4810 3059 4810 3906 4810 3054 4810 3055 4810 3905 4810 3905 4810 3055 4810 3056 4810 3905 4810 3056 4810 3906 4810 3906 4810 3056 4810 3057 4810 3906 4810 3057 4810 3058 4810 3048 4810 3049 4810 4055 4810 4055 4810 3049 4810 3050 4810 3050 4810 3051 4810 4055 4810 4055 4810 3051 4810 3052 4810 4055 4810 3052 4810 3905 4810 3905 4810 3052 4810 3053 4810 3905 4810 3053 4810 3054 4810 3048 4810 4055 4810 3047 4810 3047 4810 4055 4810 4038 4810 3047 4810 4038 4810 3046 4810 2851 4810 3043 4810 4056 4810 4056 4810 3043 4810 3044 4810 4056 4810 3044 4810 3045 4810 2836 4810 2837 4810 3975 4810 3975 4810 2837 4810 2838 4810 3975 4810 2838 4810 2839 4810 2831 4810 2832 4810 4057 4810 2827 4810 2828 4810 3909 4810 3909 4810 2828 4810 2829 4810 3909 4810 2829 4810 4057 4810 4057 4810 2829 4810 2830 4810 4057 4810 2830 4810 2831 4810 2832 4810 2833 4810 4057 4810 4057 4810 2833 4810 2834 4810 4057 4810 2834 4810 4013 4810 2823 4810 2824 4810 3908 4810 3908 4810 2824 4810 2825 4810 3908 4810 2825 4810 3909 4810 3909 4810 2825 4810 2826 4810 3909 4810 2826 4810 2827 4810 3059 4810 3060 4810 3906 4810 3906 4810 3060 4810 2862 4810 3906 4810 2862 4810 3907 4810 3907 4810 2862 4810 2621 4810 3907 4810 2621 4810 3908 4810 3908 4810 2621 4810 2822 4810 3908 4810 2822 4810 2823 4810 4058 4810 4059 4810 3903 4810 4060 4810 4061 4810 4062 4810 4062 4810 4061 4810 4063 4810 4062 4810 4063 4810 4064 4810 3903 4810 4059 4810 3904 4810 3904 4810 4059 4810 4065 4810 3904 4810 4065 4810 4066 4810 4066 4810 4067 4810 3904 4810 3904 4810 4067 4810 4068 4810 3904 4810 4068 4810 4069 4810 4070 4810 4071 4810 4072 4810 4072 4810 4071 4810 4073 4810 4070 4810 4074 4810 4071 4810 4071 4810 4074 4810 4075 4810 4071 4810 4075 4810 4076 4810 4069 4810 4077 4810 3904 4810 3904 4810 4077 4810 4078 4810 3904 4810 4078 4810 4071 4810 4071 4810 4078 4810 4079 4810 4071 4810 4079 4810 4073 4810 3500 4810 4080 4810 3903 4810 3903 4810 4080 4810 4081 4810 3903 4810 4081 4810 4058 4810 4082 4810 4083 4810 3499 4810 3499 4810 4083 4810 4084 4810 3499 4810 4084 4810 4085 4810 4086 4810 4087 4810 3500 4810 3500 4810 4087 4810 4088 4810 4085 4810 4089 4810 3499 4810 3499 4810 4089 4810 4090 4810 3499 4810 4090 4810 4091 4810 4088 4810 4092 4810 3500 4810 3500 4810 4092 4810 4093 4810 3500 4810 4093 4810 4080 4810 4091 4810 4094 4810 3499 4810 3499 4810 4094 4810 4095 4810 3499 4810 4095 4810 3500 4810 3500 4810 4095 4810 4096 4810 3500 4810 4096 4810 4086 4810 3973 4810 4097 4810 3974 4810 3974 4810 4097 4810 4098 4810 3974 4810 4098 4810 4018 4810 4018 4810 4098 4810 4099 4810 4018 4810 4099 4810 4100 4810 4101 4810 4102 4810 4103 4810 4102 4810 4104 4810 4103 4810 4103 4810 4104 4810 4105 4810 4103 4810 4105 4810 4106 4810 4106 4810 4105 4810 4107 4810 4100 4810 4108 4810 4018 4810 4018 4810 4108 4810 4109 4810 4018 4810 4109 4810 4110 4810 4103 4810 4111 4810 4112 4810 4110 4810 4113 4810 4018 4810 4018 4810 4113 4810 4114 4810 4018 4810 4114 4810 4111 4810 4112 4810 4115 4810 4103 4810 4103 4810 4115 4810 4116 4810 4103 4810 4116 4810 4101 4810 4117 4810 4118 4810 3491 4810 4119 4810 3490 4810 4120 4810 4120 4810 3490 4810 4121 4810 4119 4810 4122 4810 3490 4810 3490 4810 4122 4810 4123 4810 3490 4810 4123 4810 4124 4810 4107 4810 4125 4810 4106 4810 4106 4810 4125 4810 4126 4810 4106 4810 4126 4810 3490 4810 3490 4810 4126 4810 4127 4810 3490 4810 4127 4810 4121 4810 4118 4810 4128 4810 3491 4810 3491 4810 4128 4810 4129 4810 3491 4810 4129 4810 4130 4810 4124 4810 4131 4810 3490 4810 3490 4810 4131 4810 4132 4810 3490 4810 4132 4810 3491 4810 3491 4810 4132 4810 4133 4810 3491 4810 4133 4810 4117 4810 4134 4810 4135 4810 3910 4810 3468 4810 4136 4810 3469 4810 3469 4810 4136 4810 4137 4810 3469 4810 4137 4810 4138 4810 4138 4810 4139 4810 3469 4810 3469 4810 4139 4810 4140 4810 3469 4810 4140 4810 4141 4810 4142 4810 4143 4810 4144 4810 4144 4810 4143 4810 4145 4810 4145 4810 4146 4810 4144 4810 4144 4810 4146 4810 4147 4810 4144 4810 4147 4810 4148 4810 3468 4810 4149 4810 4150 4810 4141 4810 4151 4810 3469 4810 3469 4810 4151 4810 4152 4810 3469 4810 4152 4810 4153 4810 4135 4810 4154 4810 3910 4810 3910 4810 4154 4810 4155 4810 3910 4810 4155 4810 4156 4810 4156 4810 4157 4810 3910 4810 3910 4810 4157 4810 4158 4810 3910 4810 4158 4810 3468 4810 3468 4810 4158 4810 4159 4810 3468 4810 4159 4810 4149 4810 4160 4810 4161 4810 3468 4810 4148 4810 4162 4810 4144 4810 4144 4810 4162 4810 4163 4810 4144 4810 4163 4810 4164 4810 4161 4810 4165 4810 3468 4810 3468 4810 4165 4810 4166 4810 3468 4810 4166 4810 4136 4810 4164 4810 4167 4810 4144 4810 4144 4810 4167 4810 4168 4810 4144 4810 4168 4810 3910 4810 3910 4810 4168 4810 4169 4810 3910 4810 4169 4810 4134 4810 4150 4810 4170 4810 3468 4810 3468 4810 4170 4810 4171 4810 3468 4810 4171 4810 4160 4810 4153 4810 4142 4810 3469 4810 3469 4810 4142 4810 4144 4810 3469 4810 4144 4810 3470 4810 3470 4810 4144 4810 4001 4810 3470 4810 4001 4810 4004 4810 4004 4810 4001 4810 4003 4810 3910 4810 3909 4810 4144 4810 4144 4810 3909 4810 4057 4810 4144 4810 4057 4810 4001 4810 4001 4810 4057 4810 4013 4810 4001 4810 4013 4810 4008 4810 4008 4810 4013 4810 4012 4810 3905 4810 3904 4810 4055 4810 4055 4810 3904 4810 4071 4810 4055 4810 4071 4810 4038 4810 4038 4810 4071 4810 4046 4810 4038 4810 4046 4810 4039 4810 4039 4810 4046 4810 4049 4810 4076 4810 4060 4810 4071 4810 4071 4810 4060 4810 4062 4810 4071 4810 4062 4810 4046 4810 4046 4810 4062 4810 4042 4810 4046 4810 4042 4810 4044 4810 4044 4810 4042 4810 4043 4810 4172 4810 4173 4810 4174 4810 4175 4810 4176 4810 4177 4810 4172 4810 4174 4810 4178 4810 4179 4810 4180 4810 4177 4810 4177 4810 4180 4810 4181 4810 4182 4810 4183 4810 4184 4810 4173 4810 4185 4810 4174 4810 4174 4810 4185 4810 4186 4810 4174 4810 4186 4810 4187 4810 4181 4810 4188 4810 4177 4810 4177 4810 4188 4810 4189 4810 4177 4810 4189 4810 4175 4810 4190 4810 4191 4810 4174 4810 2839 4810 2840 4810 3975 4810 3975 4810 2840 4810 4192 4810 3975 4810 4192 4810 4174 4810 4174 4810 4192 4810 4193 4810 4174 4810 4193 4810 4190 4810 4191 4810 4194 4810 4174 4810 4174 4810 4194 4810 4195 4810 4174 4810 4195 4810 4178 4810 4187 4810 4196 4810 4174 4810 4174 4810 4196 4810 4197 4810 4174 4810 4197 4810 4177 4810 4177 4810 4197 4810 4198 4810 4177 4810 4198 4810 4179 4810 4176 4810 4199 4810 4177 4810 4177 4810 4199 4810 4200 4810 4177 4810 4200 4810 4184 4810 4184 4810 4200 4810 4201 4810 4184 4810 4201 4810 4182 4810 4202 4810 4203 4810 4193 4810 4193 4810 4203 4810 4204 4810 4193 4810 4204 4810 4190 4810 4183 4810 4205 4810 4184 4810 4184 4810 4205 4810 4206 4810 4184 4810 4206 4810 4207 4810 4193 4810 4208 4810 4209 4810 4207 4810 4210 4810 4193 4810 4209 4810 4211 4810 4193 4810 4193 4810 4211 4810 4212 4810 4193 4810 4212 4810 4202 4810 4210 4810 4213 4810 4193 4810 4193 4810 4213 4810 4214 4810 4193 4810 4214 4810 4208 4810 4215 4810 4216 4810 4217 4810 4217 4810 4216 4810 4218 4810 4217 4810 4218 4810 4219 4810 4219 4810 4220 4810 4217 4810 4217 4810 4220 4810 4221 4810 4217 4810 4221 4810 4222 4810 4223 4810 4224 4810 4193 4810 4225 4810 4184 4810 4226 4810 4226 4810 4184 4810 4227 4810 4225 4810 4228 4810 4184 4810 4184 4810 4228 4810 4229 4810 4184 4810 4229 4810 4217 4810 4217 4810 4229 4810 4230 4810 4217 4810 4230 4810 4215 4810 4231 4810 4232 4810 4233 4810 4233 4810 4232 4810 4234 4810 4233 4810 4234 4810 4235 4810 4235 4810 4223 4810 4233 4810 4233 4810 4223 4810 4193 4810 4233 4810 4193 4810 4056 4810 4056 4810 4193 4810 4192 4810 4056 4810 4192 4810 2851 4810 2851 4810 4192 4810 2840 4810 4224 4810 4236 4810 4193 4810 4193 4810 4236 4810 4237 4810 4193 4810 4237 4810 4238 4810 4207 4810 4193 4810 4184 4810 4184 4810 4193 4810 4239 4810 4184 4810 4239 4810 4227 4810 4222 4810 4240 4810 4217 4810 4217 4810 4240 4810 4241 4810 4217 4810 4241 4810 4233 4810 4233 4810 4241 4810 4242 4810 4233 4810 4242 4810 4243 4810 4238 4810 4244 4810 4193 4810 4193 4810 4244 4810 4245 4810 4193 4810 4245 4810 4246 4810 4246 4810 4247 4810 4193 4810 4193 4810 4247 4810 4248 4810 4193 4810 4248 4810 4239 4810 4243 4810 4249 4810 4233 4810 4233 4810 4249 4810 4250 4810 4233 4810 4250 4810 4251 4810 4251 4810 4252 4810 4233 4810 4233 4810 4252 4810 4253 4810 4233 4810 4253 4810 4231 4810 2834 4810 2835 4810 4013 4810 4013 4810 2835 4810 3975 4810 4013 4810 3975 4810 3987 4810 3987 4810 3975 4810 4174 4810 3987 4810 4174 4810 3992 4810 3992 4810 4174 4810 4177 4810 3992 4810 4177 4810 3990 4810 3990 4810 4177 4810 4053 4810 3990 4810 4053 4810 1985 4810 1985 4810 4053 4810 1984 4810 4254 4810 4255 4810 4053 4810 4256 4810 4257 4810 4184 4810 4258 4810 4259 4810 4177 4810 4177 4810 4259 4810 4260 4810 4254 4810 4053 4810 4261 4810 4262 4810 4263 4810 4053 4810 4255 4810 4264 4810 4053 4810 4053 4810 4264 4810 4265 4810 4053 4810 4265 4810 4054 4810 4054 4810 4265 4810 4266 4810 4054 4810 4266 4810 4267 4810 4267 4810 4268 4810 4054 4810 4054 4810 4268 4810 4269 4810 4054 4810 4269 4810 4270 4810 4260 4810 4271 4810 4177 4810 4177 4810 4271 4810 4272 4810 4177 4810 4272 4810 4273 4810 4262 4810 4053 4810 4274 4810 4263 4810 4275 4810 4053 4810 4053 4810 4275 4810 4276 4810 4053 4810 4276 4810 4261 4810 4257 4810 4277 4810 4184 4810 4184 4810 4277 4810 4278 4810 4184 4810 4278 4810 4177 4810 4177 4810 4278 4810 4279 4810 4177 4810 4279 4810 4258 4810 4273 4810 4280 4810 4177 4810 4177 4810 4280 4810 4281 4810 4177 4810 4281 4810 4282 4810 4282 4810 4283 4810 4177 4810 4177 4810 4283 4810 4284 4810 4177 4810 4284 4810 4053 4810 4053 4810 4284 4810 4285 4810 4053 4810 4285 4810 4274 4810 4286 4810 4287 4810 4184 4810 4184 4810 4287 4810 4288 4810 4184 4810 4288 4810 4256 4810 4270 4810 4289 4810 4054 4810 4054 4810 4289 4810 4290 4810 4054 4810 4290 4810 4184 4810 4184 4810 4290 4810 4291 4810 4184 4810 4291 4810 4286 4810 4292 4810 4050 4810 4293 4810 4293 4810 4050 4810 4294 4810 4295 4810 4296 4810 4217 4810 4297 4810 4298 4810 4054 4810 4292 4810 4299 4810 4050 4810 4050 4810 4299 4810 4300 4810 4050 4810 4300 4810 4301 4810 4298 4810 4302 4810 4054 4810 4054 4810 4302 4810 4303 4810 4054 4810 4303 4810 4304 4810 4304 4810 4305 4810 4054 4810 4054 4810 4305 4810 4306 4810 4054 4810 4306 4810 4050 4810 4050 4810 4306 4810 4307 4810 4050 4810 4307 4810 4294 4810 4308 4810 4309 4810 4217 4810 4217 4810 4309 4810 4310 4810 4217 4810 4310 4810 4295 4810 4301 4810 4311 4810 4050 4810 4050 4810 4311 4810 4312 4810 4050 4810 4312 4810 4313 4810 4314 4810 4184 4810 4315 4810 4315 4810 4184 4810 4217 4810 4315 4810 4217 4810 4316 4810 4316 4810 4217 4810 4296 4810 4314 4810 4317 4810 4184 4810 4184 4810 4317 4810 4318 4810 4184 4810 4318 4810 4319 4810 4320 4810 4321 4810 4217 4810 4217 4810 4321 4810 4322 4810 4217 4810 4322 4810 4308 4810 4319 4810 4323 4810 4184 4810 4184 4810 4323 4810 4324 4810 4184 4810 4324 4810 4054 4810 4054 4810 4324 4810 4325 4810 4054 4810 4325 4810 4297 4810 4313 4810 4326 4810 4050 4810 4050 4810 4326 4810 4327 4810 4050 4810 4327 4810 4217 4810 4217 4810 4327 4810 4328 4810 4217 4810 4328 4810 4320 4810 3045 4810 3046 4810 4056 4810 4056 4810 3046 4810 4038 4810 4056 4810 4038 4810 4233 4810 4233 4810 4038 4810 4031 4810 4233 4810 4031 4810 4217 4810 4217 4810 4031 4810 4035 4810 4217 4810 4035 4810 4050 4810 4050 4810 4035 4810 4034 4810 4050 4810 4034 4810 2216 4810 2216 4810 4034 4810 2215 4810 3922 4810 4028 4810 3976 4810 3976 4810 4028 4810 4329 4810 3976 4810 4329 4810 3979 4810 3979 4810 4329 4810 4330 4810 3979 4810 4330 4810 3980 4810 3980 4810 4330 4810 4331 4810 3980 4810 4331 4810 3981 4810 3981 4810 4331 4810 3995 4810 3981 4810 3995 4810 3982 4810 3982 4810 3995 4810 3952 4810 3982 4810 3952 4810 3984 4810 4064 4810 4082 4810 4062 4810 4062 4810 4082 4810 3499 4810 4062 4810 3499 4810 4042 4810 4042 4810 3499 4810 3498 4810 4042 4810 3498 4810 4016 4810 4016 4810 3498 4810 3497 4810 4016 4810 3497 4810 4025 4810 4025 4810 3497 4810 3496 4810 4025 4810 3496 4810 4023 4810 4023 4810 3496 4810 3494 4810 4023 4810 3494 4810 4021 4810 4021 4810 3494 4810 3493 4810 4021 4810 3493 4810 4019 4810 4019 4810 3493 4810 3492 4810 4019 4810 3492 4810 3974 4810 3974 4810 3492 4810 3491 4810 3974 4810 3491 4810 3972 4810 3972 4810 3491 4810 4130 4810 4332 4810 4333 4810 3996 4810 4334 4810 4335 4810 3461 4810 4336 4810 4337 4810 3971 4810 4338 4810 4339 4810 3473 4810 4340 4810 4341 4810 3461 4810 3461 4810 4341 4810 4342 4810 4335 4810 4343 4810 3461 4810 3461 4810 4343 4810 4344 4810 3461 4810 4344 4810 3971 4810 3971 4810 4344 4810 4345 4810 3971 4810 4345 4810 4336 4810 4340 4810 3461 4810 4346 4810 4346 4810 3461 4810 3473 4810 4346 4810 3473 4810 4347 4810 4342 4810 4348 4810 3461 4810 3461 4810 4348 4810 4349 4810 3461 4810 4349 4810 4334 4810 4337 4810 4350 4810 3971 4810 3971 4810 4350 4810 4351 4810 3971 4810 4351 4810 4352 4810 4353 4810 4354 4810 3996 4810 3996 4810 4333 4810 3473 4810 3473 4810 4333 4810 4355 4810 3473 4810 4355 4810 4338 4810 4356 4810 4357 4810 3473 4810 3473 4810 4357 4810 4358 4810 3473 4810 4358 4810 4347 4810 4352 4810 4359 4810 3971 4810 3971 4810 4359 4810 4360 4810 3971 4810 4360 4810 4361 4810 4354 4810 4362 4810 3996 4810 3996 4810 4362 4810 4363 4810 3996 4810 4363 4810 4364 4810 4364 4810 4365 4810 3996 4810 3996 4810 4365 4810 4366 4810 3996 4810 4366 4810 4332 4810 4339 4810 4367 4810 3473 4810 3473 4810 4367 4810 4368 4810 3473 4810 4368 4810 4356 4810 4111 4810 4103 4810 4018 4810 4018 4810 4103 4810 4369 4810 4018 4810 4369 4810 4028 4810 4028 4810 4369 4810 4370 4810 4028 4810 4370 4810 4329 4810 4329 4810 4370 4810 4371 4810 4329 4810 4371 4810 4330 4810 4330 4810 4371 4810 4372 4810 4330 4810 4372 4810 4331 4810 4331 4810 4372 4810 4373 4810 4331 4810 4373 4810 3995 4810 3995 4810 4373 4810 3971 4810 3995 4810 3971 4810 3996 4810 3996 4810 3971 4810 4361 4810 3996 4810 4361 4810 4353 4810 3462 4810 3971 4810 3875 4810 3875 4810 3971 4810 4373 4810 3875 4810 4373 4810 3876 4810 3876 4810 4373 4810 4372 4810 3876 4810 4372 4810 3877 4810 3877 4810 4372 4810 4371 4810 3877 4810 4371 4810 3878 4810 3878 4810 4371 4810 4370 4810 3878 4810 4370 4810 3879 4810 3879 4810 4370 4810 4369 4810 3879 4810 4369 4810 3880 4810 3880 4810 4369 4810 4103 4810 3880 4810 4103 4810 3881 4810 3881 4810 4103 4810 4106 4810 3881 4810 4106 4810 3882 4810 3882 4810 4106 4810 3490 4810 3882 4810 3490 4810 3489 4810 4287 4 4286 4 781 4 781 4811 4286 4811 4291 4811 781 4812 4291 4812 782 4812 782 4813 4291 4813 4290 4813 782 0 4290 0 783 0 783 0 4290 0 4289 0 783 4814 4289 4814 787 4814 787 4814 4289 4814 4270 4814 787 4815 4270 4815 788 4815 788 4815 4270 4815 4269 4815 788 4816 4269 4816 789 4816 789 4816 4269 4816 4268 4816 789 4817 4268 4817 790 4817 790 4817 4268 4817 4267 4817 790 34 4267 34 791 34 791 34 4267 34 4266 34 791 33 4266 33 792 33 792 33 4266 33 4265 33 792 56 4265 56 778 56 778 56 4265 56 4264 56 778 4818 4264 4818 779 4818 779 4818 4264 4818 4255 4818 779 4819 4255 4819 799 4819 799 4819 4255 4819 4254 4819 799 75 4254 75 800 75 800 75 4254 75 4261 75 800 28 4261 28 793 28 793 28 4261 28 4276 28 793 4820 4276 4820 794 4820 794 4820 4276 4820 4275 4820 794 4821 4275 4821 803 4821 803 4821 4275 4821 4263 4821 803 4822 4263 4822 804 4822 804 4822 4263 4822 4262 4822 804 24 4262 24 805 24 805 24 4262 24 4274 24 805 4823 4274 4823 808 4823 808 4823 4274 4823 4285 4823 808 22 4285 22 809 22 809 22 4285 22 4284 22 809 21 4284 21 810 21 810 21 4284 21 4283 21 810 4824 4283 4824 795 4824 795 4824 4283 4824 4282 4824 795 19 4282 19 796 19 796 19 4282 19 4281 19 796 4825 4281 4825 806 4825 806 4825 4281 4825 4280 4825 806 82 4280 82 807 82 807 82 4280 82 4273 82 807 49 4273 49 797 49 797 49 4273 49 4272 49 797 15 4272 15 798 15 798 15 4272 15 4271 15 798 81 4271 81 801 81 801 81 4271 81 4260 81 801 4826 4260 4826 802 4826 802 4826 4260 4826 4259 4826 802 4827 4259 4827 774 4827 774 4827 4259 4827 4258 4827 774 4828 4258 4828 775 4828 775 4828 4258 4828 4279 4828 775 10 4279 10 784 10 784 10 4279 10 4278 10 784 9 4278 9 776 9 776 9 4278 9 4277 9 776 4829 4277 4829 777 4829 777 4829 4277 4829 4257 4829 777 4830 4257 4830 785 4830 785 4830 4257 4830 4256 4830 785 4831 4256 4831 786 4831 786 4831 4256 4831 4288 4831 786 4832 4288 4832 780 4832 780 4832 4288 4832 4287 4832 780 4 4287 4 781 4 695 21 4248 21 694 21 694 21 4248 21 4247 21 694 4833 4247 4833 693 4833 693 4833 4247 4833 4246 4833 693 69 4246 69 696 69 696 69 4246 69 4245 69 696 4834 4245 4834 697 4834 697 4834 4245 4834 4244 4834 697 4835 4244 4835 689 4835 689 4835 4244 4835 4238 4835 689 4836 4238 4836 690 4836 690 4836 4238 4836 4237 4836 690 4837 4237 4837 691 4837 691 4837 4237 4837 4236 4837 691 81 4236 81 692 81 692 81 4236 81 4224 81 692 4826 4224 4826 675 4826 675 4826 4224 4826 4223 4826 675 4827 4223 4827 676 4827 676 4827 4223 4827 4235 4827 676 4838 4235 4838 677 4838 677 4838 4235 4838 4234 4838 677 10 4234 10 669 10 669 10 4234 10 4232 10 669 9 4232 9 665 9 665 9 4232 9 4231 9 665 8 4231 8 666 8 666 8 4231 8 4253 8 666 7 4253 7 678 7 678 7 4253 7 4252 7 678 4839 4252 4839 679 4839 679 4839 4252 4839 4251 4839 679 4840 4251 4840 303 4840 303 4840 4251 4840 4250 4840 303 4 4250 4 304 4 304 4 4250 4 4249 4 304 958 4249 958 680 958 680 958 4249 958 4243 958 680 0 4243 0 681 0 681 0 4243 0 4242 0 681 4841 4242 4841 682 4841 682 4841 4242 4841 4241 4841 682 4842 4241 4842 670 4842 670 4842 4241 4842 4240 4842 670 36 4240 36 671 36 671 36 4240 36 4222 36 671 35 4222 35 672 35 672 35 4222 35 4221 35 672 34 4221 34 673 34 673 34 4221 34 4220 34 673 33 4220 33 674 33 674 33 4220 33 4219 33 674 4843 4219 4843 667 4843 667 4843 4219 4843 4218 4843 667 4818 4218 4818 668 4818 668 4818 4218 4818 4216 4818 668 4819 4216 4819 686 4819 686 4819 4216 4819 4215 4819 686 75 4215 75 687 75 687 75 4215 75 4230 75 687 4844 4230 4844 688 4844 688 4844 4230 4844 4229 4844 688 4845 4229 4845 683 4845 683 4845 4229 4845 4228 4845 683 4821 4228 4821 684 4821 684 4821 4228 4821 4225 4821 684 4846 4225 4846 698 4846 698 4846 4225 4846 4226 4846 698 72 4226 72 699 72 699 72 4226 72 4227 72 699 4847 4227 4847 700 4847 700 4847 4227 4847 4239 4847 700 22 4239 22 695 22 695 22 4239 22 4248 22 771 21 4325 21 759 21 759 21 4325 21 4324 21 759 4833 4324 4833 760 4833 760 4833 4324 4833 4323 4833 760 69 4323 69 772 69 772 69 4323 69 4319 69 772 68 4319 68 773 68 773 68 4319 68 4318 68 773 82 4318 82 757 82 757 82 4318 82 4317 82 757 4836 4317 4836 758 4836 758 4836 4317 4836 4314 4836 758 4837 4314 4837 761 4837 761 4837 4314 4837 4315 4837 761 81 4315 81 742 81 742 81 4315 81 4316 81 742 4826 4316 4826 743 4826 743 4826 4316 4826 4296 4826 743 4827 4296 4827 751 4827 751 4827 4296 4827 4295 4827 751 4838 4295 4838 752 4838 752 4838 4295 4838 4310 4838 752 10 4310 10 741 10 741 10 4310 10 4309 10 741 9 4309 9 739 9 739 9 4309 9 4308 9 739 8 4308 8 740 8 740 8 4308 8 4322 8 740 7 4322 7 753 7 753 7 4322 7 4321 7 753 4839 4321 4839 754 4839 754 4839 4321 4839 4320 4839 754 4840 4320 4840 300 4840 300 4840 4320 4840 4328 4840 300 4 4328 4 301 4 301 4 4328 4 4327 4 301 958 4327 958 744 958 744 958 4327 958 4326 958 744 0 4326 0 745 0 745 0 4326 0 4313 0 745 4841 4313 4841 746 4841 746 4841 4313 4841 4312 4841 746 4842 4312 4842 755 4842 755 4842 4312 4842 4311 4842 755 36 4311 36 756 36 756 36 4311 36 4301 36 756 35 4301 35 747 35 747 35 4301 35 4300 35 747 34 4300 34 748 34 748 34 4300 34 4299 34 748 33 4299 33 749 33 749 33 4299 33 4292 33 749 4843 4292 4843 750 4843 750 4843 4292 4843 4293 4843 750 4818 4293 4818 762 4818 762 4818 4293 4818 4294 4818 762 4819 4294 4819 763 4819 763 4819 4294 4819 4307 4819 763 75 4307 75 764 75 764 75 4307 75 4306 75 764 4844 4306 4844 765 4844 765 4844 4306 4844 4305 4844 765 4845 4305 4845 766 4845 766 4845 4305 4845 4304 4845 766 4821 4304 4821 767 4821 767 4821 4304 4821 4303 4821 767 4846 4303 4846 768 4846 768 4846 4303 4846 4302 4846 768 72 4302 72 769 72 769 72 4302 72 4298 72 769 4847 4298 4847 770 4847 770 4847 4298 4847 4297 4847 770 22 4297 22 771 22 771 22 4297 22 4325 22 416 4848 3951 4848 417 4848 417 4848 3951 4848 4000 4848 417 4849 4000 4849 412 4849 412 4849 4000 4849 3998 4849 412 4850 3998 4850 413 4850 413 4850 3998 4850 3997 4850 413 4851 3997 4851 414 4851 414 4851 3997 4851 3999 4851 414 4852 3999 4852 403 4852 403 4852 3999 4852 4007 4852 403 4853 4007 4853 405 4853 405 4853 4007 4853 4006 4853 405 4854 4006 4854 406 4854 406 4854 4006 4854 4005 4854 406 4855 4005 4855 407 4855 407 4855 4005 4855 4004 4855 407 4856 4004 4856 408 4856 408 4856 4004 4856 4003 4856 408 1400 4003 1400 409 1400 409 1400 4003 1400 4002 1400 409 4857 4002 4857 410 4857 410 4857 4002 4857 4010 4857 410 4858 4010 4858 411 4858 411 4858 4010 4858 4009 4858 411 4859 4009 4859 400 4859 400 4859 4009 4859 4008 4859 400 4860 4008 4860 401 4860 401 4860 4008 4860 4012 4860 401 4861 4012 4861 388 4861 388 4861 4012 4861 4011 4861 388 4862 4011 4862 389 4862 389 4862 4011 4862 3986 4862 389 4863 3986 4863 391 4863 391 4863 3986 4863 3988 4863 391 4864 3988 4864 398 4864 398 4864 3988 4864 3989 4864 398 4865 3989 4865 397 4865 397 4865 3989 4865 3994 4865 397 958 3994 958 395 958 395 958 3994 958 3993 958 395 958 3993 958 393 958 393 958 3993 958 3991 958 393 958 3991 958 392 958 392 958 3991 958 3983 958 392 958 3983 958 367 958 367 958 3983 958 3984 958 367 958 3984 958 368 958 368 958 3984 958 3952 958 471 4848 3926 4848 476 4848 476 4848 3926 4848 4036 4848 476 4849 4036 4849 477 4849 477 4849 4036 4849 4033 4849 477 4850 4033 4850 478 4850 478 4850 4033 4850 4032 4850 478 4851 4032 4851 479 4851 479 4851 4032 4851 4030 4851 479 4852 4030 4852 480 4852 480 4852 4030 4852 4029 4852 480 4853 4029 4853 482 4853 482 4853 4029 4853 4037 4853 482 4854 4037 4854 483 4854 483 4854 4037 4854 4039 4854 483 4866 4039 4866 463 4866 463 4866 4039 4866 4049 4866 463 4867 4049 4867 464 4867 464 4867 4049 4867 4048 4867 464 1400 4048 1400 466 1400 466 1400 4048 1400 4047 1400 466 4868 4047 4868 467 4868 467 4868 4047 4868 4045 4868 467 4869 4045 4869 468 4869 468 4869 4045 4869 4044 4869 468 4859 4044 4859 469 4859 469 4859 4044 4859 4043 4859 469 4860 4043 4860 470 4860 470 4860 4043 4860 4041 4860 470 4861 4041 4861 453 4861 453 4861 4041 4861 4040 4861 453 4862 4040 4862 450 4862 450 4862 4040 4862 4017 4862 450 4863 4017 4863 451 4863 451 4863 4017 4863 4015 4863 451 4864 4015 4864 454 4864 454 4864 4015 4864 4014 4864 454 4865 4014 4865 455 4865 455 4865 4014 4865 4027 4865 455 958 4027 958 457 958 457 958 4027 958 4026 958 457 958 4026 958 459 958 459 958 4026 958 4024 958 459 958 4024 958 461 958 461 958 4024 958 4022 958 461 958 4022 958 462 958 462 958 4022 958 4020 958 462 958 4020 958 448 958 448 958 4020 958 3927 958 4208 4 4214 4 730 4 730 4811 4214 4811 4213 4811 730 4812 4213 4812 731 4812 731 4813 4213 4813 4210 4813 731 0 4210 0 732 0 732 0 4210 0 4207 0 732 4814 4207 4814 715 4814 715 4814 4207 4814 4206 4814 715 4815 4206 4815 703 4815 703 4815 4206 4815 4205 4815 703 4816 4205 4816 704 4816 704 4816 4205 4816 4183 4816 704 4817 4183 4817 733 4817 733 4817 4183 4817 4182 4817 733 34 4182 34 734 34 734 34 4182 34 4201 34 734 33 4201 33 735 33 735 33 4201 33 4200 33 735 56 4200 56 706 56 706 56 4200 56 4199 56 706 4818 4199 4818 707 4818 707 4818 4199 4818 4176 4818 707 4819 4176 4819 709 4819 709 4819 4176 4819 4175 4819 709 75 4175 75 710 75 710 75 4175 75 4189 75 710 28 4189 28 716 28 716 28 4189 28 4188 28 716 4820 4188 4820 717 4820 717 4820 4188 4820 4181 4820 717 4821 4181 4821 718 4821 718 4821 4181 4821 4180 4821 718 4822 4180 4822 736 4822 736 4822 4180 4822 4179 4822 736 24 4179 24 737 24 737 24 4179 24 4198 24 737 4823 4198 4823 738 4823 738 4823 4198 4823 4197 4823 738 22 4197 22 721 22 721 22 4197 22 4196 22 721 21 4196 21 720 21 720 21 4196 21 4187 21 720 4824 4187 4824 719 4824 719 4824 4187 4824 4186 4824 719 19 4186 19 722 19 722 19 4186 19 4185 19 722 4870 4185 4870 723 4870 723 4870 4185 4870 4173 4870 723 4835 4173 4835 724 4835 724 4835 4173 4835 4172 4835 724 49 4172 49 725 49 725 49 4172 49 4178 49 725 15 4178 15 726 15 726 15 4178 15 4195 15 726 81 4195 81 711 81 711 81 4195 81 4194 81 711 4826 4194 4826 712 4826 712 4826 4194 4826 4191 4826 712 4827 4191 4827 713 4827 713 4827 4191 4827 4190 4827 713 4828 4190 4828 714 4828 714 4828 4190 4828 4204 4828 714 10 4204 10 705 10 705 10 4204 10 4203 10 705 9 4203 9 701 9 701 9 4203 9 4202 9 701 4829 4202 4829 702 4829 702 4829 4202 4829 4212 4829 702 4830 4212 4830 727 4830 727 4830 4212 4830 4211 4830 727 4831 4211 4831 728 4831 728 4831 4211 4831 4209 4831 728 4832 4209 4832 729 4832 729 4832 4209 4832 4208 4832 729 4 4208 4 730 4 235 4810 4374 4810 233 4810 233 4810 4374 4810 4375 4810 233 4810 4375 4810 231 4810 231 4810 4375 4810 4376 4810 231 4810 4376 4810 229 4810 229 4810 4376 4810 4377 4810 229 4810 4377 4810 227 4810 227 4810 4377 4810 4378 4810 227 4810 4378 4810 299 4810 299 4810 4378 4810 4379 4810 299 4810 4379 4810 297 4810 297 4810 4379 4810 4380 4810 297 4810 4380 4810 295 4810 295 4810 4380 4810 4381 4810 295 4810 4381 4810 293 4810 293 4810 4381 4810 4382 4810 293 4810 4382 4810 291 4810 291 4810 4382 4810 4383 4810 291 4810 4383 4810 289 4810 289 4810 4383 4810 4384 4810 289 4810 4384 4810 287 4810 287 4810 4384 4810 4385 4810 287 4810 4385 4810 285 4810 285 4810 4385 4810 4386 4810 285 4810 4386 4810 283 4810 283 4810 4386 4810 4387 4810 283 4810 4387 4810 281 4810 281 4810 4387 4810 4388 4810 281 4810 4388 4810 279 4810 279 4810 4388 4810 4389 4810 279 4810 4389 4810 277 4810 277 4810 4389 4810 4390 4810 277 4810 4390 4810 275 4810 275 4810 4390 4810 4391 4810 275 4810 4391 4810 273 4810 273 4810 4391 4810 4392 4810 273 4810 4392 4810 271 4810 271 4810 4392 4810 4393 4810 271 4810 4393 4810 269 4810 269 4810 4393 4810 4394 4810 269 4810 4394 4810 267 4810 267 4810 4394 4810 4395 4810 267 4810 4395 4810 265 4810 265 4810 4395 4810 4396 4810 265 4810 4396 4810 263 4810 263 4810 4396 4810 4397 4810 263 4810 4397 4810 261 4810 261 4810 4397 4810 4398 4810 261 4810 4398 4810 259 4810 259 4810 4398 4810 4399 4810 259 4810 4399 4810 257 4810 257 4810 4399 4810 4400 4810 257 4810 4400 4810 255 4810 255 4810 4400 4810 4401 4810 255 4810 4401 4810 253 4810 253 4810 4401 4810 4402 4810 253 4810 4402 4810 251 4810 251 4810 4402 4810 4403 4810 251 4810 4403 4810 249 4810 249 4810 4403 4810 4404 4810 249 4810 4404 4810 247 4810 247 4810 4404 4810 4405 4810 247 4810 4405 4810 245 4810 245 4810 4405 4810 4406 4810 245 4810 4406 4810 243 4810 243 4810 4406 4810 4407 4810 243 4810 4407 4810 241 4810 241 4810 4407 4810 4408 4810 241 4810 4408 4810 239 4810 239 4810 4408 4810 4409 4810 239 4810 4409 4810 237 4810 237 4810 4409 4810 4410 4810 237 4810 4410 4810 235 4810 235 4810 4410 4810 4374 4810 4396 21 4079 21 4397 21 4397 21 4079 21 4078 21 4397 4871 4078 4871 4398 4871 4398 4871 4078 4871 4077 4871 4398 4872 4077 4872 4399 4872 4399 4872 4077 4872 4069 4872 4399 4825 4069 4825 4400 4825 4400 4825 4069 4825 4068 4825 4400 4873 4068 4873 4401 4873 4401 4873 4068 4873 4067 4873 4401 4874 4067 4874 4402 4874 4402 4874 4067 4874 4066 4874 4402 15 4066 15 4403 15 4403 15 4066 15 4065 15 4403 81 4065 81 4404 81 4404 81 4065 81 4059 81 4404 80 4059 80 4405 80 4405 80 4059 80 4058 80 4405 12 4058 12 4406 12 4406 12 4058 12 4081 12 4406 44 4081 44 4407 44 4407 44 4081 44 4080 44 4407 10 4080 10 4408 10 4408 10 4080 10 4093 10 4408 4875 4093 4875 4409 4875 4409 4875 4093 4875 4092 4875 4409 8 4092 8 4410 8 4410 8 4092 8 4088 8 4410 7 4088 7 4374 7 4374 7 4088 7 4087 7 4374 4831 4087 4831 4375 4831 4375 4831 4087 4831 4086 4831 4375 4876 4086 4876 4376 4876 4376 4876 4086 4876 4096 4876 4376 4 4096 4 4377 4 4377 4 4096 4 4095 4 4377 958 4095 958 4378 958 4378 958 4095 958 4094 958 4378 0 4094 0 4379 0 4379 0 4094 0 4091 0 4379 38 4091 38 4380 38 4380 38 4091 38 4090 38 4380 37 4090 37 4381 37 4381 37 4090 37 4089 37 4381 36 4089 36 4382 36 4382 36 4089 36 4085 36 4382 35 4085 35 4383 35 4383 35 4085 35 4084 35 4383 4877 4084 4877 4384 4877 4384 4877 4084 4877 4083 4877 4384 33 4083 33 4385 33 4385 33 4083 33 4082 33 4385 4878 4082 4878 4386 4878 4386 4878 4082 4878 4064 4878 4386 4879 4064 4879 4387 4879 4387 4879 4064 4879 4063 4879 4387 4880 4063 4880 4388 4880 4388 4880 4063 4880 4061 4880 4388 75 4061 75 4389 75 4389 75 4061 75 4060 75 4389 28 4060 28 4390 28 4390 28 4060 28 4076 28 4390 4881 4076 4881 4391 4881 4391 4881 4076 4881 4075 4881 4391 4882 4075 4882 4392 4882 4392 4882 4075 4882 4074 4882 4392 4822 4074 4822 4393 4822 4393 4822 4074 4822 4070 4822 4393 4883 4070 4883 4394 4883 4394 4883 4070 4883 4072 4883 4394 52 4072 52 4395 52 4395 52 4072 52 4073 52 4395 22 4073 22 4396 22 4396 22 4073 22 4079 22 154 4810 4411 4810 152 4810 152 4810 4411 4810 4412 4810 152 4810 4412 4810 224 4810 224 4810 4412 4810 4413 4810 224 4810 4413 4810 222 4810 222 4810 4413 4810 4414 4810 222 4810 4414 4810 220 4810 220 4810 4414 4810 4415 4810 220 4810 4415 4810 218 4810 218 4810 4415 4810 4416 4810 218 4810 4416 4810 216 4810 216 4810 4416 4810 4417 4810 216 4810 4417 4810 214 4810 214 4810 4417 4810 4418 4810 214 4810 4418 4810 212 4810 212 4810 4418 4810 4419 4810 212 4810 4419 4810 210 4810 210 4810 4419 4810 4420 4810 210 4810 4420 4810 208 4810 208 4810 4420 4810 4421 4810 208 4810 4421 4810 206 4810 206 4810 4421 4810 4422 4810 206 4810 4422 4810 204 4810 204 4810 4422 4810 4423 4810 204 4810 4423 4810 202 4810 202 4810 4423 4810 4424 4810 202 4810 4424 4810 200 4810 200 4810 4424 4810 4425 4810 200 4810 4425 4810 198 4810 198 4810 4425 4810 4426 4810 198 4810 4426 4810 196 4810 196 4810 4426 4810 4427 4810 196 4810 4427 4810 194 4810 194 4810 4427 4810 4428 4810 194 4810 4428 4810 192 4810 192 4810 4428 4810 4429 4810 192 4810 4429 4810 190 4810 190 4810 4429 4810 4430 4810 190 4810 4430 4810 188 4810 188 4810 4430 4810 4431 4810 188 4810 4431 4810 186 4810 186 4810 4431 4810 4432 4810 186 4810 4432 4810 184 4810 184 4810 4432 4810 4433 4810 184 4810 4433 4810 182 4810 182 4810 4433 4810 4434 4810 182 4810 4434 4810 180 4810 180 4810 4434 4810 4435 4810 180 4810 4435 4810 178 4810 178 4810 4435 4810 4436 4810 178 4810 4436 4810 176 4810 176 4810 4436 4810 4437 4810 176 4810 4437 4810 174 4810 174 4810 4437 4810 4438 4810 174 4810 4438 4810 172 4810 172 4810 4438 4810 4439 4810 172 4810 4439 4810 170 4810 170 4810 4439 4810 4440 4810 170 4810 4440 4810 168 4810 168 4810 4440 4810 4441 4810 168 4810 4441 4810 166 4810 166 4810 4441 4810 4442 4810 166 4810 4442 4810 164 4810 164 4810 4442 4810 4443 4810 164 4810 4443 4810 162 4810 162 4810 4443 4810 4444 4810 162 4810 4444 4810 160 4810 160 4810 4444 4810 4445 4810 160 4810 4445 4810 158 4810 158 4810 4445 4810 4446 4810 158 4810 4446 4810 156 4810 156 4810 4446 4810 4447 4810 156 4810 4447 4810 154 4810 154 4810 4447 4810 4411 4810 4430 4884 4111 4884 4431 4884 4431 4884 4111 4884 4114 4884 4431 4885 4114 4885 4432 4885 4432 4885 4114 4885 4113 4885 4432 4872 4113 4872 4433 4872 4433 4872 4113 4872 4110 4872 4433 4825 4110 4825 4434 4825 4434 4825 4110 4825 4109 4825 4434 4886 4109 4886 4435 4886 4435 4886 4109 4886 4108 4886 4435 4887 4108 4887 4436 4887 4436 4887 4108 4887 4100 4887 4436 4888 4100 4888 4437 4888 4437 4888 4100 4888 4099 4888 4437 4889 4099 4889 4438 4889 4438 4889 4099 4889 4098 4889 4438 65 4098 65 4439 65 4439 65 4098 65 4097 65 4439 45 4097 45 4440 45 4440 45 4097 45 3973 45 4440 44 3973 44 4441 44 4441 44 3973 44 3972 44 4441 10 3972 10 4442 10 4442 10 3972 10 4130 10 4442 4875 4130 4875 4443 4875 4443 4875 4130 4875 4129 4875 4443 8 4129 8 4444 8 4444 8 4129 8 4128 8 4444 7 4128 7 4445 7 4445 7 4128 7 4118 7 4445 4890 4118 4890 4446 4890 4446 4890 4118 4890 4117 4890 4446 4891 4117 4891 4447 4891 4447 4891 4117 4891 4133 4891 4447 4 4133 4 4411 4 4411 4 4133 4 4132 4 4411 958 4132 958 4412 958 4412 958 4132 958 4131 958 4412 0 4131 0 4413 0 4413 0 4131 0 4124 0 4413 4892 4124 4892 4414 4892 4414 4892 4124 4892 4123 4892 4414 4893 4123 4893 4415 4893 4415 4893 4123 4893 4122 4893 4415 36 4122 36 4416 36 4416 36 4122 36 4119 36 4416 4894 4119 4894 4417 4894 4417 4894 4119 4894 4120 4894 4417 4895 4120 4895 4418 4895 4418 4895 4120 4895 4121 4895 4418 33 4121 33 4419 33 4419 33 4121 33 4127 33 4419 4896 4127 4896 4420 4896 4420 4896 4127 4896 4126 4896 4420 4897 4126 4897 4421 4897 4421 4897 4126 4897 4125 4897 4421 4880 4125 4880 4422 4880 4422 4880 4125 4880 4107 4880 4422 4898 4107 4898 4423 4898 4423 4898 4107 4898 4105 4898 4423 4899 4105 4899 4424 4899 4424 4899 4105 4899 4104 4899 4424 4900 4104 4900 4425 4900 4425 4900 4104 4900 4102 4900 4425 4901 4102 4901 4426 4901 4426 4901 4102 4901 4101 4901 4426 4902 4101 4902 4427 4902 4427 4902 4101 4902 4116 4902 4427 4903 4116 4903 4428 4903 4428 4903 4116 4903 4115 4903 4428 4904 4115 4904 4429 4904 4429 4904 4115 4904 4112 4904 4429 22 4112 22 4430 22 4430 22 4112 22 4111 22 79 4810 4448 4810 77 4810 77 4810 4448 4810 4449 4810 77 4810 4449 4810 149 4810 149 4810 4449 4810 4450 4810 149 4810 4450 4810 147 4810 147 4810 4450 4810 4451 4810 147 4810 4451 4810 145 4810 145 4810 4451 4810 4452 4810 145 4810 4452 4810 143 4810 143 4810 4452 4810 4453 4810 143 4810 4453 4810 141 4810 141 4810 4453 4810 4454 4810 141 4810 4454 4810 139 4810 139 4810 4454 4810 4455 4810 139 4810 4455 4810 137 4810 137 4810 4455 4810 4456 4810 137 4810 4456 4810 135 4810 135 4810 4456 4810 4457 4810 135 4810 4457 4810 133 4810 133 4810 4457 4810 4458 4810 133 4810 4458 4810 131 4810 131 4810 4458 4810 4459 4810 131 4810 4459 4810 129 4810 129 4810 4459 4810 4460 4810 129 4810 4460 4810 127 4810 127 4810 4460 4810 4461 4810 127 4810 4461 4810 125 4810 125 4810 4461 4810 4462 4810 125 4810 4462 4810 123 4810 123 4810 4462 4810 4463 4810 123 4810 4463 4810 121 4810 121 4810 4463 4810 4464 4810 121 4810 4464 4810 119 4810 119 4810 4464 4810 4465 4810 119 4810 4465 4810 117 4810 117 4810 4465 4810 4466 4810 117 4810 4466 4810 115 4810 115 4810 4466 4810 4467 4810 115 4810 4467 4810 113 4810 113 4810 4467 4810 4468 4810 113 4810 4468 4810 111 4810 111 4810 4468 4810 4469 4810 111 4810 4469 4810 109 4810 109 4810 4469 4810 4470 4810 109 4810 4470 4810 107 4810 107 4810 4470 4810 4471 4810 107 4810 4471 4810 105 4810 105 4810 4471 4810 4472 4810 105 4810 4472 4810 103 4810 103 4810 4472 4810 4473 4810 103 4810 4473 4810 101 4810 101 4810 4473 4810 4474 4810 101 4810 4474 4810 99 4810 99 4810 4474 4810 4475 4810 99 4810 4475 4810 97 4810 97 4810 4475 4810 4476 4810 97 4810 4476 4810 95 4810 95 4810 4476 4810 4477 4810 95 4810 4477 4810 93 4810 93 4810 4477 4810 4478 4810 93 4810 4478 4810 91 4810 91 4810 4478 4810 4479 4810 91 4810 4479 4810 89 4810 89 4810 4479 4810 4480 4810 89 4810 4480 4810 87 4810 87 4810 4480 4810 4481 4810 87 4810 4481 4810 85 4810 85 4810 4481 4810 4482 4810 85 4810 4482 4810 83 4810 83 4810 4482 4810 4483 4810 83 4810 4483 4810 81 4810 81 4810 4483 4810 4484 4810 81 4810 4484 4810 79 4810 79 4810 4484 4810 4448 4810 4467 4884 4346 4884 4468 4884 4468 4884 4346 4884 4347 4884 4468 4885 4347 4885 4469 4885 4469 4885 4347 4885 4358 4885 4469 69 4358 69 4470 69 4470 69 4358 69 4357 69 4470 68 4357 68 4471 68 4471 68 4357 68 4356 68 4471 4905 4356 4905 4472 4905 4472 4905 4356 4905 4368 4905 4472 4887 4368 4887 4473 4887 4473 4887 4368 4887 4367 4887 4473 4906 4367 4906 4474 4906 4474 4906 4367 4906 4339 4906 4474 4907 4339 4907 4475 4907 4475 4907 4339 4907 4338 4907 4475 4908 4338 4908 4476 4908 4476 4908 4338 4908 4355 4908 4476 45 4355 45 4477 45 4477 45 4355 45 4333 45 4477 44 4333 44 4478 44 4478 44 4333 44 4332 44 4478 10 4332 10 4479 10 4479 10 4332 10 4366 10 4479 9 4366 9 4480 9 4480 9 4366 9 4365 9 4480 8 4365 8 4481 8 4481 8 4365 8 4364 8 4481 7 4364 7 4482 7 4482 7 4364 7 4363 7 4482 4890 4363 4890 4483 4890 4483 4890 4363 4890 4362 4890 4483 4891 4362 4891 4484 4891 4484 4891 4362 4891 4354 4891 4484 4909 4354 4909 4448 4909 4448 4909 4354 4909 4353 4909 4448 958 4353 958 4449 958 4449 958 4353 958 4361 958 4449 4910 4361 4910 4450 4910 4450 4910 4361 4910 4360 4910 4450 4892 4360 4892 4451 4892 4451 4892 4360 4892 4359 4892 4451 4893 4359 4893 4452 4893 4452 4893 4359 4893 4352 4893 4452 36 4352 36 4453 36 4453 36 4352 36 4351 36 4453 4894 4351 4894 4454 4894 4454 4894 4351 4894 4350 4894 4454 4911 4350 4911 4455 4911 4455 4911 4350 4911 4337 4911 4455 33 4337 33 4456 33 4456 33 4337 33 4336 33 4456 4896 4336 4896 4457 4896 4457 4896 4336 4896 4345 4896 4457 4897 4345 4897 4458 4897 4458 4897 4345 4897 4344 4897 4458 4912 4344 4912 4459 4912 4459 4912 4344 4912 4343 4912 4459 4913 4343 4913 4460 4913 4460 4913 4343 4913 4335 4913 4460 4914 4335 4914 4461 4914 4461 4914 4335 4914 4334 4914 4461 4900 4334 4900 4462 4900 4462 4900 4334 4900 4349 4900 4462 4915 4349 4915 4463 4915 4463 4915 4349 4915 4348 4915 4463 4916 4348 4916 4464 4916 4464 4916 4348 4916 4342 4916 4464 4917 4342 4917 4465 4917 4465 4917 4342 4917 4341 4917 4465 4904 4341 4904 4466 4904 4466 4904 4341 4904 4340 4904 4466 22 4340 22 4467 22 4467 22 4340 22 4346 22 10 4810 4485 4810 8 4810 8 4810 4485 4810 4486 4810 8 4810 4486 4810 6 4810 6 4810 4486 4810 4487 4810 6 4810 4487 4810 4 4810 4 4810 4487 4810 4488 4810 4 4810 4488 4810 2 4810 2 4810 4488 4810 4489 4810 2 4810 4489 4810 74 4810 74 4810 4489 4810 4490 4810 74 4810 4490 4810 72 4810 72 4810 4490 4810 4491 4810 72 4810 4491 4810 70 4810 70 4810 4491 4810 4492 4810 70 4810 4492 4810 68 4810 68 4810 4492 4810 4493 4810 68 4810 4493 4810 66 4810 66 4810 4493 4810 4494 4810 66 4810 4494 4810 64 4810 64 4810 4494 4810 4495 4810 64 4810 4495 4810 62 4810 62 4810 4495 4810 4496 4810 62 4810 4496 4810 60 4810 60 4810 4496 4810 4497 4810 60 4810 4497 4810 58 4810 58 4810 4497 4810 4498 4810 58 4810 4498 4810 56 4810 56 4810 4498 4810 4499 4810 56 4810 4499 4810 54 4810 54 4810 4499 4810 4500 4810 54 4810 4500 4810 52 4810 52 4810 4500 4810 4501 4810 52 4810 4501 4810 50 4810 50 4810 4501 4810 4502 4810 50 4810 4502 4810 48 4810 48 4810 4502 4810 4503 4810 48 4810 4503 4810 46 4810 46 4810 4503 4810 4504 4810 46 4810 4504 4810 44 4810 44 4810 4504 4810 4505 4810 44 4810 4505 4810 42 4810 42 4810 4505 4810 4506 4810 42 4810 4506 4810 40 4810 40 4810 4506 4810 4507 4810 40 4810 4507 4810 38 4810 38 4810 4507 4810 4508 4810 38 4810 4508 4810 36 4810 36 4810 4508 4810 4509 4810 36 4810 4509 4810 34 4810 34 4810 4509 4810 4510 4810 34 4810 4510 4810 32 4810 32 4810 4510 4810 4511 4810 32 4810 4511 4810 30 4810 30 4810 4511 4810 4512 4810 30 4810 4512 4810 28 4810 28 4810 4512 4810 4513 4810 28 4810 4513 4810 26 4810 26 4810 4513 4810 4514 4810 26 4810 4514 4810 24 4810 24 4810 4514 4810 4515 4810 24 4810 4515 4810 22 4810 22 4810 4515 4810 4516 4810 22 4810 4516 4810 20 4810 20 4810 4516 4810 4517 4810 20 4810 4517 4810 18 4810 18 4810 4517 4810 4518 4810 18 4810 4518 4810 16 4810 16 4810 4518 4810 4519 4810 16 4810 4519 4810 14 4810 14 4810 4519 4810 4520 4810 14 4810 4520 4810 12 4810 12 4810 4520 4810 4521 4810 12 4810 4521 4810 10 4810 10 4810 4521 4810 4485 4810 4507 21 4136 21 4508 21 4508 21 4136 21 4166 21 4508 4871 4166 4871 4509 4871 4509 4871 4166 4871 4165 4871 4509 69 4165 69 4510 69 4510 69 4165 69 4161 69 4510 68 4161 68 4511 68 4511 68 4161 68 4160 68 4511 82 4160 82 4512 82 4512 82 4160 82 4171 82 4512 4874 4171 4874 4513 4874 4513 4874 4171 4874 4170 4874 4513 4918 4170 4918 4514 4918 4514 4918 4170 4918 4150 4918 4514 4919 4150 4919 4515 4919 4515 4919 4150 4919 4149 4919 4515 4826 4149 4826 4516 4826 4516 4826 4149 4826 4159 4826 4516 12 4159 12 4517 12 4517 12 4159 12 4158 12 4517 44 4158 44 4518 44 4518 44 4158 44 4157 44 4518 10 4157 10 4519 10 4519 10 4157 10 4156 10 4519 9 4156 9 4520 9 4520 9 4156 9 4155 9 4520 8 4155 8 4521 8 4521 8 4155 8 4154 8 4521 7 4154 7 4485 7 4485 7 4154 7 4135 7 4485 4831 4135 4831 4486 4831 4486 4831 4135 4831 4134 4831 4486 4876 4134 4876 4487 4876 4487 4876 4134 4876 4169 4876 4487 4909 4169 4909 4488 4909 4488 4909 4169 4909 4168 4909 4488 958 4168 958 4489 958 4489 958 4168 958 4167 958 4489 4910 4167 4910 4490 4910 4490 4910 4167 4910 4164 4910 4490 38 4164 38 4491 38 4491 38 4164 38 4163 38 4491 37 4163 37 4492 37 4492 37 4163 37 4162 37 4492 36 4162 36 4493 36 4493 36 4162 36 4148 36 4493 35 4148 35 4494 35 4494 35 4148 35 4147 35 4494 34 4147 34 4495 34 4495 34 4147 34 4146 34 4495 33 4146 33 4496 33 4496 33 4146 33 4145 33 4496 4878 4145 4878 4497 4878 4497 4878 4145 4878 4143 4878 4497 4879 4143 4879 4498 4879 4498 4879 4143 4879 4142 4879 4498 4912 4142 4912 4499 4912 4499 4912 4142 4912 4153 4912 4499 4920 4153 4920 4500 4920 4500 4920 4153 4920 4152 4920 4500 4921 4152 4921 4501 4921 4501 4921 4152 4921 4151 4921 4501 4881 4151 4881 4502 4881 4502 4881 4151 4881 4141 4881 4502 4821 4141 4821 4503 4821 4503 4821 4141 4821 4140 4821 4503 4846 4140 4846 4504 4846 4504 4846 4140 4846 4139 4846 4504 72 4139 72 4505 72 4505 72 4139 72 4138 72 4505 52 4138 52 4506 52 4506 52 4138 52 4137 52 4506 22 4137 22 4507 22 4507 22 4137 22 4136 22 4522 4922 4523 4922 4524 4922 4524 4922 4523 4922 4525 4922 4524 4923 4525 4923 4526 4923 4526 4923 4525 4923 4527 4923 4526 4924 4527 4924 4528 4924 4528 4924 4527 4924 4529 4924 4528 4925 4529 4925 4530 4925 4530 4925 4529 4925 4531 4925 4530 4926 4531 4926 4532 4926 4532 4926 4531 4926 4533 4926 4532 4927 4533 4927 4534 4927 4534 4927 4533 4927 4535 4927 4534 4928 4535 4928 4536 4928 4536 4928 4535 4928 4537 4928 4536 4929 4537 4929 4538 4929 4538 4929 4537 4929 4539 4929 4538 4930 4539 4930 4540 4930 4540 4930 4539 4930 4541 4930 4540 4931 4541 4931 4542 4931 4542 4931 4541 4931 4543 4931 4542 4932 4543 4932 4544 4932 4544 4932 4543 4932 4545 4932 4544 4933 4545 4933 4546 4933 4546 4933 4545 4933 4547 4933 4546 4934 4547 4934 4548 4934 4548 4934 4547 4934 4549 4934 4548 4935 4549 4935 4550 4935 4550 4935 4549 4935 4551 4935 4550 4936 4551 4936 4552 4936 4552 4936 4551 4936 4553 4936 4552 4937 4553 4937 4554 4937 4554 4937 4553 4937 4555 4937 4554 4938 4555 4938 4556 4938 4556 4938 4555 4938 4557 4938 4556 4939 4557 4939 4558 4939 4558 4939 4557 4939 4559 4939 4558 1159 4559 1159 4560 1159 4560 1159 4559 1159 4561 1159 4560 4940 4561 4940 4562 4940 4562 4940 4561 4940 4563 4940 4562 4941 4563 4941 4564 4941 4564 4941 4563 4941 4565 4941 4564 4942 4565 4942 4566 4942 4566 4942 4565 4942 4567 4942 4566 4943 4567 4943 4568 4943 4568 4943 4567 4943 4569 4943 4568 4944 4569 4944 4570 4944 4570 4944 4569 4944 4571 4944 4570 4945 4571 4945 4572 4945 4572 4945 4571 4945 4573 4945 4572 4946 4573 4946 4574 4946 4574 4946 4573 4946 4575 4946 4574 4947 4575 4947 4576 4947 4576 4947 4575 4947 4577 4947 4576 4948 4577 4948 4578 4948 4578 4948 4577 4948 4579 4948 4578 4949 4579 4949 4580 4949 4580 4949 4579 4949 4581 4949 4580 4950 4581 4950 4582 4950 4582 4950 4581 4950 4583 4950 4582 4951 4583 4951 4584 4951 4584 4951 4583 4951 4585 4951 4584 4952 4585 4952 4586 4952 4586 4952 4585 4952 4587 4952 4586 4953 4587 4953 4588 4953 4588 4953 4587 4953 4589 4953 4588 4954 4589 4954 4590 4954 4590 4954 4589 4954 4591 4954 4590 4955 4591 4955 4592 4955 4592 4955 4591 4955 4593 4955 4592 4956 4593 4956 4594 4956 4594 4956 4593 4956 4595 4956 4594 4957 4595 4957 4522 4957 4522 4957 4595 4957 4523 4957 4596 4958 4597 4958 4598 4958 4598 4958 4597 4958 4599 4958 4598 4923 4599 4923 4600 4923 4600 4923 4599 4923 4601 4923 4600 4924 4601 4924 4602 4924 4602 4924 4601 4924 4603 4924 4602 4925 4603 4925 4604 4925 4604 4925 4603 4925 4605 4925 4604 4926 4605 4926 4606 4926 4606 4926 4605 4926 4607 4926 4606 4959 4607 4959 4608 4959 4608 4959 4607 4959 4609 4959 4608 4960 4609 4960 4610 4960 4610 4960 4609 4960 4611 4960 4610 4961 4611 4961 4612 4961 4612 4961 4611 4961 4613 4961 4612 4962 4613 4962 4614 4962 4614 4962 4613 4962 4615 4962 4614 4963 4615 4963 4616 4963 4616 4963 4615 4963 4617 4963 4616 4964 4617 4964 4618 4964 4618 4964 4617 4964 4619 4964 4618 4933 4619 4933 4620 4933 4620 4933 4619 4933 4621 4933 4620 4934 4621 4934 4622 4934 4622 4934 4621 4934 4623 4934 4622 4935 4623 4935 4624 4935 4624 4935 4623 4935 4625 4935 4624 4936 4625 4936 4626 4936 4626 4936 4625 4936 4627 4936 4626 4937 4627 4937 4628 4937 4628 4937 4627 4937 4629 4937 4628 4938 4629 4938 4630 4938 4630 4938 4629 4938 4631 4938 4630 4939 4631 4939 4632 4939 4632 4939 4631 4939 4633 4939 4632 1159 4633 1159 4634 1159 4634 1159 4633 1159 4635 1159 4634 4940 4635 4940 4636 4940 4636 4940 4635 4940 4637 4940 4636 4941 4637 4941 4638 4941 4638 4941 4637 4941 4639 4941 4638 4942 4639 4942 4640 4942 4640 4942 4639 4942 4641 4942 4640 4943 4641 4943 4642 4943 4642 4943 4641 4943 4643 4943 4642 4944 4643 4944 4644 4944 4644 4944 4643 4944 4645 4944 4644 4945 4645 4945 4646 4945 4646 4945 4645 4945 4647 4945 4646 4946 4647 4946 4648 4946 4648 4946 4647 4946 4649 4946 4648 4965 4649 4965 4650 4965 4650 4965 4649 4965 4651 4965 4650 4966 4651 4966 4652 4966 4652 4966 4651 4966 4653 4966 4652 4967 4653 4967 4654 4967 4654 4967 4653 4967 4655 4967 4654 4950 4655 4950 4656 4950 4656 4950 4655 4950 4657 4950 4656 4968 4657 4968 4658 4968 4658 4968 4657 4968 4659 4968 4658 4952 4659 4952 4660 4952 4660 4952 4659 4952 4661 4952 4660 4953 4661 4953 4662 4953 4662 4953 4661 4953 4663 4953 4662 4954 4663 4954 4664 4954 4664 4954 4663 4954 4665 4954 4664 4955 4665 4955 4666 4955 4666 4955 4665 4955 4667 4955 4666 4969 4667 4969 4668 4969 4668 4969 4667 4969 4669 4969 4668 4957 4669 4957 4596 4957 4596 4957 4669 4957 4597 4957 4670 1159 4671 1159 4672 1159 4673 1159 4674 1159 4675 1159 4676 1159 4677 1159 4678 1159 4679 1159 4680 1159 4681 1159 4682 1159 4683 1159 4684 1159 4685 1159 4686 1159 4678 1159 4687 1159 4688 1159 4689 1159 4689 1159 4688 1159 4690 1159 4690 1159 4691 1159 4689 1159 4689 1159 4691 1159 4692 1159 4689 1159 4692 1159 4693 1159 4694 1159 4695 1159 4678 1159 4696 1159 4697 1159 4698 1159 4699 1159 4700 1159 4689 1159 4689 1159 4700 1159 4701 1159 4689 1159 4701 1159 4687 1159 4672 1159 4702 1159 4670 1159 4670 1159 4702 1159 4689 1159 4670 1159 4689 1159 4684 1159 4684 1159 4689 1159 4693 1159 4684 1159 4693 1159 4703 1159 4704 1159 4681 1159 4684 1159 4683 1159 4705 1159 4684 1159 4684 1159 4705 1159 4706 1159 4684 1159 4706 1159 4707 1159 4708 1159 4709 1159 4710 1159 4711 1159 4684 1159 4712 1159 4712 1159 4684 1159 4713 1159 4714 1159 4715 1159 4716 1159 4685 1159 4678 1159 4717 1159 4678 1159 4718 1159 4719 1159 4698 1159 4720 1159 4696 1159 4696 1159 4720 1159 4721 1159 4696 1159 4721 1159 4722 1159 4723 1159 4724 1159 4725 1159 4725 1159 4724 1159 4726 1159 4725 1159 4726 1159 4727 1159 4723 1159 4725 1159 4728 1159 4728 1159 4725 1159 4729 1159 4728 1159 4729 1159 4730 1159 4731 1159 4732 1159 4733 1159 4707 1159 4734 1159 4684 1159 4684 1159 4734 1159 4735 1159 4684 1159 4735 1159 4713 1159 4715 1159 4736 1159 4716 1159 4716 1159 4736 1159 4737 1159 4716 1159 4737 1159 4738 1159 4739 1159 4740 1159 4741 1159 4741 1159 4740 1159 4742 1159 4741 1159 4742 1159 4678 1159 4678 1159 4742 1159 4743 1159 4678 1159 4743 1159 4717 1159 4676 1159 4678 1159 4744 1159 4744 1159 4678 1159 4719 1159 4744 1159 4719 1159 4745 1159 4703 1159 4746 1159 4684 1159 4684 1159 4746 1159 4747 1159 4684 1159 4747 1159 4748 1159 4749 1159 4750 1159 4684 1159 4684 1159 4750 1159 4751 1159 4684 1159 4751 1159 4704 1159 4752 1159 4753 1159 4754 1159 4754 1159 4753 1159 4755 1159 4679 1159 4681 1159 4729 1159 4729 1159 4681 1159 4756 1159 4729 1159 4756 1159 4730 1159 4757 1159 4758 1159 4707 1159 4707 1159 4758 1159 4759 1159 4707 1159 4759 1159 4734 1159 4757 1159 4760 1159 4758 1159 4758 1159 4760 1159 4731 1159 4758 1159 4731 1159 4761 1159 4761 1159 4731 1159 4733 1159 4711 1159 4762 1159 4684 1159 4684 1159 4762 1159 4763 1159 4684 1159 4763 1159 4716 1159 4716 1159 4763 1159 4764 1159 4716 1159 4764 1159 4714 1159 4738 1159 4765 1159 4716 1159 4716 1159 4765 1159 4766 1159 4716 1159 4766 1159 4767 1159 4767 1159 4766 1159 4768 1159 4767 1159 4768 1159 4741 1159 4741 1159 4768 1159 4769 1159 4741 1159 4769 1159 4739 1159 4708 1159 4710 1159 4770 1159 4770 1159 4710 1159 4771 1159 4770 1159 4771 1159 4772 1159 4773 1159 4678 1159 4774 1159 4774 1159 4678 1159 4775 1159 4745 1159 4776 1159 4744 1159 4744 1159 4776 1159 4777 1159 4744 1159 4777 1159 4778 1159 4722 1159 4779 1159 4696 1159 4696 1159 4779 1159 4780 1159 4696 1159 4780 1159 4689 1159 4689 1159 4780 1159 4781 1159 4689 1159 4781 1159 4699 1159 4675 1159 4674 1159 4782 1159 4782 1159 4674 1159 4783 1159 4782 1159 4783 1159 4784 1159 4784 1159 4783 1159 4785 1159 4784 1159 4785 1159 4786 1159 4787 1159 4788 1159 4789 1159 4789 1159 4788 1159 4790 1159 4789 1159 4790 1159 4791 1159 4755 1159 4792 1159 4754 1159 4754 1159 4792 1159 4793 1159 4754 1159 4793 1159 4794 1159 4680 1159 4795 1159 4681 1159 4681 1159 4795 1159 4796 1159 4681 1159 4796 1159 4684 1159 4684 1159 4796 1159 4797 1159 4684 1159 4797 1159 4682 1159 4709 1159 4798 1159 4710 1159 4710 1159 4798 1159 4799 1159 4710 1159 4799 1159 4800 1159 4686 1159 4801 1159 4678 1159 4678 1159 4801 1159 4802 1159 4678 1159 4802 1159 4772 1159 4695 1159 4803 1159 4678 1159 4678 1159 4803 1159 4804 1159 4678 1159 4804 1159 4805 1159 4806 1159 4807 1159 4678 1159 4697 1159 4696 1159 4744 1159 4697 1159 4744 1159 4808 1159 4808 1159 4744 1159 4778 1159 4748 1159 4809 1159 4684 1159 4684 1159 4809 1159 4810 1159 4684 1159 4810 1159 4749 1159 4749 1159 4810 1159 4784 1159 4749 1159 4784 1159 4811 1159 4811 1159 4784 1159 4786 1159 4794 1159 4812 1159 4754 1159 4754 1159 4812 1159 4813 1159 4754 1159 4813 1159 4727 1159 4727 1159 4813 1159 4814 1159 4727 1159 4814 1159 4725 1159 4732 1159 4815 1159 4733 1159 4733 1159 4815 1159 4816 1159 4733 1159 4816 1159 4817 1159 4771 1159 4818 1159 4772 1159 4772 1159 4818 1159 4819 1159 4772 1159 4819 1159 4678 1159 4678 1159 4819 1159 4820 1159 4678 1159 4820 1159 4694 1159 4821 1159 4822 1159 4678 1159 4678 1159 4822 1159 4823 1159 4678 1159 4823 1159 4718 1159 4807 1159 4824 1159 4678 1159 4678 1159 4824 1159 4825 1159 4678 1159 4825 1159 4775 1159 4773 1159 4826 1159 4678 1159 4678 1159 4826 1159 4827 1159 4678 1159 4827 1159 4828 1159 4791 1159 4829 1159 4789 1159 4789 1159 4829 1159 4830 1159 4789 1159 4830 1159 4831 1159 4831 1159 4830 1159 4832 1159 4831 1159 4832 1159 4675 1159 4675 1159 4832 1159 4833 1159 4675 1159 4833 1159 4673 1159 4754 1159 4834 1159 4752 1159 4752 1159 4834 1159 4806 1159 4752 1159 4806 1159 4835 1159 4835 1159 4806 1159 4678 1159 4835 1159 4678 1159 4836 1159 4836 1159 4678 1159 4805 1159 4821 1159 4678 1159 4837 1159 4837 1159 4678 1159 4828 1159 4837 1159 4828 1159 4838 1159 4838 1159 4828 1159 4839 1159 4838 1159 4839 1159 4789 1159 4789 1159 4839 1159 4840 1159 4789 1159 4840 1159 4787 1159 4800 1159 4841 1159 4710 1159 4710 1159 4841 1159 4842 1159 4710 1159 4842 1159 4817 1159 4817 1159 4842 1159 4843 1159 4817 1159 4843 1159 4733 1159 4844 958 4845 958 4846 958 4844 958 4846 958 4847 958 4848 958 4849 958 4850 958 4851 958 4852 958 4853 958 4853 958 4852 958 4854 958 4855 958 4856 958 4857 958 4857 958 4856 958 4858 958 4857 958 4858 958 4859 958 4860 958 4861 958 4862 958 4863 958 4860 958 4864 958 4864 958 4860 958 4865 958 4866 958 4847 958 4860 958 4860 958 4847 958 4846 958 4860 958 4846 958 4867 958 4867 958 4846 958 4868 958 4867 958 4868 958 4869 958 4870 958 4871 958 4872 958 4873 958 4874 958 4854 958 4875 958 4853 958 4876 958 4876 958 4853 958 4854 958 4876 958 4854 958 4877 958 4877 958 4854 958 4878 958 4879 958 4880 958 4881 958 4881 958 4880 958 4882 958 4857 958 4883 958 4881 958 4859 958 4884 958 4857 958 4857 958 4884 958 4885 958 4857 958 4885 958 4860 958 4860 958 4885 958 4886 958 4860 958 4886 958 4861 958 4887 958 4888 958 4889 958 4890 958 4860 958 4891 958 4891 958 4860 958 4892 958 4875 958 4893 958 4853 958 4853 958 4893 958 4894 958 4853 958 4894 958 4895 958 4882 958 4896 958 4881 958 4881 958 4896 958 4897 958 4881 958 4897 958 4857 958 4857 958 4897 958 4898 958 4857 958 4898 958 4855 958 4899 958 4900 958 4901 958 4901 958 4900 958 4902 958 4903 958 4904 958 4865 958 4865 958 4904 958 4905 958 4865 958 4905 958 4906 958 4887 958 4889 958 4907 958 4870 958 4872 958 4908 958 4908 958 4872 958 4909 958 4908 958 4909 958 4910 958 4911 958 4912 958 4913 958 4913 958 4912 958 4914 958 4915 958 4916 958 4917 958 4917 958 4916 958 4918 958 4917 958 4918 958 4919 958 4920 958 4921 958 4922 958 4923 958 4924 958 4860 958 4860 958 4924 958 4925 958 4860 958 4925 958 4892 958 4895 958 4926 958 4853 958 4853 958 4926 958 4927 958 4853 958 4927 958 4881 958 4881 958 4927 958 4928 958 4881 958 4928 958 4879 958 4862 958 4929 958 4860 958 4860 958 4929 958 4930 958 4860 958 4930 958 4865 958 4865 958 4930 958 4931 958 4865 958 4931 958 4903 958 4910 958 4932 958 4908 958 4908 958 4932 958 4933 958 4908 958 4933 958 4934 958 4914 958 4935 958 4913 958 4913 958 4935 958 4936 958 4913 958 4936 958 4937 958 4890 958 4938 958 4860 958 4860 958 4938 958 4939 958 4860 958 4939 958 4866 958 4940 958 4941 958 4854 958 4874 958 4942 958 4854 958 4854 958 4942 958 4943 958 4854 958 4943 958 4944 958 4863 958 4945 958 4860 958 4860 958 4945 958 4946 958 4860 958 4946 958 4889 958 4889 958 4946 958 4947 958 4889 958 4947 958 4907 958 4845 958 4948 958 4846 958 4846 958 4948 958 4949 958 4846 958 4949 958 4854 958 4854 958 4949 958 4950 958 4854 958 4950 958 4940 958 4941 958 4951 958 4854 958 4854 958 4951 958 4952 958 4854 958 4952 958 4953 958 4953 958 4954 958 4854 958 4854 958 4954 958 4955 958 4854 958 4955 958 4956 958 4957 958 4958 958 4854 958 4854 958 4958 958 4959 958 4854 958 4959 958 4960 958 4850 958 4849 958 4961 958 4961 958 4849 958 4962 958 4961 958 4962 958 4905 958 4905 958 4962 958 4963 958 4905 958 4963 958 4906 958 4902 958 4964 958 4901 958 4901 958 4964 958 4965 958 4901 958 4965 958 4966 958 4967 958 4968 958 4969 958 4969 958 4968 958 4970 958 4937 958 4971 958 4913 958 4913 958 4971 958 4972 958 4913 958 4972 958 4919 958 4919 958 4972 958 4973 958 4919 958 4973 958 4917 958 4889 958 4974 958 4860 958 4860 958 4974 958 4975 958 4860 958 4975 958 4976 958 4923 958 4860 958 4977 958 4977 958 4860 958 4976 958 4977 958 4976 958 4921 958 4921 958 4976 958 4978 958 4921 958 4978 958 4979 958 4915 958 4917 958 4922 958 4922 958 4917 958 4980 958 4922 958 4980 958 4920 958 4981 958 4982 958 4854 958 4888 958 4983 958 4889 958 4889 958 4983 958 4969 958 4889 958 4969 958 4984 958 4984 958 4969 958 4970 958 4979 958 4985 958 4921 958 4921 958 4985 958 4986 958 4921 958 4986 958 4922 958 4956 958 4987 958 4854 958 4854 958 4987 958 4988 958 4854 958 4988 958 4989 958 4982 958 4990 958 4854 958 4854 958 4990 958 4991 958 4854 958 4991 958 4878 958 4901 958 4992 958 4899 958 4899 958 4992 958 4981 958 4899 958 4981 958 4993 958 4993 958 4981 958 4854 958 4993 958 4854 958 4994 958 4994 958 4854 958 4944 958 4934 958 4995 958 4908 958 4908 958 4995 958 4996 958 4908 958 4996 958 4997 958 4997 958 4996 958 4998 958 4997 958 4998 958 4999 958 4999 958 4998 958 5000 958 4999 958 5000 958 4969 958 4969 958 5000 958 5001 958 4969 958 5001 958 4967 958 4913 958 5002 958 4911 958 4911 958 5002 958 5003 958 4911 958 5003 958 4989 958 4989 958 5003 958 5004 958 4989 958 5004 958 4854 958 4854 958 5004 958 5005 958 4854 958 5005 958 4957 958 4960 958 5006 958 4854 958 4854 958 5006 958 5007 958 4854 958 5007 958 4871 958 4966 958 5008 958 4901 958 4901 958 5008 958 5009 958 4901 958 5009 958 5010 958 5010 958 5009 958 5011 958 5010 958 5011 958 4850 958 4850 958 5011 958 5012 958 4850 958 5012 958 4848 958 4870 958 5013 958 4871 958 4871 958 5013 958 5014 958 4871 958 5014 958 4854 958 4854 958 5014 958 5015 958 4854 958 5015 958 4873 958 183 4810 185 4810 5016 4810 264 4810 266 4810 5017 4810 191 4810 5018 4810 189 4810 189 4810 5018 4810 5016 4810 189 4810 5016 4810 187 4810 187 4810 5016 4810 185 4810 191 4810 193 4810 5018 4810 5018 4810 193 4810 195 4810 5018 4810 195 4810 197 4810 5019 4810 179 4810 5016 4810 5016 4810 179 4810 181 4810 5016 4810 181 4810 183 4810 197 4810 199 4810 5018 4810 5018 4810 199 4810 201 4810 5018 4810 201 4810 5020 4810 5020 4810 201 4810 203 4810 5020 4810 203 4810 205 4810 209 4810 5021 4810 207 4810 207 4810 5021 4810 5022 4810 207 4810 5022 4810 205 4810 205 4810 5022 4810 5023 4810 205 4810 5023 4810 5020 4810 5017 4810 266 4810 5024 4810 5025 4810 5026 4810 248 4810 5027 4810 173 4810 5028 4810 5028 4810 173 4810 175 4810 5028 4810 175 4810 5019 4810 5019 4810 175 4810 177 4810 5019 4810 177 4810 179 4810 266 4810 268 4810 5024 4810 5024 4810 268 4810 270 4810 5024 4810 270 4810 272 4810 5029 4810 280 4810 5030 4810 5030 4810 280 4810 282 4810 5030 4810 282 4810 5031 4810 5031 4810 282 4810 284 4810 5031 4810 284 4810 5032 4810 219 4810 221 4810 585 4810 272 4810 274 4810 5024 4810 5024 4810 274 4810 276 4810 5024 4810 276 4810 5029 4810 5029 4810 276 4810 278 4810 5029 4810 278 4810 280 4810 578 4810 4852 4810 4851 4810 248 4810 5026 4810 246 4810 258 4810 260 4810 5017 4810 5017 4810 260 4810 262 4810 5017 4810 262 4810 264 4810 213 4810 5033 4810 211 4810 211 4810 5033 4810 5034 4810 211 4810 5034 4810 5035 4810 165 4810 639 4810 163 4810 163 4810 639 4810 161 4810 5036 4810 5037 4810 286 4810 286 4810 5037 4810 5038 4810 286 4810 5038 4810 284 4810 284 4810 5038 4810 5039 4810 284 4810 5039 4810 5032 4810 5025 4810 248 4810 5040 4810 5040 4810 248 4810 250 4810 5040 4810 250 4810 5041 4810 5041 4810 250 4810 252 4810 5041 4810 252 4810 5042 4810 5042 4810 252 4810 254 4810 5042 4810 254 4810 5017 4810 5017 4810 254 4810 256 4810 5017 4810 256 4810 258 4810 219 4810 585 4810 217 4810 5035 4810 5043 4810 211 4810 211 4810 5043 4810 5044 4810 211 4810 5044 4810 209 4810 209 4810 5044 4810 5045 4810 209 4810 5045 4810 5021 4810 4851 4810 5033 4810 578 4810 578 4810 5033 4810 213 4810 578 4810 213 4810 580 4810 580 4810 213 4810 215 4810 221 4810 223 4810 585 4810 585 4810 223 4810 150 4810 585 4810 150 4810 151 4810 4857 4810 290 4810 292 4810 5026 4810 5046 4810 246 4810 246 4810 5046 4810 5047 4810 246 4810 5047 4810 5048 4810 584 4810 583 4810 217 4810 217 4810 583 4810 582 4810 217 4810 582 4810 215 4810 215 4810 582 4810 581 4810 215 4810 581 4810 580 4810 585 4810 157 4810 639 4810 639 4810 157 4810 159 4810 639 4810 159 4810 161 4810 290 4810 4857 4810 288 4810 288 4810 4857 4810 5049 4810 288 4810 5049 4810 286 4810 286 4810 5049 4810 5050 4810 286 4810 5050 4810 5036 4810 171 4810 5051 4810 169 4810 169 4810 5051 4810 4883 4810 169 4810 4883 4810 167 4810 5027 4810 5052 4810 173 4810 173 4810 5052 4810 5053 4810 173 4810 5053 4810 171 4810 171 4810 5053 4810 5054 4810 171 4810 5054 4810 5055 4810 5055 4810 5056 4810 171 4810 171 4810 5056 4810 5057 4810 171 4810 5057 4810 5051 4810 151 4810 153 4810 585 4810 585 4810 153 4810 155 4810 585 4810 155 4810 157 4810 292 4810 294 4810 4857 4810 4857 4810 294 4810 296 4810 4857 4810 296 4810 298 4810 639 4810 225 4810 226 4810 639 4810 232 4810 234 4810 585 4810 590 4810 217 4810 217 4810 590 4810 591 4810 217 4810 591 4810 592 4810 217 4810 589 4810 588 4810 234 4810 236 4810 639 4810 639 4810 236 4810 238 4810 639 4810 238 4810 638 4810 638 4810 238 4810 240 4810 638 4810 240 4810 651 4810 588 4810 587 4810 217 4810 217 4810 587 4810 586 4810 217 4810 586 4810 584 4810 226 4810 228 4810 639 4810 639 4810 228 4810 230 4810 639 4810 230 4810 232 4810 650 4810 242 4810 642 4810 642 4810 242 4810 641 4810 641 4810 242 4810 640 4810 640 4810 242 4810 244 4810 640 4810 244 4810 246 4810 592 4810 594 4810 217 4810 217 4810 594 4810 593 4810 217 4810 593 4810 589 4810 298 4810 225 4810 4857 4810 4857 4810 225 4810 639 4810 4857 4810 639 4810 4883 4810 4883 4810 639 4810 165 4810 4883 4810 165 4810 167 4810 650 4810 649 4810 242 4810 242 4810 649 4810 648 4810 242 4810 648 4810 647 4810 655 4810 654 4810 242 4810 242 4810 654 4810 644 4810 5048 4810 5058 4810 246 4810 246 4810 5058 4810 5059 4810 246 4810 5059 4810 640 4810 640 4810 5059 4810 4869 4810 640 4810 4869 4810 4868 4810 644 4810 643 4810 242 4810 242 4810 643 4810 653 4810 242 4810 653 4810 240 4810 240 4810 653 4810 652 4810 240 4810 652 4810 651 4810 647 4810 646 4810 242 4810 242 4810 646 4810 645 4810 242 4810 645 4810 658 4810 658 4810 657 4810 242 4810 242 4810 657 4810 656 4810 242 4810 656 4810 655 4810 5060 4810 100 4810 102 4810 4677 4810 4676 4810 604 4810 116 4810 118 4810 596 4810 596 4810 118 4810 120 4810 596 4810 120 4810 122 4810 4677 4810 604 4810 5061 4810 5062 4810 5063 4810 132 4810 629 4810 628 4810 29 4810 31 4810 33 4810 625 4810 625 4810 33 4810 35 4810 625 4810 35 4810 37 4810 37 4810 39 4810 625 4810 625 4810 39 4810 41 4810 625 4810 41 4810 43 4810 142 4810 144 4810 5064 4810 43 4810 45 4810 625 4810 625 4810 45 4810 112 4810 625 4810 112 4810 596 4810 596 4810 112 4810 114 4810 596 4810 114 4810 116 4810 5060 4810 102 4810 4767 4810 4767 4810 102 4810 104 4810 4767 4810 104 4810 106 4810 4716 4810 53 4810 55 4810 144 4810 146 4810 5064 4810 5064 4810 146 4810 148 4810 5064 4810 148 4810 75 4810 5065 4810 98 4810 5066 4810 5066 4810 98 4810 100 4810 5066 4810 100 4810 5067 4810 5067 4810 100 4810 5060 4810 45 4810 47 4810 112 4810 112 4810 47 4810 49 4810 112 4810 49 4810 110 4810 110 4810 49 4810 108 4810 4716 4810 55 4810 5068 4810 5068 4810 55 4810 57 4810 5068 4810 57 4810 5069 4810 61 4810 5070 4810 59 4810 59 4810 5070 4810 5071 4810 67 4810 69 4810 5072 4810 5072 4810 69 4810 71 4810 5072 4810 71 4810 73 4810 23 4810 5073 4810 5074 4810 621 4810 620 4810 29 4810 611 4810 610 4810 128 4810 128 4810 610 4810 614 4810 122 4810 124 4810 596 4810 596 4810 124 4810 126 4810 596 4810 126 4810 597 4810 597 4810 126 4810 128 4810 597 4810 128 4810 607 4810 607 4810 128 4810 608 4810 5063 4810 5061 4810 132 4810 132 4810 5061 4810 604 4810 132 4810 604 4810 130 4810 130 4810 604 4810 606 4810 130 4810 606 4810 605 4810 605 4810 603 4810 130 4810 130 4810 603 4810 602 4810 130 4810 602 4810 601 4810 601 4810 600 4810 130 4810 130 4810 600 4810 599 4810 130 4810 599 4810 128 4810 128 4810 599 4810 598 4810 128 4810 598 4810 616 4810 82 4810 84 4810 5075 4810 5075 4810 84 4810 86 4810 86 4810 88 4810 5075 4810 5075 4810 88 4810 90 4810 5075 4810 90 4810 5076 4810 5076 4810 90 4810 92 4810 5076 4810 92 4810 5077 4810 5077 4810 92 4810 94 4810 5077 4810 94 4810 5078 4810 5078 4810 94 4810 96 4810 5065 4810 5079 4810 98 4810 98 4810 5079 4810 5080 4810 98 4810 5080 4810 96 4810 96 4810 5080 4810 5081 4810 96 4810 5081 4810 5078 4810 5071 4810 5082 4810 59 4810 59 4810 5082 4810 5083 4810 59 4810 5083 4810 57 4810 57 4810 5083 4810 5084 4810 57 4810 5084 4810 5069 4810 67 4810 5072 4810 65 4810 65 4810 5072 4810 5085 4810 65 4810 5085 4810 63 4810 63 4810 5085 4810 5086 4810 63 4810 5086 4810 61 4810 61 4810 5086 4810 5087 4810 61 4810 5087 4810 5070 4810 5 4810 7 4810 5088 4810 5088 4810 7 4810 9 4810 5088 4810 9 4810 11 4810 23 4810 5074 4810 21 4810 25 4810 5089 4810 23 4810 23 4810 5089 4810 5090 4810 23 4810 5090 4810 5073 4810 4672 4810 4671 4810 618 4810 618 4810 4671 4810 5091 4810 29 4810 620 4810 27 4810 29 4810 631 4810 632 4810 616 4810 615 4810 128 4810 128 4810 615 4810 612 4810 128 4810 612 4810 611 4810 614 4810 613 4810 128 4810 128 4810 613 4810 609 4810 128 4810 609 4810 608 4810 134 4810 136 4810 5092 4810 11 4810 13 4810 5088 4810 5088 4810 13 4810 15 4810 5088 4810 15 4810 5093 4810 5093 4810 15 4810 17 4810 5093 4810 17 4810 5094 4810 5094 4810 17 4810 19 4810 5094 4810 19 4810 5095 4810 5095 4810 19 4810 21 4810 5095 4810 21 4810 5096 4810 5096 4810 21 4810 5074 4810 620 4810 618 4810 27 4810 27 4810 618 4810 5091 4810 27 4810 5091 4810 25 4810 25 4810 5091 4810 5097 4810 25 4810 5097 4810 5089 4810 31 4810 625 4810 29 4810 29 4810 625 4810 630 4810 29 4810 630 4810 631 4810 5092 4810 5098 4810 134 4810 134 4810 5098 4810 5099 4810 134 4810 5099 4810 132 4810 132 4810 5099 4810 5100 4810 132 4810 5100 4810 5062 4810 142 4810 5064 4810 140 4810 140 4810 5064 4810 5101 4810 140 4810 5101 4810 138 4810 138 4810 5101 4810 5102 4810 138 4810 5102 4810 136 4810 136 4810 5102 4810 5103 4810 136 4810 5103 4810 5092 4810 73 4810 0 4810 5072 4810 5072 4810 0 4810 1 4810 5072 4810 1 4810 5088 4810 5088 4810 1 4810 3 4810 5088 4810 3 4810 5 4810 624 4810 623 4810 29 4810 29 4810 623 4810 622 4810 29 4810 622 4810 621 4810 632 4810 634 4810 29 4810 29 4810 634 4810 633 4810 29 4810 633 4810 629 4810 106 4810 108 4810 4767 4810 4767 4810 108 4810 49 4810 4767 4810 49 4810 4716 4810 4716 4810 49 4810 51 4810 4716 4810 51 4810 53 4810 628 4810 627 4810 29 4810 29 4810 627 4810 626 4810 29 4810 626 4810 624 4810 75 4810 76 4810 5064 4810 5064 4810 76 4810 78 4810 5064 4810 78 4810 5075 4810 5075 4810 78 4810 80 4810 5075 4810 80 4810 82 4810 5104 1400 5105 1400 5106 1400 5107 1400 5108 1400 5109 1400 5110 1400 5111 1400 5112 1400 5112 1400 5111 1400 5113 1400 5106 1400 5109 1400 5104 1400 5104 1400 5109 1400 5108 1400 5104 1400 5108 1400 5114 1400 5114 1400 5108 1400 5115 1400 5116 1400 5117 1400 4744 1400 4744 1400 5117 1400 5118 1400 4744 1400 5118 1400 4676 1400 4676 1400 5118 1400 5119 1400 4676 1400 5119 1400 604 1400 5120 1400 5121 1400 4744 1400 4744 1400 5121 1400 5122 1400 5123 4970 5124 4970 5112 4970 5122 1400 5125 1400 4744 1400 4744 1400 5125 1400 5126 1400 4744 1400 5126 1400 5127 1400 5128 1400 5129 1400 4744 1400 4744 1400 5129 1400 5130 1400 4744 1400 5130 1400 5116 1400 5123 4971 5112 4971 5131 4971 5109 1400 5132 1400 4744 1400 4744 1400 5132 1400 5133 1400 4744 1400 5133 1400 5128 1400 5134 1400 5135 1400 5136 1400 5136 1400 5135 1400 5137 1400 5137 1400 5138 1400 5136 1400 5136 1400 5138 1400 5139 1400 5136 1400 5139 1400 5140 1400 5124 4972 5141 4972 5112 4972 5112 4973 5141 4973 5142 4973 5112 4974 5142 4974 5143 4974 5143 4975 5144 4975 5112 4975 5112 4976 5144 4976 5145 4976 5112 4977 5145 4977 5146 4977 5113 1400 5147 1400 5112 1400 5112 1400 5147 1400 5148 1400 5112 1400 5148 1400 5149 1400 4744 1400 5150 1400 5151 1400 5149 4978 5152 4978 5112 4978 5112 4979 5152 4979 5153 4979 5112 4980 5153 4980 5131 4980 5120 1400 4744 1400 5154 1400 5154 1400 4744 1400 5151 1400 5154 1400 5151 1400 5155 1400 5155 1400 5151 1400 5156 1400 5155 1400 5156 1400 5136 1400 5136 1400 5156 1400 5157 1400 5136 1400 5157 1400 5134 1400 5127 1400 5158 1400 4744 1400 4744 1400 5158 1400 5159 1400 4744 1400 5159 1400 5109 1400 5109 1400 5159 1400 5160 1400 5109 1400 5160 1400 5107 1400 5161 4981 5162 4981 4744 4981 4744 1400 5162 1400 5163 1400 4744 1400 5163 1400 5150 1400 5146 4982 5164 4982 5112 4982 5112 4983 5164 4983 5165 4983 5112 4984 5165 4984 4744 4984 4744 4985 5165 4985 5166 4985 4744 4986 5166 4986 5161 4986 5167 927 5168 927 5169 927 5170 927 5171 927 5172 927 5173 927 5168 927 5174 927 5174 927 5168 927 5175 927 5169 927 5168 927 5176 927 5176 927 5168 927 5173 927 5176 927 5173 927 5177 927 5178 927 5179 927 4846 927 4846 927 5179 927 5180 927 5181 927 5182 927 4846 927 4846 927 5182 927 5183 927 4846 927 5183 927 4868 927 4868 927 5183 927 5184 927 4868 927 5184 927 640 927 5185 927 5186 927 5170 927 5170 927 5186 927 5187 927 5170 927 5187 927 4846 927 4846 927 5187 927 5188 927 4846 927 5188 927 5178 927 5189 927 5190 927 4846 927 4846 927 5190 927 5191 927 4846 927 5191 927 5181 927 5180 927 5192 927 4846 927 4846 927 5192 927 5193 927 4846 927 5193 927 5194 927 5169 927 5195 927 4846 927 4846 927 5195 927 5196 927 4846 927 5196 927 5189 927 5172 927 5197 927 5170 927 5170 927 5197 927 5198 927 5170 927 5198 927 5199 927 5194 927 5200 927 4846 927 4846 927 5200 927 5201 927 4846 927 5201 927 5169 927 5169 927 5201 927 5202 927 5169 927 5202 927 5167 927 5199 927 5203 927 5170 927 5170 927 5203 927 5204 927 5170 927 5204 927 5205 927 5205 927 5206 927 5170 927 5170 927 5206 927 5207 927 5170 927 5207 927 5185 927 5208 4987 5209 4987 5210 4987 5210 4988 5209 4988 5211 4988 5210 4989 5211 4989 5212 4989 5212 4990 5211 4990 5213 4990 5212 4991 5213 4991 5214 4991 5214 4991 5213 4991 5215 4991 5214 4992 5215 4992 5216 4992 5216 4992 5215 4992 5217 4992 5216 4993 5217 4993 5218 4993 5218 4993 5217 4993 5219 4993 5218 4994 5219 4994 5220 4994 5220 4994 5219 4994 5221 4994 5220 4995 5221 4995 5222 4995 5222 4996 5221 4996 5223 4996 5222 4997 5223 4997 5224 4997 5224 4997 5223 4997 5225 4997 5224 4998 5225 4998 5226 4998 5226 4998 5225 4998 5227 4998 5226 4999 5227 4999 5228 4999 5228 5000 5227 5000 5229 5000 5228 5001 5229 5001 5230 5001 5230 5002 5229 5002 5231 5002 5230 5003 5231 5003 5232 5003 5232 5003 5231 5003 5233 5003 5232 5004 5233 5004 5234 5004 5234 5004 5233 5004 5235 5004 5234 5005 5235 5005 5236 5005 5236 5006 5235 5006 5237 5006 5236 5007 5237 5007 5238 5007 5238 5007 5237 5007 5239 5007 5238 5008 5239 5008 5240 5008 5240 5008 5239 5008 5241 5008 5240 5009 5241 5009 5242 5009 5242 5010 5241 5010 5243 5010 5242 5011 5243 5011 5244 5011 5244 5012 5243 5012 5245 5012 5244 5013 5245 5013 5246 5013 5246 5013 5245 5013 5247 5013 5246 5014 5247 5014 5248 5014 5248 5014 5247 5014 5249 5014 5248 5015 5249 5015 5250 5015 5250 5015 5249 5015 5251 5015 5250 5016 5251 5016 5252 5016 5252 5016 5251 5016 5253 5016 5252 5017 5253 5017 5254 5017 5254 5018 5253 5018 5255 5018 5254 5019 5255 5019 5256 5019 5256 5020 5255 5020 5257 5020 5256 5021 5257 5021 5258 5021 5258 5021 5257 5021 5259 5021 5258 5022 5259 5022 5260 5022 5260 5022 5259 5022 5261 5022 5260 5023 5261 5023 5262 5023 5262 5024 5261 5024 5263 5024 5262 5025 5263 5025 5264 5025 5264 5025 5263 5025 5265 5025 5264 5026 5265 5026 5266 5026 5266 5026 5265 5026 5267 5026 5266 5027 5267 5027 5268 5027 5268 5028 5267 5028 5269 5028 5268 5029 5269 5029 5270 5029 5270 5030 5269 5030 5271 5030 5270 5031 5271 5031 5272 5031 5272 5031 5271 5031 5273 5031 5272 5032 5273 5032 5274 5032 5274 5032 5273 5032 5275 5032 5274 5033 5275 5033 5276 5033 5276 5034 5275 5034 5277 5034 5276 5035 5277 5035 5278 5035 5278 5035 5277 5035 5279 5035 5278 5036 5279 5036 5280 5036 5280 5036 5279 5036 5281 5036 5280 5037 5281 5037 5282 5037 5282 5037 5281 5037 5208 5037 5282 4987 5208 4987 5210 4987 5283 4987 5284 4987 5285 4987 5285 5038 5284 5038 5286 5038 5285 4989 5286 4989 5287 4989 5287 5039 5286 5039 5288 5039 5287 4991 5288 4991 5289 4991 5289 4991 5288 4991 5290 4991 5289 5040 5290 5040 5291 5040 5291 5040 5290 5040 5292 5040 5291 5041 5292 5041 5293 5041 5293 5041 5292 5041 5294 5041 5293 5042 5294 5042 5295 5042 5295 5042 5294 5042 5296 5042 5295 4995 5296 4995 5297 4995 5297 4996 5296 4996 5298 4996 5297 4997 5298 4997 5299 4997 5299 4997 5298 4997 5300 4997 5299 4998 5300 4998 5301 4998 5301 4998 5300 4998 5302 4998 5301 5043 5302 5043 5303 5043 5303 5044 5302 5044 5304 5044 5303 5045 5304 5045 5305 5045 5305 5046 5304 5046 5306 5046 5305 5003 5306 5003 5307 5003 5307 5003 5306 5003 5308 5003 5307 5004 5308 5004 5309 5004 5309 5004 5308 5004 5310 5004 5309 5047 5310 5047 5311 5047 5311 5048 5310 5048 5312 5048 5311 5007 5312 5007 5313 5007 5313 5007 5312 5007 5314 5007 5313 5008 5314 5008 5315 5008 5315 5008 5314 5008 5316 5008 5315 5009 5316 5009 5317 5009 5317 5010 5316 5010 5318 5010 5317 5049 5318 5049 5319 5049 5319 5050 5318 5050 5320 5050 5319 5051 5320 5051 5321 5051 5321 5051 5320 5051 5322 5051 5321 5052 5322 5052 5323 5052 5323 5052 5322 5052 5324 5052 5323 5015 5324 5015 5325 5015 5325 5015 5324 5015 5326 5015 5325 5016 5326 5016 5327 5016 5327 5016 5326 5016 5328 5016 5327 5053 5328 5053 5329 5053 5329 5054 5328 5054 5330 5054 5329 5019 5330 5019 5331 5019 5331 5020 5330 5020 5332 5020 5331 5055 5332 5055 5333 5055 5333 5055 5332 5055 5334 5055 5333 5056 5334 5056 5335 5056 5335 5056 5334 5056 5336 5056 5335 5057 5336 5057 5337 5057 5337 5058 5336 5058 5338 5058 5337 5025 5338 5025 5339 5025 5339 5025 5338 5025 5340 5025 5339 5026 5340 5026 5341 5026 5341 5026 5340 5026 5342 5026 5341 5059 5342 5059 5343 5059 5343 5060 5342 5060 5344 5060 5343 5061 5344 5061 5345 5061 5345 5062 5344 5062 5346 5062 5345 5063 5346 5063 5347 5063 5347 5063 5346 5063 5348 5063 5347 5064 5348 5064 5349 5064 5349 5064 5348 5064 5350 5064 5349 5033 5350 5033 5351 5033 5351 5034 5350 5034 5352 5034 5351 5065 5352 5065 5353 5065 5353 5065 5352 5065 5354 5065 5353 5066 5354 5066 5355 5066 5355 5066 5354 5066 5356 5066 5355 5067 5356 5067 5357 5067 5357 5067 5356 5067 5283 5067 5357 4987 5283 4987 5285 4987 5358 5068 5359 5068 5360 5068 5360 5069 5359 5069 5361 5069 5360 5070 5361 5070 5362 5070 5362 5071 5361 5071 5363 5071 5362 5072 5363 5072 5364 5072 5364 5072 5363 5072 5365 5072 5364 5073 5365 5073 5366 5073 5366 5074 5365 5074 5367 5074 5366 5075 5367 5075 5368 5075 5368 4993 5367 4993 5369 4993 5368 4994 5369 4994 5370 4994 5370 4994 5369 4994 5371 4994 5370 4995 5371 4995 5372 4995 5372 4995 5371 4995 5373 4995 5372 5076 5373 5076 5374 5076 5374 5076 5373 5076 5375 5076 5374 5077 5375 5077 5376 5077 5376 5078 5375 5078 5377 5078 5376 4999 5377 4999 5378 4999 5378 4999 5377 4999 5379 4999 5378 5079 5379 5079 5380 5079 5380 5079 5379 5079 5381 5079 5380 5080 5381 5080 5382 5080 5382 5003 5381 5003 5383 5003 5382 5004 5383 5004 5384 5004 5384 5004 5383 5004 5385 5004 5384 5005 5385 5005 5386 5005 5386 5005 5385 5005 5387 5005 5386 5081 5387 5081 5388 5081 5388 5081 5387 5081 5389 5081 5388 5082 5389 5082 5390 5082 5390 5008 5389 5008 5391 5008 5390 5009 5391 5009 5392 5009 5392 5009 5391 5009 5393 5009 5392 5083 5393 5083 5394 5083 5394 5083 5393 5083 5395 5083 5394 5084 5395 5084 5396 5084 5396 5084 5395 5084 5397 5084 5396 5085 5397 5085 5398 5085 5398 5085 5397 5085 5399 5085 5398 5086 5399 5086 5400 5086 5400 5086 5399 5086 5401 5086 5400 5087 5401 5087 5402 5087 5402 5087 5401 5087 5403 5087 5402 5088 5403 5088 5404 5088 5404 5088 5403 5088 5405 5088 5404 5020 5405 5020 5406 5020 5406 5020 5405 5020 5407 5020 5406 5055 5407 5055 5408 5055 5408 5089 5407 5089 5409 5089 5408 5090 5409 5090 5410 5090 5410 5090 5409 5090 5411 5090 5410 5024 5411 5024 5412 5024 5412 5024 5411 5024 5413 5024 5412 5091 5413 5091 5414 5091 5414 5091 5413 5091 5415 5091 5414 5092 5415 5092 5416 5092 5416 5093 5415 5093 5417 5093 5416 5094 5417 5094 5418 5094 5418 5094 5417 5094 5419 5094 5418 5062 5419 5062 5420 5062 5420 5062 5419 5062 5421 5062 5420 5063 5421 5063 5422 5063 5422 5095 5421 5095 5423 5095 5422 5096 5423 5096 5424 5096 5424 5096 5423 5096 5425 5096 5424 5034 5425 5034 5426 5034 5426 5034 5425 5034 5427 5034 5426 5035 5427 5035 5428 5035 5428 5035 5427 5035 5429 5035 5428 5036 5429 5036 5430 5036 5430 5097 5429 5097 5431 5097 5430 5098 5431 5098 5432 5098 5432 5099 5431 5099 5358 5099 5432 5068 5358 5068 5360 5068 5433 5068 5434 5068 5435 5068 5435 5100 5434 5100 5436 5100 5435 5070 5436 5070 5437 5070 5437 5101 5436 5101 5438 5101 5437 5072 5438 5072 5439 5072 5439 5072 5438 5072 5440 5072 5439 5102 5440 5102 5441 5102 5441 5103 5440 5103 5442 5103 5441 5104 5442 5104 5443 5104 5443 5041 5442 5041 5444 5041 5443 5042 5444 5042 5445 5042 5445 5042 5444 5042 5446 5042 5445 4995 5446 4995 5447 4995 5447 4995 5446 4995 5448 4995 5447 5105 5448 5105 5449 5105 5449 5105 5448 5105 5450 5105 5449 5106 5450 5106 5451 5106 5451 4998 5450 4998 5452 4998 5451 5043 5452 5043 5453 5043 5453 5043 5452 5043 5454 5043 5453 5107 5454 5107 5455 5107 5455 5107 5454 5107 5456 5107 5455 5080 5456 5080 5457 5080 5457 5003 5456 5003 5458 5003 5457 5004 5458 5004 5459 5004 5459 5004 5458 5004 5460 5004 5459 5047 5460 5047 5461 5047 5461 5047 5460 5047 5462 5047 5461 5081 5462 5081 5463 5081 5463 5081 5462 5081 5464 5081 5463 5082 5464 5082 5465 5082 5465 5008 5464 5008 5466 5008 5465 5009 5466 5009 5467 5009 5467 5009 5466 5009 5468 5009 5467 5108 5468 5108 5469 5108 5469 5108 5468 5108 5470 5108 5469 5109 5470 5109 5471 5109 5471 5109 5470 5109 5472 5109 5471 5110 5472 5110 5473 5110 5473 5110 5472 5110 5474 5110 5473 5111 5474 5111 5475 5111 5475 5111 5474 5111 5476 5111 5475 5112 5476 5112 5477 5112 5477 5112 5476 5112 5478 5112 5477 5113 5478 5113 5479 5113 5479 5113 5478 5113 5480 5113 5479 5020 5480 5020 5481 5020 5481 5020 5480 5020 5482 5020 5481 5055 5482 5055 5483 5055 5483 5089 5482 5089 5484 5089 5483 5090 5484 5090 5485 5090 5485 5090 5484 5090 5486 5090 5485 5058 5486 5058 5487 5058 5487 5058 5486 5058 5488 5058 5487 5025 5488 5025 5489 5025 5489 5025 5488 5025 5490 5025 5489 5026 5490 5026 5491 5026 5491 5114 5490 5114 5492 5114 5491 5115 5492 5115 5493 5115 5493 5115 5492 5115 5494 5115 5493 5062 5494 5062 5495 5062 5495 5062 5494 5062 5496 5062 5495 5063 5496 5063 5497 5063 5497 5095 5496 5095 5498 5095 5497 5116 5498 5116 5499 5116 5499 5116 5498 5116 5500 5116 5499 5034 5500 5034 5501 5034 5501 5034 5500 5034 5502 5034 5501 5065 5502 5065 5503 5065 5503 5065 5502 5065 5504 5065 5503 5066 5504 5066 5505 5066 5505 5117 5504 5117 5506 5117 5505 5118 5506 5118 5507 5118 5507 5119 5506 5119 5433 5119 5507 5068 5433 5068 5435 5068 5508 958 5509 958 5510 958 5510 958 5509 958 5511 958 5171 958 5170 958 5512 958 5512 958 5170 958 5513 958 5110 1159 5112 1159 5514 1159 5515 1159 5516 1159 5517 1159 5517 1159 5518 1159 5519 1159 5514 1159 5520 1159 5110 1159 5110 1159 5520 1159 5515 1159 5110 1159 5515 1159 5521 1159 5522 1159 5523 1159 5524 1159 5524 1159 5523 1159 5521 1159 5524 1159 5521 1159 5519 1159 5519 1159 5521 1159 5515 1159 5519 1159 5515 1159 5517 1159 5517 5120 5525 5120 5526 5120 5517 5121 5527 5121 5528 5121 4689 5122 5529 5122 5530 5122 5530 5123 5531 5123 4689 5123 4689 5124 5531 5124 5532 5124 4689 5125 5532 5125 5533 5125 5526 5126 5534 5126 5517 5126 5517 5127 5534 5127 5535 5127 5517 5128 5535 5128 5527 5128 5528 5129 5536 5129 5517 5129 5517 5130 5536 5130 5537 5130 5517 5131 5537 5131 5538 5131 5539 5132 5522 5132 5540 5132 5540 5133 5522 5133 5518 5133 5540 5134 5518 5134 5541 5134 5541 5135 5518 5135 5542 5135 5543 5136 4702 5136 5544 5136 5544 5137 4702 5137 5523 5137 5544 5138 5523 5138 5545 5138 5545 5139 5523 5139 5522 5139 5545 5140 5522 5140 5546 5140 5546 5141 5522 5141 5539 5141 5543 5142 5547 5142 4702 5142 4702 5143 5547 5143 5548 5143 4702 5144 5548 5144 5549 5144 5549 5145 5550 5145 4702 5145 4702 5146 5550 5146 5551 5146 4702 5147 5551 5147 4689 5147 4689 5148 5551 5148 5552 5148 4689 5149 5552 5149 5529 5149 5533 5150 5553 5150 4689 5150 4689 5151 5553 5151 5554 5151 4689 5152 5554 5152 5517 5152 5517 5153 5554 5153 5555 5153 5517 5154 5555 5154 5525 5154 5538 5155 5556 5155 5517 5155 5517 5156 5556 5156 5557 5156 5517 5157 5557 5157 5518 5157 5518 5157 5557 5157 5558 5157 5518 5158 5558 5158 5559 5158 5559 5159 5560 5159 5518 5159 5518 5160 5560 5160 5561 5160 5518 5161 5561 5161 5542 5161 5562 5162 5563 5162 4744 5162 5112 5163 5564 5163 5565 5163 5566 5164 5567 5164 4696 5164 4696 5165 5567 5165 5568 5165 4696 5166 5568 5166 5569 5166 5570 5167 5571 5167 5112 5167 5112 5168 5571 5168 5572 5168 5112 5169 5572 5169 5564 5169 5565 5170 5573 5170 5112 5170 5112 5171 5573 5171 5574 5171 5112 5172 5574 5172 5575 5172 5575 5173 5576 5173 5112 5173 5112 5174 5576 5174 5577 5174 5112 5157 5577 5157 5514 5157 5514 5157 5577 5157 5578 5157 5514 5175 5578 5175 5579 5175 5580 5176 5514 5176 5581 5176 5581 5177 5514 5177 5582 5177 4744 5178 5583 5178 5112 5178 5112 5179 5583 5179 5584 5179 5112 5180 5584 5180 5570 5180 5579 5181 5585 5181 5514 5181 5514 5182 5585 5182 5586 5182 5514 5183 5586 5183 5582 5183 5569 5184 5587 5184 4696 5184 4696 5185 5587 5185 5588 5185 4696 5186 5588 5186 5589 5186 5563 5187 5590 5187 4744 5187 4744 5188 5590 5188 5591 5188 4744 5189 5591 5189 5583 5189 5589 5190 5592 5190 4696 5190 4696 5191 5592 5191 5593 5191 4696 5192 5593 5192 4744 5192 4744 5193 5593 5193 5594 5193 4744 5194 5594 5194 5562 5194 5163 1400 5151 1400 5150 1400 5595 5195 5163 5195 5162 5195 5596 5196 5597 5196 5140 5196 5595 5197 5598 5197 5163 5197 5163 5198 5598 5198 5599 5198 5163 5199 5599 5199 5151 5199 5151 5200 5599 5200 5600 5200 5151 5201 5600 5201 5156 5201 5156 5202 5600 5202 5601 5202 5156 5203 5601 5203 5157 5203 5157 5204 5601 5204 5602 5204 5602 5205 5603 5205 5157 5205 5157 5206 5603 5206 5137 5206 5157 1400 5137 1400 5134 1400 5134 1400 5137 1400 5135 1400 5603 5207 5596 5207 5137 5207 5137 5208 5596 5208 5138 5208 5138 5209 5596 5209 5140 5209 5138 1400 5140 1400 5139 1400 5604 5210 5605 5210 5606 5210 5605 5211 5604 5211 5607 5211 5608 5212 5609 5212 5610 5212 5152 5213 5611 5213 5153 5213 5153 5214 5611 5214 5612 5214 5153 5215 5612 5215 5131 5215 5123 5216 5131 5216 5613 5216 5613 5217 5131 5217 5612 5217 5613 5218 5612 5218 5614 5218 5615 5219 5145 5219 5616 5219 5616 5220 5145 5220 5144 5220 5616 5221 5144 5221 5617 5221 5617 5222 5144 5222 5143 5222 5617 5223 5143 5223 5618 5223 5618 5224 5143 5224 5142 5224 5618 5225 5142 5225 5619 5225 5619 5226 5142 5226 5141 5226 5620 5227 5164 5227 5615 5227 5615 5228 5164 5228 5146 5228 5615 5229 5146 5229 5145 5229 5621 5230 5595 5230 5162 5230 5162 5231 5161 5231 5621 5231 5621 5232 5161 5232 5166 5232 5621 5233 5166 5233 5620 5233 5620 5234 5166 5234 5165 5234 5620 5235 5165 5235 5164 5235 5595 5236 5621 5236 5598 5236 5598 5237 5621 5237 5622 5237 5598 5238 5622 5238 5599 5238 5599 5239 5622 5239 5600 5239 5600 5240 5622 5240 5623 5240 5600 5241 5623 5241 5601 5241 5601 5242 5623 5242 5624 5242 5601 5243 5624 5243 5602 5243 5602 5244 5624 5244 5625 5244 5602 5245 5625 5245 5603 5245 5603 5246 5625 5246 5626 5246 5603 5247 5626 5247 5596 5247 5596 5248 5626 5248 5627 5248 5596 5249 5627 5249 5597 5249 5628 5250 5629 5250 5630 5250 5630 5251 5629 5251 5631 5251 5630 5252 5631 5252 5632 5252 5632 5253 5631 5253 5633 5253 5632 5254 5633 5254 5634 5254 5635 5255 5636 5255 5637 5255 5637 5256 5636 5256 5638 5256 5638 5257 5639 5257 5637 5257 5637 5258 5639 5258 5640 5258 5637 5259 5640 5259 5641 5259 5641 5260 5640 5260 5642 5260 5641 5261 5642 5261 5643 5261 5643 5262 5642 5262 5644 5262 5643 5263 5644 5263 5645 5263 5645 5264 5644 5264 5646 5264 5647 5265 5648 5265 5637 5265 5647 5266 5637 5266 5649 5266 5648 5267 5650 5267 5637 5267 5637 5268 5650 5268 5651 5268 5637 5269 5651 5269 5652 5269 5652 5270 5653 5270 5637 5270 5637 5271 5653 5271 5654 5271 5637 5272 5654 5272 5655 5272 5655 5273 5656 5273 5637 5273 5637 5274 5656 5274 5657 5274 5637 5275 5657 5275 5635 5275 5658 5276 5659 5276 5660 5276 5660 5277 5659 5277 5661 5277 5660 5278 5661 5278 5637 5278 5637 5279 5661 5279 5662 5279 5637 5280 5662 5280 5649 5280 5663 5281 5664 5281 5665 5281 5665 5282 5664 5282 5666 5282 5665 5283 5666 5283 5667 5283 5667 5284 5666 5284 5668 5284 5667 5285 5668 5285 5669 5285 5669 5286 5668 5286 5670 5286 5669 5287 5670 5287 5660 5287 5660 5288 5670 5288 5671 5288 5660 5289 5671 5289 5658 5289 5672 5290 5673 5290 5674 5290 5674 5291 5673 5291 5675 5291 5676 5292 5677 5292 5678 5292 5678 5293 5677 5293 5679 5293 5678 5294 5679 5294 5680 5294 5628 5295 5681 5295 5629 5295 5629 5296 5681 5296 5682 5296 5629 5297 5682 5297 5631 5297 5631 5298 5682 5298 5683 5298 5631 5299 5683 5299 5633 5299 5633 5300 5683 5300 5684 5300 5633 5301 5684 5301 5685 5301 5686 5302 5663 5302 5687 5302 5687 5303 5663 5303 5665 5303 5687 5304 5665 5304 5688 5304 5688 5305 5665 5305 5667 5305 5688 5306 5667 5306 5689 5306 5689 5307 5667 5307 5669 5307 5689 5308 5669 5308 5690 5308 5690 5309 5669 5309 5660 5309 5690 5310 5660 5310 5691 5310 5691 5311 5660 5311 5637 5311 5691 5312 5637 5312 5692 5312 5692 5313 5637 5313 5641 5313 5692 5314 5641 5314 5685 5314 5685 5315 5641 5315 5643 5315 5685 5316 5643 5316 5633 5316 5633 5317 5643 5317 5645 5317 5633 5318 5645 5318 5634 5318 5634 5319 5645 5319 5646 5319 5693 5320 5694 5320 5695 5320 5607 5321 5696 5321 5605 5321 5605 5322 5696 5322 5697 5322 5605 5323 5697 5323 5606 5323 5606 5324 5697 5324 5698 5324 5606 5325 5698 5325 5699 5325 5699 5326 5698 5326 5700 5326 5699 5327 5700 5327 5701 5327 5701 5328 5700 5328 5702 5328 5701 5329 5702 5329 5703 5329 5703 5330 5702 5330 5704 5330 5703 5331 5704 5331 5705 5331 5705 5332 5704 5332 5706 5332 5705 5333 5706 5333 5707 5333 5707 5334 5706 5334 5708 5334 5707 5335 5708 5335 5694 5335 5694 5336 5708 5336 5709 5336 5694 5337 5709 5337 5695 5337 5710 5338 5614 5338 5711 5338 5711 5339 5614 5339 5612 5339 5711 5340 5612 5340 5712 5340 5712 5341 5612 5341 5611 5341 5123 5342 5713 5342 5608 5342 5608 5343 5713 5343 5714 5343 5608 5344 5714 5344 5609 5344 5609 5345 5714 5345 5715 5345 5609 5346 5715 5346 5610 5346 5610 5347 5715 5347 5716 5347 5123 5348 5613 5348 5713 5348 5713 5349 5613 5349 5614 5349 5713 5350 5614 5350 5714 5350 5714 5351 5614 5351 5710 5351 5714 5352 5710 5352 5715 5352 5715 5353 5710 5353 5717 5353 5715 5354 5717 5354 5716 5354 5718 5355 5719 5355 5680 5355 5680 5356 5719 5356 5720 5356 5680 5357 5720 5357 5678 5357 5678 5358 5720 5358 5721 5358 5678 5359 5721 5359 5676 5359 5676 5360 5721 5360 5722 5360 5674 5361 5686 5361 5672 5361 5672 5362 5686 5362 5687 5362 5672 5363 5687 5363 5673 5363 5673 5364 5687 5364 5719 5364 5673 5365 5719 5365 5675 5365 5675 5366 5719 5366 5718 5366 5717 5367 5723 5367 5716 5367 5716 5368 5723 5368 5724 5368 5716 5369 5724 5369 5725 5369 5725 5370 5724 5370 5693 5370 5725 5371 5693 5371 5726 5371 5726 5372 5693 5372 5695 5372 5696 5373 5627 5373 5697 5373 5697 5374 5627 5374 5626 5374 5697 5375 5626 5375 5698 5375 5698 5376 5626 5376 5625 5376 5698 5377 5625 5377 5700 5377 5700 5378 5625 5378 5624 5378 5700 5379 5624 5379 5702 5379 5702 5380 5624 5380 5623 5380 5702 5381 5623 5381 5704 5381 5704 5382 5623 5382 5622 5382 5704 5383 5622 5383 5706 5383 5706 5384 5622 5384 5621 5384 5706 5385 5621 5385 5708 5385 5708 5386 5621 5386 5620 5386 5708 5387 5620 5387 5709 5387 5709 5388 5620 5388 5615 5388 5709 5389 5615 5389 5695 5389 5695 5390 5615 5390 5616 5390 5695 5391 5616 5391 5726 5391 5726 5392 5616 5392 5617 5392 5726 5393 5617 5393 5725 5393 5725 5394 5617 5394 5618 5394 5725 5395 5618 5395 5716 5395 5716 5396 5618 5396 5619 5396 5716 5397 5619 5397 5610 5397 5610 5398 5619 5398 5141 5398 5610 5399 5141 5399 5608 5399 5608 5400 5141 5400 5124 5400 5608 5401 5124 5401 5123 5401 5681 5402 5604 5402 5682 5402 5682 5403 5604 5403 5606 5403 5682 5404 5606 5404 5683 5404 5683 5405 5606 5405 5699 5405 5683 5406 5699 5406 5684 5406 5684 5407 5699 5407 5701 5407 5684 5408 5701 5408 5685 5408 5685 5409 5701 5409 5703 5409 5685 5410 5703 5410 5692 5410 5692 5411 5703 5411 5705 5411 5692 5412 5705 5412 5691 5412 5691 5413 5705 5413 5707 5413 5691 5414 5707 5414 5690 5414 5690 5415 5707 5415 5694 5415 5690 5416 5694 5416 5689 5416 5689 5417 5694 5417 5693 5417 5689 5418 5693 5418 5688 5418 5688 5419 5693 5419 5724 5419 5688 5420 5724 5420 5687 5420 5687 5421 5724 5421 5723 5421 5687 5422 5723 5422 5719 5422 5719 5423 5723 5423 5717 5423 5719 5424 5717 5424 5720 5424 5720 5425 5717 5425 5710 5425 5720 5426 5710 5426 5721 5426 5721 5427 5710 5427 5711 5427 5721 5428 5711 5428 5722 5428 5722 5429 5711 5429 5712 5429 5722 5430 5712 5430 5727 5430 5727 5431 5712 5431 5611 5431 5727 5432 5611 5432 5728 5432 5728 5433 5611 5433 5152 5433 5254 5434 5256 5434 5110 5434 5111 5435 5282 5435 5210 5435 5111 5436 5210 5436 5729 5436 5729 5436 5210 5436 5212 5436 5729 5437 5212 5437 5214 5437 5333 5438 5335 5438 5110 5438 5254 5439 5110 5439 5252 5439 5256 5440 5258 5440 5110 5440 5110 5441 5258 5441 5260 5441 5110 5442 5260 5442 5262 5442 5270 5443 5272 5443 5111 5443 5111 5444 5272 5444 5274 5444 5111 5445 5274 5445 5276 5445 5276 5446 5278 5446 5111 5446 5111 5447 5278 5447 5280 5447 5111 5448 5280 5448 5282 5448 5287 5436 5729 5436 5285 5436 5285 5449 5729 5449 5214 5449 5285 86 5214 86 5357 86 5327 5450 5329 5450 5110 5450 5110 5451 5329 5451 5331 5451 5110 5452 5331 5452 5333 5452 5238 86 5240 86 5335 86 5335 86 5240 86 5242 86 5335 5453 5242 5453 5244 5453 5244 5454 5246 5454 5335 5454 5335 5455 5246 5455 5248 5455 5335 5456 5248 5456 5110 5456 5110 5457 5248 5457 5250 5457 5110 5458 5250 5458 5252 5458 5313 5459 5315 5459 5521 5459 5521 5460 5315 5460 5317 5460 5521 5461 5317 5461 5319 5461 5319 5462 5321 5462 5521 5462 5521 5463 5321 5463 5323 5463 5521 5464 5323 5464 5110 5464 5110 5465 5323 5465 5325 5465 5110 5466 5325 5466 5327 5466 5262 5467 5264 5467 5110 5467 5110 5468 5264 5468 5266 5468 5110 5469 5266 5469 5111 5469 5111 5470 5266 5470 5268 5470 5111 5471 5268 5471 5270 5471 5287 5472 5289 5472 5729 5472 5729 5473 5289 5473 5291 5473 5729 5474 5291 5474 5521 5474 5521 5475 5291 5475 5293 5475 5521 5476 5293 5476 5295 5476 5295 5477 5297 5477 5521 5477 5521 5478 5297 5478 5299 5478 5521 5479 5299 5479 5301 5479 5307 5480 5309 5480 5521 5480 5521 5481 5309 5481 5311 5481 5521 5482 5311 5482 5313 5482 5351 5483 5214 5483 5349 5483 5349 5484 5214 5484 5347 5484 5351 86 5353 86 5214 86 5214 86 5353 86 5355 86 5214 86 5355 86 5357 86 5214 5485 5216 5485 5335 5485 5335 5486 5216 5486 5218 5486 5335 5487 5218 5487 5220 5487 5232 5488 5234 5488 5335 5488 5335 5489 5234 5489 5236 5489 5335 86 5236 86 5238 86 5335 5490 5337 5490 5214 5490 5214 5491 5337 5491 5339 5491 5214 5492 5339 5492 5341 5492 5220 5493 5222 5493 5335 5493 5335 5494 5222 5494 5224 5494 5335 5495 5224 5495 5226 5495 5301 5496 5303 5496 5521 5496 5521 5497 5303 5497 5305 5497 5521 5498 5305 5498 5307 5498 5341 5499 5343 5499 5214 5499 5214 5500 5343 5500 5345 5500 5214 5501 5345 5501 5347 5501 5226 5502 5228 5502 5335 5502 5335 5503 5228 5503 5230 5503 5335 5504 5230 5504 5232 5504 5113 958 5111 958 5730 958 5730 958 5111 958 5729 958 5113 5505 5730 5505 5731 5505 5113 5506 5731 5506 5147 5506 5147 5507 5731 5507 5732 5507 5147 5507 5732 5507 5148 5507 5728 5508 5152 5508 5149 5508 5732 5509 5733 5509 5148 5509 5148 5509 5733 5509 5149 5509 5718 5510 5680 5510 5149 5510 5680 5511 5679 5511 5149 5511 5149 5512 5679 5512 5677 5512 5149 5513 5677 5513 5676 5513 5676 5514 5722 5514 5149 5514 5149 5515 5722 5515 5727 5515 5149 5516 5727 5516 5728 5516 5653 5517 5734 5517 5654 5517 5654 5518 5734 5518 5655 5518 5653 5519 5652 5519 5734 5519 5734 5520 5652 5520 5651 5520 5734 5521 5651 5521 5650 5521 5650 5522 5648 5522 5734 5522 5734 5523 5648 5523 5647 5523 5734 5524 5647 5524 5649 5524 5649 5525 5662 5525 5734 5525 5734 5526 5662 5526 5661 5526 5734 5527 5661 5527 5659 5527 5659 5528 5658 5528 5734 5528 5734 5529 5658 5529 5671 5529 5734 5530 5671 5530 5670 5530 5670 5531 5668 5531 5734 5531 5734 5532 5668 5532 5666 5532 5734 5533 5666 5533 5664 5533 5664 5534 5663 5534 5734 5534 5734 5535 5663 5535 5686 5535 5734 5536 5686 5536 5733 5536 5733 5537 5686 5537 5674 5537 5733 5538 5674 5538 5149 5538 5149 5539 5674 5539 5675 5539 5149 5540 5675 5540 5718 5540 5644 5541 5642 5541 5735 5541 5642 5542 5640 5542 5735 5542 5735 5543 5640 5543 5639 5543 5735 5544 5639 5544 5638 5544 5638 5545 5636 5545 5735 5545 5735 5546 5636 5546 5635 5546 5735 5547 5635 5547 5736 5547 5736 5548 5635 5548 5657 5548 5736 5549 5657 5549 5734 5549 5734 5550 5657 5550 5656 5550 5734 5551 5656 5551 5655 5551 5604 5552 5681 5552 5737 5552 5737 5553 5681 5553 5628 5553 5737 5554 5628 5554 5630 5554 5630 5555 5632 5555 5737 5555 5737 5556 5632 5556 5634 5556 5737 5557 5634 5557 5735 5557 5735 5558 5634 5558 5646 5558 5735 5559 5646 5559 5644 5559 5604 5560 5737 5560 5607 5560 5607 5561 5737 5561 5738 5561 5607 5562 5738 5562 5696 5562 5597 5563 5627 5563 5140 5563 5140 5564 5627 5564 5136 5564 5696 5565 5738 5565 5627 5565 5627 5566 5738 5566 5739 5566 5627 5567 5739 5567 5136 5567 5136 5568 5739 5568 5740 5568 5136 5568 5740 5568 5155 5568 5155 5569 5740 5569 5741 5569 5155 5569 5741 5569 5154 5569 5154 5570 5741 5570 5742 5570 5154 5570 5742 5570 5120 5570 5120 5571 5742 5571 5743 5571 5120 5571 5743 5571 5121 5571 5121 5572 5743 5572 5744 5572 5121 5572 5744 5572 5122 5572 5122 5573 5744 5573 5745 5573 5122 5573 5745 5573 5125 5573 5125 5574 5745 5574 5746 5574 5125 5574 5746 5574 5126 5574 5126 5575 5746 5575 5747 5575 5126 5575 5747 5575 5127 5575 5127 5576 5747 5576 5748 5576 5127 5576 5748 5576 5158 5576 5158 5577 5748 5577 5749 5577 5158 5577 5749 5577 5159 5577 5159 5578 5749 5578 5750 5578 5159 5578 5750 5578 5160 5578 5160 5579 5750 5579 5751 5579 5160 5579 5751 5579 5107 5579 5107 5580 5751 5580 5752 5580 5107 5580 5752 5580 5108 5580 5753 5581 5115 5581 5752 5581 5752 5581 5115 5581 5108 5581 5753 5582 5754 5582 5115 5582 5115 5582 5754 5582 5114 5582 5755 1400 5756 1400 5757 1400 5757 1400 5756 1400 5758 1400 5759 86 5760 86 5756 86 5756 86 5760 86 5758 86 5760 927 5759 927 5761 927 5761 927 5759 927 5762 927 5758 5583 5760 5583 5104 5583 5761 5584 5763 5584 5760 5584 5760 5585 5763 5585 5105 5585 5760 5586 5105 5586 5104 5586 5762 5587 5764 5587 5765 5587 5765 5588 5764 5588 5766 5588 5767 5589 5768 5589 5765 5589 5765 5590 5768 5590 5761 5590 5765 5591 5761 5591 5762 5591 5766 5592 5769 5592 5765 5592 5765 5593 5769 5593 5770 5593 5765 5594 5770 5594 5771 5594 5771 5595 5772 5595 5765 5595 5765 5596 5772 5596 5773 5596 5765 5597 5773 5597 5774 5597 5774 5598 5775 5598 5765 5598 5765 5599 5775 5599 5776 5599 5765 5600 5776 5600 5767 5600 5768 5601 5777 5601 5761 5601 5761 5602 5777 5602 5778 5602 5761 5603 5778 5603 5779 5603 5779 5604 5780 5604 5761 5604 5761 5605 5780 5605 5781 5605 5761 5606 5781 5606 5763 5606 5782 5607 5783 5607 5757 5607 5784 5608 5785 5608 5758 5608 5758 5609 5785 5609 5786 5609 5758 5610 5786 5610 5757 5610 5757 5611 5786 5611 5787 5611 5757 5612 5787 5612 5782 5612 5788 5613 5789 5613 5790 5613 5790 5614 5791 5614 5788 5614 5788 5615 5791 5615 5792 5615 5788 5616 5792 5616 5793 5616 5793 5617 5794 5617 5788 5617 5788 5618 5794 5618 5795 5618 5788 5619 5795 5619 5796 5619 5796 5620 5797 5620 5788 5620 5788 5621 5797 5621 5798 5621 5788 5622 5798 5622 5799 5622 5800 5623 5801 5623 5788 5623 5788 5624 5801 5624 5802 5624 5788 5625 5802 5625 5803 5625 5803 5626 5804 5626 5788 5626 5788 5627 5804 5627 5805 5627 5788 5628 5805 5628 5789 5628 5799 5629 5755 5629 5788 5629 5788 5630 5755 5630 5757 5630 5788 5631 5757 5631 5800 5631 5800 5632 5757 5632 5783 5632 5758 5583 5104 5583 5784 5583 5784 5633 5104 5633 5114 5633 5784 5633 5114 5633 5754 5633 5806 1400 5807 1400 5808 1400 5809 1400 5810 1400 5811 1400 4852 1400 578 1400 5812 1400 4854 1400 5813 1400 5814 1400 4852 1400 5812 1400 4854 1400 4854 1400 5812 1400 5815 1400 4854 1400 5815 1400 5813 1400 4854 1400 5816 1400 5817 1400 5814 1400 5818 1400 4854 1400 4854 1400 5818 1400 5819 1400 4854 1400 5819 1400 5820 1400 5821 1400 5809 1400 5808 1400 5808 1400 5809 1400 5811 1400 5808 1400 5811 1400 5806 1400 5817 1400 5822 1400 4854 1400 4854 1400 5822 1400 5823 1400 4854 1400 5823 1400 5824 1400 5825 1400 5826 1400 5827 1400 5827 1400 5826 1400 5828 1400 5827 1400 5828 1400 5829 1400 5830 1400 5831 1400 5832 1400 5832 1400 5831 1400 5833 1400 5820 1400 5834 1400 4854 1400 4854 1400 5834 1400 5835 1400 4854 1400 5835 1400 5809 1400 5821 1400 5836 1400 5809 1400 5809 1400 5836 1400 5837 1400 5809 1400 5837 1400 4854 1400 4854 1400 5837 1400 5838 1400 4854 1400 5838 1400 5816 1400 5824 1400 5839 1400 4854 1400 4854 1400 5839 1400 5840 1400 4854 1400 5840 1400 5841 1400 5829 1400 5842 1400 5827 1400 5827 1400 5842 1400 5843 1400 5827 1400 5843 1400 5844 1400 5831 1400 5845 1400 5833 1400 5833 1400 5845 1400 5846 1400 5833 1400 5846 1400 5841 1400 5841 1400 5846 1400 5847 1400 5841 1400 5847 1400 4854 1400 4854 1400 5847 1400 5848 1400 4854 1400 5848 1400 5849 1400 5849 1400 5850 1400 4854 1400 4854 1400 5850 1400 5851 1400 4854 1400 5851 1400 5827 1400 5827 1400 5851 1400 5852 1400 5827 1400 5852 1400 5825 1400 5853 1400 5832 1400 5854 1400 5854 5634 5832 5634 5855 5634 5853 1400 5856 1400 5832 1400 5832 1400 5856 1400 5857 1400 5832 1400 5857 1400 5830 1400 5844 1400 5858 1400 5827 1400 5827 1400 5858 1400 5859 1400 5827 1400 5859 1400 5860 1400 5861 1400 5862 1400 5863 1400 5863 1400 5862 1400 5827 1400 5863 1400 5827 1400 5864 1400 5864 1400 5827 1400 5865 1400 5866 5635 5865 5635 5867 5635 5867 1400 5865 1400 5827 1400 5867 1400 5827 1400 5868 1400 5868 1400 5827 1400 5860 1400 5754 927 5753 927 5752 927 5869 927 5785 927 5784 927 4672 927 618 927 5870 927 4702 927 5742 927 5741 927 5746 927 5745 927 4702 927 4702 927 5741 927 5523 927 4702 927 5871 927 5872 927 5746 927 4702 927 5747 927 5745 927 5744 927 4702 927 4702 927 5744 927 5743 927 4702 927 5743 927 5742 927 4672 927 5870 927 4702 927 4702 927 5870 927 5873 927 4702 927 5873 927 5871 927 5872 927 5874 927 4702 927 4702 927 5874 927 5875 927 4702 927 5875 927 5876 927 5729 927 5521 927 5730 927 5730 927 5521 927 5523 927 5730 927 5523 927 5731 927 5731 927 5523 927 5732 927 5741 927 5740 927 5523 927 5523 927 5740 927 5739 927 5523 927 5739 927 5738 927 5876 927 5877 927 4702 927 4702 927 5877 927 5878 927 4702 927 5878 927 5869 927 5751 927 5869 927 5752 927 5752 927 5869 927 5784 927 5752 927 5784 927 5754 927 5736 927 5734 927 5523 927 5523 927 5734 927 5733 927 5523 927 5733 927 5732 927 5751 927 5750 927 5869 927 5869 927 5750 927 5749 927 5869 927 5749 927 4702 927 4702 927 5749 927 5748 927 4702 927 5748 927 5747 927 5738 927 5737 927 5523 927 5523 927 5737 927 5735 927 5523 927 5735 927 5736 927 5879 5636 5880 5636 5756 5636 5756 5637 5880 5637 5759 5637 5764 5638 5762 5638 5881 5638 5881 5639 5762 5639 5759 5639 5879 5640 5756 5640 5882 5640 5882 5641 5756 5641 5755 5641 5882 5642 5755 5642 5799 5642 5883 5643 5884 5643 5885 5643 5884 5644 5886 5644 5885 5644 5885 5645 5886 5645 5887 5645 5885 5646 5887 5646 5888 5646 5889 5647 5890 5647 5891 5647 5888 5648 5892 5648 5885 5648 5885 5649 5892 5649 5893 5649 5885 5650 5893 5650 5894 5650 5894 5651 5895 5651 5885 5651 5885 5652 5895 5652 5896 5652 5885 5653 5896 5653 5897 5653 5897 5654 5896 5654 5898 5654 5897 5655 5898 5655 5899 5655 5900 5656 5901 5656 5902 5656 5900 5657 5902 5657 5903 5657 5898 5658 5904 5658 5899 5658 5899 5659 5904 5659 5905 5659 5899 5660 5905 5660 5902 5660 5902 5661 5905 5661 5906 5661 5902 5662 5906 5662 5903 5662 5907 5663 5908 5663 5909 5663 5909 5664 5908 5664 5910 5664 5909 5665 5910 5665 5911 5665 5912 5666 5913 5666 5914 5666 5911 5667 5915 5667 5909 5667 5909 5668 5915 5668 5916 5668 5909 5669 5916 5669 5917 5669 5917 5670 5916 5670 5918 5670 5917 5671 5918 5671 5919 5671 5919 5671 5918 5671 5920 5671 5919 5672 5920 5672 5921 5672 5921 5673 5920 5673 5914 5673 5921 5674 5914 5674 5922 5674 5922 5675 5914 5675 5913 5675 5923 5676 5901 5676 5924 5676 5924 5677 5901 5677 5925 5677 5925 5678 5926 5678 5924 5678 5924 5679 5926 5679 5927 5679 5924 5680 5927 5680 5928 5680 5928 5681 5929 5681 5924 5681 5924 5682 5929 5682 5930 5682 5924 5683 5930 5683 5931 5683 5931 5684 5932 5684 5924 5684 5924 5685 5932 5685 5933 5685 5924 5686 5933 5686 5934 5686 5934 5687 5933 5687 5935 5687 5934 5688 5935 5688 5914 5688 5914 5689 5935 5689 5936 5689 5914 5690 5936 5690 5912 5690 5937 5691 5902 5691 5938 5691 5938 5692 5902 5692 5901 5692 5938 5693 5901 5693 5939 5693 5939 5694 5901 5694 5923 5694 5907 5695 5909 5695 5891 5695 5891 5696 5909 5696 5940 5696 5891 5697 5940 5697 5889 5697 5941 5698 5942 5698 5943 5698 5942 5699 5944 5699 5943 5699 5943 5700 5944 5700 5945 5700 5943 5701 5945 5701 5946 5701 5946 5702 5945 5702 5947 5702 5946 5703 5947 5703 5948 5703 5948 5704 5947 5704 5949 5704 5947 5705 5950 5705 5949 5705 5949 5706 5950 5706 5951 5706 5949 5707 5951 5707 5952 5707 5952 5708 5953 5708 5949 5708 5949 5709 5953 5709 5954 5709 5949 5710 5954 5710 5955 5710 5955 5711 5956 5711 5949 5711 5949 5712 5956 5712 5957 5712 5949 5713 5957 5713 5958 5713 5958 5714 5959 5714 5949 5714 5949 5715 5959 5715 5960 5715 5949 5716 5960 5716 5961 5716 5961 5717 5962 5717 5949 5717 5949 5718 5962 5718 5963 5718 5949 5719 5963 5719 5964 5719 5964 5720 5965 5720 5949 5720 5949 5721 5965 5721 5966 5721 5949 5722 5966 5722 5967 5722 5967 5723 5968 5723 5949 5723 5949 5724 5968 5724 5969 5724 5949 5725 5969 5725 5970 5725 5971 5726 5972 5726 5973 5726 5973 5727 5972 5727 5974 5727 5975 5728 5976 5728 5972 5728 5975 5729 5972 5729 5977 5729 5976 5730 5978 5730 5972 5730 5972 5731 5978 5731 5979 5731 5972 5732 5979 5732 5980 5732 5980 5733 5981 5733 5972 5733 5972 5734 5981 5734 5982 5734 5972 5735 5982 5735 5983 5735 5983 5736 5984 5736 5972 5736 5972 5737 5984 5737 5985 5737 5972 5738 5985 5738 5974 5738 5986 5739 5973 5739 5987 5739 5986 5740 5988 5740 5973 5740 5973 5741 5988 5741 5989 5741 5973 5742 5989 5742 5971 5742 5990 5743 5991 5743 5972 5743 5972 5744 5991 5744 5992 5744 5972 5745 5992 5745 5977 5745 5937 5746 5993 5746 5902 5746 5902 5747 5993 5747 5994 5747 5902 5748 5994 5748 5995 5748 5995 5749 5996 5749 5902 5749 5902 5750 5996 5750 5997 5750 5902 5751 5997 5751 5998 5751 5998 5752 5999 5752 5902 5752 5902 5753 5999 5753 6000 5753 5902 5754 6000 5754 6001 5754 6001 5755 6002 5755 5902 5755 5902 5756 6002 5756 6003 5756 5902 5757 6003 5757 6004 5757 6004 5758 6005 5758 5902 5758 5902 5759 6005 5759 5991 5759 5902 5760 5991 5760 6006 5760 6006 5761 5991 5761 5990 5761 6006 5762 6007 5762 5902 5762 5902 5763 6007 5763 6008 5763 5902 5764 6008 5764 6009 5764 6008 5765 6010 5765 6009 5765 6009 5766 6010 5766 6011 5766 6009 5767 6011 5767 6012 5767 6012 5768 6011 5768 6013 5768 6014 5769 6015 5769 6016 5769 6016 5770 6017 5770 6014 5770 6014 5771 6017 5771 6018 5771 6014 5772 6018 5772 6019 5772 6019 5773 6018 5773 6020 5773 6019 5774 6020 5774 6021 5774 6021 5775 6022 5775 6019 5775 6019 5776 6022 5776 6023 5776 6019 5777 6023 5777 6024 5777 6024 5778 6025 5778 6019 5778 6019 5779 6025 5779 6026 5779 6019 5780 6026 5780 6027 5780 6027 5781 6028 5781 6019 5781 6019 5782 6028 5782 6029 5782 6019 5783 6029 5783 6030 5783 6031 5784 6032 5784 6033 5784 6030 5785 6034 5785 6019 5785 6019 5786 6034 5786 6035 5786 6019 5787 6035 5787 6036 5787 6036 5788 6035 5788 6037 5788 6032 5789 6038 5789 6033 5789 6033 5790 6038 5790 6039 5790 6033 5791 6039 5791 6040 5791 6040 5792 6039 5792 6041 5792 6040 5793 6041 5793 6042 5793 6042 5793 6041 5793 6043 5793 6042 5794 6043 5794 6035 5794 6035 5795 6043 5795 6044 5795 6035 5796 6044 5796 6037 5796 6045 5797 6046 5797 6047 5797 6047 5798 6046 5798 6048 5798 6048 5799 6049 5799 6047 5799 6047 5800 6049 5800 6050 5800 6047 5801 6050 5801 6051 5801 6051 5802 6052 5802 6047 5802 6047 5803 6052 5803 6053 5803 6047 5804 6053 5804 6054 5804 6054 5805 6053 5805 6055 5805 6054 5806 6055 5806 6033 5806 6033 5807 6055 5807 6056 5807 6033 5808 6056 5808 6031 5808 6057 5809 6058 5809 6047 5809 6047 5810 6058 5810 6059 5810 6047 5811 6059 5811 6045 5811 6057 5812 6060 5812 6058 5812 6058 5813 6060 5813 6061 5813 6058 5814 6061 5814 6062 5814 6062 5815 6063 5815 6058 5815 6058 5816 6063 5816 6064 5816 6058 5817 6064 5817 6065 5817 6066 5818 6067 5818 6068 5818 6066 5819 6068 5819 6069 5819 6065 5820 6069 5820 6058 5820 6058 5821 6069 5821 6068 5821 6058 5822 6068 5822 6070 5822 6070 5823 6068 5823 6012 5823 6070 5824 6012 5824 6071 5824 6071 5825 6012 5825 6013 5825 6072 5826 6073 5826 6068 5826 6067 5827 6074 5827 6068 5827 6068 5828 6074 5828 6075 5828 6068 5829 6075 5829 6076 5829 6076 5830 6077 5830 6068 5830 6068 5831 6077 5831 6078 5831 6068 5832 6078 5832 6079 5832 6079 5833 6080 5833 6068 5833 6068 5834 6080 5834 6081 5834 6068 5835 6081 5835 6072 5835 6073 5836 6082 5836 6068 5836 6068 5837 6082 5837 6083 5837 6068 5838 6083 5838 6084 5838 6084 5839 6085 5839 6068 5839 6068 5840 6085 5840 6086 5840 6068 5841 6086 5841 6087 5841 6088 5842 6089 5842 6090 5842 6090 5843 6091 5843 6088 5843 6088 5844 6091 5844 6092 5844 6088 5845 6092 5845 6093 5845 6093 5846 6094 5846 6088 5846 6088 5847 6094 5847 6095 5847 6088 5848 6095 5848 6096 5848 6096 5849 6097 5849 6088 5849 6088 5850 6097 5850 6098 5850 6088 5851 6098 5851 6099 5851 6099 5852 6098 5852 6015 5852 6099 5853 6015 5853 6100 5853 6100 5854 6015 5854 6014 5854 6099 5855 6101 5855 6088 5855 6088 5856 6101 5856 6102 5856 6088 5857 6102 5857 6103 5857 6104 5858 6105 5858 6106 5858 6106 5859 6105 5859 6107 5859 6106 5860 6107 5860 6108 5860 6108 5861 6109 5861 6106 5861 6106 5862 6109 5862 6110 5862 6106 5863 6110 5863 6111 5863 6111 5864 6110 5864 6112 5864 6111 5865 6112 5865 5987 5865 5987 5865 6112 5865 6113 5865 5987 5866 6113 5866 5986 5866 6103 5867 6114 5867 6088 5867 6088 5868 6114 5868 6115 5868 6088 5869 6115 5869 6116 5869 6116 5870 6115 5870 6117 5870 6116 5871 6117 5871 6118 5871 6118 5872 6117 5872 6119 5872 6118 5873 6119 5873 5943 5873 5943 5874 6119 5874 6120 5874 5943 5875 6120 5875 6121 5875 6122 5876 6123 5876 6124 5876 6123 5877 6125 5877 6124 5877 6124 5878 6125 5878 6126 5878 6124 5879 6126 5879 6127 5879 6127 5880 6128 5880 6124 5880 6124 5881 6128 5881 6129 5881 6124 5882 6129 5882 6106 5882 6106 5883 6129 5883 6130 5883 6106 5884 6130 5884 6104 5884 6131 5885 6132 5885 6124 5885 6124 5886 6132 5886 6133 5886 6124 5887 6133 5887 6122 5887 6131 5888 6134 5888 6132 5888 6132 5889 6134 5889 6135 5889 6132 5890 6135 5890 6136 5890 6136 5891 6137 5891 6132 5891 6132 5892 6137 5892 6138 5892 6132 5893 6138 5893 6139 5893 6140 5894 5943 5894 6139 5894 6139 5895 5943 5895 6121 5895 6139 5896 6121 5896 6132 5896 6140 5897 6141 5897 5943 5897 5943 5898 6141 5898 6142 5898 5943 5899 6142 5899 6143 5899 6143 5900 6144 5900 5943 5900 5943 5901 6144 5901 6145 5901 5943 5902 6145 5902 6146 5902 6146 5903 6147 5903 5943 5903 5943 5904 6147 5904 6148 5904 5943 5905 6148 5905 6149 5905 6149 5906 6150 5906 5943 5906 5943 5907 6150 5907 6151 5907 5943 5908 6151 5908 6152 5908 6153 5909 6154 5909 5943 5909 6152 5910 6155 5910 5943 5910 5943 5911 6155 5911 6156 5911 5943 5912 6156 5912 6157 5912 6153 5913 5943 5913 6158 5913 6157 5914 6159 5914 5943 5914 5943 5915 6159 5915 6160 5915 5943 5916 6160 5916 6158 5916 5890 5917 5941 5917 5891 5917 5891 5918 5941 5918 5943 5918 5891 5919 5943 5919 6161 5919 6161 5920 5943 5920 6154 5920 6087 5921 6162 5921 6068 5921 6068 5922 6162 5922 6163 5922 6068 5923 6163 5923 6164 5923 6164 5924 6163 5924 6165 5924 6164 5925 6165 5925 6166 5925 6166 5926 6165 5926 6167 5926 6167 5927 6168 5927 6166 5927 6166 5928 6168 5928 6169 5928 6166 5929 6169 5929 6170 5929 6170 5930 6171 5930 6166 5930 6166 5931 6171 5931 6172 5931 6166 5932 6172 5932 6173 5932 6173 5933 6174 5933 6166 5933 6166 5934 6174 5934 6175 5934 6166 5935 6175 5935 6176 5935 6177 5936 6178 5936 6179 5936 6179 5937 6178 5937 6180 5937 6179 5938 6180 5938 6181 5938 6181 5939 6182 5939 6179 5939 6179 5940 6182 5940 6183 5940 6179 5941 6183 5941 6184 5941 6184 5942 6185 5942 6179 5942 6179 5943 6185 5943 6186 5943 6179 5944 6186 5944 6187 5944 6188 5945 6189 5945 6088 5945 6088 5946 6189 5946 6190 5946 6088 5947 6190 5947 6089 5947 6187 5948 6191 5948 6179 5948 6179 5949 6191 5949 6189 5949 6179 5950 6189 5950 6192 5950 6192 5951 6189 5951 6188 5951 5970 5952 5883 5952 5949 5952 5949 5643 5883 5643 5885 5643 5949 5953 5885 5953 6193 5953 6193 5954 5885 5954 6194 5954 6193 5955 6194 5955 6195 5955 6195 5956 6194 5956 6196 5956 6195 5957 6196 5957 5880 5957 5880 5958 6196 5958 6197 5958 5880 5637 6197 5637 5759 5637 5759 5959 6197 5959 6198 5959 5759 5960 6198 5960 5881 5960 6176 5961 6177 5961 6166 5961 6166 5962 6177 5962 6179 5962 6166 5963 6179 5963 6199 5963 6199 5964 6179 5964 6200 5964 6199 5965 6200 5965 596 5965 596 5965 6200 5965 625 5965 6201 86 6202 86 5509 86 5509 86 6202 86 6203 86 5509 86 6203 86 6204 86 6205 86 6206 86 6207 86 6207 86 6206 86 6208 86 6207 86 6208 86 6209 86 6210 86 6211 86 5520 86 6212 86 6213 86 5515 86 6214 86 6215 86 5509 86 5509 86 6215 86 6216 86 6217 86 6218 86 5509 86 5509 86 6218 86 6219 86 5509 86 6219 86 6220 86 6204 86 6221 86 5509 86 5509 86 6221 86 6222 86 5509 86 6222 86 6214 86 6209 86 6223 86 6207 86 6207 86 6223 86 6224 86 6207 86 6224 86 6225 86 6226 86 6227 86 6228 86 6228 86 6227 86 6229 86 6212 86 5515 86 6230 86 6231 86 6232 86 6233 86 6233 86 6232 86 6217 86 6233 86 6217 86 6234 86 6220 86 6235 86 5509 86 5509 86 6235 86 6236 86 5509 86 6236 86 6227 86 6227 86 6236 86 6237 86 6233 86 6238 86 6231 86 6231 86 6238 86 6239 86 6231 86 6239 86 6240 86 6240 86 6239 86 6207 86 6240 86 6207 86 6241 86 6241 86 6207 86 6225 86 6237 86 6242 86 6227 86 6227 86 6242 86 6243 86 6227 86 6243 86 6244 86 6216 86 6245 86 5509 86 5509 86 6245 86 6246 86 5509 86 6246 86 6217 86 6217 86 6246 86 6247 86 6217 86 6247 86 6234 86 6244 86 6248 86 6227 86 6227 86 6248 86 6249 86 6227 86 6249 86 6229 86 6226 86 6250 86 6227 86 6227 86 6250 86 6251 86 6227 86 6251 86 5520 86 6211 86 6252 86 5520 86 5520 86 6252 86 6253 86 5520 86 6253 86 5515 86 5515 86 6253 86 6254 86 5515 86 6254 86 6255 86 6213 86 6256 86 5515 86 5515 86 6256 86 6257 86 5515 86 6257 86 6258 86 6258 86 6259 86 5515 86 5515 86 6259 86 6260 86 5515 86 6260 86 5509 86 5509 86 6260 86 6261 86 5509 86 6261 86 6201 86 6251 86 6262 86 5520 86 5520 86 6262 86 6263 86 5520 86 6263 86 6264 86 5520 86 6265 86 6266 86 6255 86 6267 86 5515 86 5515 86 6267 86 6268 86 5515 86 6268 86 6230 86 6264 86 6269 86 5520 86 5520 86 6269 86 6270 86 5520 86 6270 86 6265 86 6266 86 6271 86 5520 86 5520 86 6271 86 6272 86 5520 86 6272 86 6205 86 6207 86 6273 86 6205 86 6205 86 6273 86 6274 86 6205 86 6274 86 5520 86 5520 86 6274 86 6275 86 5520 86 6275 86 6210 86 4689 5966 5517 5966 5516 5966 4616 4810 4618 4810 5508 4810 4542 4810 4544 4810 5516 4810 4636 5967 4696 5967 4634 5967 4634 5968 4696 5968 4632 5968 4636 5969 4638 5969 4696 5969 4696 5970 4638 5970 4640 5970 4696 5971 4640 5971 4642 5971 6276 5972 4696 5972 4648 5972 4630 4810 4632 4810 4574 4810 5516 4810 4550 4810 4552 4810 4642 5973 4644 5973 4696 5973 4696 5974 4644 5974 4646 5974 4696 5975 4646 5975 4648 5975 4544 4810 4546 4810 5516 4810 5516 4810 4546 4810 4548 4810 5516 4810 4548 4810 4550 4810 4552 4810 4554 4810 5516 4810 5516 4810 4554 4810 4556 4810 5516 5976 4556 5976 4689 5976 4689 5977 4556 5977 4558 5977 4689 5968 4558 5968 4696 5968 4696 5968 4558 5968 4560 5968 4622 4810 4624 4810 4574 4810 4584 4810 4586 4810 4618 4810 6276 4810 4660 4810 4662 4810 4560 5978 4562 5978 4696 5978 4696 5979 4562 5979 4564 5979 4696 5980 4564 5980 4632 5980 4632 4810 4564 4810 4566 4810 4632 4810 4566 4810 4568 4810 4568 4810 4570 4810 4632 4810 4632 4810 4570 4810 4572 4810 4632 4810 4572 4810 4574 4810 4624 4810 4626 4810 4574 4810 4574 4810 4626 4810 4628 4810 4574 4810 4628 4810 4630 4810 4590 4810 4592 4810 5508 4810 5508 4810 4592 4810 4594 4810 4648 4810 4650 4810 6276 4810 6276 4810 4650 4810 4652 4810 6276 4810 4652 4810 4654 4810 4662 4810 4664 4810 6276 4810 6276 4810 4664 4810 4666 4810 6276 4810 4666 4810 4668 4810 4602 4810 4604 4810 5508 4810 4576 4810 4578 4810 4618 4810 4618 4810 4586 4810 5508 4810 5508 4810 4586 4810 4588 4810 5508 4810 4588 4810 4590 4810 5508 4810 4532 4810 4534 4810 4654 4810 4656 4810 6276 4810 6276 4810 4656 4810 4658 4810 6276 4810 4658 4810 4660 4810 4668 4810 4596 4810 6276 4810 6276 4810 4596 4810 4598 4810 6276 4810 4598 4810 5508 4810 5508 4810 4598 4810 4600 4810 5508 4810 4600 4810 4602 4810 4604 4810 4606 4810 5508 4810 5508 4810 4606 4810 4608 4810 5508 4810 4608 4810 4610 4810 4610 4810 4612 4810 5508 4810 5508 4810 4612 4810 4614 4810 5508 4810 4614 4810 4616 4810 4578 4810 4580 4810 4618 4810 4618 4810 4580 4810 4582 4810 4618 4810 4582 4810 4584 4810 4594 4810 4522 4810 5508 4810 5508 4810 4522 4810 4524 4810 5508 4810 4524 4810 4526 4810 4526 4810 4528 4810 5508 4810 5508 4810 4528 4810 4530 4810 5508 4810 4530 4810 4532 4810 4576 4810 4618 4810 4574 4810 4574 4810 4618 4810 4620 4810 4574 4810 4620 4810 4622 4810 4534 4810 4536 4810 5508 4810 5508 4810 4536 4810 4538 4810 5508 4810 4538 4810 5516 4810 5516 4810 4538 4810 4540 4810 5516 4810 4540 4810 4542 4810 6227 1400 5520 1400 6276 1400 6276 1400 5520 1400 5514 1400 6276 927 5514 927 4696 927 4696 1400 5514 1400 5580 1400 4696 927 5580 927 5566 927 5827 958 5862 958 6276 958 6276 958 5862 958 6227 958 6277 5981 6278 5981 6279 5981 6279 5982 6280 5982 6277 5982 6277 5983 6280 5983 6281 5983 6277 5984 6281 5984 6282 5984 6282 5985 6283 5985 6277 5985 6277 5986 6283 5986 6284 5986 6277 5987 6284 5987 6285 5987 6285 5988 6286 5988 6277 5988 6277 5989 6286 5989 6287 5989 6277 5990 6287 5990 6288 5990 6288 5991 6289 5991 6277 5991 6277 5992 6289 5992 6290 5992 6277 5993 6290 5993 6291 5993 6291 5994 6292 5994 6277 5994 6277 5995 6292 5995 6293 5995 6277 5996 6293 5996 6294 5996 6295 5997 6296 5997 6297 5997 6297 5998 6296 5998 6298 5998 6298 5999 6299 5999 6297 5999 6297 6000 6299 6000 6300 6000 6297 6001 6300 6001 6301 6001 6301 6002 6302 6002 6297 6002 6297 6003 6302 6003 6303 6003 6297 6004 6303 6004 6304 6004 6304 6005 6305 6005 6297 6005 6297 6006 6305 6006 6306 6006 6297 6007 6306 6007 6307 6007 6308 6008 6307 6008 6309 6008 6308 6009 6310 6009 6307 6009 6307 6010 6310 6010 6311 6010 6307 6011 6311 6011 6312 6011 6312 6012 6313 6012 6307 6012 6307 6013 6313 6013 6314 6013 6307 6014 6314 6014 6315 6014 6315 6015 6316 6015 6307 6015 6307 6016 6316 6016 6317 6016 6307 6017 6317 6017 6297 6017 6318 6018 6319 6018 6320 6018 6320 6019 6319 6019 6321 6019 6318 6020 6322 6020 6319 6020 6319 6021 6322 6021 6323 6021 6319 6022 6323 6022 6309 6022 6309 6023 6323 6023 6324 6023 6309 6024 6324 6024 6308 6024 6325 6025 6326 6025 6297 6025 6297 6026 6326 6026 6277 6026 6297 6027 6277 6027 6295 6027 6295 6028 6277 6028 6294 6028 6325 6029 6327 6029 6326 6029 6326 6030 6327 6030 6328 6030 6326 6031 6328 6031 6329 6031 6328 6032 6330 6032 6329 6032 6329 6033 6330 6033 6331 6033 6329 6034 6331 6034 6332 6034 6332 6035 6331 6035 6333 6035 6332 6036 6333 6036 6334 6036 6335 6037 6336 6037 6332 6037 6335 6038 6332 6038 6337 6038 6336 6039 6338 6039 6332 6039 6332 6040 6338 6040 6339 6040 6332 6041 6339 6041 6340 6041 6340 6042 6341 6042 6332 6042 6332 6043 6341 6043 6342 6043 6332 6044 6342 6044 6343 6044 6343 6045 6344 6045 6332 6045 6332 6046 6344 6046 6345 6046 6332 6047 6345 6047 6346 6047 6346 6048 6347 6048 6332 6048 6332 6049 6347 6049 6348 6049 6332 6050 6348 6050 6349 6050 6350 6051 6351 6051 6352 6051 6352 6052 6351 6052 6353 6052 6352 6053 6353 6053 6354 6053 6354 6054 6355 6054 6352 6054 6352 6055 6355 6055 6356 6055 6352 6056 6356 6056 6357 6056 6357 6057 6358 6057 6352 6057 6352 6058 6358 6058 6359 6058 6352 6059 6359 6059 6360 6059 6360 6060 6361 6060 6352 6060 6352 6061 6361 6061 6362 6061 6352 6062 6362 6062 6363 6062 6363 6063 6364 6063 6352 6063 6352 6064 6364 6064 6365 6064 6352 6065 6365 6065 6366 6065 6366 6066 6367 6066 6352 6066 6352 6067 6367 6067 6368 6067 6352 6068 6368 6068 6369 6068 6369 6069 6370 6069 6352 6069 6352 6070 6370 6070 6371 6070 6352 6071 6371 6071 6372 6071 6373 6072 6374 6072 6375 6072 6375 6073 6374 6073 6376 6073 6375 6074 6376 6074 6377 6074 6373 6075 6378 6075 6374 6075 6374 6076 6378 6076 6379 6076 6374 6077 6379 6077 6380 6077 6380 6078 6381 6078 6374 6078 6374 6079 6381 6079 6382 6079 6374 6080 6382 6080 6383 6080 6383 6081 6384 6081 6385 6081 6385 6082 6386 6082 6383 6082 6383 6083 6386 6083 6387 6083 6383 6084 6387 6084 6388 6084 6388 6085 6389 6085 6383 6085 6383 6086 6389 6086 6390 6086 6383 6087 6390 6087 6374 6087 6372 6088 6377 6088 6352 6088 6352 6089 6377 6089 6376 6089 6352 6090 6376 6090 6391 6090 6392 6091 6393 6091 6394 6091 6394 6092 6393 6092 6395 6092 6395 6093 6396 6093 6394 6093 6394 6094 6396 6094 6397 6094 6394 6095 6397 6095 6398 6095 6398 6096 6397 6096 6399 6096 6398 6097 6399 6097 6400 6097 6399 6097 6401 6097 6400 6097 6400 6098 6401 6098 6402 6098 6400 6099 6402 6099 6403 6099 6403 6100 6402 6100 6404 6100 6404 6101 6405 6101 6403 6101 6403 6102 6405 6102 6406 6102 6403 6103 6406 6103 6407 6103 6407 6104 6408 6104 6403 6104 6403 6105 6408 6105 6409 6105 6403 6106 6409 6106 6383 6106 6383 6107 6409 6107 6410 6107 6383 6108 6410 6108 6384 6108 6411 6109 6412 6109 6413 6109 6376 6110 6414 6110 6391 6110 6391 6111 6414 6111 6415 6111 6391 6112 6415 6112 6416 6112 6416 6113 6415 6113 6417 6113 6416 6114 6417 6114 6413 6114 6413 6115 6417 6115 6418 6115 6413 6116 6418 6116 6411 6116 6419 6117 6420 6117 6421 6117 6421 6118 6420 6118 6413 6118 6421 6119 6413 6119 6422 6119 6422 6120 6413 6120 6412 6120 6420 6121 6423 6121 6413 6121 6413 6122 6423 6122 6424 6122 6413 6123 6424 6123 6425 6123 6425 6124 6426 6124 6413 6124 6413 6125 6426 6125 6427 6125 6413 6126 6427 6126 6428 6126 6428 6127 6429 6127 6413 6127 6413 6128 6429 6128 6430 6128 6413 6129 6430 6129 6431 6129 6394 6130 6432 6130 6392 6130 6392 6131 6432 6131 6433 6131 6392 6132 6433 6132 6434 6132 6434 6133 6435 6133 6392 6133 6392 6134 6435 6134 6436 6134 6392 6135 6436 6135 6437 6135 6437 6136 6438 6136 6392 6136 6392 6137 6438 6137 6439 6137 6392 6138 6439 6138 6440 6138 6440 6139 6441 6139 6392 6139 6392 6140 6441 6140 6442 6140 6392 6141 6442 6141 6443 6141 6334 6142 6444 6142 6332 6142 6332 6143 6444 6143 6445 6143 6332 6144 6445 6144 6337 6144 6337 6145 6445 6145 6392 6145 6337 6146 6392 6146 6446 6146 6446 6147 6392 6147 6443 6147 6447 6148 6448 6148 6449 6148 6449 6149 6448 6149 6450 6149 6449 6150 6450 6150 6451 6150 6321 6151 6319 6151 6452 6151 6452 6152 6319 6152 6453 6152 6452 6153 6453 6153 6451 6153 6451 6153 6453 6153 6454 6153 6451 6154 6454 6154 6449 6154 6447 6155 6449 6155 6455 6155 6455 6156 6449 6156 6456 6156 6455 6157 6456 6157 6457 6157 6457 6158 6458 6158 6455 6158 6455 6159 6458 6159 6459 6159 6455 6160 6459 6160 6460 6160 6460 6161 6461 6161 6455 6161 6455 6162 6461 6162 6462 6162 6455 6163 6462 6163 6463 6163 6463 6164 6464 6164 6455 6164 6455 6165 6464 6165 6465 6165 6455 6166 6465 6166 6466 6166 6419 6167 6467 6167 6420 6167 6420 6168 6467 6168 6468 6168 6420 6169 6468 6169 6469 6169 6466 6170 6470 6170 6455 6170 6455 6171 6470 6171 6471 6171 6455 6172 6471 6172 6468 6172 6468 6173 6471 6173 6472 6173 6468 6174 6472 6174 6469 6174 6349 6175 6473 6175 6474 6175 6473 6176 6475 6176 6474 6176 6474 6177 6475 6177 6476 6177 6474 6178 6476 6178 6477 6178 6478 6179 6477 6179 6479 6179 6478 6180 6480 6180 6477 6180 6477 6181 6480 6181 6481 6181 6477 6182 6481 6182 6482 6182 6482 6183 6483 6183 6477 6183 6477 6184 6483 6184 6484 6184 6477 6185 6484 6185 6485 6185 6485 6186 6486 6186 6477 6186 6477 6187 6486 6187 6487 6187 6477 6188 6487 6188 6474 6188 6488 6189 6489 6189 6490 6189 6490 6190 6489 6190 6491 6190 6488 6191 6492 6191 6489 6191 6489 6192 6492 6192 6493 6192 6489 6193 6493 6193 6479 6193 6479 6194 6493 6194 6494 6194 6479 6195 6494 6195 6478 6195 6349 6196 6474 6196 6332 6196 6332 6197 6474 6197 6495 6197 6332 6198 6495 6198 6496 6198 6496 6199 6495 6199 6497 6199 6496 6200 6497 6200 6498 6200 6499 6201 6500 6201 6501 6201 6498 6202 6502 6202 6496 6202 6496 6203 6502 6203 6503 6203 6496 6204 6503 6204 6504 6204 6504 6205 6503 6205 6505 6205 6504 6206 6505 6206 6501 6206 6501 6207 6505 6207 6506 6207 6501 6208 6506 6208 6499 6208 6500 6209 6507 6209 6501 6209 6501 6210 6507 6210 6508 6210 6501 6211 6508 6211 6509 6211 6509 6212 6510 6212 6501 6212 6501 6213 6510 6213 6511 6213 6501 6214 6511 6214 6512 6214 6513 6215 6514 6215 6515 6215 6515 6216 6514 6216 6516 6216 6516 6217 6517 6217 6515 6217 6515 6218 6517 6218 6518 6218 6515 6219 6518 6219 6519 6219 6519 6220 6520 6220 6515 6220 6515 6221 6520 6221 6521 6221 6515 6222 6521 6222 6522 6222 6522 6223 6523 6223 6515 6223 6515 6224 6523 6224 6524 6224 6515 6225 6524 6225 6525 6225 6525 6226 6526 6226 6515 6226 6515 6227 6526 6227 6527 6227 6515 6228 6527 6228 6528 6228 6528 6229 6529 6229 6515 6229 6515 6230 6529 6230 6530 6230 6515 6231 6530 6231 6531 6231 6531 6232 6530 6232 6532 6232 6531 6233 6532 6233 6533 6233 6533 6234 6534 6234 6531 6234 6531 6235 6534 6235 6535 6235 6531 6236 6535 6236 6536 6236 6536 6237 6535 6237 6537 6237 6536 6238 6537 6238 6352 6238 6352 6239 6537 6239 6538 6239 6352 6240 6538 6240 6539 6240 6539 6241 6540 6241 6352 6241 6352 6242 6540 6242 6541 6242 6352 6243 6541 6243 6350 6243 6350 6244 6541 6244 6542 6244 6350 6245 6542 6245 6543 6245 6544 6246 6545 6246 6546 6246 6546 6247 6545 6247 6350 6247 6546 6248 6350 6248 6547 6248 6547 6249 6350 6249 6543 6249 6491 6250 6489 6250 6548 6250 6548 6251 6489 6251 6549 6251 6548 6252 6549 6252 6550 6252 6549 6252 6551 6252 6550 6252 6550 6253 6551 6253 6552 6253 6550 6254 6552 6254 6544 6254 6544 6255 6552 6255 6553 6255 6544 6256 6553 6256 6554 6256 6554 6257 6555 6257 6544 6257 6544 6258 6555 6258 6556 6258 6544 6259 6556 6259 6545 6259 6431 6260 6557 6260 6413 6260 6413 6261 6557 6261 6558 6261 6413 6262 6558 6262 6559 6262 6559 6263 6558 6263 6560 6263 6559 6264 6560 6264 6561 6264 6560 6265 6562 6265 6561 6265 6561 6266 6562 6266 6563 6266 6561 6267 6563 6267 6564 6267 6564 6268 6565 6268 6561 6268 6561 6269 6565 6269 6566 6269 6561 6270 6566 6270 6567 6270 6567 6271 6568 6271 6561 6271 6561 6272 6568 6272 6569 6272 6561 6273 6569 6273 6570 6273 6571 6274 6572 6274 6573 6274 6573 6275 6572 6275 6574 6275 6573 6276 6574 6276 6575 6276 6575 6277 6576 6277 6573 6277 6573 6278 6576 6278 6577 6278 6573 6279 6577 6279 6578 6279 6578 6280 6579 6280 6573 6280 6573 6281 6579 6281 6580 6281 6573 6282 6580 6282 6581 6282 6581 6283 6582 6283 6573 6283 6573 6284 6582 6284 6583 6284 6573 6285 6583 6285 6584 6285 6278 6286 6277 6286 6584 6286 6584 6287 6277 6287 6585 6287 6584 6288 6585 6288 6573 6288 585 6289 639 6289 6586 6289 6586 6290 639 6290 6587 6290 6586 6291 6587 6291 6573 6291 6573 6292 6587 6292 6561 6292 6573 6293 6561 6293 6571 6293 6571 6294 6561 6294 6570 6294 6512 6295 6513 6295 6501 6295 6501 6295 6513 6295 6515 6295 6501 6296 6515 6296 6588 6296 6588 6297 6515 6297 6589 6297 6588 6298 6589 6298 6590 6298 6590 6299 6589 6299 6591 6299 6590 6300 6591 6300 6592 6300 6591 6301 6593 6301 6592 6301 6592 6302 6593 6302 6594 6302 6592 6303 6594 6303 6595 6303 6595 6304 6594 6304 6596 6304 6595 6305 6596 6305 6597 6305 6597 6306 6596 6306 6598 6306 6597 6307 6598 6307 6599 6307 5420 6308 5422 6308 5862 6308 5408 6309 5410 6309 5861 6309 5861 6310 5410 6310 5412 6310 5497 6311 5499 6311 5509 6311 5509 6312 5499 6312 5501 6312 5509 6313 5501 6313 5503 6313 5459 6314 5461 6314 5172 6314 5172 6315 5461 6315 5463 6315 5422 6316 5424 6316 5862 6316 5862 6317 5424 6317 5426 6317 5862 6318 5426 6318 5428 6318 5511 6319 5443 6319 5445 6319 5402 6320 5404 6320 5861 6320 5861 6321 5404 6321 5406 6321 5861 6322 5406 6322 5408 6322 5475 6323 5861 6323 5473 6323 5473 6324 5861 6324 5172 6324 5473 6325 5172 6325 5471 6325 5471 6326 5172 6326 5469 6326 5485 86 5386 86 5388 86 5396 6327 5398 6327 5861 6327 5861 6328 5398 6328 5400 6328 5861 6329 5400 6329 5402 6329 5503 6330 5505 6330 5509 6330 5509 6331 5505 6331 5507 6331 5509 6332 5507 6332 5511 6332 5511 6333 5507 6333 5435 6333 5511 6334 5435 6334 5437 6334 5437 6335 5439 6335 5511 6335 5511 6336 5439 6336 5441 6336 5511 6337 5441 6337 5443 6337 5451 6338 5512 6338 5449 6338 5449 6339 5512 6339 5511 6339 5449 6340 5511 6340 5447 6340 5447 6341 5511 6341 5445 6341 5463 6342 5465 6342 5172 6342 5172 6343 5465 6343 5467 6343 5172 6344 5467 6344 5469 6344 5412 6345 5414 6345 5861 6345 5861 6346 5414 6346 5416 6346 5861 6347 5416 6347 5862 6347 5862 6348 5416 6348 5418 6348 5862 6349 5418 6349 5420 6349 5428 6350 5430 6350 5862 6350 5862 6351 5430 6351 5432 6351 5862 6332 5432 6332 6227 6332 6227 6352 5432 6352 5360 6352 6227 6334 5360 6334 5362 6334 5362 6353 5364 6353 6227 6353 6227 6354 5364 6354 5366 6354 6227 6355 5366 6355 5368 6355 5475 6356 5477 6356 5861 6356 5861 6357 5477 6357 5479 6357 5861 6358 5479 6358 5481 6358 5481 6359 5483 6359 5861 6359 5861 6360 5483 6360 5485 6360 5861 6361 5485 6361 5396 6361 5396 6362 5485 6362 5394 6362 5172 6363 5171 6363 5512 6363 5368 6364 5370 6364 6227 6364 6227 6365 5370 6365 5372 6365 6227 6366 5372 6366 5509 6366 5380 6367 5382 6367 5485 6367 5485 86 5382 86 5384 86 5485 86 5384 86 5386 86 5491 6368 5493 6368 5509 6368 5509 6369 5493 6369 5495 6369 5509 6370 5495 6370 5497 6370 5388 6371 5390 6371 5485 6371 5485 6372 5390 6372 5392 6372 5485 6373 5392 6373 5394 6373 5451 6374 5453 6374 5512 6374 5512 6375 5453 6375 5455 6375 5512 6376 5455 6376 5172 6376 5172 6377 5455 6377 5457 6377 5172 6378 5457 6378 5459 6378 5485 6379 5487 6379 5509 6379 5509 6380 5487 6380 5489 6380 5509 6381 5489 6381 5491 6381 5372 6382 5374 6382 5509 6382 5509 6383 5374 6383 5376 6383 5509 6384 5376 6384 5485 6384 5485 6385 5376 6385 5378 6385 5485 6386 5378 6386 5380 6386 6598 86 6600 86 6599 86 6599 86 6600 86 6601 86 5847 1400 5849 1400 5848 1400 5857 1400 5831 1400 5830 1400 5847 6387 5846 6387 6602 6387 6602 6388 5846 6388 5845 6388 6602 6389 5845 6389 5831 6389 6603 6390 6604 6390 5855 6390 5855 6391 6604 6391 5854 6391 6603 6392 6605 6392 6604 6392 6604 6393 6605 6393 5856 6393 6604 6394 5856 6394 5854 6394 5854 1400 5856 1400 5853 1400 5850 6395 5849 6395 6606 6395 6606 6396 5849 6396 5847 6396 6606 6397 5847 6397 6607 6397 6607 6398 5847 6398 6602 6398 6605 6399 6608 6399 5856 6399 5856 6400 6608 6400 6609 6400 5856 6401 6609 6401 5857 6401 5857 6402 6609 6402 6610 6402 5857 6403 6610 6403 5831 6403 5831 6404 6610 6404 6611 6404 5831 6405 6611 6405 6602 6405 6612 6406 6613 6406 6614 6406 5867 6407 5868 6407 6615 6407 5858 6408 5844 6408 6616 6408 6608 6409 6605 6409 6617 6409 6617 6410 6605 6410 6603 6410 6608 6411 6618 6411 6609 6411 6609 6412 6618 6412 6619 6412 6609 6413 6619 6413 6610 6413 6610 6414 6619 6414 6620 6414 6610 6415 6620 6415 6611 6415 6611 6416 6620 6416 6602 6416 6602 6417 6620 6417 6621 6417 6602 6418 6621 6418 6607 6418 6607 6419 6621 6419 6622 6419 6607 6420 6622 6420 6606 6420 6606 6421 6622 6421 5850 6421 5850 6422 6622 6422 6623 6422 5850 6423 6623 6423 5851 6423 5851 6424 6623 6424 6624 6424 5851 6425 6624 6425 5852 6425 5852 6426 6624 6426 6625 6426 5852 6427 6625 6427 5825 6427 5825 6428 6625 6428 6626 6428 5825 6429 6626 6429 5826 6429 5843 6430 5842 6430 6627 6430 6627 6431 5842 6431 5829 6431 6627 6432 5829 6432 6628 6432 6628 6433 5829 6433 5828 6433 6628 6434 5828 6434 6629 6434 6629 6435 5828 6435 5826 6435 6629 6436 5826 6436 6630 6436 6630 6437 5826 6437 6626 6437 5860 6438 5859 6438 6631 6438 6631 6439 5859 6439 6632 6439 6631 6440 6632 6440 6633 6440 6634 6441 6635 6441 6636 6441 6636 6442 6635 6442 6637 6442 6636 6443 6637 6443 6615 6443 6615 6444 6637 6444 5866 6444 6615 6445 5866 6445 5867 6445 6638 6446 6639 6446 6640 6446 6640 6447 6639 6447 6641 6447 6640 6448 6641 6448 6642 6448 6642 6449 6641 6449 6643 6449 6642 6450 6643 6450 6644 6450 6644 6451 6643 6451 6645 6451 6644 6452 6645 6452 6646 6452 6647 6453 6648 6453 6649 6453 6649 6454 6648 6454 6650 6454 6651 6455 6652 6455 6653 6455 6653 6456 6652 6456 6654 6456 6653 6457 6654 6457 6655 6457 6612 6458 6656 6458 6613 6458 6613 6459 6656 6459 6657 6459 6613 6460 6657 6460 6658 6460 6659 6461 6660 6461 6661 6461 6661 6462 6660 6462 6662 6462 6661 6463 6662 6463 6663 6463 6663 6464 6664 6464 6661 6464 6661 6465 6664 6465 6665 6465 6661 6466 6665 6466 6614 6466 6614 6467 6665 6467 6666 6467 6614 6468 6666 6468 6612 6468 6667 6469 6661 6469 6668 6469 6668 6470 6661 6470 6669 6470 6668 6471 6669 6471 6670 6471 6667 6472 6671 6472 6661 6472 6661 6473 6671 6473 6672 6473 6661 6474 6672 6474 6673 6474 6673 6475 6674 6475 6661 6475 6661 6476 6674 6476 6675 6476 6661 6477 6675 6477 6676 6477 6676 6478 6677 6478 6661 6478 6661 6479 6677 6479 6678 6479 6661 6480 6678 6480 6659 6480 6679 6481 6680 6481 6681 6481 6681 6482 6680 6482 6682 6482 6681 6483 6682 6483 6669 6483 6669 6484 6682 6484 6683 6484 6669 6485 6683 6485 6670 6485 6684 6486 6685 6486 6686 6486 6686 6487 6685 6487 6687 6487 6688 6488 6689 6488 6690 6488 6690 6489 6689 6489 6691 6489 6690 6490 6691 6490 6692 6490 6692 6491 6691 6491 6687 6491 6692 6492 6687 6492 6693 6492 6693 6493 6687 6493 6685 6493 6693 6494 6685 6494 6679 6494 6679 6495 6685 6495 6684 6495 6679 6496 6684 6496 6680 6496 6694 6497 6695 6497 6696 6497 6696 6498 6695 6498 6697 6498 6696 6499 6697 6499 6698 6499 6603 6500 6699 6500 6617 6500 6617 6501 6699 6501 6698 6501 6617 6502 6698 6502 6700 6502 6700 6503 6698 6503 6697 6503 6701 6504 6702 6504 6703 6504 6703 6505 6702 6505 6704 6505 6703 6506 6704 6506 6705 6506 6705 6507 6704 6507 6706 6507 6705 6508 6706 6508 6707 6508 6707 6509 6706 6509 6708 6509 6707 6510 6708 6510 6709 6510 6709 6511 6708 6511 6710 6511 6709 6512 6710 6512 6711 6512 6711 6513 6710 6513 6712 6513 6711 6514 6712 6514 6713 6514 6713 6515 6712 6515 6714 6515 6713 6516 6714 6516 6715 6516 6715 6517 6714 6517 6716 6517 6694 6518 6688 6518 6695 6518 6695 6519 6688 6519 6690 6519 6695 6520 6690 6520 6717 6520 6717 6521 6690 6521 6692 6521 6717 6522 6692 6522 6718 6522 6718 6523 6692 6523 6693 6523 6718 6524 6693 6524 6719 6524 6719 6525 6693 6525 6679 6525 6719 6526 6679 6526 6720 6526 6720 6527 6679 6527 6681 6527 6720 6528 6681 6528 6721 6528 6721 6529 6681 6529 6669 6529 6721 6530 6669 6530 6722 6530 6722 6531 6669 6531 6661 6531 6722 6532 6661 6532 6723 6532 6723 6533 6661 6533 6614 6533 6723 6534 6614 6534 6724 6534 6724 6535 6614 6535 6613 6535 6724 6536 6613 6536 6653 6536 6653 6537 6613 6537 6658 6537 6653 6538 6658 6538 6651 6538 6651 6539 6658 6539 6657 6539 6646 6540 6634 6540 6633 6540 6633 6541 6634 6541 6636 6541 6633 6542 6636 6542 6631 6542 6631 6543 6636 6543 6615 6543 6631 6544 6615 6544 5860 6544 5860 6545 6615 6545 5868 6545 6644 6546 6725 6546 6642 6546 6642 6547 6725 6547 6649 6547 6642 6548 6649 6548 6640 6548 6640 6549 6649 6549 6650 6549 6640 6550 6650 6550 6638 6550 5859 6551 5858 6551 6632 6551 6632 6552 5858 6552 6616 6552 6632 6553 6616 6553 6726 6553 6726 6554 6616 6554 6727 6554 6726 6555 6727 6555 6728 6555 6728 6556 6727 6556 6729 6556 6727 6557 6730 6557 6729 6557 6729 6558 6730 6558 6731 6558 6729 6559 6731 6559 6716 6559 6716 6560 6731 6560 6732 6560 6716 6561 6732 6561 6715 6561 6646 6562 6633 6562 6644 6562 6644 6563 6633 6563 6632 6563 6644 6564 6632 6564 6725 6564 6725 6565 6632 6565 6726 6565 6725 6566 6726 6566 6649 6566 6649 6567 6726 6567 6728 6567 6649 6568 6728 6568 6647 6568 6618 6569 6701 6569 6619 6569 6619 6570 6701 6570 6703 6570 6619 6571 6703 6571 6620 6571 6620 6572 6703 6572 6705 6572 6620 6573 6705 6573 6621 6573 6621 6574 6705 6574 6707 6574 6621 6575 6707 6575 6622 6575 6622 6576 6707 6576 6709 6576 6622 6577 6709 6577 6623 6577 6623 6578 6709 6578 6711 6578 6623 6579 6711 6579 6624 6579 6624 6580 6711 6580 6713 6580 6624 6581 6713 6581 6625 6581 6625 6582 6713 6582 6715 6582 6625 6583 6715 6583 6626 6583 6626 6584 6715 6584 6732 6584 6626 6585 6732 6585 6630 6585 6630 6586 6732 6586 6731 6586 6630 6587 6731 6587 6629 6587 6629 6588 6731 6588 6730 6588 6629 6589 6730 6589 6628 6589 6628 6590 6730 6590 6727 6590 6628 6591 6727 6591 6627 6591 6627 6592 6727 6592 6616 6592 6627 6593 6616 6593 5843 6593 5843 6594 6616 6594 5844 6594 6608 6595 6617 6595 6618 6595 6618 6596 6617 6596 6700 6596 6618 6597 6700 6597 6701 6597 6701 6598 6700 6598 6697 6598 6701 6599 6697 6599 6702 6599 6702 6600 6697 6600 6695 6600 6702 6601 6695 6601 6704 6601 6704 6602 6695 6602 6717 6602 6704 6603 6717 6603 6706 6603 6706 6604 6717 6604 6718 6604 6706 6605 6718 6605 6708 6605 6708 6606 6718 6606 6719 6606 6708 6607 6719 6607 6710 6607 6710 6608 6719 6608 6720 6608 6710 6609 6720 6609 6712 6609 6712 6610 6720 6610 6721 6610 6712 6611 6721 6611 6714 6611 6714 6612 6721 6612 6722 6612 6714 6613 6722 6613 6716 6613 6716 6614 6722 6614 6723 6614 6716 6615 6723 6615 6729 6615 6729 6616 6723 6616 6724 6616 6729 6617 6724 6617 6728 6617 6728 6618 6724 6618 6653 6618 6728 6619 6653 6619 6647 6619 6647 6620 6653 6620 6655 6620 6647 6621 6655 6621 6648 6621 5174 6622 5806 6622 5811 6622 6733 6623 6734 6623 6735 6623 6735 6624 6736 6624 6733 6624 6733 6625 6736 6625 6737 6625 6733 6626 6737 6626 6738 6626 6738 6627 6737 6627 6739 6627 6740 6628 6741 6628 6742 6628 6742 6629 6743 6629 6740 6629 6740 6630 6743 6630 6744 6630 6740 6631 6744 6631 6745 6631 6745 6632 6746 6632 6740 6632 6740 6633 6746 6633 6747 6633 6740 6634 6747 6634 6748 6634 6749 6635 6750 6635 6751 6635 6751 6636 6750 6636 6601 6636 6751 6637 6601 6637 6752 6637 6752 6638 6601 6638 6600 6638 6749 6639 6751 6639 6748 6639 6748 6640 6751 6640 6753 6640 6748 6641 6753 6641 6754 6641 6754 6642 6755 6642 6748 6642 6748 6643 6755 6643 6756 6643 6748 6644 6756 6644 6740 6644 6739 6645 6757 6645 6738 6645 6738 6646 6757 6646 6758 6646 6738 6647 6758 6647 6759 6647 6759 6648 6758 6648 6760 6648 6741 6649 6740 6649 6758 6649 6758 6650 6740 6650 6761 6650 6758 6651 6761 6651 6762 6651 6762 6652 6763 6652 6758 6652 6758 6653 6763 6653 6764 6653 6758 6654 6764 6654 6760 6654 6734 6655 6733 6655 6765 6655 6765 6656 6733 6656 5177 6656 6765 6657 5177 6657 5810 6657 5810 6658 5177 6658 5811 6658 5811 6659 5177 6659 5173 6659 5811 6622 5173 6622 5174 6622 5174 6660 5175 6660 5806 6660 5806 6660 5175 6660 5807 6660 5175 6661 5168 6661 5807 6661 5807 6661 5168 6661 5808 6661 5808 6662 5168 6662 5167 6662 5808 6662 5167 6662 5821 6662 5821 6663 5167 6663 5202 6663 5821 6663 5202 6663 5836 6663 5836 6664 5202 6664 5201 6664 5836 6664 5201 6664 5837 6664 5837 6665 5201 6665 5200 6665 5837 6665 5200 6665 5838 6665 5838 6666 5200 6666 5194 6666 5838 6666 5194 6666 5816 6666 5816 6667 5194 6667 5193 6667 5816 6667 5193 6667 5817 6667 5817 6668 5193 6668 5192 6668 5817 6668 5192 6668 5822 6668 5822 6669 5192 6669 5180 6669 5822 6669 5180 6669 5823 6669 5823 6670 5180 6670 5179 6670 5823 6670 5179 6670 5824 6670 5824 6671 5179 6671 5178 6671 5824 6671 5178 6671 5839 6671 5839 6672 5178 6672 5188 6672 5839 6672 5188 6672 5840 6672 5840 6673 5188 6673 5187 6673 5840 6673 5187 6673 5841 6673 5841 6674 5187 6674 5186 6674 5841 6674 5186 6674 5833 6674 5833 6675 5186 6675 5185 6675 5833 6675 5185 6675 5832 6675 6699 6676 6603 6676 5832 6676 5832 6677 6603 6677 5855 6677 6699 6678 5832 6678 6698 6678 6698 6679 5832 6679 5185 6679 6698 6680 5185 6680 5207 6680 5206 6681 6694 6681 5207 6681 5207 6682 6694 6682 6696 6682 5207 6683 6696 6683 6698 6683 5206 6684 5205 6684 6684 6684 6684 6685 6686 6685 5206 6685 5206 6686 6686 6686 6687 6686 5206 6687 6687 6687 6691 6687 6691 6688 6689 6688 5206 6688 5206 6689 6689 6689 6688 6689 5206 6690 6688 6690 6694 6690 5205 6691 6677 6691 6676 6691 6676 6692 6675 6692 5205 6692 5205 6693 6675 6693 6674 6693 5205 6694 6674 6694 6673 6694 6673 6695 6672 6695 5205 6695 5205 6696 6672 6696 6671 6696 5205 6697 6671 6697 6667 6697 6667 6698 6668 6698 5205 6698 5205 6699 6668 6699 6670 6699 5205 6700 6670 6700 6683 6700 6683 6701 6682 6701 5205 6701 5205 6702 6682 6702 6680 6702 5205 6703 6680 6703 6684 6703 6651 6704 6657 6704 5203 6704 5203 6705 6657 6705 6656 6705 5203 6706 6656 6706 6612 6706 6677 6707 5205 6707 6678 6707 6678 6708 5205 6708 5204 6708 6678 6709 5204 6709 6659 6709 6663 6710 6662 6710 5204 6710 5204 6711 6662 6711 6660 6711 5204 6712 6660 6712 6659 6712 6612 6713 6666 6713 5203 6713 5203 6714 6666 6714 6665 6714 5203 6715 6665 6715 5204 6715 5204 6716 6665 6716 6664 6716 5204 6717 6664 6717 6663 6717 5865 6718 5866 6718 6637 6718 6637 6719 6635 6719 5865 6719 5865 6720 6635 6720 6634 6720 5865 6721 6634 6721 6646 6721 6646 6722 6645 6722 5865 6722 5865 6723 6645 6723 6643 6723 5865 6724 6643 6724 6641 6724 6641 6725 6639 6725 5865 6725 5865 6726 6639 6726 6638 6726 5865 6727 6638 6727 6650 6727 6650 6728 6648 6728 5865 6728 5865 6729 6648 6729 6655 6729 5865 6730 6655 6730 5199 6730 5199 6731 6655 6731 6654 6731 5199 6732 6654 6732 5203 6732 5203 6733 6654 6733 6652 6733 5203 6734 6652 6734 6651 6734 5865 6735 5199 6735 5198 6735 5865 6735 5198 6735 5864 6735 5864 6736 5198 6736 5197 6736 5864 6737 5197 6737 5863 6737 5197 1159 5172 1159 5863 1159 5863 1159 5172 1159 5861 1159 6276 6738 6766 6738 5827 6738 5827 6739 6766 6739 6767 6739 5827 6740 6767 6740 6768 6740 6768 6741 6769 6741 5827 6741 5827 6742 6769 6742 6770 6742 5827 6743 6770 6743 6771 6743 6772 6744 6773 6744 6276 6744 6774 6745 6775 6745 5510 6745 6776 6746 6777 6746 5508 6746 5508 6747 6777 6747 6778 6747 5508 6748 6778 6748 6276 6748 6276 6749 6778 6749 6779 6749 6276 6750 6779 6750 6772 6750 6773 6751 6780 6751 6276 6751 6276 6752 6780 6752 6781 6752 6276 6753 6781 6753 6766 6753 6782 6754 6783 6754 5508 6754 5508 6755 6783 6755 6784 6755 6784 6756 6785 6756 5508 6756 5508 6757 6785 6757 6786 6757 5508 6758 6786 6758 6787 6758 6771 6759 6788 6759 5827 6759 5827 6760 6788 6760 6789 6760 5827 6761 6789 6761 6790 6761 6774 6762 5510 6762 6791 6762 6782 6763 5508 6763 6792 6763 6792 6764 5508 6764 5510 6764 6792 6765 5510 6765 6793 6765 6775 6766 6794 6766 5510 6766 5510 6767 6794 6767 6795 6767 5510 6768 6795 6768 6793 6768 6796 6769 6797 6769 5508 6769 5508 6770 6797 6770 6798 6770 5508 6771 6798 6771 6776 6771 6799 6772 6800 6772 6801 6772 6787 6773 6802 6773 5508 6773 5508 6774 6802 6774 6803 6774 5508 6775 6803 6775 6801 6775 6799 6776 6801 6776 6804 6776 6800 6777 6805 6777 6801 6777 6801 6778 6805 6778 6806 6778 6801 6779 6806 6779 5508 6779 5508 6780 6806 6780 6807 6780 5508 6781 6807 6781 6796 6781 6790 6782 6808 6782 5827 6782 5827 6783 6808 6783 6809 6783 5827 6784 6809 6784 4854 6784 4854 6785 6809 6785 6810 6785 4854 6786 6810 6786 6811 6786 6811 6787 6812 6787 4854 6787 4854 6788 6812 6788 6813 6788 4854 6789 6813 6789 6814 6789 5170 6790 4846 6790 6815 6790 6816 6791 6817 6791 4854 6791 4854 6792 6817 6792 6818 6792 4854 6793 6818 6793 6819 6793 6820 6794 6821 6794 4846 6794 4846 6795 6821 6795 6822 6795 4846 6796 6822 6796 6815 6796 6815 6797 6823 6797 5170 6797 5170 6798 6823 6798 6824 6798 5170 6799 6824 6799 5513 6799 5513 6800 6824 6800 6825 6800 5513 6801 6825 6801 5510 6801 5510 6802 6825 6802 6826 6802 5510 6803 6826 6803 6791 6803 6814 6804 6827 6804 4854 6804 4854 6805 6827 6805 6828 6805 4854 6806 6828 6806 6829 6806 6830 6807 6831 6807 4846 6807 6830 6806 4846 6806 6832 6806 6831 6808 6833 6808 4846 6808 4846 6809 6833 6809 6834 6809 4846 6810 6834 6810 6820 6810 6816 6811 4854 6811 6835 6811 6835 6812 4854 6812 6829 6812 6835 6813 6829 6813 6801 6813 6801 6814 6829 6814 6836 6814 6801 6815 6836 6815 6804 6815 6819 6816 6837 6816 4854 6816 4854 6817 6837 6817 6838 6817 4854 6818 6838 6818 4846 6818 4846 6819 6838 6819 6839 6819 4846 6820 6839 6820 6832 6820 5515 927 5509 927 5516 927 5516 927 5509 927 5508 927 6593 6821 6591 6821 6840 6821 6515 6822 6531 6822 6841 6822 6352 6823 6391 6823 6842 6823 6413 6824 6559 6824 6843 6824 652 6825 653 6825 6844 6825 655 6826 656 6826 6845 6826 646 6827 647 6827 6846 6827 640 6828 5184 6828 6847 6828 6753 6829 6751 6829 6848 6829 6600 6830 6598 6830 6596 6830 6848 6831 6751 6831 6596 6831 6596 6832 6751 6832 6752 6832 6596 6833 6752 6833 6600 6833 6849 6834 6755 6834 6848 6834 6848 6835 6755 6835 6754 6835 6848 6836 6754 6836 6753 6836 6762 6837 6761 6837 6850 6837 6850 6838 6761 6838 6740 6838 6850 6839 6740 6839 6849 6839 6849 6840 6740 6840 6756 6840 6849 6841 6756 6841 6755 6841 6850 6842 6851 6842 6762 6842 6762 6843 6851 6843 6852 6843 6762 6844 6852 6844 6763 6844 6763 6845 6852 6845 6853 6845 6763 6846 6853 6846 6764 6846 6764 6847 6853 6847 6854 6847 6764 6848 6854 6848 6760 6848 6760 6849 6854 6849 6855 6849 6760 6850 6855 6850 6759 6850 6759 6851 6855 6851 6856 6851 6759 6852 6856 6852 6738 6852 5176 6853 5177 6853 6856 6853 6856 6854 5177 6854 6733 6854 6856 6855 6733 6855 6738 6855 640 6856 6847 6856 641 6856 641 6857 6847 6857 6857 6857 641 6858 6857 6858 642 6858 6846 6859 647 6859 6858 6859 647 6860 648 6860 6858 6860 6858 6861 648 6861 649 6861 6858 6862 649 6862 6857 6862 6857 6863 649 6863 650 6863 6857 6864 650 6864 642 6864 6845 6865 656 6865 6859 6865 656 6866 657 6866 6859 6866 6859 6867 657 6867 658 6867 6859 6868 658 6868 6846 6868 6846 6869 658 6869 645 6869 6846 6870 645 6870 646 6870 6844 6871 653 6871 6860 6871 653 6872 643 6872 6860 6872 6860 6873 643 6873 644 6873 6860 6874 644 6874 6845 6874 6845 6875 644 6875 654 6875 6845 6876 654 6876 655 6876 652 6877 6844 6877 651 6877 651 6878 6844 6878 6861 6878 651 6879 6861 6879 638 6879 638 6880 6861 6880 6587 6880 638 6881 6587 6881 639 6881 6561 6882 6587 6882 6862 6882 6862 6883 6587 6883 6861 6883 6862 6884 6861 6884 6863 6884 6863 6885 6861 6885 6844 6885 6863 6886 6844 6886 6864 6886 6864 6887 6844 6887 6860 6887 6864 6888 6860 6888 6865 6888 6865 6889 6860 6889 6845 6889 6865 6890 6845 6890 6866 6890 6866 6891 6845 6891 6859 6891 6866 6892 6859 6892 6867 6892 6867 6893 6859 6893 6846 6893 6867 6894 6846 6894 6868 6894 6868 6895 6846 6895 6858 6895 6868 6896 6858 6896 6869 6896 6869 6897 6858 6897 6857 6897 6869 6898 6857 6898 6870 6898 6870 6899 6857 6899 6847 6899 6870 6900 6847 6900 5183 6900 5183 6901 6847 6901 5184 6901 6559 6902 6561 6902 6843 6902 6843 6903 6561 6903 6862 6903 6843 6904 6862 6904 6871 6904 6871 6905 6862 6905 6863 6905 6871 6906 6863 6906 6872 6906 6872 6907 6863 6907 6864 6907 6872 6908 6864 6908 6873 6908 6873 6909 6864 6909 6865 6909 6873 6910 6865 6910 6874 6910 6874 6911 6865 6911 6866 6911 6874 6912 6866 6912 6875 6912 6875 6913 6866 6913 6867 6913 6875 6914 6867 6914 6876 6914 6876 6915 6867 6915 6868 6915 6876 6916 6868 6916 6877 6916 6877 6917 6868 6917 6869 6917 6877 6918 6869 6918 6878 6918 6878 6919 6869 6919 6870 6919 6878 6920 6870 6920 5182 6920 5182 6921 6870 6921 5183 6921 6416 6922 6413 6922 6879 6922 6879 6923 6413 6923 6843 6923 6879 6924 6843 6924 6880 6924 6880 6925 6843 6925 6871 6925 6880 6926 6871 6926 6881 6926 6881 6927 6871 6927 6872 6927 6881 6928 6872 6928 6882 6928 6882 6929 6872 6929 6873 6929 6882 6930 6873 6930 6883 6930 6883 6931 6873 6931 6874 6931 6883 6932 6874 6932 6884 6932 6884 6933 6874 6933 6875 6933 6884 6934 6875 6934 6885 6934 6885 6935 6875 6935 6876 6935 6885 6936 6876 6936 6886 6936 6886 6937 6876 6937 6877 6937 6886 6938 6877 6938 6887 6938 6887 6939 6877 6939 6878 6939 6887 6940 6878 6940 5181 6940 5181 6941 6878 6941 5182 6941 6391 6942 6416 6942 6842 6942 6842 6943 6416 6943 6879 6943 6842 6944 6879 6944 6888 6944 6888 6945 6879 6945 6880 6945 6888 6946 6880 6946 6889 6946 6889 6947 6880 6947 6881 6947 6889 6948 6881 6948 6890 6948 6890 6949 6881 6949 6882 6949 6890 6950 6882 6950 6891 6950 6891 6951 6882 6951 6883 6951 6891 6952 6883 6952 6892 6952 6892 6953 6883 6953 6884 6953 6892 6954 6884 6954 6893 6954 6893 6955 6884 6955 6885 6955 6893 6956 6885 6956 6894 6956 6894 6957 6885 6957 6886 6957 6894 6958 6886 6958 6895 6958 6895 6959 6886 6959 6887 6959 6895 6960 6887 6960 5191 6960 5191 6961 6887 6961 5181 6961 6536 6962 6352 6962 6896 6962 6896 6963 6352 6963 6842 6963 6896 6964 6842 6964 6897 6964 6897 6965 6842 6965 6888 6965 6897 6966 6888 6966 6898 6966 6898 6967 6888 6967 6889 6967 6898 6968 6889 6968 6899 6968 6899 6969 6889 6969 6890 6969 6899 6970 6890 6970 6900 6970 6900 6971 6890 6971 6891 6971 6900 6972 6891 6972 6901 6972 6901 6973 6891 6973 6892 6973 6901 6974 6892 6974 6902 6974 6902 6975 6892 6975 6893 6975 6902 6976 6893 6976 6903 6976 6903 6977 6893 6977 6894 6977 6903 6978 6894 6978 6904 6978 6904 6979 6894 6979 6895 6979 6904 6980 6895 6980 5190 6980 5190 6981 6895 6981 5191 6981 6531 6982 6536 6982 6841 6982 6841 6983 6536 6983 6896 6983 6841 6984 6896 6984 6905 6984 6905 6985 6896 6985 6897 6985 6905 6986 6897 6986 6906 6986 6906 6987 6897 6987 6898 6987 6906 6988 6898 6988 6907 6988 6907 6989 6898 6989 6899 6989 6907 6990 6899 6990 6908 6990 6908 6991 6899 6991 6900 6991 6908 6992 6900 6992 6909 6992 6909 6993 6900 6993 6901 6993 6909 6994 6901 6994 6910 6994 6910 6995 6901 6995 6902 6995 6910 6996 6902 6996 6911 6996 6911 6997 6902 6997 6903 6997 6911 6998 6903 6998 6912 6998 6912 6999 6903 6999 6904 6999 6912 7000 6904 7000 5189 7000 5189 7001 6904 7001 5190 7001 6589 7002 6515 7002 6913 7002 6913 7003 6515 7003 6841 7003 6913 7004 6841 7004 6914 7004 6914 7005 6841 7005 6905 7005 6914 7006 6905 7006 6915 7006 6915 7007 6905 7007 6906 7007 6915 7008 6906 7008 6916 7008 6916 7009 6906 7009 6907 7009 6916 7010 6907 7010 6917 7010 6917 7011 6907 7011 6908 7011 6917 7012 6908 7012 6918 7012 6918 7013 6908 7013 6909 7013 6918 7014 6909 7014 6919 7014 6919 7015 6909 7015 6910 7015 6919 7016 6910 7016 6920 7016 6920 7017 6910 7017 6911 7017 6920 7018 6911 7018 6921 7018 6921 7019 6911 7019 6912 7019 6921 7020 6912 7020 5196 7020 5196 7021 6912 7021 5189 7021 6591 7022 6589 7022 6840 7022 6840 7023 6589 7023 6913 7023 6840 7024 6913 7024 6922 7024 6922 7025 6913 7025 6914 7025 6922 7026 6914 7026 6923 7026 6923 7027 6914 7027 6915 7027 6923 7028 6915 7028 6924 7028 6924 7029 6915 7029 6916 7029 6924 7030 6916 7030 6925 7030 6925 7031 6916 7031 6917 7031 6925 7032 6917 7032 6926 7032 6926 7033 6917 7033 6918 7033 6926 7034 6918 7034 6927 7034 6927 7035 6918 7035 6919 7035 6927 7036 6919 7036 6928 7036 6928 7037 6919 7037 6920 7037 6928 7038 6920 7038 6929 7038 6929 7039 6920 7039 6921 7039 6929 7040 6921 7040 5195 7040 5195 7041 6921 7041 5196 7041 5195 7042 5169 7042 6929 7042 6929 7043 5169 7043 6930 7043 6929 7044 6930 7044 6928 7044 6928 7045 6930 7045 6931 7045 6928 7046 6931 7046 6927 7046 6927 7047 6931 7047 6932 7047 6927 7048 6932 7048 6926 7048 6926 7049 6932 7049 6933 7049 6926 7050 6933 7050 6925 7050 6925 7051 6933 7051 6934 7051 6925 7052 6934 7052 6924 7052 6924 7053 6934 7053 6935 7053 6924 7054 6935 7054 6923 7054 6923 7055 6935 7055 6936 7055 6923 7056 6936 7056 6922 7056 6922 7057 6936 7057 6937 7057 6922 7058 6937 7058 6840 7058 6840 7059 6937 7059 6938 7059 6840 7060 6938 7060 6593 7060 6593 7061 6938 7061 6594 7061 6596 7062 6594 7062 6848 7062 6848 7063 6594 7063 6938 7063 6848 7064 6938 7064 6849 7064 6849 7065 6938 7065 6937 7065 6849 7066 6937 7066 6850 7066 6850 7067 6937 7067 6936 7067 6850 7068 6936 7068 6851 7068 6851 7069 6936 7069 6935 7069 6851 7070 6935 7070 6852 7070 6852 7071 6935 7071 6934 7071 6852 7072 6934 7072 6853 7072 6853 7073 6934 7073 6933 7073 6853 7074 6933 7074 6854 7074 6854 7075 6933 7075 6932 7075 6854 7076 6932 7076 6855 7076 6855 7077 6932 7077 6931 7077 6855 7078 6931 7078 6856 7078 6856 7079 6931 7079 6930 7079 6856 7080 6930 7080 5176 7080 5176 7081 6930 7081 5169 7081 6179 7082 6192 7082 6939 7082 6088 7083 6116 7083 6940 7083 5943 7084 5946 7084 6941 7084 5949 7085 6193 7085 6942 7085 5880 7086 5879 7086 6943 7086 5801 7087 6944 7087 5802 7087 6945 7088 5787 7088 6946 7088 6946 7089 5787 7089 5786 7089 6946 7090 5786 7090 6947 7090 6947 7091 5786 7091 5785 7091 6947 7092 5785 7092 5869 7092 6948 7093 5800 7093 6949 7093 6949 7094 5800 7094 5783 7094 6949 7095 5783 7095 6945 7095 6945 7096 5783 7096 5782 7096 6945 7097 5782 7097 5787 7097 5802 7098 6944 7098 5803 7098 5803 7099 6944 7099 6950 7099 5803 7100 6950 7100 5804 7100 5804 7101 6950 7101 5805 7101 5805 7102 6950 7102 6951 7102 5805 7103 6951 7103 5789 7103 5789 7104 6951 7104 5790 7104 5790 7105 6951 7105 6952 7105 5790 7106 6952 7106 5791 7106 5791 7107 6952 7107 5792 7107 5792 7108 6952 7108 6953 7108 5792 7109 6953 7109 5793 7109 5797 7110 5882 7110 5798 7110 5798 7111 5882 7111 5799 7111 5797 7112 5796 7112 5882 7112 5882 7113 5796 7113 5795 7113 5882 7114 5795 7114 6953 7114 6953 7115 5795 7115 5794 7115 6953 7116 5794 7116 5793 7116 6200 7117 6954 7117 625 7117 625 7118 6954 7118 630 7118 630 7119 6954 7119 631 7119 631 7120 6954 7120 6955 7120 631 7121 6955 7121 632 7121 632 7122 6955 7122 6956 7122 632 7123 6956 7123 634 7123 634 7124 6956 7124 6957 7124 634 7125 6957 7125 633 7125 633 7126 6957 7126 6958 7126 633 7127 6958 7127 629 7127 629 7128 6958 7128 628 7128 628 7129 6958 7129 6959 7129 628 7130 6959 7130 627 7130 627 7131 6959 7131 6960 7131 627 7132 6960 7132 626 7132 626 7133 6960 7133 624 7133 624 7134 6960 7134 6961 7134 624 7135 6961 7135 623 7135 623 7136 6961 7136 622 7136 622 7137 6961 7137 6962 7137 622 7138 6962 7138 621 7138 621 7139 6962 7139 620 7139 620 7140 6962 7140 5870 7140 620 7141 5870 7141 618 7141 5879 7142 5882 7142 6943 7142 6943 7143 5882 7143 6953 7143 6943 7144 6953 7144 6963 7144 6963 7145 6953 7145 6952 7145 6963 7146 6952 7146 6964 7146 6964 7147 6952 7147 6951 7147 6964 7148 6951 7148 6965 7148 6965 7149 6951 7149 6950 7149 6965 7150 6950 7150 6948 7150 6948 7151 6950 7151 6944 7151 6948 7152 6944 7152 5800 7152 5800 7153 6944 7153 5801 7153 6195 7154 5880 7154 6966 7154 6966 7155 5880 7155 6943 7155 6966 7156 6943 7156 6967 7156 6967 7157 6943 7157 6963 7157 6967 7158 6963 7158 6968 7158 6968 7159 6963 7159 6964 7159 6968 7160 6964 7160 6969 7160 6969 7161 6964 7161 6965 7161 6969 7162 6965 7162 6970 7162 6970 7163 6965 7163 6948 7163 6970 7164 6948 7164 6971 7164 6971 7165 6948 7165 6949 7165 6971 7166 6949 7166 6972 7166 6972 7167 6949 7167 6945 7167 6972 7168 6945 7168 6973 7168 6973 7169 6945 7169 6946 7169 6973 7170 6946 7170 6974 7170 6974 7171 6946 7171 6947 7171 6974 7172 6947 7172 5878 7172 5878 7173 6947 7173 5869 7173 6193 7174 6195 7174 6942 7174 6942 7175 6195 7175 6966 7175 6942 7176 6966 7176 6975 7176 6975 7177 6966 7177 6967 7177 6975 7178 6967 7178 6976 7178 6976 7179 6967 7179 6968 7179 6976 7180 6968 7180 6977 7180 6977 7181 6968 7181 6969 7181 6977 7182 6969 7182 6978 7182 6978 7183 6969 7183 6970 7183 6978 7184 6970 7184 6979 7184 6979 7185 6970 7185 6971 7185 6979 7186 6971 7186 6980 7186 6980 7187 6971 7187 6972 7187 6980 7188 6972 7188 6981 7188 6981 7189 6972 7189 6973 7189 6981 7190 6973 7190 6982 7190 6982 7191 6973 7191 6974 7191 6982 7192 6974 7192 5877 7192 5877 7193 6974 7193 5878 7193 5948 7194 5949 7194 6983 7194 6983 7195 5949 7195 6942 7195 6983 7196 6942 7196 6984 7196 6984 7197 6942 7197 6975 7197 6984 7198 6975 7198 6985 7198 6985 7199 6975 7199 6976 7199 6985 7200 6976 7200 6986 7200 6986 7201 6976 7201 6977 7201 6986 7202 6977 7202 6987 7202 6987 7203 6977 7203 6978 7203 6987 7204 6978 7204 6988 7204 6988 7205 6978 7205 6979 7205 6988 7206 6979 7206 6989 7206 6989 7207 6979 7207 6980 7207 6989 7208 6980 7208 6990 7208 6990 7209 6980 7209 6981 7209 6990 7210 6981 7210 6991 7210 6991 7211 6981 7211 6982 7211 6991 7212 6982 7212 5876 7212 5876 7213 6982 7213 5877 7213 5946 7214 5948 7214 6941 7214 6941 7215 5948 7215 6983 7215 6941 7216 6983 7216 6992 7216 6992 7217 6983 7217 6984 7217 6992 7218 6984 7218 6993 7218 6993 7219 6984 7219 6985 7219 6993 7220 6985 7220 6994 7220 6994 7221 6985 7221 6986 7221 6994 7222 6986 7222 6995 7222 6995 7223 6986 7223 6987 7223 6995 7224 6987 7224 6996 7224 6996 7225 6987 7225 6988 7225 6996 7226 6988 7226 6997 7226 6997 7227 6988 7227 6989 7227 6997 7228 6989 7228 6998 7228 6998 7229 6989 7229 6990 7229 6998 7230 6990 7230 6999 7230 6999 7231 6990 7231 6991 7231 6999 7232 6991 7232 5875 7232 5875 7233 6991 7233 5876 7233 6118 7234 5943 7234 7000 7234 7000 7235 5943 7235 6941 7235 7000 7236 6941 7236 7001 7236 7001 7237 6941 7237 6992 7237 7001 7238 6992 7238 7002 7238 7002 7239 6992 7239 6993 7239 7002 7240 6993 7240 7003 7240 7003 7241 6993 7241 6994 7241 7003 7242 6994 7242 7004 7242 7004 7243 6994 7243 6995 7243 7004 7244 6995 7244 7005 7244 7005 7245 6995 7245 6996 7245 7005 7246 6996 7246 7006 7246 7006 7247 6996 7247 6997 7247 7006 7248 6997 7248 7007 7248 7007 7249 6997 7249 6998 7249 7007 7250 6998 7250 7008 7250 7008 7251 6998 7251 6999 7251 7008 7252 6999 7252 5874 7252 5874 7253 6999 7253 5875 7253 6116 7254 6118 7254 6940 7254 6940 7255 6118 7255 7000 7255 6940 7256 7000 7256 7009 7256 7009 7257 7000 7257 7001 7257 7009 7258 7001 7258 7010 7258 7010 7259 7001 7259 7002 7259 7010 7260 7002 7260 7011 7260 7011 7261 7002 7261 7003 7261 7011 7262 7003 7262 7012 7262 7012 7263 7003 7263 7004 7263 7012 7264 7004 7264 7013 7264 7013 7265 7004 7265 7005 7265 7013 7266 7005 7266 7014 7266 7014 7267 7005 7267 7006 7267 7014 7268 7006 7268 7015 7268 7015 7269 7006 7269 7007 7269 7015 7270 7007 7270 7016 7270 7016 7271 7007 7271 7008 7271 7016 7272 7008 7272 5872 7272 5872 7273 7008 7273 5874 7273 6188 7274 6088 7274 7017 7274 7017 7275 6088 7275 6940 7275 7017 7276 6940 7276 7018 7276 7018 7277 6940 7277 7009 7277 7018 7278 7009 7278 7019 7278 7019 7279 7009 7279 7010 7279 7019 7280 7010 7280 7020 7280 7020 7281 7010 7281 7011 7281 7020 7282 7011 7282 7021 7282 7021 7283 7011 7283 7012 7283 7021 7284 7012 7284 7022 7284 7022 7285 7012 7285 7013 7285 7022 7286 7013 7286 7023 7286 7023 7287 7013 7287 7014 7287 7023 7288 7014 7288 7024 7288 7024 7289 7014 7289 7015 7289 7024 7290 7015 7290 7025 7290 7025 7291 7015 7291 7016 7291 7025 7292 7016 7292 5871 7292 5871 7293 7016 7293 5872 7293 6192 7294 6188 7294 6939 7294 6939 7295 6188 7295 7017 7295 6939 7296 7017 7296 7026 7296 7026 7297 7017 7297 7018 7297 7026 7298 7018 7298 7027 7298 7027 7299 7018 7299 7019 7299 7027 7300 7019 7300 7028 7300 7028 7301 7019 7301 7020 7301 7028 7302 7020 7302 7029 7302 7029 7303 7020 7303 7021 7303 7029 7304 7021 7304 7030 7304 7030 7305 7021 7305 7022 7305 7030 7306 7022 7306 7031 7306 7031 7307 7022 7307 7023 7307 7031 7308 7023 7308 7032 7308 7032 7309 7023 7309 7024 7309 7032 7310 7024 7310 7033 7310 7033 7311 7024 7311 7025 7311 7033 7312 7025 7312 5873 7312 5873 7313 7025 7313 5871 7313 6200 7314 6179 7314 6954 7314 6954 7315 6179 7315 6939 7315 6954 7316 6939 7316 6955 7316 6955 7317 6939 7317 7026 7317 6955 7318 7026 7318 6956 7318 6956 7319 7026 7319 7027 7319 6956 7320 7027 7320 6957 7320 6957 7321 7027 7321 7028 7321 6957 7322 7028 7322 6958 7322 6958 7323 7028 7323 7029 7323 6958 7324 7029 7324 6959 7324 6959 7325 7029 7325 7030 7325 6959 7326 7030 7326 6960 7326 6960 7327 7030 7327 7031 7327 6960 7328 7031 7328 6961 7328 6961 7329 7031 7329 7032 7329 6961 7330 7032 7330 6962 7330 6962 7331 7032 7331 7033 7331 6962 7332 7033 7332 5870 7332 5870 7333 7033 7333 5873 7333 6197 7334 6196 7334 7034 7334 5885 7335 5897 7335 7035 7335 5902 7336 6009 7336 7036 7336 6068 7337 6164 7337 7037 7337 608 7338 609 7338 7038 7338 611 7339 612 7339 7039 7339 599 7340 600 7340 7040 7340 604 7341 5119 7341 7041 7341 5770 7342 5881 7342 5771 7342 5771 7343 5881 7343 7042 7343 5771 7344 7042 7344 5772 7344 5770 7345 5769 7345 5881 7345 5881 7346 5769 7346 5766 7346 5881 7347 5766 7347 5764 7347 5776 7348 5775 7348 7043 7348 7043 7349 5775 7349 5774 7349 7043 7350 5774 7350 7042 7350 7042 7351 5774 7351 5773 7351 7042 7352 5773 7352 5772 7352 7043 7353 7044 7353 5776 7353 5776 7354 7044 7354 7045 7354 5776 7355 7045 7355 5767 7355 5779 7356 5778 7356 7046 7356 7046 7357 5778 7357 5777 7357 7046 7358 5777 7358 7045 7358 7045 7359 5777 7359 5768 7359 7045 7360 5768 7360 5767 7360 7046 7361 7047 7361 5779 7361 5779 7362 7047 7362 7048 7362 5779 7363 7048 7363 5780 7363 5780 7364 7048 7364 7049 7364 5780 7365 7049 7365 5781 7365 5781 7366 7049 7366 7050 7366 5781 7367 7050 7367 5763 7367 5763 7368 7050 7368 5106 7368 5763 7369 5106 7369 5105 7369 604 7370 7041 7370 606 7370 606 7371 7041 7371 7051 7371 606 7372 7051 7372 605 7372 7040 7373 600 7373 7052 7373 600 7374 601 7374 7052 7374 7052 7375 601 7375 602 7375 7052 7376 602 7376 7051 7376 7051 7377 602 7377 603 7377 7051 7378 603 7378 605 7378 7039 7379 612 7379 7053 7379 612 7380 615 7380 7053 7380 7053 7381 615 7381 616 7381 7053 7382 616 7382 7040 7382 7040 7383 616 7383 598 7383 7040 7384 598 7384 599 7384 7038 7385 609 7385 7054 7385 609 7386 613 7386 7054 7386 7054 7387 613 7387 614 7387 7054 7388 614 7388 7039 7388 7039 7389 614 7389 610 7389 7039 7390 610 7390 611 7390 608 7391 7038 7391 607 7391 607 7392 7038 7392 7055 7392 607 7393 7055 7393 597 7393 597 7394 7055 7394 6199 7394 597 7395 6199 7395 596 7395 6166 7396 6199 7396 7056 7396 7056 7397 6199 7397 7055 7397 7056 7398 7055 7398 7057 7398 7057 7399 7055 7399 7038 7399 7057 7400 7038 7400 7058 7400 7058 7401 7038 7401 7054 7401 7058 7402 7054 7402 7059 7402 7059 7403 7054 7403 7039 7403 7059 7404 7039 7404 7060 7404 7060 7405 7039 7405 7053 7405 7060 7406 7053 7406 7061 7406 7061 7407 7053 7407 7040 7407 7061 7408 7040 7408 7062 7408 7062 7409 7040 7409 7052 7409 7062 7410 7052 7410 7063 7410 7063 7411 7052 7411 7051 7411 7063 7412 7051 7412 7064 7412 7064 7413 7051 7413 7041 7413 7064 7414 7041 7414 5118 7414 5118 7415 7041 7415 5119 7415 6164 7416 6166 7416 7037 7416 7037 7417 6166 7417 7056 7417 7037 7418 7056 7418 7065 7418 7065 7419 7056 7419 7057 7419 7065 7420 7057 7420 7066 7420 7066 7421 7057 7421 7058 7421 7066 7422 7058 7422 7067 7422 7067 7423 7058 7423 7059 7423 7067 7424 7059 7424 7068 7424 7068 7425 7059 7425 7060 7425 7068 7426 7060 7426 7069 7426 7069 7427 7060 7427 7061 7427 7069 7428 7061 7428 7070 7428 7070 7429 7061 7429 7062 7429 7070 7430 7062 7430 7071 7430 7071 7431 7062 7431 7063 7431 7071 7432 7063 7432 7072 7432 7072 7433 7063 7433 7064 7433 7072 7434 7064 7434 5117 7434 5117 7435 7064 7435 5118 7435 6012 7436 6068 7436 7073 7436 7073 7437 6068 7437 7037 7437 7073 7438 7037 7438 7074 7438 7074 7439 7037 7439 7065 7439 7074 7440 7065 7440 7075 7440 7075 7441 7065 7441 7066 7441 7075 7442 7066 7442 7076 7442 7076 7443 7066 7443 7067 7443 7076 7444 7067 7444 7077 7444 7077 7445 7067 7445 7068 7445 7077 7446 7068 7446 7078 7446 7078 7447 7068 7447 7069 7447 7078 7448 7069 7448 7079 7448 7079 7449 7069 7449 7070 7449 7079 7450 7070 7450 7080 7450 7080 7451 7070 7451 7071 7451 7080 7452 7071 7452 7081 7452 7081 7453 7071 7453 7072 7453 7081 7454 7072 7454 5116 7454 5116 7455 7072 7455 5117 7455 6009 7456 6012 7456 7036 7456 7036 7457 6012 7457 7073 7457 7036 7458 7073 7458 7082 7458 7082 7459 7073 7459 7074 7459 7082 7460 7074 7460 7083 7460 7083 7461 7074 7461 7075 7461 7083 7462 7075 7462 7084 7462 7084 7463 7075 7463 7076 7463 7084 7464 7076 7464 7085 7464 7085 7465 7076 7465 7077 7465 7085 7466 7077 7466 7086 7466 7086 7467 7077 7467 7078 7467 7086 7468 7078 7468 7087 7468 7087 7469 7078 7469 7079 7469 7087 7470 7079 7470 7088 7470 7088 7471 7079 7471 7080 7471 7088 7472 7080 7472 7089 7472 7089 7473 7080 7473 7081 7473 7089 7474 7081 7474 5130 7474 5130 7475 7081 7475 5116 7475 5899 7476 5902 7476 7090 7476 7090 7477 5902 7477 7036 7477 7090 7478 7036 7478 7091 7478 7091 7479 7036 7479 7082 7479 7091 7480 7082 7480 7092 7480 7092 7481 7082 7481 7083 7481 7092 7482 7083 7482 7093 7482 7093 7483 7083 7483 7084 7483 7093 7484 7084 7484 7094 7484 7094 7485 7084 7485 7085 7485 7094 7486 7085 7486 7095 7486 7095 7487 7085 7487 7086 7487 7095 7488 7086 7488 7096 7488 7096 7489 7086 7489 7087 7489 7096 7490 7087 7490 7097 7490 7097 7491 7087 7491 7088 7491 7097 7492 7088 7492 7098 7492 7098 7493 7088 7493 7089 7493 7098 7494 7089 7494 5129 7494 5129 7495 7089 7495 5130 7495 5897 7496 5899 7496 7035 7496 7035 7497 5899 7497 7090 7497 7035 7498 7090 7498 7099 7498 7099 7499 7090 7499 7091 7499 7099 7500 7091 7500 7100 7500 7100 7501 7091 7501 7092 7501 7100 7502 7092 7502 7101 7502 7101 7503 7092 7503 7093 7503 7101 7504 7093 7504 7102 7504 7102 7505 7093 7505 7094 7505 7102 7506 7094 7506 7103 7506 7103 7507 7094 7507 7095 7507 7103 7508 7095 7508 7104 7508 7104 7509 7095 7509 7096 7509 7104 7510 7096 7510 7105 7510 7105 7511 7096 7511 7097 7511 7105 7512 7097 7512 7106 7512 7106 7513 7097 7513 7098 7513 7106 7514 7098 7514 5128 7514 5128 7515 7098 7515 5129 7515 6194 7516 5885 7516 7107 7516 7107 7517 5885 7517 7035 7517 7107 7518 7035 7518 7108 7518 7108 7519 7035 7519 7099 7519 7108 7520 7099 7520 7109 7520 7109 7521 7099 7521 7100 7521 7109 7522 7100 7522 7110 7522 7110 7523 7100 7523 7101 7523 7110 7524 7101 7524 7111 7524 7111 7525 7101 7525 7102 7525 7111 7526 7102 7526 7112 7526 7112 7527 7102 7527 7103 7527 7112 7528 7103 7528 7113 7528 7113 7529 7103 7529 7104 7529 7113 7530 7104 7530 7114 7530 7114 7531 7104 7531 7105 7531 7114 7532 7105 7532 7115 7532 7115 7533 7105 7533 7106 7533 7115 7534 7106 7534 5133 7534 5133 7535 7106 7535 5128 7535 6196 7536 6194 7536 7034 7536 7034 7537 6194 7537 7107 7537 7034 7538 7107 7538 7116 7538 7116 7539 7107 7539 7108 7539 7116 7540 7108 7540 7117 7540 7117 7541 7108 7541 7109 7541 7117 7542 7109 7542 7118 7542 7118 7543 7109 7543 7110 7543 7118 7544 7110 7544 7119 7544 7119 7545 7110 7545 7111 7545 7119 7546 7111 7546 7120 7546 7120 7547 7111 7547 7112 7547 7120 7548 7112 7548 7121 7548 7121 7549 7112 7549 7113 7549 7121 7550 7113 7550 7122 7550 7122 7551 7113 7551 7114 7551 7122 7552 7114 7552 7123 7552 7123 7553 7114 7553 7115 7553 7123 7554 7115 7554 5132 7554 5132 7555 7115 7555 5133 7555 5132 7556 5109 7556 7123 7556 7123 7557 5109 7557 7124 7557 7123 7558 7124 7558 7122 7558 7122 7559 7124 7559 7125 7559 7122 7560 7125 7560 7121 7560 7121 7561 7125 7561 7126 7561 7121 7562 7126 7562 7120 7562 7120 7563 7126 7563 7127 7563 7120 7564 7127 7564 7119 7564 7119 7565 7127 7565 7128 7565 7119 7566 7128 7566 7118 7566 7118 7567 7128 7567 7129 7567 7118 7568 7129 7568 7117 7568 7117 7569 7129 7569 7130 7569 7117 7570 7130 7570 7116 7570 7116 7571 7130 7571 7131 7571 7116 7572 7131 7572 7034 7572 7034 7573 7131 7573 7132 7573 7034 7574 7132 7574 6197 7574 6197 7575 7132 7575 6198 7575 5881 7576 6198 7576 7042 7576 7042 7577 6198 7577 7132 7577 7042 7578 7132 7578 7043 7578 7043 7579 7132 7579 7131 7579 7043 7580 7131 7580 7044 7580 7044 7581 7131 7581 7130 7581 7044 7582 7130 7582 7045 7582 7045 7583 7130 7583 7129 7583 7045 7584 7129 7584 7046 7584 7046 7585 7129 7585 7128 7585 7046 7586 7128 7586 7047 7586 7047 7587 7128 7587 7127 7587 7047 7588 7127 7588 7048 7588 7048 7589 7127 7589 7126 7589 7048 7590 7126 7590 7049 7590 7049 7591 7126 7591 7125 7591 7049 7592 7125 7592 7050 7592 7050 7593 7125 7593 7124 7593 7050 7594 7124 7594 5106 7594 5106 7595 7124 7595 5109 7595 6277 7596 6326 7596 7133 7596 6332 7597 6496 7597 7134 7597 6501 7598 6588 7598 7135 7598 6592 7599 6595 7599 7136 7599 6739 7600 7137 7600 6757 7600 7138 7601 6734 7601 7139 7601 7139 7602 6734 7602 6765 7602 7139 7603 6765 7603 7140 7603 7140 7604 6765 7604 5810 7604 7140 7605 5810 7605 5809 7605 7141 7606 6737 7606 7142 7606 7142 7607 6737 7607 6736 7607 7142 7608 6736 7608 7138 7608 7138 7609 6736 7609 6735 7609 7138 7610 6735 7610 6734 7610 6757 7611 7137 7611 6758 7611 6758 7612 7137 7612 7143 7612 6758 7613 7143 7613 6741 7613 6741 7614 7143 7614 6742 7614 6742 7615 7143 7615 7144 7615 6742 7616 7144 7616 6743 7616 6743 7617 7144 7617 6744 7617 6744 7618 7144 7618 7145 7618 6744 7619 7145 7619 6745 7619 6745 7620 7145 7620 6746 7620 6746 7621 7145 7621 7146 7621 6746 7622 7146 7622 6747 7622 6597 7623 6599 7623 6601 7623 6601 7624 6750 7624 6597 7624 6597 7625 6750 7625 6749 7625 6597 7626 6749 7626 7146 7626 7146 7627 6749 7627 6748 7627 7146 7628 6748 7628 6747 7628 6586 7629 7147 7629 585 7629 585 7630 7147 7630 590 7630 590 7631 7147 7631 591 7631 591 7632 7147 7632 7148 7632 591 7633 7148 7633 592 7633 592 7634 7148 7634 7149 7634 592 7635 7149 7635 594 7635 594 7636 7149 7636 7150 7636 594 7637 7150 7637 593 7637 593 7638 7150 7638 7151 7638 593 7639 7151 7639 589 7639 589 7640 7151 7640 588 7640 588 7641 7151 7641 7152 7641 588 7642 7152 7642 587 7642 587 7643 7152 7643 7153 7643 587 7644 7153 7644 586 7644 586 7645 7153 7645 584 7645 584 7646 7153 7646 7154 7646 584 7647 7154 7647 583 7647 583 7648 7154 7648 582 7648 582 7649 7154 7649 7155 7649 582 7650 7155 7650 581 7650 581 7651 7155 7651 580 7651 580 7652 7155 7652 5812 7652 580 7653 5812 7653 578 7653 6595 7654 6597 7654 7136 7654 7136 7655 6597 7655 7146 7655 7136 7656 7146 7656 7156 7656 7156 7657 7146 7657 7145 7657 7156 7658 7145 7658 7157 7658 7157 7659 7145 7659 7144 7659 7157 7660 7144 7660 7158 7660 7158 7661 7144 7661 7143 7661 7158 7662 7143 7662 7141 7662 7141 7663 7143 7663 7137 7663 7141 7664 7137 7664 6737 7664 6737 7665 7137 7665 6739 7665 6590 7666 6592 7666 7159 7666 7159 7667 6592 7667 7136 7667 7159 7668 7136 7668 7160 7668 7160 7669 7136 7669 7156 7669 7160 7670 7156 7670 7161 7670 7161 7671 7156 7671 7157 7671 7161 7672 7157 7672 7162 7672 7162 7673 7157 7673 7158 7673 7162 7674 7158 7674 7163 7674 7163 7675 7158 7675 7141 7675 7163 7676 7141 7676 7164 7676 7164 7677 7141 7677 7142 7677 7164 7678 7142 7678 7165 7678 7165 7679 7142 7679 7138 7679 7165 7680 7138 7680 7166 7680 7166 7681 7138 7681 7139 7681 7166 7682 7139 7682 7167 7682 7167 7683 7139 7683 7140 7683 7167 7684 7140 7684 5835 7684 5835 7685 7140 7685 5809 7685 6588 7686 6590 7686 7135 7686 7135 7687 6590 7687 7159 7687 7135 7688 7159 7688 7168 7688 7168 7689 7159 7689 7160 7689 7168 7690 7160 7690 7169 7690 7169 7691 7160 7691 7161 7691 7169 7692 7161 7692 7170 7692 7170 7693 7161 7693 7162 7693 7170 7694 7162 7694 7171 7694 7171 7695 7162 7695 7163 7695 7171 7696 7163 7696 7172 7696 7172 7697 7163 7697 7164 7697 7172 7698 7164 7698 7173 7698 7173 7699 7164 7699 7165 7699 7173 7700 7165 7700 7174 7700 7174 7701 7165 7701 7166 7701 7174 7702 7166 7702 7175 7702 7175 7703 7166 7703 7167 7703 7175 7704 7167 7704 5834 7704 5834 7705 7167 7705 5835 7705 6504 7706 6501 7706 7176 7706 7176 7707 6501 7707 7135 7707 7176 7708 7135 7708 7177 7708 7177 7709 7135 7709 7168 7709 7177 7710 7168 7710 7178 7710 7178 7711 7168 7711 7169 7711 7178 7712 7169 7712 7179 7712 7179 7713 7169 7713 7170 7713 7179 7714 7170 7714 7180 7714 7180 7715 7170 7715 7171 7715 7180 7716 7171 7716 7181 7716 7181 7717 7171 7717 7172 7717 7181 7718 7172 7718 7182 7718 7182 7719 7172 7719 7173 7719 7182 7720 7173 7720 7183 7720 7183 7721 7173 7721 7174 7721 7183 7722 7174 7722 7184 7722 7184 7723 7174 7723 7175 7723 7184 7724 7175 7724 5820 7724 5820 7725 7175 7725 5834 7725 6496 7726 6504 7726 7134 7726 7134 7727 6504 7727 7176 7727 7134 7728 7176 7728 7185 7728 7185 7729 7176 7729 7177 7729 7185 7730 7177 7730 7186 7730 7186 7731 7177 7731 7178 7731 7186 7732 7178 7732 7187 7732 7187 7733 7178 7733 7179 7733 7187 7734 7179 7734 7188 7734 7188 7735 7179 7735 7180 7735 7188 7736 7180 7736 7189 7736 7189 7737 7180 7737 7181 7737 7189 7738 7181 7738 7190 7738 7190 7739 7181 7739 7182 7739 7190 7740 7182 7740 7191 7740 7191 7741 7182 7741 7183 7741 7191 7742 7183 7742 7192 7742 7192 7743 7183 7743 7184 7743 7192 7744 7184 7744 5819 7744 5819 7745 7184 7745 5820 7745 6329 7746 6332 7746 7193 7746 7193 7747 6332 7747 7134 7747 7193 7748 7134 7748 7194 7748 7194 7749 7134 7749 7185 7749 7194 7750 7185 7750 7195 7750 7195 7751 7185 7751 7186 7751 7195 7752 7186 7752 7196 7752 7196 7753 7186 7753 7187 7753 7196 7754 7187 7754 7197 7754 7197 7755 7187 7755 7188 7755 7197 7756 7188 7756 7198 7756 7198 7757 7188 7757 7189 7757 7198 7758 7189 7758 7199 7758 7199 7759 7189 7759 7190 7759 7199 7760 7190 7760 7200 7760 7200 7761 7190 7761 7191 7761 7200 7762 7191 7762 7201 7762 7201 7763 7191 7763 7192 7763 7201 7764 7192 7764 5818 7764 5818 7765 7192 7765 5819 7765 6326 7766 6329 7766 7133 7766 7133 7767 6329 7767 7193 7767 7133 7768 7193 7768 7202 7768 7202 7769 7193 7769 7194 7769 7202 7770 7194 7770 7203 7770 7203 7771 7194 7771 7195 7771 7203 7772 7195 7772 7204 7772 7204 7773 7195 7773 7196 7773 7204 7774 7196 7774 7205 7774 7205 7775 7196 7775 7197 7775 7205 7776 7197 7776 7206 7776 7206 7777 7197 7777 7198 7777 7206 7778 7198 7778 7207 7778 7207 7779 7198 7779 7199 7779 7207 7780 7199 7780 7208 7780 7208 7781 7199 7781 7200 7781 7208 7782 7200 7782 7209 7782 7209 7783 7200 7783 7201 7783 7209 7784 7201 7784 5814 7784 5814 7785 7201 7785 5818 7785 6585 7786 6277 7786 7210 7786 7210 7787 6277 7787 7133 7787 7210 7788 7133 7788 7211 7788 7211 7789 7133 7789 7202 7789 7211 7790 7202 7790 7212 7790 7212 7791 7202 7791 7203 7791 7212 7792 7203 7792 7213 7792 7213 7793 7203 7793 7204 7793 7213 7794 7204 7794 7214 7794 7214 7795 7204 7795 7205 7795 7214 7796 7205 7796 7215 7796 7215 7797 7205 7797 7206 7797 7215 7798 7206 7798 7216 7798 7216 7799 7206 7799 7207 7799 7216 7800 7207 7800 7217 7800 7217 7801 7207 7801 7208 7801 7217 7802 7208 7802 7218 7802 7218 7803 7208 7803 7209 7803 7218 7804 7209 7804 5813 7804 5813 7805 7209 7805 5814 7805 6573 7806 6585 7806 7219 7806 7219 7807 6585 7807 7210 7807 7219 7808 7210 7808 7220 7808 7220 7809 7210 7809 7211 7809 7220 7810 7211 7810 7221 7810 7221 7811 7211 7811 7212 7811 7221 7812 7212 7812 7222 7812 7222 7813 7212 7813 7213 7813 7222 7814 7213 7814 7223 7814 7223 7815 7213 7815 7214 7815 7223 7816 7214 7816 7224 7816 7224 7817 7214 7817 7215 7817 7224 7818 7215 7818 7225 7818 7225 7819 7215 7819 7216 7819 7225 7820 7216 7820 7226 7820 7226 7821 7216 7821 7217 7821 7226 7822 7217 7822 7227 7822 7227 7823 7217 7823 7218 7823 7227 7824 7218 7824 5815 7824 5815 7825 7218 7825 5813 7825 6586 7826 6573 7826 7147 7826 7147 7827 6573 7827 7219 7827 7147 7828 7219 7828 7148 7828 7148 7829 7219 7829 7220 7829 7148 7830 7220 7830 7149 7830 7149 7831 7220 7831 7221 7831 7149 7832 7221 7832 7150 7832 7150 7833 7221 7833 7222 7833 7150 7834 7222 7834 7151 7834 7151 7835 7222 7835 7223 7835 7151 7836 7223 7836 7152 7836 7152 7837 7223 7837 7224 7837 7152 7838 7224 7838 7153 7838 7153 7839 7224 7839 7225 7839 7153 7840 7225 7840 7154 7840 7154 7841 7225 7841 7226 7841 7154 7842 7226 7842 7155 7842 7155 7843 7226 7843 7227 7843 7155 7844 7227 7844 5812 7844 5812 7845 7227 7845 5815 7845 7228 4810 7229 4810 5510 4810 5510 4810 7229 4810 5513 4810 7230 1400 7228 1400 5511 1400 5511 1400 7228 1400 5510 1400 7231 86 7230 86 5512 86 5512 86 7230 86 5511 86 7229 927 7231 927 5513 927 5513 927 7231 927 5512 927 7230 958 7231 958 7228 958 7228 958 7231 958 7229 958 5494 4810 5492 4810 7232 4810 7232 7846 5492 7846 7233 7846 7233 7847 5492 7847 5490 7847 7233 4810 5490 4810 7234 4810 7234 4810 5490 4810 5488 4810 7234 4810 5488 4810 7235 4810 7235 4810 5488 4810 5486 4810 7235 4810 5486 4810 7236 4810 7236 4810 5486 4810 5484 4810 7236 7848 5484 7848 7237 7848 7237 7849 5484 7849 5482 7849 7237 7850 5482 7850 7238 7850 7238 7851 5482 7851 5480 7851 7238 7852 5480 7852 7239 7852 7239 7853 5480 7853 5478 7853 7239 7854 5478 7854 7240 7854 7240 7855 5478 7855 5476 7855 7240 7856 5476 7856 7241 7856 7242 7857 5472 7857 7243 7857 7243 7858 5472 7858 5470 7858 5494 4810 7232 4810 5496 4810 5496 4810 7232 4810 7244 4810 5496 4810 7244 4810 5498 4810 5498 4810 7244 4810 7245 4810 5498 4810 7245 4810 5500 4810 5500 4810 7245 4810 7246 4810 5500 4810 7246 4810 5502 4810 5502 7859 7246 7859 7247 7859 5502 7860 7247 7860 5504 7860 5504 7861 7247 7861 7248 7861 5504 7862 7248 7862 5506 7862 5506 7863 7248 7863 7249 7863 5506 7864 7249 7864 5433 7864 5433 4810 7249 4810 7250 4810 5433 4810 7250 4810 5434 4810 5434 4810 7250 4810 7251 4810 5434 4810 7251 4810 5436 4810 5436 4810 7251 4810 7252 4810 5436 4810 7252 4810 5438 4810 5438 4810 7252 4810 7253 4810 5438 4810 7253 4810 5440 4810 5440 4810 7253 4810 7254 4810 5440 7865 7254 7865 5442 7865 5442 7866 7254 7866 7255 7866 5442 7867 7255 7867 5444 7867 5444 7868 7255 7868 7256 7868 5444 7869 7256 7869 5446 7869 5446 7870 7256 7870 7257 7870 5446 7871 7257 7871 5448 7871 5448 7872 7257 7872 7258 7872 5448 4810 7258 4810 5450 4810 5450 4810 7258 4810 7259 4810 5450 4810 7259 4810 5452 4810 5452 4810 7259 4810 7260 4810 5452 4810 7260 4810 5454 4810 5454 4810 7260 4810 7261 4810 5454 4810 7261 4810 5456 4810 5456 7873 7261 7873 7262 7873 5456 7874 7262 7874 5458 7874 5458 4810 7262 4810 7263 4810 5458 4810 7263 4810 5460 4810 7241 7875 5476 7875 7242 7875 7242 7876 5476 7876 5474 7876 7242 7877 5474 7877 5472 7877 5460 4810 7263 4810 5462 4810 5462 4810 7263 4810 7264 4810 5462 4810 7264 4810 5464 4810 5464 4810 7264 4810 7265 4810 5464 4810 7265 4810 5466 4810 5466 7878 7265 7878 7266 7878 5466 7879 7266 7879 5468 7879 5468 7880 7266 7880 7267 7880 5468 7881 7267 7881 5470 7881 5470 7882 7267 7882 7268 7882 5470 7883 7268 7883 7243 7883 7252 7884 6792 7884 7253 7884 7253 7884 6792 7884 6793 7884 7253 7885 6793 7885 7254 7885 7254 7885 6793 7885 6795 7885 7254 7886 6795 7886 7255 7886 7255 7886 6795 7886 6794 7886 7255 7887 6794 7887 7256 7887 7256 7888 6794 7888 6775 7888 7256 7889 6775 7889 7257 7889 7257 7889 6775 7889 6774 7889 7257 7890 6774 7890 7258 7890 7258 7891 6774 7891 6791 7891 7258 7892 6791 7892 7259 7892 7259 7893 6791 7893 6826 7893 7259 7894 6826 7894 7260 7894 7260 7894 6826 7894 6825 7894 7260 7895 6825 7895 7261 7895 7261 7896 6825 7896 6824 7896 7261 7897 6824 7897 7262 7897 7262 7898 6824 7898 6823 7898 7262 7899 6823 7899 7263 7899 7263 7899 6823 7899 6815 7899 7263 7900 6815 7900 7264 7900 7264 7901 6815 7901 6822 7901 7264 7902 6822 7902 7265 7902 7265 7902 6822 7902 6821 7902 7265 7903 6821 7903 7266 7903 7266 7903 6821 7903 6820 7903 7266 7904 6820 7904 7267 7904 7267 7904 6820 7904 6834 7904 7267 7905 6834 7905 7268 7905 7268 7905 6834 7905 6833 7905 7268 7906 6833 7906 7243 7906 7243 7907 6833 7907 6831 7907 7243 7908 6831 7908 7242 7908 7242 7908 6831 7908 6830 7908 7242 7909 6830 7909 7241 7909 7241 7909 6830 7909 6832 7909 7241 7910 6832 7910 7240 7910 7240 7910 6832 7910 6839 7910 7240 7911 6839 7911 7239 7911 7239 7912 6839 7912 6838 7912 7239 7913 6838 7913 7238 7913 7238 7913 6838 7913 6837 7913 7238 7914 6837 7914 7237 7914 7237 7914 6837 7914 6819 7914 7237 7915 6819 7915 7236 7915 7236 7915 6819 7915 6818 7915 7236 7916 6818 7916 7235 7916 7235 7916 6818 7916 6817 7916 7235 7917 6817 7917 7234 7917 7234 7918 6817 7918 6816 7918 7234 7919 6816 7919 7233 7919 7233 7919 6816 7919 6835 7919 7233 7920 6835 7920 7232 7920 7232 7921 6835 7921 6801 7921 7232 7922 6801 7922 7244 7922 7244 7923 6801 7923 6803 7923 7244 7924 6803 7924 7245 7924 7245 7924 6803 7924 6802 7924 7245 7925 6802 7925 7246 7925 7246 7926 6802 7926 6787 7926 7246 7927 6787 7927 7247 7927 7247 7928 6787 7928 6786 7928 7247 7929 6786 7929 7248 7929 7248 7929 6786 7929 6785 7929 7248 7930 6785 7930 7249 7930 7249 7931 6785 7931 6784 7931 7249 7932 6784 7932 7250 7932 7250 7932 6784 7932 6783 7932 7250 7933 6783 7933 7251 7933 7251 7933 6783 7933 6782 7933 7251 7934 6782 7934 7252 7934 7252 7934 6782 7934 6792 7934 5419 4810 5417 4810 7269 4810 7269 7935 5417 7935 7270 7935 7270 7936 5417 7936 5415 7936 7270 4810 5415 4810 7271 4810 7271 4810 5415 4810 5413 4810 7271 4810 5413 4810 7272 4810 7272 4810 5413 4810 5411 4810 7272 4810 5411 4810 7273 4810 7273 4810 5411 4810 5409 4810 7273 7937 5409 7937 7274 7937 7274 7938 5409 7938 5407 7938 7274 7939 5407 7939 7275 7939 7275 7940 5407 7940 5405 7940 7275 7941 5405 7941 7276 7941 7276 7942 5405 7942 5403 7942 7276 7943 5403 7943 7277 7943 7277 7944 5403 7944 5401 7944 7277 7945 5401 7945 7278 7945 7279 7946 5397 7946 7280 7946 7280 7947 5397 7947 5395 7947 5419 4810 7269 4810 5421 4810 5421 4810 7269 4810 7281 4810 5421 4810 7281 4810 5423 4810 5423 4810 7281 4810 7282 4810 5423 4810 7282 4810 5425 4810 5425 4810 7282 4810 7283 4810 5425 4810 7283 4810 5427 4810 5427 7948 7283 7948 7284 7948 5427 7949 7284 7949 5429 7949 5429 7950 7284 7950 7285 7950 5429 7951 7285 7951 5431 7951 5431 7952 7285 7952 7286 7952 5431 7953 7286 7953 5358 7953 5358 4810 7286 4810 7287 4810 5358 4810 7287 4810 5359 4810 5359 4810 7287 4810 7288 4810 5359 4810 7288 4810 5361 4810 5361 4810 7288 4810 7289 4810 5361 4810 7289 4810 5363 4810 5363 4810 7289 4810 7290 4810 5363 4810 7290 4810 5365 4810 5365 4810 7290 4810 7291 4810 5365 7954 7291 7954 5367 7954 5367 7866 7291 7866 7292 7866 5367 7955 7292 7955 5369 7955 5369 7956 7292 7956 7293 7956 5369 7957 7293 7957 5371 7957 5371 7958 7293 7958 7294 7958 5371 7871 7294 7871 5373 7871 5373 7959 7294 7959 7295 7959 5373 4810 7295 4810 5375 4810 5375 4810 7295 4810 7296 4810 5375 4810 7296 4810 5377 4810 5377 4810 7296 4810 7297 4810 5377 4810 7297 4810 5379 4810 5379 4810 7297 4810 7298 4810 5379 4810 7298 4810 5381 4810 5381 7960 7298 7960 7299 7960 5381 7874 7299 7874 5383 7874 5383 4810 7299 4810 7300 4810 5383 4810 7300 4810 5385 4810 7278 7875 5401 7875 7279 7875 7279 7961 5401 7961 5399 7961 7279 7962 5399 7962 5397 7962 5385 4810 7300 4810 5387 4810 5387 4810 7300 4810 7301 4810 5387 4810 7301 4810 5389 4810 5389 4810 7301 4810 7302 4810 5389 4810 7302 4810 5391 4810 5391 7963 7302 7963 7303 7963 5391 7964 7303 7964 5393 7964 5393 7965 7303 7965 7304 7965 5393 7966 7304 7966 5395 7966 5395 7967 7304 7967 7305 7967 5395 7968 7305 7968 7280 7968 7289 7884 6781 7884 7290 7884 7290 7884 6781 7884 6780 7884 7290 7885 6780 7885 7291 7885 7291 7885 6780 7885 6773 7885 7291 7886 6773 7886 7292 7886 7292 7886 6773 7886 6772 7886 7292 7969 6772 7969 7293 7969 7293 7970 6772 7970 6779 7970 7293 7971 6779 7971 7294 7971 7294 7971 6779 7971 6778 7971 7294 7972 6778 7972 7295 7972 7295 7973 6778 7973 6777 7973 7295 7892 6777 7892 7296 7892 7296 7893 6777 7893 6776 7893 7296 7974 6776 7974 7297 7974 7297 7974 6776 7974 6798 7974 7297 7975 6798 7975 7298 7975 7298 7976 6798 7976 6797 7976 7298 7977 6797 7977 7299 7977 7299 7978 6797 7978 6796 7978 7299 7899 6796 7899 7300 7899 7300 7899 6796 7899 6807 7899 7300 7900 6807 7900 7301 7900 7301 7901 6807 7901 6806 7901 7301 7902 6806 7902 7302 7902 7302 7902 6806 7902 6805 7902 7302 7903 6805 7903 7303 7903 7303 7903 6805 7903 6800 7903 7303 7904 6800 7904 7304 7904 7304 7904 6800 7904 6799 7904 7304 7979 6799 7979 7305 7979 7305 7979 6799 7979 6804 7979 7305 7980 6804 7980 7280 7980 7280 7981 6804 7981 6836 7981 7280 7982 6836 7982 7279 7982 7279 7982 6836 7982 6829 7982 7279 7909 6829 7909 7278 7909 7278 7909 6829 7909 6828 7909 7278 7910 6828 7910 7277 7910 7277 7910 6828 7910 6827 7910 7277 7983 6827 7983 7276 7983 7276 7984 6827 7984 6814 7984 7276 7985 6814 7985 7275 7985 7275 7985 6814 7985 6813 7985 7275 7914 6813 7914 7274 7914 7274 7914 6813 7914 6812 7914 7274 7915 6812 7915 7273 7915 7273 7915 6812 7915 6811 7915 7273 7916 6811 7916 7272 7916 7272 7916 6811 7916 6810 7916 7272 7917 6810 7917 7271 7917 7271 7918 6810 7918 6809 7918 7271 7919 6809 7919 7270 7919 7270 7919 6809 7919 6808 7919 7270 7986 6808 7986 7269 7986 7269 7987 6808 7987 6790 7987 7269 7988 6790 7988 7281 7988 7281 7989 6790 7989 6789 7989 7281 7990 6789 7990 7282 7990 7282 7990 6789 7990 6788 7990 7282 7925 6788 7925 7283 7925 7283 7926 6788 7926 6771 7926 7283 7991 6771 7991 7284 7991 7284 7992 6771 7992 6770 7992 7284 7993 6770 7993 7285 7993 7285 7993 6770 7993 6769 7993 7285 7994 6769 7994 7286 7994 7286 7995 6769 7995 6768 7995 7286 7932 6768 7932 7287 7932 7287 7932 6768 7932 6767 7932 7287 7996 6767 7996 7288 7996 7288 7996 6767 7996 6766 7996 7288 7997 6766 7997 7289 7997 7289 7997 6766 7997 6781 7997 7306 4810 5267 4810 7307 4810 7307 4810 5267 4810 5265 4810 7307 4810 5265 4810 7308 4810 7308 4810 5265 4810 5263 4810 7308 4810 5263 4810 7309 4810 7309 4810 5263 4810 5261 4810 7309 7998 5261 7998 7310 7998 7310 7999 5261 7999 5259 7999 7310 8000 5259 8000 7311 8000 7311 8001 5259 8001 7312 8001 7312 8002 5259 8002 5257 8002 7312 8003 5257 8003 7313 8003 5257 8004 5255 8004 7313 8004 7313 4810 5255 4810 5253 4810 7313 4810 5253 4810 7314 4810 7314 4810 5253 4810 5251 4810 7314 4810 5251 4810 7315 4810 7315 4810 5251 4810 7316 4810 5237 4810 5235 4810 7317 4810 7317 4810 5235 4810 5233 4810 7317 4810 5233 4810 7318 4810 7318 4810 5233 4810 5231 4810 7318 4810 5231 4810 7319 4810 7319 4810 5231 4810 5229 4810 7319 8005 5229 8005 7320 8005 7320 8006 5229 8006 5227 8006 7320 4810 5227 4810 7321 4810 7321 4810 5227 4810 5225 4810 7321 4810 5225 4810 7322 4810 7322 4810 5225 4810 5223 4810 7322 4810 5223 4810 7323 4810 7323 4810 5223 4810 5221 4810 7323 8007 5221 8007 7324 8007 7324 7957 5221 7957 5219 7957 7324 7956 5219 7956 7325 7956 7325 7955 5219 7955 5217 7955 7325 8008 5217 8008 7326 8008 7326 8009 5217 8009 5215 8009 7326 8010 5215 8010 7327 8010 7327 8011 5215 8011 5213 8011 7327 8012 5213 8012 7328 8012 7328 8013 5213 8013 5211 8013 7328 8014 5211 8014 7329 8014 7329 8015 5211 8015 5209 8015 7329 8016 5209 8016 7330 8016 7330 8017 5209 8017 5208 8017 7330 8018 5208 8018 7331 8018 7331 8019 5208 8019 5281 8019 7331 7952 5281 7952 7332 7952 7332 7951 5281 7951 5279 7951 7332 8020 5279 8020 7333 8020 7333 4810 5279 4810 5277 4810 7333 4810 5277 4810 7334 4810 7334 4810 5277 4810 5275 4810 7334 4810 5275 4810 7335 4810 7335 4810 5275 4810 5273 4810 7335 4810 5273 4810 7336 4810 7336 4810 5273 4810 5271 4810 7336 8021 5271 8021 7306 8021 7306 8022 5271 8022 5269 8022 7306 4810 5269 4810 5267 4810 7317 4810 7337 4810 5237 4810 5237 8023 7337 8023 7338 8023 5237 8024 7338 8024 5239 8024 5239 8025 7338 8025 7339 8025 5239 8026 7339 8026 5241 8026 5241 8027 7339 8027 7340 8027 5241 8028 7340 8028 5243 8028 5243 4810 7340 4810 7341 4810 5243 4810 7341 4810 5245 4810 5245 4810 7341 4810 7342 4810 5245 4810 7342 4810 5247 4810 5247 4810 7342 4810 7316 4810 5247 4810 7316 4810 5249 4810 5249 4810 7316 4810 5251 4810 7343 8029 7344 8029 7345 8029 7345 8030 7344 8030 5566 8030 7345 8031 5566 8031 5580 8031 7343 8032 7346 8032 7344 8032 7344 8033 7346 8033 7347 8033 7344 8034 7347 8034 7348 8034 7322 8035 5566 8035 7321 8035 7321 8036 5566 8036 7344 8036 7321 8037 7344 8037 7320 8037 7320 7974 7344 7974 7348 7974 7320 7975 7348 7975 7319 7975 7319 7976 7348 7976 7347 7976 7319 8038 7347 8038 7318 8038 7318 8038 7347 8038 7346 8038 7318 8039 7346 8039 7317 8039 7317 7899 7346 7899 7343 7899 7317 7900 7343 7900 7337 7900 7343 7900 7345 7900 7337 7900 7337 8040 7345 8040 5580 8040 7337 8041 5580 8041 7338 8041 7338 8042 5580 8042 5581 8042 7338 7903 5581 7903 7339 7903 7339 7903 5581 7903 5582 7903 7339 7904 5582 7904 7340 7904 7340 8043 5582 8043 5586 8043 7340 8044 5586 8044 7341 8044 7341 8044 5586 8044 5585 8044 7341 8045 5585 8045 7342 8045 7342 8045 5585 8045 5579 8045 7342 8046 5579 8046 7316 8046 7316 8046 5579 8046 5578 8046 7316 8047 5578 8047 7315 8047 7315 8047 5578 8047 5577 8047 7315 8048 5577 8048 7314 8048 7314 8048 5577 8048 5576 8048 7314 8049 5576 8049 7313 8049 7313 8049 5576 8049 5575 8049 7313 8050 5575 8050 7312 8050 7312 8050 5575 8050 5574 8050 7312 8051 5574 8051 7311 8051 7311 8052 5574 8052 5573 8052 7311 7915 5573 7915 7310 7915 7310 7915 5573 7915 5565 7915 7310 7916 5565 7916 7309 7916 7309 8053 5565 8053 5564 8053 7309 8054 5564 8054 7308 8054 7308 8054 5564 8054 5572 8054 7308 8055 5572 8055 7307 8055 7307 8056 5572 8056 5571 8056 7307 7987 5571 7987 7306 7987 7306 7987 5571 7987 5570 7987 7306 7988 5570 7988 7336 7988 7336 7989 5570 7989 5584 7989 7336 8057 5584 8057 7335 8057 7335 8058 5584 8058 5583 8058 7335 8059 5583 8059 7334 8059 7334 7925 5583 7925 5591 7925 7334 8060 5591 8060 7333 8060 7333 7991 5591 7991 5590 7991 7333 8061 5590 8061 7332 8061 7332 8062 5590 8062 5563 8062 7332 7994 5563 7994 7331 7994 7331 8063 5563 8063 5562 8063 7331 8064 5562 8064 7330 8064 7330 8065 5562 8065 5594 8065 7330 8066 5594 8066 7329 8066 7329 8067 5594 8067 5593 8067 7329 8068 5593 8068 7328 8068 7328 8069 5593 8069 5592 8069 7328 8070 5592 8070 7327 8070 7327 8071 5592 8071 5589 8071 7327 8072 5589 8072 7326 8072 7326 8073 5589 8073 5588 8073 7326 8074 5588 8074 7325 8074 7325 8075 5588 8075 5587 8075 7325 8076 5587 8076 7324 8076 7324 8077 5587 8077 5569 8077 7324 7971 5569 7971 7323 7971 7323 8078 5569 8078 5568 8078 7323 8079 5568 8079 7322 8079 7322 8080 5568 8080 5567 8080 7322 8081 5567 8081 5566 8081 7349 4810 5342 4810 7350 4810 7350 4810 5342 4810 5340 4810 7350 4810 5340 4810 7351 4810 7351 4810 5340 4810 5338 4810 7351 4810 5338 4810 7352 4810 7352 4810 5338 4810 5336 4810 7352 8082 5336 8082 7353 8082 7353 8083 5336 8083 5334 8083 7353 8000 5334 8000 7354 8000 7354 8001 5334 8001 7355 8001 7355 8084 5334 8084 5332 8084 7355 8085 5332 8085 7356 8085 5332 8004 5330 8004 7356 8004 7356 4810 5330 4810 5328 4810 7356 4810 5328 4810 7357 4810 7357 4810 5328 4810 5326 4810 7357 4810 5326 4810 7358 4810 7358 4810 5326 4810 7359 4810 5312 4810 5310 4810 7360 4810 7360 4810 5310 4810 5308 4810 7360 4810 5308 4810 7361 4810 7361 4810 5308 4810 5306 4810 7361 4810 5306 4810 7362 4810 7362 4810 5306 4810 5304 4810 7362 8086 5304 8086 7363 8086 7363 8087 5304 8087 5302 8087 7363 4810 5302 4810 7364 4810 7364 4810 5302 4810 5300 4810 7364 4810 5300 4810 7365 4810 7365 4810 5300 4810 5298 4810 7365 4810 5298 4810 7366 4810 7366 4810 5298 4810 5296 4810 7366 8088 5296 8088 7367 8088 7367 7869 5296 7869 5294 7869 7367 7868 5294 7868 7368 7868 7368 7867 5294 7867 5292 7867 7368 8008 5292 8008 7369 8008 7369 8089 5292 8089 5290 8089 7369 8090 5290 8090 7370 8090 7370 8091 5290 8091 5288 8091 7370 8092 5288 8092 7371 8092 7371 8093 5288 8093 5286 8093 7371 8014 5286 8014 7372 8014 7372 8094 5286 8094 5284 8094 7372 8095 5284 8095 7373 8095 7373 8096 5284 8096 5283 8096 7373 8097 5283 8097 7374 8097 7374 8098 5283 8098 5356 8098 7374 7863 5356 7863 7375 7863 7375 7862 5356 7862 5354 7862 7375 8099 5354 8099 7376 8099 7376 4810 5354 4810 5352 4810 7376 4810 5352 4810 7377 4810 7377 4810 5352 4810 5350 4810 7377 4810 5350 4810 7378 4810 7378 4810 5350 4810 5348 4810 7378 4810 5348 4810 7379 4810 7379 4810 5348 4810 5346 4810 7379 8100 5346 8100 7349 8100 7349 8101 5346 8101 5344 8101 7349 4810 5344 4810 5342 4810 7360 4810 7380 4810 5312 4810 5312 8102 7380 8102 7381 8102 5312 8103 7381 8103 5314 8103 5314 8104 7381 8104 7382 8104 5314 8105 7382 8105 5316 8105 5316 8106 7382 8106 7383 8106 5316 8107 7383 8107 5318 8107 5318 4810 7383 4810 7384 4810 5318 4810 7384 4810 5320 4810 5320 4810 7384 4810 7385 4810 5320 4810 7385 4810 5322 4810 5322 4810 7385 4810 7359 4810 5322 4810 7359 4810 5324 4810 5324 4810 7359 4810 5326 4810 7371 8070 5529 8070 7370 8070 7370 8071 5529 8071 5552 8071 7370 8072 5552 8072 7369 8072 7369 8073 5552 8073 5551 8073 7369 8074 5551 8074 7368 8074 7368 8075 5551 8075 5550 8075 7368 8108 5550 8108 7367 8108 7367 8109 5550 8109 5549 8109 7367 7889 5549 7889 7366 7889 7366 8110 5549 8110 5548 8110 7366 8111 5548 8111 7365 8111 7365 8112 5548 8112 5547 8112 7365 8113 5547 8113 7364 8113 7364 8114 5547 8114 5543 8114 7364 8115 5543 8115 7363 8115 7363 7894 5543 7894 5544 7894 7363 7895 5544 7895 7362 7895 7362 7896 5544 7896 5545 7896 7362 8116 5545 8116 7361 8116 7361 8116 5545 8116 5546 8116 7361 8039 5546 8039 7360 8039 7360 7899 5546 7899 5539 7899 7360 7900 5539 7900 7380 7900 7380 7900 5539 7900 5540 7900 7380 8117 5540 8117 7381 8117 7381 8118 5540 8118 5541 8118 7381 7903 5541 7903 7382 7903 7382 7903 5541 7903 5542 7903 7382 7904 5542 7904 7383 7904 7383 8043 5542 8043 5561 8043 7383 8119 5561 8119 7384 8119 7384 8119 5561 8119 5560 8119 7384 8120 5560 8120 7385 8120 7385 8120 5560 8120 5559 8120 7385 8046 5559 8046 7359 8046 7359 8046 5559 8046 5558 8046 7359 8047 5558 8047 7358 8047 7358 8047 5558 8047 5557 8047 7358 8048 5557 8048 7357 8048 7357 8048 5557 8048 5556 8048 7357 8121 5556 8121 7356 8121 7356 8121 5556 8121 5538 8121 7356 8122 5538 8122 7355 8122 7355 8122 5538 8122 5537 8122 7355 8051 5537 8051 7354 8051 7354 8052 5537 8052 5536 8052 7354 7915 5536 7915 7353 7915 7353 7915 5536 7915 5528 7915 7353 7916 5528 7916 7352 7916 7352 8053 5528 8053 5527 8053 7352 8054 5527 8054 7351 8054 7351 8054 5527 8054 5535 8054 7351 8055 5535 8055 7350 8055 7350 8056 5535 8056 5534 8056 7350 7921 5534 7921 7349 7921 7349 7921 5534 7921 5526 7921 7349 7922 5526 7922 7379 7922 7379 7923 5526 7923 5525 7923 7379 8123 5525 8123 7378 8123 7378 8124 5525 8124 5555 8124 7378 8059 5555 8059 7377 8059 7377 7925 5555 7925 5554 7925 7377 8125 5554 8125 7376 8125 7376 7927 5554 7927 5553 7927 7376 8126 5553 8126 7375 8126 7375 8127 5553 8127 5533 8127 7375 7930 5533 7930 7374 7930 7374 8128 5533 8128 5532 8128 7374 8064 5532 8064 7373 8064 7373 8065 5532 8065 5531 8065 7373 8066 5531 8066 7372 8066 7372 8067 5531 8067 5530 8067 7372 8068 5530 8068 7371 8068 7371 8069 5530 8069 5529 8069 4950 4810 4949 4810 6512 4810 6512 4810 4949 4810 6513 4810 6513 8129 4949 8129 6514 8129 6514 8130 4949 8130 4948 8130 6519 8131 6518 8131 4845 8131 4845 8132 6518 8132 6517 8132 4845 8133 6517 8133 4948 8133 4948 8134 6517 8134 6516 8134 4948 8135 6516 8135 6514 8135 6524 8136 6523 8136 4847 8136 4847 8137 6523 8137 6522 8137 4847 8138 6522 8138 4844 8138 4844 8139 6522 8139 6521 8139 4844 8140 6521 8140 4845 8140 4845 8141 6521 8141 6520 8141 4845 8142 6520 8142 6519 8142 4939 8143 6527 8143 4866 8143 4866 8144 6527 8144 6526 8144 4866 8145 6526 8145 4847 8145 4847 8146 6526 8146 6525 8146 4847 8147 6525 8147 6524 8147 4938 8148 6529 8148 4939 8148 4939 8149 6529 8149 6528 8149 4939 8150 6528 8150 6527 8150 4890 8151 6532 8151 4938 8151 4938 8152 6532 8152 6530 8152 4938 8153 6530 8153 6529 8153 4980 8154 6543 8154 4920 8154 4920 8155 6543 8155 6542 8155 4920 8156 6542 8156 4921 8156 4921 8157 6542 8157 6541 8157 4921 8158 6541 8158 4977 8158 4977 8159 6541 8159 6540 8159 4977 8160 6540 8160 4923 8160 4923 8161 6540 8161 6539 8161 4923 8162 6539 8162 4924 8162 4924 8163 6539 8163 6538 8163 4924 8164 6538 8164 4925 8164 4925 8165 6538 8165 6537 8165 4925 8166 6537 8166 4892 8166 4892 8167 6537 8167 6535 8167 4892 8168 6535 8168 4891 8168 4891 8169 6535 8169 6534 8169 4891 8170 6534 8170 4890 8170 4890 8171 6534 8171 6533 8171 4890 8172 6533 8172 6532 8172 6544 8173 6546 8173 4980 8173 4980 8174 6546 8174 6547 8174 4980 8175 6547 8175 6543 8175 4980 8176 4917 8176 6544 8176 6544 8177 4917 8177 4973 8177 6544 8178 4973 8178 6550 8178 4973 86 4972 86 6550 86 6550 86 4972 86 6548 86 4971 8179 6490 8179 4972 8179 4972 8180 6490 8180 6491 8180 4972 8181 6491 8181 6548 8181 4936 8182 6493 8182 4937 8182 4937 8183 6493 8183 6492 8183 4937 8184 6492 8184 4971 8184 4971 8185 6492 8185 6488 8185 4971 8186 6488 8186 6490 8186 6480 8187 6478 8187 4936 8187 4936 8188 6478 8188 6494 8188 4936 8189 6494 8189 6493 8189 6480 8190 4936 8190 6481 8190 6481 8191 4936 8191 4935 8191 6481 8192 4935 8192 6482 8192 4914 8193 6484 8193 4935 8193 4935 8194 6484 8194 6483 8194 4935 8195 6483 8195 6482 8195 4912 8196 4911 8196 6474 8196 6474 8197 6487 8197 4912 8197 4912 8198 6487 8198 6486 8198 4912 8199 6486 8199 4914 8199 4914 8200 6486 8200 6485 8200 4914 8201 6485 8201 6484 8201 6502 8202 6498 8202 4989 8202 4989 8203 6498 8203 6497 8203 4989 8204 6497 8204 4911 8204 4911 8205 6497 8205 6495 8205 4911 8206 6495 8206 6474 8206 4989 8207 4988 8207 6502 8207 6502 927 4988 927 4987 927 6502 8208 4987 8208 6503 8208 6503 8209 4987 8209 4956 8209 6503 8210 4956 8210 6505 8210 6505 8211 4956 8211 4955 8211 6505 8212 4955 8212 6506 8212 6506 8213 4955 8213 4954 8213 6506 8214 4954 8214 6499 8214 6499 8215 4954 8215 4953 8215 6499 8216 4953 8216 6500 8216 6500 8217 4953 8217 4952 8217 6500 8218 4952 8218 6507 8218 6507 8219 4952 8219 4951 8219 6507 8220 4951 8220 6508 8220 6508 8221 4951 8221 4941 8221 6508 8222 4941 8222 6509 8222 6509 8223 4941 8223 6510 8223 6510 8224 4941 8224 4940 8224 6510 8225 4940 8225 6511 8225 6511 8226 4940 8226 4950 8226 6511 8227 4950 8227 6512 8227 4913 4810 4919 4810 6549 4810 6549 4810 4919 4810 6551 4810 6370 8228 6369 8228 4889 8228 6551 8229 4919 8229 6552 8229 6552 8230 4919 8230 4918 8230 4916 8231 6554 8231 4918 8231 4918 8232 6554 8232 6553 8232 4918 8233 6553 8233 6552 8233 4915 8234 6556 8234 4916 8234 4916 8235 6556 8235 6555 8235 4916 8236 6555 8236 6554 8236 4922 8237 6350 8237 4915 8237 4915 8238 6350 8238 6545 8238 4915 8239 6545 8239 6556 8239 4986 8240 6353 8240 4922 8240 4922 8241 6353 8241 6351 8241 4922 8242 6351 8242 6350 8242 6356 8243 6355 8243 4986 8243 4986 8244 6355 8244 6354 8244 4986 8245 6354 8245 6353 8245 6356 8246 4986 8246 6357 8246 6357 8247 4986 8247 4985 8247 6357 8248 4985 8248 6358 8248 6358 8249 4985 8249 4979 8249 6358 8250 4979 8250 6359 8250 6359 8251 4979 8251 6360 8251 6360 8252 4979 8252 4978 8252 6360 8253 4978 8253 6361 8253 6361 8254 4978 8254 6362 8254 6362 8255 4978 8255 4976 8255 6362 8256 4976 8256 6363 8256 6363 8257 4976 8257 6364 8257 6364 8258 4976 8258 4975 8258 6364 8259 4975 8259 6365 8259 4889 8260 6369 8260 4974 8260 6369 8261 6368 8261 4974 8261 4974 8262 6368 8262 6367 8262 4974 8263 6367 8263 4975 8263 4975 8264 6367 8264 6366 8264 4975 8265 6366 8265 6365 8265 4984 8266 4970 8266 6375 8266 6375 8267 6377 8267 4984 8267 4984 8268 6377 8268 6372 8268 4984 8269 6372 8269 4889 8269 4889 8270 6372 8270 6371 8270 4889 8271 6371 8271 6370 8271 4968 8272 4967 8272 6380 8272 6380 8273 6379 8273 4968 8273 4968 8274 6379 8274 6378 8274 4968 8275 6378 8275 4970 8275 4970 8276 6378 8276 6373 8276 4970 8277 6373 8277 6375 8277 6403 8278 6383 8278 5001 8278 5001 8279 6383 8279 6382 8279 5001 8280 6382 8280 4967 8280 4967 8281 6382 8281 6381 8281 4967 8282 6381 8282 6380 8282 5001 8283 5000 8283 6403 8283 6403 8284 5000 8284 4998 8284 6403 8285 4998 8285 6400 8285 4998 86 4996 86 6400 86 6400 86 4996 86 6398 86 6433 8286 6432 8286 4934 8286 4934 8287 6432 8287 6394 8287 4934 8288 6394 8288 4995 8288 4995 8289 6394 8289 6398 8289 4995 8290 6398 8290 4996 8290 6433 8291 4934 8291 6434 8291 6434 8292 4934 8292 4933 8292 6434 8293 4933 8293 6435 8293 6435 8294 4933 8294 6436 8294 6436 8295 4933 8295 4932 8295 6436 8296 4932 8296 6437 8296 6437 8297 4932 8297 6438 8297 6438 8298 4932 8298 4910 8298 6438 8299 4910 8299 6439 8299 6439 8300 4910 8300 6440 8300 6440 8301 4910 8301 4909 8301 6440 8302 4909 8302 6441 8302 6441 8303 4909 8303 6442 8303 6442 8304 4909 8304 4872 8304 6442 8305 4872 8305 6443 8305 6443 8306 4872 8306 6446 8306 6446 8307 4872 8307 4871 8307 6446 8308 4871 8308 6337 8308 6337 8309 4871 8309 5007 8309 6337 8310 5007 8310 6335 8310 6335 8311 5007 8311 6336 8311 6336 8312 5007 8312 5006 8312 6336 8313 5006 8313 6338 8313 6338 8314 5006 8314 6339 8314 6339 8315 5006 8315 4960 8315 6339 8316 4960 8316 6340 8316 6340 8317 4960 8317 6341 8317 6341 8318 4960 8318 4959 8318 6341 8319 4959 8319 6342 8319 6342 8320 4959 8320 6343 8320 6343 8321 4959 8321 4958 8321 6343 8322 4958 8322 6344 8322 6344 8323 4958 8323 6345 8323 6345 8324 4958 8324 4957 8324 6345 8325 4957 8325 6346 8325 6346 8326 4957 8326 6347 8326 6347 8327 4957 8327 5005 8327 6347 8328 5005 8328 6348 8328 6348 8329 5005 8329 6349 8329 6349 8330 5005 8330 5004 8330 6349 8331 5004 8331 6473 8331 6473 8332 5004 8332 6475 8332 6475 8333 5004 8333 5003 8333 6475 8334 5003 8334 6476 8334 6476 8335 5003 8335 6477 8335 6477 8336 5003 8336 5002 8336 6477 8337 5002 8337 6479 8337 6479 8338 5002 8338 6489 8338 6489 8339 5002 8339 4913 8339 6489 8340 4913 8340 6549 8340 4908 4810 4997 4810 6399 4810 6399 4810 4997 4810 6401 4810 6422 8341 4906 8341 4963 8341 6401 8342 4997 8342 6402 8342 6402 8343 4997 8343 4999 8343 6407 8344 6406 8344 4969 8344 4969 8345 6406 8345 6405 8345 4969 8346 6405 8346 4999 8346 4999 8347 6405 8347 6404 8347 4999 8348 6404 8348 6402 8348 4888 8349 6410 8349 4983 8349 4983 8350 6410 8350 6409 8350 4983 8351 6409 8351 4969 8351 4969 8352 6409 8352 6408 8352 4969 8353 6408 8353 6407 8353 6386 8354 6385 8354 4888 8354 4888 8355 6385 8355 6384 8355 4888 8356 6384 8356 6410 8356 6386 8357 4888 8357 6387 8357 6387 8358 4888 8358 4887 8358 6387 8359 4887 8359 6388 8359 6388 8360 4887 8360 4907 8360 6388 8361 4907 8361 6389 8361 6389 8362 4907 8362 6390 8362 6390 8363 4907 8363 4947 8363 6390 8364 4947 8364 6374 8364 6374 8365 4947 8365 4946 8365 6374 8366 4946 8366 6376 8366 6376 8367 4946 8367 6414 8367 6414 8368 4946 8368 4945 8368 6414 8369 4945 8369 6415 8369 6415 1400 4945 1400 4863 1400 6415 8370 4863 8370 6417 8370 6417 8371 4863 8371 4864 8371 6417 8372 4864 8372 6418 8372 6418 8373 4864 8373 4865 8373 6418 8374 4865 8374 6411 8374 4906 8375 6422 8375 4865 8375 4865 8376 6422 8376 6412 8376 4865 8377 6412 8377 6411 8377 6467 8378 6419 8378 4963 8378 4963 8379 6419 8379 6421 8379 4963 8380 6421 8380 6422 8380 4963 8381 4962 8381 6467 8381 6467 8382 4962 8382 4849 8382 6467 8383 4849 8383 6468 8383 6468 8384 4849 8384 4848 8384 6468 8385 4848 8385 6455 8385 5012 8386 5011 8386 6451 8386 6451 8387 6450 8387 5012 8387 5012 8388 6450 8388 6448 8388 5012 8389 6448 8389 4848 8389 4848 8390 6448 8390 6447 8390 4848 8391 6447 8391 6455 8391 5011 86 5009 86 6451 86 6451 86 5009 86 6452 86 6297 8392 4899 8392 4993 8392 4966 8393 6318 8393 5008 8393 5008 8394 6318 8394 6320 8394 5008 8395 6320 8395 5009 8395 5009 8396 6320 8396 6321 8396 5009 8397 6321 8397 6452 8397 6308 8398 6324 8398 4965 8398 4965 8399 6324 8399 6323 8399 4965 8400 6323 8400 4966 8400 4966 8401 6323 8401 6322 8401 4966 8402 6322 8402 6318 8402 6314 8403 6313 8403 4902 8403 4902 8404 6313 8404 6312 8404 4902 8405 6312 8405 4964 8405 4964 8406 6312 8406 6311 8406 4964 8407 6311 8407 4965 8407 4965 8408 6311 8408 6310 8408 4965 8409 6310 8409 6308 8409 4899 8410 6297 8410 4900 8410 6297 8411 6317 8411 4900 8411 4900 8412 6317 8412 6316 8412 4900 8413 6316 8413 4902 8413 4902 8414 6316 8414 6315 8414 4902 8415 6315 8415 6314 8415 6328 8416 6327 8416 4993 8416 4993 8417 6327 8417 6325 8417 4993 8418 6325 8418 6297 8418 4993 8207 4994 8207 6328 8207 6328 927 4994 927 4944 927 6328 8419 4944 8419 6330 8419 6330 8420 4944 8420 4943 8420 6330 8421 4943 8421 6331 8421 6331 8422 4943 8422 4942 8422 6331 8423 4942 8423 6333 8423 6333 8424 4942 8424 4874 8424 6333 8425 4874 8425 6334 8425 6334 8426 4874 8426 4873 8426 6334 8427 4873 8427 6444 8427 6444 8428 4873 8428 5015 8428 6444 8429 5015 8429 6445 8429 6445 8430 5015 8430 5014 8430 6445 8431 5014 8431 6392 8431 6392 8432 5014 8432 5013 8432 6392 8433 5013 8433 6393 8433 6393 8434 5013 8434 6395 8434 6395 8435 5013 8435 4870 8435 6395 8436 4870 8436 6396 8436 6396 8437 4870 8437 6397 8437 6397 8438 4870 8438 4908 8438 6397 8439 4908 8439 6399 8439 4901 4810 5010 4810 6453 4810 6453 4810 5010 4810 6454 4810 6454 8440 5010 8440 6449 8440 6449 8441 5010 8441 4850 8441 6449 8442 4850 8442 6456 8442 6456 8443 4850 8443 6457 8443 6457 8444 4850 8444 4961 8444 6457 8445 4961 8445 6458 8445 6458 8446 4961 8446 6459 8446 6459 8447 4961 8447 4905 8447 6459 8448 4905 8448 6460 8448 6460 8449 4905 8449 6461 8449 6461 8450 4905 8450 4904 8450 6461 8451 4904 8451 6462 8451 6462 8452 4904 8452 6463 8452 6463 8453 4904 8453 4903 8453 6463 8454 4903 8454 6464 8454 6464 8455 4903 8455 6465 8455 6465 8456 4903 8456 4931 8456 6465 8457 4931 8457 6466 8457 6466 8458 4931 8458 6470 8458 6470 8459 4931 8459 4930 8459 6470 8460 4930 8460 6471 8460 6471 8461 4930 8461 6472 8461 6472 8462 4930 8462 4929 8462 6472 8463 4929 8463 6469 8463 6469 8464 4929 8464 6420 8464 6420 8465 4929 8465 4862 8465 6420 8466 4862 8466 6423 8466 6423 8467 4862 8467 6424 8467 6424 8468 4862 8468 4861 8468 6424 8469 4861 8469 6425 8469 4886 8470 6427 8470 4861 8470 4861 8471 6427 8471 6426 8471 4861 8472 6426 8472 6425 8472 4885 8473 4884 8473 6431 8473 6431 8474 6430 8474 4885 8474 4885 8475 6430 8475 6429 8475 4885 8476 6429 8476 4886 8476 4886 8477 6429 8477 6428 8477 4886 8478 6428 8478 6427 8478 4859 8479 4858 8479 6562 8479 6562 8480 6560 8480 4859 8480 4859 8481 6560 8481 6558 8481 4859 8482 6558 8482 4884 8482 4884 8483 6558 8483 6557 8483 4884 8484 6557 8484 6431 8484 4855 8485 6567 8485 4856 8485 4856 8486 6567 8486 6566 8486 6566 8487 6565 8487 4856 8487 4856 8488 6565 8488 6564 8488 4856 8489 6564 8489 4858 8489 4858 8490 6564 8490 6563 8490 4858 8491 6563 8491 6562 8491 4898 8492 4897 8492 6571 8492 6571 8493 6570 8493 4898 8493 4898 8494 6570 8494 6569 8494 4898 8495 6569 8495 4855 8495 4855 8496 6569 8496 6568 8496 4855 8497 6568 8497 6567 8497 4897 86 4896 86 6571 86 6571 86 4896 86 6572 86 6572 8498 4896 8498 6574 8498 6574 8499 4896 8499 4882 8499 6574 8500 4882 8500 6575 8500 6575 8501 4882 8501 6576 8501 6576 8502 4882 8502 4880 8502 6576 8503 4880 8503 6577 8503 4879 8504 6579 8504 4880 8504 4880 8505 6579 8505 6578 8505 4880 8506 6578 8506 6577 8506 6582 8507 6581 8507 4879 8507 4879 8508 6581 8508 6580 8508 4879 8509 6580 8509 6579 8509 6582 8510 4879 8510 6583 8510 6583 8511 4879 8511 4928 8511 6583 8512 4928 8512 6584 8512 6584 8513 4928 8513 4927 8513 6584 8514 4927 8514 6278 8514 4926 8515 6280 8515 4927 8515 4927 8516 6280 8516 6279 8516 4927 8517 6279 8517 6278 8517 4894 8518 6283 8518 4895 8518 4895 8519 6283 8519 6282 8519 4895 8520 6282 8520 4926 8520 4926 8521 6282 8521 6281 8521 4926 8522 6281 8522 6280 8522 4893 8523 6285 8523 4894 8523 4894 8524 6285 8524 6284 8524 4894 8525 6284 8525 6283 8525 6289 8526 6288 8526 4875 8526 4875 8527 6288 8527 6287 8527 4875 8528 6287 8528 4893 8528 4893 8529 6287 8529 6286 8529 4893 8530 6286 8530 6285 8530 6289 8531 4875 8531 6290 8531 6290 8532 4875 8532 4876 8532 6290 8533 4876 8533 6291 8533 6291 8534 4876 8534 6292 8534 6292 8535 4876 8535 4877 8535 6292 8536 4877 8536 6293 8536 6293 8537 4877 8537 6294 8537 6294 8538 4877 8538 4878 8538 6294 8539 4878 8539 6295 8539 6295 8540 4878 8540 6296 8540 6296 8541 4878 8541 4991 8541 6296 8542 4991 8542 6298 8542 4990 8543 6300 8543 4991 8543 4991 8544 6300 8544 6299 8544 4991 8545 6299 8545 6298 8545 6304 8546 6303 8546 4982 8546 4982 8547 6303 8547 6302 8547 4982 8548 6302 8548 4990 8548 4990 8549 6302 8549 6301 8549 4990 8550 6301 8550 6300 8550 6304 8551 4982 8551 6305 8551 6305 8552 4982 8552 4981 8552 6305 8553 4981 8553 6306 8553 6306 8554 4981 8554 6307 8554 6307 8555 4981 8555 4992 8555 6307 8556 4992 8556 6309 8556 6309 8557 4992 8557 6319 8557 6319 8558 4992 8558 4901 8558 6319 8559 4901 8559 6453 8559 4780 8560 4779 8560 5884 8560 5884 8561 4779 8561 5886 8561 5886 8562 4779 8562 5887 8562 5887 8563 4779 8563 4722 8563 5887 8564 4722 8564 5888 8564 5888 8565 4722 8565 4721 8565 5888 8566 4721 8566 5892 8566 5892 8567 4721 8567 4720 8567 5892 8568 4720 8568 5893 8568 5893 8569 4720 8569 4698 8569 5893 8570 4698 8570 5894 8570 5894 8571 4698 8571 4697 8571 5894 8572 4697 8572 5895 8572 5895 8573 4697 8573 4808 8573 5895 8574 4808 8574 5896 8574 5896 8575 4808 8575 4778 8575 5896 8576 4778 8576 5898 8576 5898 8577 4778 8577 4777 8577 5898 8578 4777 8578 5904 8578 5904 8579 4777 8579 4776 8579 5904 8580 4776 8580 5905 8580 4745 8581 5903 8581 4776 8581 4776 8582 5903 8582 5906 8582 4776 8583 5906 8583 5905 8583 4719 8584 4718 8584 5926 8584 5926 8585 5925 8585 4719 8585 4719 8586 5925 8586 5901 8586 4719 8587 5901 8587 4745 8587 4745 8588 5901 8588 5900 8588 4745 8589 5900 8589 5903 8589 4822 8590 5931 8590 4823 8590 4823 8591 5931 8591 5930 8591 5930 8592 5929 8592 4823 8592 4823 8593 5929 8593 5928 8593 4823 8594 5928 8594 4718 8594 4718 8595 5928 8595 5927 8595 4718 8596 5927 8596 5926 8596 4837 8597 5912 8597 4821 8597 4821 8598 5912 8598 5936 8598 5936 8599 5935 8599 4821 8599 4821 8600 5935 8600 5933 8600 4821 8601 5933 8601 4822 8601 4822 8602 5933 8602 5932 8602 4822 8603 5932 8603 5931 8603 4838 8290 4789 8290 5919 8290 5919 8604 5921 8604 4838 8604 4838 8605 5921 8605 5922 8605 4838 8606 5922 8606 4837 8606 4837 8607 5922 8607 5913 8607 4837 8608 5913 8608 5912 8608 5919 86 4789 86 5917 86 5917 86 4789 86 4831 86 5917 8386 4831 8386 4675 8386 5889 8609 5940 8609 4675 8609 4675 8610 5940 8610 5909 8610 4675 8611 5909 8611 5917 8611 4675 8612 4782 8612 5889 8612 5889 8613 4782 8613 4784 8613 5889 8614 4784 8614 5890 8614 5890 8615 4784 8615 4810 8615 5890 8616 4810 8616 5941 8616 5941 8617 4810 8617 4809 8617 5941 8618 4809 8618 5942 8618 5942 8619 4809 8619 4748 8619 5942 8620 4748 8620 5944 8620 5944 8621 4748 8621 4747 8621 5944 8622 4747 8622 5945 8622 5945 8623 4747 8623 4746 8623 5945 8624 4746 8624 5947 8624 5947 8625 4746 8625 4703 8625 5947 8626 4703 8626 5950 8626 5950 8627 4703 8627 4693 8627 5950 8628 4693 8628 5951 8628 5951 8629 4693 8629 5952 8629 5952 8630 4693 8630 4692 8630 5952 8631 4692 8631 5953 8631 5953 8632 4692 8632 5954 8632 5954 8633 4692 8633 4691 8633 5954 8634 4691 8634 5955 8634 5955 8635 4691 8635 5956 8635 5956 8636 4691 8636 4690 8636 5956 8637 4690 8637 5957 8637 5957 8638 4690 8638 5958 8638 5958 8639 4690 8639 4688 8639 5958 8640 4688 8640 5959 8640 5959 8641 4688 8641 5960 8641 5960 8642 4688 8642 4687 8642 5960 8643 4687 8643 5961 8643 4701 8644 5963 8644 4687 8644 4687 8645 5963 8645 5962 8645 4687 8646 5962 8646 5961 8646 5967 8647 5966 8647 4700 8647 4700 8648 5966 8648 5965 8648 4700 8649 5965 8649 4701 8649 4701 8650 5965 8650 5964 8650 4701 8651 5964 8651 5963 8651 5967 8652 4700 8652 5968 8652 5968 8653 4700 8653 4699 8653 5968 8654 4699 8654 5969 8654 5969 8655 4699 8655 5970 8655 5970 8656 4699 8656 4781 8656 5970 8129 4781 8129 5883 8129 5883 4810 4781 4810 5884 4810 5884 4810 4781 4810 4780 4810 5920 8340 4830 8340 5914 8340 5914 8657 4830 8657 4829 8657 5914 8658 4829 8658 5934 8658 5934 8659 4829 8659 5924 8659 5924 8660 4829 8660 4791 8660 5924 8661 4791 8661 5923 8661 5923 8662 4791 8662 5939 8662 5939 8663 4791 8663 4790 8663 5939 8664 4790 8664 5938 8664 5938 8665 4790 8665 5937 8665 5937 8666 4790 8666 4788 8666 5937 8667 4788 8667 5993 8667 5993 8668 4788 8668 5994 8668 5994 8669 4788 8669 4787 8669 5994 8670 4787 8670 5995 8670 5995 8671 4787 8671 5996 8671 5996 8672 4787 8672 4840 8672 5996 8673 4840 8673 5997 8673 5997 8674 4840 8674 5998 8674 5998 8675 4840 8675 4839 8675 5998 8676 4839 8676 5999 8676 5999 8677 4839 8677 6000 8677 6000 8678 4839 8678 4828 8678 6000 8679 4828 8679 6001 8679 6001 8680 4828 8680 6002 8680 6002 8681 4828 8681 4827 8681 6002 8682 4827 8682 6003 8682 6003 8683 4827 8683 6004 8683 6004 8684 4827 8684 4826 8684 6004 8685 4826 8685 6005 8685 4773 8686 5992 8686 4826 8686 4826 8687 5992 8687 5991 8687 4826 8688 5991 8688 6005 8688 4774 8689 4775 8689 5978 8689 5978 8690 5976 8690 4774 8690 4774 8691 5976 8691 5975 8691 4774 8692 5975 8692 4773 8692 4773 8693 5975 8693 5977 8693 4773 8694 5977 8694 5992 8694 4825 8695 4824 8695 5982 8695 5982 8696 5981 8696 4825 8696 4825 8697 5981 8697 5980 8697 4825 8698 5980 8698 4775 8698 4775 8699 5980 8699 5979 8699 4775 8700 5979 8700 5978 8700 5974 8701 5985 8701 4807 8701 4807 8702 5985 8702 5984 8702 4807 8703 5984 8703 4824 8703 4824 8704 5984 8704 5983 8704 4824 8705 5983 8705 5982 8705 4807 8706 4806 8706 5974 8706 5974 8707 4806 8707 4834 8707 5974 8708 4834 8708 5973 8708 5973 8709 4834 8709 4754 8709 5973 8710 4754 8710 5987 8710 5987 86 4754 86 6111 86 6111 86 4754 86 4727 86 4727 8386 4726 8386 6111 8386 6111 8711 4726 8711 6106 8711 4724 8712 6131 8712 4726 8712 4726 8713 6131 8713 6124 8713 4726 8714 6124 8714 6106 8714 4728 8715 6136 8715 4723 8715 4723 8716 6136 8716 6135 8716 4723 8717 6135 8717 4724 8717 4724 8718 6135 8718 6134 8718 4724 8719 6134 8719 6131 8719 4730 8720 6138 8720 4728 8720 4728 8721 6138 8721 6137 8721 4728 8722 6137 8722 6136 8722 4756 8723 6140 8723 4730 8723 4730 8724 6140 8724 6139 8724 4730 8725 6139 8725 6138 8725 6144 8726 6143 8726 4681 8726 4681 8727 6143 8727 6142 8727 4681 8728 6142 8728 4756 8728 4756 8729 6142 8729 6141 8729 4756 8730 6141 8730 6140 8730 4704 8731 6146 8731 4681 8731 4681 8732 6146 8732 6145 8732 4681 8733 6145 8733 6144 8733 4750 8734 6149 8734 4751 8734 4751 8735 6149 8735 6148 8735 4751 8736 6148 8736 4704 8736 4704 8737 6148 8737 6147 8737 4704 8738 6147 8738 6146 8738 4749 8739 6151 8739 4750 8739 4750 8740 6151 8740 6150 8740 4750 8741 6150 8741 6149 8741 4811 8742 6155 8742 4749 8742 4749 8743 6155 8743 6152 8743 4749 8744 6152 8744 6151 8744 4786 8745 6157 8745 4811 8745 4811 8746 6157 8746 6156 8746 4811 8747 6156 8747 6155 8747 6153 8748 6158 8748 4785 8748 4785 8749 6158 8749 6160 8749 4785 8750 6160 8750 4786 8750 4786 8751 6160 8751 6159 8751 4786 8752 6159 8752 6157 8752 6153 8753 4785 8753 6154 8753 6154 8754 4785 8754 4783 8754 6154 8755 4783 8755 6161 8755 6161 8756 4783 8756 5891 8756 5891 8757 4783 8757 4674 8757 5891 8758 4674 8758 5907 8758 5907 8759 4674 8759 5908 8759 5908 8760 4674 8760 4673 8760 5908 8761 4673 8761 5910 8761 5910 8762 4673 8762 5911 8762 5911 8763 4673 8763 4833 8763 5911 8764 4833 8764 5915 8764 5915 8765 4833 8765 5916 8765 5916 8766 4833 8766 4832 8766 5916 8229 4832 8229 5918 8229 5918 4810 4832 4810 5920 4810 5920 4810 4832 4810 4830 4810 6113 8439 4813 8439 5986 8439 5986 8767 4813 8767 4812 8767 4805 8768 6011 8768 4836 8768 4836 8769 6011 8769 6010 8769 4836 8770 6010 8770 4835 8770 4835 8771 6010 8771 6008 8771 4835 8772 6008 8772 4752 8772 4752 8773 6008 8773 6007 8773 4752 8774 6007 8774 4753 8774 4753 8775 6007 8775 6006 8775 4753 8776 6006 8776 4755 8776 4755 8777 6006 8777 5990 8777 4755 8778 5990 8778 4792 8778 4792 8779 5990 8779 5972 8779 4792 8780 5972 8780 4793 8780 4793 8781 5972 8781 5971 8781 4793 8782 5971 8782 4794 8782 4794 8783 5971 8783 5989 8783 4794 8784 5989 8784 4812 8784 4812 8785 5989 8785 5988 8785 4812 8786 5988 8786 5986 8786 6070 8787 6071 8787 4805 8787 4805 8788 6071 8788 6013 8788 4805 8789 6013 8789 6011 8789 4805 8790 4804 8790 6070 8790 6070 8791 4804 8791 4803 8791 6070 8792 4803 8792 6058 8792 4695 8793 6045 8793 4803 8793 4803 8794 6045 8794 6059 8794 4803 8795 6059 8795 6058 8795 4820 8796 6051 8796 4694 8796 4694 8797 6051 8797 6050 8797 6050 8798 6049 8798 4694 8798 4694 8799 6049 8799 6048 8799 4694 8800 6048 8800 4695 8800 4695 8801 6048 8801 6046 8801 4695 8802 6046 8802 6045 8802 4818 8803 6031 8803 4819 8803 4819 8804 6031 8804 6056 8804 6056 8805 6055 8805 4819 8805 4819 8806 6055 8806 6053 8806 4819 8807 6053 8807 4820 8807 4820 8808 6053 8808 6052 8808 4820 8809 6052 8809 6051 8809 4771 8290 4710 8290 6041 8290 6041 8810 6039 8810 4771 8810 4771 8811 6039 8811 6038 8811 4771 8812 6038 8812 4818 8812 4818 8813 6038 8813 6032 8813 4818 8814 6032 8814 6031 8814 6041 86 4710 86 6043 86 6043 86 4710 86 4817 86 6101 8815 4760 8815 4757 8815 6019 8816 6036 8816 4816 8816 4816 8817 6036 8817 6037 8817 4816 8818 6037 8818 4817 8818 4817 8819 6037 8819 6044 8819 4817 8820 6044 8820 6043 8820 4816 8821 4815 8821 6019 8821 6019 8822 4815 8822 4732 8822 6019 8823 4732 8823 6014 8823 6014 8824 4732 8824 4731 8824 6014 8825 4731 8825 6100 8825 4760 8826 6101 8826 4731 8826 4731 8827 6101 8827 6099 8827 4731 8828 6099 8828 6100 8828 6114 8829 6103 8829 4757 8829 4757 8830 6103 8830 6102 8830 4757 8831 6102 8831 6101 8831 4757 8832 4707 8832 6114 8832 6114 8833 4707 8833 4706 8833 6114 8834 4706 8834 6115 8834 6115 8835 4706 8835 4705 8835 6115 8836 4705 8836 6117 8836 6117 8837 4705 8837 4683 8837 6117 8838 4683 8838 6119 8838 6119 8839 4683 8839 6120 8839 6120 8840 4683 8840 4682 8840 6120 8841 4682 8841 6121 8841 6121 8842 4682 8842 4797 8842 6121 8843 4797 8843 6132 8843 6132 8844 4797 8844 6133 8844 6133 8845 4797 8845 4796 8845 6133 8846 4796 8846 6122 8846 6122 8847 4796 8847 6123 8847 6123 8848 4796 8848 4795 8848 6123 8849 4795 8849 6125 8849 6125 8850 4795 8850 6126 8850 6126 8851 4795 8851 4680 8851 6126 8852 4680 8852 6127 8852 4679 8853 6129 8853 4680 8853 4680 8854 6129 8854 6128 8854 4680 8855 6128 8855 6127 8855 6107 8856 6105 8856 4729 8856 4729 8857 6105 8857 6104 8857 4729 8858 6104 8858 4679 8858 4679 8859 6104 8859 6130 8859 4679 8860 6130 8860 6129 8860 6107 8861 4729 8861 6108 8861 6108 8862 4729 8862 4725 8862 6108 8863 4725 8863 6109 8863 6109 8864 4725 8864 6110 8864 6110 8865 4725 8865 4814 8865 6110 8342 4814 8342 6112 8342 6112 4810 4814 4810 6113 4810 6113 4810 4814 4810 4813 4810 6173 8866 6172 8866 4739 8866 6168 8867 6167 8867 4742 8867 6040 8559 4842 8559 6033 8559 6033 8868 4842 8868 4841 8868 4800 8869 6047 8869 4841 8869 4841 8870 6047 8870 6054 8870 4841 8871 6054 8871 6033 8871 4799 8872 6060 8872 4800 8872 4800 8873 6060 8873 6057 8873 4800 8874 6057 8874 6047 8874 6063 8875 6062 8875 4799 8875 4799 8876 6062 8876 6061 8876 4799 8877 6061 8877 6060 8877 6063 8878 4799 8878 6064 8878 6064 8879 4799 8879 4798 8879 6064 8880 4798 8880 6065 8880 6065 8881 4798 8881 4709 8881 6065 8882 4709 8882 6069 8882 4708 8883 6067 8883 4709 8883 4709 8884 6067 8884 6066 8884 4709 8885 6066 8885 6069 8885 4770 8886 6075 8886 4708 8886 4708 8887 6075 8887 6074 8887 4708 8888 6074 8888 6067 8888 4772 8889 6077 8889 4770 8889 4770 8890 6077 8890 6076 8890 4770 8891 6076 8891 6075 8891 6081 8892 6080 8892 4802 8892 4802 8893 6080 8893 6079 8893 4802 8894 6079 8894 4772 8894 4772 8895 6079 8895 6078 8895 4772 8896 6078 8896 6077 8896 6081 8897 4802 8897 6072 8897 6072 8898 4802 8898 4801 8898 6072 8899 4801 8899 6073 8899 4686 8900 6083 8900 4801 8900 4801 8901 6083 8901 6082 8901 4801 8902 6082 8902 6073 8902 4685 8903 4717 8903 6087 8903 6087 8904 6086 8904 4685 8904 4685 8905 6086 8905 6085 8905 4685 8906 6085 8906 4686 8906 4686 8907 6085 8907 6084 8907 4686 8908 6084 8908 6083 8908 4742 8909 6167 8909 4743 8909 6167 8910 6165 8910 4743 8910 4743 8911 6165 8911 6163 8911 4743 8912 6163 8912 4717 8912 4717 8913 6163 8913 6162 8913 4717 8914 6162 8914 6087 8914 4739 8915 6172 8915 4740 8915 6172 8916 6171 8916 4740 8916 4740 8917 6171 8917 6170 8917 4740 8918 6170 8918 4742 8918 4742 8919 6170 8919 6169 8919 4742 8920 6169 8920 6168 8920 4769 8921 4768 8921 6177 8921 6177 8922 6176 8922 4769 8922 4769 8923 6176 8923 6175 8923 4769 8924 6175 8924 4739 8924 4739 8925 6175 8925 6174 8925 4739 8926 6174 8926 6173 8926 6177 86 4768 86 6178 86 6178 86 4768 86 4766 86 6178 8927 4766 8927 6180 8927 6180 8928 4766 8928 4765 8928 6180 8929 4765 8929 6181 8929 6181 8930 4765 8930 6182 8930 6182 8931 4765 8931 4738 8931 6182 8932 4738 8932 6183 8932 6183 8933 4738 8933 6184 8933 6184 8934 4738 8934 4737 8934 6184 8935 4737 8935 6185 8935 4736 8936 6187 8936 4737 8936 4737 8937 6187 8937 6186 8937 4737 8938 6186 8938 6185 8938 6089 8939 6190 8939 4715 8939 4715 8940 6190 8940 6189 8940 4715 8941 6189 8941 4736 8941 4736 8942 6189 8942 6191 8942 4736 8943 6191 8943 6187 8943 6089 8944 4715 8944 6090 8944 6090 8945 4715 8945 4714 8945 6090 8946 4714 8946 6091 8946 6091 8947 4714 8947 6092 8947 6092 8948 4714 8948 4764 8948 6092 8949 4764 8949 6093 8949 6093 8950 4764 8950 4763 8950 6093 8951 4763 8951 6094 8951 6094 8952 4763 8952 6095 8952 6095 8953 4763 8953 4762 8953 6095 8954 4762 8954 6096 8954 6096 8955 4762 8955 6097 8955 6097 8956 4762 8956 4711 8956 6097 8957 4711 8957 6098 8957 6098 8958 4711 8958 6015 8958 6015 8959 4711 8959 4712 8959 6015 8960 4712 8960 6016 8960 6016 8961 4712 8961 6017 8961 6017 8962 4712 8962 4713 8962 6017 8963 4713 8963 6018 8963 6018 8964 4713 8964 6020 8964 6020 8965 4713 8965 4735 8965 6020 8966 4735 8966 6021 8966 6021 8967 4735 8967 6022 8967 6022 8968 4735 8968 4734 8968 6022 8969 4734 8969 6023 8969 6023 8970 4734 8970 6024 8970 6024 8971 4734 8971 4759 8971 6024 8972 4759 8972 6025 8972 6025 8973 4759 8973 6026 8973 6026 8974 4759 8974 4758 8974 6026 8975 4758 8975 6027 8975 6027 8976 4758 8976 6028 8976 6028 8977 4758 8977 4761 8977 6028 8978 4761 8978 6029 8978 6029 8979 4761 8979 6030 8979 6030 8980 4761 8980 4733 8980 6030 8981 4733 8981 6034 8981 6034 8982 4733 8982 6035 8982 6035 8983 4733 8983 4843 8983 6035 8440 4843 8440 6042 8440 6042 4810 4843 4810 6040 4810 6040 4810 4843 4810 4842 4810 7386 8984 7387 8984 5522 8984 5522 8984 7387 8984 5518 8984 7386 927 5522 927 7388 927 7388 927 5522 927 5524 927 7389 86 7388 86 5519 86 5519 86 7388 86 5524 86 5518 1400 7387 1400 7389 1400 5518 1400 7389 1400 5519 1400 7388 1159 7389 1159 7386 1159 7386 1159 7389 1159 7387 1159 7390 1400 7391 1400 5020 1400 5020 1400 7391 1400 7392 1400 7393 1400 7394 1400 5020 1400 5020 1400 7394 1400 7395 1400 5020 1400 7395 1400 5018 1400 7392 1400 7396 1400 5020 1400 5020 1400 7396 1400 7397 1400 5020 1400 7397 1400 7393 1400 7398 86 7399 86 7400 86 7401 86 7402 86 7391 86 7400 86 7403 86 7398 86 7398 86 7403 86 7401 86 7398 86 7401 86 7390 86 7390 86 7401 86 7391 86 7404 86 7405 86 7406 86 7406 86 7405 86 7407 86 7406 86 7407 86 7398 86 7398 86 7407 86 7408 86 7398 86 7408 86 7409 86 7410 86 7411 86 4881 86 4881 86 7411 86 7412 86 4881 86 7412 86 4853 86 7409 86 7413 86 7398 86 7398 86 7413 86 7414 86 7398 86 7414 86 7399 86 7404 86 7415 86 7405 86 7405 86 7415 86 7416 86 7405 86 7416 86 4881 86 4881 86 7416 86 7417 86 4881 86 7417 86 7410 86 5019 927 5016 927 7418 927 7418 927 7419 927 5019 927 5019 927 7419 927 7420 927 5019 927 7420 927 7421 927 7402 927 7401 927 7422 927 7422 927 7401 927 5019 927 7422 927 5019 927 7423 927 7423 927 5019 927 7421 927 7418 958 5016 958 7395 958 7395 958 5016 958 5018 958 7424 1400 7425 1400 5029 1400 5029 1400 7425 1400 7426 1400 7427 1400 7428 1400 5029 1400 5029 1400 7428 1400 7429 1400 5029 1400 7429 1400 5024 1400 7426 1400 7430 1400 5029 1400 5029 1400 7430 1400 7431 1400 5029 1400 7431 1400 7427 1400 7432 86 7433 86 7434 86 7434 86 7435 86 7432 86 7432 86 7435 86 7436 86 7432 86 7436 86 4867 86 4867 86 7436 86 7437 86 4867 86 7437 86 7438 86 7432 86 7439 86 7433 86 7433 86 7439 86 7440 86 7433 86 7440 86 7441 86 7441 86 7442 86 7433 86 7433 86 7442 86 7443 86 7433 86 7443 86 7444 86 7438 86 7445 86 4867 86 4867 86 7445 86 7446 86 4867 86 7446 86 4860 86 7447 86 7448 86 7425 86 7444 86 7449 86 7433 86 7433 86 7449 86 7450 86 7433 86 7450 86 7451 86 7451 86 7450 86 7447 86 7451 86 7447 86 7424 86 7424 86 7447 86 7425 86 5042 927 5017 927 7452 927 7452 927 7453 927 5042 927 5042 927 7453 927 7454 927 5042 927 7454 927 7455 927 7448 927 7447 927 7456 927 7456 927 7447 927 5042 927 7456 927 5042 927 7457 927 7457 927 5042 927 7455 927 7452 958 5017 958 7429 958 7429 958 5017 958 5024 958 7458 927 7459 927 5093 927 5093 927 7459 927 7460 927 7461 927 7462 927 5093 927 5093 927 7462 927 7463 927 5093 927 7463 927 5088 927 7460 927 7464 927 5093 927 5093 927 7464 927 7465 927 5093 927 7465 927 7461 927 7466 86 7467 86 7468 86 7469 86 7470 86 4684 86 4684 86 7470 86 7471 86 4684 86 7471 86 4670 86 7466 86 7472 86 7467 86 7467 86 7472 86 7473 86 7467 86 7473 86 7474 86 7474 86 7475 86 7467 86 7467 86 7475 86 7476 86 7467 86 7476 86 7477 86 7468 86 7478 86 7466 86 7466 86 7478 86 7479 86 7466 86 7479 86 4684 86 4684 86 7479 86 7480 86 4684 86 7480 86 7469 86 7481 86 7482 86 7459 86 7477 86 7483 86 7467 86 7467 86 7483 86 7484 86 7467 86 7484 86 7485 86 7485 86 7484 86 7481 86 7485 86 7481 86 7458 86 7458 86 7481 86 7459 86 5085 1400 5072 1400 7486 1400 7486 1400 7487 1400 5085 1400 5085 1400 7487 1400 7488 1400 5085 1400 7488 1400 7489 1400 7482 1400 7481 1400 7490 1400 7490 1400 7481 1400 5085 1400 7490 1400 5085 1400 7491 1400 7491 1400 5085 1400 7489 1400 7486 1159 5072 1159 7463 1159 7463 1159 5072 1159 5088 1159 7492 927 7493 927 5076 927 5076 927 7493 927 7494 927 7495 927 7496 927 5076 927 5076 927 7496 927 7497 927 5076 927 7497 927 5075 927 7494 927 7498 927 5076 927 5076 927 7498 927 7499 927 5076 927 7499 927 7495 927 7500 86 7501 86 7502 86 7503 86 7504 86 7493 86 7505 86 7506 86 7507 86 7507 86 7506 86 7508 86 7509 86 7510 86 7500 86 7500 86 7510 86 7511 86 7500 86 7511 86 7501 86 7502 86 7512 86 7500 86 7500 86 7512 86 7503 86 7500 86 7503 86 7492 86 7492 86 7503 86 7493 86 7509 86 7500 86 7505 86 7505 86 7500 86 7513 86 7505 86 7513 86 7506 86 7514 86 7515 86 4678 86 4678 86 7515 86 7516 86 4678 86 7516 86 4741 86 7506 86 7517 86 7508 86 7508 86 7517 86 7518 86 7508 86 7518 86 4678 86 4678 86 7518 86 7519 86 4678 86 7519 86 7514 86 5101 1400 5064 1400 7520 1400 7520 1400 7521 1400 5101 1400 5101 1400 7521 1400 7522 1400 5101 1400 7522 1400 7523 1400 7504 1400 7503 1400 7524 1400 7524 1400 7503 1400 5101 1400 7524 1400 5101 1400 7525 1400 7525 1400 5101 1400 7523 1400 7520 1159 5064 1159 7497 1159 7497 1159 5064 1159 5075 1159 7460 8985 7459 8985 7490 8985 7490 8985 7459 8985 7482 8985 7494 8985 7493 8985 7524 8985 7524 8985 7493 8985 7504 8985 7426 8986 7425 8986 7456 8986 7456 8986 7425 8986 7448 8986 7392 8986 7391 8986 7422 8986 7422 8986 7391 8986 7402 8986 7458 8987 5093 8987 7485 8987 7485 8987 5093 8987 5094 8987 7485 8988 5094 8988 7467 8988 7467 8988 5094 8988 5095 8988 7467 945 5095 945 7468 945 7468 945 5095 945 5096 945 7468 8989 5096 8989 7478 8989 7478 8989 5096 8989 5074 8989 7478 8990 5074 8990 7479 8990 7479 8990 5074 8990 5073 8990 7479 8991 5073 8991 7480 8991 7480 8991 5073 8991 5090 8991 7480 8992 5090 8992 7469 8992 7469 8992 5090 8992 5089 8992 7469 8993 5089 8993 7470 8993 7470 8993 5089 8993 5097 8993 7470 8994 5097 8994 7471 8994 7471 8994 5097 8994 5091 8994 7471 8995 5091 8995 4670 8995 4670 8995 5091 8995 4671 8995 5085 8996 7481 8996 5086 8996 5086 8996 7481 8996 7484 8996 5086 8997 7484 8997 5087 8997 5087 8997 7484 8997 7483 8997 5087 1382 7483 1382 5070 1382 5070 1382 7483 1382 7477 1382 5070 8998 7477 8998 5071 8998 5071 8998 7477 8998 7476 8998 5071 8999 7476 8999 5082 8999 5082 8999 7476 8999 7475 8999 5082 9000 7475 9000 5083 9000 5083 9000 7475 9000 7474 9000 5083 9001 7474 9001 5084 9001 5084 9001 7474 9001 7473 9001 5084 9002 7473 9002 5069 9002 5069 9002 7473 9002 7472 9002 5069 9003 7472 9003 5068 9003 5068 9003 7472 9003 7466 9003 5068 9004 7466 9004 4716 9004 4716 9004 7466 9004 4684 9004 7460 9005 7490 9005 7491 9005 7460 9005 7491 9005 7464 9005 7464 9006 7491 9006 7489 9006 7464 9006 7489 9006 7465 9006 7465 9007 7489 9007 7488 9007 7465 9007 7488 9007 7461 9007 7461 9008 7488 9008 7487 9008 7461 9008 7487 9008 7462 9008 7462 9009 7487 9009 7486 9009 7462 9009 7486 9009 7463 9009 7492 8987 5076 8987 7500 8987 7500 8987 5076 8987 5077 8987 7500 9010 5077 9010 7513 9010 7513 9010 5077 9010 5078 9010 7513 945 5078 945 7506 945 7506 945 5078 945 5081 945 7506 9011 5081 9011 7517 9011 7517 9011 5081 9011 5080 9011 7517 9012 5080 9012 7518 9012 7518 9012 5080 9012 5079 9012 7518 8991 5079 8991 7519 8991 7519 8991 5079 8991 5065 8991 7519 941 5065 941 7514 941 7514 941 5065 941 5066 941 7514 9013 5066 9013 7515 9013 7515 9013 5066 9013 5067 9013 7515 9014 5067 9014 7516 9014 7516 9014 5067 9014 5060 9014 7516 8995 5060 8995 4741 8995 4741 8995 5060 8995 4767 8995 5101 9015 7503 9015 5102 9015 5102 9015 7503 9015 7512 9015 5102 9016 7512 9016 5103 9016 5103 9016 7512 9016 7502 9016 5103 9017 7502 9017 5092 9017 5092 9017 7502 9017 7501 9017 5092 9018 7501 9018 5098 9018 5098 9018 7501 9018 7511 9018 5098 1384 7511 1384 5099 1384 5099 1384 7511 1384 7510 1384 5099 9019 7510 9019 5100 9019 5100 9019 7510 9019 7509 9019 5100 9001 7509 9001 5062 9001 5062 9001 7509 9001 7505 9001 5062 9020 7505 9020 5063 9020 5063 9020 7505 9020 7507 9020 5063 9021 7507 9021 5061 9021 5061 9021 7507 9021 7508 9021 5061 9022 7508 9022 4677 9022 4677 9022 7508 9022 4678 9022 7494 9005 7524 9005 7525 9005 7494 9005 7525 9005 7498 9005 7498 9006 7525 9006 7523 9006 7498 9006 7523 9006 7499 9006 7499 9007 7523 9007 7522 9007 7499 9007 7522 9007 7495 9007 7495 9008 7522 9008 7521 9008 7495 9008 7521 9008 7496 9008 7496 9009 7521 9009 7520 9009 7496 9009 7520 9009 7497 9009 5042 9023 7447 9023 5041 9023 5041 9023 7447 9023 7450 9023 5041 9024 7450 9024 5040 9024 5040 9024 7450 9024 7449 9024 5040 930 7449 930 5025 930 5025 930 7449 930 7444 930 5025 9025 7444 9025 5026 9025 5026 9025 7444 9025 7443 9025 5026 9026 7443 9026 5046 9026 5046 9026 7443 9026 7442 9026 5046 9027 7442 9027 5047 9027 5047 9027 7442 9027 7441 9027 5047 9028 7441 9028 5048 9028 5048 9028 7441 9028 7440 9028 5048 9029 7440 9029 5058 9029 5058 9029 7440 9029 7439 9029 5058 9030 7439 9030 5059 9030 5059 9030 7439 9030 7432 9030 5059 9031 7432 9031 4869 9031 4869 9031 7432 9031 4867 9031 7424 9032 5029 9032 7451 9032 7451 9032 5029 9032 5030 9032 7451 9033 5030 9033 7433 9033 7433 9033 5030 9033 5031 9033 7433 1367 5031 1367 7434 1367 7434 1367 5031 1367 5032 1367 7434 9034 5032 9034 7435 9034 7435 9034 5032 9034 5039 9034 7435 9035 5039 9035 7436 9035 7436 9035 5039 9035 5038 9035 7436 9036 5038 9036 7437 9036 7437 9036 5038 9036 5037 9036 7437 9037 5037 9037 7438 9037 7438 9037 5037 9037 5036 9037 7438 9038 5036 9038 7445 9038 7445 9038 5036 9038 5050 9038 7445 9039 5050 9039 7446 9039 7446 9039 5050 9039 5049 9039 7446 9040 5049 9040 4860 9040 4860 9040 5049 9040 4857 9040 7426 9041 7456 9041 7457 9041 7426 9041 7457 9041 7430 9041 7430 9042 7457 9042 7455 9042 7430 9042 7455 9042 7431 9042 7431 9043 7455 9043 7454 9043 7431 9043 7454 9043 7427 9043 7427 9044 7454 9044 7453 9044 7427 9044 7453 9044 7428 9044 7428 9045 7453 9045 7452 9045 7428 9045 7452 9045 7429 9045 7392 9041 7422 9041 7423 9041 7392 9041 7423 9041 7396 9041 7396 9042 7423 9042 7421 9042 7396 9042 7421 9042 7397 9042 7397 9043 7421 9043 7420 9043 7397 9043 7420 9043 7393 9043 7393 9044 7420 9044 7419 9044 7393 9044 7419 9044 7394 9044 7394 9045 7419 9045 7418 9045 7394 9045 7418 9045 7395 9045 5019 9023 7401 9023 5028 9023 5028 9023 7401 9023 7403 9023 5028 9046 7403 9046 5027 9046 5027 9046 7403 9046 7400 9046 5027 930 7400 930 5052 930 5052 930 7400 930 7399 930 5052 9047 7399 9047 5053 9047 5053 9047 7399 9047 7414 9047 5053 9048 7414 9048 5054 9048 5054 9048 7414 9048 7413 9048 5054 9027 7413 9027 5055 9027 5055 9027 7413 9027 7409 9027 5055 9049 7409 9049 5056 9049 5056 9049 7409 9049 7408 9049 5056 9050 7408 9050 5057 9050 5057 9050 7408 9050 7407 9050 5057 9051 7407 9051 5051 9051 5051 9051 7407 9051 7405 9051 5051 9031 7405 9031 4883 9031 4883 9031 7405 9031 4881 9031 7390 9032 5020 9032 7398 9032 7398 9032 5020 9032 5023 9032 7398 9052 5023 9052 7406 9052 7406 9052 5023 9052 5022 9052 7406 1367 5022 1367 7404 1367 7404 1367 5022 1367 5021 1367 7404 9053 5021 9053 7415 9053 7415 9053 5021 9053 5045 9053 7415 9054 5045 9054 7416 9054 7416 9054 5045 9054 5044 9054 7416 9055 5044 9055 7417 9055 7417 9055 5044 9055 5043 9055 7417 9037 5043 9037 7410 9037 7410 9037 5043 9037 5035 9037 7410 9056 5035 9056 7411 9056 7411 9056 5035 9056 5034 9056 7411 9057 5034 9057 7412 9057 7412 9057 5034 9057 5033 9057 7412 9040 5033 9040 4853 9040 4853 9040 5033 9040 4851 9040 7526 21 41 21 7527 21 7527 21 41 21 39 21 7527 20 39 20 7528 20 7528 20 39 20 37 20 7528 19 37 19 7529 19 7529 19 37 19 35 19 7529 18 35 18 7530 18 7530 18 35 18 33 18 7530 17 33 17 7531 17 7531 17 33 17 31 17 7531 16 31 16 7532 16 7532 16 31 16 29 16 7532 15 29 15 7533 15 7533 15 29 15 27 15 7533 14 27 14 7534 14 7534 14 27 14 25 14 7534 13 25 13 7535 13 7535 13 25 13 23 13 7535 12 23 12 7536 12 7536 12 23 12 21 12 7536 11 21 11 7537 11 7537 11 21 11 19 11 7537 10 19 10 7538 10 7538 10 19 10 17 10 7538 9 17 9 7539 9 7539 9 17 9 15 9 7539 8 15 8 7540 8 7540 8 15 8 13 8 7540 7 13 7 7541 7 7541 7 13 7 11 7 7541 6 11 6 7542 6 7542 6 11 6 9 6 7542 5 9 5 7543 5 7543 5 9 5 7 5 7543 4 7 4 7544 4 7544 4 7 4 5 4 7544 3 5 3 7545 3 7545 3 5 3 3 3 7545 1 3 1 7546 1 7546 1 3 1 1 1 7546 0 1 0 7547 0 7547 0 1 0 0 0 7547 38 0 38 7548 38 7548 38 0 38 73 38 7548 37 73 37 7549 37 7549 37 73 37 71 37 7549 36 71 36 7550 36 7550 36 71 36 69 36 7550 35 69 35 7551 35 7551 35 69 35 67 35 7551 34 67 34 7552 34 7552 34 67 34 65 34 7552 33 65 33 7553 33 7553 33 65 33 63 33 7553 32 63 32 7554 32 7554 32 63 32 61 32 7554 31 61 31 7555 31 7555 31 61 31 59 31 7555 30 59 30 7556 30 7556 30 59 30 57 30 7556 29 57 29 7557 29 7557 29 57 29 55 29 7557 28 55 28 7558 28 7558 28 55 28 53 28 7558 27 53 27 7559 27 7559 27 53 27 51 27 7559 26 51 26 7560 26 7560 26 51 26 49 26 7560 25 49 25 7561 25 7561 25 49 25 47 25 7561 24 47 24 7562 24 7562 24 47 24 45 24 7562 23 45 23 7563 23 7563 23 45 23 43 23 7563 22 43 22 7526 22 7526 22 43 22 41 22 7545 4810 7546 4810 7564 4810 7545 4810 7564 4810 7544 4810 7541 4810 7542 4810 7564 4810 7564 4810 7542 4810 7543 4810 7564 4810 7543 4810 7544 4810 7538 4810 7539 4810 7564 4810 7564 4810 7539 4810 7540 4810 7564 4810 7540 4810 7541 4810 7535 4810 7536 4810 7564 4810 7564 4810 7536 4810 7537 4810 7564 4810 7537 4810 7538 4810 7532 4810 7533 4810 7564 4810 7564 4810 7533 4810 7534 4810 7564 4810 7534 4810 7535 4810 7529 4810 7530 4810 7564 4810 7564 4810 7530 4810 7531 4810 7564 4810 7531 4810 7532 4810 7526 4810 7527 4810 7564 4810 7564 4810 7527 4810 7528 4810 7564 4810 7528 4810 7529 4810 7561 4810 7562 4810 7564 4810 7564 4810 7562 4810 7563 4810 7564 4810 7563 4810 7526 4810 7558 4810 7559 4810 7564 4810 7564 4810 7559 4810 7560 4810 7564 4810 7560 4810 7561 4810 7555 4810 7556 4810 7564 4810 7564 4810 7556 4810 7557 4810 7564 4810 7557 4810 7558 4810 7552 4810 7553 4810 7564 4810 7564 4810 7553 4810 7554 4810 7564 4810 7554 4810 7555 4810 7549 4810 7550 4810 7564 4810 7564 4810 7550 4810 7551 4810 7564 4810 7551 4810 7552 4810 7546 4810 7547 4810 7564 4810 7564 4810 7547 4810 7548 4810 7564 4810 7548 4810 7549 4810 7565 51 116 51 7566 51 7566 51 116 51 114 51 7566 20 114 20 7567 20 7567 20 114 20 112 20 7567 19 112 19 7568 19 7568 19 112 19 110 19 7568 18 110 18 7569 18 7569 18 110 18 108 18 7569 50 108 50 7570 50 7570 50 108 50 106 50 7570 49 106 49 7571 49 7571 49 106 49 104 49 7571 48 104 48 7572 48 7572 48 104 48 102 48 7572 47 102 47 7573 47 7573 47 102 47 100 47 7573 46 100 46 7574 46 7574 46 100 46 98 46 7574 45 98 45 7575 45 7575 45 98 45 96 45 7575 44 96 44 7576 44 7576 44 96 44 94 44 7576 10 94 10 7577 10 7577 10 94 10 92 10 7577 9 92 9 7578 9 7578 9 92 9 90 9 7578 8 90 8 7579 8 7579 8 90 8 88 8 7579 7 88 7 7580 7 7580 7 88 7 86 7 7580 43 86 43 7581 43 7581 43 86 43 84 43 7581 42 84 42 7582 42 7582 42 84 42 82 42 7582 4 82 4 7583 4 7583 4 82 4 80 4 7583 41 80 41 7584 41 7584 41 80 41 78 41 7584 40 78 40 7585 40 7585 40 78 40 76 40 7585 39 76 39 7586 39 7586 39 76 39 75 39 7586 38 75 38 7587 38 7587 38 75 38 148 38 7587 59 148 59 7588 59 7588 59 148 59 146 59 7588 36 146 36 7589 36 7589 36 146 36 144 36 7589 58 144 58 7590 58 7590 58 144 58 142 58 7590 57 142 57 7591 57 7591 57 142 57 140 57 7591 33 140 33 7592 33 7592 33 140 33 138 33 7592 56 138 56 7593 56 7593 56 138 56 136 56 7593 31 136 31 7594 31 7594 31 136 31 134 31 7594 30 134 30 7595 30 7595 30 134 30 132 30 7595 29 132 29 7596 29 7596 29 132 29 130 29 7596 55 130 55 7597 55 7597 55 130 55 128 55 7597 27 128 27 7598 27 7598 27 128 27 126 27 7598 54 126 54 7599 54 7599 54 126 54 124 54 7599 53 124 53 7600 53 7600 53 124 53 122 53 7600 24 122 24 7601 24 7601 24 122 24 120 24 7601 52 120 52 7602 52 7602 52 120 52 118 52 7602 22 118 22 7565 22 7565 22 118 22 116 22 7584 4810 7585 4810 7603 4810 7584 4810 7603 4810 7583 4810 7580 4810 7581 4810 7603 4810 7603 4810 7581 4810 7582 4810 7603 4810 7582 4810 7583 4810 7577 4810 7578 4810 7603 4810 7603 4810 7578 4810 7579 4810 7603 4810 7579 4810 7580 4810 7574 4810 7575 4810 7603 4810 7603 4810 7575 4810 7576 4810 7603 4810 7576 4810 7577 4810 7571 4810 7572 4810 7603 4810 7603 4810 7572 4810 7573 4810 7603 4810 7573 4810 7574 4810 7568 4810 7569 4810 7603 4810 7603 4810 7569 4810 7570 4810 7603 4810 7570 4810 7571 4810 7565 4810 7566 4810 7603 4810 7603 4810 7566 4810 7567 4810 7603 4810 7567 4810 7568 4810 7600 4810 7601 4810 7603 4810 7603 4810 7601 4810 7602 4810 7603 4810 7602 4810 7565 4810 7597 4810 7598 4810 7603 4810 7603 4810 7598 4810 7599 4810 7603 4810 7599 4810 7600 4810 7594 4810 7595 4810 7603 4810 7603 4810 7595 4810 7596 4810 7603 4810 7596 4810 7597 4810 7591 4810 7592 4810 7603 4810 7603 4810 7592 4810 7593 4810 7603 4810 7593 4810 7594 4810 7588 4810 7589 4810 7603 4810 7603 4810 7589 4810 7590 4810 7603 4810 7590 4810 7591 4810 7585 4810 7586 4810 7603 4810 7603 4810 7586 4810 7587 4810 7603 4810 7587 4810 7588 4810 157 64 155 64 7604 64 7604 63 155 63 153 63 7604 9058 153 9058 7605 9058 7605 61 153 61 151 61 7605 60 151 60 7606 60 7606 60 151 60 150 60 7606 38 150 38 7607 38 7607 38 150 38 223 38 7607 59 223 59 7608 59 7608 59 223 59 221 59 7608 36 221 36 7609 36 7609 36 221 36 219 36 7609 58 219 58 7610 58 7610 58 219 58 217 58 7610 57 217 57 7611 57 7611 57 217 57 215 57 7611 33 215 33 7612 33 7612 33 215 33 213 33 7612 56 213 56 7613 56 7613 56 213 56 211 56 7613 31 211 31 7614 31 7614 31 211 31 209 31 7614 76 209 76 7615 76 7615 76 209 76 207 76 7615 75 207 75 7616 75 7616 75 207 75 205 75 7616 55 205 55 7617 55 7617 55 205 55 203 55 7617 27 203 27 7618 27 7618 27 203 27 201 27 7618 74 201 74 7619 74 7619 74 201 74 199 74 7619 73 199 73 7620 73 7620 73 199 73 197 73 7620 72 197 72 7621 72 7621 72 197 72 195 72 7621 52 195 52 7622 52 7622 52 195 52 193 52 7622 71 193 71 7623 71 7623 71 193 71 191 71 7623 70 191 70 7624 70 7624 70 191 70 189 70 7624 20 189 20 7625 20 7625 20 189 20 187 20 7625 69 187 69 7626 69 7626 69 187 69 185 69 7626 68 185 68 7627 68 7627 68 185 68 183 68 7627 67 183 67 7628 67 7628 67 183 67 181 67 7628 49 181 49 7629 49 7629 49 181 49 179 49 7629 48 179 48 7630 48 7630 48 179 48 177 48 7630 66 177 66 7631 66 7631 66 177 66 175 66 7631 65 175 65 7632 65 7632 65 175 65 173 65 7632 45 173 45 7633 45 7633 45 173 45 171 45 7633 44 171 44 7634 44 7634 44 171 44 169 44 7634 10 169 10 7635 10 7635 10 169 10 167 10 7635 9 167 9 7636 9 7636 9 167 9 165 9 7636 8 165 8 7637 8 7637 8 165 8 163 8 7637 7 163 7 7638 7 7638 7 163 7 161 7 7638 43 161 43 7639 43 7639 43 161 43 159 43 7639 42 159 42 7640 42 7640 42 159 42 157 42 7640 64 157 64 7604 64 7623 4810 7624 4810 7641 4810 7620 4810 7621 4810 7641 4810 7641 4810 7621 4810 7622 4810 7641 4810 7622 4810 7623 4810 7617 4810 7618 4810 7641 4810 7641 4810 7618 4810 7619 4810 7641 4810 7619 4810 7620 4810 7614 4810 7615 4810 7641 4810 7641 4810 7615 4810 7616 4810 7641 4810 7616 4810 7617 4810 7611 4810 7612 4810 7641 4810 7641 4810 7612 4810 7613 4810 7641 4810 7613 4810 7614 4810 7608 4810 7609 4810 7641 4810 7641 4810 7609 4810 7610 4810 7641 4810 7610 4810 7611 4810 7605 4810 7606 4810 7641 4810 7641 4810 7606 4810 7607 4810 7641 4810 7607 4810 7608 4810 7639 4810 7640 4810 7641 4810 7641 4810 7640 4810 7604 4810 7641 4810 7604 4810 7605 4810 7636 4810 7637 4810 7641 4810 7641 4810 7637 4810 7638 4810 7641 4810 7638 4810 7639 4810 7633 4810 7634 4810 7641 4810 7641 4810 7634 4810 7635 4810 7641 4810 7635 4810 7636 4810 7630 4810 7631 4810 7641 4810 7641 4810 7631 4810 7632 4810 7641 4810 7632 4810 7633 4810 7627 4810 7628 4810 7641 4810 7641 4810 7628 4810 7629 4810 7641 4810 7629 4810 7630 4810 7624 4810 7625 4810 7641 4810 7641 4810 7625 4810 7626 4810 7641 4810 7626 4810 7627 4810 232 64 230 64 7642 64 7642 79 230 79 228 79 7642 9058 228 9058 7643 9058 7643 78 228 78 226 78 7643 77 226 77 7644 77 7644 77 226 77 225 77 7644 38 225 38 7645 38 7645 38 225 38 298 38 7645 37 298 37 7646 37 7646 37 298 37 296 37 7646 36 296 36 7647 36 7647 36 296 36 294 36 7647 35 294 35 7648 35 7648 35 294 35 292 35 7648 34 292 34 7649 34 7649 34 292 34 290 34 7649 33 290 33 7650 33 7650 33 290 33 288 33 7650 32 288 32 7651 32 7651 32 288 32 286 32 7651 31 286 31 7652 31 7652 31 286 31 284 31 7652 76 284 76 7653 76 7653 76 284 76 282 76 7653 75 282 75 7654 75 7654 75 282 75 280 75 7654 28 280 28 7655 28 7655 28 280 28 278 28 7655 27 278 27 7656 27 7656 27 278 27 276 27 7656 85 276 85 7657 85 7657 85 276 85 274 85 7657 84 274 84 7658 84 7658 84 274 84 272 84 7658 72 272 72 7659 72 7659 72 272 72 270 72 7659 23 270 23 7660 23 7660 23 270 23 268 23 7660 71 268 71 7661 71 7661 71 268 71 266 71 7661 83 266 83 7662 83 7662 83 266 83 264 83 7662 20 264 20 7663 20 7663 20 264 20 262 20 7663 69 262 69 7664 69 7664 69 262 69 260 69 7664 68 260 68 7665 68 7665 68 260 68 258 68 7665 82 258 82 7666 82 7666 82 258 82 256 82 7666 16 256 16 7667 16 7667 16 256 16 254 16 7667 15 254 15 7668 15 7668 15 254 15 252 15 7668 81 252 81 7669 81 7669 81 252 81 250 81 7669 80 250 80 7670 80 7670 80 250 80 248 80 7670 12 248 12 7671 12 7671 12 248 12 246 12 7671 11 246 11 7672 11 7672 11 246 11 244 11 7672 10 244 10 7673 10 7673 10 244 10 242 10 7673 9 242 9 7674 9 7674 9 242 9 240 9 7674 8 240 8 7675 8 7675 8 240 8 238 8 7675 7 238 7 7676 7 7676 7 238 7 236 7 7676 6 236 6 7677 6 7677 6 236 6 234 6 7677 5 234 5 7678 5 7678 5 234 5 232 5 7678 64 232 64 7642 64 7661 4810 7662 4810 7679 4810 7658 4810 7659 4810 7679 4810 7679 4810 7659 4810 7660 4810 7679 4810 7660 4810 7661 4810 7655 4810 7656 4810 7679 4810 7679 4810 7656 4810 7657 4810 7679 4810 7657 4810 7658 4810 7652 4810 7653 4810 7679 4810 7679 4810 7653 4810 7654 4810 7679 4810 7654 4810 7655 4810 7649 4810 7650 4810 7679 4810 7679 4810 7650 4810 7651 4810 7679 4810 7651 4810 7652 4810 7646 4810 7647 4810 7679 4810 7679 4810 7647 4810 7648 4810 7679 4810 7648 4810 7649 4810 7643 4810 7644 4810 7679 4810 7679 4810 7644 4810 7645 4810 7679 4810 7645 4810 7646 4810 7677 4810 7678 4810 7679 4810 7679 4810 7678 4810 7642 4810 7679 4810 7642 4810 7643 4810 7674 4810 7675 4810 7679 4810 7679 4810 7675 4810 7676 4810 7679 4810 7676 4810 7677 4810 7671 4810 7672 4810 7679 4810 7679 4810 7672 4810 7673 4810 7679 4810 7673 4810 7674 4810 7668 4810 7669 4810 7679 4810 7679 4810 7669 4810 7670 4810 7679 4810 7670 4810 7671 4810 7665 4810 7666 4810 7679 4810 7679 4810 7666 4810 7667 4810 7679 4810 7667 4810 7668 4810 7662 4810 7663 4810 7679 4810 7679 4810 7663 4810 7664 4810 7679 4810 7664 4810 7665 4810 4603 86 7680 86 4605 86 4605 86 7680 86 7681 86 4605 86 7681 86 4607 86 4607 86 7681 86 7682 86 4607 86 7682 86 4609 86 4609 86 7682 86 7683 86 4609 86 7683 86 4611 86 4611 86 7683 86 7684 86 4611 86 7684 86 4613 86 4613 86 7684 86 7685 86 4613 86 7685 86 4615 86 4615 86 7685 86 7686 86 4615 86 7686 86 4617 86 4617 86 7686 86 7687 86 4617 86 7687 86 4619 86 4619 86 7687 86 7688 86 4619 86 7688 86 4621 86 4621 86 7688 86 7689 86 4621 86 7689 86 4623 86 4623 86 7689 86 7690 86 4623 86 7690 86 4625 86 4625 86 7690 86 7691 86 4625 86 7691 86 4627 86 4627 86 7691 86 7692 86 4627 86 7692 86 4629 86 4629 86 7692 86 7693 86 4629 86 7693 86 4631 86 4631 86 7693 86 7694 86 4631 86 7694 86 4633 86 4633 86 7694 86 7695 86 4633 86 7695 86 4635 86 4635 86 7695 86 7696 86 4635 86 7696 86 4637 86 4637 86 7696 86 7697 86 4637 86 7697 86 4639 86 4639 86 7697 86 7698 86 4639 86 7698 86 4641 86 4641 86 7698 86 7699 86 4641 86 7699 86 4643 86 4643 86 7699 86 7700 86 4643 86 7700 86 4645 86 4645 86 7700 86 7701 86 4645 86 7701 86 4647 86 4647 86 7701 86 7702 86 4647 86 7702 86 4649 86 4649 86 7702 86 7703 86 4649 86 7703 86 4651 86 4651 86 7703 86 7704 86 4651 86 7704 86 4653 86 4653 86 7704 86 7705 86 4653 86 7705 86 4655 86 4655 86 7705 86 7706 86 4655 86 7706 86 4657 86 4657 86 7706 86 7707 86 4657 86 7707 86 4659 86 4659 86 7707 86 7708 86 4659 86 7708 86 4661 86 4661 86 7708 86 7709 86 4661 86 7709 86 4663 86 4663 86 7709 86 7710 86 4663 86 7710 86 4665 86 4665 86 7710 86 7711 86 4665 86 7711 86 4667 86 4667 86 7711 86 7712 86 4667 86 7712 86 4669 86 4669 86 7712 86 7713 86 4669 86 7713 86 4597 86 4597 86 7713 86 7714 86 4597 86 7714 86 4599 86 4599 86 7714 86 7715 86 4599 86 7715 86 4601 86 4601 86 7715 86 7716 86 4601 86 7716 86 4603 86 4603 86 7716 86 7680 86 7714 9059 6242 9059 7715 9059 7715 9059 6242 9059 6237 9059 7715 9060 6237 9060 7716 9060 7716 9060 6237 9060 6236 9060 7716 4924 6236 4924 7680 4924 7680 4924 6236 4924 6235 4924 7680 4925 6235 4925 7681 4925 7681 4925 6235 4925 6220 4925 7681 9061 6220 9061 7682 9061 7682 9061 6220 9061 6219 9061 7682 9062 6219 9062 7683 9062 7683 9062 6219 9062 6218 9062 7683 9063 6218 9063 7684 9063 7684 9063 6218 9063 6217 9063 7684 9064 6217 9064 7685 9064 7685 9064 6217 9064 6232 9064 7685 9065 6232 9065 7686 9065 7686 9065 6232 9065 6231 9065 7686 9066 6231 9066 7687 9066 7687 9066 6231 9066 6240 9066 7687 9067 6240 9067 7688 9067 7688 9067 6240 9067 6241 9067 7688 4933 6241 4933 7689 4933 7689 4933 6241 4933 6225 4933 7689 4934 6225 4934 7690 4934 7690 4934 6225 4934 6224 4934 7690 4935 6224 4935 7691 4935 7691 4935 6224 4935 6223 4935 7691 4936 6223 4936 7692 4936 7692 4936 6223 4936 6209 4936 7692 9068 6209 9068 7693 9068 7693 9068 6209 9068 6208 9068 7693 9069 6208 9069 7694 9069 7694 9069 6208 9069 6206 9069 7694 4939 6206 4939 7695 4939 7695 4939 6206 4939 6205 4939 7695 1159 6205 1159 7696 1159 7696 1159 6205 1159 6272 1159 7696 4940 6272 4940 7697 4940 7697 4940 6272 4940 6271 4940 7697 9070 6271 9070 7698 9070 7698 9070 6271 9070 6266 9070 7698 9071 6266 9071 7699 9071 7699 9071 6266 9071 6265 9071 7699 4943 6265 4943 7700 4943 7700 4943 6265 4943 6270 4943 7700 9072 6270 9072 7701 9072 7701 9072 6270 9072 6269 9072 7701 9073 6269 9073 7702 9073 7702 9073 6269 9073 6264 9073 7702 4946 6264 4946 7703 4946 7703 4946 6264 4946 6263 4946 7703 9074 6263 9074 7704 9074 7704 9074 6263 9074 6262 9074 7704 9075 6262 9075 7705 9075 7705 9075 6262 9075 6251 9075 7705 9076 6251 9076 7706 9076 7706 9076 6251 9076 6250 9076 7706 9077 6250 9077 7707 9077 7707 9077 6250 9077 6226 9077 7707 9078 6226 9078 7708 9078 7708 9078 6226 9078 6228 9078 7708 9079 6228 9079 7709 9079 7709 9079 6228 9079 6229 9079 7709 9080 6229 9080 7710 9080 7710 9080 6229 9080 6249 9080 7710 9081 6249 9081 7711 9081 7711 9081 6249 9081 6248 9081 7711 9082 6248 9082 7712 9082 7712 9082 6248 9082 6244 9082 7712 9083 6244 9083 7713 9083 7713 9083 6244 9083 6243 9083 7713 4957 6243 4957 7714 4957 7714 4957 6243 4957 6242 4957 4529 86 7717 86 4531 86 4531 86 7717 86 7718 86 4531 86 7718 86 4533 86 4533 86 7718 86 7719 86 4533 86 7719 86 4535 86 4535 86 7719 86 7720 86 4535 86 7720 86 4537 86 4537 86 7720 86 7721 86 4537 86 7721 86 4539 86 4539 86 7721 86 7722 86 4539 86 7722 86 4541 86 4541 86 7722 86 7723 86 4541 86 7723 86 4543 86 4543 86 7723 86 7724 86 4543 86 7724 86 4545 86 4545 86 7724 86 7725 86 4545 86 7725 86 4547 86 4547 86 7725 86 7726 86 4547 86 7726 86 4549 86 4549 86 7726 86 7727 86 4549 86 7727 86 4551 86 4551 86 7727 86 7728 86 4551 86 7728 86 4553 86 4553 86 7728 86 7729 86 4553 86 7729 86 4555 86 4555 86 7729 86 7730 86 4555 86 7730 86 4557 86 4557 86 7730 86 7731 86 4557 86 7731 86 4559 86 4559 86 7731 86 7732 86 4559 86 7732 86 4561 86 4561 86 7732 86 7733 86 4561 86 7733 86 4563 86 4563 86 7733 86 7734 86 4563 86 7734 86 4565 86 4565 86 7734 86 7735 86 4565 86 7735 86 4567 86 4567 86 7735 86 7736 86 4567 86 7736 86 4569 86 4569 86 7736 86 7737 86 4569 86 7737 86 4571 86 4571 86 7737 86 7738 86 4571 86 7738 86 4573 86 4573 86 7738 86 7739 86 4573 86 7739 86 4575 86 4575 86 7739 86 7740 86 4575 86 7740 86 4577 86 4577 86 7740 86 7741 86 4577 86 7741 86 4579 86 4579 86 7741 86 7742 86 4579 86 7742 86 4581 86 4581 86 7742 86 7743 86 4581 86 7743 86 4583 86 4583 86 7743 86 7744 86 4583 86 7744 86 4585 86 4585 86 7744 86 7745 86 4585 86 7745 86 4587 86 4587 86 7745 86 7746 86 4587 86 7746 86 4589 86 4589 86 7746 86 7747 86 4589 86 7747 86 4591 86 4591 86 7747 86 7748 86 4591 86 7748 86 4593 86 4593 86 7748 86 7749 86 4593 86 7749 86 4595 86 4595 86 7749 86 7750 86 4595 86 7750 86 4523 86 4523 86 7750 86 7751 86 4523 86 7751 86 4525 86 4525 86 7751 86 7752 86 4525 86 7752 86 4527 86 4527 86 7752 86 7753 86 4527 86 7753 86 4529 86 4529 86 7753 86 7717 86 7751 4922 6215 4922 7752 4922 7752 4922 6215 4922 6214 4922 7752 9084 6214 9084 7753 9084 7753 9084 6214 9084 6222 9084 7753 4924 6222 4924 7717 4924 7717 4924 6222 4924 6221 4924 7717 9085 6221 9085 7718 9085 7718 9085 6221 9085 6204 9085 7718 9061 6204 9061 7719 9061 7719 9061 6204 9061 6203 9061 7719 9062 6203 9062 7720 9062 7720 9062 6203 9062 6202 9062 7720 9063 6202 9063 7721 9063 7721 9063 6202 9063 6201 9063 7721 4929 6201 4929 7722 4929 7722 4929 6201 4929 6261 4929 7722 9086 6261 9086 7723 9086 7723 9086 6261 9086 6260 9086 7723 9087 6260 9087 7724 9087 7724 9087 6260 9087 6259 9087 7724 9067 6259 9067 7725 9067 7725 9067 6259 9067 6258 9067 7725 9088 6258 9088 7726 9088 7726 9088 6258 9088 6257 9088 7726 9089 6257 9089 7727 9089 7727 9089 6257 9089 6256 9089 7727 9090 6256 9090 7728 9090 7728 9090 6256 9090 6213 9090 7728 9091 6213 9091 7729 9091 7729 9091 6213 9091 6212 9091 7729 4937 6212 4937 7730 4937 7730 4937 6212 4937 6230 4937 7730 4938 6230 4938 7731 4938 7731 4938 6230 4938 6268 4938 7731 9092 6268 9092 7732 9092 7732 9092 6268 9092 6267 9092 7732 1159 6267 1159 7733 1159 7733 1159 6267 1159 6255 1159 7733 4940 6255 4940 7734 4940 7734 4940 6255 4940 6254 4940 7734 9070 6254 9070 7735 9070 7735 9070 6254 9070 6253 9070 7735 9071 6253 9071 7736 9071 7736 9071 6253 9071 6252 9071 7736 4943 6252 4943 7737 4943 7737 4943 6252 4943 6211 4943 7737 4944 6211 4944 7738 4944 7738 4944 6211 4944 6210 4944 7738 4945 6210 4945 7739 4945 7739 4945 6210 4945 6275 4945 7739 4946 6275 4946 7740 4946 7740 4946 6275 4946 6274 4946 7740 9074 6274 9074 7741 9074 7741 9074 6274 9074 6273 9074 7741 9093 6273 9093 7742 9093 7742 9093 6273 9093 6207 9093 7742 9094 6207 9094 7743 9094 7743 9094 6207 9094 6239 9094 7743 9077 6239 9077 7744 9077 7744 9077 6239 9077 6238 9077 7744 9078 6238 9078 7745 9078 7745 9078 6238 9078 6233 9078 7745 9079 6233 9079 7746 9079 7746 9079 6233 9079 6234 9079 7746 9080 6234 9080 7747 9080 7747 9080 6234 9080 6247 9080 7747 4954 6247 4954 7748 4954 7748 4954 6247 4954 6246 4954 7748 4955 6246 4955 7749 4955 7749 4955 6246 4955 6245 4955 7749 9083 6245 9083 7750 9083 7750 9083 6245 9083 6216 9083 7750 9095 6216 9095 7751 9095 7751 9095 6216 9095 6215 9095</p>
        </triangles>
      </mesh>
    </geometry>
  </library_geometries>
  <library_visual_scenes>
    <visual_scene id="DefaultScene">
      <node id="node_db1bf368_b32d_4ee2_908a_a8285ec1ebd9" type="NODE">
        <matrix>1 0 0 0 0 1 0 0 0 0 1 0 0 0 0 1</matrix>
        <node id="node_45237920_97bc_4111_9ef8_2879d31a98c4" type="NODE">
          <matrix>1 0 0 0 0 1 0 0 0 0 1 0 0 0 0 1</matrix>
          <node id="node_45237920_97bc_4111_9ef8_2879d31a98c4_mesh0" type="NODE">
            <matrix>1 0 0 0 0 1 0 0 0 0 1 0 0 0 0 1</matrix>
            <instance_geometry url="#geometry_ca15eacd_6505_4deb_9333_412a4c971a13">
              <bind_material>
                <technique_common>
                  <instance_material symbol="mat_0" target="#mat_0"/>
                </technique_common>
              </bind_material>
            </instance_geometry>
          </node>
        </node>
      </node>
    </visual_scene>
  </library_visual_scenes>
  <scene>
    <instance_visual_scene url="#DefaultScene"/>
  </scene>
</COLLADA>
