start spin
[INFO] [1773653600.970377625]: pose baselink2odom:
x: 0.000000, y: 0.000000, z: 0.000000, qx: 0.000000,                             qy: 0.000000, qz: 0.000000, qw: 1.000000
0 0 0 0 0 0 
Multi thread started 
p_pre->lidar_type 1
~~~~/root/ws_nav/src/go2_real/navigation_3d/fast_lio_nav/FAST_LIO_NAV/ file opened
[WARN] [1773653601.832583596]: No point, skip this scan!

Authorization required, but no authorization protocol specified
qt.qpa.xcb: could not connect to display :0
qt.qpa.plugin: Could not load the Qt platform plugin "xcb" in "" even though it was found.
This application failed to start because no Qt platform plugin could be initialized. Reinstalling the application may fix this problem.

Available platform plugins are: eglfs, linuxfb, minimal, minimalegl, offscreen, vnc, xcb.

[ERROR] [1773653603.966438037]: Client [/costmap_2d_node_my] wants topic /scan to have datatype/md5sum [sensor_msgs/LaserScan/90c7ef2dc6895d81024acba2ac42f369], but our version has [sensor_msgs/PointCloud2/1158d486dd51d683ce2f1be655c3c181]. Dropping connection.
mat_imulink2baselink_:
    1     0     0 0.119
    0     1     0     0
    0     0     1     0
    0     0     0     1
[WARN] [1773653649.134588853]: initialize finished
[INFO] [1773653649.134819358]: wait for Odometry_loc
[INFO] [1773653649.137935188]: wait for cloud_registered_1
[Open3D INFO] before sample, target size: 809723, has normal: true
[Open3D INFO] after sample, target size: 400000, has normal: true
[Open3D INFO] source size: 40623, has normal: false
[Open3D INFO] source size: 40623, has normal: false
scale i: 0 voxel_size: scale i: 1 voxel_size: 0.1
0.4
scale i: 2 voxel_size: 0.6
[Open3D INFO] eva fitness: 0.451247
[INFO] [1773653654.112343929]: localization cost: 4879.681000 ms
[Open3D INFO] before sample, target size: 821317, has normal: true
[Open3D INFO] after sample, target size: 400000, has normal: true
[Open3D INFO] source size: 38447, has normal: false
[Open3D INFO] source size: 38447, has normal: false
scale i: 0 voxel_size: 0.1
scale i: 1 voxel_size: 0.4
scale i: 2 voxel_size: 0.6
[Open3D INFO] eva fitness: 0.430229
[INFO] [1773653658.617145488]: localization cost: 4504.698000 ms
[Open3D INFO] before sample, target size: 822919, has normal: true
[Open3D INFO] after sample, target size: 400000, has normal: true
[Open3D INFO] source size: 39905, has normal: false
[Open3D INFO] source size: 39905, has normal: false
scale i: 0 voxel_size: scale i: 1 voxel_size: 0.40.1

scale i: 2 voxel_size: 0.6
[Open3D INFO] eva fitness: 0.43596
[INFO] [1773653663.160605984]: localization cost: 4543.356000 ms
[Open3D INFO] before sample, target size: 809766, has normal: true
[Open3D INFO] after sample, target size: 400000, has normal: true
[Open3D INFO] source size: 36513, has normal: false
[Open3D INFO] source size: 36513, has normal: false
scale i: 0 voxel_size: scale i: 0.11 voxel_size: 
0.4
scale i: 2 voxel_size: 0.6
[Open3D INFO] eva fitness: 0.430751
[INFO] [1773653667.455580803]: localization cost: 4294.764000 ms
[Open3D INFO] before sample, target size: 825562, has normal: true
[Open3D INFO] after sample, target size: 400000, has normal: true
[Open3D INFO] source size: 37776, has normal: false
[Open3D INFO] source size: 37776, has normal: false
scale i: 0 voxel_size: 0.1
scale i: 1 voxel_size: 0.4
scale i: 2 voxel_size: 0.6
[Open3D INFO] eva fitness: 0.3786
[INFO] [1773653671.970221135]: localization cost: 4514.492000 ms
[Open3D INFO] before sample, target size: 795806, has normal: true
[Open3D INFO] after sample, target size: 400000, has normal: true
[Open3D INFO] source size: 23646, has normal: false
[Open3D INFO] source size: 23646, has normal: false
scale i: 0 voxel_size: scale i: 1 voxel_size: 0.10.4

scale i: 2 voxel_size: 0.6
[Open3D INFO] eva fitness: 0.792185
[INFO] [1773653675.856407193]: localization cost: 3886.083000 ms
[Open3D INFO] before sample, target size: 773547, has normal: true
[Open3D INFO] after sample, target size: 400000, has normal: true
[Open3D INFO] source size: 27091, has normal: false
[Open3D INFO] source size: 27091, has normal: false
scale i: 0 voxel_size: scale i: 1 voxel_size: 0.40.1

scale i: 2 voxel_size: 0.6
[Open3D INFO] eva fitness: 0.630062
[INFO] [1773653679.456689995]: localization cost: 3600.182000 ms
[Open3D INFO] 


localization initialize success!!!!



[INFO] [1773653679.457915513]: time_last: 1773653676.420874
[INFO] [1773653679.457955639]: time_current: 1773653679.420874
[Open3D INFO] 

time_diff:1.77365e+09 s, localization right now
[Open3D INFO] 
***
****
***


last map update loc: x: 0.0, y: 0.0, z-5000.0,
                now loc: x: 1.16311, y: 2.67784, z-0.819433, 3d distance: 4999.18, now needpdate submap
[INFO] [1773653679.549265188]: submap_cost: 90.995000 ms
[Open3D INFO] before sample, target size: 791427, has normal: true
[Open3D INFO] after sample, target size: 400000, has normal: true
[Open3D INFO] source size: 26242, maxpoints_source_: 80000
[Open3D INFO] source size after voxel downsample: 3419
[Open3D INFO] after prerpocess: 3419
[Open3D INFO] reg_result.fitness: 0.448084, eva fitness: 0.713659
[INFO] [1773653681.673707883]: localization cost: 2215.653000 ms
[Open3D INFO] 

time_diff:2.21581 s, localization right now
[Open3D INFO] before sample, target size: 791427, has normal: true
[Open3D INFO] after sample, target size: 400000, has normal: true
[Open3D INFO] source size: 26625, maxpoints_source_: 80000
[Open3D INFO] source size after voxel downsample: 3549
[Open3D INFO] after prerpocess: 3549
[Open3D INFO] reg_result.fitness: 0.488588, eva fitness: 0.751198
[INFO] [1773653682.563150945]: localization cost: 889.184000 ms
[Open3D INFO] 

time_diff:0.889282 s, localization right now
[Open3D INFO] before sample, target size: 791427, has normal: true
[Open3D INFO] after sample, target size: 400000, has normal: true
[Open3D INFO] source size: 26673, maxpoints_source_: 80000
[Open3D INFO] source size after voxel downsample: 3056
[Open3D INFO] after prerpocess: 3056
[Open3D INFO] reg_result.fitness: 0.454516, eva fitness: 0.725458
[INFO] [1773653683.453549788]: localization cost: 890.287000 ms
[Open3D INFO] 

time_diff:0.890382 s, localization right now
[Open3D INFO] before sample, target size: 791427, has normal: true
[Open3D INFO] after sample, target size: 400000, has normal: true
[Open3D INFO] source size: 26256, maxpoints_source_: 80000
[Open3D INFO] source size after voxel downsample: 3486
[Open3D INFO] after prerpocess: 3486
[Open3D INFO] reg_result.fitness: 0.445783, eva fitness: 0.712278
[INFO] [1773653684.415451901]: localization cost: 961.787000 ms
[Open3D INFO] 

time_diff:0.961909 s, localization right now
[Open3D INFO] before sample, target size: 791427, has normal: true
[Open3D INFO] after sample, target size: 400000, has normal: true
[Open3D INFO] source size: 26303, maxpoints_source_: 80000
[Open3D INFO] source size after voxel downsample: 2852
[Open3D INFO] after prerpocess: 2852
[Open3D INFO] reg_result.fitness: 0.445652, eva fitness: 0.702314
[INFO] [1773653685.296618178]: localization cost: 881.052000 ms
[Open3D INFO] 

time_diff:0.881135 s, localization right now
[Open3D INFO] before sample, target size: 791427, has normal: true
[Open3D INFO] after sample, target size: 400000, has normal: true
[Open3D INFO] source size: 26371, maxpoints_source_: 80000
[Open3D INFO] source size after voxel downsample: 3105
[Open3D INFO] after prerpocess: 3105
[Open3D INFO] reg_result.fitness: 0.45314, eva fitness: 0.711111
[INFO] [1773653686.211823089]: localization cost: 915.117000 ms
[Open3D INFO] 

time_diff:0.915197 s, localization right now
[Open3D INFO] before sample, target size: 791427, has normal: true
[Open3D INFO] after sample, target size: 400000, has normal: true
[Open3D INFO] source size: 26126, maxpoints_source_: 80000
[Open3D INFO] source size after voxel downsample: 2885
[Open3D INFO] after prerpocess: 2885
[Open3D INFO] reg_result.fitness: 0.449913, eva fitness: 0.690121
[INFO] [1773653687.087053331]: localization cost: 875.129000 ms
[Open3D INFO] 

time_diff:0.875234 s, localization right now
[Open3D INFO] before sample, target size: 791427, has normal: true
[Open3D INFO] after sample, target size: 400000, has normal: true
[Open3D INFO] source size: 26286, maxpoints_source_: 80000
[Open3D INFO] source size after voxel downsample: 2868
[Open3D INFO] after prerpocess: 2868
[Open3D INFO] reg_result.fitness: 0.460948, eva fitness: 0.713738
[INFO] [1773653688.193725374]: localization cost: 1106.529000 ms
[Open3D INFO] 

time_diff:1.10669 s, localization right now
[Open3D INFO] before sample, target size: 791427, has normal: true
[Open3D INFO] after sample, target size: 400000, has normal: true
[Open3D INFO] source size: 26294, maxpoints_source_: 80000
[Open3D INFO] source size after voxel downsample: 2822
[Open3D INFO] after prerpocess: 2822
[Open3D INFO] reg_result.fitness: 0.465627, eva fitness: 0.72112
[INFO] [1773653689.542568487]: localization cost: 1348.704000 ms
[Open3D INFO] 

time_diff:1.3488 s, localization right now
[Open3D INFO] before sample, target size: 791427, has normal: true
[Open3D INFO] after sample, target size: 400000, has normal: true
[Open3D INFO] source size: 26379, maxpoints_source_: 80000
[Open3D INFO] source size after voxel downsample: 3207
[Open3D INFO] after prerpocess: 3207
[Open3D INFO] reg_result.fitness: 0.480511, eva fitness: 0.740568
[INFO] [1773653690.731151123]: localization cost: 1188.392000 ms
[Open3D INFO] 

time_diff:1.18863 s, localization right now
[Open3D INFO] before sample, target size: 791427, has normal: true
[Open3D INFO] after sample, target size: 400000, has normal: true
[Open3D INFO] source size: 26166, maxpoints_source_: 80000
[Open3D INFO] source size after voxel downsample: 3417
[Open3D INFO] after prerpocess: 3417
[Open3D INFO] reg_result.fitness: 0.441323, eva fitness: 0.703541
[INFO] [1773653692.194734523]: localization cost: 1463.369000 ms
[Open3D INFO] 

time_diff:1.46363 s, localization right now
[Open3D INFO] before sample, target size: 791427, has normal: true
[Open3D INFO] after sample, target size: 400000, has normal: true
[Open3D INFO] source size: 26587, maxpoints_source_: 80000
[Open3D INFO] source size after voxel downsample: 3125
[Open3D INFO] after prerpocess: 3125
[Open3D INFO] reg_result.fitness: 0.45888, eva fitness: 0.694080
[INFO] [1773653693.444999434]: localization cost: 1250.038000 ms
[Open3D INFO] 

time_diff:1.25014 s, localization right now
[Open3D INFO] before sample, target size: 791427, has normal: true
[Open3D INFO] after sample, target size: 400000, has normal: true
[Open3D INFO] source size: 26360, maxpoints_source_: 80000
[Open3D INFO] source size after voxel downsample: 2915
[Open3D INFO] after prerpocess: 2915
[Open3D INFO] reg_result.fitness: 0.458662, eva fitness: 0.709434
[INFO] [1773653694.636855954]: localization cost: 1191.731000 ms
[Open3D INFO] 

time_diff:1.19185 s, localization right now
[Open3D INFO] before sample, target size: 791427, has normal: true
[Open3D INFO] after sample, target size: 400000, has normal: true
[Open3D INFO] source size: 26360, maxpoints_source_: 80000
[Open3D INFO] source size after voxel downsample: 3029
[Open3D INFO] after prerpocess: 3029
[Open3D INFO] reg_result.fitness: 0.451304, eva fitness: 0.703202
[INFO] [1773653695.716790375]: localization cost: 1079.823000 ms
[Open3D INFO] 

time_diff:1.07992 s, localization right now
[Open3D INFO] before sample, target size: 791427, has normal: true
[Open3D INFO] after sample, target size: 400000, has normal: true
[Open3D INFO] source size: 26419, maxpoints_source_: 80000
[Open3D INFO] source size after voxel downsample: 3288
[Open3D INFO] after prerpocess: 3288
[Open3D INFO] reg_result.fitness: 0.475061, eva fitness: 0.74118
[INFO] [1773653696.578435847]: localization cost: 861.414000 ms
[Open3D INFO] 

time_diff:0.861513 s, localization right now
[Open3D INFO] before sample, target size: 791427, has normal: true
[Open3D INFO] after sample, target size: 400000, has normal: true
[Open3D INFO] source size: 26556, maxpoints_source_: 80000
[Open3D INFO] source size after voxel downsample: 2889
[Open3D INFO] after prerpocess: 2889
[Open3D INFO] reg_result.fitness: 0.426099, eva fitness: 0.689858
[INFO] [1773653697.697311872]: localization cost: 1118.766000 ms
[Open3D INFO] 

time_diff:1.11887 s, localization right now
[Open3D INFO] before sample, target size: 791427, has normal: true
[Open3D INFO] after sample, target size: 400000, has normal: true
[Open3D INFO] source size: 26471, maxpoints_source_: 80000
[Open3D INFO] source size after voxel downsample: 2696
[Open3D INFO] after prerpocess: 2696
[Open3D INFO] reg_result.fitness: 0.457715, eva fitness: 0.722552
[INFO] [1773653698.588102128]: localization cost: 890.682000 ms
[Open3D INFO] 

time_diff:0.890778 s, localization right now
[Open3D INFO] before sample, target size: 791427, has normal: true
[Open3D INFO] after sample, target size: 400000, has normal: true
[Open3D INFO] source size: 26274, maxpoints_source_: 80000
[Open3D INFO] source size after voxel downsample: 3301
[Open3D INFO] after prerpocess: 3301
[Open3D INFO] reg_result.fitness: 0.466525, eva fitness: 0.722205
[INFO] [1773653699.505061281]: localization cost: 916.851000 ms
[Open3D INFO] 

time_diff:0.916949 s, localization right now
[Open3D INFO] before sample, target size: 791427, has normal: true
[Open3D INFO] after sample, target size: 400000, has normal: true
[Open3D INFO] source size: 26196, maxpoints_source_: 80000
[Open3D INFO] source size after voxel downsample: 4287
[Open3D INFO] after prerpocess: 4287
[Open3D INFO] reg_result.fitness: 0.410544, eva fitness: 0.649172
[INFO] [1773653700.470160820]: localization cost: 964.998000 ms
[Open3D INFO] 

time_diff:0.965087 s, localization right now
[Open3D INFO] before sample, target size: 791427, has normal: true
[Open3D INFO] after sample, target size: 400000, has normal: true
[Open3D INFO] source size: 26327, maxpoints_source_: 80000
[Open3D INFO] source size after voxel downsample: 6155
[Open3D INFO] after prerpocess: 6155
[Open3D INFO] reg_result.fitness: 0.406174, eva fitness: 0.67766
[INFO] [1773653701.395627879]: localization cost: 925.358000 ms
[Open3D INFO] 

time_diff:0.925455 s, localization right now
[Open3D INFO] 
***
****
***


last map update loc: x: 1.16311, y: 2.67784, z-0.819433,
                now loc: x: 2.73056, y: -0.578464, z-1.96986, 3d distance: 3.79261, now needpdate submap
[INFO] [1773653701.469959242]: submap_cost: 74.017000 ms
[Open3D INFO] before sample, target size: 828669, has normal: true
[Open3D INFO] after sample, target size: 400000, has normal: true
[Open3D INFO] source size: 26074, maxpoints_source_: 80000
[Open3D INFO] source size after voxel downsample: 9445
[Open3D INFO] after prerpocess: 9445
[Open3D INFO] reg_result.fitness: 0.362732, eva fitness: 0.656008
[INFO] [1773653702.487564803]: localization cost: 1091.838000 ms
[Open3D INFO] 

time_diff:1.09192 s, localization right now
[Open3D INFO] 
***
****
***


last map update loc: x: 2.73056, y: -0.578464, z-1.96986,
                now loc: x: 5.79856, y: -5.67233, z-2.10936, 3d distance: 5.94808, now needpdate submap
[INFO] [1773653702.565904445]: submap_cost: 78.038000 ms
[Open3D INFO] before sample, target size: 908451, has normal: true
[Open3D INFO] after sample, target size: 400000, has normal: true
[Open3D INFO] source size: 26016, maxpoints_source_: 80000
[Open3D INFO] source size after voxel downsample: 11280
[Open3D INFO] after prerpocess: 11280
[Open3D INFO] reg_result.fitness: 0.236436, eva fitness: 0.452748
[INFO] [1773653703.855331450]: localization cost: 1367.663000 ms
[Open3D INFO] 

time_diff:1.36781 s, localization right now
[Open3D INFO] 
***
****
***


last map update loc: x: 5.79856, y: -5.67233, z-2.10936,
                now loc: x: 12.8527, y: -17.8372, z-2.55269, 3d distance: 14.0691, now needpdate submap
[INFO] [1773653703.961179719]: submap_cost: 105.445000 ms
[Open3D INFO] before sample, target size: 927782, has normal: true
[Open3D INFO] after sample, target size: 400000, has normal: true
[Open3D INFO] source size: 26329, maxpoints_source_: 80000
[Open3D INFO] source size after voxel downsample: 12521
[Open3D INFO] after prerpocess: 12521
[Open3D INFO] reg_result.fitness: 0.0480792, eva fitness: 0.0573437
[INFO] [1773653705.719802626]: localization cost: 1864.291000 ms
[Open3D INFO] 

time_diff:1.86444 s, localization right now
[Open3D INFO] 
***
****
***


last map update loc: x: 12.8527, y: -17.8372, z-2.55269,
                now loc: x: 20.3736, y: -47.6918, z-5.70997, 3d distance: 30.9488, now needpdate submap
[INFO] [1773653705.808756847]: submap_cost: 88.180000 ms
[Open3D INFO] before sample, target size: 421532, has normal: true
[Open3D INFO] after sample, target size: 400000, has normal: true
[Open3D INFO] source size: 25332, maxpoints_source_: 80000
[Open3D INFO] source size after voxel downsample: 13077
[Open3D INFO] after prerpocess: 13077
[Open3D INFO] reg_result.fitness: 0.0, eva fitness: 0.0
[INFO] [1773653706.850344949]: localization cost: 1130.206000 ms
[Open3D INFO] 

time_diff:1.13030 s, localization right now
[Open3D INFO] 
***
****
***


last map update loc: x: 20.3736, y: -47.6918, z-5.70997,
                now loc: x: 24.2002, y: -74.0355, z-7.88857, 3d distance: 26.7092, now needpdate submap
[INFO] [1773653706.887142089]: submap_cost: 36.521000 ms
[Open3D INFO] before sample, target size: 146606, has normal: true
[Open3D INFO] after sample, target size: 146606, has normal: true
[Open3D INFO] source size: 24294, maxpoints_source_: 80000
[Open3D INFO] source size after voxel downsample: 12896
[Open3D INFO] after prerpocess: 12896
[Open3D INFO] reg_result.fitness: 0.0, eva fitness: 0.0
[INFO] [1773653707.139507754]: localization cost: 289.064000 ms
[Open3D INFO] 

time_this_loc: 1.77365e+09, time_last: 1.77365e+09,
time_diff: 0.289153 s, sleep 210 ms
[Open3D INFO] 
***
****
***


last map update loc: x: 24.2002, y: -74.0355, z-7.88857,
                now loc: x: 25.5458, y: -86.2296, z-8.80465, 3d distance: 12.3022, now needpdate submap
[INFO] [1773653707.373652216]: submap_cost: 23.485000 ms
[Open3D INFO] before sample, target size: 36561, has normal: true
[Open3D INFO] after sample, target size: 36561, has normal: true
[Open3D INFO] source size: 23901, maxpoints_source_: 80000
[Open3D INFO] source size after voxel downsample: 12774
[Open3D INFO] after prerpocess: 12774
[Open3D INFO] reg_result.fitness: 0.0, eva fitness: 0.0
[INFO] [1773653707.439018823]: localization cost: 89.325000 ms
[Open3D INFO] 

time_this_loc: 1.77365e+09, time_last: 1.77365e+09,
time_diff: 0.08942 s, sleep 410 ms
[Open3D INFO] 
***
****
***


last map update loc: x: 25.5458, y: -86.2296, z-8.80465,
                now loc: x: 26.7675, y: -99.2987, z-9.66856, 3d distance: 13.1545, now needpdate submap
[INFO] [1773653707.858981243]: submap_cost: 9.633000 ms
[Open3D INFO] before sample, target size: 275, has normal: true
[Open3D INFO] after sample, target size: 275, has normal: true
[Open3D INFO] source size: 22956, maxpoints_source_: 80000
[Open3D INFO] source size after voxel downsample: 12071
[Open3D INFO] after prerpocess: 12071
[Open3D INFO] reg_result.fitness: 0.0, eva fitness: 0.0
[INFO] [1773653707.875499661]: localization cost: 26.301000 ms
[Open3D INFO] 

time_this_loc: 1.77365e+09, time_last: 1.77365e+09,
time_diff: 0.026387 s, sleep 473 ms
[Open3D INFO] 
***
****
***


last map update loc: x: 26.7675, y: -99.2987, z-9.66856,
                now loc: x: 27.8571, y: -113.228, z-10.544, 3d distance: 13.9997, now needpdate submap
[INFO] [1773653708.358144554]: submap_cost: 9.302000 ms
[Open3D INFO] before sample, target size: 10, has normal: true
[Open3D INFO] after sample, target size: 10, has normal: true
[Open3D INFO] source size: 23090, maxpoints_source_: 80000
[Open3D INFO] source size after voxel downsample: 12003
[Open3D INFO] after prerpocess: 12003
[Open3D INFO] reg_result.fitness: 0.0, eva fitness: 0.0
[INFO] [1773653708.367888155]: localization cost: 19.220000 ms
[Open3D INFO] 

time_this_loc: 1.77365e+09, time_last: 1.77365e+09,
time_diff: 0.0193020 s, sleep 480 ms
[Open3D INFO] 
***
****
***


last map update loc: x: 27.8571, y: -113.228, z-10.544,
                now loc: x: 28.7555, y: -127.546, z-11.3731, 3d distance: 14.3692, now needpdate submap
[INFO] [1773653708.870281157]: submap_cost: 21.908000 ms
[Open3D INFO] before sample, target size: 0, has normal: false
[Open3D INFO] after sample, target size: 0, has normal: false
[Open3D INFO] source size: 24646, maxpoints_source_: 80000
[Open3D INFO] source size after voxel downsample: 13477
[Open3D INFO] after prerpocess: 13477
[WARN] [1773653708.885379073]: Localization skip: target(submap) is empty, keep last odom2map
[Open3D INFO] 

time_diff:0.536867 s, localization right now
[Open3D INFO] before sample, target size: 0, has normal: false
[Open3D INFO] after sample, target size: 0, has normal: false
[Open3D INFO] source size: 24646, maxpoints_source_: 80000
[Open3D INFO] source size after voxel downsample: 13477
[Open3D INFO] after prerpocess: 13477
[Open3D INFO] 

time_diff:0.564323 s, localization right now
[Open3D INFO] before sample, target size: 0, has normal: false
[Open3D INFO] after sample, target size: 0, has normal: false
[Open3D INFO] source size: 22276, maxpoints_source_: 80000
[Open3D INFO] source size after voxel downsample: 12275
[Open3D INFO] after prerpocess: 12275
[Open3D INFO] 

time_diff:0.664487 s, localization right now
[Open3D INFO] 
***
****
***


last map update loc: x: 28.7555, y: -127.546, z-11.3731,
                now loc: x: 29.0767, y: -133.429, z-11.67, 3d distance: 5.90016, now needpdate submap
[INFO] [1773653709.040669217]: submap_cost: 8.056000 ms
[Open3D INFO] before sample, target size: 0, has normal: false
[Open3D INFO] after sample, target size: 0, has normal: false
[Open3D INFO] source size: 22205, maxpoints_source_: 80000
[Open3D INFO] source size after voxel downsample: 12570
[Open3D INFO] after prerpocess: 12570
[Open3D INFO] 

time_diff:0.763798 s, localization right now
[Open3D INFO] before sample, target size: 0, has normal: false
[Open3D INFO] after sample, target size: 0, has normal: false
[Open3D INFO] source size: 21924, maxpoints_source_: 80000
[Open3D INFO] source size after voxel downsample: 12593
[Open3D INFO] after prerpocess: 12593
[Open3D INFO] 

time_diff:0.863811 s, localization right now
[Open3D INFO] 
***
****
***


last map update loc: x: 29.0767, y: -133.429, z-11.67,
                now loc: x: 29.4004, y: -139.432, z-12.0242, 3d distance: 6.02196, now needpdate submap
[INFO] [1773653709.239877635]: submap_cost: 7.958000 ms
[Open3D INFO] before sample, target size: 0, has normal: false
[Open3D INFO] after sample, target size: 0, has normal: false
[Open3D INFO] source size: 21591, maxpoints_source_: 80000
[Open3D INFO] source size after voxel downsample: 12521
[Open3D INFO] after prerpocess: 12521
[Open3D INFO] 

time_diff:0.962105 s, localization right now
[Open3D INFO] before sample, target size: 0, has normal: false
[Open3D INFO] after sample, target size: 0, has normal: false
[Open3D INFO] source size: 21325, maxpoints_source_: 80000
[Open3D INFO] source size after voxel downsample: 12548
[Open3D INFO] after prerpocess: 12548
[Open3D INFO] 

time_diff:1.06465 s, localization right now
[Open3D INFO] 
***
****
***


last map update loc: x: 29.4004, y: -139.432, z-12.0242,
                now loc: x: 29.7011, y: -145.548, z-12.345, 3d distance: 6.13184, now needpdate submap
[INFO] [1773653709.440737443]: submap_cost: 7.990000 ms
[Open3D INFO] before sample, target size: 0, has normal: false
[Open3D INFO] after sample, target size: 0, has normal: false
[Open3D INFO] source size: 20848, maxpoints_source_: 80000
[Open3D INFO] source size after voxel downsample: 12457
[Open3D INFO] after prerpocess: 12457
[Open3D INFO] 

time_diff:1.16713 s, localization right now
[Open3D INFO] before sample, target size: 0, has normal: false
[Open3D INFO] after sample, target size: 0, has normal: false
[Open3D INFO] source size: 20299, maxpoints_source_: 80000
[Open3D INFO] source size after voxel downsample: 12164
[Open3D INFO] after prerpocess: 12164
[Open3D INFO] 

time_diff:1.26288 s, localization right now
[Open3D INFO] 
***
****
***


last map update loc: x: 29.7011, y: -145.548, z-12.345,
                now loc: x: 29.9111, y: -151.737, z-12.6388, 3d distance: 6.19927, now needpdate submap
[INFO] [1773653709.639039874]: submap_cost: 8.064000 ms
[Open3D INFO] before sample, target size: 0, has normal: false
[Open3D INFO] after sample, target size: 0, has normal: false
[Open3D INFO] source size: 19860, maxpoints_source_: 80000
[Open3D INFO] source size after voxel downsample: 12077
[Open3D INFO] after prerpocess: 12077
[Open3D INFO] 

time_diff:1.36324 s, localization right now
[Open3D INFO] before sample, target size: 0, has normal: false
[Open3D INFO] after sample, target size: 0, has normal: false
[Open3D INFO] source size: 19505, maxpoints_source_: 80000
[Open3D INFO] source size after voxel downsample: 11965
[Open3D INFO] after prerpocess: 11965
[Open3D INFO] 

time_diff:1.46566 s, localization right now
[Open3D INFO] 
***
****
***


last map update loc: x: 29.9111, y: -151.737, z-12.6388,
                now loc: x: 30.051, y: -158.034, z-12.9709, 3d distance: 6.30698, now needpdate submap
[INFO] [1773653709.841814283]: submap_cost: 8.042000 ms
[Open3D INFO] before sample, target size: 0, has normal: false
[Open3D INFO] after sample, target size: 0, has normal: false
[Open3D INFO] source size: 19191, maxpoints_source_: 80000
[Open3D INFO] source size after voxel downsample: 11815
[Open3D INFO] after prerpocess: 11815
[Open3D INFO] 

time_diff:1.56975 s, localization right now
[Open3D INFO] before sample, target size: 0, has normal: false
[Open3D INFO] after sample, target size: 0, has normal: false
[Open3D INFO] source size: 19152, maxpoints_source_: 80000
[Open3D INFO] source size after voxel downsample: 11777
[Open3D INFO] after prerpocess: 11777
[WARN] [1773653709.942924709]: Localization skip: target(submap) is empty, keep last odom2map
[Open3D INFO] 

time_diff:1.66273 s, localization right now
[Open3D INFO] 
***
****
***


last map update loc: x: 30.051, y: -158.034, z-12.9709,
                now loc: x: 30.1718, y: -164.362, z-13.2787, 3d distance: 6.33681, now needpdate submap
[INFO] [1773653710.038870043]: submap_cost: 8.050000 ms
[Open3D INFO] before sample, target size: 0, has normal: false
[Open3D INFO] after sample, target size: 0, has normal: false
[Open3D INFO] source size: 18998, maxpoints_source_: 80000
[Open3D INFO] source size after voxel downsample: 11785
[Open3D INFO] after prerpocess: 11785
[Open3D INFO] 

time_diff:1.76268 s, localization right now
[Open3D INFO] before sample, target size: 0, has normal: false
[Open3D INFO] after sample, target size: 0, has normal: false
[Open3D INFO] source size: 18840, maxpoints_source_: 80000
[Open3D INFO] source size after voxel downsample: 11775
[Open3D INFO] after prerpocess: 11775
[Open3D INFO] 

time_diff:1.86322 s, localization right now
[Open3D INFO] 
***
****
***


last map update loc: x: 30.1718, y: -164.362, z-13.2787,
                now loc: x: 30.3002, y: -170.777, z-13.5534, 3d distance: 6.42208, now needpdate submap
[INFO] [1773653710.239381678]: submap_cost: 8.074000 ms
[Open3D INFO] before sample, target size: 0, has normal: false
[Open3D INFO] after sample, target size: 0, has normal: false
[Open3D INFO] source size: 18762, maxpoints_source_: 80000
[Open3D INFO] source size after voxel downsample: 11825
[Open3D INFO] after prerpocess: 11825
[Open3D INFO] 

time_diff:1.96307 s, localization right now
[Open3D INFO] before sample, target size: 0, has normal: false
[Open3D INFO] after sample, target size: 0, has normal: false
[Open3D INFO] source size: 18787, maxpoints_source_: 80000
[Open3D INFO] source size after voxel downsample: 11898
[Open3D INFO] after prerpocess: 11898
[Open3D INFO] 

time_diff:2.06535 s, localization right now
[Open3D INFO] 
***
****
***


last map update loc: x: 30.3002, y: -170.777, z-13.5534,
                now loc: x: 30.415, y: -177.283, z-13.8017, 3d distance: 6.5122, now needpdate submap
[INFO] [1773653710.441490205]: submap_cost: 8.030000 ms
[Open3D INFO] before sample, target size: 0, has normal: false
[Open3D INFO] after sample, target size: 0, has normal: false
[Open3D INFO] source size: 18784, maxpoints_source_: 80000
[Open3D INFO] source size after voxel downsample: 11920
[Open3D INFO] after prerpocess: 11920
[Open3D INFO] 

time_diff:2.16356 s, localization right now
[Open3D INFO] before sample, target size: 0, has normal: false
[Open3D INFO] after sample, target size: 0, has normal: false
[Open3D INFO] source size: 18815, maxpoints_source_: 80000
[Open3D INFO] source size after voxel downsample: 12148
[Open3D INFO] after prerpocess: 12148
[Open3D INFO] 

time_diff:2.26887 s, localization right now
[Open3D INFO] 
***
****
***


last map update loc: x: 30.415, y: -177.283, z-13.8017,
                now loc: x: 30.5151, y: -183.851, z-14.0375, 3d distance: 6.573, now needpdate submap
[INFO] [1773653710.645005922]: submap_cost: 8.046000 ms
[Open3D INFO] before sample, target size: 0, has normal: false
[Open3D INFO] after sample, target size: 0, has normal: false
[Open3D INFO] source size: 19031, maxpoints_source_: 80000
[Open3D INFO] source size after voxel downsample: 12469
[Open3D INFO] after prerpocess: 12469
[Open3D INFO] 

time_diff:2.36634 s, localization right now
[Open3D INFO] before sample, target size: 0, has normal: false
[Open3D INFO] after sample, target size: 0, has normal: false
[Open3D INFO] source size: 19187, maxpoints_source_: 80000
[Open3D INFO] source size after voxel downsample: 12783
[Open3D INFO] after prerpocess: 12783
[Open3D INFO] 

time_diff:2.46351 s, localization right now
[Open3D INFO] 
***
****
***


last map update loc: x: 30.5151, y: -183.851, z-14.0375,
                now loc: x: 30.6237, y: -190.395, z-14.2739, 3d distance: 6.54929, now needpdate submap
[INFO] [1773653710.839868031]: submap_cost: 8.184000 ms
[Open3D INFO] before sample, target size: 0, has normal: false
[Open3D INFO] after sample, target size: 0, has normal: false
[Open3D INFO] source size: 19167, maxpoints_source_: 80000
[Open3D INFO] source size after voxel downsample: 12974
[Open3D INFO] after prerpocess: 12974
[Open3D INFO] 

time_diff:2.57082 s, localization right now
[Open3D INFO] before sample, target size: 0, has normal: false
[Open3D INFO] after sample, target size: 0, has normal: false
[Open3D INFO] source size: 19296, maxpoints_source_: 80000
[Open3D INFO] source size after voxel downsample: 13367
[Open3D INFO] after prerpocess: 13367
[WARN] [1773653710.944310135]: Localization skip: target(submap) is empty, keep last odom2map
[Open3D INFO] 

time_diff:2.66526 s, localization right now
[Open3D INFO] 
***
****
***


last map update loc: x: 30.6237, y: -190.395, z-14.2739,
                now loc: x: 30.7984, y: -197.135, z-14.4826, 3d distance: 6.7452, now needpdate submap
[INFO] [1773653711.041405689]: submap_cost: 8.046000 ms
[Open3D INFO] before sample, target size: 0, has normal: false
[Open3D INFO] after sample, target size: 0, has normal: false
[Open3D INFO] source size: 19352, maxpoints_source_: 80000
[Open3D INFO] source size after voxel downsample: 13720
[Open3D INFO] after prerpocess: 13720
[Open3D INFO] 

time_diff:2.76916 s, localization right now
[Open3D INFO] before sample, target size: 0, has normal: false
[Open3D INFO] after sample, target size: 0, has normal: false
[Open3D INFO] source size: 19462, maxpoints_source_: 80000
[Open3D INFO] source size after voxel downsample: 14004
[Open3D INFO] after prerpocess: 14004
[Open3D INFO] 

time_diff:2.86481 s, localization right now
[Open3D INFO] 
***
****
***


last map update loc: x: 30.7984, y: -197.135, z-14.4826,
                now loc: x: 30.9878, y: -203.844, z-14.6518, 3d distance: 6.71316, now needpdate submap
[INFO] [1773653711.241090284]: submap_cost: 8.182000 ms
[Open3D INFO] before sample, target size: 0, has normal: false
[Open3D INFO] after sample, target size: 0, has normal: false
[Open3D INFO] source size: 19412, maxpoints_source_: 80000
[Open3D INFO] source size after voxel downsample: 14279
[Open3D INFO] after prerpocess: 14279
[Open3D INFO] 

time_diff:2.97089 s, localization right now
[Open3D INFO] before sample, target size: 0, has normal: false
[Open3D INFO] after sample, target size: 0, has normal: false
[Open3D INFO] source size: 19342, maxpoints_source_: 80000
[Open3D INFO] source size after voxel downsample: 14397
[Open3D INFO] after prerpocess: 14397
[Open3D INFO] 

time_diff:3.06558 s, localization right now
[Open3D INFO] 
***
****
***


last map update loc: x: 30.9878, y: -203.844, z-14.6518,
                now loc: x: 31.2312, y: -210.509, z-14.7259, 3d distance: 6.67075, now needpdate submap
[INFO] [1773653711.442415006]: submap_cost: 8.105000 ms
[Open3D INFO] before sample, target size: 0, has normal: false
[Open3D INFO] after sample, target size: 0, has normal: false
[Open3D INFO] source size: 19351, maxpoints_source_: 80000
[Open3D INFO] source size after voxel downsample: 14628
[Open3D INFO] after prerpocess: 14628
[Open3D INFO] 

time_diff:3.16445 s, localization right now
[Open3D INFO] before sample, target size: 0, has normal: false
[Open3D INFO] after sample, target size: 0, has normal: false
[Open3D INFO] source size: 19173, maxpoints_source_: 80000
[Open3D INFO] source size after voxel downsample: 14655
[Open3D INFO] after prerpocess: 14655
[Open3D INFO] 

time_diff:3.2719 s, localization right now
[Open3D INFO] 
***
****
***


last map update loc: x: 31.2312, y: -210.509, z-14.7259,
                now loc: x: 31.4898, y: -217.309, z-14.772, 3d distance: 6.80464, now needpdate submap
[INFO] [1773653711.648135479]: submap_cost: 8.144000 ms
[Open3D INFO] before sample, target size: 0, has normal: false
[Open3D INFO] after sample, target size: 0, has normal: false
[Open3D INFO] source size: 19276, maxpoints_source_: 80000
[Open3D INFO] source size after voxel downsample: 14913
[Open3D INFO] after prerpocess: 14913
[Open3D INFO] 

time_diff:3.37887 s, localization right now
[Open3D INFO] before sample, target size: 0, has normal: false
[Open3D INFO] after sample, target size: 0, has normal: false
[Open3D INFO] source size: 19604, maxpoints_source_: 80000
[Open3D INFO] source size after voxel downsample: 15344
[Open3D INFO] after prerpocess: 15344
[Open3D INFO] 

time_diff:3.46795 s, localization right now
[Open3D INFO] 
***
****
***


last map update loc: x: 31.4898, y: -217.309, z-14.772,
                now loc: x: 31.8713, y: -224.157, z-14.8081, 3d distance: 6.85879, now needpdate submap
[INFO] [1773653711.844326662]: submap_cost: 8.185000 ms
[Open3D INFO] before sample, target size: 0, has normal: false
[Open3D INFO] after sample, target size: 0, has normal: false
[Open3D INFO] source size: 19688, maxpoints_source_: 80000
[Open3D INFO] source size after voxel downsample: 15425
[Open3D INFO] after prerpocess: 15425
[Open3D INFO] 

time_diff:3.57248 s, localization right now
[Open3D INFO] before sample, target size: 0, has normal: false
[Open3D INFO] after sample, target size: 0, has normal: false
[Open3D INFO] source size: 19936, maxpoints_source_: 80000
[Open3D INFO] source size after voxel downsample: 15731
[Open3D INFO] after prerpocess: 15731
[WARN] [1773653711.947622450]: Localization skip: target(submap) is empty, keep last odom2map
[Open3D INFO] 

time_diff:3.67478 s, localization right now
[Open3D INFO] 
***
****
***


last map update loc: x: 31.8713, y: -224.157, z-14.8081,
                now loc: x: 32.4479, y: -231.028, z-14.8773, 3d distance: 6.8951, now needpdate submap
[INFO] [1773653712.051200490]: submap_cost: 8.232000 ms
[Open3D INFO] before sample, target size: 0, has normal: false
[Open3D INFO] after sample, target size: 0, has normal: false
[Open3D INFO] source size: 20411, maxpoints_source_: 80000
[Open3D INFO] source size after voxel downsample: 16219
[Open3D INFO] after prerpocess: 16219
[Open3D INFO] 

time_diff:3.76851 s, localization right now
[Open3D INFO] before sample, target size: 0, has normal: false
[Open3D INFO] after sample, target size: 0, has normal: false
[Open3D INFO] source size: 20751, maxpoints_source_: 80000
[Open3D INFO] source size after voxel downsample: 16560
[Open3D INFO] after prerpocess: 16560
[Open3D INFO] 

time_diff:3.86729 s, localization right now
[Open3D INFO] 
***
****
***


last map update loc: x: 32.4479, y: -231.028, z-14.8773,
                now loc: x: 33.0294, y: -237.892, z-14.8747, 3d distance: 6.88944, now needpdate submap
[INFO] [1773653712.243651915]: submap_cost: 8.181000 ms
[Open3D INFO] before sample, target size: 0, has normal: false
[Open3D INFO] after sample, target size: 0, has normal: false
[Open3D INFO] source size: 20930, maxpoints_source_: 80000
[Open3D INFO] source size after voxel downsample: 16840
[Open3D INFO] after prerpocess: 16840
[Open3D INFO] 

time_diff:3.96917 s, localization right now
[Open3D INFO] 
***
****
***


last map update loc: x: 33.0294, y: -237.892, z-14.8747,
                now loc: x: 33.3868, y: -241.415, z-14.8651, 3d distance: 3.54108, now needpdate submap
[INFO] [1773653712.345584196]: submap_cost: 8.172000 ms
[Open3D INFO] before sample, target size: 0, has normal: false
[Open3D INFO] after sample, target size: 0, has normal: false
[Open3D INFO] source size: 21196, maxpoints_source_: 80000
[Open3D INFO] source size after voxel downsample: 17240
[Open3D INFO] after prerpocess: 17240
[Open3D INFO] 

time_diff:4.06624 s, localization right now
[Open3D INFO] before sample, target size: 0, has normal: false
[Open3D INFO] after sample, target size: 0, has normal: false
[Open3D INFO] source size: 21659, maxpoints_source_: 80000
[Open3D INFO] source size after voxel downsample: 17717
[Open3D INFO] after prerpocess: 17717
[Open3D INFO] 

time_diff:4.1688 s, localization right now
[Open3D INFO] 
***
****
***


last map update loc: x: 33.3868, y: -241.415, z-14.8651,
                now loc: x: 34.0744, y: -248.402, z-14.8103, 3d distance: 7.02009, now needpdate submap
[INFO] [1773653712.545024783]: submap_cost: 8.108000 ms
[Open3D INFO] before sample, target size: 0, has normal: false
[Open3D INFO] after sample, target size: 0, has normal: false
[Open3D INFO] source size: 21797, maxpoints_source_: 80000
[Open3D INFO] source size after voxel downsample: 17898
[Open3D INFO] after prerpocess: 17898
[Open3D INFO] 

time_diff:4.2682 s, localization right now
[Open3D INFO] before sample, target size: 0, has normal: false
[Open3D INFO] after sample, target size: 0, has normal: false
[Open3D INFO] source size: 22168, maxpoints_source_: 80000
[Open3D INFO] source size after voxel downsample: 18342
[Open3D INFO] after prerpocess: 18342
[Open3D INFO] 

time_diff:4.36936 s, localization right now
[Open3D INFO] 
***
****
***


last map update loc: x: 34.0744, y: -248.402, z-14.8103,
                now loc: x: 34.8451, y: -255.401, z-14.7307, 3d distance: 7.04243, now needpdate submap
[INFO] [1773653712.745750506]: submap_cost: 8.147000 ms
[Open3D INFO] before sample, target size: 0, has normal: false
[Open3D INFO] after sample, target size: 0, has normal: false
[Open3D INFO] source size: 22814, maxpoints_source_: 80000
[Open3D INFO] source size after voxel downsample: 18892
[Open3D INFO] after prerpocess: 18892
[Open3D INFO] 

time_diff:4.46922 s, localization right now
[Open3D INFO] 
***
****
***


last map update loc: x: 34.8451, y: -255.401, z-14.7307,
                now loc: x: 35.2375, y: -258.945, z-14.6806, 3d distance: 3.56556, now needpdate submap
[INFO] [1773653712.845600372]: submap_cost: 8.163000 ms
[Open3D INFO] before sample, target size: 0, has normal: false
[Open3D INFO] after sample, target size: 0, has normal: false
[Open3D INFO] source size: 23771, maxpoints_source_: 80000
[Open3D INFO] source size after voxel downsample: 19784
[Open3D INFO] after prerpocess: 19784
[Open3D INFO] 

time_diff:4.56783 s, localization right now
[Open3D INFO] 
***
****
***


last map update loc: x: 35.2375, y: -258.945, z-14.6806,
                now loc: x: 35.7297, y: -262.474, z-14.6125, 3d distance: 3.56439, now needpdate submap
[INFO] [1773653712.944250544]: submap_cost: 8.163000 ms
[Open3D INFO] before sample, target size: 0, has normal: false
[Open3D INFO] after sample, target size: 0, has normal: false
[Open3D INFO] source size: 24545, maxpoints_source_: 80000
[Open3D INFO] source size after voxel downsample: 20473
[Open3D INFO] after prerpocess: 20473
[WARN] [1773653712.953762713]: Localization skip: target(submap) is empty, keep last odom2map
[Open3D INFO] 

time_diff:4.66862 s, localization right now
[Open3D INFO] 
***
****
***


last map update loc: x: 35.7297, y: -262.474, z-14.6125,
                now loc: x: 36.2252, y: -266.022, z-14.5333, 3d distance: 3.58297, now needpdate submap
[INFO] [1773653713.044963579]: submap_cost: 8.115000 ms
[Open3D INFO] before sample, target size: 0, has normal: false
[Open3D INFO] after sample, target size: 0, has normal: false
[Open3D INFO] source size: 25335, maxpoints_source_: 80000
[Open3D INFO] source size after voxel downsample: 21237
[Open3D INFO] after prerpocess: 21237
[Open3D INFO] 

time_diff:4.77081 s, localization right now
[Open3D INFO] 
***
****
***


last map update loc: x: 36.2252, y: -266.022, z-14.5333,
                now loc: x: 36.7171, y: -269.596, z-14.4504, 3d distance: 3.60811, now needpdate submap
[INFO] [1773653713.147182079]: submap_cost: 8.122000 ms
[Open3D INFO] before sample, target size: 0, has normal: false
[Open3D INFO] after sample, target size: 0, has normal: false
[Open3D INFO] source size: 26100, maxpoints_source_: 80000
[Open3D INFO] source size after voxel downsample: 21853
[Open3D INFO] after prerpocess: 21853
[Open3D INFO] 

time_diff:4.87299 s, localization right now
[Open3D INFO] 
***
****
***


last map update loc: x: 36.7171, y: -269.596, z-14.4504,
                now loc: x: 37.2681, y: -273.173, z-14.3695, 3d distance: 3.62044, now needpdate submap
[INFO] [1773653713.249359649]: submap_cost: 8.114000 ms
[Open3D INFO] before sample, target size: 0, has normal: false
[Open3D INFO] after sample, target size: 0, has normal: false
[Open3D INFO] source size: 26893, maxpoints_source_: 80000
[Open3D INFO] source size after voxel downsample: 22398
[Open3D INFO] after prerpocess: 22398
[Open3D INFO] 

time_diff:4.96856 s, localization right now
[Open3D INFO] 
***
****
***


last map update loc: x: 37.2681, y: -273.173, z-14.3695,
                now loc: x: 37.8251, y: -276.782, z-14.2937, 3d distance: 3.65237, now needpdate submap
[INFO] [1773653713.345027853]: submap_cost: 8.224000 ms
[Open3D INFO] before sample, target size: 0, has normal: false
[Open3D INFO] after sample, target size: 0, has normal: false
[Open3D INFO] source size: 27733, maxpoints_source_: 80000
[Open3D INFO] source size after voxel downsample: 23014
[Open3D INFO] after prerpocess: 23014
[Open3D INFO] 

time_diff:5.08016 s, localization right now
[Open3D INFO] 
***
****
***


last map update loc: x: 37.8251, y: -276.782, z-14.2937,
                now loc: x: 38.4241, y: -280.4, z-14.2104, 3d distance: 3.66879, now needpdate submap
[INFO] [1773653713.456607412]: submap_cost: 8.181000 ms
[Open3D INFO] before sample, target size: 0, has normal: false
[Open3D INFO] after sample, target size: 0, has normal: false
[Open3D INFO] source size: 28094, maxpoints_source_: 80000
[Open3D INFO] source size after voxel downsample: 23195
[Open3D INFO] after prerpocess: 23195
[Open3D INFO] 

time_diff:5.18658 s, localization right now
[Open3D INFO] 
***
****
***


last map update loc: x: 38.4241, y: -280.4, z-14.2104,
                now loc: x: 39.033, y: -284.003, z-14.125, 3d distance: 3.65499, now needpdate submap
[INFO] [1773653713.562882545]: submap_cost: 8.053000 ms
[Open3D INFO] before sample, target size: 0, has normal: false
[Open3D INFO] after sample, target size: 0, has normal: false
[Open3D INFO] source size: 27976, maxpoints_source_: 80000
[Open3D INFO] source size after voxel downsample: 22989
[Open3D INFO] after prerpocess: 22989
[Open3D INFO] 

time_diff:5.27904 s, localization right now
[Open3D INFO] 
***
****
***


last map update loc: x: 39.033, y: -284.003, z-14.125,
                now loc: x: 39.6518, y: -287.732, z-14.0255, 3d distance: 3.78064, now needpdate submap
[INFO] [1773653713.655534378]: submap_cost: 8.211000 ms
[Open3D INFO] before sample, target size: 0, has normal: false
[Open3D INFO] after sample, target size: 0, has normal: false
[Open3D INFO] source size: 27074, maxpoints_source_: 80000
[Open3D INFO] source size after voxel downsample: 22099
[Open3D INFO] after prerpocess: 22099
[Open3D INFO] 

time_diff:5.37008 s, localization right now
[Open3D INFO] 
***
****
***


last map update loc: x: 39.6518, y: -287.732, z-14.0255,
                now loc: x: 40.3207, y: -291.407, z-13.947, 3d distance: 3.73638, now needpdate submap
[INFO] [1773653713.746514916]: submap_cost: 8.142000 ms
[Open3D INFO] before sample, target size: 0, has normal: false
[Open3D INFO] after sample, target size: 0, has normal: false
[Open3D INFO] source size: 26729, maxpoints_source_: 80000
[Open3D INFO] source size after voxel downsample: 21691
[Open3D INFO] after prerpocess: 21691
[Open3D INFO] 

time_diff:5.47307 s, localization right now
[Open3D INFO] 
***
****
***


last map update loc: x: 40.3207, y: -291.407, z-13.947,
                now loc: x: 41.0062, y: -295.111, z-13.839, 3d distance: 3.76886, now needpdate submap
[INFO] [1773653713.849485829]: submap_cost: 8.149000 ms
[Open3D INFO] before sample, target size: 0, has normal: false
[Open3D INFO] after sample, target size: 0, has normal: false
[Open3D INFO] source size: 26567, maxpoints_source_: 80000
[Open3D INFO] source size after voxel downsample: 21609
[Open3D INFO] after prerpocess: 21609
[Open3D INFO] 

time_diff:5.57004 s, localization right now
[Open3D INFO] 
***
****
***


last map update loc: x: 41.0062, y: -295.111, z-13.839,
                now loc: x: 41.6549, y: -298.826, z-13.7127, 3d distance: 3.77298, now needpdate submap
[INFO] [1773653713.946490851]: submap_cost: 8.166000 ms
[Open3D INFO] before sample, target size: 0, has normal: false
[Open3D INFO] after sample, target size: 0, has normal: false
[Open3D INFO] source size: 26260, maxpoints_source_: 80000
[Open3D INFO] source size after voxel downsample: 21306
[Open3D INFO] after prerpocess: 21306
[WARN] [1773653713.959251079]: Localization skip: target(submap) is empty, keep last odom2map
[Open3D INFO] 

time_diff:5.67672 s, localization right now
[Open3D INFO] 
***
****
***


last map update loc: x: 41.6549, y: -298.826, z-13.7127,
                now loc: x: 42.3743, y: -302.548, z-13.5721, 3d distance: 3.79337, now needpdate submap
[INFO] [1773653714.053161776]: submap_cost: 8.146000 ms
[Open3D INFO] before sample, target size: 0, has normal: false
[Open3D INFO] after sample, target size: 0, has normal: false
[Open3D INFO] source size: 25469, maxpoints_source_: 80000
[Open3D INFO] source size after voxel downsample: 20686
[Open3D INFO] after prerpocess: 20686
[Open3D INFO] 

time_diff:5.78317 s, localization right now
[Open3D INFO] 
***
****
***


last map update loc: x: 42.3743, y: -302.548, z-13.5721,
                now loc: x: 43.1164, y: -306.272, z-13.4417, 3d distance: 3.79955, now needpdate submap
[INFO] [1773653714.159750361]: submap_cost: 8.236000 ms
[Open3D INFO] before sample, target size: 0, has normal: false
[Open3D INFO] after sample, target size: 0, has normal: false
[Open3D INFO] source size: 24693, maxpoints_source_: 80000
[Open3D INFO] source size after voxel downsample: 20076
[Open3D INFO] after prerpocess: 20076
[Open3D INFO] 

time_diff:5.88346 s, localization right now
[Open3D INFO] 
***
****
***


last map update loc: x: 43.1164, y: -306.272, z-13.4417,
                now loc: x: 43.8737, y: -310.008, z-13.2711, 3d distance: 3.81646, now needpdate submap
[INFO] [1773653714.259775626]: submap_cost: 8.127000 ms
[Open3D INFO] before sample, target size: 0, has normal: false
[Open3D INFO] after sample, target size: 0, has normal: false
[Open3D INFO] source size: 24171, maxpoints_source_: 80000
[Open3D INFO] source size after voxel downsample: 19758
[Open3D INFO] after prerpocess: 19758
[Open3D INFO] 

time_diff:5.98985 s, localization right now
[Open3D INFO] 
***
****
***


last map update loc: x: 43.8737, y: -310.008, z-13.2711,
                now loc: x: 44.6526, y: -313.736, z-13.1161, 3d distance: 3.81123, now needpdate submap
[INFO] [1773653714.366295121]: submap_cost: 8.174000 ms
[Open3D INFO] before sample, target size: 0, has normal: false
[Open3D INFO] after sample, target size: 0, has normal: false
[Open3D INFO] source size: 23765, maxpoints_source_: 80000
[Open3D INFO] source size after voxel downsample: 19254
[Open3D INFO] after prerpocess: 19254
[Open3D INFO] 

time_diff:6.07264 s, localization right now
[Open3D INFO] 
***
****
***


last map update loc: x: 44.6526, y: -313.736, z-13.1161,
                now loc: x: 45.4603, y: -317.452, z-12.9756, 3d distance: 3.80524, now needpdate submap
[INFO] [1773653714.449095444]: submap_cost: 8.159000 ms
[Open3D INFO] before sample, target size: 0, has normal: false
[Open3D INFO] after sample, target size: 0, has normal: false
[Open3D INFO] source size: 23597, maxpoints_source_: 80000
[Open3D INFO] source size after voxel downsample: 19063
[Open3D INFO] after prerpocess: 19063
[Open3D INFO] 

time_diff:6.18648 s, localization right now
[Open3D INFO] 
***
****
***


last map update loc: x: 45.4603, y: -317.452, z-12.9756,
                now loc: x: 46.2667, y: -321.159, z-12.83, 3d distance: 3.79693, now needpdate submap
[INFO] [1773653714.562953618]: submap_cost: 8.166000 ms
[Open3D INFO] before sample, target size: 0, has normal: false
[Open3D INFO] after sample, target size: 0, has normal: false
[Open3D INFO] source size: 23589, maxpoints_source_: 80000
[Open3D INFO] source size after voxel downsample: 18934
[Open3D INFO] after prerpocess: 18934
[Open3D INFO] 

time_diff:6.28596 s, localization right now
[Open3D INFO] 
***
****
***


last map update loc: x: 46.2667, y: -321.159, z-12.83,
                now loc: x: 47.114, y: -324.876, z-12.6798, 3d distance: 3.8151, now needpdate submap
[INFO] [1773653714.662392748]: submap_cost: 8.211000 ms
[Open3D INFO] before sample, target size: 0, has normal: false
[Open3D INFO] after sample, target size: 0, has normal: false
[Open3D INFO] source size: 23809, maxpoints_source_: 80000
[Open3D INFO] source size after voxel downsample: 19155
[Open3D INFO] after prerpocess: 19155
[Open3D INFO] 

time_diff:6.37313 s, localization right now
[Open3D INFO] 
***
****
***


last map update loc: x: 47.114, y: -324.876, z-12.6798,
                now loc: x: 48.0186, y: -328.65, z-12.5281, 3d distance: 3.88325, now needpdate submap
[INFO] [1773653714.749546005]: submap_cost: 8.208000 ms
[Open3D INFO] before sample, target size: 0, has normal: false
[Open3D INFO] after sample, target size: 0, has normal: false
[Open3D INFO] source size: 24155, maxpoints_source_: 80000
[Open3D INFO] source size after voxel downsample: 19345
[Open3D INFO] after prerpocess: 19345
[Open3D INFO] 

time_diff:6.47845 s, localization right now
[Open3D INFO] 
***
****
***


last map update loc: x: 48.0186, y: -328.65, z-12.5281,
                now loc: x: 48.9052, y: -332.435, z-12.3602, 3d distance: 3.89122, now needpdate submap
[INFO] [1773653714.854844302]: submap_cost: 8.061000 ms
[Open3D INFO] before sample, target size: 0, has normal: false
[Open3D INFO] after sample, target size: 0, has normal: false
[Open3D INFO] source size: 24460, maxpoints_source_: 80000
[Open3D INFO] source size after voxel downsample: 19509
[Open3D INFO] after prerpocess: 19509
[Open3D INFO] 

time_diff:6.57185 s, localization right now
[Open3D INFO] 
***
****
***


last map update loc: x: 48.9052, y: -332.435, z-12.3602,
                now loc: x: 49.8442, y: -336.206, z-12.1915, 3d distance: 3.89020, now needpdate submap
[INFO] [1773653714.948330022]: submap_cost: 8.171000 ms
[Open3D INFO] before sample, target size: 0, has normal: false
[Open3D INFO] after sample, target size: 0, has normal: false
[Open3D INFO] source size: 24537, maxpoints_source_: 80000
[Open3D INFO] source size after voxel downsample: 19513
[Open3D INFO] after prerpocess: 19513
[Open3D INFO] 

time_diff:6.68705 s, localization right now
[Open3D INFO] 
***
****
***


last map update loc: x: 49.8442, y: -336.206, z-12.1915,
                now loc: x: 50.7984, y: -339.996, z-12.0282, 3d distance: 3.91121, now needpdate submap
[INFO] [1773653715.063244300]: submap_cost: 7.982000 ms
[Open3D INFO] before sample, target size: 0, has normal: false
[Open3D INFO] after sample, target size: 0, has normal: false
[Open3D INFO] source size: 24564, maxpoints_source_: 80000
[Open3D INFO] source size after voxel downsample: 19571
[Open3D INFO] after prerpocess: 19571
[WARN] [1773653715.071391584]: Localization skip: target(submap) is empty, keep last odom2map
[Open3D INFO] 

time_diff:6.77344 s, localization right now
[Open3D INFO] 
***
****
***


last map update loc: x: 50.7984, y: -339.996, z-12.0282,
                now loc: x: 51.8004, y: -343.773, z-11.8521, 3d distance: 3.91226, now needpdate submap
[INFO] [1773653715.149662872]: submap_cost: 8.007000 ms
[Open3D INFO] before sample, target size: 0, has normal: false
[Open3D INFO] after sample, target size: 0, has normal: false
[Open3D INFO] source size: 24637, maxpoints_source_: 80000
[Open3D INFO] source size after voxel downsample: 19505
[Open3D INFO] after prerpocess: 19505
[Open3D INFO] 

time_diff:6.87924 s, localization right now
[Open3D INFO] 
***
****
***


last map update loc: x: 51.8004, y: -343.773, z-11.8521,
                now loc: x: 52.8133, y: -347.532, z-11.6748, 3d distance: 3.89646, now needpdate submap
[INFO] [1773653715.255513222]: submap_cost: 8.047000 ms
[Open3D INFO] before sample, target size: 0, has normal: false
[Open3D INFO] after sample, target size: 0, has normal: false
[Open3D INFO] source size: 24684, maxpoints_source_: 80000
[Open3D INFO] source size after voxel downsample: 19527
[Open3D INFO] after prerpocess: 19527
[Open3D INFO] 

time_diff:6.97081 s, localization right now
[Open3D INFO] 
***
****
***


last map update loc: x: 52.8133, y: -347.532, z-11.6748,
                now loc: x: 53.8857, y: -351.315, z-11.5008, 3d distance: 3.93671, now needpdate submap
[INFO] [1773653715.347029716]: submap_cost: 7.965000 ms
[Open3D INFO] before sample, target size: 0, has normal: false
[Open3D INFO] after sample, target size: 0, has normal: false
[Open3D INFO] source size: 24577, maxpoints_source_: 80000
[Open3D INFO] source size after voxel downsample: 19411
[Open3D INFO] after prerpocess: 19411
[Open3D INFO] 

time_diff:7.07109 s, localization right now
[Open3D INFO] 
***
****
***


last map update loc: x: 53.8857, y: -351.315, z-11.5008,
                now loc: x: 54.9527, y: -355.12, z-11.3029, 3d distance: 3.9564, now needpdate submap
[INFO] [1773653715.447440595]: submap_cost: 8.125000 ms
[Open3D INFO] before sample, target size: 0, has normal: false
[Open3D INFO] after sample, target size: 0, has normal: false
[Open3D INFO] source size: 24576, maxpoints_source_: 80000
[Open3D INFO] source size after voxel downsample: 19489
[Open3D INFO] after prerpocess: 19489
[Open3D INFO] 

time_diff:7.17365 s, localization right now
[Open3D INFO] 
***
****
***


last map update loc: x: 54.9527, y: -355.12, z-11.3029,
                now loc: x: 56.0491, y: -358.952, z-11.093, 3d distance: 3.99131, now needpdate submap
[INFO] [1773653715.550166378]: submap_cost: 8.278000 ms
[Open3D INFO] before sample, target size: 0, has normal: false
[Open3D INFO] after sample, target size: 0, has normal: false
[Open3D INFO] source size: 24620, maxpoints_source_: 80000
[Open3D INFO] source size after voxel downsample: 19569
[Open3D INFO] after prerpocess: 19569
[Open3D INFO] 

time_diff:7.28505 s, localization right now
[Open3D INFO] 
***
****
***


last map update loc: x: 56.0491, y: -358.952, z-11.093,
                now loc: x: 57.2143, y: -362.785, z-10.8923, 3d distance: 4.01122, now needpdate submap
[INFO] [1773653715.661561418]: submap_cost: 8.148000 ms
[Open3D INFO] before sample, target size: 0, has normal: false
[Open3D INFO] after sample, target size: 0, has normal: false
[Open3D INFO] source size: 24552, maxpoints_source_: 80000
[Open3D INFO] source size after voxel downsample: 19591
[Open3D INFO] after prerpocess: 19591
[Open3D INFO] 

time_diff:7.38862 s, localization right now
[Open3D INFO] 
***
****
***


last map update loc: x: 57.2143, y: -362.785, z-10.8923,
                now loc: x: 58.4035, y: -366.621, z-10.6842, 3d distance: 4.02165, now needpdate submap
[INFO] [1773653715.764958459]: submap_cost: 8.099000 ms
[Open3D INFO] before sample, target size: 0, has normal: false
[Open3D INFO] after sample, target size: 0, has normal: false
[Open3D INFO] source size: 24197, maxpoints_source_: 80000
[Open3D INFO] source size after voxel downsample: 19372
[Open3D INFO] after prerpocess: 19372
[Open3D INFO] 

time_diff:7.4876 s, localization right now
[Open3D INFO] 
***
****
***


last map update loc: x: 58.4035, y: -366.621, z-10.6842,
                now loc: x: 59.6615, y: -370.363, z-10.4703, 3d distance: 3.95369, now needpdate submap
[INFO] [1773653715.863941988]: submap_cost: 8.101000 ms
[Open3D INFO] before sample, target size: 0, has normal: false
[Open3D INFO] after sample, target size: 0, has normal: false
[Open3D INFO] source size: 24026, maxpoints_source_: 80000
[Open3D INFO] source size after voxel downsample: 19335
[Open3D INFO] after prerpocess: 19335
[Open3D INFO] 

time_diff:7.57299 s, localization right now
[Open3D INFO] 
***
****
***


last map update loc: x: 59.6615, y: -370.363, z-10.4703,
                now loc: x: 60.9234, y: -374.093, z-10.2499, 3d distance: 3.94374, now needpdate submap
[INFO] [1773653715.949456751]: submap_cost: 8.238000 ms
[Open3D INFO] before sample, target size: 0, has normal: false
[Open3D INFO] after sample, target size: 0, has normal: false
[Open3D INFO] source size: 24020, maxpoints_source_: 80000
[Open3D INFO] source size after voxel downsample: 19270
[Open3D INFO] after prerpocess: 19270
[Open3D INFO] 

time_diff:7.67218 s, localization right now
[Open3D INFO] 
***
****
***


last map update loc: x: 60.9234, y: -374.093, z-10.2499,
                now loc: x: 62.2346, y: -377.84, z-10.0331, 3d distance: 3.9755, now needpdate submap
[INFO] [1773653716.048681281]: submap_cost: 8.161000 ms
[Open3D INFO] before sample, target size: 0, has normal: false
[Open3D INFO] after sample, target size: 0, has normal: false
[Open3D INFO] source size: 23802, maxpoints_source_: 80000
[Open3D INFO] source size after voxel downsample: 19106
[Open3D INFO] after prerpocess: 19106
[Open3D INFO] 

time_diff:7.77216 s, localization right now
[Open3D INFO] 
***
****
***


last map update loc: x: 62.2346, y: -377.84, z-10.0331,
                now loc: x: 63.5687, y: -381.575, z-9.80448, 3d distance: 3.97305, now needpdate submap
[INFO] [1773653716.148643663]: submap_cost: 8.147000 ms
[Open3D INFO] before sample, target size: 0, has normal: false
[Open3D INFO] after sample, target size: 0, has normal: false
[Open3D INFO] source size: 23725, maxpoints_source_: 80000
[Open3D INFO] source size after voxel downsample: 18934
[Open3D INFO] after prerpocess: 18934
[WARN] [1773653716.158769935]: Localization skip: target(submap) is empty, keep last odom2map
[Open3D INFO] 

time_diff:7.8819 s, localization right now
[Open3D INFO] 
***
****
***


last map update loc: x: 63.5687, y: -381.575, z-9.80448,
                now loc: x: 64.9734, y: -385.324, z-9.57854, 3d distance: 4.00946, now needpdate submap
[INFO] [1773653716.258113798]: submap_cost: 8.003000 ms
[Open3D INFO] before sample, target size: 0, has normal: false
[Open3D INFO] after sample, target size: 0, has normal: false
[Open3D INFO] source size: 23803, maxpoints_source_: 80000
[Open3D INFO] source size after voxel downsample: 18885
[Open3D INFO] after prerpocess: 18885
[Open3D INFO] 

time_diff:7.9842 s, localization right now
[Open3D INFO] 
***
****
***


last map update loc: x: 64.9734, y: -385.324, z-9.57854,
                now loc: x: 66.3639, y: -389.051, z-9.36172, 3d distance: 3.98402, now needpdate submap
[INFO] [1773653716.360595956]: submap_cost: 8.071000 ms
[Open3D INFO] before sample, target size: 0, has normal: false
[Open3D INFO] after sample, target size: 0, has normal: false
[Open3D INFO] source size: 23993, maxpoints_source_: 80000
[Open3D INFO] source size after voxel downsample: 18898
[Open3D INFO] after prerpocess: 18898
[Open3D INFO] 

time_diff:8.08566 s, localization right now
[Open3D INFO] 
***
****
***


last map update loc: x: 66.3639, y: -389.051, z-9.36172,
                now loc: x: 67.8159, y: -392.793, z-9.13351, 3d distance: 4.02043, now needpdate submap
[INFO] [1773653716.462228354]: submap_cost: 8.214000 ms
[Open3D INFO] before sample, target size: 0, has normal: false
[Open3D INFO] after sample, target size: 0, has normal: false
[Open3D INFO] source size: 24212, maxpoints_source_: 80000
[Open3D INFO] source size after voxel downsample: 19007
[Open3D INFO] after prerpocess: 19007
[Open3D INFO] 

time_diff:8.19713 s, localization right now
[Open3D INFO] 
***
****
***


last map update loc: x: 67.8159, y: -392.793, z-9.13351,
                now loc: x: 69.3194, y: -396.568, z-8.9, 3d distance: 4.06944, now needpdate submap
[INFO] [1773653716.573639682]: submap_cost: 8.256000 ms
[Open3D INFO] before sample, target size: 0, has normal: false
[Open3D INFO] after sample, target size: 0, has normal: false
[Open3D INFO] source size: 24208, maxpoints_source_: 80000
[Open3D INFO] source size after voxel downsample: 18809
[Open3D INFO] after prerpocess: 18809
[Open3D INFO] 

time_diff:8.27872 s, localization right now
[Open3D INFO] 
***
****
***


last map update loc: x: 69.3194, y: -396.568, z-8.9,
                now loc: x: 70.8746, y: -400.376, z-8.66621, 3d distance: 4.12068, now needpdate submap
[INFO] [1773653716.656563691]: submap_cost: 8.927000 ms
[Open3D INFO] before sample, target size: 0, has normal: false
[Open3D INFO] after sample, target size: 0, has normal: false
[Open3D INFO] source size: 24128, maxpoints_source_: 80000
[Open3D INFO] source size after voxel downsample: 18680
[Open3D INFO] after prerpocess: 18680
[Open3D INFO] 

time_diff:8.37424 s, localization right now
[Open3D INFO] 
***
****
***


last map update loc: x: 70.8746, y: -400.376, z-8.66621,
                now loc: x: 72.4411, y: -404.199, z-8.43096, 3d distance: 4.13779, now needpdate submap
[INFO] [1773653716.750690524]: submap_cost: 8.218000 ms
[Open3D INFO] before sample, target size: 0, has normal: false
[Open3D INFO] after sample, target size: 0, has normal: false
[Open3D INFO] source size: 24010, maxpoints_source_: 80000
[Open3D INFO] source size after voxel downsample: 18465
[Open3D INFO] after prerpocess: 18465
[Open3D INFO] 

time_diff:8.47954 s, localization right now
[Open3D INFO] 
***
****
***


last map update loc: x: 72.4411, y: -404.199, z-8.43096,
                now loc: x: 74.0601, y: -407.951, z-8.20533, 3d distance: 4.09261, now needpdate submap
[INFO] [1773653716.856068535]: submap_cost: 8.187000 ms
[Open3D INFO] before sample, target size: 0, has normal: false
[Open3D INFO] after sample, target size: 0, has normal: false
[Open3D INFO] source size: 24061, maxpoints_source_: 80000
[Open3D INFO] source size after voxel downsample: 18352
[Open3D INFO] after prerpocess: 18352
[Open3D INFO] 

time_diff:8.58989 s, localization right now
[Open3D INFO] 
***
****
***


last map update loc: x: 74.0601, y: -407.951, z-8.20533,
                now loc: x: 75.7254, y: -411.678, z-7.97313, 3d distance: 4.08857, now needpdate submap
[INFO] [1773653716.966335532]: submap_cost: 8.201000 ms
[Open3D INFO] before sample, target size: 0, has normal: false
[Open3D INFO] after sample, target size: 0, has normal: false
[Open3D INFO] source size: 24017, maxpoints_source_: 80000
[Open3D INFO] source size after voxel downsample: 18143
[Open3D INFO] after prerpocess: 18143
[Open3D INFO] 

time_diff:8.67725 s, localization right now
[Open3D INFO] 
***
****
***


last map update loc: x: 75.7254, y: -411.678, z-7.97313,
                now loc: x: 77.41, y: -415.533, z-7.73305, 3d distance: 4.21435, now needpdate submap
[INFO] [1773653717.053853667]: submap_cost: 8.247000 ms
[Open3D INFO] before sample, target size: 0, has normal: false
[Open3D INFO] after sample, target size: 0, has normal: false
[Open3D INFO] source size: 23812, maxpoints_source_: 80000
[Open3D INFO] source size after voxel downsample: 17838
[Open3D INFO] after prerpocess: 17838
[Open3D INFO] 

time_diff:8.77939 s, localization right now
[Open3D INFO] 
***
****
***


last map update loc: x: 77.41, y: -415.533, z-7.73305,
                now loc: x: 79.085, y: -419.24, z-7.49608, 3d distance: 4.07467, now needpdate submap
[INFO] [1773653717.155864511]: submap_cost: 8.122000 ms
[Open3D INFO] before sample, target size: 0, has normal: false
[Open3D INFO] after sample, target size: 0, has normal: false
[Open3D INFO] source size: 23963, maxpoints_source_: 80000
[Open3D INFO] source size after voxel downsample: 17825
[Open3D INFO] after prerpocess: 17825
[WARN] [1773653717.164861908]: Localization skip: target(submap) is empty, keep last odom2map
[Open3D INFO] 

time_diff:8.86925 s, localization right now
[Open3D INFO] 
***
****
***


last map update loc: x: 79.085, y: -419.24, z-7.49608,
                now loc: x: 80.8686, y: -423.058, z-7.25791, 3d distance: 4.22104, now needpdate submap
[INFO] [1773653717.245657324]: submap_cost: 8.111000 ms
[Open3D INFO] before sample, target size: 0, has normal: false
[Open3D INFO] after sample, target size: 0, has normal: false
[Open3D INFO] source size: 23975, maxpoints_source_: 80000
[Open3D INFO] source size after voxel downsample: 17741
[Open3D INFO] after prerpocess: 17741
[Open3D INFO] 

time_diff:8.96685 s, localization right now
[Open3D INFO] 
***
****
***


last map update loc: x: 80.8686, y: -423.058, z-7.25791,
                now loc: x: 82.6686, y: -426.803, z-7.02285, 3d distance: 4.16094, now needpdate submap
[INFO] [1773653717.343331779]: submap_cost: 8.112000 ms
[Open3D INFO] before sample, target size: 0, has normal: false
[Open3D INFO] after sample, target size: 0, has normal: false
[Open3D INFO] source size: 23834, maxpoints_source_: 80000
[Open3D INFO] source size after voxel downsample: 17534
[Open3D INFO] after prerpocess: 17534
[Open3D INFO] 

time_diff:9.07759 s, localization right now
[Open3D INFO] 
***
****
***


last map update loc: x: 82.6686, y: -426.803, z-7.02285,
                now loc: x: 84.5024, y: -430.587, z-6.79219, 3d distance: 4.21191, now needpdate submap
[INFO] [1773653717.454218864]: submap_cost: 8.209000 ms
[Open3D INFO] before sample, target size: 0, has normal: false
[Open3D INFO] after sample, target size: 0, has normal: false
[Open3D INFO] source size: 23449, maxpoints_source_: 80000
[Open3D INFO] source size after voxel downsample: 17207
[Open3D INFO] after prerpocess: 17207
[Open3D INFO] 

time_diff:9.16755 s, localization right now
[Open3D INFO] 
***
****
***


last map update loc: x: 84.5024, y: -430.587, z-6.79219,
                now loc: x: 86.3682, y: -434.363, z-6.56373, 3d distance: 4.21789, now needpdate submap
[INFO] [1773653717.545254124]: submap_cost: 8.869000 ms
[Open3D INFO] before sample, target size: 0, has normal: false
[Open3D INFO] after sample, target size: 0, has normal: false
[Open3D INFO] source size: 23040, maxpoints_source_: 80000
[Open3D INFO] source size after voxel downsample: 16813
[Open3D INFO] after prerpocess: 16813
[Open3D INFO] 

time_diff:9.26742 s, localization right now
[Open3D INFO] 
***
****
***


last map update loc: x: 86.3682, y: -434.363, z-6.56373,
                now loc: x: 88.2433, y: -438.17, z-6.31448, 3d distance: 4.25064, now needpdate submap
[INFO] [1773653717.643854598]: submap_cost: 8.148000 ms
[Open3D INFO] before sample, target size: 0, has normal: false
[Open3D INFO] after sample, target size: 0, has normal: false
[Open3D INFO] source size: 22779, maxpoints_source_: 80000
[Open3D INFO] source size after voxel downsample: 16544
[Open3D INFO] after prerpocess: 16544
[Open3D INFO] 

time_diff:9.36814 s, localization right now
[Open3D INFO] 
***
****
***


last map update loc: x: 88.2433, y: -438.17, z-6.31448,
                now loc: x: 90.1919, y: -441.984, z-6.06962, 3d distance: 4.29007, now needpdate submap
[INFO] [1773653717.744670165]: submap_cost: 8.188000 ms
[Open3D INFO] before sample, target size: 0, has normal: false
[Open3D INFO] after sample, target size: 0, has normal: false
[Open3D INFO] source size: 22223, maxpoints_source_: 80000
[Open3D INFO] source size after voxel downsample: 16163
[Open3D INFO] after prerpocess: 16163
[Open3D INFO] 

time_diff:9.46755 s, localization right now
[Open3D INFO] 
***
****
***


last map update loc: x: 90.1919, y: -441.984, z-6.06962,
                now loc: x: 92.2171, y: -445.843, z-5.84623, 3d distance: 4.36437, now needpdate submap
[INFO] [1773653717.843989835]: submap_cost: 8.098000 ms
[Open3D INFO] before sample, target size: 0, has normal: false
[Open3D INFO] after sample, target size: 0, has normal: false
[Open3D INFO] source size: 21550, maxpoints_source_: 80000
[Open3D INFO] source size after voxel downsample: 15664
[Open3D INFO] after prerpocess: 15664
[Open3D INFO] 

time_diff:9.58039 s, localization right now
[Open3D INFO] 
***
****
***


last map update loc: x: 92.2171, y: -445.843, z-5.84623,
                now loc: x: 94.2552, y: -449.701, z-5.61508, 3d distance: 4.3692, now needpdate submap
[INFO] [1773653717.956874467]: submap_cost: 8.177000 ms
[Open3D INFO] before sample, target size: 0, has normal: false
[Open3D INFO] after sample, target size: 0, has normal: false
[Open3D INFO] source size: 20970, maxpoints_source_: 80000
[Open3D INFO] source size after voxel downsample: 15367
[Open3D INFO] after prerpocess: 15367
[Open3D INFO] 

time_diff:9.68298 s, localization right now
[Open3D INFO] 
***
****
***


last map update loc: x: 94.2552, y: -449.701, z-5.61508,
                now loc: x: 96.3349, y: -453.579, z-5.35642, 3d distance: 4.40767, now needpdate submap
[INFO] [1773653718.059516567]: submap_cost: 8.208000 ms
[Open3D INFO] before sample, target size: 0, has normal: false
[Open3D INFO] after sample, target size: 0, has normal: false
[Open3D INFO] source size: 20559, maxpoints_source_: 80000
[Open3D INFO] source size after voxel downsample: 15029
[Open3D INFO] after prerpocess: 15029
[Open3D INFO] 

time_diff:9.78341 s, localization right now
[Open3D INFO] 
***
****
***


last map update loc: x: 96.3349, y: -453.579, z-5.35642,
                now loc: x: 98.4956, y: -457.439, z-5.12152, 3d distance: 4.42971, now needpdate submap
[INFO] [1773653718.159978777]: submap_cost: 8.232000 ms
[Open3D INFO] before sample, target size: 0, has normal: false
[Open3D INFO] after sample, target size: 0, has normal: false
[Open3D INFO] source size: 20245, maxpoints_source_: 80000
[Open3D INFO] source size after voxel downsample: 14898
[Open3D INFO] after prerpocess: 14898
[WARN] [1773653718.166155107]: Localization skip: target(submap) is empty, keep last odom2map
[Open3D INFO] 

time_diff:9.86897 s, localization right now
[Open3D INFO] 
***
****
***


last map update loc: x: 98.4956, y: -457.439, z-5.12152,
                now loc: x: 100.69, y: -461.316, z-4.89689, 3d distance: 4.46073, now needpdate submap
[INFO] [1773653718.245243770]: submap_cost: 8.039000 ms
[Open3D INFO] before sample, target size: 0, has normal: false
[Open3D INFO] after sample, target size: 0, has normal: false
[Open3D INFO] source size: 20263, maxpoints_source_: 80000
[Open3D INFO] source size after voxel downsample: 15011
[Open3D INFO] after prerpocess: 15011
[Open3D INFO] 

time_diff:9.96917 s, localization right now
[Open3D INFO] 
***
****
***


last map update loc: x: 100.69, y: -461.316, z-4.89689,
                now loc: x: 102.889, y: -465.148, z-4.65060, 3d distance: 4.42555, now needpdate submap
[INFO] [1773653718.345763741]: submap_cost: 8.140000 ms
[Open3D INFO] before sample, target size: 0, has normal: false
[Open3D INFO] after sample, target size: 0, has normal: false
[Open3D INFO] source size: 20389, maxpoints_source_: 80000
[Open3D INFO] source size after voxel downsample: 15137
[Open3D INFO] after prerpocess: 15137
[Open3D INFO] 

time_diff:10.0689 s, localization right now
[Open3D INFO] 
***
****
***


last map update loc: x: 102.889, y: -465.148, z-4.65060,
                now loc: x: 105.158, y: -469.031, z-4.40835, 3d distance: 4.50363, now needpdate submap
[INFO] [1773653718.445287675]: submap_cost: 8.103000 ms
[Open3D INFO] before sample, target size: 0, has normal: false
[Open3D INFO] after sample, target size: 0, has normal: false
[Open3D INFO] source size: 20579, maxpoints_source_: 80000
[Open3D INFO] source size after voxel downsample: 15304
[Open3D INFO] after prerpocess: 15304
[Open3D INFO] 

time_diff:10.1679 s, localization right now
[Open3D INFO] 
***
****
***


last map update loc: x: 105.158, y: -469.031, z-4.40835,
                now loc: x: 107.423, y: -472.849, z-4.15893, 3d distance: 4.44662, now needpdate submap
[INFO] [1773653718.544259620]: submap_cost: 8.091000 ms
[Open3D INFO] before sample, target size: 0, has normal: false
[Open3D INFO] after sample, target size: 0, has normal: false
[Open3D INFO] source size: 20783, maxpoints_source_: 80000
[Open3D INFO] source size after voxel downsample: 15403
[Open3D INFO] after prerpocess: 15403
[Open3D INFO] 

time_diff:10.2813 s, localization right now
[Open3D INFO] 
***
****
***


last map update loc: x: 107.423, y: -472.849, z-4.15893,
                now loc: x: 109.696, y: -476.643, z-3.90273, 3d distance: 4.43, now needpdate submap
[INFO] [1773653718.657561452]: submap_cost: 8.038000 ms
[Open3D INFO] before sample, target size: 0, has normal: false
[Open3D INFO] after sample, target size: 0, has normal: false
[Open3D INFO] source size: 20962, maxpoints_source_: 80000
[Open3D INFO] source size after voxel downsample: 15604
[Open3D INFO] after prerpocess: 15604
[Open3D INFO] 

time_diff:10.3678 s, localization right now
[Open3D INFO] 
***
****
***


last map update loc: x: 109.696, y: -476.643, z-3.90273,
                now loc: x: 111.977, y: -480.457, z-3.64175, 3d distance: 4.45145, now needpdate submap
[INFO] [1773653718.744167552]: submap_cost: 8.139000 ms
[Open3D INFO] before sample, target size: 0, has normal: false
[Open3D INFO] after sample, target size: 0, has normal: false
[Open3D INFO] source size: 21002, maxpoints_source_: 80000
[Open3D INFO] source size after voxel downsample: 15624
[Open3D INFO] after prerpocess: 15624
[Open3D INFO] 

time_diff:10.4687 s, localization right now
[Open3D INFO] 
***
****
***


last map update loc: x: 111.977, y: -480.457, z-3.64175,
                now loc: x: 114.303, y: -484.243, z-3.40685, 3d distance: 4.44976, now needpdate submap
[INFO] [1773653718.845122100]: submap_cost: 8.075000 ms
[Open3D INFO] before sample, target size: 0, has normal: false
[Open3D INFO] after sample, target size: 0, has normal: false
[Open3D INFO] source size: 21037, maxpoints_source_: 80000
[Open3D INFO] source size after voxel downsample: 15745
[Open3D INFO] after prerpocess: 15745
[Open3D INFO] 

time_diff:10.577 s, localization right now
[Open3D INFO] 
***
****
***


last map update loc: x: 114.303, y: -484.243, z-3.40685,
                now loc: x: 116.64, y: -488.019, z-3.1538, 3d distance: 4.44746, now needpdate submap
[INFO] [1773653718.953330395]: submap_cost: 7.989000 ms
[Open3D INFO] before sample, target size: 0, has normal: false
[Open3D INFO] after sample, target size: 0, has normal: false
[Open3D INFO] source size: 21118, maxpoints_source_: 80000
[Open3D INFO] source size after voxel downsample: 15880
[Open3D INFO] after prerpocess: 15880
[Open3D INFO] 

time_diff:10.6928 s, localization right now
[Open3D INFO] 
***
****
***


last map update loc: x: 116.64, y: -488.019, z-3.1538,
                now loc: x: 119.056, y: -491.894, z-2.90710, 3d distance: 4.57334, now needpdate submap
[INFO] [1773653719.069133218]: submap_cost: 8.064000 ms
[Open3D INFO] before sample, target size: 0, has normal: false
[Open3D INFO] after sample, target size: 0, has normal: false
[Open3D INFO] source size: 21064, maxpoints_source_: 80000
[Open3D INFO] source size after voxel downsample: 15871
[Open3D INFO] after prerpocess: 15871
[Open3D INFO] 

time_diff:10.7869 s, localization right now
[Open3D INFO] 
***
****
***


last map update loc: x: 119.056, y: -491.894, z-2.90710,
                now loc: x: 121.453, y: -495.726, z-2.67213, 3d distance: 4.52597, now needpdate submap
[INFO] [1773653719.163157423]: submap_cost: 8.040000 ms
[Open3D INFO] before sample, target size: 0, has normal: false
[Open3D INFO] after sample, target size: 0, has normal: false
[Open3D INFO] source size: 21070, maxpoints_source_: 80000
[Open3D INFO] source size after voxel downsample: 15923
[Open3D INFO] after prerpocess: 15923
[WARN] [1773653719.169636420]: Localization skip: target(submap) is empty, keep last odom2map
[Open3D INFO] 

time_diff:10.8894 s, localization right now
[Open3D INFO] 
***
****
***


last map update loc: x: 121.453, y: -495.726, z-2.67213,
                now loc: x: 123.899, y: -499.642, z-2.41659, 3d distance: 4.62458, now needpdate submap
[INFO] [1773653719.265829156]: submap_cost: 8.170000 ms
[Open3D INFO] before sample, target size: 0, has normal: false
[Open3D INFO] after sample, target size: 0, has normal: false
[Open3D INFO] source size: 20953, maxpoints_source_: 80000
[Open3D INFO] source size after voxel downsample: 15727
[Open3D INFO] after prerpocess: 15727
[Open3D INFO] 

time_diff:10.9702 s, localization right now
[Open3D INFO] 
***
****
***


last map update loc: x: 123.899, y: -499.642, z-2.41659,
                now loc: x: 126.371, y: -503.527, z-2.17485, 3d distance: 4.61087, now needpdate submap
[INFO] [1773653719.346760641]: submap_cost: 8.176000 ms
[Open3D INFO] before sample, target size: 0, has normal: false
[Open3D INFO] after sample, target size: 0, has normal: false
[Open3D INFO] source size: 20881, maxpoints_source_: 80000
[Open3D INFO] source size after voxel downsample: 15725
[Open3D INFO] after prerpocess: 15725
[Open3D INFO] 

time_diff:11.0707 s, localization right now
[Open3D INFO] 
***
****
***


last map update loc: x: 126.371, y: -503.527, z-2.17485,
                now loc: x: 128.865, y: -507.386, z-1.91955, 3d distance: 4.60213, now needpdate submap
[INFO] [1773653719.447198817]: submap_cost: 8.165000 ms
[Open3D INFO] before sample, target size: 0, has normal: false
[Open3D INFO] after sample, target size: 0, has normal: false
[Open3D INFO] source size: 20942, maxpoints_source_: 80000
[Open3D INFO] source size after voxel downsample: 15773
[Open3D INFO] after prerpocess: 15773
[Open3D INFO] 

time_diff:11.1908 s, localization right now
[Open3D INFO] 
***
****
***


last map update loc: x: 128.865, y: -507.386, z-1.91955,
                now loc: x: 131.317, y: -511.243, z-1.67219, 3d distance: 4.57701, now needpdate submap
[INFO] [1773653719.567229000]: submap_cost: 8.068000 ms
[Open3D INFO] before sample, target size: 0, has normal: false
[Open3D INFO] after sample, target size: 0, has normal: false
[Open3D INFO] source size: 21179, maxpoints_source_: 80000
[Open3D INFO] source size after voxel downsample: 15948
[Open3D INFO] after prerpocess: 15948
[Open3D INFO] 

time_diff:11.28 s, localization right now
[Open3D INFO] 
***
****
***


last map update loc: x: 131.317, y: -511.243, z-1.67219,
                now loc: x: 133.868, y: -515.136, z-1.40472, 3d distance: 4.66165, now needpdate submap
[INFO] [1773653719.656267480]: submap_cost: 8.042000 ms
[Open3D INFO] before sample, target size: 0, has normal: false
[Open3D INFO] after sample, target size: 0, has normal: false
[Open3D INFO] source size: 26064, maxpoints_source_: 80000
[Open3D INFO] source size after voxel downsample: 19674
[Open3D INFO] after prerpocess: 19674
[Open3D INFO] 

time_diff:11.3738 s, localization right now
[Open3D INFO] 
***
****
***


last map update loc: x: 133.868, y: -515.136, z-1.40472,
                now loc: x: 136.441, y: -519.015, z-1.12841, 3d distance: 4.66343, now needpdate submap
[INFO] [1773653719.750385225]: submap_cost: 8.229000 ms
[Open3D INFO] before sample, target size: 0, has normal: false
[Open3D INFO] after sample, target size: 0, has normal: false
[Open3D INFO] source size: 21682, maxpoints_source_: 80000
[Open3D INFO] source size after voxel downsample: 16356
[Open3D INFO] after prerpocess: 16356
[Open3D INFO] 

time_diff:11.4836 s, localization right now
[Open3D INFO] 
***
****
***


last map update loc: x: 136.441, y: -519.015, z-1.12841,
                now loc: x: 139.031, y: -522.89, z-0.83225, 3d distance: 4.67029, now needpdate submap
[INFO] [1773653719.859875329]: submap_cost: 7.982000 ms
[Open3D INFO] before sample, target size: 0, has normal: false
[Open3D INFO] after sample, target size: 0, has normal: false
[Open3D INFO] source size: 21951, maxpoints_source_: 80000
[Open3D INFO] source size after voxel downsample: 16504
[Open3D INFO] after prerpocess: 16504
[Open3D INFO] 

time_diff:11.5734 s, localization right now
[Open3D INFO] 
***
****
***


last map update loc: x: 139.031, y: -522.89, z-0.83225,
                now loc: x: 141.683, y: -526.762, z-0.555304, 3d distance: 4.70047, now needpdate submap
[INFO] [1773653719.949902134]: submap_cost: 8.183000 ms
[Open3D INFO] before sample, target size: 0, has normal: false
[Open3D INFO] after sample, target size: 0, has normal: false
[Open3D INFO] source size: 22142, maxpoints_source_: 80000
[Open3D INFO] source size after voxel downsample: 16688
[Open3D INFO] after prerpocess: 16688
[Open3D INFO] 

time_diff:11.6759 s, localization right now
[Open3D INFO] 
***
****
***


last map update loc: x: 141.683, y: -526.762, z-0.555304,
                now loc: x: 144.342, y: -530.619, z-0.261958, 3d distance: 4.69459, now needpdate submap
[INFO] [1773653720.052406853]: submap_cost: 8.153000 ms
[Open3D INFO] before sample, target size: 0, has normal: false
[Open3D INFO] after sample, target size: 0, has normal: false
[Open3D INFO] source size: 22461, maxpoints_source_: 80000
[Open3D INFO] source size after voxel downsample: 16864
[Open3D INFO] after prerpocess: 16864
[Open3D INFO] 

time_diff:11.7803 s, localization right now
[Open3D INFO] 
***
****
***


last map update loc: x: 144.342, y: -530.619, z-0.261958,
                now loc: x: 146.979, y: -534.403, z0.00744678, 3d distance: 4.62025, now needpdate submap
[INFO] [1773653720.156979874]: submap_cost: 8.204000 ms
[Open3D INFO] before sample, target size: 0, has normal: false
[Open3D INFO] after sample, target size: 0, has normal: false
[Open3D INFO] source size: 22851, maxpoints_source_: 80000
[Open3D INFO] source size after voxel downsample: 17128
[Open3D INFO] after prerpocess: 17128
[Open3D INFO] 

time_diff:11.8861 s, localization right now
[Open3D INFO] 
***
****
***


last map update loc: x: 146.979, y: -534.403, z0.00744678,
                now loc: x: 149.719, y: -538.285, z0.311145, 3d distance: 4.76071, now needpdate submap
[INFO] [1773653720.262406304]: submap_cost: 8.089000 ms
[Open3D INFO] before sample, target size: 0, has normal: false
[Open3D INFO] after sample, target size: 0, has normal: false
[Open3D INFO] source size: 23239, maxpoints_source_: 80000
[Open3D INFO] source size after voxel downsample: 17408
[Open3D INFO] after prerpocess: 17408
[WARN] [1773653720.271217486]: Localization skip: target(submap) is empty, keep last odom2map
[Open3D INFO] 

time_diff:11.9706 s, localization right now
[Open3D INFO] 
***
****
***


last map update loc: x: 149.719, y: -538.285, z0.311145,
                now loc: x: 152.462, y: -542.11, z0.594333, 3d distance: 4.7162, now needpdate submap
[INFO] [1773653720.347215503]: submap_cost: 8.222000 ms
[Open3D INFO] before sample, target size: 0, has normal: false
[Open3D INFO] after sample, target size: 0, has normal: false
[Open3D INFO] source size: 23555, maxpoints_source_: 80000
[Open3D INFO] source size after voxel downsample: 17582
[Open3D INFO] after prerpocess: 17582
[Open3D INFO] 

time_diff:12.0738 s, localization right now
[Open3D INFO] 
***
****
***


last map update loc: x: 152.462, y: -542.11, z0.594333,
                now loc: x: 155.183, y: -545.872, z0.884242, 3d distance: 4.65125, now needpdate submap
[INFO] [1773653720.450307604]: submap_cost: 8.171000 ms
[Open3D INFO] before sample, target size: 0, has normal: false
[Open3D INFO] after sample, target size: 0, has normal: false
[Open3D INFO] source size: 23942, maxpoints_source_: 80000
[Open3D INFO] source size after voxel downsample: 17761
[Open3D INFO] after prerpocess: 17761
[Open3D INFO] 

time_diff:12.1812 s, localization right now
[Open3D INFO] 
***
****
***


last map update loc: x: 155.183, y: -545.872, z0.884242,
                now loc: x: 158.026, y: -549.7, z1.17027, 3d distance: 4.77663, now needpdate submap
[INFO] [1773653720.557551127]: submap_cost: 8.086000 ms
[Open3D INFO] before sample, target size: 0, has normal: false
[Open3D INFO] after sample, target size: 0, has normal: false
[Open3D INFO] source size: 23913, maxpoints_source_: 80000
[Open3D INFO] source size after voxel downsample: 17705
[Open3D INFO] after prerpocess: 17705
[Open3D INFO] 

time_diff:12.3106 s, localization right now
[Open3D INFO] 
***
****
***


last map update loc: x: 158.026, y: -549.7, z1.17027,
                now loc: x: 160.902, y: -553.581, z1.4614, 3d distance: 4.84005, now needpdate submap
[INFO] [1773653720.686974786]: submap_cost: 8.180000 ms
[Open3D INFO] before sample, target size: 0, has normal: false
[Open3D INFO] after sample, target size: 0, has normal: false
[Open3D INFO] source size: 24168, maxpoints_source_: 80000
[Open3D INFO] source size after voxel downsample: 17886
[Open3D INFO] after prerpocess: 17886
[Open3D INFO] 

time_diff:12.3922 s, localization right now
[Open3D INFO] 
***
****
***


last map update loc: x: 160.902, y: -553.581, z1.4614,
                now loc: x: 163.656, y: -557.162, z1.70623, 3d distance: 4.52371, now needpdate submap
[INFO] [1773653720.768747199]: submap_cost: 8.168000 ms
[Open3D INFO] before sample, target size: 0, has normal: false
[Open3D INFO] after sample, target size: 0, has normal: false
[Open3D INFO] source size: 24813, maxpoints_source_: 80000
[Open3D INFO] source size after voxel downsample: 18415
[Open3D INFO] after prerpocess: 18415
[Open3D INFO] 

time_diff:12.4795 s, localization right now
[Open3D INFO] 
***
****
***


last map update loc: x: 163.656, y: -557.162, z1.70623,
                now loc: x: 166.462, y: -560.871, z1.98721, 3d distance: 4.65889, now needpdate submap
[INFO] [1773653720.856095855]: submap_cost: 8.225000 ms
[Open3D INFO] before sample, target size: 0, has normal: false
[Open3D INFO] after sample, target size: 0, has normal: false
[Open3D INFO] source size: 25391, maxpoints_source_: 80000
[Open3D INFO] source size after voxel downsample: 18836
[Open3D INFO] after prerpocess: 18836
[Open3D INFO] 

time_diff:12.5709 s, localization right now
[Open3D INFO] 
***
****
***


last map update loc: x: 166.462, y: -560.871, z1.98721,
                now loc: x: 169.371, y: -564.632, z2.26972, 3d distance: 4.76367, now needpdate submap
[INFO] [1773653720.947389333]: submap_cost: 8.180000 ms
[Open3D INFO] before sample, target size: 0, has normal: false
[Open3D INFO] after sample, target size: 0, has normal: false
[Open3D INFO] source size: 25825, maxpoints_source_: 80000
[Open3D INFO] source size after voxel downsample: 19232
[Open3D INFO] after prerpocess: 19232
[Open3D INFO] 

time_diff:12.6762 s, localization right now
[Open3D INFO] 
***
****
***


last map update loc: x: 169.371, y: -564.632, z2.26972,
                now loc: x: 172.28, y: -568.287, z2.53092, 3d distance: 4.67839, now needpdate submap
[INFO] [1773653721.052735407]: submap_cost: 8.242000 ms
[Open3D INFO] before sample, target size: 0, has normal: false
[Open3D INFO] after sample, target size: 0, has normal: false
[Open3D INFO] source size: 26687, maxpoints_source_: 80000
[Open3D INFO] source size after voxel downsample: 19931
[Open3D INFO] after prerpocess: 19931
[Open3D INFO] 

time_diff:12.7744 s, localization right now
[Open3D INFO] 
***
****
***


last map update loc: x: 172.28, y: -568.287, z2.53092,
                now loc: x: 175.259, y: -571.96, z2.78919, 3d distance: 4.73618, now needpdate submap
[INFO] [1773653721.150878712]: submap_cost: 8.177000 ms
[Open3D INFO] before sample, target size: 0, has normal: false
[Open3D INFO] after sample, target size: 0, has normal: false
[Open3D INFO] source size: 27314, maxpoints_source_: 80000
[Open3D INFO] source size after voxel downsample: 20405
[Open3D INFO] after prerpocess: 20405
[Open3D INFO] 

time_diff:12.8778 s, localization right now
[Open3D INFO] 
***
****
***


last map update loc: x: 175.259, y: -571.96, z2.78919,
                now loc: x: 178.255, y: -575.642, z3.02193, 3d distance: 4.75273, now needpdate submap
[INFO] [1773653721.254178213]: submap_cost: 8.106000 ms
[Open3D INFO] before sample, target size: 0, has normal: false
[Open3D INFO] after sample, target size: 0, has normal: false
[Open3D INFO] source size: 27767, maxpoints_source_: 80000
[Open3D INFO] source size after voxel downsample: 20836
[Open3D INFO] after prerpocess: 20836
[Open3D INFO] 

time_diff:12.9712 s, localization right now
[Open3D INFO] 
***
****
***


last map update loc: x: 178.255, y: -575.642, z3.02193,
                now loc: x: 181.292, y: -579.334, z3.23687, 3d distance: 4.78534, now needpdate submap
[INFO] [1773653721.347784835]: submap_cost: 8.244000 ms
[Open3D INFO] before sample, target size: 0, has normal: false
[Open3D INFO] after sample, target size: 0, has normal: false
[Open3D INFO] source size: 27978, maxpoints_source_: 80000
[Open3D INFO] source size after voxel downsample: 21119
[Open3D INFO] after prerpocess: 21119
[WARN] [1773653721.361280706]: Localization skip: target(submap) is empty, keep last odom2map
[Open3D INFO] 

time_diff:13.071 s, localization right now
[Open3D INFO] 
***
****
***


last map update loc: x: 181.292, y: -579.334, z3.23687,
                now loc: x: 184.465, y: -583.123, z3.4698, 3d distance: 4.94763, now needpdate submap
[INFO] [1773653721.447571882]: submap_cost: 8.205000 ms
[Open3D INFO] before sample, target size: 0, has normal: false
[Open3D INFO] after sample, target size: 0, has normal: false
[Open3D INFO] source size: 27265, maxpoints_source_: 80000
[Open3D INFO] source size after voxel downsample: 20664
[Open3D INFO] after prerpocess: 20664
[Open3D INFO] 

time_diff:13.1725 s, localization right now
[Open3D INFO] 
***
****
***


last map update loc: x: 184.465, y: -583.123, z3.4698,
                now loc: x: 187.458, y: -586.726, z3.67449, 3d distance: 4.68853, now needpdate submap
[INFO] [1773653721.548948718]: submap_cost: 8.134000 ms
[Open3D INFO] before sample, target size: 0, has normal: false
[Open3D INFO] after sample, target size: 0, has normal: false
[Open3D INFO] source size: 26283, maxpoints_source_: 80000
[Open3D INFO] source size after voxel downsample: 20030
[Open3D INFO] after prerpocess: 20030
[Open3D INFO] 

time_diff:13.2707 s, localization right now
[Open3D INFO] 
***
****
***


last map update loc: x: 187.458, y: -586.726, z3.67449,
                now loc: x: 190.61, y: -590.401, z3.86025, 3d distance: 4.84473, now needpdate submap
[INFO] [1773653721.647168475]: submap_cost: 8.143000 ms
[Open3D INFO] before sample, target size: 0, has normal: false
[Open3D INFO] after sample, target size: 0, has normal: false
[Open3D INFO] source size: 25203, maxpoints_source_: 80000
[Open3D INFO] source size after voxel downsample: 19364
[Open3D INFO] after prerpocess: 19364
[Open3D INFO] 

time_diff:13.3804 s, localization right now
[Open3D INFO] 
***
****
***


last map update loc: x: 190.61, y: -590.401, z3.86025,
                now loc: x: 193.757, y: -594.01, z4.02576, 3d distance: 4.7917, now needpdate submap
[INFO] [1773653721.756801880]: submap_cost: 8.160000 ms
[Open3D INFO] before sample, target size: 0, has normal: false
[Open3D INFO] after sample, target size: 0, has normal: false
[Open3D INFO] source size: 24381, maxpoints_source_: 80000
[Open3D INFO] source size after voxel downsample: 19000
[Open3D INFO] after prerpocess: 19000
[Open3D INFO] 

time_diff:13.4812 s, localization right now
[Open3D INFO] 
***
****
***


last map update loc: x: 193.757, y: -594.01, z4.02576,
                now loc: x: 196.993, y: -597.698, z4.2216, 3d distance: 4.91026, now needpdate submap
[INFO] [1773653721.857703274]: submap_cost: 8.199000 ms
[Open3D INFO] before sample, target size: 0, has normal: false
[Open3D INFO] after sample, target size: 0, has normal: false
[Open3D INFO] source size: 23625, maxpoints_source_: 80000
[Open3D INFO] source size after voxel downsample: 18536
[Open3D INFO] after prerpocess: 18536
[Open3D INFO] 

time_diff:13.5803 s, localization right now
[Open3D INFO] 
***
****
***


last map update loc: x: 196.993, y: -597.698, z4.2216,
                now loc: x: 200.263, y: -601.377, z4.36568, 3d distance: 4.92438, now needpdate submap
[INFO] [1773653721.956464586]: submap_cost: 7.976000 ms
[Open3D INFO] before sample, target size: 0, has normal: false
[Open3D INFO] after sample, target size: 0, has normal: false
[Open3D INFO] source size: 23235, maxpoints_source_: 80000
[Open3D INFO] source size after voxel downsample: 18340
[Open3D INFO] after prerpocess: 18340
[Open3D INFO] 

time_diff:13.6884 s, localization right now
[Open3D INFO] 
***
****
***


last map update loc: x: 200.263, y: -601.377, z4.36568,
                now loc: x: 203.532, y: -605.031, z4.48662, 3d distance: 4.90446, now needpdate submap
[INFO] [1773653722.064837720]: submap_cost: 8.134000 ms
[Open3D INFO] before sample, target size: 0, has normal: false
[Open3D INFO] after sample, target size: 0, has normal: false
[Open3D INFO] source size: 22778, maxpoints_source_: 80000
[Open3D INFO] source size after voxel downsample: 18080
[Open3D INFO] after prerpocess: 18080
[Open3D INFO] 

time_diff:13.7851 s, localization right now
[Open3D INFO] 
***
****
***


last map update loc: x: 203.532, y: -605.031, z4.48662,
                now loc: x: 206.88, y: -608.669, z4.58537, 3d distance: 4.94484, now needpdate submap
[INFO] [1773653722.161620109]: submap_cost: 8.235000 ms
[Open3D INFO] before sample, target size: 0, has normal: false
[Open3D INFO] after sample, target size: 0, has normal: false
[Open3D INFO] source size: 22166, maxpoints_source_: 80000
[Open3D INFO] source size after voxel downsample: 17669
[Open3D INFO] after prerpocess: 17669
[Open3D INFO] 

time_diff:13.8845 s, localization right now
[Open3D INFO] 
***
****
***


last map update loc: x: 206.88, y: -608.669, z4.58537,
                now loc: x: 210.252, y: -612.296, z4.69307, 3d distance: 4.9533, now needpdate submap
[INFO] [1773653722.262118640]: submap_cost: 8.834000 ms
[Open3D INFO] before sample, target size: 0, has normal: false
[Open3D INFO] after sample, target size: 0, has normal: false
[Open3D INFO] source size: 21617, maxpoints_source_: 80000
[Open3D INFO] source size after voxel downsample: 17286
[Open3D INFO] after prerpocess: 17286
[Open3D INFO] 

time_diff:13.9798 s, localization right now
[Open3D INFO] 
***
****
***


last map update loc: x: 210.252, y: -612.296, z4.69307,
                now loc: x: 213.703, y: -615.957, z4.81191, 3d distance: 5.03248, now needpdate submap
[INFO] [1773653722.357480144]: submap_cost: 8.920000 ms
[Open3D INFO] before sample, target size: 0, has normal: false
[Open3D INFO] after sample, target size: 0, has normal: false
[Open3D INFO] source size: 21180, maxpoints_source_: 80000
[Open3D INFO] source size after voxel downsample: 16874
[Open3D INFO] after prerpocess: 16874
[WARN] [1773653722.364328660]: Localization skip: target(submap) is empty, keep last odom2map
[Open3D INFO] 

time_diff:14.0851 s, localization right now
[Open3D INFO] 
***
****
***


last map update loc: x: 213.703, y: -615.957, z4.81191,
                now loc: x: 217.183, y: -619.556, z4.87028, 3d distance: 5.00686, now needpdate submap
[INFO] [1773653722.461571195]: submap_cost: 8.242000 ms
[Open3D INFO] before sample, target size: 0, has normal: false
[Open3D INFO] after sample, target size: 0, has normal: false
[Open3D INFO] source size: 20718, maxpoints_source_: 80000
[Open3D INFO] source size after voxel downsample: 16451
[Open3D INFO] after prerpocess: 16451
[Open3D INFO] 

time_diff:14.1755 s, localization right now
[Open3D INFO] 
***
****
***


last map update loc: x: 217.183, y: -619.556, z4.87028,
                now loc: x: 220.695, y: -623.18, z4.94653, 3d distance: 5.04729, now needpdate submap
[INFO] [1773653722.552000576]: submap_cost: 8.221000 ms
[Open3D INFO] before sample, target size: 0, has normal: false
[Open3D INFO] after sample, target size: 0, has normal: false
[Open3D INFO] source size: 20596, maxpoints_source_: 80000
[Open3D INFO] source size after voxel downsample: 16175
[Open3D INFO] after prerpocess: 16175
[Open3D INFO] 

time_diff:14.2781 s, localization right now
[Open3D INFO] 
***
****
***


last map update loc: x: 220.695, y: -623.18, z4.94653,
                now loc: x: 224.255, y: -626.799, z4.99623, 3d distance: 5.07704, now needpdate submap
[INFO] [1773653722.654698518]: submap_cost: 8.240000 ms
[Open3D INFO] before sample, target size: 0, has normal: false
[Open3D INFO] after sample, target size: 0, has normal: false
[Open3D INFO] source size: 20460, maxpoints_source_: 80000
[Open3D INFO] source size after voxel downsample: 15876
[Open3D INFO] after prerpocess: 15876
[Open3D INFO] 

time_diff:14.3738 s, localization right now
[Open3D INFO] 
***
****
***


last map update loc: x: 224.255, y: -626.799, z4.99623,
                now loc: x: 227.833, y: -630.412, z5.04322, 3d distance: 5.08431, now needpdate submap
[INFO] [1773653722.750226140]: submap_cost: 8.147000 ms
[Open3D INFO] before sample, target size: 0, has normal: false
[Open3D INFO] after sample, target size: 0, has normal: false
[Open3D INFO] source size: 20334, maxpoints_source_: 80000
[Open3D INFO] source size after voxel downsample: 15558
[Open3D INFO] after prerpocess: 15558
[Open3D INFO] 

time_diff:14.4743 s, localization right now
[Open3D INFO] 
***
****
***


last map update loc: x: 227.833, y: -630.412, z5.04322,
                now loc: x: 231.458, y: -634.036, z5.08031, 3d distance: 5.1269, now needpdate submap
[INFO] [1773653722.850783809]: submap_cost: 8.179000 ms
[Open3D INFO] before sample, target size: 0, has normal: false
[Open3D INFO] after sample, target size: 0, has normal: false
[Open3D INFO] source size: 20305, maxpoints_source_: 80000
[Open3D INFO] source size after voxel downsample: 15371
[Open3D INFO] after prerpocess: 15371
[Open3D INFO] 

time_diff:14.5731 s, localization right now
[Open3D INFO] 
***
****
***


last map update loc: x: 231.458, y: -634.036, z5.08031,
                now loc: x: 235.085, y: -637.622, z5.10083, 3d distance: 5.09994, now needpdate submap
[INFO] [1773653722.949585795]: submap_cost: 8.152000 ms
[Open3D INFO] before sample, target size: 0, has normal: false
[Open3D INFO] after sample, target size: 0, has normal: false
[Open3D INFO] source size: 20157, maxpoints_source_: 80000
[Open3D INFO] source size after voxel downsample: 15012
[Open3D INFO] after prerpocess: 15012
[Open3D INFO] 

time_diff:14.6712 s, localization right now
[Open3D INFO] 
***
****
***


last map update loc: x: 235.085, y: -637.622, z5.10083,
                now loc: x: 238.771, y: -641.233, z5.10901, 3d distance: 5.16006, now needpdate submap
[INFO] [1773653723.047708844]: submap_cost: 8.166000 ms
[Open3D INFO] before sample, target size: 0, has normal: false
[Open3D INFO] after sample, target size: 0, has normal: false
[Open3D INFO] source size: 19608, maxpoints_source_: 80000
[Open3D INFO] source size after voxel downsample: 14552
[Open3D INFO] after prerpocess: 14552
[Open3D INFO] 

time_diff:14.7834 s, localization right now
[Open3D INFO] 
***
****
***


last map update loc: x: 238.771, y: -641.233, z5.10901,
                now loc: x: 242.492, y: -644.843, z5.13048, 3d distance: 5.1843, now needpdate submap
[INFO] [1773653723.159865641]: submap_cost: 8.115000 ms
[Open3D INFO] before sample, target size: 0, has normal: false
[Open3D INFO] after sample, target size: 0, has normal: false
[Open3D INFO] source size: 19410, maxpoints_source_: 80000
[Open3D INFO] source size after voxel downsample: 14307
[Open3D INFO] after prerpocess: 14307
[Open3D INFO] 

time_diff:14.8952 s, localization right now
[Open3D INFO] 
***
****
***


last map update loc: x: 242.492, y: -644.843, z5.13048,
                now loc: x: 246.228, y: -648.41, z5.12616, 3d distance: 5.16598, now needpdate submap
[INFO] [1773653723.271487377]: submap_cost: 8.090000 ms
[Open3D INFO] before sample, target size: 0, has normal: false
[Open3D INFO] after sample, target size: 0, has normal: false
[Open3D INFO] source size: 23845, maxpoints_source_: 80000
[Open3D INFO] source size after voxel downsample: 17400
[Open3D INFO] after prerpocess: 17400
[Open3D INFO] 

time_diff:14.9719 s, localization right now
[Open3D INFO] 
***
****
***


last map update loc: x: 246.228, y: -648.41, z5.12616,
                now loc: x: 250.03, y: -652.045, z5.14464, 3d distance: 5.25925, now needpdate submap
[INFO] [1773653723.348386229]: submap_cost: 8.204000 ms
[Open3D INFO] before sample, target size: 0, has normal: false
[Open3D INFO] after sample, target size: 0, has normal: false
[Open3D INFO] source size: 19123, maxpoints_source_: 80000
[Open3D INFO] source size after voxel downsample: 13876
[Open3D INFO] after prerpocess: 13876
[Open3D INFO] 

time_diff:15.0765 s, localization right now
[Open3D INFO] 
***
****
***


last map update loc: x: 250.03, y: -652.045, z5.14464,
                now loc: x: 253.923, y: -655.724, z5.1195, 3d distance: 5.35661, now needpdate submap
[INFO] [1773653723.453061398]: submap_cost: 8.219000 ms
[Open3D INFO] before sample, target size: 0, has normal: false
[Open3D INFO] after sample, target size: 0, has normal: false
[Open3D INFO] source size: 18783, maxpoints_source_: 80000
[Open3D INFO] source size after voxel downsample: 13449
[Open3D INFO] after prerpocess: 13449
[WARN] [1773653723.458785423]: Localization skip: target(submap) is empty, keep last odom2map
[Open3D INFO] 

time_diff:15.1715 s, localization right now
[Open3D INFO] 
***
****
***


last map update loc: x: 253.923, y: -655.724, z5.1195,
                now loc: x: 257.676, y: -659.242, z5.09417, 3d distance: 5.14412, now needpdate submap
[INFO] [1773653723.548021351]: submap_cost: 8.205000 ms
[Open3D INFO] before sample, target size: 0, has normal: false
[Open3D INFO] after sample, target size: 0, has normal: false
[Open3D INFO] source size: 18561, maxpoints_source_: 80000
[Open3D INFO] source size after voxel downsample: 13374
[Open3D INFO] after prerpocess: 13374
[Open3D INFO] 

time_diff:15.271 s, localization right now
[Open3D INFO] 
***
****
***


last map update loc: x: 257.676, y: -659.242, z5.09417,
                now loc: x: 261.521, y: -662.841, z5.09022, 3d distance: 5.2664, now needpdate submap
[INFO] [1773653723.647530340]: submap_cost: 8.206000 ms
[Open3D INFO] before sample, target size: 0, has normal: false
[Open3D INFO] after sample, target size: 0, has normal: false
[Open3D INFO] source size: 17992, maxpoints_source_: 80000
[Open3D INFO] source size after voxel downsample: 13105
[Open3D INFO] after prerpocess: 13105
[Open3D INFO] 

time_diff:15.3709 s, localization right now
[Open3D INFO] 
***
****
***


last map update loc: x: 261.521, y: -662.841, z5.09022,
                now loc: x: 265.335, y: -666.418, z5.06539, 3d distance: 5.22956, now needpdate submap
[INFO] [1773653723.747335980]: submap_cost: 8.108000 ms
[Open3D INFO] before sample, target size: 0, has normal: false
[Open3D INFO] after sample, target size: 0, has normal: false
[Open3D INFO] source size: 17798, maxpoints_source_: 80000
[Open3D INFO] source size after voxel downsample: 12882
[Open3D INFO] after prerpocess: 12882
[Open3D INFO] 

time_diff:15.4682 s, localization right now
[Open3D INFO] 
***
****
***


last map update loc: x: 265.335, y: -666.418, z5.06539,
                now loc: x: 269.239, y: -670.11, z5.06255, 3d distance: 5.3734, now needpdate submap
[INFO] [1773653723.844677623]: submap_cost: 8.113000 ms
[Open3D INFO] before sample, target size: 0, has normal: false
[Open3D INFO] after sample, target size: 0, has normal: false
[Open3D INFO] source size: 17631, maxpoints_source_: 80000
[Open3D INFO] source size after voxel downsample: 12775
[Open3D INFO] after prerpocess: 12775
[Open3D INFO] 

time_diff:15.568 s, localization right now
[Open3D INFO] 
***
****
***


last map update loc: x: 269.239, y: -670.11, z5.06255,
                now loc: x: 273.153, y: -673.768, z5.02907, 3d distance: 5.35721, now needpdate submap
[INFO] [1773653723.944278264]: submap_cost: 8.053000 ms
[Open3D INFO] before sample, target size: 0, has normal: false
[Open3D INFO] after sample, target size: 0, has normal: false
[Open3D INFO] source size: 17261, maxpoints_source_: 80000
[Open3D INFO] source size after voxel downsample: 12466
[Open3D INFO] after prerpocess: 12466
[Open3D INFO] 

time_diff:15.6727 s, localization right now
[Open3D INFO] 
***
****
***


last map update loc: x: 273.153, y: -673.768, z5.02907,
                now loc: x: 277.045, y: -677.436, z5.02687, 3d distance: 5.34785, now needpdate submap
[INFO] [1773653724.049063517]: submap_cost: 8.105000 ms
[Open3D INFO] before sample, target size: 0, has normal: false
[Open3D INFO] after sample, target size: 0, has normal: false
[Open3D INFO] source size: 17186, maxpoints_source_: 80000
[Open3D INFO] source size after voxel downsample: 12288
[Open3D INFO] after prerpocess: 12288
[Open3D INFO] 

time_diff:15.7718 s, localization right now
[Open3D INFO] 
***
****
***


last map update loc: x: 277.045, y: -677.436, z5.02687,
                now loc: x: 281.05, y: -681.122, z4.99786, 3d distance: 5.44291, now needpdate submap
[INFO] [1773653724.148135529]: submap_cost: 8.064000 ms
[Open3D INFO] before sample, target size: 0, has normal: false
[Open3D INFO] after sample, target size: 0, has normal: false
[Open3D INFO] source size: 16869, maxpoints_source_: 80000
[Open3D INFO] source size after voxel downsample: 11931
[Open3D INFO] after prerpocess: 11931
[Open3D INFO] 

time_diff:15.8712 s, localization right now
[Open3D INFO] 
***
****
***


last map update loc: x: 281.05, y: -681.122, z4.99786,
                now loc: x: 285.088, y: -684.836, z4.96715, 3d distance: 5.48628, now needpdate submap
[INFO] [1773653724.247469344]: submap_cost: 8.025000 ms
[Open3D INFO] before sample, target size: 0, has normal: false
[Open3D INFO] after sample, target size: 0, has normal: false
[Open3D INFO] source size: 16597, maxpoints_source_: 80000
[Open3D INFO] source size after voxel downsample: 11550
[Open3D INFO] after prerpocess: 11550
[Open3D INFO] 

time_diff:15.9717 s, localization right now
[Open3D INFO] 
***
****
***


last map update loc: x: 285.088, y: -684.836, z4.96715,
                now loc: x: 289.119, y: -688.487, z4.90904, 3d distance: 5.43887, now needpdate submap
[INFO] [1773653724.348059622]: submap_cost: 8.071000 ms
[Open3D INFO] before sample, target size: 0, has normal: false
[Open3D INFO] after sample, target size: 0, has normal: false
[Open3D INFO] source size: 16461, maxpoints_source_: 80000
[Open3D INFO] source size after voxel downsample: 11367
[Open3D INFO] after prerpocess: 11367
[Open3D INFO] 

time_diff:16.0714 s, localization right now
[Open3D INFO] 
***
****
***


last map update loc: x: 289.119, y: -688.487, z4.90904,
                now loc: x: 293.195, y: -692.123, z4.86588, 3d distance: 5.46242, now needpdate submap
[INFO] [1773653724.447664167]: submap_cost: 8.012000 ms
[Open3D INFO] before sample, target size: 0, has normal: false
[Open3D INFO] after sample, target size: 0, has normal: false
[Open3D INFO] source size: 16352, maxpoints_source_: 80000
[Open3D INFO] source size after voxel downsample: 10976
[Open3D INFO] after prerpocess: 10976
[Open3D INFO] 

time_diff:16.1718 s, localization right now
[Open3D INFO] 
***
****
***


last map update loc: x: 293.195, y: -692.123, z4.86588,
                now loc: x: 297.351, y: -695.74, z4.78708, 3d distance: 5.5111, now needpdate submap
[INFO] [1773653724.548236972]: submap_cost: 8.065000 ms
[Open3D INFO] before sample, target size: 0, has normal: false
[Open3D INFO] after sample, target size: 0, has normal: false
[Open3D INFO] source size: 16031, maxpoints_source_: 80000
[Open3D INFO] source size after voxel downsample: 10771
[Open3D INFO] after prerpocess: 10771
[WARN] [1773653724.553010113]: Localization skip: target(submap) is empty, keep last odom2map
[Open3D INFO] 

time_diff:16.276 s, localization right now
[Open3D INFO] 
***
****
***


last map update loc: x: 297.351, y: -695.74, z4.78708,
                now loc: x: 301.517, y: -699.316, z4.71297, 3d distance: 5.49028, now needpdate submap
[INFO] [1773653724.652191410]: submap_cost: 7.947000 ms
[Open3D INFO] before sample, target size: 0, has normal: false
[Open3D INFO] after sample, target size: 0, has normal: false
[Open3D INFO] source size: 15877, maxpoints_source_: 80000
[Open3D INFO] source size after voxel downsample: 10697
[Open3D INFO] after prerpocess: 10697
[Open3D INFO] 

time_diff:16.3724 s, localization right now
[Open3D INFO] 
***
****
***


last map update loc: x: 301.517, y: -699.316, z4.71297,
                now loc: x: 305.736, y: -702.926, z4.60729, 3d distance: 5.55359, now needpdate submap
[INFO] [1773653724.748727935]: submap_cost: 8.012000 ms
[Open3D INFO] before sample, target size: 0, has normal: false
[Open3D INFO] after sample, target size: 0, has normal: false
[Open3D INFO] source size: 15643, maxpoints_source_: 80000
[Open3D INFO] source size after voxel downsample: 10615
[Open3D INFO] after prerpocess: 10615
[Open3D INFO] 

time_diff:16.4737 s, localization right now
[Open3D INFO] 
***
****
***


last map update loc: x: 305.736, y: -702.926, z4.60729,
                now loc: x: 310.012, y: -706.524, z4.50245, 3d distance: 5.58924, now needpdate submap
[INFO] [1773653724.850289546]: submap_cost: 8.318000 ms
[Open3D INFO] before sample, target size: 0, has normal: false
[Open3D INFO] after sample, target size: 0, has normal: false
[Open3D INFO] source size: 15418, maxpoints_source_: 80000
[Open3D INFO] source size after voxel downsample: 10610
[Open3D INFO] after prerpocess: 10610
[Open3D INFO] 

time_diff:16.569 s, localization right now
[Open3D INFO] 
***
****
***


last map update loc: x: 310.012, y: -706.524, z4.50245,
                now loc: x: 314.278, y: -710.08, z4.39744, 3d distance: 5.5548, now needpdate submap
[INFO] [1773653724.945346398]: submap_cost: 8.029000 ms
[Open3D INFO] before sample, target size: 0, has normal: false
[Open3D INFO] after sample, target size: 0, has normal: false
[Open3D INFO] source size: 15314, maxpoints_source_: 80000
[Open3D INFO] source size after voxel downsample: 10650
[Open3D INFO] after prerpocess: 10650
[Open3D INFO] 

time_diff:16.6691 s, localization right now
[Open3D INFO] 
***
****
***


last map update loc: x: 314.278, y: -710.08, z4.39744,
                now loc: x: 318.677, y: -713.669, z4.26264, 3d distance: 5.679, now needpdate submap
[INFO] [1773653725.045602135]: submap_cost: 8.077000 ms
[Open3D INFO] before sample, target size: 0, has normal: false
[Open3D INFO] after sample, target size: 0, has normal: false
[Open3D INFO] source size: 15117, maxpoints_source_: 80000
[Open3D INFO] source size after voxel downsample: 10658
[Open3D INFO] after prerpocess: 10658
[Open3D INFO] 

time_diff:16.7728 s, localization right now
[Open3D INFO] 
***
****
***


last map update loc: x: 318.677, y: -713.669, z4.26264,
                now loc: x: 323.044, y: -717.169, z4.13436, 3d distance: 5.59796, now needpdate submap
[INFO] [1773653725.149270610]: submap_cost: 8.197000 ms
[Open3D INFO] before sample, target size: 0, has normal: false
[Open3D INFO] after sample, target size: 0, has normal: false
[Open3D INFO] source size: 15055, maxpoints_source_: 80000
[Open3D INFO] source size after voxel downsample: 10797
[Open3D INFO] after prerpocess: 10797
[Open3D INFO] 

time_diff:16.8697 s, localization right now
[Open3D INFO] 
***
****
***


last map update loc: x: 323.044, y: -717.169, z4.13436,
                now loc: x: 327.501, y: -720.667, z3.973, 3d distance: 5.66761, now needpdate submap
[INFO] [1773653725.246359956]: submap_cost: 8.274000 ms
[Open3D INFO] before sample, target size: 0, has normal: false
[Open3D INFO] after sample, target size: 0, has normal: false
[Open3D INFO] source size: 14548, maxpoints_source_: 80000
[Open3D INFO] source size after voxel downsample: 10492
[Open3D INFO] after prerpocess: 10492
[Open3D INFO] 

time_diff:16.9723 s, localization right now
[Open3D INFO] 
***
****
***


last map update loc: x: 327.501, y: -720.667, z3.973,
                now loc: x: 332.005, y: -724.113, z3.77323, 3d distance: 5.67472, now needpdate submap
[INFO] [1773653725.348734589]: submap_cost: 8.108000 ms
[Open3D INFO] before sample, target size: 0, has normal: false
[Open3D INFO] after sample, target size: 0, has normal: false
[Open3D INFO] source size: 14795, maxpoints_source_: 80000
[Open3D INFO] source size after voxel downsample: 10639
[Open3D INFO] after prerpocess: 10639
[Open3D INFO] 

time_diff:17.0697 s, localization right now
[Open3D INFO] 
***
****
***


last map update loc: x: 332.005, y: -724.113, z3.77323,
                now loc: x: 336.553, y: -727.6, z3.58218, 3d distance: 5.73465, now needpdate submap
[INFO] [1773653725.446328210]: submap_cost: 8.203000 ms
[Open3D INFO] before sample, target size: 0, has normal: false
[Open3D INFO] after sample, target size: 0, has normal: false
[Open3D INFO] source size: 14720, maxpoints_source_: 80000
[Open3D INFO] source size after voxel downsample: 10567
[Open3D INFO] after prerpocess: 10567
[Open3D INFO] 

time_diff:17.1699 s, localization right now
[Open3D INFO] 
***
****
***


last map update loc: x: 336.553, y: -727.6, z3.58218,
                now loc: x: 341.108, y: -731.044, z3.37217, 3d distance: 5.7141, now needpdate submap
[INFO] [1773653725.546342242]: submap_cost: 8.112000 ms
[Open3D INFO] before sample, target size: 0, has normal: false
[Open3D INFO] after sample, target size: 0, has normal: false
[Open3D INFO] source size: 14736, maxpoints_source_: 80000
[Open3D INFO] source size after voxel downsample: 10581
[Open3D INFO] after prerpocess: 10581
[Open3D INFO] 

time_diff:17.2731 s, localization right now
[Open3D INFO] 
***
****
***


last map update loc: x: 341.108, y: -731.044, z3.37217,
                now loc: x: 345.945, y: -734.614, z3.15794, 3d distance: 6.01599, now needpdate submap
[INFO] [1773653725.650100929]: submap_cost: 8.060000 ms
[Open3D INFO] before sample, target size: 0, has normal: false
[Open3D INFO] after sample, target size: 0, has normal: false
[Open3D INFO] source size: 14280, maxpoints_source_: 80000
[Open3D INFO] source size after voxel downsample: 10437
[Open3D INFO] after prerpocess: 10437
[WARN] [1773653725.654418564]: Localization skip: target(submap) is empty, keep last odom2map
[Open3D INFO] 

time_diff:17.3687 s, localization right now
[Open3D INFO] 
***
****
***


last map update loc: x: 345.945, y: -734.614, z3.15794,
                now loc: x: 350.401, y: -737.825, z2.91060, 3d distance: 5.49743, now needpdate submap
[INFO] [1773653725.745158165]: submap_cost: 8.091000 ms
[Open3D INFO] before sample, target size: 0, has normal: false
[Open3D INFO] after sample, target size: 0, has normal: false
[Open3D INFO] source size: 14367, maxpoints_source_: 80000
[Open3D INFO] source size after voxel downsample: 10467
[Open3D INFO] after prerpocess: 10467
[Open3D INFO] 

time_diff:17.4659 s, localization right now
[Open3D INFO] 
***
****
***


last map update loc: x: 350.401, y: -737.825, z2.91060,
                now loc: x: 355.053, y: -741.126, z2.64090, 3d distance: 5.71068, now needpdate submap
[INFO] [1773653725.842368859]: submap_cost: 8.171000 ms
[Open3D INFO] before sample, target size: 0, has normal: false
[Open3D INFO] after sample, target size: 0, has normal: false
[Open3D INFO] source size: 14179, maxpoints_source_: 80000
[Open3D INFO] source size after voxel downsample: 10307
[Open3D INFO] after prerpocess: 10307
[Open3D INFO] 

time_diff:17.5732 s, localization right now
[Open3D INFO] 
***
****
***


last map update loc: x: 355.053, y: -741.126, z2.64090,
                now loc: x: 359.874, y: -744.467, z2.35562, 3d distance: 5.8727, now needpdate submap
[INFO] [1773653725.949682720]: submap_cost: 8.120000 ms
[Open3D INFO] before sample, target size: 0, has normal: false
[Open3D INFO] after sample, target size: 0, has normal: false
[Open3D INFO] source size: 13997, maxpoints_source_: 80000
[Open3D INFO] source size after voxel downsample: 10022
[Open3D INFO] after prerpocess: 10022
[Open3D INFO] 

time_diff:17.6724 s, localization right now
[Open3D INFO] 
***
****
***


last map update loc: x: 359.874, y: -744.467, z2.35562,
                now loc: x: 364.659, y: -747.751, z2.08934, 3d distance: 5.80897, now needpdate submap
[INFO] [1773653726.048733484]: submap_cost: 7.996000 ms
[Open3D INFO] before sample, target size: 0, has normal: false
[Open3D INFO] after sample, target size: 0, has normal: false
[Open3D INFO] source size: 13753, maxpoints_source_: 80000
[Open3D INFO] source size after voxel downsample: 9770
[Open3D INFO] after prerpocess: 9770
[Open3D INFO] 

time_diff:17.7737 s, localization right now
[Open3D INFO] 
***
****
***


last map update loc: x: 364.659, y: -747.751, z2.08934,
                now loc: x: 369.488, y: -751.074, z1.82099, 3d distance: 5.86818, now needpdate submap
[INFO] [1773653726.150216756]: submap_cost: 8.146000 ms
[Open3D INFO] before sample, target size: 0, has normal: false
[Open3D INFO] after sample, target size: 0, has normal: false
[Open3D INFO] source size: 13898, maxpoints_source_: 80000
[Open3D INFO] source size after voxel downsample: 9849
[Open3D INFO] after prerpocess: 9849
[Open3D INFO] 

time_diff:17.8738 s, localization right now
[Open3D INFO] 
***
****
***


last map update loc: x: 369.488, y: -751.074, z1.82099,
                now loc: x: 374.351, y: -754.31, z1.5255, 3d distance: 5.84907, now needpdate submap
[INFO] [1773653726.250375018]: submap_cost: 8.187000 ms
[Open3D INFO] before sample, target size: 0, has normal: false
[Open3D INFO] after sample, target size: 0, has normal: false
[Open3D INFO] source size: 13796, maxpoints_source_: 80000
[Open3D INFO] source size after voxel downsample: 9847
[Open3D INFO] after prerpocess: 9847
[Open3D INFO] 

time_diff:17.9675 s, localization right now
[Open3D INFO] 
***
****
***


last map update loc: x: 374.351, y: -754.31, z1.5255,
                now loc: x: 379.284, y: -757.503, z1.1859, 3d distance: 5.88547, now needpdate submap
[INFO] [1773653726.343994023]: submap_cost: 8.247000 ms
[Open3D INFO] before sample, target size: 0, has normal: false
[Open3D INFO] after sample, target size: 0, has normal: false
[Open3D INFO] source size: 13715, maxpoints_source_: 80000
[Open3D INFO] source size after voxel downsample: 9752
[Open3D INFO] after prerpocess: 9752
[Open3D INFO] 

time_diff:18.0686 s, localization right now
[Open3D INFO] 
***
****
***


last map update loc: x: 379.284, y: -757.503, z1.1859,
                now loc: x: 384.252, y: -760.705, z0.849286, 3d distance: 5.92005, now needpdate submap
[INFO] [1773653726.445042623]: submap_cost: 8.138000 ms
[Open3D INFO] before sample, target size: 0, has normal: false
[Open3D INFO] after sample, target size: 0, has normal: false
[Open3D INFO] source size: 13589, maxpoints_source_: 80000
[Open3D INFO] source size after voxel downsample: 9797
[Open3D INFO] after prerpocess: 9797
[Open3D INFO] 

time_diff:18.1683 s, localization right now
[Open3D INFO] 
***
****
***


last map update loc: x: 384.252, y: -760.705, z0.849286,
                now loc: x: 389.271, y: -763.9, z0.488427, 3d distance: 5.96043, now needpdate submap
[INFO] [1773653726.544791301]: submap_cost: 8.113000 ms
[Open3D INFO] before sample, target size: 0, has normal: false
[Open3D INFO] after sample, target size: 0, has normal: false
[Open3D INFO] source size: 13529, maxpoints_source_: 80000
[Open3D INFO] source size after voxel downsample: 9677
[Open3D INFO] after prerpocess: 9677
[Open3D INFO] 

time_diff:18.269 s, localization right now
[Open3D INFO] 
***
****
***


last map update loc: x: 389.271, y: -763.9, z0.488427,
                now loc: x: 394.326, y: -767.048, z0.131386, 3d distance: 5.96621, now needpdate submap
[INFO] [1773653726.645500272]: submap_cost: 8.088000 ms
[Open3D INFO] before sample, target size: 0, has normal: false
[Open3D INFO] after sample, target size: 0, has normal: false
[Open3D INFO] source size: 13425, maxpoints_source_: 80000
[Open3D INFO] source size after voxel downsample: 9615
[Open3D INFO] after prerpocess: 9615
[Open3D INFO] 

time_diff:18.3741 s, localization right now
[Open3D INFO] 
***
****
***


last map update loc: x: 394.326, y: -767.048, z0.131386,
                now loc: x: 399.393, y: -770.178, z-0.243658, 3d distance: 5.96798, now needpdate submap
[INFO] [1773653726.750494141]: submap_cost: 8.078000 ms
[Open3D INFO] before sample, target size: 0, has normal: false
[Open3D INFO] after sample, target size: 0, has normal: false
[Open3D INFO] source size: 13326, maxpoints_source_: 80000
[Open3D INFO] source size after voxel downsample: 9616
[Open3D INFO] after prerpocess: 9616
[WARN] [1773653726.754057092]: Localization skip: target(submap) is empty, keep last odom2map
[Open3D INFO] 

time_diff:18.4724 s, localization right now
[Open3D INFO] 
***
****
***


last map update loc: x: 399.393, y: -770.178, z-0.243658,
                now loc: x: 404.516, y: -773.288, z-0.628005, 3d distance: 6.00522, now needpdate submap
[INFO] [1773653726.848789324]: submap_cost: 8.128000 ms
[Open3D INFO] before sample, target size: 0, has normal: false
[Open3D INFO] after sample, target size: 0, has normal: false
[Open3D INFO] source size: 13218, maxpoints_source_: 80000
[Open3D INFO] source size after voxel downsample: 9527
[Open3D INFO] after prerpocess: 9527
[Open3D INFO] 

time_diff:18.5702 s, localization right now
[Open3D INFO] 
***
****
***


last map update loc: x: 404.516, y: -773.288, z-0.628005,
                now loc: x: 409.687, y: -776.342, z-1.04574, 3d distance: 6.0196, now needpdate submap
[INFO] [1773653726.946391745]: submap_cost: 7.971000 ms
[Open3D INFO] before sample, target size: 0, has normal: false
[Open3D INFO] after sample, target size: 0, has normal: false
[Open3D INFO] source size: 13146, maxpoints_source_: 80000
[Open3D INFO] source size after voxel downsample: 9497
[Open3D INFO] after prerpocess: 9497
[Open3D INFO] 

time_diff:18.6731 s, localization right now
[Open3D INFO] 
***
****
***


last map update loc: x: 409.687, y: -776.342, z-1.04574,
                now loc: x: 414.917, y: -779.426, z-1.47017, 3d distance: 6.08684, now needpdate submap
[INFO] [1773653727.049478758]: submap_cost: 8.130000 ms
[Open3D INFO] before sample, target size: 0, has normal: false
[Open3D INFO] after sample, target size: 0, has normal: false
[Open3D INFO] source size: 13078, maxpoints_source_: 80000
[Open3D INFO] source size after voxel downsample: 9400
[Open3D INFO] after prerpocess: 9400
[Open3D INFO] 

time_diff:18.7744 s, localization right now
[Open3D INFO] 
***
****
***


last map update loc: x: 414.917, y: -779.426, z-1.47017,
                now loc: x: 420.186, y: -782.445, z-1.91516, 3d distance: 6.0885, now needpdate submap
[INFO] [1773653727.150953677]: submap_cost: 8.186000 ms
[Open3D INFO] before sample, target size: 0, has normal: false
[Open3D INFO] after sample, target size: 0, has normal: false
[Open3D INFO] source size: 12975, maxpoints_source_: 80000
[Open3D INFO] source size after voxel downsample: 9338
[Open3D INFO] after prerpocess: 9338
[Open3D INFO] 

time_diff:18.8653 s, localization right now
[Open3D INFO] 
***
****
***


last map update loc: x: 420.186, y: -782.445, z-1.91516,
                now loc: x: 425.414, y: -785.386, z-2.38753, 3d distance: 6.017, now needpdate submap
[INFO] [1773653727.241779137]: submap_cost: 8.237000 ms
[Open3D INFO] before sample, target size: 0, has normal: false
[Open3D INFO] after sample, target size: 0, has normal: false
[Open3D INFO] source size: 13025, maxpoints_source_: 80000
[Open3D INFO] source size after voxel downsample: 9217
[Open3D INFO] after prerpocess: 9217
[Open3D INFO] 

time_diff:18.9696 s, localization right now
[Open3D INFO] 
***
****
***


last map update loc: x: 425.414, y: -785.386, z-2.38753,
                now loc: x: 430.785, y: -788.335, z-2.89451, 3d distance: 6.14895, now needpdate submap
[INFO] [1773653727.345971824]: submap_cost: 8.105000 ms
[Open3D INFO] before sample, target size: 0, has normal: false
[Open3D INFO] after sample, target size: 0, has normal: false
[Open3D INFO] source size: 12921, maxpoints_source_: 80000
[Open3D INFO] source size after voxel downsample: 9133
[Open3D INFO] after prerpocess: 9133
[Open3D INFO] 

time_diff:19.0687 s, localization right now
[Open3D INFO] 
***
****
***


last map update loc: x: 430.785, y: -788.335, z-2.89451,
                now loc: x: 436.205, y: -791.269, z-3.41596, 3d distance: 6.18527, now needpdate submap
[INFO] [1773653727.445289382]: submap_cost: 8.198000 ms
[Open3D INFO] before sample, target size: 0, has normal: false
[Open3D INFO] after sample, target size: 0, has normal: false
[Open3D INFO] source size: 12783, maxpoints_source_: 80000
[Open3D INFO] source size after voxel downsample: 8992
[Open3D INFO] after prerpocess: 8992
[Open3D INFO] 

time_diff:19.1681 s, localization right now
[Open3D INFO] 
***
****
***


last map update loc: x: 436.205, y: -791.269, z-3.41596,
                now loc: x: 441.619, y: -794.197, z-3.95295, 3d distance: 6.17814, now needpdate submap
[INFO] [1773653727.544600060]: submap_cost: 8.134000 ms
[Open3D INFO] before sample, target size: 0, has normal: false
[Open3D INFO] after sample, target size: 0, has normal: false
[Open3D INFO] source size: 12720, maxpoints_source_: 80000
[Open3D INFO] source size after voxel downsample: 8916
[Open3D INFO] after prerpocess: 8916
[Open3D INFO] 

time_diff:19.2711 s, localization right now
[Open3D INFO] 
***
****
***


last map update loc: x: 441.619, y: -794.197, z-3.95295,
                now loc: x: 447.067, y: -797.059, z-4.49592, 3d distance: 6.17778, now needpdate submap
[INFO] [1773653727.647964075]: submap_cost: 8.085000 ms
[Open3D INFO] before sample, target size: 0, has normal: false
[Open3D INFO] after sample, target size: 0, has normal: false
[Open3D INFO] source size: 12667, maxpoints_source_: 80000
[Open3D INFO] source size after voxel downsample: 8889
[Open3D INFO] after prerpocess: 8889
[Open3D INFO] 

time_diff:19.3689 s, localization right now
[Open3D INFO] 
***
****
***


last map update loc: x: 447.067, y: -797.059, z-4.49592,
                now loc: x: 452.324, y: -799.767, z-5.00440, 3d distance: 5.93501, now needpdate submap
[INFO] [1773653727.745532478]: submap_cost: 8.205000 ms
[Open3D INFO] before sample, target size: 0, has normal: false
[Open3D INFO] after sample, target size: 0, has normal: false
[Open3D INFO] source size: 12741, maxpoints_source_: 80000
[Open3D INFO] source size after voxel downsample: 8964
[Open3D INFO] after prerpocess: 8964
[Open3D INFO] 

time_diff:19.4685 s, localization right now
[Open3D INFO] 
***
****
***


last map update loc: x: 452.324, y: -799.767, z-5.00440,
                now loc: x: 458.051, y: -802.689, z-5.58573, 3d distance: 6.45589, now needpdate submap
[INFO] [1773653727.845355687]: submap_cost: 8.034000 ms
[Open3D INFO] before sample, target size: 0, has normal: false
[Open3D INFO] after sample, target size: 0, has normal: false
[Open3D INFO] source size: 12524, maxpoints_source_: 80000
[Open3D INFO] source size after voxel downsample: 8841
[Open3D INFO] after prerpocess: 8841
[WARN] [1773653727.848476958]: Localization skip: target(submap) is empty, keep last odom2map
[Open3D INFO] 

time_diff:19.5694 s, localization right now
[Open3D INFO] 
***
****
***


last map update loc: x: 458.051, y: -802.689, z-5.58573,
                now loc: x: 463.592, y: -805.485, z-6.17412, 3d distance: 6.23378, now needpdate submap
[INFO] [1773653727.946012752]: submap_cost: 8.189000 ms
[Open3D INFO] before sample, target size: 0, has normal: false
[Open3D INFO] after sample, target size: 0, has normal: false
[Open3D INFO] source size: 12354, maxpoints_source_: 80000
[Open3D INFO] source size after voxel downsample: 8617
[Open3D INFO] after prerpocess: 8617
[Open3D INFO] 

time_diff:19.6725 s, localization right now
[Open3D INFO] 
***
****
***


last map update loc: x: 463.592, y: -805.485, z-6.17412,
                now loc: x: 469.221, y: -808.235, z-6.76678, 3d distance: 6.29358, now needpdate submap
[INFO] [1773653728.048908046]: submap_cost: 8.209000 ms
[Open3D INFO] before sample, target size: 0, has normal: false
[Open3D INFO] after sample, target size: 0, has normal: false
[Open3D INFO] source size: 12448, maxpoints_source_: 80000
[Open3D INFO] source size after voxel downsample: 8656
[Open3D INFO] after prerpocess: 8656
[Open3D INFO] 

time_diff:19.7718 s, localization right now
[Open3D INFO] 
***
****
***


last map update loc: x: 469.221, y: -808.235, z-6.76678,
                now loc: x: 474.857, y: -810.952, z-7.3951, 3d distance: 6.2872, now needpdate submap
[INFO] [1773653728.148344392]: submap_cost: 8.170000 ms
[Open3D INFO] before sample, target size: 0, has normal: false
[Open3D INFO] after sample, target size: 0, has normal: false
[Open3D INFO] source size: 12375, maxpoints_source_: 80000
[Open3D INFO] source size after voxel downsample: 8635
[Open3D INFO] after prerpocess: 8635
[Open3D INFO] 

time_diff:19.8717 s, localization right now
[Open3D INFO] 
***
****
***


last map update loc: x: 474.857, y: -810.952, z-7.3951,
                now loc: x: 480.533, y: -813.636, z-8.01076, 3d distance: 6.30980, now needpdate submap
[INFO] [1773653728.248109871]: submap_cost: 8.046000 ms
[Open3D INFO] before sample, target size: 0, has normal: false
[Open3D INFO] after sample, target size: 0, has normal: false
[Open3D INFO] source size: 12282, maxpoints_source_: 80000
[Open3D INFO] source size after voxel downsample: 8627
[Open3D INFO] after prerpocess: 8627
[Open3D INFO] 

time_diff:19.9706 s, localization right now
[Open3D INFO] 
***
****
***


last map update loc: x: 480.533, y: -813.636, z-8.01076,
                now loc: x: 486.188, y: -816.249, z-8.64024, 3d distance: 6.26054, now needpdate submap
[INFO] [1773653728.347197404]: submap_cost: 8.227000 ms
[Open3D INFO] before sample, target size: 0, has normal: false
[Open3D INFO] after sample, target size: 0, has normal: false
[Open3D INFO] source size: 12228, maxpoints_source_: 80000
[Open3D INFO] source size after voxel downsample: 8662
[Open3D INFO] after prerpocess: 8662
[Open3D INFO] 

time_diff:20.0686 s, localization right now
[Open3D INFO] 
***
****
***


last map update loc: x: 486.188, y: -816.249, z-8.64024,
                now loc: x: 491.941, y: -818.877, z-9.36285, 3d distance: 6.36653, now needpdate submap
[INFO] [1773653728.445177215]: submap_cost: 8.203000 ms
[Open3D INFO] before sample, target size: 0, has normal: false
[Open3D INFO] after sample, target size: 0, has normal: false
[Open3D INFO] source size: 12055, maxpoints_source_: 80000
[Open3D INFO] source size after voxel downsample: 8593
[Open3D INFO] after prerpocess: 8593
[Open3D INFO] 

time_diff:20.169 s, localization right now
[Open3D INFO] 
***
****
***


last map update loc: x: 491.941, y: -818.877, z-9.36285,
                now loc: x: 497.646, y: -821.483, z-10.021, 3d distance: 6.30646, now needpdate submap
[INFO] [1773653728.545426969]: submap_cost: 8.097000 ms
[Open3D INFO] before sample, target size: 0, has normal: false
[Open3D INFO] after sample, target size: 0, has normal: false
[Open3D INFO] source size: 11942, maxpoints_source_: 80000
[Open3D INFO] source size after voxel downsample: 8524
[Open3D INFO] after prerpocess: 8524
[Open3D INFO] 

time_diff:20.2709 s, localization right now
[Open3D INFO] 
***
****
***


last map update loc: x: 497.646, y: -821.483, z-10.021,
                now loc: x: 503.419, y: -824.034, z-10.7266, 3d distance: 6.35018, now needpdate submap
[INFO] [1773653728.647387763]: submap_cost: 8.177000 ms
[Open3D INFO] before sample, target size: 0, has normal: false
[Open3D INFO] after sample, target size: 0, has normal: false
[Open3D INFO] source size: 12082, maxpoints_source_: 80000
[Open3D INFO] source size after voxel downsample: 8582
[Open3D INFO] after prerpocess: 8582
[Open3D INFO] 

time_diff:20.3687 s, localization right now
[Open3D INFO] 
***
****
***


last map update loc: x: 503.419, y: -824.034, z-10.7266,
                now loc: x: 509.198, y: -826.528, z-11.4598, 3d distance: 6.33671, now needpdate submap
[INFO] [1773653728.744984039]: submap_cost: 7.967000 ms
[Open3D INFO] before sample, target size: 0, has normal: false
[Open3D INFO] after sample, target size: 0, has normal: false
[Open3D INFO] source size: 12160, maxpoints_source_: 80000
[Open3D INFO] source size after voxel downsample: 8735
[Open3D INFO] after prerpocess: 8735
[Open3D INFO] 

time_diff:20.4694 s, localization right now
[Open3D INFO] 
***
****
***


last map update loc: x: 509.198, y: -826.528, z-11.4598,
                now loc: x: 515.014, y: -828.971, z-12.2654, 3d distance: 6.35944, now needpdate submap
[INFO] [1773653728.845842200]: submap_cost: 8.211000 ms
[Open3D INFO] before sample, target size: 0, has normal: false
[Open3D INFO] after sample, target size: 0, has normal: false
[Open3D INFO] source size: 12273, maxpoints_source_: 80000
[Open3D INFO] source size after voxel downsample: 8919
[Open3D INFO] after prerpocess: 8919
[WARN] [1773653728.848909900]: Localization skip: target(submap) is empty, keep last odom2map
[Open3D INFO] 

time_diff:20.5678 s, localization right now
[Open3D INFO] 
***
****
***


last map update loc: x: 515.014, y: -828.971, z-12.2654,
                now loc: x: 520.907, y: -831.435, z-13.0459, 3d distance: 6.43551, now needpdate submap
[INFO] [1773653728.944359343]: submap_cost: 8.194000 ms
[Open3D INFO] before sample, target size: 0, has normal: false
[Open3D INFO] after sample, target size: 0, has normal: false
[Open3D INFO] source size: 12412, maxpoints_source_: 80000
[Open3D INFO] source size after voxel downsample: 8962
[Open3D INFO] after prerpocess: 8962
[Open3D INFO] 

time_diff:20.6679 s, localization right now
[Open3D INFO] 
***
****
***


last map update loc: x: 520.907, y: -831.435, z-13.0459,
                now loc: x: 526.837, y: -833.847, z-13.819, 3d distance: 6.44794, now needpdate submap
[INFO] [1773653729.044435298]: submap_cost: 8.226000 ms
[Open3D INFO] before sample, target size: 0, has normal: false
[Open3D INFO] after sample, target size: 0, has normal: false
[Open3D INFO] source size: 12404, maxpoints_source_: 80000
[Open3D INFO] source size after voxel downsample: 9001
[Open3D INFO] after prerpocess: 9001
[Open3D INFO] 

time_diff:20.7716 s, localization right now
[Open3D INFO] 
***
****
***


last map update loc: x: 526.837, y: -833.847, z-13.819,
                now loc: x: 532.754, y: -836.199, z-14.5976, 3d distance: 6.41474, now needpdate submap
[INFO] [1773653729.148110781]: submap_cost: 8.238000 ms
[Open3D INFO] before sample, target size: 0, has normal: false
[Open3D INFO] after sample, target size: 0, has normal: false
[Open3D INFO] source size: 12392, maxpoints_source_: 80000
[Open3D INFO] source size after voxel downsample: 9099
[Open3D INFO] after prerpocess: 9099
[Open3D INFO] 

time_diff:20.8736 s, localization right now
[Open3D INFO] 
***
****
***


last map update loc: x: 532.754, y: -836.199, z-14.5976,
                now loc: x: 538.776, y: -838.522, z-15.3988, 3d distance: 6.50372, now needpdate submap
[INFO] [1773653729.250172123]: submap_cost: 8.251000 ms
[Open3D INFO] before sample, target size: 0, has normal: false
[Open3D INFO] after sample, target size: 0, has normal: false
[Open3D INFO] source size: 12432, maxpoints_source_: 80000
[Open3D INFO] source size after voxel downsample: 9098
[Open3D INFO] after prerpocess: 9098
[Open3D INFO] 

time_diff:20.9692 s, localization right now
[Open3D INFO] 
***
****
***


last map update loc: x: 538.776, y: -838.522, z-15.3988,
                now loc: x: 544.775, y: -840.79, z-16.2169, 3d distance: 6.46558, now needpdate submap
[INFO] [1773653729.345812869]: submap_cost: 8.230000 ms
[Open3D INFO] before sample, target size: 0, has normal: false
[Open3D INFO] after sample, target size: 0, has normal: false
[Open3D INFO] source size: 12631, maxpoints_source_: 80000
[Open3D INFO] source size after voxel downsample: 9303
[Open3D INFO] after prerpocess: 9303
[Open3D INFO] 

time_diff:21.0823 s, localization right now
[Open3D INFO] 
***
****
***


last map update loc: x: 544.775, y: -840.79, z-16.2169,
                now loc: x: 550.712, y: -843.042, z-17.0594, 3d distance: 6.40587, now needpdate submap
[INFO] [1773653729.458622747]: submap_cost: 8.038000 ms
[Open3D INFO] before sample, target size: 0, has normal: false
[Open3D INFO] after sample, target size: 0, has normal: false
[Open3D INFO] source size: 12700, maxpoints_source_: 80000
[Open3D INFO] source size after voxel downsample: 9406
[Open3D INFO] after prerpocess: 9406
[Open3D INFO] 

time_diff:21.1711 s, localization right now
[Open3D INFO] 
***
****
***


last map update loc: x: 550.712, y: -843.042, z-17.0594,
                now loc: x: 556.861, y: -845.286, z-17.9401, 3d distance: 6.60413, now needpdate submap
[INFO] [1773653729.547675980]: submap_cost: 8.211000 ms
[Open3D INFO] before sample, target size: 0, has normal: false
[Open3D INFO] after sample, target size: 0, has normal: false
[Open3D INFO] source size: 12826, maxpoints_source_: 80000
[Open3D INFO] source size after voxel downsample: 9560
[Open3D INFO] after prerpocess: 9560
[Open3D INFO] 

time_diff:21.2722 s, localization right now
[Open3D INFO] 
***
****
***


last map update loc: x: 556.861, y: -845.286, z-17.9401,
                now loc: x: 562.982, y: -847.467, z-18.7951, 3d distance: 6.55398, now needpdate submap
[INFO] [1773653729.648750212]: submap_cost: 8.267000 ms
[Open3D INFO] before sample, target size: 0, has normal: false
[Open3D INFO] after sample, target size: 0, has normal: false
[Open3D INFO] source size: 13121, maxpoints_source_: 80000
[Open3D INFO] source size after voxel downsample: 9838
[Open3D INFO] after prerpocess: 9838
[Open3D INFO] 

time_diff:21.3739 s, localization right now
[Open3D INFO] 
***
****
***


last map update loc: x: 562.982, y: -847.467, z-18.7951,
                now loc: x: 569.045, y: -849.622, z-19.7349, 3d distance: 6.50340, now needpdate submap
[INFO] [1773653729.750471253]: submap_cost: 8.256000 ms
[Open3D INFO] before sample, target size: 0, has normal: false
[Open3D INFO] after sample, target size: 0, has normal: false
[Open3D INFO] source size: 13554, maxpoints_source_: 80000
[Open3D INFO] source size after voxel downsample: 10147
[Open3D INFO] after prerpocess: 10147
[Open3D INFO] 

time_diff:21.4748 s, localization right now
[Open3D INFO] 
***
****
***


last map update loc: x: 569.045, y: -849.622, z-19.7349,
                now loc: x: 575.198, y: -851.773, z-20.6629, 3d distance: 6.58338, now needpdate submap
[INFO] [1773653729.851270019]: submap_cost: 8.132000 ms
[Open3D INFO] before sample, target size: 0, has normal: false
[Open3D INFO] after sample, target size: 0, has normal: false
[Open3D INFO] source size: 13547, maxpoints_source_: 80000
[Open3D INFO] source size after voxel downsample: 10216
[Open3D INFO] after prerpocess: 10216
[WARN] [1773653729.854856715]: Localization skip: target(submap) is empty, keep last odom2map
[Open3D INFO] 

time_diff:21.5713 s, localization right now
[Open3D INFO] 
***
****
***


last map update loc: x: 575.198, y: -851.773, z-20.6629,
                now loc: x: 581.389, y: -853.876, z-21.6429, 3d distance: 6.61184, now needpdate submap
[INFO] [1773653729.948124988]: submap_cost: 8.337000 ms
[Open3D INFO] before sample, target size: 0, has normal: false
[Open3D INFO] after sample, target size: 0, has normal: false
[Open3D INFO] source size: 13746, maxpoints_source_: 80000
[Open3D INFO] source size after voxel downsample: 10366
[Open3D INFO] after prerpocess: 10366
[Open3D INFO] 

time_diff:21.6701 s, localization right now
[Open3D INFO] 
***
****
***


last map update loc: x: 581.389, y: -853.876, z-21.6429,
                now loc: x: 587.517, y: -855.905, z-22.6033, 3d distance: 6.52588, now needpdate submap
[INFO] [1773653730.046591921]: submap_cost: 8.120000 ms
[Open3D INFO] before sample, target size: 0, has normal: false
[Open3D INFO] after sample, target size: 0, has normal: false
[Open3D INFO] source size: 13958, maxpoints_source_: 80000
[Open3D INFO] source size after voxel downsample: 10596
[Open3D INFO] after prerpocess: 10596
[Open3D INFO] 

time_diff:21.7738 s, localization right now
[Open3D INFO] 
***
****
***


last map update loc: x: 587.517, y: -855.905, z-22.6033,
                now loc: x: 593.988, y: -858.019, z-23.6313, 3d distance: 6.8848, now needpdate submap
[INFO] [1773653730.150320014]: submap_cost: 8.181000 ms
[Open3D INFO] before sample, target size: 0, has normal: false
[Open3D INFO] after sample, target size: 0, has normal: false
[Open3D INFO] source size: 13856, maxpoints_source_: 80000
[Open3D INFO] source size after voxel downsample: 10519
[Open3D INFO] after prerpocess: 10519
[Open3D INFO] 

time_diff:21.8701 s, localization right now
[Open3D INFO] 
***
****
***


last map update loc: x: 593.988, y: -858.019, z-23.6313,
                now loc: x: 600.079, y: -859.972, z-24.6149, 3d distance: 6.47182, now needpdate submap
[INFO] [1773653730.246511662]: submap_cost: 8.115000 ms
[Open3D INFO] before sample, target size: 0, has normal: false
[Open3D INFO] after sample, target size: 0, has normal: false
[Open3D INFO] source size: 14216, maxpoints_source_: 80000
[Open3D INFO] source size after voxel downsample: 10947
[Open3D INFO] after prerpocess: 10947
[Open3D INFO] 

time_diff:21.9736 s, localization right now
[Open3D INFO] 
***
****
***


last map update loc: x: 600.079, y: -859.972, z-24.6149,
                now loc: x: 606.363, y: -861.902, z-25.6823, 3d distance: 6.6597, now needpdate submap
[INFO] [1773653730.350044675]: submap_cost: 8.124000 ms
[Open3D INFO] before sample, target size: 0, has normal: false
[Open3D INFO] after sample, target size: 0, has normal: false
[Open3D INFO] source size: 14620, maxpoints_source_: 80000
[Open3D INFO] source size after voxel downsample: 11251
[Open3D INFO] after prerpocess: 11251
[Open3D INFO] 

time_diff:22.0759 s, localization right now
[Open3D INFO] 
***
****
***


last map update loc: x: 606.363, y: -861.902, z-25.6823,
                now loc: x: 612.722, y: -863.82, z-26.7788, 3d distance: 6.73136, now needpdate submap
[INFO] [1773653730.453758016]: submap_cost: 9.120000 ms
[Open3D INFO] before sample, target size: 0, has normal: false
[Open3D INFO] after sample, target size: 0, has normal: false
[Open3D INFO] source size: 15316, maxpoints_source_: 80000
[Open3D INFO] source size after voxel downsample: 11858
[Open3D INFO] after prerpocess: 11858
[Open3D INFO] 

time_diff:22.1747 s, localization right now
[Open3D INFO] 
***
****
***


last map update loc: x: 612.722, y: -863.82, z-26.7788,
                now loc: x: 619.014, y: -865.671, z-27.8896, 3d distance: 6.65296, now needpdate submap
[INFO] [1773653730.551245361]: submap_cost: 8.212000 ms
[Open3D INFO] before sample, target size: 0, has normal: false
[Open3D INFO] after sample, target size: 0, has normal: false
[Open3D INFO] source size: 15477, maxpoints_source_: 80000
[Open3D INFO] source size after voxel downsample: 12040
[Open3D INFO] after prerpocess: 12040
[Open3D INFO] 

time_diff:22.2761 s, localization right now
[Open3D INFO] 
***
****
***


last map update loc: x: 619.014, y: -865.671, z-27.8896,
                now loc: x: 625.483, y: -867.508, z-29.0425, 3d distance: 6.82243, now needpdate submap
[INFO] [1773653730.652349098]: submap_cost: 8.014000 ms
[Open3D INFO] before sample, target size: 0, has normal: false
[Open3D INFO] after sample, target size: 0, has normal: false
[Open3D INFO] source size: 15610, maxpoints_source_: 80000
[Open3D INFO] source size after voxel downsample: 12189
[Open3D INFO] after prerpocess: 12189
[Open3D INFO] 

time_diff:22.373 s, localization right now
[Open3D INFO] 
***
****
***


last map update loc: x: 625.483, y: -867.508, z-29.0425,
                now loc: x: 631.838, y: -869.275, z-30.1926, 3d distance: 6.69579, now needpdate submap
[INFO] [1773653730.749192674]: submap_cost: 7.956000 ms
[Open3D INFO] before sample, target size: 0, has normal: false
[Open3D INFO] after sample, target size: 0, has normal: false
[Open3D INFO] source size: 16203, maxpoints_source_: 80000
[Open3D INFO] source size after voxel downsample: 12630
[Open3D INFO] after prerpocess: 12630
[Open3D INFO] 

time_diff:22.4697 s, localization right now
[Open3D INFO] 
***
****
***


last map update loc: x: 631.838, y: -869.275, z-30.1926,
                now loc: x: 638.394, y: -871.035, z-31.4035, 3d distance: 6.8953, now needpdate submap
[INFO] [1773653730.846293380]: submap_cost: 8.184000 ms
[Open3D INFO] before sample, target size: 0, has normal: false
[Open3D INFO] after sample, target size: 0, has normal: false
[Open3D INFO] source size: 16745, maxpoints_source_: 80000
[Open3D INFO] source size after voxel downsample: 13023
[Open3D INFO] after prerpocess: 13023
[Open3D INFO] 

time_diff:22.5702 s, localization right now
[Open3D INFO] 
***
****
***


last map update loc: x: 638.394, y: -871.035, z-31.4035,
                now loc: x: 644.931, y: -872.73, z-32.6506, 3d distance: 6.86668, now needpdate submap
[INFO] [1773653730.946692835]: submap_cost: 8.079000 ms
[Open3D INFO] before sample, target size: 0, has normal: false
[Open3D INFO] after sample, target size: 0, has normal: false
[Open3D INFO] source size: 16842, maxpoints_source_: 80000
[Open3D INFO] source size after voxel downsample: 13092
[Open3D INFO] after prerpocess: 13092
[WARN] [1773653730.953250300]: Localization skip: target(submap) is empty, keep last odom2map
[Open3D INFO] 

time_diff:22.6692 s, localization right now
[Open3D INFO] 
***
****
***


last map update loc: x: 644.931, y: -872.73, z-32.6506,
                now loc: x: 651.45, y: -874.396, z-33.9291, 3d distance: 6.84945, now needpdate submap
[INFO] [1773653731.045597673]: submap_cost: 8.008000 ms
[Open3D INFO] before sample, target size: 0, has normal: false
[Open3D INFO] after sample, target size: 0, has normal: false
[Open3D INFO] source size: 16804, maxpoints_source_: 80000
[Open3D INFO] source size after voxel downsample: 13173
[Open3D INFO] after prerpocess: 13173
[Open3D INFO] 

time_diff:22.77 s, localization right now
[Open3D INFO] 
***
****
***


last map update loc: x: 651.45, y: -874.396, z-33.9291,
                now loc: x: 658.098, y: -876.026, z-35.2437, 3d distance: 6.97016, now needpdate submap
[INFO] [1773653731.146196528]: submap_cost: 7.958000 ms
[Open3D INFO] before sample, target size: 0, has normal: false
[Open3D INFO] after sample, target size: 0, has normal: false
[Open3D INFO] source size: 17023, maxpoints_source_: 80000
[Open3D INFO] source size after voxel downsample: 13318
[Open3D INFO] after prerpocess: 13318
[Open3D INFO] 

time_diff:22.8777 s, localization right now
[Open3D INFO] 
***
****
***


last map update loc: x: 658.098, y: -876.026, z-35.2437,
                now loc: x: 664.713, y: -877.583, z-36.5494, 3d distance: 6.91983, now needpdate submap
[INFO] [1773653731.254350197]: submap_cost: 8.275000 ms
[Open3D INFO] before sample, target size: 0, has normal: false
[Open3D INFO] after sample, target size: 0, has normal: false
[Open3D INFO] source size: 17026, maxpoints_source_: 80000
[Open3D INFO] source size after voxel downsample: 13329
[Open3D INFO] after prerpocess: 13329
[Open3D INFO] 

time_diff:22.97 s, localization right now
[Open3D INFO] 
***
****
***


last map update loc: x: 664.713, y: -877.583, z-36.5494,
                now loc: x: 671.395, y: -879.062, z-37.9028, 3d distance: 6.976, now needpdate submap
[INFO] [1773653731.346457305]: submap_cost: 8.151000 ms
[Open3D INFO] before sample, target size: 0, has normal: false
[Open3D INFO] after sample, target size: 0, has normal: false
[Open3D INFO] source size: 16657, maxpoints_source_: 80000
[Open3D INFO] source size after voxel downsample: 13089
[Open3D INFO] after prerpocess: 13089
[Open3D INFO] 

time_diff:23.07 s, localization right now
[Open3D INFO] 
***
****
***


last map update loc: x: 671.395, y: -879.062, z-37.9028,
                now loc: x: 678.086, y: -880.535, z-39.2802, 3d distance: 6.98908, now needpdate submap
[INFO] [1773653731.446345957]: submap_cost: 8.047000 ms
[Open3D INFO] before sample, target size: 0, has normal: false
[Open3D INFO] after sample, target size: 0, has normal: false
[Open3D INFO] source size: 16315, maxpoints_source_: 80000
[Open3D INFO] source size after voxel downsample: 12795
[Open3D INFO] after prerpocess: 12795
[Open3D INFO] 

time_diff:23.1736 s, localization right now
[Open3D INFO] 
***
****
***


last map update loc: x: 678.086, y: -880.535, z-39.2802,
                now loc: x: 684.694, y: -881.926, z-40.6686, 3d distance: 6.89408, now needpdate submap
[INFO] [1773653731.550164133]: submap_cost: 8.171000 ms
[Open3D INFO] before sample, target size: 0, has normal: false
[Open3D INFO] after sample, target size: 0, has normal: false
[Open3D INFO] source size: 16151, maxpoints_source_: 80000
[Open3D INFO] source size after voxel downsample: 12691
[Open3D INFO] after prerpocess: 12691
[Open3D INFO] 

time_diff:23.2822 s, localization right now
[Open3D INFO] 
***
****
***


last map update loc: x: 684.694, y: -881.926, z-40.6686,
                now loc: x: 691.529, y: -883.35, z-42.1119, 3d distance: 7.12857, now needpdate submap
[INFO] [1773653731.658482064]: submap_cost: 8.013000 ms
[Open3D INFO] before sample, target size: 0, has normal: false
[Open3D INFO] after sample, target size: 0, has normal: false
[Open3D INFO] source size: 15688, maxpoints_source_: 80000
[Open3D INFO] source size after voxel downsample: 12354
[Open3D INFO] after prerpocess: 12354
[Open3D INFO] 

time_diff:23.3698 s, localization right now
[Open3D INFO] 
***
****
***


last map update loc: x: 691.529, y: -883.35, z-42.1119,
                now loc: x: 698.281, y: -884.678, z-43.5544, 3d distance: 7.03103, now needpdate submap
[INFO] [1773653731.746369237]: submap_cost: 8.203000 ms
[Open3D INFO] before sample, target size: 0, has normal: false
[Open3D INFO] after sample, target size: 0, has normal: false
[Open3D INFO] source size: 15412, maxpoints_source_: 80000
[Open3D INFO] source size after voxel downsample: 12264
[Open3D INFO] after prerpocess: 12264
[Open3D INFO] 

time_diff:23.4689 s, localization right now
[Open3D INFO] 
***
****
***


last map update loc: x: 698.281, y: -884.678, z-43.5544,
                now loc: x: 705.028, y: -885.97, z-45.0070, 3d distance: 7.02132, now needpdate submap
[INFO] [1773653731.845461698]: submap_cost: 8.208000 ms
[Open3D INFO] before sample, target size: 0, has normal: false
[Open3D INFO] after sample, target size: 0, has normal: false
[Open3D INFO] source size: 15198, maxpoints_source_: 80000
[Open3D INFO] source size after voxel downsample: 12128
[Open3D INFO] after prerpocess: 12128
[Open3D INFO] 

time_diff:23.5744 s, localization right now
[Open3D INFO] 
***
****
***


last map update loc: x: 705.028, y: -885.97, z-45.0070,
                now loc: x: 711.941, y: -887.255, z-46.5797, 3d distance: 7.20542, now needpdate submap
[INFO] [1773653731.950728730]: submap_cost: 8.028000 ms
[Open3D INFO] before sample, target size: 0, has normal: false
[Open3D INFO] after sample, target size: 0, has normal: false
[Open3D INFO] source size: 15046, maxpoints_source_: 80000
[Open3D INFO] source size after voxel downsample: 12026
[Open3D INFO] after prerpocess: 12026
[WARN] [1773653731.955892766]: Localization skip: target(submap) is empty, keep last odom2map
[Open3D INFO] 

time_diff:23.6738 s, localization right now
[Open3D INFO] 
***
****
***


last map update loc: x: 711.941, y: -887.255, z-46.5797,
                now loc: x: 718.844, y: -888.537, z-48.1758, 3d distance: 7.20039, now needpdate submap
[INFO] [1773653732.050366652]: submap_cost: 8.185000 ms
[Open3D INFO] before sample, target size: 0, has normal: false
[Open3D INFO] after sample, target size: 0, has normal: false
[Open3D INFO] source size: 14895, maxpoints_source_: 80000
[Open3D INFO] source size after voxel downsample: 11919
[Open3D INFO] after prerpocess: 11919
[Open3D INFO] 

time_diff:23.7706 s, localization right now
[Open3D INFO] 
***
****
***


last map update loc: x: 718.844, y: -888.537, z-48.1758,
                now loc: x: 725.76, y: -889.801, z-49.8019, 3d distance: 7.21608, now needpdate submap
[INFO] [1773653732.147133233]: submap_cost: 8.179000 ms
[Open3D INFO] before sample, target size: 0, has normal: false
[Open3D INFO] after sample, target size: 0, has normal: false
[Open3D INFO] source size: 14790, maxpoints_source_: 80000
[Open3D INFO] source size after voxel downsample: 11923
[Open3D INFO] after prerpocess: 11923
[Open3D INFO] 

time_diff:23.8703 s, localization right now
[Open3D INFO] 
***
****
***


last map update loc: x: 725.76, y: -889.801, z-49.8019,
                now loc: x: 732.677, y: -890.964, z-51.4171, 3d distance: 7.19769, now needpdate submap
[INFO] [1773653732.246668655]: submap_cost: 8.118000 ms
[Open3D INFO] before sample, target size: 0, has normal: false
[Open3D INFO] after sample, target size: 0, has normal: false
[Open3D INFO] source size: 14789, maxpoints_source_: 80000
[Open3D INFO] source size after voxel downsample: 11838
[Open3D INFO] after prerpocess: 11838
[Open3D INFO] 

time_diff:23.9679 s, localization right now
[Open3D INFO] 
***
****
***


last map update loc: x: 732.677, y: -890.964, z-51.4171,
                now loc: x: 739.634, y: -892.097, z-53.043, 3d distance: 7.234, now needpdate submap
[INFO] [1773653732.344802392]: submap_cost: 8.109000 ms
[Open3D INFO] before sample, target size: 0, has normal: false
[Open3D INFO] after sample, target size: 0, has normal: false
[Open3D INFO] source size: 14708, maxpoints_source_: 80000
[Open3D INFO] source size after voxel downsample: 11785
[Open3D INFO] after prerpocess: 11785
[Open3D INFO] 

time_diff:24.0691 s, localization right now
[Open3D INFO] 
***
****
***


last map update loc: x: 739.634, y: -892.097, z-53.043,
                now loc: x: 746.612, y: -893.196, z-54.7233, 3d distance: 7.26073, now needpdate submap
[INFO] [1773653732.445652232]: submap_cost: 8.158000 ms
[Open3D INFO] before sample, target size: 0, has normal: false
[Open3D INFO] after sample, target size: 0, has normal: false
[Open3D INFO] source size: 14656, maxpoints_source_: 80000
[Open3D INFO] source size after voxel downsample: 11751
[Open3D INFO] after prerpocess: 11751
[Open3D INFO] 

time_diff:24.1704 s, localization right now
[Open3D INFO] 
***
****
***


last map update loc: x: 746.612, y: -893.196, z-54.7233,
                now loc: x: 753.735, y: -894.275, z-56.4414, 3d distance: 7.40635, now needpdate submap
[INFO] [1773653732.546867110]: submap_cost: 8.110000 ms
[Open3D INFO] before sample, target size: 0, has normal: false
[Open3D INFO] after sample, target size: 0, has normal: false
[Open3D INFO] source size: 14532, maxpoints_source_: 80000
[Open3D INFO] source size after voxel downsample: 11689
[Open3D INFO] after prerpocess: 11689
[Open3D INFO] 

time_diff:24.2695 s, localization right now
[Open3D INFO] 
***
****
***


last map update loc: x: 753.735, y: -894.275, z-56.4414,
                now loc: x: 760.832, y: -895.265, z-58.1876, 3d distance: 7.37563, now needpdate submap
[INFO] [1773653732.645699177]: submap_cost: 7.961000 ms
[Open3D INFO] before sample, target size: 0, has normal: false
[Open3D INFO] after sample, target size: 0, has normal: false
[Open3D INFO] source size: 14597, maxpoints_source_: 80000
[Open3D INFO] source size after voxel downsample: 11706
[Open3D INFO] after prerpocess: 11706
[Open3D INFO] 

time_diff:24.3695 s, localization right now
[Open3D INFO] 
***
****
***


last map update loc: x: 760.832, y: -895.265, z-58.1876,
                now loc: x: 767.907, y: -896.175, z-59.9563, 3d distance: 7.34925, now needpdate submap
[INFO] [1773653732.745884192]: submap_cost: 8.110000 ms
[Open3D INFO] before sample, target size: 0, has normal: false
[Open3D INFO] after sample, target size: 0, has normal: false
[Open3D INFO] source size: 14709, maxpoints_source_: 80000
[Open3D INFO] source size after voxel downsample: 11733
[Open3D INFO] after prerpocess: 11733
[Open3D INFO] 

time_diff:24.469 s, localization right now
[Open3D INFO] 
***
****
***


last map update loc: x: 767.907, y: -896.175, z-59.9563,
                now loc: x: 775.131, y: -897.134, z-61.7635, 3d distance: 7.50789, now needpdate submap
[INFO] [1773653732.845379869]: submap_cost: 8.160000 ms
[Open3D INFO] before sample, target size: 0, has normal: false
[Open3D INFO] after sample, target size: 0, has normal: false
[Open3D INFO] source size: 14682, maxpoints_source_: 80000
[Open3D INFO] source size after voxel downsample: 11811
[Open3D INFO] after prerpocess: 11811
[Open3D INFO] 

time_diff:24.5685 s, localization right now
[Open3D INFO] 
***
****
***


last map update loc: x: 775.131, y: -897.134, z-61.7635,
                now loc: x: 782.342, y: -898.016, z-63.5898, 3d distance: 7.49079, now needpdate submap
[INFO] [1773653732.945055680]: submap_cost: 8.225000 ms
[Open3D INFO] before sample, target size: 0, has normal: false
[Open3D INFO] after sample, target size: 0, has normal: false
[Open3D INFO] source size: 14918, maxpoints_source_: 80000
[Open3D INFO] source size after voxel downsample: 11991
[Open3D INFO] after prerpocess: 11991
[Open3D INFO] 

time_diff:24.6749 s, localization right now
[Open3D INFO] 
***
****
***


last map update loc: x: 782.342, y: -898.016, z-63.5898,
                now loc: x: 789.549, y: -898.84, z-65.4875, 3d distance: 7.49801, now needpdate submap
[INFO] [1773653733.051248571]: submap_cost: 8.047000 ms
[Open3D INFO] before sample, target size: 0, has normal: false
[Open3D INFO] after sample, target size: 0, has normal: false
[Open3D INFO] source size: 15114, maxpoints_source_: 80000
[Open3D INFO] source size after voxel downsample: 12045
[Open3D INFO] after prerpocess: 12045
[WARN] [1773653733.056115603]: Localization skip: target(submap) is empty, keep last odom2map
[Open3D INFO] 

time_diff:24.7722 s, localization right now
[Open3D INFO] 
***
****
***


last map update loc: x: 789.549, y: -898.84, z-65.4875,
                now loc: x: 796.741, y: -899.685, z-67.3643, 3d distance: 7.48103, now needpdate submap
[INFO] [1773653733.148496866]: submap_cost: 8.020000 ms
[Open3D INFO] before sample, target size: 0, has normal: false
[Open3D INFO] after sample, target size: 0, has normal: false
[Open3D INFO] source size: 15253, maxpoints_source_: 80000
[Open3D INFO] source size after voxel downsample: 12128
[Open3D INFO] after prerpocess: 12128
[Open3D INFO] 

time_diff:24.8742 s, localization right now
[Open3D INFO] 
***
****
***


last map update loc: x: 796.741, y: -899.685, z-67.3643,
                now loc: x: 804.08, y: -900.492, z-69.2952, 3d distance: 7.63174, now needpdate submap
[INFO] [1773653733.250532799]: submap_cost: 8.119000 ms
[Open3D INFO] before sample, target size: 0, has normal: false
[Open3D INFO] after sample, target size: 0, has normal: false
[Open3D INFO] source size: 15267, maxpoints_source_: 80000
[Open3D INFO] source size after voxel downsample: 12151
[Open3D INFO] after prerpocess: 12151
[Open3D INFO] 

time_diff:24.976 s, localization right now
[Open3D INFO] 
***
****
***


last map update loc: x: 804.08, y: -900.492, z-69.2952,
                now loc: x: 811.315, y: -901.235, z-71.25, 3d distance: 7.53047, now needpdate submap
[INFO] [1773653733.352437303]: submap_cost: 8.107000 ms
[Open3D INFO] before sample, target size: 0, has normal: false
[Open3D INFO] after sample, target size: 0, has normal: false
[Open3D INFO] source size: 15356, maxpoints_source_: 80000
[Open3D INFO] source size after voxel downsample: 12231
[Open3D INFO] after prerpocess: 12231
[Open3D INFO] 

time_diff:25.0735 s, localization right now
[Open3D INFO] 
***
****
***


last map update loc: x: 811.315, y: -901.235, z-71.25,
                now loc: x: 818.772, y: -901.938, z-73.1857, 3d distance: 7.73704, now needpdate submap
[INFO] [1773653733.450035852]: submap_cost: 8.139000 ms
[Open3D INFO] before sample, target size: 0, has normal: false
[Open3D INFO] after sample, target size: 0, has normal: false
[Open3D INFO] source size: 15293, maxpoints_source_: 80000
[Open3D INFO] source size after voxel downsample: 12271
[Open3D INFO] after prerpocess: 12271
[Open3D INFO] 

time_diff:25.1691 s, localization right now
[Open3D INFO] 
***
****
***


last map update loc: x: 818.772, y: -901.938, z-73.1857,
                now loc: x: 826.127, y: -902.612, z-75.1723, 3d distance: 7.6476, now needpdate submap
[INFO] [1773653733.545605204]: submap_cost: 8.137000 ms
[Open3D INFO] before sample, target size: 0, has normal: false
[Open3D INFO] after sample, target size: 0, has normal: false
[Open3D INFO] source size: 15260, maxpoints_source_: 80000
[Open3D INFO] source size after voxel downsample: 12241
[Open3D INFO] after prerpocess: 12241
[Open3D INFO] 

time_diff:25.2689 s, localization right now
[Open3D INFO] 
***
****
***


last map update loc: x: 826.127, y: -902.612, z-75.1723,
                now loc: x: 833.57, y: -903.251, z-77.1756, 3d distance: 7.73477, now needpdate submap
[INFO] [1773653733.645413020]: submap_cost: 8.182000 ms
[Open3D INFO] before sample, target size: 0, has normal: false
[Open3D INFO] after sample, target size: 0, has normal: false
[Open3D INFO] source size: 15205, maxpoints_source_: 80000
[Open3D INFO] source size after voxel downsample: 12142
[Open3D INFO] after prerpocess: 12142
[Open3D INFO] 

time_diff:25.3694 s, localization right now
[Open3D INFO] 
***
****
***


last map update loc: x: 833.57, y: -903.251, z-77.1756,
                now loc: x: 840.931, y: -903.836, z-79.1269, 3d distance: 7.6378, now needpdate submap
[INFO] [1773653733.745910207]: submap_cost: 8.130000 ms
[Open3D INFO] before sample, target size: 0, has normal: false
[Open3D INFO] after sample, target size: 0, has normal: false
[Open3D INFO] source size: 15226, maxpoints_source_: 80000
[Open3D INFO] source size after voxel downsample: 12137
[Open3D INFO] after prerpocess: 12137
[Open3D INFO] 

time_diff:25.4688 s, localization right now
[Open3D INFO] 
***
****
***


last map update loc: x: 840.931, y: -903.836, z-79.1269,
                now loc: x: 848.445, y: -904.424, z-81.1761, 3d distance: 7.80990, now needpdate submap
[INFO] [1773653733.845315512]: submap_cost: 8.182000 ms
[Open3D INFO] before sample, target size: 0, has normal: false
[Open3D INFO] after sample, target size: 0, has normal: false
[Open3D INFO] source size: 15182, maxpoints_source_: 80000
[Open3D INFO] source size after voxel downsample: 12113
[Open3D INFO] after prerpocess: 12113
[Open3D INFO] 

time_diff:25.569 s, localization right now
[Open3D INFO] 
***
****
***


last map update loc: x: 848.445, y: -904.424, z-81.1761,
                now loc: x: 855.932, y: -904.978, z-83.2155, 3d distance: 7.77954, now needpdate submap
[INFO] [1773653733.945573906]: submap_cost: 8.219000 ms
[Open3D INFO] before sample, target size: 0, has normal: false
[Open3D INFO] after sample, target size: 0, has normal: false
[Open3D INFO] source size: 14887, maxpoints_source_: 80000
[Open3D INFO] source size after voxel downsample: 11870
[Open3D INFO] after prerpocess: 11870
[Open3D INFO] 

time_diff:25.6749 s, localization right now
[Open3D INFO] 
***
****
***


last map update loc: x: 855.932, y: -904.978, z-83.2155,
                now loc: x: 863.48, y: -905.524, z-85.289, 3d distance: 7.84658, now needpdate submap
[INFO] [1773653734.051456736]: submap_cost: 8.201000 ms
[Open3D INFO] before sample, target size: 0, has normal: false
[Open3D INFO] after sample, target size: 0, has normal: false
[Open3D INFO] source size: 14150, maxpoints_source_: 80000
[Open3D INFO] source size after voxel downsample: 11242
[Open3D INFO] after prerpocess: 11242
[Open3D INFO] 

time_diff:25.7748 s, localization right now
[Open3D INFO] 
***
****
***


last map update loc: x: 863.48, y: -905.524, z-85.289,
                now loc: x: 871.031, y: -905.987, z-87.4085, 3d distance: 7.85695, now needpdate submap
[INFO] [1773653734.151234376]: submap_cost: 8.107000 ms
[Open3D INFO] before sample, target size: 0, has normal: false
[Open3D INFO] after sample, target size: 0, has normal: false
[Open3D INFO] source size: 13990, maxpoints_source_: 80000
[Open3D INFO] source size after voxel downsample: 11067
[Open3D INFO] after prerpocess: 11067
[WARN] [1773653734.155530443]: Localization skip: target(submap) is empty, keep last odom2map
[Open3D INFO] 

time_diff:25.8745 s, localization right now
[Open3D INFO] 
***
****
***


last map update loc: x: 871.031, y: -905.987, z-87.4085,
                now loc: x: 878.602, y: -906.431, z-89.5524, 3d distance: 7.88112, now needpdate submap
[INFO] [1773653734.250878506]: submap_cost: 8.041000 ms
[Open3D INFO] before sample, target size: 0, has normal: false
[Open3D INFO] after sample, target size: 0, has normal: false
[Open3D INFO] source size: 13318, maxpoints_source_: 80000
[Open3D INFO] source size after voxel downsample: 10488
[Open3D INFO] after prerpocess: 10488
[Open3D INFO] 

time_diff:25.9743 s, localization right now
[Open3D INFO] 
***
****
***


last map update loc: x: 878.602, y: -906.431, z-89.5524,
                now loc: x: 886.237, y: -906.863, z-91.7906, 3d distance: 7.96804, now needpdate submap
[INFO] [1773653734.350807191]: submap_cost: 8.206000 ms
[Open3D INFO] before sample, target size: 0, has normal: false
[Open3D INFO] after sample, target size: 0, has normal: false
[Open3D INFO] source size: 12134, maxpoints_source_: 80000
[Open3D INFO] source size after voxel downsample: 9605
[Open3D INFO] after prerpocess: 9605
[Open3D INFO] 

time_diff:26.0741 s, localization right now
[Open3D INFO] 
***
****
***


last map update loc: x: 886.237, y: -906.863, z-91.7906,
                now loc: x: 893.861, y: -907.263, z-94.0269, 3d distance: 7.95563, now needpdate submap
[INFO] [1773653734.450464538]: submap_cost: 8.097000 ms
[Open3D INFO] before sample, target size: 0, has normal: false
[Open3D INFO] after sample, target size: 0, has normal: false
[Open3D INFO] source size: 11112, maxpoints_source_: 80000
[Open3D INFO] source size after voxel downsample: 8741
[Open3D INFO] after prerpocess: 8741
[Open3D INFO] 

time_diff:26.17 s, localization right now
[Open3D INFO] 
***
****
***


last map update loc: x: 893.861, y: -907.263, z-94.0269,
                now loc: x: 901.495, y: -907.606, z-96.2598, 3d distance: 7.96086, now needpdate submap
[INFO] [1773653734.546304236]: submap_cost: 7.954000 ms
[Open3D INFO] before sample, target size: 0, has normal: false
[Open3D INFO] after sample, target size: 0, has normal: false
[Open3D INFO] source size: 10848, maxpoints_source_: 80000
[Open3D INFO] source size after voxel downsample: 8570
[Open3D INFO] after prerpocess: 8570
[Open3D INFO] 

time_diff:26.2698 s, localization right now
[Open3D INFO] 
***
****
***


last map update loc: x: 901.495, y: -907.606, z-96.2598,
                now loc: x: 909.164, y: -907.919, z-98.6222, 3d distance: 8.03061, now needpdate submap
[INFO] [1773653734.646378078]: submap_cost: 8.182000 ms
[Open3D INFO] before sample, target size: 0, has normal: false
[Open3D INFO] after sample, target size: 0, has normal: false
[Open3D INFO] source size: 10610, maxpoints_source_: 80000
[Open3D INFO] source size after voxel downsample: 8378
[Open3D INFO] after prerpocess: 8378
[Open3D INFO] 

time_diff:26.3691 s, localization right now
[Open3D INFO] 
***
****
***


last map update loc: x: 909.164, y: -907.919, z-98.6222,
                now loc: x: 916.866, y: -908.182, z-100.966, 3d distance: 8.05561, now needpdate submap
[INFO] [1773653734.745699732]: submap_cost: 8.186000 ms
[Open3D INFO] before sample, target size: 0, has normal: false
[Open3D INFO] after sample, target size: 0, has normal: false
[Open3D INFO] source size: 10505, maxpoints_source_: 80000
[Open3D INFO] source size after voxel downsample: 8302
[Open3D INFO] after prerpocess: 8302
[Open3D INFO] 

time_diff:26.4716 s, localization right now
[Open3D INFO] 
***
****
***


last map update loc: x: 916.866, y: -908.182, z-100.966,
                now loc: x: 924.58, y: -908.375, z-103.362, 3d distance: 8.07984, now needpdate submap
[INFO] [1773653734.848035997]: submap_cost: 8.178000 ms
[Open3D INFO] before sample, target size: 0, has normal: false
[Open3D INFO] after sample, target size: 0, has normal: false
[Open3D INFO] source size: 10379, maxpoints_source_: 80000
[Open3D INFO] source size after voxel downsample: 8099
[Open3D INFO] after prerpocess: 8099
[Open3D INFO] 

time_diff:26.5757 s, localization right now
[Open3D INFO] 
***
****
***


last map update loc: x: 924.58, y: -908.375, z-103.362,
                now loc: x: 932.297, y: -908.553, z-105.754, 3d distance: 8.08048, now needpdate submap
[INFO] [1773653734.952023236]: submap_cost: 8.036000 ms
[Open3D INFO] before sample, target size: 0, has normal: false
[Open3D INFO] after sample, target size: 0, has normal: false
[Open3D INFO] source size: 10166, maxpoints_source_: 80000
[Open3D INFO] source size after voxel downsample: 7944
[Open3D INFO] after prerpocess: 7944
[Open3D INFO] 

time_diff:26.6755 s, localization right now
[Open3D INFO] 
***
****
***


last map update loc: x: 932.297, y: -908.553, z-105.754,
                now loc: x: 940.071, y: -908.723, z-108.166, 3d distance: 8.14148, now needpdate submap
[INFO] [1773653735.051999859]: submap_cost: 8.143000 ms
[Open3D INFO] before sample, target size: 0, has normal: false
[Open3D INFO] after sample, target size: 0, has normal: false
[Open3D INFO] source size: 10129, maxpoints_source_: 80000
[Open3D INFO] source size after voxel downsample: 7881
[Open3D INFO] after prerpocess: 7881
[Open3D INFO] 

time_diff:26.7764 s, localization right now
[Open3D INFO] 
***
****
***


last map update loc: x: 940.071, y: -908.723, z-108.166,
                now loc: x: 947.815, y: -908.828, z-110.638, 3d distance: 8.12935, now needpdate submap
[INFO] [1773653735.152822466]: submap_cost: 8.077000 ms
[Open3D INFO] before sample, target size: 0, has normal: false
[Open3D INFO] after sample, target size: 0, has normal: false
[Open3D INFO] source size: 9805, maxpoints_source_: 80000
[Open3D INFO] source size after voxel downsample: 7612
[Open3D INFO] after prerpocess: 7612
[WARN] [1773653735.155597515]: Localization skip: target(submap) is empty, keep last odom2map
[Open3D INFO] 

time_diff:26.8701 s, localization right now
[Open3D INFO] 
***
****
***


last map update loc: x: 947.815, y: -908.828, z-110.638,
                now loc: x: 955.672, y: -908.806, z-113.268, 3d distance: 8.28591, now needpdate submap
[INFO] [1773653735.246638823]: submap_cost: 8.164000 ms
[Open3D INFO] before sample, target size: 0, has normal: false
[Open3D INFO] after sample, target size: 0, has normal: false
[Open3D INFO] source size: 9110, maxpoints_source_: 80000
[Open3D INFO] source size after voxel downsample: 7050
[Open3D INFO] after prerpocess: 7050
[Open3D INFO] 

time_diff:26.9692 s, localization right now
[Open3D INFO] 
***
****
***


last map update loc: x: 955.672, y: -908.806, z-113.268,
                now loc: x: 963.449, y: -908.769, z-115.91, 3d distance: 8.2138, now needpdate submap
[INFO] [1773653735.345749589]: submap_cost: 8.171000 ms
[Open3D INFO] before sample, target size: 0, has normal: false
[Open3D INFO] after sample, target size: 0, has normal: false
[Open3D INFO] source size: 8592, maxpoints_source_: 80000
[Open3D INFO] source size after voxel downsample: 6697
[Open3D INFO] after prerpocess: 6697
[Open3D INFO] 

time_diff:27.0694 s, localization right now
[Open3D INFO] 
***
****
***


last map update loc: x: 963.449, y: -908.769, z-115.91,
                now loc: x: 971.203, y: -908.682, z-118.524, 3d distance: 8.18301, now needpdate submap
[INFO] [1773653735.445950732]: submap_cost: 8.149000 ms
[Open3D INFO] before sample, target size: 0, has normal: false
[Open3D INFO] after sample, target size: 0, has normal: false
[Open3D INFO] source size: 8317, maxpoints_source_: 80000
[Open3D INFO] source size after voxel downsample: 6338
[Open3D INFO] after prerpocess: 6338
[Open3D INFO] 

time_diff:27.1687 s, localization right now
[Open3D INFO] 
***
****
***


last map update loc: x: 971.203, y: -908.682, z-118.524,
                now loc: x: 979.048, y: -908.603, z-121.143, 3d distance: 8.27145, now needpdate submap
[INFO] [1773653735.545178591]: submap_cost: 8.149000 ms
[Open3D INFO] before sample, target size: 0, has normal: false
[Open3D INFO] after sample, target size: 0, has normal: false
[Open3D INFO] source size: 7995, maxpoints_source_: 80000
[Open3D INFO] source size after voxel downsample: 6093
[Open3D INFO] after prerpocess: 6093
[Open3D INFO] 

time_diff:27.2724 s, localization right now
[Open3D INFO] 
***
****
***


last map update loc: x: 979.048, y: -908.603, z-121.143,
                now loc: x: 987.018, y: -908.47, z-123.808, 3d distance: 8.40439, now needpdate submap
[INFO] [1773653735.648807096]: submap_cost: 8.050000 ms
[Open3D INFO] before sample, target size: 0, has normal: false
[Open3D INFO] after sample, target size: 0, has normal: false
[Open3D INFO] source size: 7663, maxpoints_source_: 80000
[Open3D INFO] source size after voxel downsample: 5821
[Open3D INFO] after prerpocess: 5821
[Open3D INFO] 

time_diff:27.373 s, localization right now
[Open3D INFO] 
***
****
***


last map update loc: x: 987.018, y: -908.47, z-123.808,
                now loc: x: 994.936, y: -908.179, z-126.577, 3d distance: 8.39345, now needpdate submap
[INFO] [1773653735.749195415]: submap_cost: 7.972000 ms
[Open3D INFO] before sample, target size: 0, has normal: false
[Open3D INFO] after sample, target size: 0, has normal: false
[Open3D INFO] source size: 7353, maxpoints_source_: 80000
[Open3D INFO] source size after voxel downsample: 5532
[Open3D INFO] after prerpocess: 5532
[Open3D INFO] 

time_diff:27.4741 s, localization right now
[Open3D INFO] 
***
****
***


last map update loc: x: 994.936, y: -908.179, z-126.577,
                now loc: x: 1002.84, y: -907.862, z-129.396, 3d distance: 8.39866, now needpdate submap
[INFO] [1773653735.850624605]: submap_cost: 8.194000 ms
[Open3D INFO] before sample, target size: 0, has normal: false
[Open3D INFO] after sample, target size: 0, has normal: false
[Open3D INFO] source size: 7295, maxpoints_source_: 80000
[Open3D INFO] source size after voxel downsample: 5414
[Open3D INFO] after prerpocess: 5414
[Open3D INFO] 

time_diff:27.5736 s, localization right now
[Open3D INFO] 
***
****
***


last map update loc: x: 1002.84, y: -907.862, z-129.396,
                now loc: x: 1010.8, y: -907.557, z-132.291, 3d distance: 8.4737, now needpdate submap
[INFO] [1773653735.949938770]: submap_cost: 8.018000 ms
[Open3D INFO] before sample, target size: 0, has normal: false
[Open3D INFO] after sample, target size: 0, has normal: false
[Open3D INFO] source size: 7274, maxpoints_source_: 80000
[Open3D INFO] source size after voxel downsample: 5277
[Open3D INFO] after prerpocess: 5277
[Open3D INFO] 

time_diff:27.675 s, localization right now
[Open3D INFO] 
***
****
***


last map update loc: x: 1010.8, y: -907.557, z-132.291,
                now loc: x: 1018.75, y: -907.106, z-135.202, 3d distance: 8.48093, now needpdate submap
[INFO] [1773653736.051380313]: submap_cost: 8.007000 ms
[Open3D INFO] before sample, target size: 0, has normal: false
[Open3D INFO] after sample, target size: 0, has normal: false
[Open3D INFO] source size: 7078, maxpoints_source_: 80000
[Open3D INFO] source size after voxel downsample: 5106
[Open3D INFO] after prerpocess: 5106
[Open3D INFO] 

time_diff:27.7706 s, localization right now
[Open3D INFO] 
***
****
***


last map update loc: x: 1018.75, y: -907.106, z-135.202,
                now loc: x: 1026.57, y: -906.568, z-138.187, 3d distance: 8.38814, now needpdate submap
[INFO] [1773653736.147160841]: submap_cost: 8.196000 ms
[Open3D INFO] before sample, target size: 0, has normal: false
[Open3D INFO] after sample, target size: 0, has normal: false
[Open3D INFO] source size: 6913, maxpoints_source_: 80000
[Open3D INFO] source size after voxel downsample: 4973
[Open3D INFO] after prerpocess: 4973
[Open3D INFO] 

time_diff:27.8719 s, localization right now
[Open3D INFO] 
***
****
***


last map update loc: x: 1026.57, y: -906.568, z-138.187,
                now loc: x: 1034.56, y: -905.962, z-141.234, 3d distance: 8.57114, now needpdate submap
[INFO] [1773653736.248442473]: submap_cost: 8.210000 ms
[Open3D INFO] before sample, target size: 0, has normal: false
[Open3D INFO] after sample, target size: 0, has normal: false
[Open3D INFO] source size: 6785, maxpoints_source_: 80000
[Open3D INFO] source size after voxel downsample: 4856
[Open3D INFO] after prerpocess: 4856
[WARN] [1773653736.250189195]: Localization skip: target(submap) is empty, keep last odom2map
[Open3D INFO] 

time_diff:27.9722 s, localization right now
[Open3D INFO] 
***
****
***


last map update loc: x: 1034.56, y: -905.962, z-141.234,
                now loc: x: 1042.44, y: -905.302, z-144.324, 3d distance: 8.48944, now needpdate submap
[INFO] [1773653736.348700515]: submap_cost: 8.174000 ms
[Open3D INFO] before sample, target size: 0, has normal: false
[Open3D INFO] after sample, target size: 0, has normal: false
[Open3D INFO] source size: 6663, maxpoints_source_: 80000
[Open3D INFO] source size after voxel downsample: 4826
[Open3D INFO] after prerpocess: 4826
[Open3D INFO] 

time_diff:28.0747 s, localization right now
[Open3D INFO] 
***
****
***


last map update loc: x: 1042.44, y: -905.302, z-144.324,
                now loc: x: 1050.3, y: -904.558, z-147.459, 3d distance: 8.49808, now needpdate submap
[INFO] [1773653736.451143439]: submap_cost: 8.122000 ms
[Open3D INFO] before sample, target size: 0, has normal: false
[Open3D INFO] after sample, target size: 0, has normal: false
[Open3D INFO] source size: 6610, maxpoints_source_: 80000
[Open3D INFO] source size after voxel downsample: 4864
[Open3D INFO] after prerpocess: 4864
[Open3D INFO] 

time_diff:28.1736 s, localization right now
[Open3D INFO] 
***
****
***


last map update loc: x: 1050.3, y: -904.558, z-147.459,
                now loc: x: 1058.14, y: -903.771, z-150.592, 3d distance: 8.47221, now needpdate submap
[INFO] [1773653736.550113336]: submap_cost: 8.160000 ms
[Open3D INFO] before sample, target size: 0, has normal: false
[Open3D INFO] after sample, target size: 0, has normal: false
[Open3D INFO] source size: 6774, maxpoints_source_: 80000
[Open3D INFO] source size after voxel downsample: 4919
[Open3D INFO] after prerpocess: 4919
[Open3D INFO] 

time_diff:28.2724 s, localization right now
[Open3D INFO] 
***
****
***


last map update loc: x: 1058.14, y: -903.771, z-150.592,
                now loc: x: 1066.01, y: -902.927, z-153.828, 3d distance: 8.55121, now needpdate submap
[INFO] [1773653736.648902938]: submap_cost: 8.189000 ms
[Open3D INFO] before sample, target size: 0, has normal: false
[Open3D INFO] after sample, target size: 0, has normal: false
[Open3D INFO] source size: 6709, maxpoints_source_: 80000
[Open3D INFO] source size after voxel downsample: 4902
[Open3D INFO] after prerpocess: 4902
[Open3D INFO] 

time_diff:28.3736 s, localization right now
[Open3D INFO] 
***
****
***


last map update loc: x: 1066.01, y: -902.927, z-153.828,
                now loc: x: 1073.85, y: -901.981, z-157.192, 3d distance: 8.5871, now needpdate submap
[INFO] [1773653736.749816972]: submap_cost: 7.992000 ms
[Open3D INFO] before sample, target size: 0, has normal: false
[Open3D INFO] after sample, target size: 0, has normal: false
[Open3D INFO] source size: 6606, maxpoints_source_: 80000
[Open3D INFO] source size after voxel downsample: 4846
[Open3D INFO] after prerpocess: 4846
[Open3D INFO] 

time_diff:28.4719 s, localization right now
[Open3D INFO] 
***
****
***


last map update loc: x: 1073.85, y: -901.981, z-157.192,
                now loc: x: 1081.7, y: -901.016, z-160.598, 3d distance: 8.60882, now needpdate submap
[INFO] [1773653736.848156637]: submap_cost: 8.033000 ms
[Open3D INFO] before sample, target size: 0, has normal: false
[Open3D INFO] after sample, target size: 0, has normal: false
[Open3D INFO] source size: 6648, maxpoints_source_: 80000
[Open3D INFO] source size after voxel downsample: 4797
[Open3D INFO] after prerpocess: 4797
[Open3D INFO] 

time_diff:28.5713 s, localization right now
[Open3D INFO] 
***
****
***


last map update loc: x: 1081.7, y: -901.016, z-160.598,
                now loc: x: 1089.53, y: -899.96, z-163.959, 3d distance: 8.58763, now needpdate submap
[INFO] [1773653736.947643129]: submap_cost: 8.105000 ms
[Open3D INFO] before sample, target size: 0, has normal: false
[Open3D INFO] after sample, target size: 0, has normal: false
[Open3D INFO] source size: 6624, maxpoints_source_: 80000
[Open3D INFO] source size after voxel downsample: 4846
[Open3D INFO] after prerpocess: 4846
[Open3D INFO] 

time_diff:28.668 s, localization right now
[Open3D INFO] 
***
****
***


last map update loc: x: 1089.53, y: -899.96, z-163.959,
                now loc: x: 1097.42, y: -898.835, z-167.549, 3d distance: 8.74321, now needpdate submap
[INFO] [1773653737.044604054]: submap_cost: 8.219000 ms
[Open3D INFO] before sample, target size: 0, has normal: false
[Open3D INFO] after sample, target size: 0, has normal: false
[Open3D INFO] source size: 6432, maxpoints_source_: 80000
[Open3D INFO] source size after voxel downsample: 4749
[Open3D INFO] after prerpocess: 4749
[Open3D INFO] 

time_diff:28.7718 s, localization right now
[Open3D INFO] 
***
****
***


last map update loc: x: 1097.42, y: -898.835, z-167.549,
                now loc: x: 1105.29, y: -897.628, z-171.169, 3d distance: 8.74184, now needpdate submap
[INFO] [1773653737.148001926]: submap_cost: 8.015000 ms
[Open3D INFO] before sample, target size: 0, has normal: false
[Open3D INFO] after sample, target size: 0, has normal: false
[Open3D INFO] source size: 6371, maxpoints_source_: 80000
[Open3D INFO] source size after voxel downsample: 4734
[Open3D INFO] after prerpocess: 4734
[Open3D INFO] 

time_diff:28.8725 s, localization right now
[Open3D INFO] 
***
****
***


last map update loc: x: 1105.29, y: -897.628, z-171.169,
                now loc: x: 1113.08, y: -896.336, z-174.746, 3d distance: 8.66921, now needpdate submap
[INFO] [1773653737.248759699]: submap_cost: 8.048000 ms
[Open3D INFO] before sample, target size: 0, has normal: false
[Open3D INFO] after sample, target size: 0, has normal: false
[Open3D INFO] source size: 6516, maxpoints_source_: 80000
[Open3D INFO] source size after voxel downsample: 4752
[Open3D INFO] after prerpocess: 4752
[WARN] [1773653737.250789728]: Localization skip: target(submap) is empty, keep last odom2map
[Open3D INFO] 

time_diff:28.9705 s, localization right now
[Open3D INFO] 
***
****
***


last map update loc: x: 1113.08, y: -896.336, z-174.746,
                now loc: x: 1120.99, y: -894.992, z-178.522, 3d distance: 8.86612, now needpdate submap
[INFO] [1773653737.346962334]: submap_cost: 8.147000 ms
[Open3D INFO] before sample, target size: 0, has normal: false
[Open3D INFO] after sample, target size: 0, has normal: false
[Open3D INFO] source size: 6359, maxpoints_source_: 80000
[Open3D INFO] source size after voxel downsample: 4661
[Open3D INFO] after prerpocess: 4661
[Open3D INFO] 

time_diff:29.0722 s, localization right now
[Open3D INFO] 
***
****
***


last map update loc: x: 1120.99, y: -894.992, z-178.522,
                now loc: x: 1128.72, y: -893.631, z-182.221, 3d distance: 8.67652, now needpdate submap
[INFO] [1773653737.448818228]: submap_cost: 8.225000 ms
[Open3D INFO] before sample, target size: 0, has normal: false
[Open3D INFO] after sample, target size: 0, has normal: false
[Open3D INFO] source size: 6360, maxpoints_source_: 80000
[Open3D INFO] source size after voxel downsample: 4669
[Open3D INFO] after prerpocess: 4669
[Open3D INFO] 

time_diff:29.1718 s, localization right now
[Open3D INFO] 
***
****
***


last map update loc: x: 1128.72, y: -893.631, z-182.221,
                now loc: x: 1136.69, y: -892.192, z-186.094, 3d distance: 8.97879, now needpdate submap
[INFO] [1773653737.548155595]: submap_cost: 8.018000 ms
[Open3D INFO] before sample, target size: 0, has normal: false
[Open3D INFO] after sample, target size: 0, has normal: false
[Open3D INFO] source size: 6330, maxpoints_source_: 80000
[Open3D INFO] source size after voxel downsample: 4648
[Open3D INFO] after prerpocess: 4648
[Open3D INFO] 

time_diff:29.2693 s, localization right now
[Open3D INFO] 
***
****
***


last map update loc: x: 1136.69, y: -892.192, z-186.094,
                now loc: x: 1144.44, y: -890.73, z-189.971, 3d distance: 8.79257, now needpdate submap
[INFO] [1773653737.645839779]: submap_cost: 8.175000 ms
[Open3D INFO] before sample, target size: 0, has normal: false
[Open3D INFO] after sample, target size: 0, has normal: false
[Open3D INFO] source size: 6421, maxpoints_source_: 80000
[Open3D INFO] source size after voxel downsample: 4676
[Open3D INFO] after prerpocess: 4676
[Open3D INFO] 

time_diff:29.3711 s, localization right now
[Open3D INFO] 
***
****
***


last map update loc: x: 1144.44, y: -890.73, z-189.971,
                now loc: x: 1152.3, y: -889.097, z-194.055, 3d distance: 9.00126, now needpdate submap
[INFO] [1773653737.747625783]: submap_cost: 8.201000 ms
[Open3D INFO] before sample, target size: 0, has normal: false
[Open3D INFO] after sample, target size: 0, has normal: false
[Open3D INFO] source size: 6219, maxpoints_source_: 80000
[Open3D INFO] source size after voxel downsample: 4594
[Open3D INFO] after prerpocess: 4594
[Open3D INFO] 

time_diff:29.4665 s, localization right now
[Open3D INFO] 
***
****
***


last map update loc: x: 1152.3, y: -889.097, z-194.055,
                now loc: x: 1159.98, y: -887.519, z-198.158, 3d distance: 8.85705, now needpdate submap
[INFO] [1773653737.842716396]: submap_cost: 7.982000 ms
[Open3D INFO] before sample, target size: 0, has normal: false
[Open3D INFO] after sample, target size: 0, has normal: false
[Open3D INFO] source size: 6150, maxpoints_source_: 80000
[Open3D INFO] source size after voxel downsample: 4488
[Open3D INFO] after prerpocess: 4488
[Open3D INFO] 

time_diff:29.5667 s, localization right now
[Open3D INFO] 
***
****
***


last map update loc: x: 1159.98, y: -887.519, z-198.158,
                now loc: x: 1167.76, y: -885.77, z-202.327, 3d distance: 8.99755, now needpdate submap
[INFO] [1773653737.942970726]: submap_cost: 7.985000 ms
[Open3D INFO] before sample, target size: 0, has normal: false
[Open3D INFO] after sample, target size: 0, has normal: false
[Open3D INFO] source size: 6158, maxpoints_source_: 80000
[Open3D INFO] source size after voxel downsample: 4470
[Open3D INFO] after prerpocess: 4470
[Open3D INFO] 

time_diff:29.673 s, localization right now
[Open3D INFO] 
***
****
***


last map update loc: x: 1167.76, y: -885.77, z-202.327,
                now loc: x: 1175.67, y: -884.027, z-206.51, 3d distance: 9.11106, now needpdate submap
[INFO] [1773653738.049143167]: submap_cost: 7.939000 ms
[Open3D INFO] before sample, target size: 0, has normal: false
[Open3D INFO] after sample, target size: 0, has normal: false
[Open3D INFO] source size: 6051, maxpoints_source_: 80000
[Open3D INFO] source size after voxel downsample: 4497
[Open3D INFO] after prerpocess: 4497
[Open3D INFO] 

time_diff:29.7698 s, localization right now
[Open3D INFO] 
***
****
***


last map update loc: x: 1175.67, y: -884.027, z-206.51,
                now loc: x: 1183.52, y: -882.186, z-210.762, 3d distance: 9.11546, now needpdate submap
[INFO] [1773653738.146071035]: submap_cost: 7.956000 ms
[Open3D INFO] before sample, target size: 0, has normal: false
[Open3D INFO] after sample, target size: 0, has normal: false
[Open3D INFO] source size: 5950, maxpoints_source_: 80000
[Open3D INFO] source size after voxel downsample: 4400
[Open3D INFO] after prerpocess: 4400
[Open3D INFO] 

time_diff:29.8676 s, localization right now
[Open3D INFO] 
***
****
***


last map update loc: x: 1183.52, y: -882.186, z-210.762,
                now loc: x: 1191.38, y: -880.314, z-215.018, 3d distance: 9.13741, now needpdate submap
[INFO] [1773653738.244079647]: submap_cost: 8.153000 ms
[Open3D INFO] before sample, target size: 0, has normal: false
[Open3D INFO] after sample, target size: 0, has normal: false
[Open3D INFO] source size: 5962, maxpoints_source_: 80000
[Open3D INFO] source size after voxel downsample: 4436
[Open3D INFO] after prerpocess: 4436
[Open3D INFO] 

time_diff:29.9676 s, localization right now
[Open3D INFO] 
***
****
***


last map update loc: x: 1191.38, y: -880.314, z-215.018,
                now loc: x: 1199.18, y: -878.459, z-219.34, 3d distance: 9.10518, now needpdate submap
[INFO] [1773653738.344081199]: submap_cost: 8.132000 ms
[Open3D INFO] before sample, target size: 0, has normal: false
[Open3D INFO] after sample, target size: 0, has normal: false
[Open3D INFO] source size: 5943, maxpoints_source_: 80000
[Open3D INFO] source size after voxel downsample: 4431
[Open3D INFO] after prerpocess: 4431
[WARN] [1773653738.345703628]: Localization skip: target(submap) is empty, keep last odom2map
[Open3D INFO] 

time_diff:30.0677 s, localization right now
[Open3D INFO] 
***
****
***


last map update loc: x: 1199.18, y: -878.459, z-219.34,
                now loc: x: 1206.93, y: -876.556, z-223.647, 3d distance: 9.06731, now needpdate submap
[INFO] [1773653738.444265574]: submap_cost: 8.191000 ms
[Open3D INFO] before sample, target size: 0, has normal: false
[Open3D INFO] after sample, target size: 0, has normal: false
[Open3D INFO] source size: 5926, maxpoints_source_: 80000
[Open3D INFO] source size after voxel downsample: 4476
[Open3D INFO] after prerpocess: 4476
[Open3D INFO] 

time_diff:30.1674 s, localization right now
[Open3D INFO] 
***
****
***


last map update loc: x: 1206.93, y: -876.556, z-223.647,
                now loc: x: 1214.86, y: -874.568, z-228.089, 3d distance: 9.30891, now needpdate submap
[INFO] [1773653738.543829445]: submap_cost: 8.124000 ms
[Open3D INFO] before sample, target size: 0, has normal: false
[Open3D INFO] after sample, target size: 0, has normal: false
[Open3D INFO] source size: 5913, maxpoints_source_: 80000
[Open3D INFO] source size after voxel downsample: 4446
[Open3D INFO] after prerpocess: 4446
[Open3D INFO] 

time_diff:30.2683 s, localization right now
[Open3D INFO] 
***
****
***


last map update loc: x: 1214.86, y: -874.568, z-228.089,
                now loc: x: 1222.69, y: -872.512, z-232.61, 3d distance: 9.27115, now needpdate submap
[INFO] [1773653738.644726455]: submap_cost: 8.066000 ms
[Open3D INFO] before sample, target size: 0, has normal: false
[Open3D INFO] after sample, target size: 0, has normal: false
[Open3D INFO] source size: 5911, maxpoints_source_: 80000
[Open3D INFO] source size after voxel downsample: 4429
[Open3D INFO] after prerpocess: 4429
[Open3D INFO] 

time_diff:30.3733 s, localization right now
[Open3D INFO] 
***
****
***


last map update loc: x: 1222.69, y: -872.512, z-232.61,
                now loc: x: 1230.6, y: -870.355, z-237.075, 3d distance: 9.33512, now needpdate submap
[INFO] [1773653738.749711171]: submap_cost: 8.160000 ms
[Open3D INFO] before sample, target size: 0, has normal: false
[Open3D INFO] after sample, target size: 0, has normal: false
[Open3D INFO] source size: 5799, maxpoints_source_: 80000
[Open3D INFO] source size after voxel downsample: 4355
[Open3D INFO] after prerpocess: 4355
[Open3D INFO] 

time_diff:30.4662 s, localization right now
[Open3D INFO] 
***
****
***


last map update loc: x: 1230.6, y: -870.355, z-237.075,
                now loc: x: 1238.41, y: -868.248, z-241.594, 3d distance: 9.26258, now needpdate submap
[INFO] [1773653738.842631559]: submap_cost: 8.151000 ms
[Open3D INFO] before sample, target size: 0, has normal: false
[Open3D INFO] after sample, target size: 0, has normal: false
[Open3D INFO] source size: 5793, maxpoints_source_: 80000
[Open3D INFO] source size after voxel downsample: 4373
[Open3D INFO] after prerpocess: 4373
[Open3D INFO] 

time_diff:30.5682 s, localization right now
[Open3D INFO] 
***
****
***


last map update loc: x: 1238.41, y: -868.248, z-241.594,
                now loc: x: 1246.32, y: -866.042, z-246.229, 3d distance: 9.4346, now needpdate submap
[INFO] [1773653738.944653411]: submap_cost: 8.112000 ms
[Open3D INFO] before sample, target size: 0, has normal: false
[Open3D INFO] after sample, target size: 0, has normal: false
[Open3D INFO] source size: 5687, maxpoints_source_: 80000
[Open3D INFO] source size after voxel downsample: 4292
[Open3D INFO] after prerpocess: 4292
[Open3D INFO] 

time_diff:30.669 s, localization right now
[Open3D INFO] 
***
****
***


last map update loc: x: 1246.32, y: -866.042, z-246.229,
                now loc: x: 1254.19, y: -863.77, z-250.868, 3d distance: 9.41147, now needpdate submap
[INFO] [1773653739.045583834]: submap_cost: 8.199000 ms
[Open3D INFO] before sample, target size: 0, has normal: false
[Open3D INFO] after sample, target size: 0, has normal: false
[Open3D INFO] source size: 5568, maxpoints_source_: 80000
[Open3D INFO] source size after voxel downsample: 4140
[Open3D INFO] after prerpocess: 4140
[Open3D INFO] 

time_diff:30.7676 s, localization right now
[Open3D INFO] 
***
****
***


last map update loc: x: 1254.19, y: -863.77, z-250.868,
                now loc: x: 1262.05, y: -861.454, z-255.58, 3d distance: 9.44769, now needpdate submap
[INFO] [1773653739.144058833]: submap_cost: 8.033000 ms
[Open3D INFO] before sample, target size: 0, has normal: false
[Open3D INFO] after sample, target size: 0, has normal: false
[Open3D INFO] source size: 5484, maxpoints_source_: 80000
[Open3D INFO] source size after voxel downsample: 4126
[Open3D INFO] after prerpocess: 4126
[Open3D INFO] 

time_diff:30.8686 s, localization right now
[Open3D INFO] 
***
****
***


last map update loc: x: 1262.05, y: -861.454, z-255.58,
                now loc: x: 1269.87, y: -859.133, z-260.226, 3d distance: 9.38724, now needpdate submap
[INFO] [1773653739.244792484]: submap_cost: 7.950000 ms
[Open3D INFO] before sample, target size: 0, has normal: false
[Open3D INFO] after sample, target size: 0, has normal: false
[Open3D INFO] source size: 5651, maxpoints_source_: 80000
[Open3D INFO] source size after voxel downsample: 4292
[Open3D INFO] after prerpocess: 4292
[Open3D INFO] 

time_diff:30.9679 s, localization right now
[Open3D INFO] 
***
****
***


last map update loc: x: 1269.87, y: -859.133, z-260.226,
                now loc: x: 1277.89, y: -856.718, z-264.959, 3d distance: 9.61975, now needpdate submap
[INFO] [1773653739.344419322]: submap_cost: 8.099000 ms
[Open3D INFO] before sample, target size: 0, has normal: false
[Open3D INFO] after sample, target size: 0, has normal: false
[Open3D INFO] source size: 5573, maxpoints_source_: 80000
[Open3D INFO] source size after voxel downsample: 4233
[Open3D INFO] after prerpocess: 4233
[WARN] [1773653739.346052901]: Localization skip: target(submap) is empty, keep last odom2map
[Open3D INFO] 

time_diff:31.068 s, localization right now
[Open3D INFO] 
***
****
***


last map update loc: x: 1277.89, y: -856.718, z-264.959,
                now loc: x: 1285.73, y: -854.31, z-269.728, 3d distance: 9.48843, now needpdate submap
[INFO] [1773653739.444229717]: submap_cost: 7.965000 ms
[Open3D INFO] before sample, target size: 0, has normal: false
[Open3D INFO] after sample, target size: 0, has normal: false
[Open3D INFO] source size: 5496, maxpoints_source_: 80000
[Open3D INFO] source size after voxel downsample: 4153
[Open3D INFO] after prerpocess: 4153
[Open3D INFO] 

time_diff:31.1676 s, localization right now
[Open3D INFO] 
***
****
***


last map update loc: x: 1285.73, y: -854.31, z-269.728,
                now loc: x: 1293.67, y: -851.787, z-274.573, 3d distance: 9.64268, now needpdate submap
[INFO] [1773653739.544038063]: submap_cost: 8.181000 ms
[Open3D INFO] before sample, target size: 0, has normal: false
[Open3D INFO] after sample, target size: 0, has normal: false
[Open3D INFO] source size: 5423, maxpoints_source_: 80000
[Open3D INFO] source size after voxel downsample: 4113
[Open3D INFO] after prerpocess: 4113
[Open3D INFO] 

time_diff:31.2682 s, localization right now
[Open3D INFO] 
***
****
***


last map update loc: x: 1293.67, y: -851.787, z-274.573,
                now loc: x: 1301.57, y: -849.315, z-279.481, 3d distance: 9.62147, now needpdate submap
[INFO] [1773653739.645105131]: submap_cost: 8.567000 ms
[Open3D INFO] before sample, target size: 0, has normal: false
[Open3D INFO] after sample, target size: 0, has normal: false
[Open3D INFO] source size: 5449, maxpoints_source_: 80000
[Open3D INFO] source size after voxel downsample: 4111
[Open3D INFO] after prerpocess: 4111
[Open3D INFO] 

time_diff:31.3684 s, localization right now
[Open3D INFO] 
***
****
***


last map update loc: x: 1301.57, y: -849.315, z-279.481,
                now loc: x: 1309.51, y: -846.688, z-284.434, 3d distance: 9.7175, now needpdate submap
[INFO] [1773653739.744750913]: submap_cost: 8.005000 ms
[Open3D INFO] before sample, target size: 0, has normal: false
[Open3D INFO] after sample, target size: 0, has normal: false
[Open3D INFO] source size: 5316, maxpoints_source_: 80000
[Open3D INFO] source size after voxel downsample: 3997
[Open3D INFO] after prerpocess: 3997
[Open3D INFO] 

time_diff:31.472 s, localization right now
[Open3D INFO] 
***
****
***


last map update loc: x: 1309.51, y: -846.688, z-284.434,
                now loc: x: 1317.48, y: -844.053, z-289.403, 3d distance: 9.75608, now needpdate submap
[INFO] [1773653739.848491653]: submap_cost: 8.084000 ms
[Open3D INFO] before sample, target size: 0, has normal: false
[Open3D INFO] after sample, target size: 0, has normal: false
[Open3D INFO] source size: 5231, maxpoints_source_: 80000
[Open3D INFO] source size after voxel downsample: 3990
[Open3D INFO] after prerpocess: 3990
[Open3D INFO] 

time_diff:31.5727 s, localization right now
[Open3D INFO] 
***
****
***


last map update loc: x: 1317.48, y: -844.053, z-289.403,
                now loc: x: 1325.4, y: -841.372, z-294.446, 3d distance: 9.76571, now needpdate submap
[INFO] [1773653739.949220696]: submap_cost: 8.220000 ms
[Open3D INFO] before sample, target size: 0, has normal: false
[Open3D INFO] after sample, target size: 0, has normal: false
[Open3D INFO] source size: 5221, maxpoints_source_: 80000
[Open3D INFO] source size after voxel downsample: 3950
[Open3D INFO] after prerpocess: 3950
[Open3D INFO] 

time_diff:31.6717 s, localization right now
[Open3D INFO] 
***
****
***


last map update loc: x: 1325.4, y: -841.372, z-294.446,
                now loc: x: 1333.34, y: -838.546, z-299.453, 3d distance: 9.80237, now needpdate submap
[INFO] [1773653740.048118938]: submap_cost: 8.136000 ms
[Open3D INFO] before sample, target size: 0, has normal: false
[Open3D INFO] after sample, target size: 0, has normal: false
[Open3D INFO] source size: 5162, maxpoints_source_: 80000
[Open3D INFO] source size after voxel downsample: 3874
[Open3D INFO] after prerpocess: 3874
[Open3D INFO] 

time_diff:31.7827 s, localization right now
[Open3D INFO] 
***
****
***


last map update loc: x: 1333.34, y: -838.546, z-299.453,
                now loc: x: 1341.24, y: -835.785, z-304.457, 3d distance: 9.7535, now needpdate submap
[INFO] [1773653740.160521059]: submap_cost: 8.892000 ms
[Open3D INFO] before sample, target size: 0, has normal: false
[Open3D INFO] after sample, target size: 0, has normal: false
[Open3D INFO] source size: 5136, maxpoints_source_: 80000
[Open3D INFO] source size after voxel downsample: 3863
[Open3D INFO] after prerpocess: 3863
[Open3D INFO] 

time_diff:31.8752 s, localization right now
[Open3D INFO] 
***
****
***


last map update loc: x: 1341.24, y: -835.785, z-304.457,
                now loc: x: 1349.27, y: -832.953, z-309.622, 3d distance: 9.9529, now needpdate submap
[INFO] [1773653740.251624758]: submap_cost: 8.058000 ms
[Open3D INFO] before sample, target size: 0, has normal: false
[Open3D INFO] after sample, target size: 0, has normal: false
[Open3D INFO] source size: 5064, maxpoints_source_: 80000
[Open3D INFO] source size after voxel downsample: 3884
[Open3D INFO] after prerpocess: 3884
[Open3D INFO] 

time_diff:31.9718 s, localization right now
[Open3D INFO] 
***
****
***


last map update loc: x: 1349.27, y: -832.953, z-309.622,
                now loc: x: 1357.2, y: -830.002, z-314.772, 3d distance: 9.90926, now needpdate submap
[INFO] [1773653740.348387296]: submap_cost: 8.252000 ms
[Open3D INFO] before sample, target size: 0, has normal: false
[Open3D INFO] after sample, target size: 0, has normal: false
[Open3D INFO] source size: 5021, maxpoints_source_: 80000
[Open3D INFO] source size after voxel downsample: 3811
[Open3D INFO] after prerpocess: 3811
[WARN] [1773653740.350102862]: Localization skip: target(submap) is empty, keep last odom2map
[Open3D INFO] 

time_diff:32.0709 s, localization right now
[Open3D INFO] 
***
****
***


last map update loc: x: 1357.2, y: -830.002, z-314.772,
                now loc: x: 1365.17, y: -827.091, z-319.947, 3d distance: 9.93978, now needpdate submap
[INFO] [1773653740.447407110]: submap_cost: 8.147000 ms
[Open3D INFO] before sample, target size: 0, has normal: false
[Open3D INFO] after sample, target size: 0, has normal: false
[Open3D INFO] source size: 5055, maxpoints_source_: 80000
[Open3D INFO] source size after voxel downsample: 3872
[Open3D INFO] after prerpocess: 3872
[Open3D INFO] 

time_diff:32.1703 s, localization right now
[Open3D INFO] 
***
****
***


last map update loc: x: 1365.17, y: -827.091, z-319.947,
                now loc: x: 1373.11, y: -824.128, z-325.184, 3d distance: 9.96427, now needpdate submap
[INFO] [1773653740.546800693]: submap_cost: 8.115000 ms
[Open3D INFO] before sample, target size: 0, has normal: false
[Open3D INFO] after sample, target size: 0, has normal: false
[Open3D INFO] source size: 4802, maxpoints_source_: 80000
[Open3D INFO] source size after voxel downsample: 3695
[Open3D INFO] after prerpocess: 3695
[Open3D INFO] 

time_diff:32.2732 s, localization right now
[Open3D INFO] 
***
****
***


last map update loc: x: 1373.11, y: -824.128, z-325.184,
                now loc: x: 1381.19, y: -821.143, z-330.508, 3d distance: 10.1227, now needpdate submap
[INFO] [1773653740.649695586]: submap_cost: 8.107000 ms
[Open3D INFO] before sample, target size: 0, has normal: false
[Open3D INFO] after sample, target size: 0, has normal: false
[Open3D INFO] source size: 4920, maxpoints_source_: 80000
[Open3D INFO] source size after voxel downsample: 3759
[Open3D INFO] after prerpocess: 3759
[Open3D INFO] 

time_diff:32.375 s, localization right now
[Open3D INFO] 
***
****
***


last map update loc: x: 1381.19, y: -821.143, z-330.508,
                now loc: x: 1389.11, y: -818.128, z-335.843, 3d distance: 10.0123, now needpdate submap
[INFO] [1773653740.751603892]: submap_cost: 8.204000 ms
[Open3D INFO] before sample, target size: 0, has normal: false
[Open3D INFO] after sample, target size: 0, has normal: false
[Open3D INFO] source size: 4851, maxpoints_source_: 80000
[Open3D INFO] source size after voxel downsample: 3659
[Open3D INFO] after prerpocess: 3659
[Open3D INFO] 

time_diff:32.4726 s, localization right now
[Open3D INFO] 
***
****
***


last map update loc: x: 1389.11, y: -818.128, z-335.843,
                now loc: x: 1397.01, y: -815.124, z-341.195, 3d distance: 10.0071, now needpdate submap
[INFO] [1773653740.849132210]: submap_cost: 8.119000 ms
[Open3D INFO] before sample, target size: 0, has normal: false
[Open3D INFO] after sample, target size: 0, has normal: false
[Open3D INFO] source size: 4946, maxpoints_source_: 80000
[Open3D INFO] source size after voxel downsample: 3765
[Open3D INFO] after prerpocess: 3765
[Open3D INFO] 

time_diff:32.5739 s, localization right now
[Open3D INFO] 
***
****
***


last map update loc: x: 1397.01, y: -815.124, z-341.195,
                now loc: x: 1405.03, y: -812.014, z-346.72, 3d distance: 10.2197, now needpdate submap
[INFO] [1773653740.950551544]: submap_cost: 8.230000 ms
[Open3D INFO] before sample, target size: 0, has normal: false
[Open3D INFO] after sample, target size: 0, has normal: false
[Open3D INFO] source size: 4969, maxpoints_source_: 80000
[Open3D INFO] source size after voxel downsample: 3795
[Open3D INFO] after prerpocess: 3795
[Open3D INFO] 

time_diff:32.6727 s, localization right now
[Open3D INFO] 
***
****
***


last map update loc: x: 1405.03, y: -812.014, z-346.72,
                now loc: x: 1412.97, y: -808.845, z-352.274, 3d distance: 10.1997, now needpdate submap
[INFO] [1773653741.049210100]: submap_cost: 8.210000 ms
[Open3D INFO] before sample, target size: 0, has normal: false
[Open3D INFO] after sample, target size: 0, has normal: false
[Open3D INFO] source size: 4903, maxpoints_source_: 80000
[Open3D INFO] source size after voxel downsample: 3718
[Open3D INFO] after prerpocess: 3718
[Open3D INFO] 

time_diff:32.7724 s, localization right now
[Open3D INFO] 
***
****
***


last map update loc: x: 1412.97, y: -808.845, z-352.274,
                now loc: x: 1420.91, y: -805.699, z-357.795, 3d distance: 10.1655, now needpdate submap
[INFO] [1773653741.148750087]: submap_cost: 8.081000 ms
[Open3D INFO] before sample, target size: 0, has normal: false
[Open3D INFO] after sample, target size: 0, has normal: false
[Open3D INFO] source size: 4903, maxpoints_source_: 80000
[Open3D INFO] source size after voxel downsample: 3793
[Open3D INFO] after prerpocess: 3793
[Open3D INFO] 

time_diff:32.8732 s, localization right now
[Open3D INFO] 
***
****
***


last map update loc: x: 1420.91, y: -805.699, z-357.795,
                now loc: x: 1428.94, y: -802.442, z-363.471, 3d distance: 10.3621, now needpdate submap
[INFO] [1773653741.249489275]: submap_cost: 7.993000 ms
[Open3D INFO] before sample, target size: 0, has normal: false
[Open3D INFO] after sample, target size: 0, has normal: false
[Open3D INFO] source size: 4817, maxpoints_source_: 80000
[Open3D INFO] source size after voxel downsample: 3742
[Open3D INFO] after prerpocess: 3742
[Open3D INFO] 

time_diff:32.9683 s, localization right now
[Open3D INFO] 
***
****
***


last map update loc: x: 1428.94, y: -802.442, z-363.471,
                now loc: x: 1436.82, y: -799.14, z-369.188, 3d distance: 10.28, now needpdate submap
[INFO] [1773653741.344923073]: submap_cost: 8.224000 ms
[Open3D INFO] before sample, target size: 0, has normal: false
[Open3D INFO] after sample, target size: 0, has normal: false
[Open3D INFO] source size: 4834, maxpoints_source_: 80000
[Open3D INFO] source size after voxel downsample: 3762
[Open3D INFO] after prerpocess: 3762
[Open3D INFO] 

time_diff:33.0691 s, localization right now
[Open3D INFO] 
***
****
***


last map update loc: x: 1436.82, y: -799.14, z-369.188,
                now loc: x: 1444.76, y: -795.891, z-374.949, 3d distance: 10.3321, now needpdate submap
[INFO] [1773653741.445560722]: submap_cost: 8.084000 ms
[Open3D INFO] before sample, target size: 0, has normal: false
[Open3D INFO] after sample, target size: 0, has normal: false
[Open3D INFO] source size: 5069, maxpoints_source_: 80000
[Open3D INFO] source size after voxel downsample: 3919
[Open3D INFO] after prerpocess: 3919
[WARN] [1773653741.447062874]: Localization skip: target(submap) is empty, keep last odom2map
[Open3D INFO] 

time_diff:33.178 s, localization right now
[Open3D INFO] 
***
****
***


last map update loc: x: 1444.76, y: -795.891, z-374.949,
                now loc: x: 1452.7, y: -792.589, z-380.875, 3d distance: 10.4419, now needpdate submap
[INFO] [1773653741.554370907]: submap_cost: 8.140000 ms
[Open3D INFO] before sample, target size: 0, has normal: false
[Open3D INFO] after sample, target size: 0, has normal: false
[Open3D INFO] source size: 5055, maxpoints_source_: 80000
[Open3D INFO] source size after voxel downsample: 3905
[Open3D INFO] after prerpocess: 3905
[Open3D INFO] 

time_diff:33.2757 s, localization right now
[Open3D INFO] 
***
****
***


last map update loc: x: 1452.7, y: -792.589, z-380.875,
                now loc: x: 1460.61, y: -789.134, z-386.611, 3d distance: 10.3633, now needpdate submap
[INFO] [1773653741.652075582]: submap_cost: 8.121000 ms
[Open3D INFO] before sample, target size: 0, has normal: false
[Open3D INFO] after sample, target size: 0, has normal: false
[Open3D INFO] source size: 5032, maxpoints_source_: 80000
[Open3D INFO] source size after voxel downsample: 3941
[Open3D INFO] after prerpocess: 3941
[Open3D INFO] 

time_diff:33.3706 s, localization right now
[Open3D INFO] 
***
****
***


last map update loc: x: 1460.61, y: -789.134, z-386.611,
                now loc: x: 1468.48, y: -785.695, z-392.416, 3d distance: 10.3703, now needpdate submap
[INFO] [1773653741.747095033]: submap_cost: 8.194000 ms
[Open3D INFO] before sample, target size: 0, has normal: false
[Open3D INFO] after sample, target size: 0, has normal: false
[Open3D INFO] source size: 5201, maxpoints_source_: 80000
[Open3D INFO] source size after voxel downsample: 4083
[Open3D INFO] after prerpocess: 4083
[Open3D INFO] 

time_diff:33.4761 s, localization right now
[Open3D INFO] 
***
****
***


last map update loc: x: 1468.48, y: -785.695, z-392.416,
                now loc: x: 1476.5, y: -782.078, z-398.419, 3d distance: 10.6504, now needpdate submap
[INFO] [1773653741.852612908]: submap_cost: 8.286000 ms
[Open3D INFO] before sample, target size: 0, has normal: false
[Open3D INFO] after sample, target size: 0, has normal: false
[Open3D INFO] source size: 5365, maxpoints_source_: 80000
[Open3D INFO] source size after voxel downsample: 4275
[Open3D INFO] after prerpocess: 4275
[Open3D INFO] 

time_diff:33.5742 s, localization right now
[Open3D INFO] 
***
****
***


last map update loc: x: 1476.5, y: -782.078, z-398.419,
                now loc: x: 1484.42, y: -778.482, z-404.462, 3d distance: 10.5904, now needpdate submap
[INFO] [1773653741.950661880]: submap_cost: 8.145000 ms
[Open3D INFO] before sample, target size: 0, has normal: false
[Open3D INFO] after sample, target size: 0, has normal: false
[Open3D INFO] source size: 5495, maxpoints_source_: 80000
[Open3D INFO] source size after voxel downsample: 4439
[Open3D INFO] after prerpocess: 4439
[Open3D INFO] 

time_diff:33.6745 s, localization right now
[Open3D INFO] 
***
****
***


last map update loc: x: 1484.42, y: -778.482, z-404.462,
                now loc: x: 1492.3, y: -774.839, z-410.457, 3d distance: 10.5476, now needpdate submap
[INFO] [1773653742.051047009]: submap_cost: 8.172000 ms
[Open3D INFO] before sample, target size: 0, has normal: false
[Open3D INFO] after sample, target size: 0, has normal: false
[Open3D INFO] source size: 6077, maxpoints_source_: 80000
[Open3D INFO] source size after voxel downsample: 4951
[Open3D INFO] after prerpocess: 4951
[Open3D INFO] 

time_diff:33.776 s, localization right now
[Open3D INFO] 
***
****
***


last map update loc: x: 1492.3, y: -774.839, z-410.457,
                now loc: x: 1500.29, y: -771.077, z-416.572, 3d distance: 10.7472, now needpdate submap
[INFO] [1773653742.152628779]: submap_cost: 8.226000 ms
[Open3D INFO] before sample, target size: 0, has normal: false
[Open3D INFO] after sample, target size: 0, has normal: false
[Open3D INFO] source size: 6421, maxpoints_source_: 80000
[Open3D INFO] source size after voxel downsample: 5321
[Open3D INFO] after prerpocess: 5321
[Open3D INFO] 

time_diff:33.8767 s, localization right now
[Open3D INFO] 
***
****
***


last map update loc: x: 1500.29, y: -771.077, z-416.572,
                now loc: x: 1508.37, y: -767.235, z-422.766, 3d distance: 10.8766, now needpdate submap
[INFO] [1773653742.253176313]: submap_cost: 8.146000 ms
[Open3D INFO] before sample, target size: 0, has normal: false
[Open3D INFO] after sample, target size: 0, has normal: false
[Open3D INFO] source size: 6797, maxpoints_source_: 80000
[Open3D INFO] source size after voxel downsample: 5614
[Open3D INFO] after prerpocess: 5614
[Open3D INFO] 

time_diff:33.9708 s, localization right now
[Open3D INFO] 
***
****
***


last map update loc: x: 1508.37, y: -767.235, z-422.766,
                now loc: x: 1516.43, y: -763.354, z-428.966, 3d distance: 10.8855, now needpdate submap
[INFO] [1773653742.347282877]: submap_cost: 8.214000 ms
[Open3D INFO] before sample, target size: 0, has normal: false
[Open3D INFO] after sample, target size: 0, has normal: false
[Open3D INFO] source size: 7211, maxpoints_source_: 80000
[Open3D INFO] source size after voxel downsample: 5984
[Open3D INFO] after prerpocess: 5984
[Open3D INFO] 

time_diff:34.0705 s, localization right now
[Open3D INFO] 
***
****
***


last map update loc: x: 1516.43, y: -763.354, z-428.966,
                now loc: x: 1524.39, y: -759.437, z-435.137, 3d distance: 10.8044, now needpdate submap
[INFO] [1773653742.447030805]: submap_cost: 8.213000 ms
[Open3D INFO] before sample, target size: 0, has normal: false
[Open3D INFO] after sample, target size: 0, has normal: false
[Open3D INFO] source size: 7773, maxpoints_source_: 80000
[Open3D INFO] source size after voxel downsample: 6497
[Open3D INFO] after prerpocess: 6497
[WARN] [1773653742.449420981]: Localization skip: target(submap) is empty, keep last odom2map
[Open3D INFO] 

time_diff:34.1728 s, localization right now
[Open3D INFO] 
***
****
***


last map update loc: x: 1524.39, y: -759.437, z-435.137,
                now loc: x: 1532.55, y: -755.417, z-441.519, 3d distance: 11.1176, now needpdate submap
[INFO] [1773653742.549338962]: submap_cost: 8.146000 ms
[Open3D INFO] before sample, target size: 0, has normal: false
[Open3D INFO] after sample, target size: 0, has normal: false
[Open3D INFO] source size: 8323, maxpoints_source_: 80000
[Open3D INFO] source size after voxel downsample: 6885
[Open3D INFO] after prerpocess: 6885
[Open3D INFO] 

time_diff:34.2768 s, localization right now
[Open3D INFO] 
***
****
***


last map update loc: x: 1532.55, y: -755.417, z-441.519,
                now loc: x: 1540.69, y: -751.49, z-447.913, 3d distance: 11.069, now needpdate submap
[INFO] [1773653742.653269435]: submap_cost: 8.126000 ms
[Open3D INFO] before sample, target size: 0, has normal: false
[Open3D INFO] after sample, target size: 0, has normal: false
[Open3D INFO] source size: 8681, maxpoints_source_: 80000
[Open3D INFO] source size after voxel downsample: 7161
[Open3D INFO] after prerpocess: 7161
[Open3D INFO] 

time_diff:34.3729 s, localization right now
[Open3D INFO] 
***
****
***


last map update loc: x: 1540.69, y: -751.49, z-447.913,
                now loc: x: 1548.8, y: -747.442, z-454.395, 3d distance: 11.1442, now needpdate submap
[INFO] [1773653742.749351698]: submap_cost: 8.194000 ms
[Open3D INFO] before sample, target size: 0, has normal: false
[Open3D INFO] after sample, target size: 0, has normal: false
[Open3D INFO] source size: 8784, maxpoints_source_: 80000
[Open3D INFO] source size after voxel downsample: 7252
[Open3D INFO] after prerpocess: 7252
[Open3D INFO] 

time_diff:34.4723 s, localization right now
[Open3D INFO] 
***
****
***


last map update loc: x: 1548.8, y: -747.442, z-454.395,
                now loc: x: 1556.89, y: -743.338, z-460.934, 3d distance: 11.1837, now needpdate submap
[INFO] [1773653742.848950119]: submap_cost: 8.262000 ms
[Open3D INFO] before sample, target size: 0, has normal: false
[Open3D INFO] after sample, target size: 0, has normal: false
[Open3D INFO] source size: 8812, maxpoints_source_: 80000
[Open3D INFO] source size after voxel downsample: 7262
[Open3D INFO] after prerpocess: 7262
[Open3D INFO] 

time_diff:34.5722 s, localization right now
[Open3D INFO] 
***
****
***


last map update loc: x: 1556.89, y: -743.338, z-460.934,
                now loc: x: 1565.07, y: -739.11, z-467.513, 3d distance: 11.315, now needpdate submap
[INFO] [1773653742.948764162]: submap_cost: 8.228000 ms
[Open3D INFO] before sample, target size: 0, has normal: false
[Open3D INFO] after sample, target size: 0, has normal: false
[Open3D INFO] source size: 8718, maxpoints_source_: 80000
[Open3D INFO] source size after voxel downsample: 7158
[Open3D INFO] after prerpocess: 7158
[Open3D INFO] 

time_diff:34.6662 s, localization right now
[Open3D INFO] before sample, target size: 0, has normal: false
[Open3D INFO] after sample, target size: 0, has normal: false
[Open3D INFO] source size: 13607, maxpoints_source_: 80000
[Open3D INFO] source size after voxel downsample: 11167
[Open3D INFO] after prerpocess: 11167
[Open3D INFO] 

time_diff:34.7723 s, localization right now
[Open3D INFO] 
***
****
***


last map update loc: x: 1565.07, y: -739.11, z-467.513,
                now loc: x: 1581.42, y: -730.476, z-480.767, 3d distance: 22.7509, now needpdate submap
[INFO] [1773653743.148869092]: submap_cost: 8.173000 ms
[Open3D INFO] before sample, target size: 0, has normal: false
[Open3D INFO] after sample, target size: 0, has normal: false
[Open3D INFO] source size: 8309, maxpoints_source_: 80000
[Open3D INFO] source size after voxel downsample: 6835
[Open3D INFO] after prerpocess: 6835
[Open3D INFO] 

time_diff:34.8723 s, localization right now
[Open3D INFO] 
***
****
***


last map update loc: x: 1581.42, y: -730.476, z-480.767,
                now loc: x: 1589.58, y: -726.082, z-487.499, 3d distance: 11.4518, now needpdate submap
[INFO] [1773653743.248604061]: submap_cost: 8.049000 ms
[Open3D INFO] before sample, target size: 0, has normal: false
[Open3D INFO] after sample, target size: 0, has normal: false
[Open3D INFO] source size: 7856, maxpoints_source_: 80000
[Open3D INFO] source size after voxel downsample: 6478
[Open3D INFO] after prerpocess: 6478
[Open3D INFO] 

time_diff:34.9734 s, localization right now
[Open3D INFO] 
***
****
***


last map update loc: x: 1589.58, y: -726.082, z-487.499,
                now loc: x: 1597.75, y: -721.604, z-494.386, 3d distance: 11.5879, now needpdate submap
[INFO] [1773653743.349915103]: submap_cost: 8.130000 ms
[Open3D INFO] before sample, target size: 0, has normal: false
[Open3D INFO] after sample, target size: 0, has normal: false
[Open3D INFO] source size: 7509, maxpoints_source_: 80000
[Open3D INFO] source size after voxel downsample: 6289
[Open3D INFO] after prerpocess: 6289
[Open3D INFO] 

time_diff:35.0762 s, localization right now
[Open3D INFO] 
***
****
***


last map update loc: x: 1597.75, y: -721.604, z-494.386,
                now loc: x: 1605.85, y: -717.074, z-501.158, 3d distance: 11.4904, now needpdate submap
[INFO] [1773653743.452546949]: submap_cost: 7.992000 ms
[Open3D INFO] before sample, target size: 0, has normal: false
[Open3D INFO] after sample, target size: 0, has normal: false
[Open3D INFO] source size: 6891, maxpoints_source_: 80000
[Open3D INFO] source size after voxel downsample: 5783
[Open3D INFO] after prerpocess: 5783
[WARN] [1773653743.454628796]: Localization skip: target(submap) is empty, keep last odom2map
[Open3D INFO] 

time_diff:35.1802 s, localization right now
[Open3D INFO] 
***
****
***


last map update loc: x: 1605.85, y: -717.074, z-501.158,
                now loc: x: 1613.94, y: -712.36, z-508.049, 3d distance: 11.6226, now needpdate submap
[INFO] [1773653743.556839190]: submap_cost: 8.233000 ms
[Open3D INFO] before sample, target size: 0, has normal: false
[Open3D INFO] after sample, target size: 0, has normal: false
[Open3D INFO] source size: 6620, maxpoints_source_: 80000
[Open3D INFO] source size after voxel downsample: 5584
[Open3D INFO] after prerpocess: 5584
[Open3D INFO] 

time_diff:35.2823 s, localization right now
[Open3D INFO] 
***
****
***


last map update loc: x: 1613.94, y: -712.36, z-508.049,
                now loc: x: 1622.22, y: -707.599, z-515.207, 3d distance: 11.9338, now needpdate submap
[INFO] [1773653743.658743177]: submap_cost: 8.132000 ms
[Open3D INFO] before sample, target size: 0, has normal: false
[Open3D INFO] after sample, target size: 0, has normal: false
[Open3D INFO] source size: 6157, maxpoints_source_: 80000
[Open3D INFO] source size after voxel downsample: 5204
[Open3D INFO] after prerpocess: 5204
[Open3D INFO] 

time_diff:35.374 s, localization right now
[Open3D INFO] 
***
****
***


last map update loc: x: 1622.22, y: -707.599, z-515.207,
                now loc: x: 1630.35, y: -702.86, z-522.324, 3d distance: 11.8017, now needpdate submap
[INFO] [1773653743.750615217]: submap_cost: 8.185000 ms
[Open3D INFO] before sample, target size: 0, has normal: false
[Open3D INFO] after sample, target size: 0, has normal: false
[Open3D INFO] source size: 5635, maxpoints_source_: 80000
[Open3D INFO] source size after voxel downsample: 4721
[Open3D INFO] after prerpocess: 4721
[Open3D INFO] 

time_diff:35.4747 s, localization right now
[Open3D INFO] 
***
****
***


last map update loc: x: 1630.35, y: -702.86, z-522.324,
                now loc: x: 1638.58, y: -698.071, z-529.536, 3d distance: 11.946, now needpdate submap
[INFO] [1773653743.851278178]: submap_cost: 8.247000 ms
[Open3D INFO] before sample, target size: 0, has normal: false
[Open3D INFO] after sample, target size: 0, has normal: false
[Open3D INFO] source size: 5459, maxpoints_source_: 80000
[Open3D INFO] source size after voxel downsample: 4535
[Open3D INFO] after prerpocess: 4535
[Open3D INFO] 

time_diff:35.5743 s, localization right now
[Open3D INFO] 
***
****
***


last map update loc: x: 1638.58, y: -698.071, z-529.536,
                now loc: x: 1646.79, y: -693.145, z-536.657, 3d distance: 11.9297, now needpdate submap
[INFO] [1773653743.950879255]: submap_cost: 8.240000 ms
[Open3D INFO] before sample, target size: 0, has normal: false
[Open3D INFO] after sample, target size: 0, has normal: false
[Open3D INFO] source size: 5491, maxpoints_source_: 80000
[Open3D INFO] source size after voxel downsample: 4541
[Open3D INFO] after prerpocess: 4541
[Open3D INFO] 

time_diff:35.6746 s, localization right now
[Open3D INFO] 
***
****
***


last map update loc: x: 1646.79, y: -693.145, z-536.657,
                now loc: x: 1654.9, y: -688.23, z-543.803, 3d distance: 11.8707, now needpdate submap
[INFO] [1773653744.051045339]: submap_cost: 8.215000 ms
[Open3D INFO] before sample, target size: 0, has normal: false
[Open3D INFO] after sample, target size: 0, has normal: false
[Open3D INFO] source size: 5515, maxpoints_source_: 80000
[Open3D INFO] source size after voxel downsample: 4572
[Open3D INFO] after prerpocess: 4572
[Open3D INFO] 

time_diff:35.7757 s, localization right now
[Open3D INFO] 
***
****
***


last map update loc: x: 1654.9, y: -688.23, z-543.803,
                now loc: x: 1663.2, y: -683.086, z-551.257, 3d distance: 12.2879, now needpdate submap
[INFO] [1773653744.152111575]: submap_cost: 8.090000 ms
[Open3D INFO] before sample, target size: 0, has normal: false
[Open3D INFO] after sample, target size: 0, has normal: false
[Open3D INFO] source size: 5203, maxpoints_source_: 80000
[Open3D INFO] source size after voxel downsample: 4273
[Open3D INFO] after prerpocess: 4273
[Open3D INFO] 

time_diff:35.8758 s, localization right now
[Open3D INFO] 
***
****
***


last map update loc: x: 1663.2, y: -683.086, z-551.257,
                now loc: x: 1671.42, y: -677.952, z-558.714, 3d distance: 12.228, now needpdate submap
[INFO] [1773653744.252255835]: submap_cost: 8.214000 ms
[Open3D INFO] before sample, target size: 0, has normal: false
[Open3D INFO] after sample, target size: 0, has normal: false
[Open3D INFO] source size: 4790, maxpoints_source_: 80000
[Open3D INFO] source size after voxel downsample: 3981
[Open3D INFO] after prerpocess: 3981
[Open3D INFO] 

time_diff:35.9787 s, localization right now
[Open3D INFO] 
***
****
***


last map update loc: x: 1671.42, y: -677.952, z-558.714,
                now loc: x: 1679.57, y: -672.731, z-566.146, 3d distance: 12.2043, now needpdate submap
[INFO] [1773653744.355175336]: submap_cost: 8.183000 ms
[Open3D INFO] before sample, target size: 0, has normal: false
[Open3D INFO] after sample, target size: 0, has normal: false
[Open3D INFO] source size: 4573, maxpoints_source_: 80000
[Open3D INFO] source size after voxel downsample: 3786
[Open3D INFO] after prerpocess: 3786
[Open3D INFO] 

time_diff:36.0779 s, localization right now
[Open3D INFO] 
***
****
***


last map update loc: x: 1679.57, y: -672.731, z-566.146,
                now loc: x: 1687.72, y: -667.417, z-573.732, 3d distance: 12.3377, now needpdate submap
[INFO] [1773653744.454348145]: submap_cost: 8.171000 ms
[Open3D INFO] before sample, target size: 0, has normal: false
[Open3D INFO] after sample, target size: 0, has normal: false
[Open3D INFO] source size: 4463, maxpoints_source_: 80000
[Open3D INFO] source size after voxel downsample: 3718
[Open3D INFO] after prerpocess: 3718
[WARN] [1773653744.455866458]: Localization skip: target(submap) is empty, keep last odom2map
[Open3D INFO] 

time_diff:36.1751 s, localization right now
[Open3D INFO] 
***
****
***


last map update loc: x: 1687.72, y: -667.417, z-573.732,
                now loc: x: 1695.92, y: -662.005, z-581.424, 3d distance: 12.4739, now needpdate submap
[INFO] [1773653744.551313985]: submap_cost: 7.956000 ms
[Open3D INFO] before sample, target size: 0, has normal: false
[Open3D INFO] after sample, target size: 0, has normal: false
[Open3D INFO] source size: 3944, maxpoints_source_: 80000
[Open3D INFO] source size after voxel downsample: 3295
[Open3D INFO] after prerpocess: 3295
[Open3D INFO] 

time_diff:36.2762 s, localization right now
[Open3D INFO] 
***
****
***


last map update loc: x: 1695.92, y: -662.005, z-581.424,
                now loc: x: 1704.01, y: -656.5, z-589.135, 3d distance: 12.4625, now needpdate submap
[INFO] [1773653744.652403581]: submap_cost: 7.970000 ms
[Open3D INFO] before sample, target size: 0, has normal: false
[Open3D INFO] after sample, target size: 0, has normal: false
[Open3D INFO] source size: 3600, maxpoints_source_: 80000
[Open3D INFO] source size after voxel downsample: 3036
[Open3D INFO] after prerpocess: 3036
[Open3D INFO] 

time_diff:36.3751 s, localization right now
[Open3D INFO] 
***
****
***


last map update loc: x: 1704.01, y: -656.5, z-589.135,
                now loc: x: 1712.11, y: -650.979, z-597.011, 3d distance: 12.5762, now needpdate submap
[INFO] [1773653744.751663657]: submap_cost: 8.171000 ms
[Open3D INFO] before sample, target size: 0, has normal: false
[Open3D INFO] after sample, target size: 0, has normal: false
[Open3D INFO] source size: 3277, maxpoints_source_: 80000
[Open3D INFO] source size after voxel downsample: 2742
[Open3D INFO] after prerpocess: 2742
[Open3D INFO] 

time_diff:36.4778 s, localization right now
[Open3D INFO] 
***
****
***


last map update loc: x: 1712.11, y: -650.979, z-597.011,
                now loc: x: 1720.21, y: -645.425, z-604.888, 3d distance: 12.5854, now needpdate submap
[INFO] [1773653744.854308911]: submap_cost: 8.164000 ms
[Open3D INFO] before sample, target size: 0, has normal: false
[Open3D INFO] after sample, target size: 0, has normal: false
[Open3D INFO] source size: 3200, maxpoints_source_: 80000
[Open3D INFO] source size after voxel downsample: 2664
[Open3D INFO] after prerpocess: 2664
[Open3D INFO] 

time_diff:36.5764 s, localization right now
[Open3D INFO] 
***
****
***


last map update loc: x: 1720.21, y: -645.425, z-604.888,
                now loc: x: 1728.33, y: -639.798, z-612.904, 3d distance: 12.7252, now needpdate submap
[INFO] [1773653744.952855880]: submap_cost: 8.185000 ms
[Open3D INFO] before sample, target size: 0, has normal: false
[Open3D INFO] after sample, target size: 0, has normal: false
[Open3D INFO] source size: 3025, maxpoints_source_: 80000
[Open3D INFO] source size after voxel downsample: 2547
[Open3D INFO] after prerpocess: 2547
[Open3D INFO] 

time_diff:36.6774 s, localization right now
[Open3D INFO] 
***
****
***


last map update loc: x: 1728.33, y: -639.798, z-612.904,
                now loc: x: 1736.39, y: -634.103, z-621.015, 3d distance: 12.771, now needpdate submap
[INFO] [1773653745.053960933]: submap_cost: 8.236000 ms
[Open3D INFO] before sample, target size: 0, has normal: false
[Open3D INFO] after sample, target size: 0, has normal: false
[Open3D INFO] source size: 2894, maxpoints_source_: 80000
[Open3D INFO] source size after voxel downsample: 2448
[Open3D INFO] after prerpocess: 2448
[Open3D INFO] 

time_diff:36.7779 s, localization right now
[Open3D INFO] 
***
****
***


last map update loc: x: 1736.39, y: -634.103, z-621.015,
                now loc: x: 1744.45, y: -628.457, z-629.237, 3d distance: 12.8269, now needpdate submap
[INFO] [1773653745.154358224]: submap_cost: 8.101000 ms
[Open3D INFO] before sample, target size: 0, has normal: false
[Open3D INFO] after sample, target size: 0, has normal: false
[Open3D INFO] source size: 2723, maxpoints_source_: 80000
[Open3D INFO] source size after voxel downsample: 2344
[Open3D INFO] after prerpocess: 2344
[Open3D INFO] 

time_diff:36.8776 s, localization right now
[Open3D INFO] 
***
****
***


last map update loc: x: 1744.45, y: -628.457, z-629.237,
                now loc: x: 1752.48, y: -622.687, z-637.487, 3d distance: 12.8792, now needpdate submap
[INFO] [1773653745.254090056]: submap_cost: 8.225000 ms
[Open3D INFO] before sample, target size: 0, has normal: false
[Open3D INFO] after sample, target size: 0, has normal: false
[Open3D INFO] source size: 2658, maxpoints_source_: 80000
[Open3D INFO] source size after voxel downsample: 2288
[Open3D INFO] after prerpocess: 2288
[Open3D INFO] 

time_diff:36.9771 s, localization right now
[Open3D INFO] 
***
****
***


last map update loc: x: 1752.48, y: -622.687, z-637.487,
                now loc: x: 1760.49, y: -616.915, z-645.822, 3d distance: 12.9192, now needpdate submap
[INFO] [1773653745.353514617]: submap_cost: 8.120000 ms
[Open3D INFO] before sample, target size: 0, has normal: false
[Open3D INFO] after sample, target size: 0, has normal: false
[Open3D INFO] source size: 2459, maxpoints_source_: 80000
[Open3D INFO] source size after voxel downsample: 2126
[Open3D INFO] after prerpocess: 2126
[Open3D INFO] 

time_diff:37.0743 s, localization right now
[Open3D INFO] 
***
****
***


last map update loc: x: 1760.49, y: -616.915, z-645.822,
                now loc: x: 1768.47, y: -610.974, z-654.151, 3d distance: 12.9741, now needpdate submap
[INFO] [1773653745.450802672]: submap_cost: 8.100000 ms
[Open3D INFO] before sample, target size: 0, has normal: false
[Open3D INFO] after sample, target size: 0, has normal: false
[Open3D INFO] source size: 2359, maxpoints_source_: 80000
[Open3D INFO] source size after voxel downsample: 2036
[Open3D INFO] after prerpocess: 2036
[Open3D INFO] 

time_diff:37.1774 s, localization right now
[Open3D INFO] 
***
****
***


last map update loc: x: 1768.47, y: -610.974, z-654.151,
                now loc: x: 1776.46, y: -605.089, z-662.706, 3d distance: 13.0994, now needpdate submap
[INFO] [1773653745.553901954]: submap_cost: 8.152000 ms
[Open3D INFO] before sample, target size: 0, has normal: false
[Open3D INFO] after sample, target size: 0, has normal: false
[Open3D INFO] source size: 2193, maxpoints_source_: 80000
[Open3D INFO] source size after voxel downsample: 1895
[Open3D INFO] after prerpocess: 1895
[WARN] [1773653745.554901053]: Localization skip: target(submap) is empty, keep last odom2map
[Open3D INFO] 

time_diff:37.2841 s, localization right now
[Open3D INFO] 
***
****
***


last map update loc: x: 1776.46, y: -605.089, z-662.706,
                now loc: x: 1783.17, y: -600.012, z-669.942, 3d distance: 11.0999, now needpdate submap
[INFO] [1773653745.661108385]: submap_cost: 8.241000 ms
[Open3D INFO] before sample, target size: 0, has normal: false
[Open3D INFO] after sample, target size: 0, has normal: false
[Open3D INFO] source size: 2605, maxpoints_source_: 80000
[Open3D INFO] source size after voxel downsample: 2219
[Open3D INFO] after prerpocess: 2219
[Open3D INFO] 

time_diff:37.3874 s, localization right now
[Open3D INFO] 
***
****
***


last map update loc: x: 1783.17, y: -600.012, z-669.942,
                now loc: x: 1792.26, y: -593.129, z-679.845, 3d distance: 15.1053, now needpdate submap
[INFO] [1773653745.763838633]: submap_cost: 8.190000 ms
[Open3D INFO] before sample, target size: 0, has normal: false
[Open3D INFO] after sample, target size: 0, has normal: false
[Open3D INFO] source size: 2043, maxpoints_source_: 80000
[Open3D INFO] source size after voxel downsample: 1790
[Open3D INFO] after prerpocess: 1790
[Open3D INFO] 

time_diff:37.4877 s, localization right now
[Open3D INFO] 
***
****
***


last map update loc: x: 1792.26, y: -593.129, z-679.845,
                now loc: x: 1800.25, y: -586.913, z-688.528, 3d distance: 13.3327, now needpdate submap
[INFO] [1773653745.864178354]: submap_cost: 8.100000 ms
[Open3D INFO] before sample, target size: 0, has normal: false
[Open3D INFO] after sample, target size: 0, has normal: false
[Open3D INFO] source size: 1122, maxpoints_source_: 80000
[Open3D INFO] source size after voxel downsample: 960
[Open3D INFO] after prerpocess: 960
[Open3D INFO] 

time_diff:37.584 s, localization right now
[Open3D INFO] 
***
****
***


last map update loc: x: 1800.25, y: -586.913, z-688.528,
                now loc: x: 1808.2, y: -580.75, z-697.202, 3d distance: 13.2858, now needpdate submap
[INFO] [1773653745.960483888]: submap_cost: 8.159000 ms
[Open3D INFO] before sample, target size: 0, has normal: false
[Open3D INFO] after sample, target size: 0, has normal: false
[Open3D INFO] source size: 1685, maxpoints_source_: 80000
[Open3D INFO] source size after voxel downsample: 1489
[Open3D INFO] after prerpocess: 1489
[Open3D INFO] 

time_diff:37.6889 s, localization right now
[Open3D INFO] 
***
****
***


last map update loc: x: 1808.2, y: -580.75, z-697.202,
                now loc: x: 1816.15, y: -574.491, z-705.847, 3d distance: 13.3030, now needpdate submap
[INFO] [1773653746.065412754]: submap_cost: 8.226000 ms
[Open3D INFO] before sample, target size: 0, has normal: false
[Open3D INFO] after sample, target size: 0, has normal: false
[Open3D INFO] source size: 1562, maxpoints_source_: 80000
[Open3D INFO] source size after voxel downsample: 1385
[Open3D INFO] after prerpocess: 1385
[Open3D INFO] 

time_diff:37.799 s, localization right now
[Open3D INFO] 
***
****
***


last map update loc: x: 1816.15, y: -574.491, z-705.847,
                now loc: x: 1824.56, y: -567.656, z-715.278, 3d distance: 14.3722, now needpdate submap
[INFO] [1773653746.175631969]: submap_cost: 8.204000 ms
[Open3D INFO] before sample, target size: 0, has normal: false
[Open3D INFO] after sample, target size: 0, has normal: false
[Open3D INFO] source size: 1208, maxpoints_source_: 80000
[Open3D INFO] source size after voxel downsample: 1072
[Open3D INFO] after prerpocess: 1072
[Open3D INFO] 

time_diff:37.8902 s, localization right now
[Open3D INFO] 
***
****
***


last map update loc: x: 1824.56, y: -567.656, z-715.278,
                now loc: x: 1831.78, y: -561.801, z-723.407, 3d distance: 12.3432, now needpdate submap
[INFO] [1773653746.266840376]: submap_cost: 8.247000 ms
[Open3D INFO] before sample, target size: 0, has normal: false
[Open3D INFO] after sample, target size: 0, has normal: false
[Open3D INFO] source size: 1522, maxpoints_source_: 80000
[Open3D INFO] source size after voxel downsample: 1319
[Open3D INFO] after prerpocess: 1319
[Open3D INFO] 

time_diff:37.9868 s, localization right now
[Open3D INFO] 
***
****
***


last map update loc: x: 1831.78, y: -561.801, z-723.407,
                now loc: x: 1839.72, y: -555.402, z-732.273, 3d distance: 13.5131, now needpdate submap
[INFO] [1773653746.363194070]: submap_cost: 8.126000 ms
[Open3D INFO] before sample, target size: 0, has normal: false
[Open3D INFO] after sample, target size: 0, has normal: false
[Open3D INFO] source size: 1449, maxpoints_source_: 80000
[Open3D INFO] source size after voxel downsample: 1288
[Open3D INFO] after prerpocess: 1288
[Open3D INFO] 

time_diff:38.0862 s, localization right now
[Open3D INFO] 
***
****
***


last map update loc: x: 1839.72, y: -555.402, z-732.273,
                now loc: x: 1847.66, y: -548.919, z-741.276, 3d distance: 13.6469, now needpdate submap
[INFO] [1773653746.462620167]: submap_cost: 8.060000 ms
[Open3D INFO] before sample, target size: 0, has normal: false
[Open3D INFO] after sample, target size: 0, has normal: false
[Open3D INFO] source size: 1335, maxpoints_source_: 80000
[Open3D INFO] source size after voxel downsample: 1170
[Open3D INFO] after prerpocess: 1170
[Open3D INFO] 

time_diff:38.1791 s, localization right now
[Open3D INFO] 
***
****
***


last map update loc: x: 1847.66, y: -548.919, z-741.276,
                now loc: x: 1855.46, y: -542.47, z-750.235, 3d distance: 13.5157, now needpdate submap
[INFO] [1773653746.555555563]: submap_cost: 8.093000 ms
[Open3D INFO] before sample, target size: 0, has normal: false
[Open3D INFO] after sample, target size: 0, has normal: false
[Open3D INFO] source size: 1330, maxpoints_source_: 80000
[Open3D INFO] source size after voxel downsample: 1156
[Open3D INFO] after prerpocess: 1156
[WARN] [1773653746.556406498]: Localization skip: target(submap) is empty, keep last odom2map
[Open3D INFO] 

time_diff:38.2797 s, localization right now
[Open3D INFO] 
***
****
***


last map update loc: x: 1855.46, y: -542.47, z-750.235,
                now loc: x: 1863.34, y: -535.871, z-759.397, 3d distance: 13.7684, now needpdate submap
[INFO] [1773653746.656153658]: submap_cost: 8.037000 ms
[Open3D INFO] before sample, target size: 0, has normal: false
[Open3D INFO] after sample, target size: 0, has normal: false
[Open3D INFO] source size: 1245, maxpoints_source_: 80000
[Open3D INFO] source size after voxel downsample: 1121
[Open3D INFO] after prerpocess: 1121
[Open3D INFO] 

time_diff:38.381 s, localization right now
[Open3D INFO] 
***
****
***


last map update loc: x: 1863.34, y: -535.871, z-759.397,
                now loc: x: 1871.21, y: -529.25, z-768.508, 3d distance: 13.7412, now needpdate submap
[INFO] [1773653746.757580928]: submap_cost: 8.188000 ms
[Open3D INFO] before sample, target size: 0, has normal: false
[Open3D INFO] after sample, target size: 0, has normal: false
[Open3D INFO] source size: 1205, maxpoints_source_: 80000
[Open3D INFO] source size after voxel downsample: 1076
[Open3D INFO] after prerpocess: 1076
[Open3D INFO] 

time_diff:38.4808 s, localization right now
[Open3D INFO] 
***
****
***


last map update loc: x: 1871.21, y: -529.25, z-768.508,
                now loc: x: 1879.0, y: -522.564, z-777.709, 3d distance: 13.7828, now needpdate submap
[INFO] [1773653746.857176085]: submap_cost: 7.965000 ms
[Open3D INFO] before sample, target size: 0, has normal: false
[Open3D INFO] after sample, target size: 0, has normal: false
[Open3D INFO] source size: 1141, maxpoints_source_: 80000
[Open3D INFO] source size after voxel downsample: 1037
[Open3D INFO] after prerpocess: 1037
[Open3D INFO] 

time_diff:38.5817 s, localization right now
[Open3D INFO] 
***
****
***


last map update loc: x: 1879.0, y: -522.564, z-777.709,
                now loc: x: 1886.7, y: -515.944, z-786.924, 3d distance: 13.7139, now needpdate submap
[INFO] [1773653746.958266226]: submap_cost: 8.173000 ms
[Open3D INFO] before sample, target size: 0, has normal: false
[Open3D INFO] after sample, target size: 0, has normal: false
[Open3D INFO] source size: 1158, maxpoints_source_: 80000
[Open3D INFO] source size after voxel downsample: 1059
[Open3D INFO] after prerpocess: 1059
[Open3D INFO] 

time_diff:38.6811 s, localization right now
[Open3D INFO] 
***
****
***


last map update loc: x: 1886.7, y: -515.944, z-786.924,
                now loc: x: 1894.48, y: -509.225, z-796.239, 3d distance: 13.874, now needpdate submap
[INFO] [1773653747.057548606]: submap_cost: 8.169000 ms
[Open3D INFO] before sample, target size: 0, has normal: false
[Open3D INFO] after sample, target size: 0, has normal: false
[Open3D INFO] source size: 1147, maxpoints_source_: 80000
[Open3D INFO] source size after voxel downsample: 1055
[Open3D INFO] after prerpocess: 1055
[Open3D INFO] 

time_diff:38.7793 s, localization right now
[Open3D INFO] 
***
****
***


last map update loc: x: 1894.48, y: -509.225, z-796.239,
                now loc: x: 1902.25, y: -502.461, z-805.49, 3d distance: 13.8411, now needpdate submap
[INFO] [1773653747.155840465]: submap_cost: 8.217000 ms
[Open3D INFO] before sample, target size: 0, has normal: false
[Open3D INFO] after sample, target size: 0, has normal: false
[Open3D INFO] source size: 1083, maxpoints_source_: 80000
[Open3D INFO] source size after voxel downsample: 1013
[Open3D INFO] after prerpocess: 1013
[Open3D INFO] 

time_diff:38.8801 s, localization right now
[Open3D INFO] 
***
****
***


last map update loc: x: 1902.25, y: -502.461, z-805.49,
                now loc: x: 1910.16, y: -495.386, z-815.027, 3d distance: 14.2682, now needpdate submap
[INFO] [1773653747.256498882]: submap_cost: 8.143000 ms
[Open3D INFO] before sample, target size: 0, has normal: false
[Open3D INFO] after sample, target size: 0, has normal: false
[Open3D INFO] source size: 1005, maxpoints_source_: 80000
[Open3D INFO] source size after voxel downsample: 940
[Open3D INFO] after prerpocess: 940
[Open3D INFO] 

time_diff:38.9921 s, localization right now
[Open3D INFO] 
***
****
***


last map update loc: x: 1910.16, y: -495.386, z-815.027,
                now loc: x: 1917.9, y: -488.466, z-824.482, 3d distance: 14.0455, now needpdate submap
[INFO] [1773653747.368442111]: submap_cost: 8.068000 ms
[Open3D INFO] before sample, target size: 0, has normal: false
[Open3D INFO] after sample, target size: 0, has normal: false
[Open3D INFO] source size: 996, maxpoints_source_: 80000
[Open3D INFO] source size after voxel downsample: 933
[Open3D INFO] after prerpocess: 933
[Open3D INFO] 

time_diff:39.0942 s, localization right now
[Open3D INFO] 
***
****
***


last map update loc: x: 1917.9, y: -488.466, z-824.482,
                now loc: x: 1925.68, y: -481.562, z-833.94, 3d distance: 14.0599, now needpdate submap
[INFO] [1773653747.470558999]: submap_cost: 8.027000 ms
[Open3D INFO] before sample, target size: 0, has normal: false
[Open3D INFO] after sample, target size: 0, has normal: false
[Open3D INFO] source size: 999, maxpoints_source_: 80000
[Open3D INFO] source size after voxel downsample: 939
[Open3D INFO] after prerpocess: 939
[Open3D INFO] 

time_diff:39.1947 s, localization right now
[Open3D INFO] 
***
****
***


last map update loc: x: 1925.68, y: -481.562, z-833.94,
                now loc: x: 1933.51, y: -474.479, z-843.384, 3d distance: 14.1645, now needpdate submap
[INFO] [1773653747.571180071]: submap_cost: 8.248000 ms
[Open3D INFO] before sample, target size: 0, has normal: false
[Open3D INFO] after sample, target size: 0, has normal: false
[Open3D INFO] source size: 926, maxpoints_source_: 80000
[Open3D INFO] source size after voxel downsample: 870
[Open3D INFO] after prerpocess: 870
[WARN] [1773653747.572122528]: Localization skip: target(submap) is empty, keep last odom2map
[Open3D INFO] 

time_diff:39.2924 s, localization right now
[Open3D INFO] 
***
****
***


last map update loc: x: 1933.51, y: -474.479, z-843.384,
                now loc: x: 1941.31, y: -467.317, z-852.965, 3d distance: 14.2813, now needpdate submap
[INFO] [1773653747.669066094]: submap_cost: 8.316000 ms
[Open3D INFO] before sample, target size: 0, has normal: false
[Open3D INFO] after sample, target size: 0, has normal: false
[Open3D INFO] source size: 851, maxpoints_source_: 80000
[Open3D INFO] source size after voxel downsample: 805
[Open3D INFO] after prerpocess: 805
[Open3D INFO] 

time_diff:39.3846 s, localization right now
[Open3D INFO] 
***
****
***


last map update loc: x: 1941.31, y: -467.317, z-852.965,
                now loc: x: 1949.06, y: -460.199, z-862.636, 3d distance: 14.2881, now needpdate submap
[INFO] [1773653747.761756204]: submap_cost: 8.272000 ms
[Open3D INFO] before sample, target size: 0, has normal: false
[Open3D INFO] after sample, target size: 0, has normal: false
[Open3D INFO] source size: 804, maxpoints_source_: 80000
[Open3D INFO] source size after voxel downsample: 772
[Open3D INFO] after prerpocess: 772
[Open3D INFO] 

time_diff:39.4781 s, localization right now
[Open3D INFO] 
***
****
***


last map update loc: x: 1949.06, y: -460.199, z-862.636,
                now loc: x: 1956.78, y: -452.954, z-872.335, 3d distance: 14.359, now needpdate submap
[INFO] [1773653747.854380040]: submap_cost: 8.029000 ms
[Open3D INFO] before sample, target size: 0, has normal: false
[Open3D INFO] after sample, target size: 0, has normal: false
[Open3D INFO] source size: 806, maxpoints_source_: 80000
[Open3D INFO] source size after voxel downsample: 767
[Open3D INFO] after prerpocess: 767
[Open3D INFO] 

time_diff:39.5885 s, localization right now
[Open3D INFO] 
***
****
***


last map update loc: x: 1956.78, y: -452.954, z-872.335,
                now loc: x: 1964.48, y: -445.711, z-882.054, 3d distance: 14.3615, now needpdate submap
[INFO] [1773653747.964922751]: submap_cost: 8.152000 ms
[Open3D INFO] before sample, target size: 0, has normal: false
[Open3D INFO] after sample, target size: 0, has normal: false
[Open3D INFO] source size: 818, maxpoints_source_: 80000
[Open3D INFO] source size after voxel downsample: 777
[Open3D INFO] after prerpocess: 777
[Open3D INFO] 

time_diff:39.6844 s, localization right now
[Open3D INFO] 
***
****
***


last map update loc: x: 1964.48, y: -445.711, z-882.054,
                now loc: x: 1972.12, y: -438.485, z-891.728, 3d distance: 14.2859, now needpdate submap
[INFO] [1773653748.060818098]: submap_cost: 8.080000 ms
[Open3D INFO] before sample, target size: 0, has normal: false
[Open3D INFO] after sample, target size: 0, has normal: false
[Open3D INFO] source size: 862, maxpoints_source_: 80000
[Open3D INFO] source size after voxel downsample: 793
[Open3D INFO] after prerpocess: 793
[Open3D INFO] 

time_diff:39.7926 s, localization right now
[Open3D INFO] 
***
****
***


last map update loc: x: 1972.12, y: -438.485, z-891.728,
                now loc: x: 1979.81, y: -431.013, z-901.692, 3d distance: 14.6413, now needpdate submap
[INFO] [1773653748.169207856]: submap_cost: 8.230000 ms
[Open3D INFO] before sample, target size: 0, has normal: false
[Open3D INFO] after sample, target size: 0, has normal: false
[Open3D INFO] source size: 784, maxpoints_source_: 80000
[Open3D INFO] source size after voxel downsample: 725
[Open3D INFO] after prerpocess: 725
[Open3D INFO] 

time_diff:39.8803 s, localization right now
[Open3D INFO] 
***
****
***


last map update loc: x: 1979.81, y: -431.013, z-901.692,
                now loc: x: 1987.4, y: -423.552, z-911.651, 3d distance: 14.5754, now needpdate submap
[INFO] [1773653748.256839688]: submap_cost: 8.213000 ms
[Open3D INFO] before sample, target size: 0, has normal: false
[Open3D INFO] after sample, target size: 0, has normal: false
[Open3D INFO] source size: 777, maxpoints_source_: 80000
[Open3D INFO] source size after voxel downsample: 732
[Open3D INFO] after prerpocess: 732
[Open3D INFO] 

time_diff:39.9886 s, localization right now
[Open3D INFO] 
***
****
***


last map update loc: x: 1987.4, y: -423.552, z-911.651,
                now loc: x: 1994.98, y: -416.123, z-921.583, 3d distance: 14.5368, now needpdate submap
[INFO] [1773653748.365058978]: submap_cost: 8.059000 ms
[Open3D INFO] before sample, target size: 0, has normal: false
[Open3D INFO] after sample, target size: 0, has normal: false
[Open3D INFO] source size: 848, maxpoints_source_: 80000
[Open3D INFO] source size after voxel downsample: 801
[Open3D INFO] after prerpocess: 801
[Open3D INFO] 

time_diff:40.0858 s, localization right now
[Open3D INFO] 
***
****
***


last map update loc: x: 1994.98, y: -416.123, z-921.583,
                now loc: x: 2002.6, y: -408.642, z-931.516, 3d distance: 14.5838, now needpdate submap
[INFO] [1773653748.462125619]: submap_cost: 8.013000 ms
[Open3D INFO] before sample, target size: 0, has normal: false
[Open3D INFO] after sample, target size: 0, has normal: false
[Open3D INFO] source size: 883, maxpoints_source_: 80000
[Open3D INFO] source size after voxel downsample: 839
[Open3D INFO] after prerpocess: 839
[Open3D INFO] 

time_diff:40.1908 s, localization right now
[Open3D INFO] 
***
****
***


last map update loc: x: 2002.6, y: -408.642, z-931.516,
                now loc: x: 2010.19, y: -401.016, z-941.604, 3d distance: 14.7488, now needpdate submap
[INFO] [1773653748.567365278]: submap_cost: 8.214000 ms
[Open3D INFO] before sample, target size: 0, has normal: false
[Open3D INFO] after sample, target size: 0, has normal: false
[Open3D INFO] source size: 795, maxpoints_source_: 80000
[Open3D INFO] source size after voxel downsample: 766
[Open3D INFO] after prerpocess: 766
[Open3D INFO] 

time_diff:40.2841 s, localization right now
[Open3D INFO] 
***
****
***


last map update loc: x: 2010.19, y: -401.016, z-941.604,
                now loc: x: 2017.73, y: -393.537, z-951.604, 3d distance: 14.5881, now needpdate submap
[INFO] [1773653748.660684908]: submap_cost: 8.206000 ms
[Open3D INFO] before sample, target size: 0, has normal: false
[Open3D INFO] after sample, target size: 0, has normal: false
[Open3D INFO] source size: 775, maxpoints_source_: 80000
[Open3D INFO] source size after voxel downsample: 738
[Open3D INFO] after prerpocess: 738
[WARN] [1773653748.661543619]: Localization skip: target(submap) is empty, keep last odom2map
[Open3D INFO] 

time_diff:40.3861 s, localization right now
[Open3D INFO] 
***
****
***


last map update loc: x: 2017.73, y: -393.537, z-951.604,
                now loc: x: 2025.34, y: -385.999, z-961.689, 3d distance: 14.7082, now needpdate submap
[INFO] [1773653748.762641408]: submap_cost: 8.201000 ms
[Open3D INFO] before sample, target size: 0, has normal: false
[Open3D INFO] after sample, target size: 0, has normal: false
[Open3D INFO] source size: 790, maxpoints_source_: 80000
[Open3D INFO] source size after voxel downsample: 736
[Open3D INFO] after prerpocess: 736
[Open3D INFO] 

time_diff:40.4812 s, localization right now
[Open3D INFO] 
***
****
***


last map update loc: x: 2025.34, y: -385.999, z-961.689,
                now loc: x: 2032.99, y: -378.261, z-971.995, 3d distance: 14.9879, now needpdate submap
[INFO] [1773653748.857793663]: submap_cost: 8.198000 ms
[Open3D INFO] before sample, target size: 0, has normal: false
[Open3D INFO] after sample, target size: 0, has normal: false
[Open3D INFO] source size: 698, maxpoints_source_: 80000
[Open3D INFO] source size after voxel downsample: 675
[Open3D INFO] after prerpocess: 675
[Open3D INFO] 

time_diff:40.5797 s, localization right now
[Open3D INFO] 
***
****
***


last map update loc: x: 2032.99, y: -378.261, z-971.995,
                now loc: x: 2040.55, y: -370.63, z-982.207, 3d distance: 14.8225, now needpdate submap
[INFO] [1773653748.956142483]: submap_cost: 8.090000 ms
[Open3D INFO] before sample, target size: 0, has normal: false
[Open3D INFO] after sample, target size: 0, has normal: false
[Open3D INFO] source size: 679, maxpoints_source_: 80000
[Open3D INFO] source size after voxel downsample: 647
[Open3D INFO] after prerpocess: 647
[Open3D INFO] 

time_diff:40.6791 s, localization right now
[Open3D INFO] 
***
****
***


last map update loc: x: 2040.55, y: -370.63, z-982.207,
                now loc: x: 2048.08, y: -362.874, z-992.431, 3d distance: 14.8803, now needpdate submap
[INFO] [1773653749.055476065]: submap_cost: 8.037000 ms
[Open3D INFO] before sample, target size: 0, has normal: false
[Open3D INFO] after sample, target size: 0, has normal: false
[Open3D INFO] source size: 701, maxpoints_source_: 80000
[Open3D INFO] source size after voxel downsample: 679
[Open3D INFO] after prerpocess: 679
[Open3D INFO] 

time_diff:40.7776 s, localization right now
[Open3D INFO] 
***
****
***


last map update loc: x: 2048.08, y: -362.874, z-992.431,
                now loc: x: 2055.57, y: -355.153, z-1002.73, 3d distance: 14.8947, now needpdate submap
[INFO] [1773653749.154188478]: submap_cost: 8.175000 ms
[Open3D INFO] before sample, target size: 0, has normal: false
[Open3D INFO] after sample, target size: 0, has normal: false
[Open3D INFO] source size: 681, maxpoints_source_: 80000
[Open3D INFO] source size after voxel downsample: 651
[Open3D INFO] after prerpocess: 651
[Open3D INFO] 

time_diff:40.8805 s, localization right now
[Open3D INFO] 
***
****
***


last map update loc: x: 2055.57, y: -355.153, z-1002.73,
                now loc: x: 2063.03, y: -347.398, z-1013.08, 3d distance: 14.9248, now needpdate submap
[INFO] [1773653749.256958888]: submap_cost: 8.077000 ms
[Open3D INFO] before sample, target size: 0, has normal: false
[Open3D INFO] after sample, target size: 0, has normal: false
[Open3D INFO] source size: 718, maxpoints_source_: 80000
[Open3D INFO] source size after voxel downsample: 686
[Open3D INFO] after prerpocess: 686
[Open3D INFO] 

time_diff:40.9852 s, localization right now
[Open3D INFO] 
***
****
***


last map update loc: x: 2063.03, y: -347.398, z-1013.08,
                now loc: x: 2070.5, y: -339.504, z-1023.42, 3d distance: 15.0011, now needpdate submap
[INFO] [1773653749.361550081]: submap_cost: 8.088000 ms
[Open3D INFO] before sample, target size: 0, has normal: false
[Open3D INFO] after sample, target size: 0, has normal: false
[Open3D INFO] source size: 706, maxpoints_source_: 80000
[Open3D INFO] source size after voxel downsample: 676
[Open3D INFO] after prerpocess: 676
[Open3D INFO] 

time_diff:41.0859 s, localization right now
[Open3D INFO] 
***
****
***


last map update loc: x: 2070.5, y: -339.504, z-1023.42,
                now loc: x: 2077.97, y: -331.684, z-1033.85, 3d distance: 15.0213, now needpdate submap
[INFO] [1773653749.462207762]: submap_cost: 7.999000 ms
[Open3D INFO] before sample, target size: 0, has normal: false
[Open3D INFO] after sample, target size: 0, has normal: false
[Open3D INFO] source size: 699, maxpoints_source_: 80000
[Open3D INFO] source size after voxel downsample: 681
[Open3D INFO] after prerpocess: 681
[Open3D INFO] 

time_diff:41.1844 s, localization right now
[Open3D INFO] 
***
****
***


last map update loc: x: 2077.97, y: -331.684, z-1033.85,
                now loc: x: 2085.45, y: -323.835, z-1044.29, 3d distance: 15.0586, now needpdate submap
[INFO] [1773653749.560785292]: submap_cost: 8.014000 ms
[Open3D INFO] before sample, target size: 0, has normal: false
[Open3D INFO] after sample, target size: 0, has normal: false
[Open3D INFO] source size: 678, maxpoints_source_: 80000
[Open3D INFO] source size after voxel downsample: 654
[Open3D INFO] after prerpocess: 654
[Open3D INFO] 

time_diff:41.2769 s, localization right now
[Open3D INFO] 
***
****
***


last map update loc: x: 2085.45, y: -323.835, z-1044.29,
                now loc: x: 2092.83, y: -315.957, z-1054.77, 3d distance: 15.043, now needpdate submap
[INFO] [1773653749.653314246]: submap_cost: 8.153000 ms
[Open3D INFO] before sample, target size: 0, has normal: false
[Open3D INFO] after sample, target size: 0, has normal: false
[Open3D INFO] source size: 657, maxpoints_source_: 80000
[Open3D INFO] source size after voxel downsample: 635
[Open3D INFO] after prerpocess: 635
[Open3D INFO] 

time_diff:41.378 s, localization right now
[Open3D INFO] 
***
****
***


last map update loc: x: 2092.83, y: -315.957, z-1054.77,
                now loc: x: 2100.28, y: -307.958, z-1065.28, 3d distance: 15.1632, now needpdate submap
[INFO] [1773653749.754516965]: submap_cost: 8.179000 ms
[Open3D INFO] before sample, target size: 0, has normal: false
[Open3D INFO] after sample, target size: 0, has normal: false
[Open3D INFO] source size: 628, maxpoints_source_: 80000
[Open3D INFO] source size after voxel downsample: 609
[Open3D INFO] after prerpocess: 609
[WARN] [1773653749.755199575]: Localization skip: target(submap) is empty, keep last odom2map
[Open3D INFO] 

time_diff:41.4783 s, localization right now
[Open3D INFO] 
***
****
***


last map update loc: x: 2100.28, y: -307.958, z-1065.28,
                now loc: x: 2107.61, y: -299.965, z-1075.81, 3d distance: 15.1157, now needpdate submap
[INFO] [1773653749.854772620]: submap_cost: 8.119000 ms
[Open3D INFO] before sample, target size: 0, has normal: false
[Open3D INFO] after sample, target size: 0, has normal: false
[Open3D INFO] source size: 591, maxpoints_source_: 80000
[Open3D INFO] source size after voxel downsample: 575
[Open3D INFO] after prerpocess: 575
[Open3D INFO] 

time_diff:41.5777 s, localization right now
[Open3D INFO] 
***
****
***


last map update loc: x: 2107.61, y: -299.965, z-1075.81,
                now loc: x: 2114.83, y: -292.042, z-1086.16, 3d distance: 14.9030, now needpdate submap
[INFO] [1773653749.954226173]: submap_cost: 8.189000 ms
[Open3D INFO] before sample, target size: 0, has normal: false
[Open3D INFO] after sample, target size: 0, has normal: false
[Open3D INFO] source size: 616, maxpoints_source_: 80000
[Open3D INFO] source size after voxel downsample: 595
[Open3D INFO] after prerpocess: 595
[Open3D INFO] 

time_diff:41.6791 s, localization right now
[Open3D INFO] 
***
****
***


last map update loc: x: 2114.83, y: -292.042, z-1086.16,
                now loc: x: 2122.42, y: -283.703, z-1096.94, 3d distance: 15.6005, now needpdate submap
[INFO] [1773653750.055490558]: submap_cost: 8.102000 ms
[Open3D INFO] before sample, target size: 0, has normal: false
[Open3D INFO] after sample, target size: 0, has normal: false
[Open3D INFO] source size: 565, maxpoints_source_: 80000
[Open3D INFO] source size after voxel downsample: 548
[Open3D INFO] after prerpocess: 548
[Open3D INFO] 

time_diff:41.7783 s, localization right now
[Open3D INFO] 
***
****
***


last map update loc: x: 2122.42, y: -283.703, z-1096.94,
                now loc: x: 2129.78, y: -275.584, z-1107.69, 3d distance: 15.3461, now needpdate submap
[INFO] [1773653750.154671592]: submap_cost: 8.022000 ms
[Open3D INFO] before sample, target size: 0, has normal: false
[Open3D INFO] after sample, target size: 0, has normal: false
[Open3D INFO] source size: 490, maxpoints_source_: 80000
[Open3D INFO] source size after voxel downsample: 475
[Open3D INFO] after prerpocess: 475
[Open3D INFO] 

time_diff:41.8824 s, localization right now
[Open3D INFO] 
***
****
***


last map update loc: x: 2129.78, y: -275.584, z-1107.69,
                now loc: x: 2137.1, y: -267.433, z-1118.45, 3d distance: 15.3602, now needpdate submap
[INFO] [1773653750.258775445]: submap_cost: 8.065000 ms
[Open3D INFO] before sample, target size: 0, has normal: false
[Open3D INFO] after sample, target size: 0, has normal: false
[Open3D INFO] source size: 573, maxpoints_source_: 80000
[Open3D INFO] source size after voxel downsample: 555
[Open3D INFO] after prerpocess: 555
[Open3D INFO] 

time_diff:41.9788 s, localization right now
[Open3D INFO] 
***
****
***


last map update loc: x: 2137.1, y: -267.433, z-1118.45,
                now loc: x: 2144.36, y: -259.343, z-1129.14, 3d distance: 15.2459, now needpdate submap
[INFO] [1773653750.355094259]: submap_cost: 8.064000 ms
[Open3D INFO] before sample, target size: 0, has normal: false
[Open3D INFO] after sample, target size: 0, has normal: false
[Open3D INFO] source size: 592, maxpoints_source_: 80000
[Open3D INFO] source size after voxel downsample: 568
[Open3D INFO] after prerpocess: 568
[Open3D INFO] 

time_diff:42.0864 s, localization right now
[Open3D INFO] 
***
****
***


last map update loc: x: 2144.36, y: -259.343, z-1129.14,
                now loc: x: 2151.7, y: -251.033, z-1140.04, 3d distance: 15.5456, now needpdate submap
[INFO] [1773653750.462624634]: submap_cost: 8.007000 ms
[Open3D INFO] before sample, target size: 0, has normal: false
[Open3D INFO] after sample, target size: 0, has normal: false
[Open3D INFO] source size: 503, maxpoints_source_: 80000
[Open3D INFO] source size after voxel downsample: 490
[Open3D INFO] after prerpocess: 490
[Open3D INFO] 

time_diff:42.1887 s, localization right now
[Open3D INFO] 
***
****
***


last map update loc: x: 2151.7, y: -251.033, z-1140.04,
                now loc: x: 2158.94, y: -242.711, z-1150.84, 3d distance: 15.4414, now needpdate submap
[INFO] [1773653750.565125980]: submap_cost: 8.197000 ms
[Open3D INFO] before sample, target size: 0, has normal: false
[Open3D INFO] after sample, target size: 0, has normal: false
[Open3D INFO] source size: 500, maxpoints_source_: 80000
[Open3D INFO] source size after voxel downsample: 486
[Open3D INFO] after prerpocess: 486
[Open3D INFO] 

time_diff:42.291 s, localization right now
[Open3D INFO] 
***
****
***


last map update loc: x: 2158.94, y: -242.711, z-1150.84,
                now loc: x: 2166.1, y: -234.405, z-1161.49, 3d distance: 15.2856, now needpdate submap
[INFO] [1773653750.667503003]: submap_cost: 8.139000 ms
[Open3D INFO] before sample, target size: 0, has normal: false
[Open3D INFO] after sample, target size: 0, has normal: false
[Open3D INFO] source size: 497, maxpoints_source_: 80000
[Open3D INFO] source size after voxel downsample: 484
[Open3D INFO] after prerpocess: 484
[Open3D INFO] 

time_diff:42.3873 s, localization right now
[Open3D INFO] 
***
****
***


last map update loc: x: 2166.1, y: -234.405, z-1161.49,
                now loc: x: 2173.44, y: -225.797, z-1172.59, 3d distance: 15.8485, now needpdate submap
[INFO] [1773653750.763622260]: submap_cost: 8.083000 ms
[Open3D INFO] before sample, target size: 0, has normal: false
[Open3D INFO] after sample, target size: 0, has normal: false
[Open3D INFO] source size: 442, maxpoints_source_: 80000
[Open3D INFO] source size after voxel downsample: 427
[Open3D INFO] after prerpocess: 427
[WARN] [1773653750.764279685]: Localization skip: target(submap) is empty, keep last odom2map
[Open3D INFO] 

time_diff:42.4785 s, localization right now
[Open3D INFO] 
***
****
***


last map update loc: x: 2173.44, y: -225.797, z-1172.59,
                now loc: x: 2180.5, y: -217.401, z-1183.34, 3d distance: 15.3578, now needpdate submap
[INFO] [1773653750.854923725]: submap_cost: 8.091000 ms
[Open3D INFO] before sample, target size: 0, has normal: false
[Open3D INFO] after sample, target size: 0, has normal: false
[Open3D INFO] source size: 398, maxpoints_source_: 80000
[Open3D INFO] source size after voxel downsample: 394
[Open3D INFO] after prerpocess: 394
[Open3D INFO] 

time_diff:42.5804 s, localization right now
[Open3D INFO] 
***
****
***


last map update loc: x: 2180.5, y: -217.401, z-1183.34,
                now loc: x: 2187.62, y: -208.9, z-1194.24, 3d distance: 15.5449, now needpdate submap
[INFO] [1773653750.956959874]: submap_cost: 8.175000 ms
[Open3D INFO] before sample, target size: 0, has normal: false
[Open3D INFO] after sample, target size: 0, has normal: false
[Open3D INFO] source size: 375, maxpoints_source_: 80000
[Open3D INFO] source size after voxel downsample: 365
[Open3D INFO] after prerpocess: 365
[Open3D INFO] 

time_diff:42.6758 s, localization right now
[Open3D INFO] 
***
****
***


last map update loc: x: 2187.62, y: -208.9, z-1194.24,
                now loc: x: 2194.63, y: -200.378, z-1205.14, 3d distance: 15.5095, now needpdate submap
[INFO] [1773653751.052271557]: submap_cost: 8.102000 ms
[Open3D INFO] before sample, target size: 0, has normal: false
[Open3D INFO] after sample, target size: 0, has normal: false
[Open3D INFO] source size: 409, maxpoints_source_: 80000
[Open3D INFO] source size after voxel downsample: 400
[Open3D INFO] after prerpocess: 400
[Open3D INFO] 

time_diff:42.7817 s, localization right now
[Open3D INFO] 
***
****
***


last map update loc: x: 2194.63, y: -200.378, z-1205.14,
                now loc: x: 2201.76, y: -191.743, z-1216.25, 3d distance: 15.7763, now needpdate submap
[INFO] [1773653751.158177378]: submap_cost: 8.130000 ms
[Open3D INFO] before sample, target size: 0, has normal: false
[Open3D INFO] after sample, target size: 0, has normal: false
[Open3D INFO] source size: 404, maxpoints_source_: 80000
[Open3D INFO] source size after voxel downsample: 385
[Open3D INFO] after prerpocess: 385
[Open3D INFO] 

time_diff:42.88 s, localization right now
[Open3D INFO] 
***
****
***


last map update loc: x: 2201.76, y: -191.743, z-1216.25,
                now loc: x: 2208.79, y: -183.2, z-1227.16, 3d distance: 15.5365, now needpdate submap
[INFO] [1773653751.256335857]: submap_cost: 8.100000 ms
[Open3D INFO] before sample, target size: 0, has normal: false
[Open3D INFO] after sample, target size: 0, has normal: false
[Open3D INFO] source size: 288, maxpoints_source_: 80000
[Open3D INFO] source size after voxel downsample: 284
[Open3D INFO] after prerpocess: 284
[Open3D INFO] 

time_diff:42.9796 s, localization right now
[Open3D INFO] 
***
****
***


last map update loc: x: 2208.79, y: -183.2, z-1227.16,
                now loc: x: 2215.76, y: -174.416, z-1238.35, 3d distance: 15.8446, now needpdate submap
[INFO] [1773653751.355856580]: submap_cost: 7.956000 ms
[Open3D INFO] before sample, target size: 0, has normal: false
[Open3D INFO] after sample, target size: 0, has normal: false
[Open3D INFO] source size: 361, maxpoints_source_: 80000
[Open3D INFO] source size after voxel downsample: 356
[Open3D INFO] after prerpocess: 356
[Open3D INFO] 

time_diff:43.0862 s, localization right now
[Open3D INFO] 
***
****
***


last map update loc: x: 2215.76, y: -174.416, z-1238.35,
                now loc: x: 2222.73, y: -165.622, z-1249.49, 3d distance: 15.8155, now needpdate submap
[INFO] [1773653751.462463891]: submap_cost: 8.030000 ms
[Open3D INFO] before sample, target size: 0, has normal: false
[Open3D INFO] after sample, target size: 0, has normal: false
[Open3D INFO] source size: 310, maxpoints_source_: 80000
[Open3D INFO] source size after voxel downsample: 306
[Open3D INFO] after prerpocess: 306
[Open3D INFO] 

time_diff:43.1938 s, localization right now
[Open3D INFO] 
***
****
***


last map update loc: x: 2222.73, y: -165.622, z-1249.49,
                now loc: x: 2229.65, y: -156.799, z-1260.61, 3d distance: 15.7882, now needpdate submap
[INFO] [1773653751.570243201]: submap_cost: 8.105000 ms
[Open3D INFO] before sample, target size: 0, has normal: false
[Open3D INFO] after sample, target size: 0, has normal: false
[Open3D INFO] source size: 273, maxpoints_source_: 80000
[Open3D INFO] source size after voxel downsample: 264
[Open3D INFO] after prerpocess: 264
[Open3D INFO] 

time_diff:43.2997 s, localization right now
[Open3D INFO] 
***
****
***


last map update loc: x: 2229.65, y: -156.799, z-1260.61,
                now loc: x: 2236.52, y: -147.922, z-1271.86, 3d distance: 15.8933, now needpdate submap
[INFO] [1773653751.676209951]: submap_cost: 8.192000 ms
[Open3D INFO] before sample, target size: 0, has normal: false
[Open3D INFO] after sample, target size: 0, has normal: false
[Open3D INFO] source size: 259, maxpoints_source_: 80000
[Open3D INFO] source size after voxel downsample: 257
[Open3D INFO] after prerpocess: 257
[Open3D INFO] 

time_diff:43.3951 s, localization right now
[Open3D INFO] 
***
****
***


last map update loc: x: 2236.52, y: -147.922, z-1271.86,
                now loc: x: 2243.36, y: -139.002, z-1283.21, 3d distance: 15.9729, now needpdate submap
[INFO] [1773653751.771407711]: submap_cost: 7.956000 ms
[Open3D INFO] before sample, target size: 0, has normal: false
[Open3D INFO] after sample, target size: 0, has normal: false
[Open3D INFO] source size: 248, maxpoints_source_: 80000
[Open3D INFO] source size after voxel downsample: 245
[Open3D INFO] after prerpocess: 245
[WARN] [1773653751.771923981]: Localization skip: target(submap) is empty, keep last odom2map
[Open3D INFO] 

time_diff:43.4847 s, localization right now
[Open3D INFO] 
***
****
***


last map update loc: x: 2243.36, y: -139.002, z-1283.21,
                now loc: x: 2250.26, y: -130.06, z-1294.58, 3d distance: 16.027, now needpdate submap
[INFO] [1773653751.861283442]: submap_cost: 8.243000 ms
[Open3D INFO] before sample, target size: 0, has normal: false
[Open3D INFO] after sample, target size: 0, has normal: false
[Open3D INFO] source size: 232, maxpoints_source_: 80000
[Open3D INFO] source size after voxel downsample: 231
[Open3D INFO] after prerpocess: 231
[Open3D INFO] 

time_diff:43.5948 s, localization right now
[Open3D INFO] 
***
****
***


last map update loc: x: 2250.26, y: -130.06, z-1294.58,
                now loc: x: 2257.08, y: -121.098, z-1306.07, 3d distance: 16.0867, now needpdate submap
[INFO] [1773653751.971124631]: submap_cost: 7.978000 ms
[Open3D INFO] before sample, target size: 0, has normal: false
[Open3D INFO] after sample, target size: 0, has normal: false
[Open3D INFO] source size: 220, maxpoints_source_: 80000
[Open3D INFO] source size after voxel downsample: 219
[Open3D INFO] after prerpocess: 219
[Open3D INFO] 

time_diff:43.7095 s, localization right now
[Open3D INFO] 
***
****
***


last map update loc: x: 2257.08, y: -121.098, z-1306.07,
                now loc: x: 2263.93, y: -112.037, z-1317.64, 3d distance: 16.2186, now needpdate submap
[INFO] [1773653752.086038819]: submap_cost: 8.115000 ms
[Open3D INFO] before sample, target size: 0, has normal: false
[Open3D INFO] after sample, target size: 0, has normal: false
[Open3D INFO] source size: 209, maxpoints_source_: 80000
[Open3D INFO] source size after voxel downsample: 207
[Open3D INFO] after prerpocess: 207
[Open3D INFO] 

time_diff:43.7862 s, localization right now
[Open3D INFO] 
***
****
***


last map update loc: x: 2263.93, y: -112.037, z-1317.64,
                now loc: x: 2270.7, y: -102.938, z-1329.25, 3d distance: 16.2236, now needpdate submap
[INFO] [1773653752.162670710]: submap_cost: 8.083000 ms
[Open3D INFO] before sample, target size: 0, has normal: false
[Open3D INFO] after sample, target size: 0, has normal: false
[Open3D INFO] source size: 204, maxpoints_source_: 80000
[Open3D INFO] source size after voxel downsample: 202
[Open3D INFO] after prerpocess: 202
[Open3D INFO] 

time_diff:43.885 s, localization right now
[Open3D INFO] 
***
****
***


last map update loc: x: 2270.7, y: -102.938, z-1329.25,
                now loc: x: 2277.36, y: -93.8448, z-1340.82, 3d distance: 16.1611, now needpdate submap
[INFO] [1773653752.261208975]: submap_cost: 7.991000 ms
[Open3D INFO] before sample, target size: 0, has normal: false
[Open3D INFO] after sample, target size: 0, has normal: false
[Open3D INFO] source size: 202, maxpoints_source_: 80000
[Open3D INFO] source size after voxel downsample: 199
[Open3D INFO] after prerpocess: 199
[Open3D INFO] 

time_diff:43.9819 s, localization right now
[Open3D INFO] 
***
****
***


last map update loc: x: 2277.36, y: -93.8448, z-1340.82,
                now loc: x: 2284.14, y: -84.6161, z-1352.6, 3d distance: 16.4263, now needpdate submap
[INFO] [1773653752.358082844]: submap_cost: 7.956000 ms
[Open3D INFO] before sample, target size: 0, has normal: false
[Open3D INFO] after sample, target size: 0, has normal: false
[Open3D INFO] source size: 187, maxpoints_source_: 80000
[Open3D INFO] source size after voxel downsample: 183
[Open3D INFO] after prerpocess: 183
[Open3D INFO] 

time_diff:44.0821 s, localization right now
[Open3D INFO] 
***
****
***


last map update loc: x: 2284.14, y: -84.6161, z-1352.6,
                now loc: x: 2290.96, y: -75.2516, z-1364.42, 3d distance: 16.5453, now needpdate submap
[INFO] [1773653752.458382467]: submap_cost: 7.993000 ms
[Open3D INFO] before sample, target size: 0, has normal: false
[Open3D INFO] after sample, target size: 0, has normal: false
[Open3D INFO] source size: 163, maxpoints_source_: 80000
[Open3D INFO] source size after voxel downsample: 163
[Open3D INFO] after prerpocess: 163
[Open3D INFO] 

time_diff:44.1832 s, localization right now
[Open3D INFO] 
***
****
***


last map update loc: x: 2290.96, y: -75.2516, z-1364.42,
                now loc: x: 2297.61, y: -65.8594, z-1376.3, 3d distance: 16.5423, now needpdate submap
[INFO] [1773653752.559463808]: submap_cost: 8.033000 ms
[Open3D INFO] before sample, target size: 0, has normal: false
[Open3D INFO] after sample, target size: 0, has normal: false
[Open3D INFO] source size: 110, maxpoints_source_: 80000
[Open3D INFO] source size after voxel downsample: 109
[Open3D INFO] after prerpocess: 109
[Open3D INFO] 

time_diff:44.2856 s, localization right now
[Open3D INFO] 
***
****
***


last map update loc: x: 2297.61, y: -65.8594, z-1376.3,
                now loc: x: 2304.15, y: -56.7234, z-1387.92, 3d distance: 16.1657, now needpdate submap
[INFO] [1773653752.663435529]: submap_cost: 8.878000 ms
[Open3D INFO] before sample, target size: 0, has normal: false
[Open3D INFO] after sample, target size: 0, has normal: false
[Open3D INFO] source size: 105, maxpoints_source_: 80000
[Open3D INFO] source size after voxel downsample: 105
[Open3D INFO] after prerpocess: 105
[Open3D INFO] 

time_diff:44.4018 s, localization right now
[Open3D INFO] 
***
****
***


last map update loc: x: 2304.15, y: -56.7234, z-1387.92,
                now loc: x: 2310.95, y: -47.0645, z-1400.13, 3d distance: 16.9882, now needpdate submap
[INFO] [1773653752.779570517]: submap_cost: 8.877000 ms
[Open3D INFO] before sample, target size: 0, has normal: false
[Open3D INFO] after sample, target size: 0, has normal: false
[Open3D INFO] source size: 80, maxpoints_source_: 80000
[Open3D INFO] source size after voxel downsample: 78
[Open3D INFO] after prerpocess: 78
[WARN] [1773653752.780247527]: Localization skip: target(submap) is empty, keep last odom2map
[Open3D INFO] 

time_diff:44.4959 s, localization right now
[Open3D INFO] 
***
****
***


last map update loc: x: 2310.95, y: -47.0645, z-1400.13,
                now loc: x: 2317.45, y: -37.5214, z-1412.19, 3d distance: 16.6962, now needpdate submap
[INFO] [1773653752.872409687]: submap_cost: 8.120000 ms
[Open3D INFO] before sample, target size: 0, has normal: false
[Open3D INFO] after sample, target size: 0, has normal: false
[Open3D INFO] source size: 64, maxpoints_source_: 80000
[Open3D INFO] source size after voxel downsample: 64
[Open3D INFO] after prerpocess: 64
[Open3D INFO] 

time_diff:44.5846 s, localization right now
[Open3D INFO] 
***
****
***


last map update loc: x: 2317.45, y: -37.5214, z-1412.19,
                now loc: x: 2324.01, y: -27.9050, z-1424.31, 3d distance: 16.8046, now needpdate submap
[INFO] [1773653752.961129931]: submap_cost: 8.149000 ms
[Open3D INFO] before sample, target size: 0, has normal: false
[Open3D INFO] after sample, target size: 0, has normal: false
[Open3D INFO] source size: 66, maxpoints_source_: 80000
[Open3D INFO] source size after voxel downsample: 62
[Open3D INFO] after prerpocess: 62
[Open3D INFO] 

time_diff:44.6893 s, localization right now
[Open3D INFO] 
***
****
***


last map update loc: x: 2324.01, y: -27.9050, z-1424.31,
                now loc: x: 2330.56, y: -18.1787, z-1436.37, 3d distance: 16.8232, now needpdate submap
[INFO] [1773653753.065716932]: submap_cost: 8.128000 ms
[Open3D INFO] before sample, target size: 0, has normal: false
[Open3D INFO] after sample, target size: 0, has normal: false
[Open3D INFO] source size: 73, maxpoints_source_: 80000
[Open3D INFO] source size after voxel downsample: 71
[Open3D INFO] after prerpocess: 71
[Open3D INFO] 

time_diff:44.7837 s, localization right now
[Open3D INFO] 
***
****
***


last map update loc: x: 2330.56, y: -18.1787, z-1436.37,
                now loc: x: 2337.14, y: -8.36548, z-1448.57, 3d distance: 16.979, now needpdate submap
[INFO] [1773653753.160228338]: submap_cost: 8.204000 ms
[Open3D INFO] before sample, target size: 0, has normal: false
[Open3D INFO] after sample, target size: 0, has normal: false
[Open3D INFO] source size: 76, maxpoints_source_: 80000
[Open3D INFO] source size after voxel downsample: 75
[Open3D INFO] after prerpocess: 75
[Open3D INFO] 

time_diff:44.8919 s, localization right now
[Open3D INFO] 
***
****
***


last map update loc: x: 2337.14, y: -8.36548, z-1448.57,
                now loc: x: 2343.69, y: 1.3951, z-1460.85, 3d distance: 17.0019, now needpdate submap
[INFO] [1773653753.268419051]: submap_cost: 8.144000 ms
[Open3D INFO] before sample, target size: 0, has normal: false
[Open3D INFO] after sample, target size: 0, has normal: false
[Open3D INFO] source size: 40, maxpoints_source_: 80000
[Open3D INFO] source size after voxel downsample: 40
[Open3D INFO] after prerpocess: 40
[Open3D INFO] 

time_diff:44.9881 s, localization right now
[Open3D INFO] 
***
****
***


last map update loc: x: 2343.69, y: 1.3951, z-1460.85,
                now loc: x: 2350.13, y: 11.3219, z-1473.22, 3d distance: 17.119, now needpdate submap
[INFO] [1773653753.364395008]: submap_cost: 7.977000 ms
[Open3D INFO] before sample, target size: 0, has normal: false
[Open3D INFO] after sample, target size: 0, has normal: false
[Open3D INFO] source size: 15, maxpoints_source_: 80000
[Open3D INFO] source size after voxel downsample: 15
[Open3D INFO] after prerpocess: 15
[Open3D INFO] 

time_diff:45.0857 s, localization right now
[Open3D INFO] 
***
****
***


last map update loc: x: 2350.13, y: 11.3219, z-1473.22,
                now loc: x: 2356.57, y: 21.1828, z-1485.62, 3d distance: 17.1044, now needpdate submap
[INFO] [1773653753.461889021]: submap_cost: 7.960000 ms
[Open3D INFO] before sample, target size: 0, has normal: false
[Open3D INFO] after sample, target size: 0, has normal: false
[Open3D INFO] source size: 7, maxpoints_source_: 80000
[Open3D INFO] source size after voxel downsample: 7
[Open3D INFO] after prerpocess: 7
[Open3D INFO] 

time_diff:45.1976 s, localization right now
[Open3D INFO] 
***
****
***


last map update loc: x: 2356.57, y: 21.1828, z-1485.62,
                now loc: x: 2362.99, y: 31.2439, z-1498.1, 3d distance: 17.2684, now needpdate submap
[INFO] [1773653753.573850491]: submap_cost: 8.031000 ms
[Open3D INFO] before sample, target size: 0, has normal: false
[Open3D INFO] after sample, target size: 0, has normal: false
[Open3D INFO] source size: 4, maxpoints_source_: 80000
[Open3D INFO] source size after voxel downsample: 4
[Open3D INFO] after prerpocess: 4
[Open3D INFO] 

time_diff:45.3019 s, localization right now
[Open3D INFO] 
***
****
***


last map update loc: x: 2362.99, y: 31.2439, z-1498.1,
                now loc: x: 2369.38, y: 41.2989, z-1510.67, 3d distance: 17.3112, now needpdate submap
[INFO] [1773653753.678165581]: submap_cost: 7.991000 ms
[Open3D INFO] before sample, target size: 0, has normal: false
[Open3D INFO] after sample, target size: 0, has normal: false
[Open3D INFO] source size: 0, maxpoints_source_: 80000
[Open3D INFO] source size after voxel downsample: 0
[Open3D INFO] after prerpocess: 0
[Open3D INFO] 

time_diff:45.393 s, localization right now
[Open3D INFO] 
***
****
***


last map update loc: x: 2369.38, y: 41.2989, z-1510.67,
                now loc: x: 2375.83, y: 51.2338, z-1523.09, 3d distance: 17.1655, now needpdate submap
[INFO] [1773653753.769442917]: submap_cost: 8.120000 ms
[Open3D INFO] before sample, target size: 0, has normal: false
[Open3D INFO] after sample, target size: 0, has normal: false
[Open3D INFO] source size: 0, maxpoints_source_: 80000
[Open3D INFO] source size after voxel downsample: 0
[Open3D INFO] after prerpocess: 0
[Open3D INFO] 

time_diff:45.5050 s, localization right now
[Open3D INFO] 
***
****
***


last map update loc: x: 2375.83, y: 51.2338, z-1523.09,
                now loc: x: 2382.46, y: 61.4401, z-1535.79, 3d distance: 17.5894, now needpdate submap
[INFO] [1773653753.881240030]: submap_cost: 7.950000 ms
[Open3D INFO] before sample, target size: 0, has normal: false
[Open3D INFO] after sample, target size: 0, has normal: false
[Open3D INFO] source size: 0, maxpoints_source_: 80000
[Open3D INFO] source size after voxel downsample: 0
[Open3D INFO] after prerpocess: 0
[WARN] [1773653753.881999346]: Localization skip: target(submap) is empty, keep last odom2map
[Open3D INFO] 

time_diff:45.5983 s, localization right now
[Open3D INFO] 
***
****
***


last map update loc: x: 2382.46, y: 61.4401, z-1535.79,
                now loc: x: 2388.95, y: 71.7685, z-1548.33, 3d distance: 17.495, now needpdate submap
[INFO] [1773653753.974846804]: submap_cost: 8.186000 ms
[Open3D INFO] before sample, target size: 0, has normal: false
[Open3D INFO] after sample, target size: 0, has normal: false
[Open3D INFO] source size: 0, maxpoints_source_: 80000
[Open3D INFO] source size after voxel downsample: 0
[Open3D INFO] after prerpocess: 0
[Open3D INFO] 

time_diff:45.7014 s, localization right now
[Open3D INFO] 
***
****
***


last map update loc: x: 2388.95, y: 71.7685, z-1548.33,
                now loc: x: 2395.2, y: 82.0537, z-1560.99, 3d distance: 17.4696, now needpdate submap
[INFO] [1773653754.077910693]: submap_cost: 8.166000 ms
[Open3D INFO] before sample, target size: 0, has normal: false
[Open3D INFO] after sample, target size: 0, has normal: false
[Open3D INFO] source size: 8, maxpoints_source_: 80000
[Open3D INFO] source size after voxel downsample: 8
[Open3D INFO] after prerpocess: 8
[Open3D INFO] 

time_diff:45.8071 s, localization right now
[Open3D INFO] 
***
****
***


last map update loc: x: 2395.2, y: 82.0537, z-1560.99,
                now loc: x: 2401.6, y: 92.5004, z-1573.88, 3d distance: 17.7797, now needpdate submap
[INFO] [1773653754.183598620]: submap_cost: 8.163000 ms
[Open3D INFO] before sample, target size: 0, has normal: false
[Open3D INFO] after sample, target size: 0, has normal: false
[Open3D INFO] source size: 0, maxpoints_source_: 80000
[Open3D INFO] source size after voxel downsample: 0
[Open3D INFO] after prerpocess: 0
[Open3D INFO] 

time_diff:45.8978 s, localization right now
[Open3D INFO] 
***
****
***


last map update loc: x: 2401.6, y: 92.5004, z-1573.88,
                now loc: x: 2407.92, y: 102.959, z-1586.65, 3d distance: 17.6756, now needpdate submap
[INFO] [1773653754.274050462]: submap_cost: 7.950000 ms
[Open3D INFO] before sample, target size: 0, has normal: false
[Open3D INFO] after sample, target size: 0, has normal: false
[Open3D INFO] source size: 0, maxpoints_source_: 80000
[Open3D INFO] source size after voxel downsample: 0
[Open3D INFO] after prerpocess: 0
[Open3D INFO] 

time_diff:45.9941 s, localization right now
[Open3D INFO] 
***
****
***


last map update loc: x: 2407.92, y: 102.959, z-1586.65,
                now loc: x: 2414.37, y: 113.436, z-1599.48, 3d distance: 17.7744, now needpdate submap
[INFO] [1773653754.370363195]: submap_cost: 8.054000 ms
[Open3D INFO] before sample, target size: 0, has normal: false
[Open3D INFO] after sample, target size: 0, has normal: false
[Open3D INFO] source size: 0, maxpoints_source_: 80000
[Open3D INFO] source size after voxel downsample: 0
[Open3D INFO] after prerpocess: 0
[Open3D INFO] 

time_diff:46.1028 s, localization right now
[Open3D INFO] 
***
****
***


last map update loc: x: 2414.37, y: 113.436, z-1599.48,
                now loc: x: 2420.77, y: 124.065, z-1612.31, 3d distance: 17.8472, now needpdate submap
[INFO] [1773653754.479165637]: submap_cost: 8.094000 ms
[Open3D INFO] before sample, target size: 0, has normal: false
[Open3D INFO] after sample, target size: 0, has normal: false
[Open3D INFO] source size: 0, maxpoints_source_: 80000
[Open3D INFO] source size after voxel downsample: 0
[Open3D INFO] after prerpocess: 0
[Open3D INFO] 

time_diff:46.1929 s, localization right now
[Open3D INFO] 
***
****
***


last map update loc: x: 2420.77, y: 124.065, z-1612.31,
                now loc: x: 2427.26, y: 134.602, z-1625.17, 3d distance: 17.8541, now needpdate submap
[INFO] [1773653754.569185884]: submap_cost: 8.071000 ms
[Open3D INFO] before sample, target size: 0, has normal: false
[Open3D INFO] after sample, target size: 0, has normal: false
[Open3D INFO] source size: 0, maxpoints_source_: 80000
[Open3D INFO] source size after voxel downsample: 0
[Open3D INFO] after prerpocess: 0
[Open3D INFO] 

time_diff:46.3038 s, localization right now
[Open3D INFO] 
***
****
***


last map update loc: x: 2427.26, y: 134.602, z-1625.17,
                now loc: x: 2433.7, y: 145.297, z-1638.15, 3d distance: 18.0046, now needpdate submap
[INFO] [1773653754.680122302]: submap_cost: 8.069000 ms
[Open3D INFO] before sample, target size: 0, has normal: false
[Open3D INFO] after sample, target size: 0, has normal: false
[Open3D INFO] source size: 0, maxpoints_source_: 80000
[Open3D INFO] source size after voxel downsample: 0
[Open3D INFO] after prerpocess: 0
[Open3D INFO] 

time_diff:46.4069 s, localization right now
[Open3D INFO] 
***
****
***


last map update loc: x: 2433.7, y: 145.297, z-1638.15,
                now loc: x: 2440.09, y: 156.017, z-1651.1, 3d distance: 17.988, now needpdate submap
[INFO] [1773653754.783379764]: submap_cost: 8.178000 ms
[Open3D INFO] before sample, target size: 0, has normal: false
[Open3D INFO] after sample, target size: 0, has normal: false
[Open3D INFO] source size: 0, maxpoints_source_: 80000
[Open3D INFO] source size after voxel downsample: 0
[Open3D INFO] after prerpocess: 0
[Open3D INFO] 

time_diff:46.4931 s, localization right now
[Open3D INFO] 
***
****
***


last map update loc: x: 2440.09, y: 156.017, z-1651.1,
                now loc: x: 2446.44, y: 166.813, z-1664.09, 3d distance: 18.0464, now needpdate submap
[INFO] [1773653754.869349375]: submap_cost: 8.037000 ms
[Open3D INFO] before sample, target size: 0, has normal: false
[Open3D INFO] after sample, target size: 0, has normal: false
[Open3D INFO] source size: 0, maxpoints_source_: 80000
[Open3D INFO] source size after voxel downsample: 0
[Open3D INFO] after prerpocess: 0
[Open3D INFO] 

time_diff:46.591 s, localization right now
[Open3D INFO] 
***
****
***


last map update loc: x: 2446.44, y: 166.813, z-1664.09,
                now loc: x: 2452.83, y: 177.699, z-1677.02, 3d distance: 18.0651, now needpdate submap
[INFO] [1773653754.967492301]: submap_cost: 8.159000 ms
[Open3D INFO] before sample, target size: 0, has normal: false
[Open3D INFO] after sample, target size: 0, has normal: false
[Open3D INFO] source size: 0, maxpoints_source_: 80000
[Open3D INFO] source size after voxel downsample: 0
[Open3D INFO] after prerpocess: 0
[WARN] [1773653754.968137374]: Localization skip: target(submap) is empty, keep last odom2map
[Open3D INFO] 

time_diff:46.6976 s, localization right now
[Open3D INFO] 
***
****
***


last map update loc: x: 2452.83, y: 177.699, z-1677.02,
                now loc: x: 2459.18, y: 188.694, z-1690.16, 3d distance: 18.2744, now needpdate submap
[INFO] [1773653755.074089212]: submap_cost: 8.145000 ms
[Open3D INFO] before sample, target size: 0, has normal: false
[Open3D INFO] after sample, target size: 0, has normal: false
[Open3D INFO] source size: 0, maxpoints_source_: 80000
[Open3D INFO] source size after voxel downsample: 0
[Open3D INFO] after prerpocess: 0
[Open3D INFO] 

time_diff:46.7925 s, localization right now
[Open3D INFO] 
***
****
***


last map update loc: x: 2459.18, y: 188.694, z-1690.16,
                now loc: x: 2465.81, y: 199.728, z-1703.42, 3d distance: 18.4788, now needpdate submap
[INFO] [1773653755.169008565]: submap_cost: 8.257000 ms
[Open3D INFO] before sample, target size: 0, has normal: false
[Open3D INFO] after sample, target size: 0, has normal: false
[Open3D INFO] source size: 0, maxpoints_source_: 80000
[Open3D INFO] source size after voxel downsample: 0
[Open3D INFO] after prerpocess: 0
[Open3D INFO] 

time_diff:46.9002 s, localization right now
[Open3D INFO] 
***
****
***


last map update loc: x: 2465.81, y: 199.728, z-1703.42,
                now loc: x: 2472.2, y: 210.803, z-1716.6, 3d distance: 18.364, now needpdate submap
[INFO] [1773653755.276757122]: submap_cost: 8.236000 ms
[Open3D INFO] before sample, target size: 0, has normal: false
[Open3D INFO] after sample, target size: 0, has normal: false
[Open3D INFO] source size: 5, maxpoints_source_: 80000
[Open3D INFO] source size after voxel downsample: 5
[Open3D INFO] after prerpocess: 5
[Open3D INFO] 

time_diff:46.9961 s, localization right now
[Open3D INFO] 
***
****
***


last map update loc: x: 2472.2, y: 210.803, z-1716.6,
                now loc: x: 2478.59, y: 221.823, z-1729.93, 3d distance: 18.4394, now needpdate submap
[INFO] [1773653755.372387598]: submap_cost: 8.035000 ms
[Open3D INFO] before sample, target size: 0, has normal: false
[Open3D INFO] after sample, target size: 0, has normal: false
[Open3D INFO] source size: 74, maxpoints_source_: 80000
[Open3D INFO] source size after voxel downsample: 70
[Open3D INFO] after prerpocess: 70
[Open3D INFO] 

time_diff:47.1195 s, localization right now
[Open3D INFO] 
***
****
***


last map update loc: x: 2478.59, y: 221.823, z-1729.93,
                now loc: x: 2485.0, y: 233.018, z-1743.16, 3d distance: 18.4739, now needpdate submap
[INFO] [1773653755.495725146]: submap_cost: 8.000000 ms
[Open3D INFO] before sample, target size: 0, has normal: false
[Open3D INFO] after sample, target size: 0, has normal: false
[Open3D INFO] source size: 243, maxpoints_source_: 80000
[Open3D INFO] source size after voxel downsample: 225
[Open3D INFO] after prerpocess: 225
[Open3D INFO] 

time_diff:47.244 s, localization right now
[Open3D INFO] 
***
****
***


last map update loc: x: 2485.0, y: 233.018, z-1743.16,
                now loc: x: 2491.3, y: 244.336, z-1756.54, 3d distance: 18.6283, now needpdate submap
[INFO] [1773653755.620431721]: submap_cost: 8.143000 ms
[Open3D INFO] before sample, target size: 0, has normal: false
[Open3D INFO] after sample, target size: 0, has normal: false
[Open3D INFO] source size: 429, maxpoints_source_: 80000
[Open3D INFO] source size after voxel downsample: 405
[Open3D INFO] after prerpocess: 405
[Open3D INFO] 

time_diff:47.3394 s, localization right now
[Open3D INFO] 
***
****
***


last map update loc: x: 2491.3, y: 244.336, z-1756.54,
                now loc: x: 2497.63, y: 255.712, z-1769.89, 3d distance: 18.6454, now needpdate submap
[INFO] [1773653755.722810568]: submap_cost: 15.178000 ms
[Open3D INFO] before sample, target size: 0, has normal: false
[Open3D INFO] after sample, target size: 0, has normal: false
[Open3D INFO] source size: 596, maxpoints_source_: 80000
[Open3D INFO] source size after voxel downsample: 557
[Open3D INFO] after prerpocess: 557
[Open3D INFO] 

time_diff:47.4087 s, localization right now
[Open3D INFO] 
***
****
***


last map update loc: x: 2497.63, y: 255.712, z-1769.89,
                now loc: x: 2503.95, y: 267.042, z-1783.4, 3d distance: 18.7258, now needpdate submap
[INFO] [1773653755.785476840]: submap_cost: 8.278000 ms
[Open3D INFO] before sample, target size: 0, has normal: false
[Open3D INFO] after sample, target size: 0, has normal: false
[Open3D INFO] source size: 705, maxpoints_source_: 80000
[Open3D INFO] source size after voxel downsample: 680
[Open3D INFO] after prerpocess: 680
[Open3D INFO] 

time_diff:47.4964 s, localization right now
[Open3D INFO] 
***
****
***


last map update loc: x: 2503.95, y: 267.042, z-1783.4,
                now loc: x: 2510.26, y: 278.56, z-1796.79, 3d distance: 18.7613, now needpdate submap
[INFO] [1773653755.872949371]: submap_cost: 8.127000 ms
[Open3D INFO] before sample, target size: 0, has normal: false
[Open3D INFO] after sample, target size: 0, has normal: false
[Open3D INFO] source size: 802, maxpoints_source_: 80000
[Open3D INFO] source size after voxel downsample: 768
[Open3D INFO] after prerpocess: 768
[Open3D INFO] 

time_diff:47.6165 s, localization right now
[Open3D INFO] 
***
****
***


last map update loc: x: 2510.26, y: 278.56, z-1796.79,
                now loc: x: 2516.68, y: 290.19, z-1810.14, 3d distance: 18.8313, now needpdate submap
[INFO] [1773653755.993039633]: submap_cost: 8.233000 ms
[Open3D INFO] before sample, target size: 0, has normal: false
[Open3D INFO] after sample, target size: 0, has normal: false
[Open3D INFO] source size: 937, maxpoints_source_: 80000
[Open3D INFO] source size after voxel downsample: 906
[Open3D INFO] after prerpocess: 906
[WARN] [1773653755.994051211]: Localization skip: target(submap) is empty, keep last odom2map
[Open3D INFO] 

time_diff:47.7104 s, localization right now
[Open3D INFO] 
***
****
***


last map update loc: x: 2516.68, y: 290.19, z-1810.14,
                now loc: x: 2522.94, y: 301.954, z-1823.59, 3d distance: 18.9327, now needpdate submap
[INFO] [1773653756.086787114]: submap_cost: 8.134000 ms
[Open3D INFO] before sample, target size: 0, has normal: false
[Open3D INFO] after sample, target size: 0, has normal: false
[Open3D INFO] source size: 900, maxpoints_source_: 80000
[Open3D INFO] source size after voxel downsample: 852
[Open3D INFO] after prerpocess: 852
[Open3D INFO] 

time_diff:47.814 s, localization right now
[Open3D INFO] 
***
****
***


last map update loc: x: 2522.94, y: 301.954, z-1823.59,
                now loc: x: 2529.12, y: 313.748, z-1837.06, 3d distance: 18.9406, now needpdate submap
[INFO] [1773653756.190461036]: submap_cost: 8.098000 ms
[Open3D INFO] before sample, target size: 0, has normal: false
[Open3D INFO] after sample, target size: 0, has normal: false
[Open3D INFO] source size: 798, maxpoints_source_: 80000
[Open3D INFO] source size after voxel downsample: 761
[Open3D INFO] after prerpocess: 761
[Open3D INFO] 

time_diff:47.8997 s, localization right now
[Open3D INFO] 
***
****
***


last map update loc: x: 2529.12, y: 313.748, z-1837.06,
                now loc: x: 2535.36, y: 325.486, z-1850.63, 3d distance: 18.9941, now needpdate submap
[INFO] [1773653756.276198352]: submap_cost: 8.112000 ms
[Open3D INFO] before sample, target size: 0, has normal: false
[Open3D INFO] after sample, target size: 0, has normal: false
[Open3D INFO] source size: 734, maxpoints_source_: 80000
[Open3D INFO] source size after voxel downsample: 708
[Open3D INFO] after prerpocess: 708
[Open3D INFO] 

time_diff:47.9865 s, localization right now
[Open3D INFO] 
***
****
***


last map update loc: x: 2535.36, y: 325.486, z-1850.63,
                now loc: x: 2541.5, y: 337.33, z-1864.11, 3d distance: 18.9666, now needpdate submap
[INFO] [1773653756.363010482]: submap_cost: 8.104000 ms
[Open3D INFO] before sample, target size: 0, has normal: false
[Open3D INFO] after sample, target size: 0, has normal: false
[Open3D INFO] source size: 660, maxpoints_source_: 80000
[Open3D INFO] source size after voxel downsample: 639
[Open3D INFO] after prerpocess: 639
[Open3D INFO] 

time_diff:48.0964 s, localization right now
[Open3D INFO] 
***
****
***


last map update loc: x: 2541.5, y: 337.33, z-1864.11,
                now loc: x: 2547.79, y: 349.436, z-1877.85, 3d distance: 19.3635, now needpdate submap
[INFO] [1773653756.472896152]: submap_cost: 8.185000 ms
[Open3D INFO] before sample, target size: 0, has normal: false
[Open3D INFO] after sample, target size: 0, has normal: false
[Open3D INFO] source size: 555, maxpoints_source_: 80000
[Open3D INFO] source size after voxel downsample: 539
[Open3D INFO] after prerpocess: 539
[Open3D INFO] 

time_diff:48.1937 s, localization right now
[Open3D INFO] 
***
****
***


last map update loc: x: 2547.79, y: 349.436, z-1877.85,
                now loc: x: 2554.11, y: 361.56, z-1891.51, 3d distance: 19.3308, now needpdate submap
[INFO] [1773653756.570124654]: submap_cost: 8.115000 ms
[Open3D INFO] before sample, target size: 0, has normal: false
[Open3D INFO] after sample, target size: 0, has normal: false
[Open3D INFO] source size: 439, maxpoints_source_: 80000
[Open3D INFO] source size after voxel downsample: 426
[Open3D INFO] after prerpocess: 426
[Open3D INFO] 

time_diff:48.2989 s, localization right now
[Open3D INFO] 
***
****
***


last map update loc: x: 2554.11, y: 361.56, z-1891.51,
                now loc: x: 2560.15, y: 373.68, z-1905.29, 3d distance: 19.3172, now needpdate submap
[INFO] [1773653756.675316696]: submap_cost: 8.162000 ms
[Open3D INFO] before sample, target size: 0, has normal: false
[Open3D INFO] after sample, target size: 0, has normal: false
[Open3D INFO] source size: 322, maxpoints_source_: 80000
[Open3D INFO] source size after voxel downsample: 316
[Open3D INFO] after prerpocess: 316
[Open3D INFO] 

time_diff:48.3984 s, localization right now
[Open3D INFO] 
***
****
***


last map update loc: x: 2560.15, y: 373.68, z-1905.29,
                now loc: x: 2566.35, y: 385.848, z-1919.15, 3d distance: 19.4595, now needpdate submap
[INFO] [1773653756.774759049]: submap_cost: 8.048000 ms
[Open3D INFO] before sample, target size: 0, has normal: false
[Open3D INFO] after sample, target size: 0, has normal: false
[Open3D INFO] source size: 251, maxpoints_source_: 80000
[Open3D INFO] source size after voxel downsample: 247
[Open3D INFO] after prerpocess: 247
[Open3D INFO] 

time_diff:48.4962 s, localization right now
[Open3D INFO] 
***
****
***


last map update loc: x: 2566.35, y: 385.848, z-1919.15,
                now loc: x: 2572.41, y: 398.203, z-1932.94, 3d distance: 19.479, now needpdate submap
[INFO] [1773653756.872589359]: submap_cost: 8.049000 ms
[Open3D INFO] before sample, target size: 0, has normal: false
[Open3D INFO] after sample, target size: 0, has normal: false
[Open3D INFO] source size: 155, maxpoints_source_: 80000
[Open3D INFO] source size after voxel downsample: 155
[Open3D INFO] after prerpocess: 155
[Open3D INFO] 

time_diff:48.5904 s, localization right now
[Open3D INFO] 
***
****
***


last map update loc: x: 2572.41, y: 398.203, z-1932.94,
                now loc: x: 2578.46, y: 410.521, z-1946.88, 3d distance: 19.5611, now needpdate submap
[INFO] [1773653756.966775348]: submap_cost: 8.082000 ms
[Open3D INFO] before sample, target size: 0, has normal: false
[Open3D INFO] after sample, target size: 0, has normal: false
[Open3D INFO] source size: 15, maxpoints_source_: 80000
[Open3D INFO] source size after voxel downsample: 15
[Open3D INFO] after prerpocess: 15
[Open3D INFO] 

time_diff:48.6946 s, localization right now
[Open3D INFO] 
***
****
***


last map update loc: x: 2578.46, y: 410.521, z-1946.88,
                now loc: x: 2584.68, y: 422.866, z-1960.74, 3d distance: 19.5752, now needpdate submap
[INFO] [1773653757.071072262]: submap_cost: 8.121000 ms
[Open3D INFO] before sample, target size: 0, has normal: false
[Open3D INFO] after sample, target size: 0, has normal: false
[Open3D INFO] source size: 8, maxpoints_source_: 80000
[Open3D INFO] source size after voxel downsample: 8
[Open3D INFO] after prerpocess: 8
[WARN] [1773653757.071603924]: Localization skip: target(submap) is empty, keep last odom2map
[Open3D INFO] 

time_diff:48.8014 s, localization right now
[Open3D INFO] 
***
****
***


last map update loc: x: 2584.68, y: 422.866, z-1960.74,
                now loc: x: 2590.85, y: 435.162, z-1974.74, 3d distance: 19.631, now needpdate submap
[INFO] [1773653757.177728054]: submap_cost: 7.966000 ms
[Open3D INFO] before sample, target size: 0, has normal: false
[Open3D INFO] after sample, target size: 0, has normal: false
[Open3D INFO] source size: 4, maxpoints_source_: 80000
[Open3D INFO] source size after voxel downsample: 4
[Open3D INFO] after prerpocess: 4
[Open3D INFO] 

time_diff:48.9079 s, localization right now
[Open3D INFO] 
***
****
***


last map update loc: x: 2590.85, y: 435.162, z-1974.74,
                now loc: x: 2597.12, y: 447.332, z-1988.46, 3d distance: 19.381, now needpdate submap
[INFO] [1773653757.284368550]: submap_cost: 8.075000 ms
[Open3D INFO] before sample, target size: 0, has normal: false
[Open3D INFO] after sample, target size: 0, has normal: false
[Open3D INFO] source size: 5, maxpoints_source_: 80000
[Open3D INFO] source size after voxel downsample: 5
[Open3D INFO] after prerpocess: 5
[Open3D INFO] 

time_diff:48.9982 s, localization right now
[Open3D INFO] 
***
****
***


last map update loc: x: 2597.12, y: 447.332, z-1988.46,
                now loc: x: 2603.24, y: 459.927, z-2002.77, 3d distance: 20.0201, now needpdate submap
[INFO] [1773653757.374508928]: submap_cost: 8.043000 ms
[Open3D INFO] before sample, target size: 0, has normal: false
[Open3D INFO] after sample, target size: 0, has normal: false
[Open3D INFO] source size: 3, maxpoints_source_: 80000
[Open3D INFO] source size after voxel downsample: 3
[Open3D INFO] after prerpocess: 3
[Open3D INFO] 

time_diff:49.1029 s, localization right now
[Open3D INFO] 
***
****
***


last map update loc: x: 2603.24, y: 459.927, z-2002.77,
                now loc: x: 2609.26, y: 472.558, z-2016.82, 3d distance: 19.8258, now needpdate submap
[INFO] [1773653757.479488964]: submap_cost: 8.168000 ms
[Open3D INFO] before sample, target size: 0, has normal: false
[Open3D INFO] after sample, target size: 0, has normal: false
[Open3D INFO] source size: 2, maxpoints_source_: 80000
[Open3D INFO] source size after voxel downsample: 2
[Open3D INFO] after prerpocess: 2
[Open3D INFO] 

time_diff:49.2065 s, localization right now
[Open3D INFO] 
***
****
***


last map update loc: x: 2609.26, y: 472.558, z-2016.82,
                now loc: x: 2615.34, y: 485.105, z-2030.88, 3d distance: 19.8062, now needpdate submap
[INFO] [1773653757.582945279]: submap_cost: 8.149000 ms
[Open3D INFO] before sample, target size: 0, has normal: false
[Open3D INFO] after sample, target size: 0, has normal: false
[Open3D INFO] source size: 3, maxpoints_source_: 80000
[Open3D INFO] source size after voxel downsample: 3
[Open3D INFO] after prerpocess: 3
[Open3D INFO] 

time_diff:49.3028 s, localization right now
[Open3D INFO] 
***
****
***


last map update loc: x: 2615.34, y: 485.105, z-2030.88,
                now loc: x: 2621.52, y: 497.592, z-2044.88, 3d distance: 19.7476, now needpdate submap
[INFO] [1773653757.679119866]: submap_cost: 8.048000 ms
[Open3D INFO] before sample, target size: 0, has normal: false
[Open3D INFO] after sample, target size: 0, has normal: false
[Open3D INFO] source size: 3, maxpoints_source_: 80000
[Open3D INFO] source size after voxel downsample: 3
[Open3D INFO] after prerpocess: 3
[Open3D INFO] 

time_diff:49.4181 s, localization right now
[Open3D INFO] 
***
****
***


last map update loc: x: 2621.52, y: 497.592, z-2044.88,
                now loc: x: 2627.76, y: 510.308, z-2059.08, 3d distance: 20.0562, now needpdate submap
[INFO] [1773653757.794640757]: submap_cost: 8.208000 ms
[Open3D INFO] before sample, target size: 0, has normal: false
[Open3D INFO] after sample, target size: 0, has normal: false
[Open3D INFO] source size: 4, maxpoints_source_: 80000
[Open3D INFO] source size after voxel downsample: 4
[Open3D INFO] after prerpocess: 4
[Open3D INFO] 

time_diff:49.4942 s, localization right now
[Open3D INFO] 
***
****
***


last map update loc: x: 2627.76, y: 510.308, z-2059.08,
                now loc: x: 2634.01, y: 522.99, z-2073.22, 3d distance: 19.9987, now needpdate submap
[INFO] [1773653757.870713466]: submap_cost: 8.115000 ms
[Open3D INFO] before sample, target size: 0, has normal: false
[Open3D INFO] after sample, target size: 0, has normal: false
[Open3D INFO] source size: 2, maxpoints_source_: 80000
[Open3D INFO] source size after voxel downsample: 2
[Open3D INFO] after prerpocess: 2
[Open3D INFO] 

time_diff:49.5976 s, localization right now
[Open3D INFO] 
***
****
***


last map update loc: x: 2634.01, y: 522.99, z-2073.22,
                now loc: x: 2640.2, y: 535.711, z-2087.37, 3d distance: 20.0063, now needpdate submap
[INFO] [1773653757.973989584]: submap_cost: 8.093000 ms
[Open3D INFO] before sample, target size: 0, has normal: false
[Open3D INFO] after sample, target size: 0, has normal: false
[Open3D INFO] source size: 4, maxpoints_source_: 80000
[Open3D INFO] source size after voxel downsample: 4
[Open3D INFO] after prerpocess: 4
[Open3D INFO] 

time_diff:49.6881 s, localization right now
[Open3D INFO] 
***
****
***


last map update loc: x: 2640.2, y: 535.711, z-2087.37,
                now loc: x: 2646.53, y: 548.461, z-2101.63, 3d distance: 20.1515, now needpdate submap
[INFO] [1773653758.064582582]: submap_cost: 8.113000 ms
[Open3D INFO] before sample, target size: 0, has normal: false
[Open3D INFO] after sample, target size: 0, has normal: false
[Open3D INFO] source size: 2, maxpoints_source_: 80000
[Open3D INFO] source size after voxel downsample: 2
[Open3D INFO] after prerpocess: 2
[Open3D INFO] 

time_diff:49.7833 s, localization right now
[Open3D INFO] 
***
****
***


last map update loc: x: 2646.53, y: 548.461, z-2101.63,
                now loc: x: 2652.79, y: 560.641, z-2115.01, 3d distance: 19.1481, now needpdate submap
[INFO] [1773653758.159670483]: submap_cost: 8.088000 ms
[Open3D INFO] before sample, target size: 0, has normal: false
[Open3D INFO] after sample, target size: 0, has normal: false
[Open3D INFO] source size: 1, maxpoints_source_: 80000
[Open3D INFO] source size after voxel downsample: 1
[Open3D INFO] after prerpocess: 1
[WARN] [1773653758.160305156]: Localization skip: target(submap) is empty, keep last odom2map
[Open3D INFO] 

time_diff:49.8941 s, localization right now
[Open3D INFO] 
***
****
***


last map update loc: x: 2652.79, y: 560.641, z-2115.01,
                now loc: x: 2659.5, y: 573.989, z-2129.95, 3d distance: 21.1233, now needpdate submap
[INFO] [1773653758.270692440]: submap_cost: 8.150000 ms
[Open3D INFO] before sample, target size: 0, has normal: false
[Open3D INFO] after sample, target size: 0, has normal: false
[Open3D INFO] source size: 0, maxpoints_source_: 80000
[Open3D INFO] source size after voxel downsample: 0
[Open3D INFO] after prerpocess: 0
[Open3D INFO] 

time_diff:49.9829 s, localization right now
[Open3D INFO] 
***
****
***


last map update loc: x: 2659.5, y: 573.989, z-2129.95,
                now loc: x: 2665.78, y: 586.784, z-2144.23, 3d distance: 20.1763, now needpdate submap
[INFO] [1773653758.359486446]: submap_cost: 8.196000 ms
[Open3D INFO] before sample, target size: 0, has normal: false
[Open3D INFO] after sample, target size: 0, has normal: false
[Open3D INFO] source size: 0, maxpoints_source_: 80000
[Open3D INFO] source size after voxel downsample: 0
[Open3D INFO] after prerpocess: 0
[Open3D INFO] 

time_diff:50.0887 s, localization right now
[Open3D INFO] 
***
****
***


last map update loc: x: 2665.78, y: 586.784, z-2144.23,
                now loc: x: 2672.29, y: 599.617, z-2158.41, 3d distance: 20.2046, now needpdate submap
[INFO] [1773653758.465078914]: submap_cost: 8.037000 ms
[Open3D INFO] before sample, target size: 0, has normal: false
[Open3D INFO] after sample, target size: 0, has normal: false
[Open3D INFO] source size: 0, maxpoints_source_: 80000
[Open3D INFO] source size after voxel downsample: 0
[Open3D INFO] after prerpocess: 0
[Open3D INFO] 

time_diff:50.2038 s, localization right now
[Open3D INFO] 
***
****
***


last map update loc: x: 2672.29, y: 599.617, z-2158.41,
                now loc: x: 2678.63, y: 612.541, z-2172.71, 3d distance: 20.2946, now needpdate submap
[INFO] [1773653758.580037679]: submap_cost: 7.957000 ms
[Open3D INFO] before sample, target size: 0, has normal: false
[Open3D INFO] after sample, target size: 0, has normal: false
[Open3D INFO] source size: 0, maxpoints_source_: 80000
[Open3D INFO] source size after voxel downsample: 0
[Open3D INFO] after prerpocess: 0
[Open3D INFO] 

time_diff:50.29 s, localization right now
[Open3D INFO] 
***
****
***


last map update loc: x: 2678.63, y: 612.541, z-2172.71,
                now loc: x: 2685.01, y: 625.384, z-2187.06, 3d distance: 20.2862, now needpdate submap
[INFO] [1773653758.666258465]: submap_cost: 8.011000 ms
[Open3D INFO] before sample, target size: 0, has normal: false
[Open3D INFO] after sample, target size: 0, has normal: false
[Open3D INFO] source size: 0, maxpoints_source_: 80000
[Open3D INFO] source size after voxel downsample: 0
[Open3D INFO] after prerpocess: 0
[Open3D INFO] 

time_diff:50.4022 s, localization right now
[Open3D INFO] 
***
****
***


last map update loc: x: 2685.01, y: 625.384, z-2187.06,
                now loc: x: 2691.38, y: 638.319, z-2201.33, 3d distance: 20.2854, now needpdate submap
[INFO] [1773653758.778480517]: submap_cost: 7.977000 ms
[Open3D INFO] before sample, target size: 0, has normal: false
[Open3D INFO] after sample, target size: 0, has normal: false
[Open3D INFO] source size: 0, maxpoints_source_: 80000
[Open3D INFO] source size after voxel downsample: 0
[Open3D INFO] after prerpocess: 0
[Open3D INFO] 

time_diff:50.4805 s, localization right now
[Open3D INFO] 
***
****
***


last map update loc: x: 2691.38, y: 638.319, z-2201.33,
                now loc: x: 2697.84, y: 651.102, z-2215.54, 3d distance: 20.1764, now needpdate submap
[INFO] [1773653758.857033099]: submap_cost: 8.133000 ms
[Open3D INFO] before sample, target size: 0, has normal: false
[Open3D INFO] after sample, target size: 0, has normal: false
[Open3D INFO] source size: 1, maxpoints_source_: 80000
[Open3D INFO] source size after voxel downsample: 1
[Open3D INFO] after prerpocess: 1
[Open3D INFO] 

time_diff:50.5782 s, localization right now
[Open3D INFO] 
***
****
***


last map update loc: x: 2697.84, y: 651.102, z-2215.54,
                now loc: x: 2704.38, y: 664.195, z-2230.04, 3d distance: 20.5949, now needpdate submap
[INFO] [1773653758.954780079]: submap_cost: 8.187000 ms
[Open3D INFO] before sample, target size: 0, has normal: false
[Open3D INFO] after sample, target size: 0, has normal: false
[Open3D INFO] source size: 0, maxpoints_source_: 80000
[Open3D INFO] source size after voxel downsample: 0
[Open3D INFO] after prerpocess: 0
[Open3D INFO] 

time_diff:50.6818 s, localization right now
[Open3D INFO] 
***
****
***


last map update loc: x: 2704.38, y: 664.195, z-2230.04,
                now loc: x: 2710.71, y: 677.172, z-2244.49, 3d distance: 20.4328, now needpdate submap
[INFO] [1773653759.058251499]: submap_cost: 8.121000 ms
[Open3D INFO] before sample, target size: 0, has normal: false
[Open3D INFO] after sample, target size: 0, has normal: false
[Open3D INFO] source size: 2, maxpoints_source_: 80000
[Open3D INFO] source size after voxel downsample: 2
[Open3D INFO] after prerpocess: 2
[Open3D INFO] 

time_diff:50.7834 s, localization right now
[Open3D INFO] 
***
****
***


last map update loc: x: 2710.71, y: 677.172, z-2244.49,
                now loc: x: 2717.23, y: 690.19, z-2258.86, 3d distance: 20.4586, now needpdate submap
[INFO] [1773653759.159851957]: submap_cost: 8.108000 ms
[Open3D INFO] before sample, target size: 0, has normal: false
[Open3D INFO] after sample, target size: 0, has normal: false
[Open3D INFO] source size: 1, maxpoints_source_: 80000
[Open3D INFO] source size after voxel downsample: 1
[Open3D INFO] after prerpocess: 1
[Open3D INFO] 

time_diff:50.8805 s, localization right now
[Open3D INFO] 
***
****
***


last map update loc: x: 2717.23, y: 690.19, z-2258.86,
                now loc: x: 2723.64, y: 703.347, z-2273.21, 3d distance: 20.4894, now needpdate submap
[INFO] [1773653759.257014409]: submap_cost: 8.122000 ms
[Open3D INFO] before sample, target size: 0, has normal: false
[Open3D INFO] after sample, target size: 0, has normal: false
[Open3D INFO] source size: 0, maxpoints_source_: 80000
[Open3D INFO] source size after voxel downsample: 0
[Open3D INFO] after prerpocess: 0
[WARN] [1773653759.257370611]: Localization skip: target(submap) is empty, keep last odom2map
[Open3D INFO] 

time_diff:50.9911 s, localization right now
[Open3D INFO] 
***
****
***


last map update loc: x: 2723.64, y: 703.347, z-2273.21,
                now loc: x: 2730.28, y: 716.485, z-2287.47, 3d distance: 20.5008, now needpdate submap
[INFO] [1773653759.367686821]: submap_cost: 8.181000 ms
[Open3D INFO] before sample, target size: 0, has normal: false
[Open3D INFO] after sample, target size: 0, has normal: false
[Open3D INFO] source size: 0, maxpoints_source_: 80000
[Open3D INFO] source size after voxel downsample: 0
[Open3D INFO] after prerpocess: 0
[Open3D INFO] 

time_diff:51.0911 s, localization right now
[Open3D INFO] 
***
****
***


last map update loc: x: 2730.28, y: 716.485, z-2287.47,
                now loc: x: 2736.82, y: 729.603, z-2301.83, 3d distance: 20.5176, now needpdate submap
[INFO] [1773653759.467343899]: submap_cost: 8.024000 ms
[Open3D INFO] before sample, target size: 0, has normal: false
[Open3D INFO] after sample, target size: 0, has normal: false
[Open3D INFO] source size: 0, maxpoints_source_: 80000
[Open3D INFO] source size after voxel downsample: 0
[Open3D INFO] after prerpocess: 0
[Open3D INFO] 

time_diff:51.196 s, localization right now
[Open3D INFO] 
***
****
***


last map update loc: x: 2736.82, y: 729.603, z-2301.83,
                now loc: x: 2743.37, y: 742.591, z-2316.21, 3d distance: 20.4515, now needpdate submap
[INFO] [1773653759.572263998]: submap_cost: 8.041000 ms
[Open3D INFO] before sample, target size: 0, has normal: false
[Open3D INFO] after sample, target size: 0, has normal: false
[Open3D INFO] source size: 0, maxpoints_source_: 80000
[Open3D INFO] source size after voxel downsample: 0
[Open3D INFO] after prerpocess: 0
[Open3D INFO] 

time_diff:51.2863 s, localization right now
[Open3D INFO] 
***
****
***


last map update loc: x: 2743.37, y: 742.591, z-2316.21,
                now loc: x: 2749.98, y: 755.752, z-2330.66, 3d distance: 20.6312, now needpdate submap
[INFO] [1773653759.662589596]: submap_cost: 8.031000 ms
[Open3D INFO] before sample, target size: 0, has normal: false
[Open3D INFO] after sample, target size: 0, has normal: false
[Open3D INFO] source size: 0, maxpoints_source_: 80000
[Open3D INFO] source size after voxel downsample: 0
[Open3D INFO] after prerpocess: 0
[Open3D INFO] 

time_diff:51.3992 s, localization right now
[Open3D INFO] 
***
****
***


last map update loc: x: 2749.98, y: 755.752, z-2330.66,
                now loc: x: 2756.61, y: 768.862, z-2345.03, 3d distance: 20.5573, now needpdate submap
[INFO] [1773653759.775482194]: submap_cost: 8.035000 ms
[Open3D INFO] before sample, target size: 0, has normal: false
[Open3D INFO] after sample, target size: 0, has normal: false
[Open3D INFO] source size: 0, maxpoints_source_: 80000
[Open3D INFO] source size after voxel downsample: 0
[Open3D INFO] after prerpocess: 0
[Open3D INFO] 

time_diff:51.4926 s, localization right now
[Open3D INFO] 
***
****
***


last map update loc: x: 2756.61, y: 768.862, z-2345.03,
                now loc: x: 2763.04, y: 781.908, z-2359.51, 3d distance: 20.5231, now needpdate submap
[INFO] [1773653759.868789568]: submap_cost: 7.934000 ms
[Open3D INFO] before sample, target size: 0, has normal: false
[Open3D INFO] after sample, target size: 0, has normal: false
[Open3D INFO] source size: 0, maxpoints_source_: 80000
[Open3D INFO] source size after voxel downsample: 0
[Open3D INFO] after prerpocess: 0
[Open3D INFO] 

time_diff:51.589 s, localization right now
[Open3D INFO] 
***
****
***


last map update loc: x: 2763.04, y: 781.908, z-2359.51,
                now loc: x: 2769.72, y: 795.108, z-2373.84, 3d distance: 20.5961, now needpdate submap
[INFO] [1773653759.965175776]: submap_cost: 7.935000 ms
[Open3D INFO] before sample, target size: 0, has normal: false
[Open3D INFO] after sample, target size: 0, has normal: false
[Open3D INFO] source size: 0, maxpoints_source_: 80000
[Open3D INFO] source size after voxel downsample: 0
[Open3D INFO] after prerpocess: 0
[Open3D INFO] 

time_diff:51.6825 s, localization right now
[Open3D INFO] 
***
****
***


last map update loc: x: 2769.72, y: 795.108, z-2373.84,
                now loc: x: 2776.42, y: 808.371, z-2388.16, 3d distance: 20.6386, now needpdate submap
[INFO] [1773653760.058811095]: submap_cost: 8.025000 ms
[Open3D INFO] before sample, target size: 0, has normal: false
[Open3D INFO] after sample, target size: 0, has normal: false
[Open3D INFO] source size: 0, maxpoints_source_: 80000
[Open3D INFO] source size after voxel downsample: 0
[Open3D INFO] after prerpocess: 0
[Open3D INFO] 

time_diff:51.7851 s, localization right now
[Open3D INFO] 
***
****
***


last map update loc: x: 2776.42, y: 808.371, z-2388.16,
                now loc: x: 2783.16, y: 821.623, z-2402.37, 3d distance: 20.5589, now needpdate submap
[INFO] [1773653760.161273592]: submap_cost: 7.933000 ms
[Open3D INFO] before sample, target size: 0, has normal: false
[Open3D INFO] after sample, target size: 0, has normal: false
[Open3D INFO] source size: 0, maxpoints_source_: 80000
[Open3D INFO] source size after voxel downsample: 0
[Open3D INFO] after prerpocess: 0
[Open3D INFO] 

time_diff:51.886 s, localization right now
[Open3D INFO] 
***
****
***


last map update loc: x: 2783.16, y: 821.623, z-2402.37,
                now loc: x: 2789.9, y: 834.754, z-2416.72, 3d distance: 20.589, now needpdate submap
[INFO] [1773653760.262224945]: submap_cost: 7.944000 ms
[Open3D INFO] before sample, target size: 0, has normal: false
[Open3D INFO] after sample, target size: 0, has normal: false
[Open3D INFO] source size: 0, maxpoints_source_: 80000
[Open3D INFO] source size after voxel downsample: 0
[Open3D INFO] after prerpocess: 0
[WARN] [1773653760.262541145]: Localization skip: target(submap) is empty, keep last odom2map
[Open3D INFO] 

time_diff:52.0096 s, localization right now
[Open3D INFO] 
***
****
***


last map update loc: x: 2789.9, y: 834.754, z-2416.72,
                now loc: x: 2796.54, y: 847.855, z-2431.03, 3d distance: 20.5042, now needpdate submap
[INFO] [1773653760.385968679]: submap_cost: 8.122000 ms
[Open3D INFO] before sample, target size: 0, has normal: false
[Open3D INFO] after sample, target size: 0, has normal: false
[Open3D INFO] source size: 0, maxpoints_source_: 80000
[Open3D INFO] source size after voxel downsample: 0
[Open3D INFO] after prerpocess: 0
[Open3D INFO] 

time_diff:52.0947 s, localization right now
[Open3D INFO] 
***
****
***


last map update loc: x: 2796.54, y: 847.855, z-2431.03,
                now loc: x: 2803.29, y: 861.071, z-2445.26, 3d distance: 20.562, now needpdate submap
[INFO] [1773653760.471428004]: submap_cost: 8.188000 ms
[Open3D INFO] before sample, target size: 0, has normal: false
[Open3D INFO] after sample, target size: 0, has normal: false
[Open3D INFO] source size: 0, maxpoints_source_: 80000
[Open3D INFO] source size after voxel downsample: 0
[Open3D INFO] after prerpocess: 0
[Open3D INFO] 

time_diff:52.1852 s, localization right now
[Open3D INFO] 
***
****
***


last map update loc: x: 2803.29, y: 861.071, z-2445.26,
                now loc: x: 2810.04, y: 874.165, z-2459.61, 3d distance: 20.5673, now needpdate submap
[INFO] [1773653760.561677569]: submap_cost: 8.116000 ms
[Open3D INFO] before sample, target size: 0, has normal: false
[Open3D INFO] after sample, target size: 0, has normal: false
[Open3D INFO] source size: 0, maxpoints_source_: 80000
[Open3D INFO] source size after voxel downsample: 0
[Open3D INFO] after prerpocess: 0
[Open3D INFO] 

time_diff:52.2813 s, localization right now
[Open3D INFO] 
***
****
***


last map update loc: x: 2810.04, y: 874.165, z-2459.61,
                now loc: x: 2816.88, y: 887.387, z-2474.05, 3d distance: 20.7391, now needpdate submap
[INFO] [1773653760.659011802]: submap_cost: 8.885000 ms
[Open3D INFO] before sample, target size: 0, has normal: false
[Open3D INFO] after sample, target size: 0, has normal: false
[Open3D INFO] source size: 0, maxpoints_source_: 80000
[Open3D INFO] source size after voxel downsample: 0
[Open3D INFO] after prerpocess: 0
[Open3D INFO] 

time_diff:52.3851 s, localization right now
[Open3D INFO] 
***
****
***


last map update loc: x: 2816.88, y: 887.387, z-2474.05,
                now loc: x: 2823.56, y: 900.627, z-2488.44, 3d distance: 20.6603, now needpdate submap
[INFO] [1773653760.761417914]: submap_cost: 7.991000 ms
[Open3D INFO] before sample, target size: 0, has normal: false
[Open3D INFO] after sample, target size: 0, has normal: false
[Open3D INFO] source size: 1, maxpoints_source_: 80000
[Open3D INFO] source size after voxel downsample: 1
[Open3D INFO] after prerpocess: 1
[Open3D INFO] 

time_diff:52.4873 s, localization right now
[Open3D INFO] 
***
****
***


last map update loc: x: 2823.56, y: 900.627, z-2488.44,
                now loc: x: 2830.23, y: 914.117, z-2502.92, 3d distance: 20.8817, now needpdate submap
[INFO] [1773653760.863483568]: submap_cost: 7.943000 ms
[Open3D INFO] before sample, target size: 0, has normal: false
[Open3D INFO] after sample, target size: 0, has normal: false
[Open3D INFO] source size: 0, maxpoints_source_: 80000
[Open3D INFO] source size after voxel downsample: 0
[Open3D INFO] after prerpocess: 0
[Open3D INFO] 

time_diff:52.5871 s, localization right now
[Open3D INFO] 
***
****
***


last map update loc: x: 2830.23, y: 914.117, z-2502.92,
                now loc: x: 2837.15, y: 927.607, z-2517.33, 3d distance: 20.9229, now needpdate submap
[INFO] [1773653760.963613651]: submap_cost: 8.204000 ms
[Open3D INFO] before sample, target size: 0, has normal: false
[Open3D INFO] after sample, target size: 0, has normal: false
[Open3D INFO] source size: 0, maxpoints_source_: 80000
[Open3D INFO] source size after voxel downsample: 0
[Open3D INFO] after prerpocess: 0
[Open3D INFO] 

time_diff:52.6954 s, localization right now
[Open3D INFO] 
***
****
***


last map update loc: x: 2837.15, y: 927.607, z-2517.33,
                now loc: x: 2843.88, y: 941.045, z-2531.69, 3d distance: 20.7876, now needpdate submap
[INFO] [1773653761.071844462]: submap_cost: 8.067000 ms
[Open3D INFO] before sample, target size: 0, has normal: false
[Open3D INFO] after sample, target size: 0, has normal: false
[Open3D INFO] source size: 0, maxpoints_source_: 80000
[Open3D INFO] source size after voxel downsample: 0
[Open3D INFO] after prerpocess: 0
[Open3D INFO] 

time_diff:52.7929 s, localization right now
[Open3D INFO] 
***
****
***


last map update loc: x: 2843.88, y: 941.045, z-2531.69,
                now loc: x: 2850.65, y: 954.471, z-2546.12, 3d distance: 20.8408, now needpdate submap
[INFO] [1773653761.169460206]: submap_cost: 8.210000 ms
[Open3D INFO] before sample, target size: 0, has normal: false
[Open3D INFO] after sample, target size: 0, has normal: false
[Open3D INFO] source size: 0, maxpoints_source_: 80000
[Open3D INFO] source size after voxel downsample: 0
[Open3D INFO] after prerpocess: 0
[Open3D INFO] 

time_diff:52.9014 s, localization right now
[Open3D INFO] 
***
****
***


last map update loc: x: 2850.65, y: 954.471, z-2546.12,
                now loc: x: 2857.59, y: 967.84, z-2560.47, 3d distance: 20.7989, now needpdate submap
[INFO] [1773653761.277871789]: submap_cost: 8.179000 ms
[Open3D INFO] before sample, target size: 0, has normal: false
[Open3D INFO] after sample, target size: 0, has normal: false
[Open3D INFO] source size: 0, maxpoints_source_: 80000
[Open3D INFO] source size after voxel downsample: 0
[Open3D INFO] after prerpocess: 0
[WARN] [1773653761.278214102]: Localization skip: target(submap) is empty, keep last odom2map
[Open3D INFO] 

time_diff:52.9837 s, localization right now
[Open3D INFO] 
***
****
***


last map update loc: x: 2857.59, y: 967.84, z-2560.47,
                now loc: x: 2864.44, y: 981.349, z-2574.93, 3d distance: 20.9391, now needpdate submap
[INFO] [1773653761.360306298]: submap_cost: 8.219000 ms
[Open3D INFO] before sample, target size: 0, has normal: false
[Open3D INFO] after sample, target size: 0, has normal: false
[Open3D INFO] source size: 0, maxpoints_source_: 80000
[Open3D INFO] source size after voxel downsample: 0
[Open3D INFO] after prerpocess: 0
[Open3D INFO] 

time_diff:53.0901 s, localization right now
[Open3D INFO] 
***
****
***


last map update loc: x: 2864.44, y: 981.349, z-2574.93,
                now loc: x: 2871.25, y: 994.744, z-2589.54, 3d distance: 20.9643, now needpdate submap
[INFO] [1773653761.466374459]: submap_cost: 7.973000 ms
[Open3D INFO] before sample, target size: 0, has normal: false
[Open3D INFO] after sample, target size: 0, has normal: false
[Open3D INFO] source size: 0, maxpoints_source_: 80000
[Open3D INFO] source size after voxel downsample: 0
[Open3D INFO] after prerpocess: 0
[Open3D INFO] 

time_diff:53.19 s, localization right now
[Open3D INFO] 
***
****
***


last map update loc: x: 2871.25, y: 994.744, z-2589.54,
                now loc: x: 2878.08, y: 1008.27, z-2604.09, 3d distance: 21.0071, now needpdate submap
[INFO] [1773653761.566258008]: submap_cost: 8.034000 ms
[Open3D INFO] before sample, target size: 0, has normal: false
[Open3D INFO] after sample, target size: 0, has normal: false
[Open3D INFO] source size: 0, maxpoints_source_: 80000
[Open3D INFO] source size after voxel downsample: 0
[Open3D INFO] after prerpocess: 0
[Open3D INFO] 

time_diff:53.2864 s, localization right now
[Open3D INFO] 
***
****
***


last map update loc: x: 2878.08, y: 1008.27, z-2604.09,
                now loc: x: 2885.0, y: 1021.82, z-2618.67, 3d distance: 21.0684, now needpdate submap
[INFO] [1773653761.662629975]: submap_cost: 7.999000 ms
[Open3D INFO] before sample, target size: 0, has normal: false
[Open3D INFO] after sample, target size: 0, has normal: false
[Open3D INFO] source size: 0, maxpoints_source_: 80000
[Open3D INFO] source size after voxel downsample: 0
[Open3D INFO] after prerpocess: 0
[Open3D INFO] 

time_diff:53.3845 s, localization right now
[Open3D INFO] 
***
****
***


last map update loc: x: 2885.0, y: 1021.82, z-2618.67,
                now loc: x: 2891.91, y: 1035.38, z-2633.2, 3d distance: 21.0403, now needpdate submap
[INFO] [1773653761.760699427]: submap_cost: 7.948000 ms
[Open3D INFO] before sample, target size: 0, has normal: false
[Open3D INFO] after sample, target size: 0, has normal: false
[Open3D INFO] source size: 0, maxpoints_source_: 80000
[Open3D INFO] source size after voxel downsample: 0
[Open3D INFO] after prerpocess: 0
[Open3D INFO] 

time_diff:53.4844 s, localization right now
[Open3D INFO] 
***
****
***


last map update loc: x: 2891.91, y: 1035.38, z-2633.2,
                now loc: x: 2898.94, y: 1048.89, z-2647.67, 3d distance: 21.0102, now needpdate submap
[INFO] [1773653761.860618913]: submap_cost: 7.962000 ms
[Open3D INFO] before sample, target size: 0, has normal: false
[Open3D INFO] after sample, target size: 0, has normal: false
[Open3D INFO] source size: 0, maxpoints_source_: 80000
[Open3D INFO] source size after voxel downsample: 0
[Open3D INFO] after prerpocess: 0
[Open3D INFO] 

time_diff:53.5886 s, localization right now
[Open3D INFO] 
***
****
***


last map update loc: x: 2898.94, y: 1048.89, z-2647.67,
                now loc: x: 2905.57, y: 1062.78, z-2662.43, 3d distance: 21.3262, now needpdate submap
[INFO] [1773653761.965230331]: submap_cost: 8.212000 ms
[Open3D INFO] before sample, target size: 0, has normal: false
[Open3D INFO] after sample, target size: 0, has normal: false
[Open3D INFO] source size: 0, maxpoints_source_: 80000
[Open3D INFO] source size after voxel downsample: 0
[Open3D INFO] after prerpocess: 0
[Open3D INFO] 

time_diff:53.6952 s, localization right now
[Open3D INFO] 
***
****
***


last map update loc: x: 2905.57, y: 1062.78, z-2662.43,
                now loc: x: 2912.44, y: 1076.54, z-2676.97, 3d distance: 21.1715, now needpdate submap
[INFO] [1773653762.071741256]: submap_cost: 8.110000 ms
[Open3D INFO] before sample, target size: 0, has normal: false
[Open3D INFO] after sample, target size: 0, has normal: false
[Open3D INFO] source size: 0, maxpoints_source_: 80000
[Open3D INFO] source size after voxel downsample: 0
[Open3D INFO] after prerpocess: 0
[Open3D INFO] 

time_diff:53.7847 s, localization right now
[Open3D INFO] 
***
****
***


last map update loc: x: 2912.44, y: 1076.54, z-2676.97,
                now loc: x: 2919.37, y: 1090.35, z-2691.69, 3d distance: 21.3343, now needpdate submap
[INFO] [1773653762.161232496]: submap_cost: 8.118000 ms
[Open3D INFO] before sample, target size: 0, has normal: false
[Open3D INFO] after sample, target size: 0, has normal: false
[Open3D INFO] source size: 0, maxpoints_source_: 80000
[Open3D INFO] source size after voxel downsample: 0
[Open3D INFO] after prerpocess: 0
[Open3D INFO] 

time_diff:53.8926 s, localization right now
[Open3D INFO] 
***
****
***


last map update loc: x: 2919.37, y: 1090.35, z-2691.69,
                now loc: x: 2926.39, y: 1104.31, z-2706.2, 3d distance: 21.3207, now needpdate submap
[INFO] [1773653762.269139618]: submap_cost: 8.177000 ms
[Open3D INFO] before sample, target size: 0, has normal: false
[Open3D INFO] after sample, target size: 0, has normal: false
[Open3D INFO] source size: 0, maxpoints_source_: 80000
[Open3D INFO] source size after voxel downsample: 0
[Open3D INFO] after prerpocess: 0
[Open3D INFO] 

time_diff:53.9913 s, localization right now
[Open3D INFO] 
***
****
***


last map update loc: x: 2926.39, y: 1104.31, z-2706.2,
                now loc: x: 2933.36, y: 1118.24, z-2720.85, 3d distance: 21.3867, now needpdate submap
[INFO] [1773653762.367846911]: submap_cost: 8.113000 ms
[Open3D INFO] before sample, target size: 0, has normal: false
[Open3D INFO] after sample, target size: 0, has normal: false
[Open3D INFO] source size: 0, maxpoints_source_: 80000
[Open3D INFO] source size after voxel downsample: 0
[Open3D INFO] after prerpocess: 0
[WARN] [1773653762.368188296]: Localization skip: target(submap) is empty, keep last odom2map
[Open3D INFO] 

time_diff:54.1141 s, localization right now
[Open3D INFO] 
***
****
***


last map update loc: x: 2933.36, y: 1118.24, z-2720.85,
                now loc: x: 2940.18, y: 1132.37, z-2735.43, 3d distance: 21.4231, now needpdate submap
[INFO] [1773653762.490469784]: submap_cost: 7.988000 ms
[Open3D INFO] before sample, target size: 0, has normal: false
[Open3D INFO] after sample, target size: 0, has normal: false
[Open3D INFO] source size: 0, maxpoints_source_: 80000
[Open3D INFO] source size after voxel downsample: 0
[Open3D INFO] after prerpocess: 0
[Open3D INFO] 

time_diff:54.1976 s, localization right now
[Open3D INFO] 
***
****
***


last map update loc: x: 2940.18, y: 1132.37, z-2735.43,
                now loc: x: 2947.24, y: 1146.47, z-2749.97, 3d distance: 21.4419, now needpdate submap
[INFO] [1773653762.574126245]: submap_cost: 8.133000 ms
[Open3D INFO] before sample, target size: 0, has normal: false
[Open3D INFO] after sample, target size: 0, has normal: false
[Open3D INFO] source size: 0, maxpoints_source_: 80000
[Open3D INFO] source size after voxel downsample: 0
[Open3D INFO] after prerpocess: 0
[Open3D INFO] 

time_diff:54.2935 s, localization right now
[Open3D INFO] 
***
****
***


last map update loc: x: 2947.24, y: 1146.47, z-2749.97,
                now loc: x: 2954.13, y: 1160.53, z-2764.67, 3d distance: 21.4739, now needpdate submap
[INFO] [1773653762.669853332]: submap_cost: 8.048000 ms
[Open3D INFO] before sample, target size: 0, has normal: false
[Open3D INFO] after sample, target size: 0, has normal: false
[Open3D INFO] source size: 0, maxpoints_source_: 80000
[Open3D INFO] source size after voxel downsample: 0
[Open3D INFO] after prerpocess: 0
[Open3D INFO] 

time_diff:54.4036 s, localization right now
[Open3D INFO] 
***
****
***


last map update loc: x: 2954.13, y: 1160.53, z-2764.67,
                now loc: x: 2961.25, y: 1174.61, z-2779.37, 3d distance: 21.5734, now needpdate submap
[INFO] [1773653762.779991393]: submap_cost: 8.106000 ms
[Open3D INFO] before sample, target size: 0, has normal: false
[Open3D INFO] after sample, target size: 0, has normal: false
[Open3D INFO] source size: 0, maxpoints_source_: 80000
[Open3D INFO] source size after voxel downsample: 0
[Open3D INFO] after prerpocess: 0
[Open3D INFO] 

time_diff:54.4883 s, localization right now
[Open3D INFO] 
***
****
***


last map update loc: x: 2961.25, y: 1174.61, z-2779.37,
                now loc: x: 2968.38, y: 1188.72, z-2794.11, 3d distance: 21.6069, now needpdate submap
[INFO] [1773653762.864834638]: submap_cost: 8.176000 ms
[Open3D INFO] before sample, target size: 0, has normal: false
[Open3D INFO] after sample, target size: 0, has normal: false
[Open3D INFO] source size: 0, maxpoints_source_: 80000
[Open3D INFO] source size after voxel downsample: 0
[Open3D INFO] after prerpocess: 0
[Open3D INFO] 

time_diff:54.5892 s, localization right now
[Open3D INFO] 
***
****
***


last map update loc: x: 2968.38, y: 1188.72, z-2794.11,
                now loc: x: 2975.48, y: 1202.79, z-2808.99, 3d distance: 21.6829, now needpdate submap
[INFO] [1773653762.965637443]: submap_cost: 8.100000 ms
[Open3D INFO] before sample, target size: 0, has normal: false
[Open3D INFO] after sample, target size: 0, has normal: false
[Open3D INFO] source size: 0, maxpoints_source_: 80000
[Open3D INFO] source size after voxel downsample: 0
[Open3D INFO] after prerpocess: 0
[Open3D INFO] 

time_diff:54.688 s, localization right now
[Open3D INFO] 
***
****
***


last map update loc: x: 2975.48, y: 1202.79, z-2808.99,
                now loc: x: 2982.71, y: 1217.04, z-2823.8, 3d distance: 21.7802, now needpdate submap
[INFO] [1773653763.064527749]: submap_cost: 8.125000 ms
[Open3D INFO] before sample, target size: 0, has normal: false
[Open3D INFO] after sample, target size: 0, has normal: false
[Open3D INFO] source size: 0, maxpoints_source_: 80000
[Open3D INFO] source size after voxel downsample: 0
[Open3D INFO] after prerpocess: 0
[Open3D INFO] 

time_diff:54.8197 s, localization right now
[Open3D INFO] 
***
****
***


last map update loc: x: 2982.71, y: 1217.04, z-2823.8,
                now loc: x: 2989.83, y: 1231.37, z-2838.74, 3d distance: 21.8896, now needpdate submap
[INFO] [1773653763.196131404]: submap_cost: 8.160000 ms
[Open3D INFO] before sample, target size: 0, has normal: false
[Open3D INFO] after sample, target size: 0, has normal: false
[Open3D INFO] source size: 0, maxpoints_source_: 80000
[Open3D INFO] source size after voxel downsample: 0
[Open3D INFO] after prerpocess: 0
[Open3D INFO] 

time_diff:54.9064 s, localization right now
[Open3D INFO] 
***
****
***


last map update loc: x: 2989.83, y: 1231.37, z-2838.74,
                now loc: x: 2996.87, y: 1245.79, z-2853.72, 3d distance: 21.9526, now needpdate submap
[INFO] [1773653763.282848651]: submap_cost: 8.131000 ms
[Open3D INFO] before sample, target size: 0, has normal: false
[Open3D INFO] after sample, target size: 0, has normal: false
[Open3D INFO] source size: 0, maxpoints_source_: 80000
[Open3D INFO] source size after voxel downsample: 0
[Open3D INFO] after prerpocess: 0
[Open3D INFO] 

time_diff:55.0219 s, localization right now
[Open3D INFO] 
***
****
***


last map update loc: x: 2996.87, y: 1245.79, z-2853.72,
                now loc: x: 3004.09, y: 1260.24, z-2868.68, 3d distance: 22.016, now needpdate submap
[INFO] [1773653763.398379847]: submap_cost: 8.106000 ms
[Open3D INFO] before sample, target size: 0, has normal: false
[Open3D INFO] after sample, target size: 0, has normal: false
[Open3D INFO] source size: 0, maxpoints_source_: 80000
[Open3D INFO] source size after voxel downsample: 0
[Open3D INFO] after prerpocess: 0
[WARN] [1773653763.399188124]: Localization skip: target(submap) is empty, keep last odom2map
[Open3D INFO] 

time_diff:55.1119 s, localization right now
[Open3D INFO] 
***
****
***


last map update loc: x: 3004.09, y: 1260.24, z-2868.68,
                now loc: x: 3011.19, y: 1274.62, z-2883.76, 3d distance: 22.0173, now needpdate submap
[INFO] [1773653763.488367517]: submap_cost: 8.190000 ms
[Open3D INFO] before sample, target size: 0, has normal: false
[Open3D INFO] after sample, target size: 0, has normal: false
[Open3D INFO] source size: 0, maxpoints_source_: 80000
[Open3D INFO] source size after voxel downsample: 0
[Open3D INFO] after prerpocess: 0
[Open3D INFO] 

time_diff:55.1923 s, localization right now
[Open3D INFO] 
***
****
***


last map update loc: x: 3011.19, y: 1274.62, z-2883.76,
                now loc: x: 3018.48, y: 1289.1, z-2898.83, 3d distance: 22.138, now needpdate submap
[INFO] [1773653763.568622320]: submap_cost: 8.045000 ms
[Open3D INFO] before sample, target size: 0, has normal: false
[Open3D INFO] after sample, target size: 0, has normal: false
[Open3D INFO] source size: 0, maxpoints_source_: 80000
[Open3D INFO] source size after voxel downsample: 0
[Open3D INFO] after prerpocess: 0
[Open3D INFO] 

time_diff:55.288 s, localization right now
[Open3D INFO] 
***
****
***


last map update loc: x: 3018.48, y: 1289.1, z-2898.83,
                now loc: x: 3025.67, y: 1303.62, z-2914.05, 3d distance: 22.2294, now needpdate submap
[INFO] [1773653763.664270972]: submap_cost: 7.952000 ms
[Open3D INFO] before sample, target size: 0, has normal: false
[Open3D INFO] after sample, target size: 0, has normal: false
[Open3D INFO] source size: 0, maxpoints_source_: 80000
[Open3D INFO] source size after voxel downsample: 0
[Open3D INFO] after prerpocess: 0
[Open3D INFO] 

time_diff:55.4177 s, localization right now
[Open3D INFO] 
***
****
***


last map update loc: x: 3025.67, y: 1303.62, z-2914.05,
                now loc: x: 3032.98, y: 1318.1, z-2929.29, 3d distance: 22.2572, now needpdate submap
[INFO] [1773653763.794168086]: submap_cost: 8.180000 ms
[Open3D INFO] before sample, target size: 0, has normal: false
[Open3D INFO] after sample, target size: 0, has normal: false
[Open3D INFO] source size: 0, maxpoints_source_: 80000
[Open3D INFO] source size after voxel downsample: 0
[Open3D INFO] after prerpocess: 0
[Open3D INFO] 

time_diff:55.5088 s, localization right now
[Open3D INFO] 
***
****
***


last map update loc: x: 3032.98, y: 1318.1, z-2929.29,
                now loc: x: 3040.26, y: 1332.64, z-2944.32, 3d distance: 22.1459, now needpdate submap
[INFO] [1773653763.885175079]: submap_cost: 8.058000 ms
[Open3D INFO] before sample, target size: 0, has normal: false
[Open3D INFO] after sample, target size: 0, has normal: false
[Open3D INFO] source size: 0, maxpoints_source_: 80000
[Open3D INFO] source size after voxel downsample: 0
[Open3D INFO] after prerpocess: 0
[Open3D INFO] 

time_diff:55.6095 s, localization right now
[Open3D INFO] 
***
****
***


last map update loc: x: 3040.26, y: 1332.64, z-2944.32,
                now loc: x: 3047.7, y: 1347.49, z-2959.64, 3d distance: 22.5921, now needpdate submap
[INFO] [1773653763.985966907]: submap_cost: 8.095000 ms
[Open3D INFO] before sample, target size: 0, has normal: false
[Open3D INFO] after sample, target size: 0, has normal: false
[Open3D INFO] source size: 0, maxpoints_source_: 80000
[Open3D INFO] source size after voxel downsample: 0
[Open3D INFO] after prerpocess: 0
[Open3D INFO] 

time_diff:55.7094 s, localization right now
[Open3D INFO] 
***
****
***


last map update loc: x: 3047.7, y: 1347.49, z-2959.64,
                now loc: x: 3055.18, y: 1362.28, z-2974.89, 3d distance: 22.5205, now needpdate submap
[INFO] [1773653764.085991164]: submap_cost: 8.209000 ms
[Open3D INFO] before sample, target size: 0, has normal: false
[Open3D INFO] after sample, target size: 0, has normal: false
[Open3D INFO] source size: 0, maxpoints_source_: 80000
[Open3D INFO] source size after voxel downsample: 0
[Open3D INFO] after prerpocess: 0
[Open3D INFO] 

time_diff:55.8053 s, localization right now
[Open3D INFO] 
***
****
***


last map update loc: x: 3055.18, y: 1362.28, z-2974.89,
                now loc: x: 3062.71, y: 1377.15, z-2990.12, 3d distance: 22.5776, now needpdate submap
[INFO] [1773653764.181655016]: submap_cost: 8.009000 ms
[Open3D INFO] before sample, target size: 0, has normal: false
[Open3D INFO] after sample, target size: 0, has normal: false
[Open3D INFO] source size: 0, maxpoints_source_: 80000
[Open3D INFO] source size after voxel downsample: 0
[Open3D INFO] after prerpocess: 0
[Open3D INFO] 

time_diff:55.9115 s, localization right now
[Open3D INFO] 
***
****
***


last map update loc: x: 3062.71, y: 1377.15, z-2990.12,
                now loc: x: 3070.12, y: 1392.16, z-3005.34, 3d distance: 22.6252, now needpdate submap
[INFO] [1773653764.288139860]: submap_cost: 8.255000 ms
[Open3D INFO] before sample, target size: 0, has normal: false
[Open3D INFO] after sample, target size: 0, has normal: false
[Open3D INFO] source size: 0, maxpoints_source_: 80000
[Open3D INFO] source size after voxel downsample: 0
[Open3D INFO] after prerpocess: 0
[Open3D INFO] 

time_diff:56.0093 s, localization right now
[Open3D INFO] 
***
****
***


last map update loc: x: 3070.12, y: 1392.16, z-3005.34,
                now loc: x: 3077.77, y: 1407.14, z-3020.5, 3d distance: 22.6435, now needpdate submap
[INFO] [1773653764.385598160]: submap_cost: 7.959000 ms
[Open3D INFO] before sample, target size: 0, has normal: false
[Open3D INFO] after sample, target size: 0, has normal: false
[Open3D INFO] source size: 0, maxpoints_source_: 80000
[Open3D INFO] source size after voxel downsample: 0
[Open3D INFO] after prerpocess: 0
[Open3D INFO] 

time_diff:56.1086 s, localization right now
[Open3D INFO] 
***
****
***


last map update loc: x: 3077.77, y: 1407.14, z-3020.5,
                now loc: x: 3085.33, y: 1422.29, z-3035.61, 3d distance: 22.6912, now needpdate submap
[INFO] [1773653764.485123235]: submap_cost: 8.147000 ms
[Open3D INFO] before sample, target size: 0, has normal: false
[Open3D INFO] after sample, target size: 0, has normal: false
[Open3D INFO] source size: 0, maxpoints_source_: 80000
[Open3D INFO] source size after voxel downsample: 0
[Open3D INFO] after prerpocess: 0
[WARN] [1773653764.485536174]: Localization skip: target(submap) is empty, keep last odom2map
[Open3D INFO] 

time_diff:56.2086 s, localization right now
[Open3D INFO] 
***
****
***


last map update loc: x: 3085.33, y: 1422.29, z-3035.61,
                now loc: x: 3093.08, y: 1437.34, z-3050.76, 3d distance: 22.7172, now needpdate submap
[INFO] [1773653764.584846044]: submap_cost: 7.954000 ms
[Open3D INFO] before sample, target size: 0, has normal: false
[Open3D INFO] after sample, target size: 0, has normal: false
[Open3D INFO] source size: 0, maxpoints_source_: 80000
[Open3D INFO] source size after voxel downsample: 0
[Open3D INFO] after prerpocess: 0
[Open3D INFO] 

time_diff:56.3051 s, localization right now
[Open3D INFO] 
***
****
***


last map update loc: x: 3093.08, y: 1437.34, z-3050.76,
                now loc: x: 3100.73, y: 1452.66, z-3065.86, 3d distance: 22.8279, now needpdate submap
[INFO] [1773653764.681509603]: submap_cost: 8.144000 ms
[Open3D INFO] before sample, target size: 0, has normal: false
[Open3D INFO] after sample, target size: 0, has normal: false
[Open3D INFO] source size: 0, maxpoints_source_: 80000
[Open3D INFO] source size after voxel downsample: 0
[Open3D INFO] after prerpocess: 0
[Open3D INFO] 

time_diff:56.4097 s, localization right now
[Open3D INFO] 
***
****
***


last map update loc: x: 3100.73, y: 1452.66, z-3065.86,
                now loc: x: 3108.47, y: 1467.91, z-3081.2, 3d distance: 22.9799, now needpdate submap
[INFO] [1773653764.786340131]: submap_cost: 8.265000 ms
[Open3D INFO] before sample, target size: 0, has normal: false
[Open3D INFO] after sample, target size: 0, has normal: false
[Open3D INFO] source size: 0, maxpoints_source_: 80000
[Open3D INFO] source size after voxel downsample: 0
[Open3D INFO] after prerpocess: 0
[Open3D INFO] 

time_diff:56.4917 s, localization right now
[Open3D INFO] 
***
****
***


last map update loc: x: 3108.47, y: 1467.91, z-3081.2,
                now loc: x: 3116.09, y: 1483.11, z-3096.6, 3d distance: 22.9371, now needpdate submap
[INFO] [1773653764.868075934]: submap_cost: 7.972000 ms
[Open3D INFO] before sample, target size: 0, has normal: false
[Open3D INFO] after sample, target size: 0, has normal: false
[Open3D INFO] source size: 0, maxpoints_source_: 80000
[Open3D INFO] source size after voxel downsample: 0
[Open3D INFO] after prerpocess: 0
[Open3D INFO] 

time_diff:56.5892 s, localization right now
[Open3D INFO] 
***
****
***


last map update loc: x: 3116.09, y: 1483.11, z-3096.6,
                now loc: x: 3123.78, y: 1498.68, z-3111.77, 3d distance: 23.0591, now needpdate submap
[INFO] [1773653764.966289038]: submap_cost: 8.170000 ms
[Open3D INFO] before sample, target size: 0, has normal: false
[Open3D INFO] after sample, target size: 0, has normal: false
[Open3D INFO] source size: 0, maxpoints_source_: 80000
[Open3D INFO] source size after voxel downsample: 0
[Open3D INFO] after prerpocess: 0
[Open3D INFO] 

time_diff:56.7026 s, localization right now
[Open3D INFO] 
***
****
***


last map update loc: x: 3123.78, y: 1498.68, z-3111.77,
                now loc: x: 3131.49, y: 1514.09, z-3127.08, 3d distance: 23.05, now needpdate submap
[INFO] [1773653765.078967198]: submap_cost: 7.962000 ms
[Open3D INFO] before sample, target size: 0, has normal: false
[Open3D INFO] after sample, target size: 0, has normal: false
[Open3D INFO] source size: 0, maxpoints_source_: 80000
[Open3D INFO] source size after voxel downsample: 0
[Open3D INFO] after prerpocess: 0
[Open3D INFO] 

time_diff:56.7977 s, localization right now
[Open3D INFO] 
***
****
***


last map update loc: x: 3131.49, y: 1514.09, z-3127.08,
                now loc: x: 3139.25, y: 1529.7, z-3142.4, 3d distance: 23.2067, now needpdate submap
[INFO] [1773653765.174030555]: submap_cost: 7.980000 ms
[Open3D INFO] before sample, target size: 0, has normal: false
[Open3D INFO] after sample, target size: 0, has normal: false
[Open3D INFO] source size: 0, maxpoints_source_: 80000
[Open3D INFO] source size after voxel downsample: 0
[Open3D INFO] after prerpocess: 0
[Open3D INFO] 

time_diff:56.8857 s, localization right now
[Open3D INFO] 
***
****
***


last map update loc: x: 3139.25, y: 1529.7, z-3142.4,
                now loc: x: 3147.1, y: 1544.92, z-3157.88, 3d distance: 23.0834, now needpdate submap
[INFO] [1773653765.262089149]: submap_cost: 8.110000 ms
[Open3D INFO] before sample, target size: 0, has normal: false
[Open3D INFO] after sample, target size: 0, has normal: false
[Open3D INFO] source size: 0, maxpoints_source_: 80000
[Open3D INFO] source size after voxel downsample: 0
[Open3D INFO] after prerpocess: 0
[Open3D INFO] 

time_diff:56.9766 s, localization right now
[Open3D INFO] 
***
****
***


last map update loc: x: 3147.1, y: 1544.92, z-3157.88,
                now loc: x: 3155.05, y: 1560.38, z-3173.07, 3d distance: 23.084, now needpdate submap
[INFO] [1773653765.352945834]: submap_cost: 7.991000 ms
[Open3D INFO] before sample, target size: 0, has normal: false
[Open3D INFO] after sample, target size: 0, has normal: false
[Open3D INFO] source size: 0, maxpoints_source_: 80000
[Open3D INFO] source size after voxel downsample: 0
[Open3D INFO] after prerpocess: 0
[Open3D INFO] 

time_diff:57.0889 s, localization right now
[Open3D INFO] 
***
****
***


last map update loc: x: 3155.05, y: 1560.38, z-3173.07,
                now loc: x: 3163.33, y: 1575.82, z-3188.49, 3d distance: 23.3388, now needpdate submap
[INFO] [1773653765.465364820]: submap_cost: 8.060000 ms
[Open3D INFO] before sample, target size: 0, has normal: false
[Open3D INFO] after sample, target size: 0, has normal: false
[Open3D INFO] source size: 0, maxpoints_source_: 80000
[Open3D INFO] source size after voxel downsample: 0
[Open3D INFO] after prerpocess: 0
[Open3D INFO] 

time_diff:57.198 s, localization right now
[Open3D INFO] 
***
****
***


last map update loc: x: 3163.33, y: 1575.82, z-3188.49,
                now loc: x: 3171.12, y: 1591.55, z-3203.88, 3d distance: 23.3523, now needpdate submap
[INFO] [1773653765.574477221]: submap_cost: 8.103000 ms
[Open3D INFO] before sample, target size: 0, has normal: false
[Open3D INFO] after sample, target size: 0, has normal: false
[Open3D INFO] source size: 0, maxpoints_source_: 80000
[Open3D INFO] source size after voxel downsample: 0
[Open3D INFO] after prerpocess: 0
[WARN] [1773653765.575764071]: Localization skip: target(submap) is empty, keep last odom2map
[Open3D INFO] 

time_diff:57.2896 s, localization right now
[Open3D INFO] 
***
****
***


last map update loc: x: 3171.12, y: 1591.55, z-3203.88,
                now loc: x: 3178.98, y: 1607.19, z-3219.3, 3d distance: 23.3248, now needpdate submap
[INFO] [1773653765.666145800]: submap_cost: 8.155000 ms
[Open3D INFO] before sample, target size: 0, has normal: false
[Open3D INFO] after sample, target size: 0, has normal: false
[Open3D INFO] source size: 0, maxpoints_source_: 80000
[Open3D INFO] source size after voxel downsample: 0
[Open3D INFO] after prerpocess: 0
[Open3D INFO] 

time_diff:57.4104 s, localization right now
[Open3D INFO] 
***
****
***


last map update loc: x: 3178.98, y: 1607.19, z-3219.3,
                now loc: x: 3186.88, y: 1622.98, z-3234.64, 3d distance: 23.3865, now needpdate submap
[INFO] [1773653765.787029938]: submap_cost: 8.206000 ms
[Open3D INFO] before sample, target size: 0, has normal: false
[Open3D INFO] after sample, target size: 0, has normal: false
[Open3D INFO] source size: 0, maxpoints_source_: 80000
[Open3D INFO] source size after voxel downsample: 0
[Open3D INFO] after prerpocess: 0
[Open3D INFO] 

time_diff:57.5016 s, localization right now
[Open3D INFO] 
***
****
***


last map update loc: x: 3186.88, y: 1622.98, z-3234.64,
                now loc: x: 3194.83, y: 1638.71, z-3249.98, 3d distance: 23.3667, now needpdate submap
[INFO] [1773653765.877871678]: submap_cost: 7.986000 ms
[Open3D INFO] before sample, target size: 0, has normal: false
[Open3D INFO] after sample, target size: 0, has normal: false
[Open3D INFO] source size: 0, maxpoints_source_: 80000
[Open3D INFO] source size after voxel downsample: 0
[Open3D INFO] after prerpocess: 0
[Open3D INFO] 

time_diff:57.5957 s, localization right now
[Open3D INFO] 
***
****
***


last map update loc: x: 3194.83, y: 1638.71, z-3249.98,
                now loc: x: 3203.04, y: 1654.75, z-3265.47, 3d distance: 23.7623, now needpdate submap
[INFO] [1773653765.972438126]: submap_cost: 8.199000 ms
[Open3D INFO] before sample, target size: 0, has normal: false
[Open3D INFO] after sample, target size: 0, has normal: false
[Open3D INFO] source size: 0, maxpoints_source_: 80000
[Open3D INFO] source size after voxel downsample: 0
[Open3D INFO] after prerpocess: 0
[Open3D INFO] 

time_diff:57.6958 s, localization right now
[Open3D INFO] 
***
****
***


last map update loc: x: 3203.04, y: 1654.75, z-3265.47,
                now loc: x: 3211.2, y: 1670.83, z-3280.86, 3d distance: 23.7051, now needpdate submap
[INFO] [1773653766.072115621]: submap_cost: 8.014000 ms
[Open3D INFO] before sample, target size: 0, has normal: false
[Open3D INFO] after sample, target size: 0, has normal: false
[Open3D INFO] source size: 0, maxpoints_source_: 80000
[Open3D INFO] source size after voxel downsample: 0
[Open3D INFO] after prerpocess: 0
[Open3D INFO] 

time_diff:57.8040 s, localization right now
[Open3D INFO] 
***
****
***


last map update loc: x: 3211.2, y: 1670.83, z-3280.86,
                now loc: x: 3219.04, y: 1686.98, z-3296.31, 3d distance: 23.6875, now needpdate submap
[INFO] [1773653766.180447042]: submap_cost: 8.128000 ms
[Open3D INFO] before sample, target size: 0, has normal: false
[Open3D INFO] after sample, target size: 0, has normal: false
[Open3D INFO] source size: 0, maxpoints_source_: 80000
[Open3D INFO] source size after voxel downsample: 0
[Open3D INFO] after prerpocess: 0
[Open3D INFO] 

time_diff:57.893 s, localization right now
[Open3D INFO] 
***
****
***


last map update loc: x: 3219.04, y: 1686.98, z-3296.31,
                now loc: x: 3226.99, y: 1703.09, z-3311.94, 3d distance: 23.8072, now needpdate submap
[INFO] [1773653766.269443421]: submap_cost: 8.081000 ms
[Open3D INFO] before sample, target size: 0, has normal: false
[Open3D INFO] after sample, target size: 0, has normal: false
[Open3D INFO] source size: 0, maxpoints_source_: 80000
[Open3D INFO] source size after voxel downsample: 0
[Open3D INFO] after prerpocess: 0
[Open3D INFO] 

time_diff:57.9831 s, localization right now
[Open3D INFO] 
***
****
***


last map update loc: x: 3226.99, y: 1703.09, z-3311.94,
                now loc: x: 3234.83, y: 1719.28, z-3327.5, 3d distance: 23.7954, now needpdate submap
[INFO] [1773653766.359596024]: submap_cost: 8.164000 ms
[Open3D INFO] before sample, target size: 0, has normal: false
[Open3D INFO] after sample, target size: 0, has normal: false
[Open3D INFO] source size: 0, maxpoints_source_: 80000
[Open3D INFO] source size after voxel downsample: 0
[Open3D INFO] after prerpocess: 0
[Open3D INFO] 

time_diff:58.0859 s, localization right now
[Open3D INFO] 
***
****
***


last map update loc: x: 3234.83, y: 1719.28, z-3327.5,
                now loc: x: 3242.81, y: 1735.45, z-3343.02, 3d distance: 23.785, now needpdate submap
[INFO] [1773653766.462480836]: submap_cost: 8.220000 ms
[Open3D INFO] before sample, target size: 0, has normal: false
[Open3D INFO] after sample, target size: 0, has normal: false
[Open3D INFO] source size: 0, maxpoints_source_: 80000
[Open3D INFO] source size after voxel downsample: 0
[Open3D INFO] after prerpocess: 0
[Open3D INFO] 

time_diff:58.1873 s, localization right now
[Open3D INFO] 
***
****
***


last map update loc: x: 3242.81, y: 1735.45, z-3343.02,
                now loc: x: 3250.79, y: 1751.56, z-3358.68, 3d distance: 23.8438, now needpdate submap
[INFO] [1773653766.563786598]: submap_cost: 8.136000 ms
[Open3D INFO] before sample, target size: 0, has normal: false
[Open3D INFO] after sample, target size: 0, has normal: false
[Open3D INFO] source size: 0, maxpoints_source_: 80000
[Open3D INFO] source size after voxel downsample: 0
[Open3D INFO] after prerpocess: 0
[Open3D INFO] 

time_diff:58.2818 s, localization right now
[Open3D INFO] 
***
****
***


last map update loc: x: 3250.79, y: 1751.56, z-3358.68,
                now loc: x: 3258.64, y: 1767.74, z-3374.47, 3d distance: 23.9317, now needpdate submap
[INFO] [1773653766.658381526]: submap_cost: 8.198000 ms
[Open3D INFO] before sample, target size: 0, has normal: false
[Open3D INFO] after sample, target size: 0, has normal: false
[Open3D INFO] source size: 0, maxpoints_source_: 80000
[Open3D INFO] source size after voxel downsample: 0
[Open3D INFO] after prerpocess: 0
[WARN] [1773653766.658899268]: Localization skip: target(submap) is empty, keep last odom2map
[Open3D INFO] 

time_diff:58.3843 s, localization right now
[Open3D INFO] 
***
****
***


last map update loc: x: 3258.64, y: 1767.74, z-3374.47,
                now loc: x: 3266.53, y: 1784.18, z-3390.12, 3d distance: 24.031, now needpdate submap
[INFO] [1773653766.760840631]: submap_cost: 8.201000 ms
[Open3D INFO] before sample, target size: 0, has normal: false
[Open3D INFO] after sample, target size: 0, has normal: false
[Open3D INFO] source size: 0, maxpoints_source_: 80000
[Open3D INFO] source size after voxel downsample: 0
[Open3D INFO] after prerpocess: 0
[Open3D INFO] 

time_diff:58.4947 s, localization right now
[Open3D INFO] 
***
****
***


last map update loc: x: 3266.53, y: 1784.18, z-3390.12,
                now loc: x: 3274.39, y: 1800.51, z-3405.9, 3d distance: 24.0253, now needpdate submap
[INFO] [1773653766.870920163]: submap_cost: 8.005000 ms
[Open3D INFO] before sample, target size: 0, has normal: false
[Open3D INFO] after sample, target size: 0, has normal: false
[Open3D INFO] source size: 0, maxpoints_source_: 80000
[Open3D INFO] source size after voxel downsample: 0
[Open3D INFO] after prerpocess: 0
[Open3D INFO] 

time_diff:58.6001 s, localization right now
[Open3D INFO] 
***
****
***


last map update loc: x: 3274.39, y: 1800.51, z-3405.9,
                now loc: x: 3282.44, y: 1816.87, z-3421.74, 3d distance: 24.1562, now needpdate submap
[INFO] [1773653766.976319474]: submap_cost: 7.971000 ms
[Open3D INFO] before sample, target size: 0, has normal: false
[Open3D INFO] after sample, target size: 0, has normal: false
[Open3D INFO] source size: 0, maxpoints_source_: 80000
[Open3D INFO] source size after voxel downsample: 0
[Open3D INFO] after prerpocess: 0
[Open3D INFO] 

time_diff:58.6915 s, localization right now
[Open3D INFO] 
***
****
***


last map update loc: x: 3282.44, y: 1816.87, z-3421.74,
                now loc: x: 3290.22, y: 1833.37, z-3437.68, 3d distance: 24.2228, now needpdate submap
[INFO] [1773653767.067796719]: submap_cost: 8.021000 ms
[Open3D INFO] before sample, target size: 0, has normal: false
[Open3D INFO] after sample, target size: 0, has normal: false
[Open3D INFO] source size: 0, maxpoints_source_: 80000
[Open3D INFO] source size after voxel downsample: 0
[Open3D INFO] after prerpocess: 0
[Open3D INFO] 

time_diff:58.7832 s, localization right now
[Open3D INFO] 
***
****
***


last map update loc: x: 3290.22, y: 1833.37, z-3437.68,
                now loc: x: 3297.88, y: 1849.79, z-3453.53, 3d distance: 24.0736, now needpdate submap
[INFO] [1773653767.159467346]: submap_cost: 8.012000 ms
[Open3D INFO] before sample, target size: 0, has normal: false
[Open3D INFO] after sample, target size: 0, has normal: false
[Open3D INFO] source size: 0, maxpoints_source_: 80000
[Open3D INFO] source size after voxel downsample: 0
[Open3D INFO] after prerpocess: 0
[Open3D INFO] 

time_diff:58.8962 s, localization right now
[Open3D INFO] 
***
****
***


last map update loc: x: 3297.88, y: 1849.79, z-3453.53,
                now loc: x: 3305.91, y: 1866.39, z-3469.61, 3d distance: 24.4689, now needpdate submap
[INFO] [1773653767.272610158]: submap_cost: 8.178000 ms
[Open3D INFO] before sample, target size: 0, has normal: false
[Open3D INFO] after sample, target size: 0, has normal: false
[Open3D INFO] source size: 0, maxpoints_source_: 80000
[Open3D INFO] source size after voxel downsample: 0
[Open3D INFO] after prerpocess: 0
[Open3D INFO] 

time_diff:58.9976 s, localization right now
[Open3D INFO] 
***
****
***


last map update loc: x: 3305.91, y: 1866.39, z-3469.61,
                now loc: x: 3313.71, y: 1882.96, z-3485.55, 3d distance: 24.2824, now needpdate submap
[INFO] [1773653767.374594339]: submap_cost: 8.099000 ms
[Open3D INFO] before sample, target size: 0, has normal: false
[Open3D INFO] after sample, target size: 0, has normal: false
[Open3D INFO] source size: 0, maxpoints_source_: 80000
[Open3D INFO] source size after voxel downsample: 0
[Open3D INFO] after prerpocess: 0
[Open3D INFO] 

time_diff:59.0895 s, localization right now
[Open3D INFO] 
***
****
***


last map update loc: x: 3313.71, y: 1882.96, z-3485.55,
                now loc: x: 3321.0, y: 1899.69, z-3501.82, 3d distance: 24.4427, now needpdate submap
[INFO] [1773653767.466035871]: submap_cost: 8.129000 ms
[Open3D INFO] before sample, target size: 0, has normal: false
[Open3D INFO] after sample, target size: 0, has normal: false
[Open3D INFO] source size: 0, maxpoints_source_: 80000
[Open3D INFO] source size after voxel downsample: 0
[Open3D INFO] after prerpocess: 0
[Open3D INFO] 

time_diff:59.1773 s, localization right now
[Open3D INFO] 
***
****
***


last map update loc: x: 3321.0, y: 1899.69, z-3501.82,
                now loc: x: 3328.66, y: 1916.52, z-3518.07, 3d distance: 24.6171, now needpdate submap
[INFO] [1773653767.553739032]: submap_cost: 8.122000 ms
[Open3D INFO] before sample, target size: 0, has normal: false
[Open3D INFO] after sample, target size: 0, has normal: false
[Open3D INFO] source size: 0, maxpoints_source_: 80000
[Open3D INFO] source size after voxel downsample: 0
[Open3D INFO] after prerpocess: 0
[Open3D INFO] 

time_diff:59.2775 s, localization right now
[Open3D INFO] 
***
****
***


last map update loc: x: 3328.66, y: 1916.52, z-3518.07,
                now loc: x: 3335.98, y: 1933.42, z-3534.16, 3d distance: 24.4573, now needpdate submap
[INFO] [1773653767.653964830]: submap_cost: 8.110000 ms
[Open3D INFO] before sample, target size: 0, has normal: false
[Open3D INFO] after sample, target size: 0, has normal: false
[Open3D INFO] source size: 0, maxpoints_source_: 80000
[Open3D INFO] source size after voxel downsample: 0
[Open3D INFO] after prerpocess: 0
[Open3D INFO] 

time_diff:59.3773 s, localization right now
[Open3D INFO] 
***
****
***


last map update loc: x: 3335.98, y: 1933.42, z-3534.16,
                now loc: x: 3343.43, y: 1950.23, z-3550.34, 3d distance: 24.4975, now needpdate submap
[INFO] [1773653767.753601300]: submap_cost: 7.977000 ms
[Open3D INFO] before sample, target size: 0, has normal: false
[Open3D INFO] after sample, target size: 0, has normal: false
[Open3D INFO] source size: 0, maxpoints_source_: 80000
[Open3D INFO] source size after voxel downsample: 0
[Open3D INFO] after prerpocess: 0
[WARN] [1773653767.753941597]: Localization skip: target(submap) is empty, keep last odom2map
[Open3D INFO] 

time_diff:59.4768 s, localization right now
[Open3D INFO] 
***
****
***


last map update loc: x: 3343.43, y: 1950.23, z-3550.34,
                now loc: x: 3350.83, y: 1967.33, z-3566.46, 3d distance: 24.6334, now needpdate submap
[INFO] [1773653767.853098726]: submap_cost: 8.011000 ms
[Open3D INFO] before sample, target size: 0, has normal: false
[Open3D INFO] after sample, target size: 0, has normal: false
[Open3D INFO] source size: 0, maxpoints_source_: 80000
[Open3D INFO] source size after voxel downsample: 0
[Open3D INFO] after prerpocess: 0
[Open3D INFO] 

time_diff:59.5759 s, localization right now
[Open3D INFO] 
***
****
***


last map update loc: x: 3350.83, y: 1967.33, z-3566.46,
                now loc: x: 3358.22, y: 1984.33, z-3582.65, 3d distance: 24.6117, now needpdate submap
[INFO] [1773653767.952267216]: submap_cost: 8.053000 ms
[Open3D INFO] before sample, target size: 0, has normal: false
[Open3D INFO] after sample, target size: 0, has normal: false
[Open3D INFO] source size: 0, maxpoints_source_: 80000
[Open3D INFO] source size after voxel downsample: 0
[Open3D INFO] after prerpocess: 0
[Open3D INFO] 

time_diff:59.6819 s, localization right now
[Open3D INFO] 
***
****
***


last map update loc: x: 3358.22, y: 1984.33, z-3582.65,
                now loc: x: 3365.48, y: 2001.23, z-3598.97, 3d distance: 24.588, now needpdate submap
[INFO] [1773653768.058142860]: submap_cost: 8.021000 ms
[Open3D INFO] before sample, target size: 0, has normal: false
[Open3D INFO] after sample, target size: 0, has normal: false
[Open3D INFO] source size: 0, maxpoints_source_: 80000
[Open3D INFO] source size after voxel downsample: 0
[Open3D INFO] after prerpocess: 0
[Open3D INFO] 

time_diff:59.7858 s, localization right now
[Open3D INFO] 
***
****
***


last map update loc: x: 3365.48, y: 2001.23, z-3598.97,
                now loc: x: 3372.52, y: 2018.19, z-3615.29, 3d distance: 24.5747, now needpdate submap
[INFO] [1773653768.162118837]: submap_cost: 8.069000 ms
[Open3D INFO] before sample, target size: 0, has normal: false
[Open3D INFO] after sample, target size: 0, has normal: false
[Open3D INFO] source size: 0, maxpoints_source_: 80000
[Open3D INFO] source size after voxel downsample: 0
[Open3D INFO] after prerpocess: 0
[Open3D INFO] 

time_diff:59.8805 s, localization right now
[Open3D INFO] 
***
****
***


last map update loc: x: 3372.52, y: 2018.19, z-3615.29,
                now loc: x: 3379.65, y: 2035.36, z-3631.49, 3d distance: 24.6523, now needpdate submap
[INFO] [1773653768.256791079]: submap_cost: 7.982000 ms
[Open3D INFO] before sample, target size: 0, has normal: false
[Open3D INFO] after sample, target size: 0, has normal: false
[Open3D INFO] source size: 0, maxpoints_source_: 80000
[Open3D INFO] source size after voxel downsample: 0
[Open3D INFO] after prerpocess: 0
[Open3D INFO] 

time_diff:59.9931 s, localization right now
[Open3D INFO] 
***
****
***


last map update loc: x: 3379.65, y: 2035.36, z-3631.49,
                now loc: x: 3386.6, y: 2052.61, z-3647.6, 3d distance: 24.6012, now needpdate submap
[INFO] [1773653768.369748383]: submap_cost: 8.151000 ms
[Open3D INFO] before sample, target size: 0, has normal: false
[Open3D INFO] after sample, target size: 0, has normal: false
[Open3D INFO] source size: 0, maxpoints_source_: 80000
[Open3D INFO] source size after voxel downsample: 0
[Open3D INFO] after prerpocess: 0
[Open3D INFO] 

time_diff:60.077 s, localization right now
[Open3D INFO] 
***
****
***


last map update loc: x: 3386.6, y: 2052.61, z-3647.6,
                now loc: x: 3393.66, y: 2069.76, z-3663.65, 3d distance: 24.5285, now needpdate submap
[INFO] [1773653768.453430285]: submap_cost: 8.109000 ms
[Open3D INFO] before sample, target size: 0, has normal: false
[Open3D INFO] after sample, target size: 0, has normal: false
[Open3D INFO] source size: 0, maxpoints_source_: 80000
[Open3D INFO] source size after voxel downsample: 0
[Open3D INFO] after prerpocess: 0
[Open3D INFO] 

time_diff:60.1841 s, localization right now
[Open3D INFO] 
***
****
***


last map update loc: x: 3393.66, y: 2069.76, z-3663.65,
                now loc: x: 3400.52, y: 2087.22, z-3679.94, 3d distance: 24.8454, now needpdate submap
[INFO] [1773653768.560633260]: submap_cost: 8.138000 ms
[Open3D INFO] before sample, target size: 0, has normal: false
[Open3D INFO] after sample, target size: 0, has normal: false
[Open3D INFO] source size: 0, maxpoints_source_: 80000
[Open3D INFO] source size after voxel downsample: 0
[Open3D INFO] after prerpocess: 0
[Open3D INFO] 

time_diff:60.2831 s, localization right now
[Open3D INFO] 
***
****
***


last map update loc: x: 3400.52, y: 2087.22, z-3679.94,
                now loc: x: 3407.5, y: 2104.43, z-3696.12, 3d distance: 24.6327, now needpdate submap
[INFO] [1773653768.659535311]: submap_cost: 8.153000 ms
[Open3D INFO] before sample, target size: 0, has normal: false
[Open3D INFO] after sample, target size: 0, has normal: false
[Open3D INFO] source size: 0, maxpoints_source_: 80000
[Open3D INFO] source size after voxel downsample: 0
[Open3D INFO] after prerpocess: 0
[Open3D INFO] 

time_diff:60.3875 s, localization right now
[Open3D INFO] 
***
****
***


last map update loc: x: 3407.5, y: 2104.43, z-3696.12,
                now loc: x: 3414.31, y: 2121.45, z-3712.24, 3d distance: 24.4121, now needpdate submap
[INFO] [1773653768.763929347]: submap_cost: 8.131000 ms
[Open3D INFO] before sample, target size: 0, has normal: false
[Open3D INFO] after sample, target size: 0, has normal: false
[Open3D INFO] source size: 0, maxpoints_source_: 80000
[Open3D INFO] source size after voxel downsample: 0
[Open3D INFO] after prerpocess: 0
[WARN] [1773653768.764267756]: Localization skip: target(submap) is empty, keep last odom2map
[Open3D INFO] 

time_diff:60.4802 s, localization right now
[Open3D INFO] 
***
****
***


last map update loc: x: 3414.31, y: 2121.45, z-3712.24,
                now loc: x: 3421.12, y: 2138.93, z-3728.49, 3d distance: 24.8187, now needpdate submap
[INFO] [1773653768.856523678]: submap_cost: 8.029000 ms
[Open3D INFO] before sample, target size: 0, has normal: false
[Open3D INFO] after sample, target size: 0, has normal: false
[Open3D INFO] source size: 0, maxpoints_source_: 80000
[Open3D INFO] source size after voxel downsample: 0
[Open3D INFO] after prerpocess: 0
[Open3D INFO] 

time_diff:60.5948 s, localization right now
[Open3D INFO] 
***
****
***


last map update loc: x: 3421.12, y: 2138.93, z-3728.49,
                now loc: x: 3427.93, y: 2156.15, z-3744.66, 3d distance: 24.588, now needpdate submap
[INFO] [1773653768.971106369]: submap_cost: 8.079000 ms
[Open3D INFO] before sample, target size: 0, has normal: false
[Open3D INFO] after sample, target size: 0, has normal: false
[Open3D INFO] source size: 0, maxpoints_source_: 80000
[Open3D INFO] source size after voxel downsample: 0
[Open3D INFO] after prerpocess: 0
[Open3D INFO] 

time_diff:60.6813 s, localization right now
[Open3D INFO] 
***
****
***


last map update loc: x: 3427.93, y: 2156.15, z-3744.66,
                now loc: x: 3434.92, y: 2173.36, z-3760.63, 3d distance: 24.4944, now needpdate submap
[INFO] [1773653769.057548089]: submap_cost: 8.010000 ms
[Open3D INFO] before sample, target size: 0, has normal: false
[Open3D INFO] after sample, target size: 0, has normal: false
[Open3D INFO] source size: 0, maxpoints_source_: 80000
[Open3D INFO] source size after voxel downsample: 0
[Open3D INFO] after prerpocess: 0
[Open3D INFO] 

time_diff:60.7836 s, localization right now
[Open3D INFO] 
***
****
***


last map update loc: x: 3434.92, y: 2173.36, z-3760.63,
                now loc: x: 3441.69, y: 2190.62, z-3776.92, 3d distance: 24.681, now needpdate submap
[INFO] [1773653769.159876278]: submap_cost: 8.026000 ms
[Open3D INFO] before sample, target size: 0, has normal: false
[Open3D INFO] after sample, target size: 0, has normal: false
[Open3D INFO] source size: 0, maxpoints_source_: 80000
[Open3D INFO] source size after voxel downsample: 0
[Open3D INFO] after prerpocess: 0
[Open3D INFO] 

time_diff:60.8798 s, localization right now
[Open3D INFO] 
***
****
***


last map update loc: x: 3441.69, y: 2190.62, z-3776.92,
                now loc: x: 3448.44, y: 2207.92, z-3792.96, 3d distance: 24.5404, now needpdate submap
[INFO] [1773653769.256111378]: submap_cost: 8.015000 ms
[Open3D INFO] before sample, target size: 0, has normal: false
[Open3D INFO] after sample, target size: 0, has normal: false
[Open3D INFO] source size: 0, maxpoints_source_: 80000
[Open3D INFO] source size after voxel downsample: 0
[Open3D INFO] after prerpocess: 0
[Open3D INFO] 

time_diff:60.9808 s, localization right now
[Open3D INFO] 
***
****
***


last map update loc: x: 3448.44, y: 2207.92, z-3792.96,
                now loc: x: 3455.0, y: 2225.05, z-3809.13, 3d distance: 24.4529, now needpdate submap
[INFO] [1773653769.357261872]: submap_cost: 8.106000 ms
[Open3D INFO] before sample, target size: 0, has normal: false
[Open3D INFO] after sample, target size: 0, has normal: false
[Open3D INFO] source size: 0, maxpoints_source_: 80000
[Open3D INFO] source size after voxel downsample: 0
[Open3D INFO] after prerpocess: 0
[Open3D INFO] 

time_diff:61.0831 s, localization right now
[Open3D INFO] 
***
****
***


last map update loc: x: 3455.0, y: 2225.05, z-3809.13,
                now loc: x: 3461.73, y: 2242.3, z-3825.23, 3d distance: 24.5311, now needpdate submap
[INFO] [1773653769.459618862]: submap_cost: 8.174000 ms
[Open3D INFO] before sample, target size: 0, has normal: false
[Open3D INFO] after sample, target size: 0, has normal: false
[Open3D INFO] source size: 0, maxpoints_source_: 80000
[Open3D INFO] source size after voxel downsample: 0
[Open3D INFO] after prerpocess: 0
[Open3D INFO] 

time_diff:61.1803 s, localization right now
[Open3D INFO] 
***
****
***


last map update loc: x: 3461.73, y: 2242.3, z-3825.23,
                now loc: x: 3468.42, y: 2259.66, z-3841.22, 3d distance: 24.5337, now needpdate submap
[INFO] [1773653769.556826244]: submap_cost: 8.186000 ms
[Open3D INFO] before sample, target size: 0, has normal: false
[Open3D INFO] after sample, target size: 0, has normal: false
[Open3D INFO] source size: 0, maxpoints_source_: 80000
[Open3D INFO] source size after voxel downsample: 0
[Open3D INFO] after prerpocess: 0
[Open3D INFO] 

time_diff:61.276 s, localization right now
[Open3D INFO] 
***
****
***


last map update loc: x: 3468.42, y: 2259.66, z-3841.22,
                now loc: x: 3475.01, y: 2276.9, z-3857.35, 3d distance: 24.511, now needpdate submap
[INFO] [1773653769.652508785]: submap_cost: 8.146000 ms
[Open3D INFO] before sample, target size: 0, has normal: false
[Open3D INFO] after sample, target size: 0, has normal: false
[Open3D INFO] source size: 0, maxpoints_source_: 80000
[Open3D INFO] source size after voxel downsample: 0
[Open3D INFO] after prerpocess: 0
[Open3D INFO] 

time_diff:61.372 s, localization right now
[Open3D INFO] 
***
****
***


last map update loc: x: 3475.01, y: 2276.9, z-3857.35,
                now loc: x: 3481.59, y: 2294.04, z-3873.33, 3d distance: 24.3386, now needpdate submap
[INFO] [1773653769.748467525]: submap_cost: 8.118000 ms
[Open3D INFO] before sample, target size: 0, has normal: false
[Open3D INFO] after sample, target size: 0, has normal: false
[Open3D INFO] source size: 0, maxpoints_source_: 80000
[Open3D INFO] source size after voxel downsample: 0
[Open3D INFO] after prerpocess: 0
[Open3D INFO] 

time_diff:61.4808 s, localization right now
[Open3D INFO] 
***
****
***


last map update loc: x: 3481.59, y: 2294.04, z-3873.33,
                now loc: x: 3488.4, y: 2311.22, z-3889.62, 3d distance: 24.6358, now needpdate submap
[INFO] [1773653769.857143915]: submap_cost: 7.983000 ms
[Open3D INFO] before sample, target size: 0, has normal: false
[Open3D INFO] after sample, target size: 0, has normal: false
[Open3D INFO] source size: 0, maxpoints_source_: 80000
[Open3D INFO] source size after voxel downsample: 0
[Open3D INFO] after prerpocess: 0
[WARN] [1773653769.857492181]: Localization skip: target(submap) is empty, keep last odom2map
[Open3D INFO] 

time_diff:61.5737 s, localization right now
[Open3D INFO] 
***
****
***


last map update loc: x: 3488.4, y: 2311.22, z-3889.62,
                now loc: x: 3495.02, y: 2328.49, z-3905.68, 3d distance: 24.4993, now needpdate submap
[INFO] [1773653769.949959852]: submap_cost: 8.003000 ms
[Open3D INFO] before sample, target size: 0, has normal: false
[Open3D INFO] after sample, target size: 0, has normal: false
[Open3D INFO] source size: 0, maxpoints_source_: 80000
[Open3D INFO] source size after voxel downsample: 0
[Open3D INFO] after prerpocess: 0
[Open3D INFO] 

time_diff:61.6751 s, localization right now
[Open3D INFO] 
***
****
***


last map update loc: x: 3495.02, y: 2328.49, z-3905.68,
                now loc: x: 3501.54, y: 2345.8, z-3921.82, 3d distance: 24.5502, now needpdate submap
[INFO] [1773653770.051408146]: submap_cost: 8.034000 ms
[Open3D INFO] before sample, target size: 0, has normal: false
[Open3D INFO] after sample, target size: 0, has normal: false
[Open3D INFO] source size: 0, maxpoints_source_: 80000
[Open3D INFO] source size after voxel downsample: 0
[Open3D INFO] after prerpocess: 0
                                                                                                                                                                                                                                                                                                                                                                                                                                                                                                                                                                                                                                                                                                                                                                                                                                                                                                                      